# Temperature_scaled  Cv
0.835118 5.586974529392527123e-12
0.843428 5.477426212105141873e-12
0.851737 5.371068840980316574e-12
0.860047 5.267779426571523679e-12
0.868357 5.167441098425520946e-12
0.876667 5.069942523557857400e-12
0.884977 4.975177523598280248e-12
0.893287 4.883044838163382420e-12
0.901596 4.793447893899943988e-12
0.909906 4.706294502853457171e-12
0.918216 4.621496573199519107e-12
0.926526 4.538969986139972081e-12
0.934836 4.458634364991357792e-12
0.943146 4.380412827884887228e-12
0.951455 4.304231832507836138e-12
0.959765 4.230021003477958792e-12
0.968075 4.157713020304269935e-12
0.976385 4.087243358537938336e-12
0.984695 4.018550232676919686e-12
0.993005 3.951574428435248796e-12
1.00131 3.886259157733112382e-12
1.00962 3.822550006482773297e-12
1.01793 3.760394714984580544e-12
1.02624 3.699743178970866354e-12
1.03455 3.640547278587659945e-12
1.04286 3.582760787233907572e-12
1.05117 3.526339330588740908e-12
1.05948 3.471240238452486556e-12
1.06779 3.417422523199206033e-12
1.0761 3.364846745304987353e-12
1.08441 3.313474995883457401e-12
1.09272 3.263270767169734779e-12
1.10103 3.214198963216325065e-12
1.10934 3.166225792441895575e-12
1.11765 3.119318672103676889e-12
1.12596 3.073446273755289336e-12
1.13427 3.028578377423826882e-12
1.14258 2.984685855999301780e-12
1.15089 2.941740668128858977e-12
1.1592 2.899715725151765876e-12
1.16751 2.858584931858458733e-12
1.17582 2.818323090352333036e-12
1.18413 2.778905904995973370e-12
1.19244 2.740309917311530306e-12
1.20075 2.702512449056176585e-12
1.20906 2.665491647474237047e-12
1.21737 2.629226368826045908e-12
1.22568 2.593696197603832221e-12
1.23399 2.558881403299625582e-12
1.2423 2.524762901561860678e-12
1.25061 2.491322245767099526e-12
1.25892 2.458541601694167129e-12
1.26723 2.426403712362045381e-12
1.27554 2.394891897399085653e-12
1.28385 2.363989992792308728e-12
1.29216 2.333682336874213173e-12
1.30047 2.303953800268093624e-12
1.30878 2.274789754513589874e-12
1.31709 2.246175960961642494e-12
1.3254 2.218098673550758213e-12
1.33371 2.190544579543815680e-12
1.34202 2.163500724472069982e-12
1.35033 2.136954626178858329e-12
1.35864 2.110894124928217508e-12
1.36695 2.085307436113637076e-12
1.37526 2.060183177010785624e-12
1.38357 2.035510249708802355e-12
1.39188 2.011277902175801957e-12
1.40019 1.987475712606990519e-12
1.4085 1.964093571548428556e-12
1.41681 1.941121641468046638e-12
1.42512 1.918550368115021901e-12
1.43343 1.896370525205187873e-12
1.44174 1.874573094276231997e-12
1.45005 1.853149320480191074e-12
1.45836 1.832090736684036150e-12
1.46667 1.811389073454831352e-12
1.47498 1.791036312871024737e-12
1.48329 1.771024658252233407e-12
1.49159 1.751346534784653851e-12
1.4999 1.731994571580306696e-12
1.50821 1.712961587305660126e-12
1.51652 1.694240630333804999e-12
1.52483 1.675824907215818615e-12
1.53314 1.657707808275308874e-12
1.54145 1.639882928935703492e-12
1.54976 1.622344001263350383e-12
1.55807 1.605084958256941606e-12
1.56638 1.588099873947804851e-12
1.57469 1.571382968854456808e-12
1.583 1.554928626726429874e-12
1.59131 1.538731400820819085e-12
1.59962 1.522785939116577988e-12
1.60793 1.507087039276785874e-12
1.61624 1.491629675358859657e-12
1.62455 1.476408911219115007e-12
1.63286 1.461419927267053667e-12
1.64117 1.446658052087395630e-12
1.64948 1.432118716322027425e-12
1.65779 1.417797473481953367e-12
1.6661 1.403689987623048208e-12
1.67441 1.389792004861831822e-12
1.68272 1.376099415911589536e-12
1.69103 1.362608195453344367e-12
1.69934 1.349314397966109032e-12
1.70765 1.336214204220446757e-12
1.71596 1.323303873034708975e-12
1.72427 1.310579743257751309e-12
1.73258 1.298038257160598015e-12
1.74089 1.285675945522910900e-12
1.7492 1.273489394253443318e-12
1.75751 1.261475294809797596e-12
1.76582 1.249630402987962798e-12
1.77413 1.237951561686826007e-12
1.78244 1.226435687147219290e-12
1.79075 1.215079755899199860e-12
1.79906 1.203880819672630292e-12
1.80737 1.192835987003063876e-12
1.81568 1.181942473669182237e-12
1.82399 1.171197499907379872e-12
1.8323 1.160598379046497070e-12
1.84061 1.150142500543448387e-12
1.84892 1.139827277704197455e-12
1.85723 1.129650198875964998e-12
1.86554 1.119608828522286752e-12
1.87385 1.109700741120354697e-12
1.88216 1.099923601451844026e-12
1.89047 1.090275112152847161e-12
1.89878 1.080753003156367867e-12
1.90709 1.071355131753610223e-12
1.9154 1.062079288551470804e-12
1.92371 1.052923388897579258e-12
1.93202 1.043885383161590028e-12
1.94033 1.034963246619399596e-12
1.94864 1.026155010151961489e-12
1.95695 1.017458746319148535e-12
1.96526 1.008872562207085961e-12
1.97357 1.000394604707816436e-12
1.98188 9.920230745101566121e-13
1.99019 9.837561739602592680e-13
1.99849 9.755921842761464994e-13
2.0068 9.675294161187993446e-13
2.01511 9.595661799643801163e-13
2.02342 9.517008413313262681e-13
2.03173 9.439318162461475477e-13
2.04004 9.362575470956415312e-13
2.04835 9.286764824340589893e-13
2.05666 9.211871190041455770e-13
2.06497 9.137880085894783608e-13
2.07328 9.064776686279153895e-13
2.08159 8.992547063421749215e-13
2.0899 8.921177401514990251e-13
2.09821 8.850653916412948295e-13
2.10652 8.780963336376863903e-13
2.11483 8.712092833576411250e-13
2.12314 8.644029383825189265e-13
2.13145 8.576760322467838066e-13
2.13976 8.510273617297097154e-13
2.14807 8.444556852577610016e-13
2.15638 8.379598462990736894e-13
2.16469 8.315386724587917542e-13
2.173 8.251910188199525229e-13
2.18131 8.189157820888998760e-13
2.18962 8.127118526799651547e-13
2.19793 8.065781445206825420e-13
2.20624 8.005136186763460467e-13
2.21455 7.945172386679544396e-13
2.22286 7.885879802042713641e-13
2.23117 7.827248523067523681e-13
2.23948 7.769268681807976661e-13
2.24779 7.711930639782683056e-13
2.2561 7.655225028488395977e-13
2.26441 7.599142627273400467e-13
2.27272 7.543674064059048277e-13
2.28103 7.488810796521744836e-13
2.28934 7.434543848692753876e-13
2.29765 7.380864609591935639e-13
2.30596 7.327764711697433225e-13
2.31427 7.275235672636311139e-13
2.32258 7.223269512687493227e-13
2.33089 7.171858088791072430e-13
2.3392 7.120993683436884228e-13
2.34751 7.070668436061829888e-13
2.35582 7.020874753168076974e-13
2.36413 6.971605237684416944e-13
2.37244 6.922852579347751170e-13
2.38075 6.874609574257710296e-13
2.38906 6.826868957891233139e-13
2.39737 6.779623941667484152e-13
2.40568 6.732867770950171678e-13
2.41399 6.686593543611712721e-13
2.4223 6.640794818782419961e-13
2.43061 6.595465024656369385e-13
2.43892 6.550597721810211901e-13
2.44723 6.506186678884890165e-13
2.45554 6.462225808439561241e-13
2.46385 6.418708891936527866e-13
2.47216 6.375630125044548642e-13
2.48047 6.332983626681956477e-13
2.48878 6.290763537931127270e-13
2.49709 6.248964324781565687e-13
2.5054 6.207580280874931805e-13
2.5137 6.166606000331297980e-13
2.52201 6.126036035842386145e-13
2.53032 6.085865177092833430e-13
2.53863 6.046088078724475259e-13
2.54694 6.006699755998773881e-13
2.55525 5.967695015103551640e-13
2.56356 5.929068998543966966e-13
2.57187 5.890816854912549053e-13
2.58018 5.852933598188003152e-13
2.58849 5.815414622746464965e-13
2.5968 5.778255290570129477e-13
2.60511 5.741451054681621878e-13
2.61342 5.704997164077031756e-13
2.62173 5.668889390678261508e-13
2.63004 5.633123468991391857e-13
2.63835 5.597694895109270145e-13
2.64666 5.562599506623133444e-13
2.65497 5.527833038461623332e-13
2.66328 5.493391525359613493e-13
2.67159 5.459270996383764870e-13
2.6799 5.425467377487202252e-13
2.68821 5.391976756186988222e-13
2.69652 5.358795183018077144e-13
2.70483 5.325919027526185187e-13
2.71314 5.293344425324132288e-13
2.72145 5.261067731111057306e-13
2.72976 5.229085449514620762e-13
2.73807 5.197393979892501706e-13
2.74638 5.165989620152778629e-13
2.75469 5.134869036033570696e-13
2.763 5.104028942211855640e-13
2.77131 5.073465794770267089e-13
2.77962 5.043176317725955470e-13
2.78793 5.013157283570485837e-13
2.79624 4.983405452165318390e-13
2.80455 4.953917751347011800e-13
2.81286 4.924691004630460601e-13
2.82117 4.895722082772146678e-13
2.82948 4.867008079445565252e-13
2.83779 4.838545925051813583e-13
2.8461 4.810332711813816839e-13
2.85441 4.782365631778131446e-13
2.86272 4.754641572057040544e-13
2.87103 4.727158038463539299e-13
2.87934 4.699912058665790561e-13
2.88765 4.672900958969129231e-13
2.89596 4.646122075412014083e-13
2.90427 4.619572670156195733e-13
2.91258 4.593250294958044586e-13
2.92089 4.567152176045634272e-13
2.9292 4.541275772732727826e-13
2.93751 4.515618825867997237e-13
2.94582 4.490178644641553765e-13
2.95413 4.464952793781979811e-13
2.96244 4.439938898960194522e-13
2.97075 4.415134618780805238e-13
2.97906 4.390537723850502373e-13
2.98737 4.366145856507292107e-13
2.99568 4.341956665942312423e-13
3.00399 4.317967677870791101e-13
3.0123 4.294177128893250904e-13
3.0206 4.270582785724076403e-13
3.02891 4.247182240725306720e-13
3.03722 4.223973453175857974e-13
3.04553 4.200954485704050589e-13
3.05384 4.178123072449559359e-13
3.06215 4.155477356670915448e-13
3.07046 4.133015255466191017e-13
3.07877 4.110734689766851688e-13
3.08708 4.088633930531056117e-13
3.09539 4.066710852217859066e-13
3.1037 4.044963628234661043e-13
3.11201 4.023390504392586911e-13
3.12032 4.001989410197295842e-13
3.12863 3.980758593094306782e-13
3.13694 3.959696275265106086e-13
3.14525 3.938800654538419943e-13
3.15356 3.918070047375438830e-13
3.16187 3.897502673977716271e-13
3.17018 3.877096895390898167e-13
3.17849 3.856850907003303738e-13
3.1868 3.836763021380202740e-13
3.19511 3.816831757748254521e-13
3.20342 3.797055331937141933e-13
3.21173 3.777432212405260714e-13
3.22004 3.757960932245295183e-13
3.22835 3.738639703553867744e-13
3.23666 3.719467010399272442e-13
3.24497 3.700441557365251433e-13
3.25328 3.681561752296853285e-13
3.26159 3.662825979700190746e-13
3.2699 3.644232865872754680e-13
3.27821 3.625780966163463860e-13
3.28652 3.607468941383726338e-13
3.29483 3.589295316682915622e-13
3.30314 3.571258485126493794e-13
3.31145 3.553357355543870793e-13
3.31976 3.535590484995692583e-13
3.32807 3.517956619292452720e-13
3.33638 3.500454307623145217e-13
3.34469 3.483082160232387318e-13
3.353 3.465839119429330458e-13
3.36131 3.448723888718299105e-13
3.36962 3.431734980295831217e-13
3.37793 3.414871380429871282e-13
3.38624 3.398131736954710539e-13
3.39455 3.381514960417964622e-13
3.40286 3.365019648314853998e-13
3.41117 3.348644882233280608e-13
3.41948 3.332389188989891765e-13
3.42779 3.316251556430586009e-13
3.4361 3.300231163138155432e-13
3.44441 3.284326401195170208e-13
3.45272 3.268536258403133550e-13
3.46103 3.252859694659336207e-13
3.46934 3.237295662308516644e-13
3.47765 3.221843242763662231e-13
3.48596 3.206501081479704721e-13
3.49427 3.191268227871077442e-13
3.50258 3.176143703528898250e-13
3.51089 3.161126369232501464e-13
3.5192 3.146215328216774968e-13
3.52751 3.131409542035544711e-13
3.53581 3.116708041216003518e-13
3.54412 3.102109811252735521e-13
3.55243 3.087613999061037817e-13
3.56074 3.073219463496412151e-13
3.56905 3.058925355329228746e-13
3.57736 3.044730779323295959e-13
3.58567 3.030634740435737392e-13
3.59398 3.016636365027631690e-13
3.60229 3.002734807421923196e-13
3.6106 2.988929014486319148e-13
3.61891 2.975218359913844031e-13
3.62722 2.961601739491185511e-13
3.63553 2.948078330505099565e-13
3.64384 2.934647549967784708e-13
3.65215 2.921308113382745622e-13
3.66046 2.908059492096826778e-13
3.66877 2.894900863930330793e-13
3.67708 2.881831206953537346e-13
3.68539 2.868849963021818102e-13
3.6937 2.855956302414194639e-13
3.70201 2.843149129978769367e-13
3.71032 2.830428049236529735e-13
3.71863 2.817792290896536437e-13
3.72694 2.805240822936763400e-13
3.73525 2.792772997997045093e-13
3.74356 2.780388242441002762e-13
3.75187 2.768085552834988609e-13
3.76018 2.755864305071740383e-13
3.76849 2.743723947591199472e-13
3.7768 2.731663537520855026e-13
3.78511 2.719682669906120418e-13
3.79342 2.707780254852485167e-13
3.80173 2.695955705816354603e-13
3.81004 2.684208701595435599e-13
3.81835 2.672538179052863092e-13
3.82666 2.660943539469433524e-13
3.83497 2.649424350329495987e-13
3.84328 2.637979672082356919e-13
3.85159 2.626609085213970490e-13
3.8599 2.615311920350240962e-13
3.86821 2.604087232176595041e-13
3.87652 2.592934777139147497e-13
3.88483 2.581853906109345957e-13
3.89314 2.570843852765711377e-13
3.90145 2.559903952774118494e-13
3.90976 2.549033888215155818e-13
3.91807 2.538233005237658358e-13
3.92638 2.527500626740497204e-13
3.93469 2.516835961642853981e-13
3.943 2.506238531517035846e-13
3.95131 2.495708103748533321e-13
3.95962 2.485243995406581348e-13
3.96793 2.474845411789633384e-13
3.97624 2.464512014897634015e-13
3.98455 2.454243350265974985e-13
3.99286 2.444038583500886930e-13
4.00117 2.433897302636480900e-13
4.00948 2.423819245745191983e-13
4.01779 2.413803334912691612e-13
4.0261 2.403849378581202876e-13
4.03441 2.393956953656744340e-13
4.04271 2.384125669676229416e-13
4.05102 2.374354766322362229e-13
4.05933 2.364643578400982930e-13
4.06764 2.354992274173878956e-13
4.07595 2.345399711913827444e-13
4.08426 2.335865386728734338e-13
4.09257 2.326389389614327057e-13
4.10088 2.316970826873384397e-13
4.10919 2.307609541707305385e-13
4.1175 2.298304849136974542e-13
4.12581 2.289056127765948511e-13
4.13412 2.279863342225450447e-13
4.14243 2.270725768737814929e-13
4.15074 2.261642938485616925e-13
4.15905 2.252614741508299941e-13
4.16736 2.243640253281316451e-13
4.17567 2.234719398872517939e-13
4.18398 2.225851994363125306e-13
4.19229 2.217036944956056460e-13
4.2006 2.208274158402320537e-13
4.20891 2.199563488278333148e-13
4.21722 2.190904099397354625e-13
4.22553 2.182295879590741169e-13
4.23384 2.173738400738053235e-13
4.24215 2.165231134363035519e-13
4.25046 2.156773766505958924e-13
4.25877 2.148365933865797822e-13
4.26708 2.140007069560484338e-13
4.27539 2.131697128670680612e-13
4.2837 2.123435577027779965e-13
4.29201 2.115222039953732850e-13
4.30032 2.107056197333170753e-13
4.30863 2.098937478101509766e-13
4.31694 2.090865747558668991e-13
4.32525 2.082840745088558333e-13
4.33356 2.074861760502928380e-13
4.34187 2.066928867020593957e-13
4.35018 2.059041437761275075e-13
4.35849 2.051199324526337215e-13
4.3668 2.043402008857368665e-13
4.37511 2.035649273510100295e-13
4.38342 2.027940706475291651e-13
4.39173 2.020276022173634291e-13
4.40004 2.012655156422571928e-13
4.40835 2.005077438158211968e-13
4.41666 1.997542784097582162e-13
4.42497 1.990050773578836237e-13
4.43328 1.982601062328291271e-13
4.44159 1.975193500450301786e-13
4.4499 1.967827724419393685e-13
4.45821 1.960503587668091065e-13
4.46652 1.953220707954232820e-13
4.47483 1.945978636413192390e-13
4.48314 1.938777350997208667e-13
4.49145 1.931616501401770489e-13
4.49976 1.924495833880966528e-13
4.50807 1.917415212671654503e-13
4.51638 1.910374132880494337e-13
4.52469 1.903372509560273242e-13
4.533 1.896410142791999821e-13
4.54131 1.889486674111357615e-13
4.54962 1.882601908015886533e-13
4.55792 1.875755809020461454e-13
4.56623 1.868948159883315892e-13
4.57454 1.862178474867745388e-13
4.58285 1.855446722325179277e-13
4.59116 1.848752623753729344e-13
4.59947 1.842096192651673299e-13
4.60778 1.835477152431989247e-13
4.61609 1.828895273235398340e-13
4.6244 1.822350591379872731e-13
4.63271 1.815842702265775591e-13
4.64102 1.809371664913986510e-13
4.64933 1.802937361760012455e-13
4.65764 1.796539523511715594e-13
4.66595 1.790178121313798928e-13
4.67426 1.783853125338014204e-13
4.68257 1.777564418869430186e-13
4.69088 1.771312013917648127e-13
4.69919 1.765095686314176973e-13
4.7075 1.758915511283695054e-13
4.71581 1.752771455740011845e-13
4.72412 1.746663464612813943e-13
4.73243 1.740591419169580468e-13
4.74074 1.734555766910959609e-13
4.74905 1.728556404723413192e-13
4.75736 1.722593021470069707e-13
4.76567 1.716666034945007290e-13
4.77398 1.710775649137460163e-13
4.78229 1.704921734338747801e-13
4.7906 1.699104469195535366e-13
4.79891 1.693324376291143814e-13
4.80722 1.687581317400415419e-13
4.81553 1.681875601768343405e-13
4.82384 1.676207512819647813e-13
4.83215 1.670577348931689798e-13
4.84046 1.664985523684140780e-13
4.84877 1.659432363511614655e-13
4.85708 1.653918149103559649e-13
4.86539 1.648443414651944586e-13
4.8737 1.643008646047211180e-13
4.88201 1.637614360724056625e-13
4.89032 1.632261225278073499e-13
4.89863 1.626949758458697555e-13
4.90694 1.621680764029852619e-13
4.91525 1.616454741003309068e-13
4.92356 1.611272529976817835e-13
4.93187 1.606135074960366613e-13
4.94018 1.601043247880355405e-13
4.94849 1.595997907444926885e-13
4.9568 1.591000282754814803e-13
4.96511 1.586051508474103837e-13
4.97342 1.581152454942153778e-13
4.98173 1.576304719503074394e-13
4.99004 1.571509592823411961e-13
4.99835 1.566768290152308255e-13
5.00666 1.562082647804175514e-13
5.01497 1.557454195051651836e-13
5.02328 1.552884681799509469e-13
5.03159 1.548376093466644776e-13
5.0399 1.543930072118522504e-13
5.04821 1.539548994073864750e-13
5.05652 1.535235036598651006e-13
5.06482 1.530990529934687735e-13
5.07313 1.526818082797963810e-13
5.08144 1.522720139874491547e-13
5.08975 1.518699675325015838e-13
5.09806 1.514759531562786133e-13
5.10637 1.510903125780927555e-13
5.11468 1.507133684196709426e-13
5.12299 1.503454550085933859e-13
5.1313 1.499869700532163323e-13
5.13961 1.496382933559782971e-13
5.14792 1.492998564030548411e-13
5.15623 1.489720724140440600e-13
5.16454 1.486554160857634299e-13
5.17285 1.483504085010441292e-13
5.18116 1.480575268690535320e-13
5.18947 1.477773556255359565e-13
5.19778 1.475104539300720888e-13
5.20609 1.472574116547202589e-13
5.2144 1.470188765856475481e-13
5.22271 1.467955258415780760e-13
5.23102 1.465881135761560501e-13
5.23933 1.463973255793997636e-13
5.24764 1.462239582203760449e-13
5.25595 1.460688757421495702e-13
5.26426 1.459329275620087422e-13
5.27257 1.458170467388275276e-13
5.28088 1.457221844300954672e-13
5.28919 1.456493701783943584e-13
5.2975 1.455996703515517370e-13
5.30581 1.455742042484788210e-13
5.31412 1.455741665724622219e-13
5.32243 1.456007796409754590e-13
5.33074 1.456553492576063837e-13
5.33905 1.457392534394809685e-13
5.34736 1.458539412328624451e-13
5.35567 1.460009151230258263e-13
5.36398 1.461817530578530346e-13
5.37229 1.463981235306786238e-13
5.3806 1.466517775994172216e-13
5.38891 1.469445475350295972e-13
5.39722 1.472783745962705565e-13
5.40553 1.476552460091663961e-13
5.41384 1.480772841711294469e-13
5.42215 1.485467060340423727e-13
5.43046 1.490658535057009601e-13
5.43877 1.496371468498603034e-13
5.44708 1.502631310107456041e-13
5.45539 1.509465242515288906e-13
5.4637 1.516900607629296182e-13
5.47201 1.524967231247737351e-13
5.48032 1.533695909872550481e-13
5.48863 1.543118425929653712e-13
5.49694 1.553268809790486424e-13
5.50525 1.564182061036408096e-13
5.51356 1.575895247988867319e-13
5.52187 1.588446980651876610e-13
5.53018 1.601877509109282428e-13
5.53849 1.616229372873543276e-13
5.5468 1.631546415567525892e-13
5.55511 1.647874648869769505e-13
5.56342 1.665263161774612457e-13
5.57173 1.683761796643648189e-13
5.58003 1.703423314312774511e-13
5.58834 1.724303378689693763e-13
5.59665 1.746459067637798091e-13
5.60496 1.769950738846139529e-13
5.61327 1.794841560214907345e-13
5.62158 1.821197018538701196e-13
5.62989 1.849085358125391362e-13
5.6382 1.878578604227786055e-13
5.64651 1.909751647575250502e-13
5.65482 1.942682051876167485e-13
5.66313 1.977451362669840616e-13
5.67144 2.014144782092051660e-13
5.67975 2.052850849090820483e-13
5.68806 2.093661882091432577e-13
5.69637 2.136674558873090270e-13
5.70468 2.181989588654146357e-13
5.71299 2.229711505079851907e-13
5.7213 2.279949930399216118e-13
5.72961 2.332819038155581126e-13
5.73792 2.388437368264042765e-13
5.74623 2.446928757756745679e-13
5.75454 2.508422572347233897e-13
5.76285 2.573053224469531023e-13
5.77116 2.640960434731000215e-13
5.77947 2.712290616733137677e-13
5.78778 2.787195622209897657e-13
5.79609 2.865833442307894296e-13
5.8044 2.948369092233786287e-13
5.81271 3.034974086206314138e-13
5.82102 3.125827060911138859e-13
5.82933 3.221113888864593371e-13
5.83764 3.321027817054807728e-13
5.84595 3.425770043851282548e-13
5.85426 3.535550258160251003e-13
5.86257 3.650586182147265706e-13
5.87088 3.771104159875358679e-13
5.87919 3.897340008045397574e-13
5.8875 4.029538628759238240e-13
5.89581 4.167955064701746704e-13
5.90412 4.312853806285815064e-13
5.91243 4.464510212009570702e-13
5.92074 4.623210641231686809e-13
5.92905 4.789252476876400685e-13
5.93736 4.962944280734075681e-13
5.94567 5.144607331311247617e-13
5.95398 5.334575221843937351e-13
5.96229 5.533194259336439478e-13
5.9706 5.740824199787027820e-13
5.97891 5.957838785941793567e-13
5.98722 6.184625986226039851e-13
5.99553 6.421588517192671400e-13
6.00384 6.669144513298059023e-13
6.01215 6.927727767709478209e-13
6.02046 7.197789137884068759e-13
6.02877 7.479796086676721090e-13
6.03708 7.774232927977139909e-13
6.04539 8.081603593604640244e-13
6.0537 8.402430317655610116e-13
6.06201 8.737253956496173692e-13
6.07032 9.086636117711901179e-13
6.07863 9.451159417336379995e-13
6.08693 9.831427909699669146e-13
6.09524 1.022806738228762372e-12
6.10355 1.064172731367138407e-12
6.11186 1.107308002407404070e-12
6.12017 1.152282308304958103e-12
6.12848 1.199167904296281618e-12
6.13679 1.248039670137358604e-12
6.1451 1.298975231663110536e-12
6.15341 1.352054925973209389e-12
6.16172 1.407362007725087720e-12
6.17003 1.464982738111327316e-12
6.17834 1.525006442626985944e-12
6.18665 1.587525594819379826e-12
6.19496 1.652635959895896295e-12
6.20327 1.720436674649058111e-12
6.21158 1.791030411382353713e-12
6.21989 1.864523417269883856e-12
6.2282 1.941025608757368561e-12
6.23651 2.020650804753363436e-12
6.24482 2.103516777136509036e-12
6.25313 2.189745360485284269e-12
6.26144 2.279462591091187607e-12
6.26975 2.372798865117828221e-12
6.27806 2.469889074906543900e-12
6.28637 2.570872678525973137e-12
6.29468 2.675893922533679482e-12
6.30299 2.785102013549779709e-12
6.3113 2.898651178075183923e-12
6.31961 3.016700801313336547e-12
6.32792 3.139415730591395934e-12
6.33623 3.266966355510886536e-12
6.34454 3.399528695920114000e-12
6.35285 3.537284754334826232e-12
6.36116 3.680422529613198016e-12
6.36947 3.829136248394033925e-12
6.37778 3.983626657464424680e-12
6.38609 4.144101068689763332e-12
6.3944 4.310773573415517626e-12
6.40271 4.483865409471579630e-12
6.41102 4.663604964554087852e-12
6.41933 4.850228048969884386e-12
6.42764 5.043978236763988457e-12
6.43595 5.245106953280798551e-12
6.44426 5.453873699366725971e-12
6.45257 5.670546430110704983e-12
6.46088 5.895401636200302800e-12
6.46919 6.128724686987060820e-12
6.4775 6.370810107228082361e-12
6.48581 6.621961737158388928e-12
6.49412 6.882493106342519087e-12
6.50243 7.152727620858947454e-12
6.51074 7.432998944946525571e-12
6.51905 7.723651216724612534e-12
6.52736 8.025039364046225877e-12
6.53567 8.337529439288294606e-12
6.54398 8.661498869323098994e-12
6.55229 8.997336843785896433e-12
6.5606 9.345444598400149534e-12
6.56891 9.706235817887444348e-12
6.57722 1.008013687321795702e-11
6.58553 1.046758726321566296e-11
6.59384 1.086903994921136434e-11
6.60214 1.128496172508640422e-11
6.61045 1.171583360050295957e-11
6.61876 1.216215120996795705e-11
6.62707 1.262442513356003512e-11
6.63538 1.310318141542896852e-11
6.64369 1.359896195002011927e-11
6.652 1.411232484901424119e-11
6.66031 1.464384492521567073e-11
6.66862 1.519411416633533373e-11
6.67693 1.576374216922803232e-11
6.68524 1.635335656264462952e-11
6.69355 1.696360358688922424e-11
6.70186 1.759514855495393155e-11
6.71017 1.824867628711790923e-11
6.71848 1.892489169267425335e-11
6.72679 1.962452031299759665e-11
6.7351 2.034830883281312628e-11
6.74341 2.109702560368749252e-11
6.75172 2.187146126009841126e-11
6.76003 2.267242932543986316e-11
6.76834 2.350076671144032747e-11
6.77665 2.435733434255036744e-11
6.78496 2.524301786629042751e-11
6.79327 2.615872823981979546e-11
6.80158 2.710540230273112351e-11
6.80989 2.808400353941928148e-11
6.8182 2.909552268526845163e-11
6.82651 3.014097851283784777e-11
6.83482 3.122141841782169147e-11
6.84313 3.233791922257062704e-11
6.85144 3.349158790444721486e-11
6.85975 3.468356233232541843e-11
6.86806 3.591501201704281575e-11
6.87637 3.718713903292552285e-11
6.88468 3.850117858272225661e-11
6.89299 3.985840004667255361e-11
6.9013 4.126010776772927942e-11
6.90961 4.270764181805291576e-11
6.91792 4.420237894390010997e-11
6.92623 4.574573344431412967e-11
6.93454 4.733915819233769692e-11
6.94285 4.898414541128376826e-11
6.95116 5.068222765074820877e-11
6.95947 5.243497891618822364e-11
6.96778 5.424401549925425099e-11
6.97609 5.611099705777240172e-11
6.9844 5.803762766113958276e-11
6.99271 6.002565680356960614e-11
7.00102 6.207688058171565994e-11
7.00933 6.419314270981835760e-11
7.01764 6.637633563517038735e-11
7.02595 6.862840179225618199e-11
7.03426 7.095133467714905423e-11
7.04257 7.334718010406266662e-11
7.05088 7.581803738137380630e-11
7.05919 7.836606054827117850e-11
7.0675 8.099345975395214452e-11
7.07581 8.370250248153072366e-11
7.08412 8.649551476555200604e-11
7.09243 8.937488273839209057e-11
7.10074 9.234305392272350106e-11
7.10904 9.540253856305097934e-11
7.11735 9.855591120017983276e-11
7.12566 1.018058120151510225e-10
7.13397 1.051549483702169164e-10
7.14228 1.086060963164148941e-10
7.15059 1.121621021418966710e-10
7.1589 1.158258839694557269e-10
7.16721 1.196004333290095543e-10
7.17552 1.234888168133056075e-10
7.18383 1.274941777953368132e-10
7.19214 1.316197380588493487e-10
7.20045 1.358687995667542252e-10
7.20876 1.402447462382226768e-10
7.21707 1.447510457902988456e-10
7.22538 1.493912514696524131e-10
7.23369 1.541690040290201481e-10
7.242 1.590880336066081834e-10
7.25031 1.641521616138468521e-10
7.25862 1.693653027957669760e-10
7.26693 1.747314672238588042e-10
7.27524 1.802547623558743416e-10
7.28355 1.859393950761546152e-10
7.29186 1.917896738672836756e-10
7.30017 1.978100110242464988e-10
7.30848 2.040049247921220024e-10
7.31679 2.103790416730159216e-10
7.3251 2.169370986799584589e-10
7.33341 2.236839456926415142e-10
7.34172 2.306245478171311132e-10
7.35003 2.377639878522544433e-10
7.35834 2.451074686694550084e-10
7.36665 2.526603158233066582e-10
7.37496 2.604279800113225480e-10
7.38327 2.684160397101969402e-10
7.39158 2.766302038752188678e-10
7.39989 2.850763145021488226e-10
7.4082 2.937603494998944959e-10
7.41651 3.026884253757015367e-10
7.42482 3.118668001526231909e-10
7.43313 3.213018761983437344e-10
7.44144 3.310002031605362552e-10
7.44975 3.409684810171320561e-10
7.45806 3.512135630430795048e-10
7.46637 3.617424588975337647e-10
7.47468 3.725623378598008442e-10
7.48299 3.836805319188146885e-10
7.4913 3.951045390775031795e-10
7.49961 4.068420267010505430e-10
7.50792 4.189008347678171936e-10
7.51623 4.312889793977955280e-10
7.52454 4.440146563013920962e-10
7.53285 4.570862442790894446e-10
7.54116 4.705123088538531808e-10
7.54947 4.843016059315820631e-10
7.55778 4.984630854955789435e-10
7.56609 5.130058954034583613e-10
7.5744 5.279393852387471645e-10
7.58271 5.432731101637221272e-10
7.59102 5.590168349498373515e-10
7.59933 5.751805379707599004e-10
7.60764 5.917744153569706575e-10
7.61595 6.088088851176053197e-10
7.62425 6.262945912914128706e-10
7.63256 6.442424084431511924e-10
7.64087 6.626634459835847571e-10
7.64918 6.815690524024902150e-10
7.65749 7.009708200198849491e-10
7.6658 7.208805895323879117e-10
7.67411 7.413104546039395715e-10
7.68242 7.622727665797989658e-10
7.69073 7.837801394300392221e-10
7.69904 8.058454544960726605e-10
7.70735 8.284818654965154233e-10
7.71566 8.517028035730302603e-10
7.72397 8.755219824131967865e-10
7.73228 8.999534034206490112e-10
7.74059 9.250113610132780038e-10
7.7489 9.507104479751601467e-10
7.75721 9.770655608893292655e-10
7.76552 1.004091905674921582e-09
7.77383 1.031805003155160129e-09
7.78214 1.060220694845237795e-09
7.79045 1.089355148611940427e-09
7.79876 1.119224864593896762e-09
7.80707 1.149846681245366332e-09
7.81538 1.181237781233080396e-09
7.82369 1.213415697668229146e-09
7.832 1.246398320259810936e-09
7.84031 1.280203901770293056e-09
7.84862 1.314851064294724460e-09
7.85693 1.350358805853959995e-09
7.86524 1.386746506943751020e-09
7.87355 1.424033937207210847e-09
7.88186 1.462241262474196615e-09
7.89017 1.501389051347743187e-09
7.89848 1.541498282331493851e-09
7.90679 1.582590351037798704e-09
7.9151 1.624687077240357890e-09
7.92341 1.667810712301597083e-09
7.93172 1.711983946492742554e-09
7.94003 1.757229916575443101e-09
7.94834 1.803572213408143903e-09
7.95665 1.851034889731265805e-09
7.96496 1.899642467976762450e-09
7.97327 1.949419948205076449e-09
7.98158 2.000392816226438551e-09
7.98989 2.052587051770648480e-09
7.9982 2.106029136751389086e-09
8.00651 2.160746063790872623e-09
8.01482 2.216765344610548719e-09
8.02313 2.274115018775341469e-09
8.03144 2.332823662441230000e-09
8.03975 2.392920397289376455e-09
8.04806 2.454434899483723578e-09
8.05637 2.517397408805177986e-09
8.06468 2.581838737985516618e-09
8.07299 2.647790282058473303e-09
8.0813 2.715284027854298990e-09
8.08961 2.784352563692905281e-09
8.09792 2.855029089120020545e-09
8.10623 2.927347424845910970e-09
8.11454 3.001342022791740979e-09
8.12285 3.077047976253041331e-09
8.13115 3.154501030189548078e-09
8.13946 3.233737591698908891e-09
8.14777 3.314794740617233392e-09
8.15608 3.397710240230072511e-09
8.16439 3.482522548108768236e-09
8.1727 3.569270827182721885e-09
8.18101 3.657994956849552635e-09
8.18932 3.748735544315958369e-09
8.19763 3.841533935952439252e-09
8.20594 3.936432229002595161e-09
8.21425 4.033473283264460286e-09
8.22256 4.132700732977919433e-09
8.23087 4.234158998936984693e-09
8.23918 4.337893300559622857e-09
8.24749 4.443949668416552267e-09
8.2558 4.552374956631506550e-09
8.26411 4.663216855532219279e-09
8.27242 4.776523904572850433e-09
8.28073 4.892345505298188788e-09
8.28904 5.010731934455451453e-09
8.29735 5.131734357324951257e-09
8.30566 5.255404841274231119e-09
8.31397 5.381796369341132369e-09
8.32228 5.510962854054354884e-09
8.33059 5.642959151503843987e-09
8.3389 5.777841075405026409e-09
8.34721 5.915665411456505960e-09
8.35552 6.056489931967683942e-09
8.36383 6.200373410436818215e-09
8.37214 6.347375636388735901e-09
8.38045 6.497557430508235046e-09
8.38876 6.650980659919891450e-09
8.39707 6.807708253408518604e-09
8.40538 6.967804217209868561e-09
8.41369 7.131333650681703477e-09
8.422 7.298362762313134383e-09
8.43031 7.468958885934350256e-09
8.43862 7.643190496946064590e-09
8.44693 7.821127229003470416e-09
8.45524 8.002839890699736245e-09
8.46355 8.188400482445671192e-09
8.47186 8.377882213655050715e-09
8.48017 8.571359520105018430e-09
8.48848 8.768908081473620395e-09
8.49679 8.970604839020119026e-09
8.5051 9.176528013514799588e-09
8.51341 9.386757123505075224e-09
8.52172 9.601373003541713617e-09
8.53003 9.820457822805043519e-09
8.53834 1.004409510392090659e-08
8.54665 1.027236974184181425e-08
8.55496 1.050536802318286522e-08
8.56327 1.074317764549692489e-08
8.57158 1.098588773708647783e-08
8.57989 1.123358887672486920e-08
8.5882 1.148637311378286476e-08
8.59651 1.174433398857328209e-08
8.60482 1.200756655279294128e-08
8.61313 1.227616739039243016e-08
8.62144 1.255023463847944143e-08
8.62975 1.282986800854521150e-08
8.63806 1.311516880798118567e-08
8.64636 1.340623996167709592e-08
8.65467 1.370318603396252395e-08
8.66298 1.400611325082134768e-08
8.67129 1.431512952223917534e-08
8.6796 1.463034446483122010e-08
8.68791 1.495186942475598235e-08
8.69622 1.527981750084031118e-08
8.70453 1.561430356791954783e-08
8.71284 1.595544430054295866e-08
8.72115 1.630335819673885582e-08
8.72946 1.665816560219634239e-08
8.73777 1.701998873466709405e-08
8.74608 1.738895170856618041e-08
8.75439 1.776518055988874346e-08
8.7627 1.814880327133203532e-08
8.77101 1.853994979775854548e-08
8.77932 1.893875209184586572e-08
8.78763 1.934534413004170532e-08
8.79594 1.975986193873142217e-08
8.80425 2.018244362082824317e-08
8.81256 2.061322938243265680e-08
8.82087 2.105236155988111326e-08
8.82918 2.149998464707883138e-08
8.83749 2.195624532304207415e-08
8.8458 2.242129247972060022e-08
8.85411 2.289527725026169752e-08
8.86242 2.337835303730807173e-08
8.87073 2.387067554173297244e-08
8.87904 2.437240279173874951e-08
8.88735 2.488369517192427087e-08
8.89566 2.540471545300146221e-08
8.90397 2.593562882173082107e-08
8.91228 2.647660291088216671e-08
8.92059 2.702780782979922838e-08
8.9289 2.758941619518353582e-08
8.93721 2.816160316205810233e-08
8.94552 2.874454645519699595e-08
8.95383 2.933842640073899786e-08
8.96214 2.994342595816669279e-08
8.97045 3.055973075256116927e-08
8.97876 3.118752910719983450e-08
8.98707 3.182701207649903442e-08
8.99538 3.247837347909281116e-08
9.00369 3.314180993149162340e-08
9.012 3.381752088182942269e-08
9.02031 3.450570864407909943e-08
9.02862 3.520657843255544346e-08
9.03693 3.592033839658115206e-08
9.04524 3.664719965580939414e-08
9.05355 3.738737633558248601e-08
9.06186 3.814108560270981526e-08
9.07017 3.890854770162686337e-08
9.07848 3.968998599080992633e-08
9.08679 4.048562697964754486e-08
9.0951 4.129570036547909791e-08
9.10341 4.212043907109484382e-08
9.11172 4.296007928256781314e-08
9.12003 4.381486048738251363e-08
9.12834 4.468502551294802287e-08
9.13665 4.557082056541483474e-08
9.14496 4.647249526891635407e-08
9.15326 4.739030270513619443e-08
9.16157 4.832449945307672578e-08
9.16988 4.927534562948429095e-08
9.17819 5.024310492938251150e-08
9.1865 5.122804466702332642e-08
9.19481 5.223043581729818142e-08
9.20312 5.325055305741524619e-08
9.21143 5.428867480888921325e-08
9.21974 5.534508328006614369e-08
9.22805 5.642006450895871082e-08
9.23636 5.751390840631366311e-08
9.24467 5.862690879918233877e-08
9.25298 5.975936347496486362e-08
9.26129 6.091157422557757897e-08
9.2696 6.208384689217510411e-08
9.27791 6.327649141031110885e-08
9.28622 6.448982185526665306e-08
9.29453 6.572415648788259682e-08
9.30284 6.697981780090111705e-08
9.31115 6.825713256556132080e-08
9.31946 6.955643187843257046e-08
9.32777 7.087805120900338872e-08
9.33608 7.222233044748773344e-08
9.34439 7.358961395282853853e-08
9.3527 7.498025060149612906e-08
9.36101 7.639459383639451399e-08
9.36932 7.783300171627208699e-08
9.37763 7.929583696555344821e-08
9.38594 8.078346702447492714e-08
9.39425 8.229626409982521774e-08
9.40256 8.383460521595417906e-08
9.41087 8.539887226614694513e-08
9.41918 8.698945206455427094e-08
9.42749 8.860673639853965823e-08
9.4358 9.025112208128591165e-08
9.44411 9.192301100491184696e-08
9.45242 9.362281019416499486e-08
9.46073 9.535093186028789368e-08
9.46904 9.710779345541548489e-08
9.47735 9.889381772751630382e-08
9.48566 1.007094327755405846e-07
9.49397 1.025550721052261393e-07
9.50228 1.044311746852165404e-07
9.51059 1.063381850035300149e-07
9.5189 1.082765531247944002e-07
9.52721 1.102467347475360987e-07
9.53552 1.122491912621004153e-07
9.54383 1.142843898091066511e-07
9.55214 1.163528033381390430e-07
9.56045 1.184549106670494726e-07
9.56876 1.205911965416680876e-07
9.57707 1.227621516959508200e-07
9.58538 1.249682729125452201e-07
9.59369 1.272100630838901985e-07
9.602 1.294880312738003110e-07
9.61031 1.318026927793758731e-07
9.61862 1.341545691935265648e-07
9.62693 1.365441884677937200e-07
9.63524 1.389720849758316082e-07
9.64355 1.414387995772660153e-07
9.65186 1.439448796819476757e-07
9.66017 1.464908793147599272e-07
9.66847 1.490773591810198453e-07
9.67678 1.517048867321380144e-07
9.68509 1.543740362317481893e-07
9.6934 1.570853888226171015e-07
9.70171 1.598395325937619734e-07
9.71002 1.626370626480934315e-07
9.71833 1.654785811705907261e-07
9.72664 1.683646974970494405e-07
9.73495 1.712960281831240992e-07
9.74326 1.742731970739811164e-07
9.75157 1.772968353744693878e-07
9.75988 1.803675817197610122e-07
9.76819 1.834860822464657417e-07
9.7765 1.866529906641566950e-07
9.78481 1.898689683276504302e-07
9.79312 1.931346843096055577e-07
9.80143 1.964508154735365822e-07
9.80974 1.998180465476227925e-07
9.81805 2.032370701987853427e-07
9.82636 2.067085871072955815e-07
9.83467 2.102333060420666726e-07
9.84298 2.138119439363025841e-07
9.85129 2.174452259635795141e-07
9.8596 2.211338856147989924e-07
9.86791 2.248786647752518650e-07
9.87622 2.286803138024204936e-07
9.88453 2.325395916043766840e-07
9.89284 2.364572657184269483e-07
9.90115 2.404341123905763451e-07
9.90946 2.444709166553474910e-07
9.91777 2.485684724161986625e-07
9.92608 2.527275825263926260e-07
9.93439 2.569490588706047679e-07
9.9427 2.612337224468064577e-07
9.95101 2.655824034488095738e-07
9.95932 2.699959413493455064e-07
9.96763 2.744751849837895468e-07
9.97594 2.790209926341666507e-07
9.98425 2.836342321139223895e-07
9.99256 2.883157808532384381e-07
10.0009 2.930665259847350510e-07
10.0092 2.978873644298256476e-07
10.0175 3.027792029857126017e-07
10.0258 3.077429584126928333e-07
10.0341 3.127795575222898393e-07
10.0424 3.178899372657753074e-07
10.0507 3.230750448231772440e-07
10.059 3.283358376931567867e-07
10.0673 3.336732837831074174e-07
10.0757 3.390883614999954867e-07
10.084 3.445820598416965706e-07
10.0923 3.501553784889658848e-07
10.1006 3.558093278979076006e-07
10.1089 3.615449293930856831e-07
10.1172 3.673632152611043029e-07
10.1255 3.732652288447873645e-07
10.1338 3.792520246380505908e-07
10.1421 3.853246683812134821e-07
10.1504 3.914842371569429492e-07
10.1588 3.977318194866732977e-07
10.1671 4.040685154278874326e-07
10.1754 4.104954366716388845e-07
10.1837 4.170137066407434695e-07
10.192 4.236244605888307390e-07
10.2003 4.303288456996574814e-07
10.2086 4.371280211869770358e-07
10.2169 4.440231583954298097e-07
10.2252 4.510154409014713845e-07
10.2335 4.581060646153280176e-07
10.2419 4.652962378832022325e-07
10.2502 4.725871815903449231e-07
10.2585 4.799801292647852310e-07
10.2668 4.874763271810948884e-07
10.2751 4.950770344654198794e-07
10.2834 5.027835232008285746e-07
10.2917 5.105970785332077907e-07
10.3 5.185189987778861324e-07
10.3083 5.265505955266367010e-07
10.3166 5.346931937556642651e-07
10.325 5.429481319339244700e-07
10.3333 5.513167621319452302e-07
10.3416 5.598004501316667862e-07
10.3499 5.684005755364718134e-07
10.3582 5.771185318821324446e-07
10.3665 5.859557267481797502e-07
10.3748 5.949135818698261189e-07
10.3831 6.039935332508730555e-07
10.3914 6.131970312768487367e-07
10.3997 6.225255408288915903e-07
10.4081 6.319805413983696293e-07
10.4164 6.415635272019057265e-07
10.4247 6.512760072971854406e-07
10.433 6.611195056993824365e-07
10.4413 6.710955614981443232e-07
10.4496 6.812057289751620972e-07
10.4579 6.914515777224948220e-07
10.4662 7.018346927615320175e-07
10.4745 7.123566746623215439e-07
10.4828 7.230191396639244073e-07
10.4911 7.338237197951103902e-07
10.4995 7.447720629957451786e-07
10.5078 7.558658332387961405e-07
10.5161 7.671067106531490329e-07
10.5244 7.784963916469346225e-07
10.5327 7.900365890312989397e-07
10.541 8.017290321451807612e-07
10.5493 8.135754669804897385e-07
10.5576 8.255776563079402364e-07
10.5659 8.377373798035656559e-07
10.5742 8.500564341760964139e-07
10.5826 8.625366332944197670e-07
10.5909 8.751798083162284457e-07
10.5992 8.879878078170773475e-07
10.6075 9.009624979201598899e-07
10.6158 9.141057624266924269e-07
10.6241 9.274195029467746989e-07
10.6324 9.409056390314489392e-07
10.6407 9.545661083045790923e-07
10.649 9.684028665962577620e-07
10.6573 9.824178880761507967e-07
10.6657 9.966131653879045830e-07
10.674 1.010990709784144993e-06
10.6823 1.025552551262030394e-06
10.6906 1.040300738699448410e-06
10.6989 1.055237339992019683e-06
10.7072 1.070364442190595255e-06
10.7155 1.085684151639621724e-06
10.7238 1.101198594115914893e-06
10.7321 1.116909914968218394e-06
10.7404 1.132820279257419832e-06
10.7488 1.148931871897544079e-06
10.7571 1.165246897797105704e-06
10.7654 1.181767582001375148e-06
10.7737 1.198496169835506541e-06
10.782 1.215434927047367569e-06
10.7903 1.232586139952631987e-06
10.7986 1.249952115579045211e-06
10.8069 1.267535181812088360e-06
10.8152 1.285337687541240522e-06
10.8235 1.303362002806708781e-06
10.8319 1.321610518947287145e-06
10.8402 1.340085648748205292e-06
10.8485 1.358789826589999275e-06
10.8568 1.377725508598431477e-06
10.8651 1.396895172794343029e-06
10.8734 1.416301319244605662e-06
10.8817 1.435946470214047023e-06
10.89 1.455833170317109593e-06
10.8983 1.475963986671101818e-06
10.9066 1.496341509049950471e-06
10.915 1.516968350037980330e-06
10.9233 1.537847145185271453e-06
10.9316 1.558980553163182693e-06
10.9399 1.580371255920480612e-06
10.9482 1.602021958840474057e-06
10.9565 1.623935390898620934e-06
10.9648 1.646114304820936295e-06
10.9731 1.668561477242728214e-06
10.9814 1.691279708868618616e-06
10.9897 1.714271824632970896e-06
10.998 1.737540673860256123e-06
11.0064 1.761089130427597395e-06
11.0147 1.784920092926824815e-06
11.023 1.809036484827548816e-06
11.0313 1.833441254640999628e-06
11.0396 1.858137376084551780e-06
11.0479 1.883127848246723787e-06
11.0562 1.908415695752983583e-06
11.0645 1.934003968932493093e-06
11.0728 1.959895743985067114e-06
11.0811 1.986094123149233116e-06
11.0895 2.012602234870631140e-06
11.0978 2.039423233971381839e-06
11.1061 2.066560301820057202e-06
11.1144 2.094016646501978634e-06
11.1227 2.121795502991019386e-06
11.131 2.149900133321399777e-06
11.1393 2.178333826760113874e-06
11.1476 2.207099899980636474e-06
11.1559 2.236201697236860893e-06
11.1642 2.265642590537996870e-06
11.1726 2.295425979823345651e-06
11.1809 2.325555293139318866e-06
11.1892 2.356033986815923771e-06
11.1975 2.386865545644117547e-06
11.2058 2.418053483053968398e-06
11.2141 2.449601341293410001e-06
11.2224 2.481512691608489264e-06
11.2307 2.513791134422923759e-06
11.239 2.546440299519252428e-06
11.2473 2.579463846220565652e-06
11.2557 2.612865463572688905e-06
11.264 2.646648870527227852e-06
11.2723 2.680817816125397363e-06
11.2806 2.715376079682152925e-06
11.2889 2.750327470971814101e-06
11.2972 2.785675830412873566e-06
11.3055 2.821425029255384510e-06
11.3138 2.857578969767827123e-06
11.3221 2.894141585424631095e-06
11.3304 2.931116841095141050e-06
11.3388 2.968508733232595519e-06
11.3471 3.006321290064084670e-06
11.3554 3.044558571781156016e-06
11.3637 3.083224670731154495e-06
11.372 3.122323711609066966e-06
11.3803 3.161859851650460642e-06
11.3886 3.201837280824226283e-06
11.3969 3.242260222027618973e-06
11.4052 3.283132931280455239e-06
11.4135 3.324459697920016606e-06
11.4219 3.366244844797694649e-06
11.4302 3.408492728476457243e-06
11.4385 3.451207739427143789e-06
11.4468 3.494394302227366758e-06
11.4551 3.538056875760098996e-06
11.4634 3.582199953413244846e-06
11.4717 3.626828063280355617e-06
11.48 3.671945768361061719e-06
11.4883 3.717557666762432727e-06
11.4966 3.763668391902375822e-06
11.5049 3.810282612711640867e-06
11.5133 3.857405033837709289e-06
11.5216 3.905040395849755294e-06
11.5299 3.953193475442555078e-06
11.5382 4.001869085643889191e-06
11.5465 4.051072076019494448e-06
11.5548 4.100807332880451469e-06
11.5631 4.151079779492201075e-06
11.5714 4.201894376281429542e-06
11.5797 4.253256121045965058e-06
11.588 4.305170049165267956e-06
11.5964 4.357641233809774054e-06
11.6047 4.410674786152953595e-06
11.613 4.464275855583426079e-06
11.6213 4.518449629916109485e-06
11.6296 4.573201335607365796e-06
11.6379 4.628536237968385532e-06
11.6462 4.684459641379332934e-06
11.6545 4.740976889504621920e-06
11.6628 4.798093365509745516e-06
11.6711 4.855814492277613995e-06
11.6795 4.914145732625635022e-06
11.6878 4.973092589524183784e-06
11.6961 5.032660606315403454e-06
11.7044 5.092855366931903170e-06
11.7127 5.153682496117305934e-06
11.721 5.215147659648388085e-06
11.7293 5.277256564553884001e-06
11.7376 5.340014959338444997e-06
11.7459 5.403428634205208250e-06
11.7542 5.467503421279224601e-06
11.7626 5.532245194831618205e-06
11.7709 5.597659871503638604e-06
11.7792 5.663753410533649463e-06
11.7875 5.730531813982209786e-06
11.7958 5.798001126959926629e-06
11.8041 5.866167437853940698e-06
11.8124 5.935036878556014532e-06
11.8207 6.004615624693581069e-06
11.829 6.074909895856779818e-06
11.8373 6.145925955829727344e-06
11.8457 6.217670112822085913e-06
11.854 6.290148719699036326e-06
11.8623 6.363368174215081032e-06
11.8706 6.437334919246100667e-06
11.8789 6.512055443023733996e-06
11.8872 6.587536279368948944e-06
11.8955 6.663784007926213324e-06
11.9038 6.740805254401687280e-06
11.9121 6.818606690796532578e-06
11.9204 6.897195035645470124e-06
11.9288 6.976577054254455713e-06
11.9371 7.056759558938315966e-06
11.9454 7.137749409259620946e-06
11.9537 7.219553512268834929e-06
11.962 7.302178822744485831e-06
11.9703 7.385632343433261769e-06
11.9786 7.469921125292824075e-06
11.9869 7.555052267733268431e-06
11.9952 7.641032918859871811e-06
12.0035 7.727870275716739809e-06
12.0118 7.815571584531649143e-06
12.0202 7.904144140961145946e-06
12.0285 7.993595290334412490e-06
12.0368 8.083932427900280624e-06
12.0451 8.175162999074880488e-06
12.0534 8.267294499687976336e-06
12.0617 8.360334476232106024e-06
12.07 8.454290526110715926e-06
12.0783 8.549170297887686678e-06
12.0866 8.644981491537333257e-06
12.0949 8.741731858695646809e-06
12.1033 8.839429202910974054e-06
12.1116 8.938081379897635888e-06
12.1199 9.037696297785847844e-06
12.1282 9.138281917377190310e-06
12.1365 9.239846252399575610e-06
12.1448 9.342397369758220481e-06
12.1531 9.445943389793921662e-06
12.1614 9.550492486539105484e-06
12.1697 9.656052887971619273e-06
12.178 9.762632876275766571e-06
12.1864 9.870240788097519861e-06
12.1947 9.978885014801877973e-06
12.203 1.008857400273637973e-05
12.2113 1.019931625348722637e-05
12.2196 1.031112032414051501e-05
12.2279 1.042399482754365162e-05
12.2362 1.053794843256670472e-05
12.2445 1.065298986436515504e-05
12.2528 1.076912790464244352e-05
12.2611 1.088637139191445736e-05
12.2695 1.100472922177232028e-05
12.2778 1.112421034714672950e-05
12.2861 1.124482377857712417e-05
12.2944 1.136657858447324066e-05
12.3027 1.148948389138494680e-05
12.311 1.161354888426875396e-05
12.3193 1.173878280675416663e-05
12.3276 1.186519496141487013e-05
12.3359 1.199279471003707066e-05
12.3442 1.212159147388874509e-05
12.3526 1.225159473398956995e-05
12.3609 1.238281403138431327e-05
12.3692 1.251525896741252809e-05
12.3775 1.264893920398301831e-05
12.3858 1.278386446384275295e-05
12.3941 1.292004453085433049e-05
12.4024 1.305748925027025147e-05
12.4107 1.319620852900454675e-05
12.419 1.333621233591125653e-05
12.4273 1.347751070205914682e-05
12.4357 1.362011372100722726e-05
12.444 1.376403154908467348e-05
12.4523 1.390927440566792039e-05
12.4606 1.405585257345723196e-05
12.4689 1.420377639875725720e-05
12.4772 1.435305629175819084e-05
12.4855 1.450370272681254312e-05
12.4938 1.465572624271964622e-05
12.5021 1.480913744300511247e-05
12.5104 1.496394699620346728e-05
12.5187 1.512016563614005516e-05
12.5271 1.527780416221735896e-05
12.5354 1.543687343969498996e-05
12.5437 1.559738439997562250e-05
12.552 1.575934804089280388e-05
12.5603 1.592277542699247088e-05
12.5686 1.608767768982253675e-05
12.5769 1.625406602821791443e-05
12.5852 1.642195170858745399e-05
12.5935 1.659134606520505778e-05
12.6018 1.676226050049677368e-05
12.6102 1.693470648532860003e-05
12.6185 1.710869555929754983e-05
12.6268 1.728423933102418204e-05
12.6351 1.746134947843909184e-05
12.6434 1.764003774907844384e-05
12.6517 1.782031596037628312e-05
12.66 1.800219599995486085e-05
12.6683 1.818568982591808720e-05
12.6766 1.837080946714865013e-05
12.6849 1.855756702359921177e-05
12.6933 1.874597466658926639e-05
12.7016 1.893604463910061934e-05
12.7099 1.912778925607482440e-05
12.7182 1.932122090470649430e-05
12.7265 1.951635204474485465e-05
12.7348 1.971319520878903658e-05
12.7431 1.991176300258844134e-05
12.7514 2.011206810534032675e-05
12.7597 2.031412326999145932e-05
12.768 2.051794132353773693e-05
12.7764 2.072353516732238843e-05
12.7847 2.093091777734177632e-05
12.793 2.114010220454452804e-05
12.8013 2.135110157513455363e-05
12.8096 2.156392909087726163e-05
12.8179 2.177859802939745718e-05
12.8262 2.199512174448759093e-05
12.8345 2.221351366641398167e-05
12.8428 2.243378730221779773e-05
12.8511 2.265595623602415957e-05
12.8595 2.288003412934640421e-05
12.8678 2.310603472139823719e-05
12.8761 2.333397182939351785e-05
12.8844 2.356385934886114553e-05
12.8927 2.379571125395039122e-05
12.901 2.402954159774089472e-05
12.9093 2.426536451255328851e-05
12.9176 2.450319421025889334e-05
12.9259 2.474304498259045397e-05
12.9342 2.498493120145591067e-05
12.9426 2.522886731924353775e-05
12.9509 2.547486786914504936e-05
12.9592 2.572294746546083288e-05
12.9675 2.597312080391468944e-05
12.9758 2.622540266197174574e-05
12.9841 2.647980789914922359e-05
12.9924 2.673635145733298975e-05
13.0007 2.699504836109598268e-05
13.009 2.725591371801098115e-05
13.0173 2.751896271896625616e-05
13.0256 2.778421063848838537e-05
13.034 2.805167283505888415e-05
13.0423 2.832136475142835996e-05
13.0506 2.859330191494157989e-05
13.0589 2.886749993784867730e-05
13.0672 2.914397451763415977e-05
13.0755 2.942274143733591529e-05
13.0838 2.970381656586127406e-05
13.0921 2.998721585831258432e-05
13.1004 3.027295535630765162e-05
13.1087 3.056105118830894330e-05
13.1171 3.085151956992974347e-05
13.1254 3.114437680428104008e-05
13.1337 3.143963928228498810e-05
13.142 3.173732348298669898e-05
13.1503 3.203744597390157159e-05
13.1586 3.234002341133372237e-05
13.1669 3.264507254069578434e-05
13.1752 3.295261019683739324e-05
13.1835 3.326265330438063294e-05
13.1918 3.357521887804565516e-05
13.2002 3.389032402296817461e-05
13.2085 3.420798593503818723e-05
13.2168 3.452822190123622877e-05
13.2251 3.485104929994433070e-05
13.2334 3.517648560129064072e-05
13.2417 3.550454836748399390e-05
13.25 3.583525525312832461e-05
13.2583 3.616862400556503045e-05
13.2666 3.650467246521263241e-05
13.2749 3.684341856588845774e-05
13.2833 3.718488033514331953e-05
13.2916 3.752907589460064840e-05
13.2999 3.787602346028806866e-05
13.3082 3.822574134297253192e-05
13.3165 3.857824794849720588e-05
13.3248 3.893356177811519846e-05
13.3331 3.929170142882476606e-05
13.3414 3.965268559371347320e-05
13.3497 4.001653306228975508e-05
13.358 4.038326272081965723e-05
13.3664 4.075289355266635343e-05
13.3747 4.112544463863553187e-05
13.383 4.150093515731030516e-05
13.3913 4.187938438538380296e-05
13.3996 4.226081169800729569e-05
13.4079 4.264523656913953806e-05
13.4162 4.303267857186658836e-05
13.4245 4.342315737876511106e-05
13.4328 4.381669276222914180e-05
13.4411 4.421330459482079292e-05
13.4495 4.461301284961670345e-05
13.4578 4.501583760053983212e-05
13.4661 4.542179902271779971e-05
13.4744 4.583091739281542064e-05
13.4827 4.624321308938942005e-05
13.491 4.665870659322494301e-05
13.4993 4.707741848769111189e-05
13.5076 4.749936945908673775e-05
13.5159 4.792458029697647048e-05
13.5242 4.835307189454870742e-05
13.5325 4.878486524896406281e-05
13.5409 4.921998146169731829e-05
13.5492 4.965844173888999872e-05
13.5575 5.010026739170647837e-05
13.5658 5.054547983666600431e-05
13.5741 5.099410059601169101e-05
13.5824 5.144615129805280300e-05
13.5907 5.190165367751718836e-05
13.599 5.236062957590235689e-05
13.6073 5.282310094182714790e-05
13.6156 5.328908983139190214e-05
13.624 5.375861840852153050e-05
13.6323 5.423170894531815752e-05
13.6406 5.470838382242566405e-05
13.6489 5.518866552938569184e-05
13.6572 5.567257666497121859e-05
13.6655 5.616013993756238318e-05
13.6738 5.665137816550350658e-05
13.6821 5.714631427744498829e-05
13.6904 5.764497131271068144e-05
13.6987 5.814737242164711432e-05
13.7071 5.865354086599046569e-05
13.7154 5.916350001922355872e-05
13.7237 5.967727336692683752e-05
13.732 6.019488450714263197e-05
13.7403 6.071635715073237525e-05
13.7486 6.124171512174736030e-05
13.7569 6.177098235776452406e-05
13.7652 6.230418291027094613e-05
13.7735 6.284134094502357359e-05
13.7818 6.338248074239631472e-05
13.7902 6.392762669774931827e-05
13.7985 6.447680332179453932e-05
13.8068 6.503003524096302636e-05
13.8151 6.558734719774910122e-05
13.8234 6.614876405109840858e-05
13.8317 6.671431077675631083e-05
13.84 6.728401246763654388e-05
13.8483 6.785789433419565995e-05
13.8566 6.843598170477918619e-05
13.8649 6.901830002600402281e-05
13.8733 6.960487486311934689e-05
13.8816 7.019573190037753146e-05
13.8899 7.079089694139736682e-05
13.8982 7.139039590952568257e-05
13.9065 7.199425484822421812e-05
13.9148 7.260249992141780059e-05
13.9231 7.321515741387292118e-05
13.9314 7.383225373157243537e-05
13.9397 7.445381540207581623e-05
13.948 7.507986907489937059e-05
13.9564 7.571044152186863182e-05
13.9647 7.634555963751242665e-05
13.973 7.698525043942732978e-05
13.9813 7.762954106863988223e-05
13.9896 7.827845878998291793e-05
13.9979 7.893203099248121443e-05
14.0062 7.959028518971219342e-05
14.0145 8.025324902018108177e-05
14.0228 8.092095024769375511e-05
14.0311 8.159341676173927148e-05
14.0394 8.227067657785932674e-05
14.0478 8.295275783802285999e-05
14.0561 8.363968881100937328e-05
14.0644 8.433149789277231544e-05
14.0727 8.502821360681574756e-05
14.081 8.572986460460049860e-05
14.0893 8.643647966588314125e-05
14.0976 8.714808769910432603e-05
14.1059 8.786471774179072211e-05
14.1142 8.858639896090907714e-05
14.1225 8.931316065325433447e-05
14.1309 9.004503224582463159e-05
14.1392 9.078204329619277493e-05
14.1475 9.152422349291857546e-05
14.1558 9.227160265589767719e-05
14.1641 9.302421073676870223e-05
14.1724 9.378207781925404257e-05
14.1807 9.454523411957536710e-05
14.189 9.531370998685058859e-05
14.1973 9.608753590343224326e-05
14.2056 9.686674248532849997e-05
14.214 9.765136048255413010e-05
14.2223 9.844142077954039010e-05
14.2306 9.923695439552540209e-05
14.2389 1.000379924849015051e-04
14.2472 1.008445663376337435e-04
14.2555 1.016567073796346217e-04
14.2638 1.024744471731568155e-04
14.2721 1.032978174171750958e-04
14.2804 1.041268499477444680e-04
14.2887 1.049615767384448845e-04
14.2971 1.058020299007416060e-04
14.3054 1.066482416843469056e-04
14.3137 1.075002444776430155e-04
14.322 1.083580708080586979e-04
14.3303 1.092217533424599639e-04
14.3386 1.100913248875485048e-04
14.3469 1.109668183902248046e-04
14.3552 1.118482669380071163e-04
14.3635 1.127357037594173028e-04
14.3718 1.136291622243467547e-04
14.3802 1.145286758444778063e-04
14.3885 1.154342782736808381e-04
14.3968 1.163460033083616417e-04
14.4051 1.172638848879055092e-04
14.4134 1.181879570950334068e-04
14.4217 1.191182541562184848e-04
14.43 1.200548104420799954e-04
14.4383 1.209976604677449283e-04
14.4466 1.219468388932862046e-04
14.4549 1.229023805241078392e-04
14.4633 1.238643203113063199e-04
14.4716 1.248326933520988932e-04
14.4799 1.258075348902248014e-04
14.4882 1.267888803163162823e-04
14.4965 1.277767651683172343e-04
14.5048 1.287712251318579710e-04
14.5131 1.297722960406862993e-04
14.5214 1.307800138770386967e-04
14.5297 1.317944147720356114e-04
14.538 1.328155350061071736e-04
14.5463 1.338434110093646981e-04
14.5547 1.348780793620133584e-04
14.563 1.359195767947591151e-04
14.5713 1.369679401892130418e-04
14.5796 1.380232065782366162e-04
14.5879 1.390854131464164115e-04
14.5962 1.401545972304498280e-04
14.6045 1.412307963195065389e-04
14.6128 1.423140480556660747e-04
14.6211 1.434043902343159690e-04
14.6294 1.445018608045392798e-04
14.6378 1.456064978695420357e-04
14.6461 1.467183396870378300e-04
14.6544 1.478374246696630969e-04
14.6627 1.489637913853615158e-04
14.671 1.500974785578301329e-04
14.6793 1.512385250668790725e-04
14.6876 1.523869699488764669e-04
14.6959 1.535428523971050770e-04
14.7042 1.547062117622252468e-04
14.7125 1.558770875526553504e-04
14.7209 1.570555194349480366e-04
14.7292 1.582415472342737020e-04
14.7375 1.594352109347620149e-04
14.7458 1.606365506799268953e-04
14.7541 1.618456067730829025e-04
14.7624 1.630624196777601326e-04
14.7707 1.642870300181029065e-04
14.779 1.655194785792638500e-04
14.7873 1.667598063078627832e-04
14.7956 1.680080543123513097e-04
14.804 1.692642638634381225e-04
14.8123 1.705284763945032504e-04
14.8206 1.718007335020027364e-04
14.8289 1.730810769458879532e-04
14.8372 1.743695486500296884e-04
14.8455 1.756661907025976698e-04
14.8538 1.769710453565038143e-04
14.8621 1.782841550298063643e-04
14.8704 1.796055623061183608e-04
14.8787 1.809353099350205344e-04
14.8871 1.822734408324873975e-04
14.8954 1.836199980813103263e-04
14.9037 1.849750249314841336e-04
14.912 1.863385648006193906e-04
14.9203 1.877106612744175787e-04
14.9286 1.890913581070161639e-04
14.9369 1.904806992214441242e-04
14.9452 1.918787287100485561e-04
14.9535 1.932854908348515942e-04
14.9618 1.947010300280684969e-04
14.9702 1.961253908924282994e-04
14.9785 1.975586182016263051e-04
14.9868 1.990007569007908354e-04
14.9951 2.004518521068460028e-04
15.0034 2.019119491089150619e-04
15.0117 2.033810933688051019e-04
15.02 2.048593305214079299e-04
15.0283 2.063467063750798946e-04
15.0366 2.078432669120862191e-04
15.0449 2.093490582890623019e-04
15.0532 2.108641268373636160e-04
15.0616 2.123885190635524888e-04
15.0699 2.139222816497918028e-04
15.0782 2.154654614542570194e-04
15.0865 2.170181055115753626e-04
15.0948 2.185802610332493077e-04
15.1031 2.201519754080953314e-04
15.1114 2.217332962026367178e-04
15.1197 2.233242711615030603e-04
15.128 2.249249482079864024e-04
15.1363 2.265353754443292025e-04
15.1447 2.281556011521348939e-04
15.153 2.297856737929688305e-04
15.1613 2.314256420085964328e-04
15.1696 2.330755546215218727e-04
15.1779 2.347354606353852446e-04
15.1862 2.364054092353227911e-04
15.1945 2.380854497885344292e-04
15.2028 2.397756318446002822e-04
15.2111 2.414760051359387020e-04
15.2194 2.431866195782674607e-04
15.2278 2.449075252710063697e-04
15.2361 2.466387724976560995e-04
15.2444 2.483804117263272706e-04
15.2527 2.501324936101413372e-04
15.261 2.518950689875957736e-04
15.2693 2.536681888830635660e-04
15.2776 2.554519045072433194e-04
15.2859 2.572462672575067440e-04
15.2942 2.590513287183738070e-04
15.3025 2.608671406619896189e-04
15.3109 2.626937550485020068e-04
15.3192 2.645312240264955750e-04
15.3275 2.663795999334563937e-04
15.3358 2.682389352962072523e-04
15.3441 2.701092828313031219e-04
15.3524 2.719906954454781177e-04
15.3607 2.738832262360979368e-04
15.369 2.757869284916486161e-04
15.3773 2.777018556920566434e-04
15.3856 2.796280615091656808e-04
15.394 2.815655998072365447e-04
15.4023 2.835145246433173525e-04
15.4106 2.854748902677046877e-04
15.4189 2.874467511243997781e-04
15.4272 2.894301618514849312e-04
15.4355 2.914251772816042686e-04
15.4438 2.934318524424795903e-04
15.4521 2.954502425572001810e-04
15.4604 2.974804030447116780e-04
15.4687 2.995223895203472748e-04
15.4771 3.015762577961635538e-04
15.4854 3.036420638814457239e-04
15.4937 3.057198639830438860e-04
15.502 3.078097145059860407e-04
15.5103 3.099116720538010726e-04
15.5186 3.120257934289395827e-04
15.5269 3.141521356332970167e-04
15.5352 3.162907558686157950e-04
15.5435 3.184417115369596513e-04
15.5518 3.206050602411047589e-04
15.5601 3.227808597849948780e-04
15.5685 3.249691681742350479e-04
15.5768 3.271700436164805986e-04
15.5851 3.293835445219460748e-04
15.5934 3.316097295037609091e-04
15.6017 3.338486573784875074e-04
15.61 3.361003871665601888e-04
15.6183 3.383649780926956639e-04
15.6266 3.406424895863571821e-04
15.6349 3.429329812822014940e-04
15.6432 3.452365130205575262e-04
15.6516 3.475531448478050398e-04
15.6599 3.498829370169480638e-04
15.6682 3.522259499878926687e-04
15.6765 3.545822444280052215e-04
15.6848 3.569518812125884594e-04
15.6931 3.593349214252013831e-04
15.7014 3.617314263582635915e-04
15.7097 3.641414575134230974e-04
15.718 3.665650766020254613e-04
15.7263 3.690023455455010144e-04
15.7347 3.714533264759026232e-04
15.743 3.739180817363745523e-04
15.7513 3.763966738815123112e-04
15.7596 3.788891656778935885e-04
15.7679 3.813956201044512166e-04
15.7762 3.839161003530255738e-04
15.7845 3.864506698287623770e-04
15.7928 3.889993921505134036e-04
15.8011 3.915623311514727012e-04
15.8094 3.941395508794038900e-04
15.8178 3.967311155971867099e-04
15.8261 3.993370897833904546e-04
15.8344 4.019575381325829694e-04
15.8427 4.045925255558105189e-04
15.851 4.072421171810527182e-04
15.8593 4.099063783537633334e-04
15.8676 4.125853746372603768e-04
15.8759 4.152791718131227630e-04
15.8842 4.179878358817978954e-04
15.8925 4.207114330629672049e-04
15.9009 4.234500297959368424e-04
15.9092 4.262036927402689012e-04
15.9175 4.289724887761349752e-04
15.9258 4.317564850047063093e-04
15.9341 4.345557487488267636e-04
15.9424 4.373703475532849478e-04
15.9507 4.402003491852699122e-04
15.959 4.430458216350295826e-04
15.9673 4.459068331161039731e-04
15.9756 4.487834520659017643e-04
15.984 4.516757471461915556e-04
15.9923 4.545837872434492434e-04
16.0006 4.575076414694620843e-04
16.0089 4.604473791616972155e-04
16.0172 4.634030698837801132e-04
16.0255 4.663747834259513673e-04
16.0338 4.693625898055359233e-04
16.0421 4.723665592675695352e-04
16.0504 4.753867622849170514e-04
16.0587 4.784232695590872469e-04
16.067 4.814761520204674451e-04
16.0754 4.845454808288234970e-04
16.0837 4.876313273740041877e-04
16.092 4.907337632760781169e-04
16.1003 4.938528603859331000e-04
16.1086 4.969886907857925737e-04
16.1169 5.001413267897203462e-04
16.1252 5.033108409438842752e-04
16.1335 5.064973060271949715e-04
16.1418 5.097007950518444306e-04
16.1501 5.129213812635304622e-04
16.1585 5.161591381421001649e-04
16.1668 5.194141394020436713e-04
16.1751 5.226864589929303227e-04
16.1834 5.259761710996699617e-04
16.1917 5.292833501434063151e-04
16.2 5.326080707815915869e-04
16.2083 5.359504079086751431e-04
16.2166 5.393104366566395420e-04
16.2249 5.426882323951152422e-04
16.2332 5.460838707322782136e-04
16.2416 5.494974275151479851e-04
16.2499 5.529289788299292761e-04
16.2582 5.563786010027236672e-04
16.2665 5.598463705998969276e-04
16.2748 5.633323644285282003e-04
16.2831 5.668366595367980380e-04
16.2914 5.703593332147727148e-04
16.2997 5.739004629946010093e-04
16.308 5.774601266510144548e-04
16.3163 5.810384022019644172e-04
16.3247 5.846353679089548363e-04
16.333 5.882511022775359713e-04
16.3413 5.918856840579053745e-04
16.3496 5.955391922451729785e-04
16.3579 5.992117060800684295e-04
16.3662 6.029033050492989829e-04
16.3745 6.066140688859651860e-04
16.3828 6.103440775702029426e-04
16.3911 6.140934113295384812e-04
16.3994 6.178621506394682940e-04
16.4078 6.216503762238389337e-04
16.4161 6.254581690552851389e-04
16.4244 6.292856103560016783e-04
16.4327 6.331327815979369885e-04
16.441 6.369997645033027497e-04
16.4493 6.408866410451363694e-04
16.4576 6.447934934478061122e-04
16.4659 6.487204041875350947e-04
16.4742 6.526674559926447976e-04
16.4825 6.566347318442938407e-04
16.4909 6.606223149768472623e-04
16.4992 6.646302888784344498e-04
16.5075 6.686587372913201533e-04
16.5158 6.727077442124360703e-04
16.5241 6.767773938939814935e-04
16.5324 6.808677708437664610e-04
16.5407 6.849789598257257760e-04
16.549 6.891110458604842023e-04
16.5573 6.932641142257572929e-04
16.5656 6.974382504568686636e-04
16.5739 7.016335403472043816e-04
16.5823 7.058500699488915679e-04
16.5906 7.100879255730034199e-04
16.5989 7.143471937901107452e-04
16.6072 7.186279614310246396e-04
16.6155 7.229303155870600572e-04
16.6238 7.272543436104774058e-04
16.6321 7.316001331151760021e-04
16.6404 7.359677719769726041e-04
16.6487 7.403573483342501971e-04
16.657 7.447689505885035643e-04
16.6654 7.492026674046019892e-04
16.6737 7.536585877113913126e-04
16.682 7.581368007022463345e-04
16.6903 7.626373958356416453e-04
16.6986 7.671604628352828156e-04
16.7069 7.717060916910882485e-04
16.7152 7.762743726592677852e-04
16.7235 7.808653962630388197e-04
16.7318 7.854792532931385851e-04
16.7401 7.901160348082305121e-04
16.7485 7.947758321353298868e-04
16.7568 7.994587368704994751e-04
16.7651 8.041648408792963221e-04
16.7734 8.088942362969746063e-04
16.7817 8.136470155295370994e-04
16.79 8.184232712537318046e-04
16.7983 8.232230964177198254e-04
16.8066 8.280465842417849762e-04
16.8149 8.328938282183354080e-04
16.8232 8.377649221130397447e-04
16.8316 8.426599599648538618e-04
16.8399 8.475790360864902387e-04
16.8482 8.525222450655144113e-04
16.8565 8.574896817640206880e-04
16.8648 8.624814413196533591e-04
16.8731 8.674976191461095500e-04
16.8814 8.725383109335307268e-04
16.8897 8.776036126488229692e-04
16.898 8.826936205364490891e-04
16.9063 8.878084311188487584e-04
16.9147 8.929481411968207992e-04
16.923 8.981128478501578753e-04
16.9313 9.033026484381817631e-04
16.9396 9.085176406000463863e-04
16.9479 9.137579222555724341e-04
16.9562 9.190235916053376758e-04
16.9645 9.243147471315237224e-04
16.9728 9.296314875982641642e-04
16.9811 9.349739120521691075e-04
16.9894 9.403421198229427362e-04
16.9978 9.457362105236635785e-04
17.0061 9.511562840515718539e-04
17.0144 9.566024405882446804e-04
17.0227 9.620747806004054320e-04
17.031 9.675734048403660924e-04
17.0393 9.730984143463673698e-04
17.0476 9.786499104431937643e-04
17.0559 9.842279947429820579e-04
17.0642 9.898327691451329520e-04
17.0725 9.954643358370699000e-04
17.0808 1.001122797295137803e-03
17.0892 1.006808256284714466e-03
17.0975 1.012520815860453892e-03
17.1058 1.018260579367487144e-03
17.1141 1.024027650441689278e-03
17.1224 1.029822133009748297e-03
17.1307 1.035644131290204247e-03
17.139 1.041493749793718756e-03
17.1473 1.047371093323734440e-03
17.1556 1.053276266976842885e-03
17.1639 1.059209376143260611e-03
17.1723 1.065170526507735463e-03
17.1806 1.071159824049510182e-03
17.1889 1.077177375043122769e-03
17.1972 1.083223286059030758e-03
17.2055 1.089297663963836524e-03
17.2138 1.095400615920972924e-03
17.2221 1.101532249391275978e-03
17.2304 1.107692672133525234e-03
17.2387 1.113881992204740186e-03
17.247 1.120100317960685951e-03
17.2554 1.126347758056687283e-03
17.2637 1.132624421448258714e-03
17.272 1.138930417390766501e-03
17.2803 1.145265855440971660e-03
17.2886 1.151630845456995704e-03
17.2969 1.158025497598822416e-03
17.3052 1.164449922329200120e-03
17.3135 1.170904230413821658e-03
17.3218 1.177388532921801005e-03
17.3301 1.183902941226392313e-03
17.3385 1.190447567005643902e-03
17.3468 1.197022522242514918e-03
17.3551 1.203627919225562937e-03
17.3634 1.210263870549699436e-03
17.3717 1.216930489116362394e-03
17.38 1.223627888134373471e-03
17.3883 1.230356181120243093e-03
17.3966 1.237115481898287120e-03
17.4049 1.243905904602407315e-03
17.4132 1.250727563675319400e-03
17.4216 1.257580573869408703e-03
17.4299 1.264465050247967235e-03
17.4382 1.271381108184809882e-03
17.4465 1.278328863364939019e-03
17.4548 1.285308431785714802e-03
17.4631 1.292319929756834129e-03
17.4714 1.299363473900825043e-03
17.4797 1.306439181153927313e-03
17.488 1.313547168766253338e-03
17.4963 1.320687554302533637e-03
17.5047 1.327860455642595854e-03
17.513 1.335065990982014844e-03
17.5213 1.342304278832259475e-03
17.5296 1.349575438021636967e-03
17.5379 1.356879587695709660e-03
17.5462 1.364216847317525514e-03
17.5545 1.371587336668686269e-03
17.5628 1.378991175849489251e-03
17.5711 1.386428485279622789e-03
17.5794 1.393899385698279614e-03
17.5877 1.401403998165439910e-03
17.5961 1.408942444062015941e-03
17.6044 1.416514845089987150e-03
17.6127 1.424121323273549186e-03
17.621 1.431762000959539791e-03
17.6293 1.439437000817582555e-03
17.6376 1.447146445841136428e-03
17.6459 1.454890459347530848e-03
17.6542 1.462669164978808601e-03
17.6625 1.470482686702225201e-03
17.6708 1.478331148810900931e-03
17.6792 1.486214675923876139e-03
17.6875 1.494133392986971443e-03
17.6958 1.502087425273642947e-03
17.7041 1.510076898385118421e-03
17.7124 1.518101938251005967e-03
17.7207 1.526162671129463163e-03
17.729 1.534259223608344788e-03
17.7373 1.542391722605693759e-03
17.7456 1.550560295370054676e-03
17.7539 1.558765069480737503e-03
17.7623 1.567006172848651102e-03
17.7706 1.575283733717110094e-03
17.7789 1.583597880662158605e-03
17.7872 1.591948742592823752e-03
17.7955 1.600336448751688099e-03
17.8038 1.608761128716237323e-03
17.8121 1.617222912398216849e-03
17.8204 1.625721930044931587e-03
17.8287 1.634258312239661622e-03
17.837 1.642832189901995707e-03
17.8454 1.651443694288842615e-03
17.8537 1.660092956993977284e-03
17.862 1.668780109949930153e-03
17.8703 1.677505285427432699e-03
17.8786 1.686268616036419241e-03
17.8869 1.695070234726643848e-03
17.8952 1.703910274787841022e-03
17.9035 1.712788869850874083e-03
17.9118 1.721706153887632602e-03
17.9201 1.730662261211801970e-03
17.9285 1.739657326479758948e-03
17.9368 1.748691484690477992e-03
17.9451 1.757764871186762688e-03
17.9534 1.766877621655126279e-03
17.9617 1.776029872126855692e-03
17.97 1.785221758978055998e-03
17.9783 1.794453418930892470e-03
17.9866 1.803724989053495827e-03
17.9949 1.813036606760654382e-03
18.0032 1.822388409814739308e-03
18.0116 1.831780536325438571e-03
18.0199 1.841213124751312760e-03
18.0282 1.850686313899636360e-03
18.0365 1.860200242927124168e-03
18.0448 1.869755051340559479e-03
18.0531 1.879350878997172476e-03
18.0614 1.888987866105574153e-03
18.0697 1.898666153225520839e-03
18.078 1.908385881269370268e-03
18.0863 1.918147191502284337e-03
18.0946 1.927950225542317568e-03
18.103 1.937795125361441249e-03
18.1113 1.947682033286465657e-03
18.1196 1.957611091998455021e-03
18.1279 1.967582444534337130e-03
18.1362 1.977596234287301233e-03
18.1445 1.987652605006462372e-03
18.1528 1.997751700798564446e-03
18.1611 2.007893666127727374e-03
18.1694 2.018078645816335712e-03
18.1777 2.028306785045895164e-03
18.1861 2.038578229356805775e-03
18.1944 2.048893124649063188e-03
18.2027 2.059251617183927453e-03
18.211 2.069653853583075173e-03
18.2193 2.080099980829776089e-03
18.2276 2.090590146269050934e-03
18.2359 2.101124497609047070e-03
18.2442 2.111703182920930937e-03
18.2525 2.122326350639140453e-03
18.2608 2.132994149563045578e-03
18.2692 2.143706728856523743e-03
18.2775 2.154464238048645498e-03
18.2858 2.165266827034389215e-03
18.2941 2.176114646075686700e-03
18.3024 2.187007845801087948e-03
18.3107 2.197946577206686628e-03
18.319 2.208930991656481765e-03
18.3273 2.219961240883729092e-03
18.3356 2.231037476990885976e-03
18.3439 2.242159852449297861e-03
18.3523 2.253328520101671121e-03
18.3606 2.264543633161087300e-03
18.3689 2.275805345211923819e-03
18.3772 2.287113810210834527e-03
18.3855 2.298469182487151291e-03
18.3938 2.309871616742938637e-03
18.4021 2.321321268053781316e-03
18.4104 2.332818291870115274e-03
18.4187 2.344362844016468269e-03
18.427 2.355955080692702808e-03
18.4354 2.367595158475292033e-03
18.4437 2.379283234316368657e-03
18.452 2.391019465544876824e-03
18.4603 2.402804009868083051e-03
18.4686 2.414637025370577894e-03
18.4769 2.426518670516207999e-03
18.4852 2.438449104147430782e-03
18.4935 2.450428485486513559e-03
18.5018 2.462456974136360138e-03
18.5101 2.474534730080830448e-03
18.5185 2.486661913684578337e-03
18.5268 2.498838685694052941e-03
18.5351 2.511065207239419027e-03
18.5434 2.523341639832944131e-03
18.5517 2.535668145370515141e-03
18.56 2.548044886132537750e-03
18.5683 2.560472024783824133e-03
18.5766 2.572949724374549215e-03
18.5849 2.585478148341457168e-03
18.5932 2.598057460506405982e-03
18.6015 2.610687825078817758e-03
18.6099 2.623369406656072059e-03
18.6182 2.636102370222764748e-03
18.6265 2.648886881152839965e-03
18.6348 2.661723105208873251e-03
18.6431 2.674611208543267640e-03
18.6514 2.687551357698985711e-03
18.6597 2.700543719609349233e-03
18.668 2.713588461599895311e-03
18.6763 2.726685751387278745e-03
18.6846 2.739835757081044917e-03
18.693 2.753038647183271136e-03
18.7013 2.766294590590712924e-03
18.7096 2.779603756593551980e-03
18.7179 2.792966314876472143e-03
18.7262 2.806382435519799538e-03
18.7345 2.819852289000104525e-03
18.7428 2.833376046189855623e-03
18.7511 2.846953878358288604e-03
18.7594 2.860585957172426946e-03
18.7677 2.874272454697376303e-03
18.7761 2.888013543397150232e-03
18.7844 2.901809396134231740e-03
18.7927 2.915660186171080762e-03
18.801 2.929566087170839758e-03
18.8093 2.943527273197053557e-03
18.8176 2.957543918715193742e-03
18.8259 2.971616198592128260e-03
18.8342 2.985744288097183074e-03
18.8425 2.999928362903065034e-03
18.8508 3.014168599086286451e-03
18.8592 3.028465173127234920e-03
18.8675 3.042818261911012494e-03
18.8758 3.057228042727980384e-03
18.8841 3.071694693274375654e-03
18.8924 3.086218391653230628e-03
18.9007 3.100799316373940070e-03
18.909 3.115437646353820273e-03
18.9173 3.130133560917810684e-03
18.9256 3.144887239799886401e-03
18.9339 3.159698863143536526e-03
18.9423 3.174568611500960553e-03
18.9506 3.189496665835091487e-03
18.9589 3.204483207520359561e-03
18.9672 3.219528418341646627e-03
18.9755 3.234632480496071622e-03
18.9838 3.249795576593916911e-03
18.9921 3.265017889657293847e-03
19.0004 3.280299603122835070e-03
19.0087 3.295640900841579138e-03
19.017 3.311041967078134397e-03
19.0254 3.326502986513555152e-03
19.0337 3.342024144243990313e-03
19.042 3.357605625782005693e-03
19.0503 3.373247617058222018e-03
19.0586 3.388950304418992567e-03
19.0669 3.404713874629518734e-03
19.0752 3.420538514874304527e-03
19.0835 3.436424412755578837e-03
19.0918 3.452371756296521588e-03
19.1001 3.468380733940145278e-03
19.1085 3.484451534550277695e-03
19.1168 3.500584347411924910e-03
19.1251 3.516779362231834197e-03
19.1334 3.533036769139797674e-03
19.1417 3.549356758688587687e-03
19.15 3.565739521853839283e-03
19.1583 3.582185250036133174e-03
19.1666 3.598694135060391194e-03
19.1749 3.615266369176410154e-03
19.1832 3.631902145060456923e-03
19.1915 3.648601655814578439e-03
19.1999 3.665365094967798672e-03
19.2082 3.682192656476886670e-03
19.2165 3.699084534726324470e-03
19.2248 3.716040924528949373e-03
19.2331 3.733062021127042922e-03
19.2414 3.750148020192353021e-03
19.2497 3.767299117826780445e-03
19.258 3.784515510563190265e-03
19.2663 3.801797395365081808e-03
19.2746 3.819144969628194587e-03
19.283 3.836558431181301063e-03
19.2913 3.854037978284868306e-03
19.2996 3.871583809633704319e-03
19.3079 3.889196124355881207e-03
19.3162 3.906875122014895341e-03
19.3245 3.924621002609053264e-03
19.3328 3.942433966571697208e-03
19.3411 3.960314214773421639e-03
19.3494 3.978261948520645137e-03
19.3577 3.996277369557413653e-03
19.3661 4.014360680065809026e-03
19.3744 4.032512082666622061e-03
19.3827 4.050731780418369808e-03
19.391 4.069019976819927137e-03
19.3993 4.087376875810660309e-03
19.4076 4.105802681768903895e-03
19.4159 4.124297599515426745e-03
19.4242 4.142861834312301823e-03
19.4325 4.161495591863993877e-03
19.4408 4.180199078317988273e-03
19.4492 4.198972500263389342e-03
19.4575 4.217816064734345588e-03
19.4658 4.236729979209875353e-03
19.4741 4.255714451613105270e-03
19.4824 4.274769690313109070e-03
19.4907 4.293895904124205021e-03
19.499 4.313093302307775649e-03
19.5073 4.332362094572210498e-03
19.5156 4.351702491073610422e-03
19.5239 4.371114702415394675e-03
19.5323 4.390598939650749467e-03
19.5406 4.410155414281889848e-03
19.5489 4.429784338260307763e-03
19.5572 4.449485923987833713e-03
19.5655 4.469260384317188389e-03
19.5738 4.489107932553242086e-03
19.5821 4.509028782451672893e-03
19.5904 4.529023148219896502e-03
19.5987 4.549091244520810616e-03
19.607 4.569233286469452995e-03
19.6154 4.589449489633973776e-03
19.6237 4.609740070038913229e-03
19.632 4.630105244161852006e-03
19.6403 4.650545228937385395e-03
19.6486 4.671060241756395601e-03
19.6569 4.691650500465775059e-03
19.6652 4.712316223370137738e-03
19.6735 4.733057629231650874e-03
19.6818 4.753874937270332474e-03
19.6901 4.774768367165662004e-03
19.6984 4.795738139056478049e-03
19.7068 4.816784473540864676e-03
19.7151 4.837907591677758669e-03
19.7234 4.859107714987264369e-03
19.7317 4.880385065450410821e-03
19.74 4.901739865510668787e-03
19.7483 4.923172338073371346e-03
19.7566 4.944682706507288160e-03
19.7649 4.966271194644862261e-03
19.7732 4.987938026782754754e-03
19.7815 5.009683427681631447e-03
19.7899 5.031507622568469167e-03
19.7982 5.053410837133612797e-03
19.8065 5.075393297535413066e-03
19.8148 5.097455230399982815e-03
19.8231 5.119596862817116061e-03
19.8314 5.141818422346977092e-03
19.8397 5.164120137018209621e-03
19.848 5.186502235326869055e-03
19.8563 5.208964946238305548e-03
19.8646 5.231508499188403452e-03
19.873 5.254133124083696683e-03
19.8813 5.276839051300963659e-03
19.8896 5.299626511687475366e-03
19.8979 5.322495736563754437e-03
19.9062 5.345446957722623654e-03
19.9145 5.368480407428041085e-03
19.9228 5.391596318419976386e-03
19.9311 5.414794923910387116e-03
19.9394 5.438076457586276183e-03
19.9477 5.461441153609692713e-03
19.9561 5.484889246617623629e-03
19.9644 5.508420971724147311e-03
19.9727 5.532036564517894828e-03
19.981 5.555736261065942656e-03
19.9893 5.579520297913166497e-03
19.9976 5.603388912081490141e-03
20.0059 5.627342341070533382e-03
20.0142 5.651380822860117836e-03
20.0225 5.675504595910477700e-03
20.0308 5.699713899159568331e-03
20.0392 5.724008972027272088e-03
20.0475 5.748390054414559587e-03
20.0558 5.772857386702375145e-03
20.0641 5.797411209755715979e-03
20.0724 5.822051764920181845e-03
20.0807 5.846779294025893775e-03
20.089 5.871594039385904205e-03
20.0973 5.896496243796290650e-03
20.1056 5.921486150538724826e-03
20.1139 5.946564003380183823e-03
20.1223 5.971730046571600489e-03
20.1306 5.996984524850990268e-03
20.1389 6.022327683442692259e-03
20.1472 6.047759768058537551e-03
20.1555 6.073281024894166408e-03
20.1638 6.098891700638943078e-03
20.1721 6.124592042467631725e-03
20.1804 6.150382298041567365e-03
20.1887 6.176262715515016231e-03
20.197 6.202233543531591835e-03
20.2053 6.228295031222969534e-03
20.2137 6.254447428214753371e-03
20.222 6.280690984621174755e-03
20.2303 6.307025951049378097e-03
20.2386 6.333452578599203971e-03
20.2469 6.359971118862123123e-03
20.2552 6.386581823923319877e-03
20.2635 6.413284946362778939e-03
20.2718 6.440080739252546267e-03
20.2801 6.466969456160583628e-03
20.2884 6.493951351150644563e-03
20.2968 6.521026678779757307e-03
20.3051 6.548195694102305724e-03
20.3134 6.575458652671454379e-03
20.3217 6.602815810533735341e-03
20.33 6.630267424233956576e-03
20.3383 6.657813750816247121e-03
20.3466 6.685455047822352719e-03
20.3549 6.713191573293404366e-03
20.3632 6.741023585768806357e-03
20.3715 6.768951344288102849e-03
20.3799 6.796975108391772359e-03
20.3882 6.825095138119747183e-03
20.3965 6.853311694015402390e-03
20.4048 6.881625037120752374e-03
20.4131 6.910035428981491090e-03
20.4214 6.938543131647162930e-03
20.4297 6.967148407667068770e-03
20.438 6.995851520096220411e-03
20.4463 7.024652732493978820e-03
20.4546 7.053552308922176294e-03
20.463 7.082550513948119263e-03
20.4713 7.111647612645317744e-03
20.4796 7.140843870592088020e-03
20.4879 7.170139553873694158e-03
20.4962 7.199534929079189939e-03
20.5045 7.229030263308483528e-03
20.5128 7.258625824168220102e-03
20.5211 7.288321879770032381e-03
20.5294 7.318118698736754413e-03
20.5377 7.348016550199482945e-03
20.5461 7.378015703796625933e-03
20.5544 7.408116429678572416e-03
20.5627 7.438318998506617853e-03
20.571 7.468623681448612571e-03
20.5793 7.499030750186998738e-03
20.5876 7.529540476914687794e-03
20.5959 7.560153134334208699e-03
20.6042 7.590868995663841053e-03
20.6125 7.621688334631403043e-03
20.6208 7.652611425481407187e-03
20.6292 7.683638542968152657e-03
20.6375 7.714769962361013589e-03
20.6458 7.746005959445300369e-03
20.6541 7.777346810519176167e-03
20.6624 7.808792792396841015e-03
20.6707 7.840344182407638432e-03
20.679 7.872001258398519594e-03
20.6873 7.903764298731189714e-03
20.6956 7.935633582283767307e-03
20.7039 7.967609388452740957e-03
20.7122 7.999691997152554718e-03
20.7206 8.031881688815498826e-03
20.7289 8.064178744391260409e-03
20.7372 8.096583445348430955e-03
20.7455 8.129096073677493511e-03
20.7538 8.161716911885316672e-03
20.7621 8.194446242999959759e-03
20.7704 8.227284350572280913e-03
20.7787 8.260231518670295772e-03
20.787 8.293288031885136247e-03
20.7953 8.326454175329978460e-03
20.8037 8.359730234637855265e-03
20.812 8.393116495968140633e-03
20.8203 8.426613246000122515e-03
20.8286 8.460220771935582362e-03
20.8369 8.493939361502526528e-03
20.8452 8.527769302951833039e-03
20.8535 8.561710885057997530e-03
20.8618 8.595764397121015421e-03
20.8701 8.629930128965415670e-03
20.8784 8.664208370940887013e-03
20.8868 8.698599413926059662e-03
20.8951 8.733103549321977535e-03
20.9034 8.767721069058031017e-03
20.9117 8.802452265590073044e-03
20.92 8.837297431901466882e-03
20.9283 8.872256861503559702e-03
20.9366 8.907330848436057283e-03
20.9449 8.942519687265792355e-03
20.9532 8.977823673089009235e-03
20.9615 9.013243101533389978e-03
20.9699 9.048778268751207429e-03
20.9782 9.084429471427646688e-03
20.9865 9.120197006781263077e-03
20.9948 9.156081172555200973e-03
21.0031 9.192082267024960160e-03
21.0114 9.228200589001273740e-03
21.0197 9.264436437821708600e-03
21.028 9.300790113358018904e-03
21.0363 9.337261916015240568e-03
21.0446 9.373852146728870599e-03
21.053 9.410561106967404998e-03
21.0613 9.447389098734193177e-03
21.0696 9.484336424566188958e-03
21.0779 9.521403387533116172e-03
21.0862 9.558590291238663883e-03
21.0945 9.595897439823196026e-03
21.1028 9.633325137959383375e-03
21.1111 9.670873690858918653e-03
21.1194 9.708543404266337454e-03
21.1277 9.746334584459538652e-03
21.1361 9.784247538257994856e-03
21.1444 9.822282573015513399e-03
21.1527 9.860439996621575554e-03
21.161 9.898720117504481580e-03
21.1693 9.937123244629602128e-03
21.1776 9.975649687498967105e-03
21.1859 1.001429975615282693e-02
21.1942 1.005307376117210022e-02
21.2025 1.009197201367550978e-02
21.2108 1.013099482531719213e-02
21.2191 1.017014250829482991e-02
21.2275 1.020941537534591353e-02
21.2358 1.024881373974335583e-02
21.2441 1.028833791530339367e-02
21.2524 1.032798821638489933e-02
21.2607 1.036776495788303831e-02
21.269 1.040766845523493321e-02
21.2773 1.044769902442118856e-02
21.2856 1.048785698196256881e-02
21.2939 1.052814264491977285e-02
21.3022 1.056855633090037806e-02
21.3106 1.060909835805030899e-02
21.3189 1.064976904505880208e-02
21.3272 1.069056871115903543e-02
21.3355 1.073149767612698209e-02
21.3438 1.077255626028114990e-02
21.3521 1.081374478448579243e-02
21.3604 1.085506357014586615e-02
21.3687 1.089651293921346971e-02
21.377 1.093809321418627058e-02
21.3853 1.097980471810115766e-02
21.3937 1.102164777454478842e-02
21.402 1.106362270764746011e-02
21.4103 1.110572984208323816e-02
21.4186 1.114796950307636765e-02
21.4269 1.119034201639492083e-02
21.4352 1.123284770834859572e-02
21.4435 1.127548690579999874e-02
21.4518 1.131825993615467700e-02
21.4601 1.136116712736511165e-02
21.4684 1.140420880793426017e-02
21.4768 1.144738530690688448e-02
21.4851 1.149069695387929836e-02
21.4934 1.153414407899455707e-02
21.5017 1.157772701294256142e-02
21.51 1.162144608696378048e-02
21.5183 1.166530163284295457e-02
21.5266 1.170929398291581033e-02
21.5349 1.175342347006976679e-02
21.5432 1.179769042773595213e-02
21.5515 1.184209518989842030e-02
21.5599 1.188663809108638468e-02
21.5682 1.193131946638193060e-02
21.5765 1.197613965141818004e-02
21.5848 1.202109898237448821e-02
21.5931 1.206619779598223224e-02
21.6014 1.211143642952148929e-02
21.6097 1.215681522082596999e-02
21.618 1.220233450827629303e-02
21.6263 1.224799463080555005e-02
21.6346 1.229379592789999788e-02
21.643 1.233973873959296266e-02
21.6513 1.238582340646932935e-02
21.6596 1.243205026967065911e-02
21.6679 1.247841967088529624e-02
21.6762 1.252493195235263208e-02
21.6845 1.257158745686588579e-02
21.6928 1.261838652777085533e-02
21.7011 1.266532950896699303e-02
21.7094 1.271241674490198106e-02
21.7177 1.275964858057637881e-02
21.726 1.280702536154802035e-02
21.7344 1.285454743392261054e-02
21.7427 1.290221514436087381e-02
21.751 1.295002884007644475e-02
21.7593 1.299798886883567900e-02
21.7676 1.304609557895787531e-02
21.7759 1.309434931931588615e-02
21.7842 1.314275043933820289e-02
21.7925 1.319129928900312533e-02
21.8008 1.323999621884562605e-02
21.8091 1.328884157995191724e-02
21.8175 1.333783572396443975e-02
21.8258 1.338697900307852899e-02
21.8341 1.343627177004548361e-02
21.8424 1.348571437816758686e-02
21.8507 1.353530718130140434e-02
21.859 1.358505053386250584e-02
21.8673 1.363494479081570412e-02
21.8756 1.368499030768352380e-02
21.8839 1.373518744054160433e-02
21.8922 1.378553654602010514e-02
21.9006 1.383603798130780480e-02
21.9089 1.388669210414008280e-02
21.9172 1.393749927281413836e-02
21.9255 1.398845984618255628e-02
21.9338 1.403957418364624142e-02
21.9421 1.409084264516652363e-02
21.9504 1.414226559126077407e-02
21.9587 1.419384338299781514e-02
21.967 1.424557638200506585e-02
21.9753 1.429746495045843002e-02
21.9837 1.434950945109737634e-02
21.992 1.440171024721422638e-02
22.0003 1.445406770265185090e-02
22.0086 1.450658218181522137e-02
22.0169 1.455925404966114042e-02
22.0252 1.461208367170001125e-02
22.0335 1.466507141400204273e-02
22.0418 1.471821764319170348e-02
22.0501 1.477152272644333478e-02
22.0584 1.482498703149451140e-02
22.0668 1.487861092663514927e-02
22.0751 1.493239478070826007e-02
22.0834 1.498633896311470266e-02
22.0917 1.504044384381107713e-02
22.1 1.509470979330878454e-02
22.1083 1.514913718267114733e-02
22.1166 1.520372638352194411e-02
22.1249 1.525847776804069127e-02
22.1332 1.531339170895586188e-02
22.1415 1.536846857955587002e-02
22.1499 1.542370875368372952e-02
22.1582 1.547911260573935251e-02
22.1665 1.553468051067236413e-02
22.1748 1.559041284399068431e-02
22.1831 1.564630998175775209e-02
22.1914 1.570237230059502373e-02
22.1997 1.575860017767282545e-02
22.208 1.581499399071443698e-02
22.2163 1.587155411800659013e-02
22.2246 1.592828093838710365e-02
22.2329 1.598517483124537245e-02
22.2413 1.604223617652801928e-02
22.2496 1.609946535473416943e-02
22.2579 1.615686274691951335e-02
22.2662 1.621442873469275750e-02
22.2745 1.627216370021689062e-02
22.2828 1.633006802621202527e-02
22.2911 1.638814209594430596e-02
22.2994 1.644638629324108106e-02
22.3077 1.650480100248060550e-02
22.316 1.656338660859528467e-02
22.3244 1.662214349706773661e-02
22.3327 1.668107205394155773e-02
22.341 1.674017266580707722e-02
22.3493 1.679944571980815371e-02
22.3576 1.685889160364417716e-02
22.3659 1.691851070556221054e-02
22.3742 1.697830341437282439e-02
22.3825 1.703827011942563377e-02
22.3908 1.709841121063184963e-02
22.3991 1.715872707845167433e-02
22.4075 1.721921811389550208e-02
22.4158 1.727988470853028188e-02
22.4241 1.734072725446927227e-02
22.4324 1.740174614438191533e-02
22.4407 1.746294177148521171e-02
22.449 1.752431452954884838e-02
22.4573 1.758586481289442158e-02
22.4656 1.764759301639155092e-02
22.4739 1.770949953546335082e-02
22.4822 1.777158476608256890e-02
22.4906 1.783384910476804378e-02
22.4989 1.789629294859489822e-02
22.5072 1.795891669518516476e-02
22.5155 1.802172074270780647e-02
22.5238 1.808470548988259929e-02
22.5321 1.814787133597901836e-02
22.5404 1.821121868081578346e-02
22.5487 1.827474792476013743e-02
22.557 1.833845946872704469e-02
22.5653 1.840235371417648161e-02
22.5737 1.846643106312041011e-02
22.582 1.853069191811350033e-02
22.5903 1.859513668226510374e-02
22.5986 1.865976575922607614e-02
22.6069 1.872457955318997461e-02
22.6152 1.878957846891119929e-02
22.6235 1.885476291167326526e-02
22.6318 1.892013328731164887e-02
22.6401 1.898569000221410688e-02
22.6484 1.905143346330565035e-02
22.6568 1.911736407805659371e-02
22.6651 1.918348225448758895e-02
22.6734 1.924978840115727091e-02
22.6817 1.931628292717069151e-02
22.69 1.938296624217586764e-02
22.6983 1.944983875636454793e-02
22.7066 1.951690088047442276e-02
22.7149 1.958415302577996842e-02
22.7232 1.965159560410277562e-02
22.7315 1.971922902780112383e-02
22.7398 1.978705370978074002e-02
22.7482 1.985507006348710343e-02
22.7565 1.992327850290119551e-02
22.7648 1.999167944255251378e-02
22.7731 2.006027329750484367e-02
22.7814 2.012906048336356515e-02
22.7897 2.019804141627557295e-02
22.798 2.026721651291745266e-02
22.8063 2.033658619051905217e-02
22.8146 2.040615086683683285e-02
22.8229 2.047591096016827816e-02
22.8313 2.054586688934919095e-02
22.8396 2.061601907375142095e-02
22.8479 2.068636793328317361e-02
22.8562 2.075691388838785470e-02
22.8645 2.082765736004972904e-02
22.8728 2.089859876977836692e-02
22.8811 2.096973853962522810e-02
22.8894 2.104107709217609493e-02
22.8977 2.111261485054538589e-02
22.906 2.118435223838701156e-02
22.9144 2.125628967988759874e-02
22.9227 2.132842759975438901e-02
22.931 2.140076642324003839e-02
22.9393 2.147330657612866317e-02
22.9476 2.154604848472941453e-02
22.9559 2.161899257587832426e-02
22.9642 2.169213927694542063e-02
22.9725 2.176548901583687939e-02
22.9808 2.183904222098155545e-02
22.9891 2.191279932132828359e-02
22.9975 2.198676074637058442e-02
23.0058 2.206092692612187517e-02
23.0141 2.213529829111662503e-02
23.0224 2.220987527242369863e-02
23.0307 2.228465830163219377e-02
23.039 2.235964781085918868e-02
23.0473 2.243484423274413886e-02
23.0556 2.251024800045703725e-02
23.0639 2.258585954768304802e-02
23.0722 2.266167930863264776e-02
23.0806 2.273770771804144164e-02
23.0889 2.281394521116463653e-02
23.0972 2.289039222377994495e-02
23.1055 2.296704919217608734e-02
23.1138 2.304391655317863941e-02
23.1221 2.312099474412263045e-02
23.1304 2.319828420285765733e-02
23.1387 2.327578536776526985e-02
23.147 2.335349867772562593e-02
23.1553 2.343142457215183910e-02
23.1637 2.350956349096594220e-02
23.172 2.358791587460400130e-02
23.1803 2.366648216402199301e-02
23.1886 2.374526280068434830e-02
23.1969 2.382425822657275455e-02
23.2052 2.390346888418206847e-02
23.2135 2.398289521652247763e-02
23.2218 2.406253766710149747e-02
23.2301 2.414239667995000255e-02
23.2384 2.422247269961151292e-02
23.2467 2.430276617112534648e-02
23.2551 2.438327754005403109e-02
23.2634 2.446400725245949717e-02
23.2717 2.454495575490709888e-02
23.28 2.462612349447869733e-02
23.2883 2.470751091876202329e-02
23.2966 2.478911847583686878e-02
23.3049 2.487094661429797848e-02
23.3132 2.495299578324189013e-02
23.3215 2.503526643226475223e-02
23.3298 2.511775901147030726e-02
23.3382 2.520047397145604162e-02
23.3465 2.528341176332370155e-02
23.3548 2.536657283867783941e-02
23.3631 2.544995764961594312e-02
23.3714 2.553356664873355011e-02
23.3797 2.561740028913000664e-02
23.388 2.570145902439107191e-02
23.3963 2.578574330860625499e-02
23.4046 2.587025359635797273e-02
23.4129 2.595499034272296876e-02
23.4213 2.603995400326218276e-02
23.4296 2.612514503403667518e-02
23.4379 2.621056389160534433e-02
23.4462 2.629621103300555304e-02
23.4545 2.638208691576749559e-02
23.4628 2.646819199790986440e-02
23.4711 2.655452673794055779e-02
23.4794 2.664109159485957001e-02
23.4877 2.672788702814174813e-02
23.496 2.681491349775115204e-02
23.5044 2.690217146414243879e-02
23.5127 2.698966138824447289e-02
23.521 2.707738373147026631e-02
23.5293 2.716533895572061097e-02
23.5376 2.725352752337049586e-02
23.5459 2.734194989727693412e-02
23.5542 2.743060654077117064e-02
23.5625 2.751949791766511791e-02
23.5708 2.760862449224985721e-02
23.5791 2.769798672929077096e-02
23.5875 2.778758509402322330e-02
23.5958 2.787742005216042526e-02
23.6041 2.796749206988562511e-02
23.6124 2.805780161385357935e-02
23.6207 2.814834915119548975e-02
23.629 2.823913514950701295e-02
23.6373 2.833016007685322524e-02
23.6456 2.842142440176158649e-02
23.6539 2.851292859323399306e-02
23.6622 2.860467312073548471e-02
23.6706 2.869665845419077863e-02
23.6789 2.878888506399342531e-02
23.6872 2.888135342099675332e-02
23.6955 2.897406399651804992e-02
23.7038 2.906701726232246638e-02
23.7121 2.916021369065122798e-02
23.7204 2.925365375419626546e-02
23.7287 2.934733792610106154e-02
23.737 2.944126667997121888e-02
23.7453 2.953544048985902795e-02
23.7536 2.962985983028250045e-02
23.762 2.972452517620294624e-02
23.7703 2.981943700303284206e-02
23.7786 2.991459578663296232e-02
23.7869 3.001000200331814180e-02
23.7952 3.010565612984889700e-02
23.8035 3.020155864342871990e-02
23.8118 3.029771002170833852e-02
23.8201 3.039411074278649746e-02
23.8284 3.049076128519604897e-02
23.8367 3.058766212791661984e-02
23.8451 3.068481375037120443e-02
23.8534 3.078221663241163461e-02
23.8617 3.087987125433255126e-02
23.87 3.097777809687568898e-02
23.8783 3.107593764120215526e-02
23.8866 3.117435036890856687e-02
23.8949 3.127301676203540076e-02
23.9032 3.137193730304491113e-02
23.9115 3.147111247483514590e-02
23.9198 3.157054276073097826e-02
23.9282 3.167022864447325420e-02
23.9365 3.177017061025334821e-02
23.9448 3.187036914267259158e-02
23.9531 3.197082472674860759e-02
23.9614 3.207153784793542739e-02
23.9697 3.217250899210222920e-02
23.978 3.227373864553691185e-02
23.9863 3.237522729494765605e-02
23.9946 3.247697542745608956e-02
24.0029 3.257898353059889701e-02
24.0113 3.268125209233542494e-02
24.0196 3.278378160102937006e-02
24.0279 3.288657254545572506e-02
24.0362 3.298962541479615734e-02
24.0445 3.309294069865223453e-02
24.0528 3.319651888702217918e-02
24.0611 3.330036047031958990e-02
24.0694 3.340446593934968261e-02
24.0777 3.350883578532445894e-02
24.086 3.361347049986286584e-02
24.0944 3.371837057497396872e-02
24.1027 3.382353650307548532e-02
24.111 3.392896877697760410e-02
24.1193 3.403466788988119412e-02
24.1276 3.414063433538340464e-02
24.1359 3.424686860747509082e-02
24.1442 3.435337120053497811e-02
24.1525 3.446014260934203433e-02
24.1608 3.456718332904173269e-02
24.1691 3.467449385517821364e-02
24.1775 3.478207468368692962e-02
24.1858 3.488992631086582086e-02
24.1941 3.499804923341680307e-02
24.2024 3.510644394840874843e-02
24.2107 3.521511095328524327e-02
24.219 3.532405074587954830e-02
24.2273 3.543326382438526795e-02
24.2356 3.554275068738010218e-02
24.2439 3.565251183380258732e-02
24.2522 3.576254776296975552e-02
24.2605 3.587285897457073713e-02
24.2689 3.598344596865150208e-02
24.2772 3.609430924562053583e-02
24.2855 3.620544930626316826e-02
24.2938 3.631686665171436623e-02
24.3021 3.642856178347238932e-02
24.3104 3.654053520339842903e-02
24.3187 3.665278741370143339e-02
24.327 3.676531891695385829e-02
24.3353 3.687813021606983765e-02
24.3436 3.699122181432687451e-02
24.352 3.710459421534547525e-02
24.3603 3.721824792309606084e-02
24.3686 3.733218344189265930e-02
24.3769 3.744640127639188576e-02
24.3852 3.756090193159790369e-02
24.3935 3.767568591285076762e-02
24.4018 3.779075372583608206e-02
24.4101 3.790610587656339375e-02
24.4184 3.802174287139043624e-02
24.4267 3.813766521700752421e-02
24.4351 3.825387342041342009e-02
24.4434 3.837036798897132395e-02
24.4517 3.848714943035354275e-02
24.46 3.860421825255982986e-02
24.4683 3.872157496390046805e-02
24.4766 3.883922007303441254e-02
24.4849 3.895715408893054427e-02
24.4932 3.907537752086160526e-02
24.5015 3.919389087842958808e-02
24.5098 3.931269467154965835e-02
24.5182 3.943178941044658825e-02
24.5265 3.955117560565846874e-02
24.5348 3.967085376803119318e-02
24.5431 3.979082440871882509e-02
24.5514 3.991108803917359921e-02
24.5597 4.003164517114106424e-02
24.568 4.015249631669591535e-02
24.5763 4.027364198819126384e-02
24.5846 4.039508269827354892e-02
24.5929 4.051681895989674848e-02
24.6013 4.063885128630115307e-02
24.6096 4.076118019101131196e-02
24.6179 4.088380618783973852e-02
24.6262 4.100672979090230763e-02
24.6345 4.112995151457839865e-02
24.6428 4.125347187353414768e-02
24.6511 4.137729138273007340e-02
24.6594 4.150141055738711809e-02
24.6677 4.162582991299816626e-02
24.676 4.175054996535587648e-02
24.6844 4.187557123049080732e-02
24.6927 4.200089422472389616e-02
24.701 4.212651946464100738e-02
24.7093 4.225244746708308602e-02
24.7176 4.237867874916872307e-02
24.7259 4.250521382825456912e-02
24.7342 4.263205322197470559e-02
24.7425 4.275919744821272267e-02
24.7508 4.288664702510102539e-02
24.7591 4.301440247103809761e-02
24.7674 4.314246430465048382e-02
24.7758 4.327083304482423620e-02
24.7841 4.339950921069134909e-02
24.7924 4.352849332162131435e-02
24.8007 4.365778589722818515e-02
24.809 4.378738745734928745e-02
24.8173 4.391729852207029022e-02
24.8256 4.404751961172319319e-02
24.8339 4.417805124684462403e-02
24.8422 4.430889394819957638e-02
24.8505 4.444004823679745253e-02
24.8589 4.457151463387723500e-02
24.8672 4.470329366086210621e-02
24.8755 4.483538583942285605e-02
24.8838 4.496779169144521360e-02
24.8921 4.510051173902545479e-02
24.9004 4.523354650447612008e-02
24.9087 4.536689651028855130e-02
24.917 4.550056227920108720e-02
24.9253 4.563454433414110278e-02
24.9336 4.576884319823218417e-02
24.942 4.590345939480360710e-02
24.9503 4.603839344737217787e-02
24.9586 4.617364587965933076e-02
24.9669 4.630921721558172582e-02
24.9752 4.644510797923299961e-02
24.9835 4.658131869489461757e-02
24.9918 4.671784988703415326e-02
25.0001 4.685470208030346334e-02
25.0084 4.699187579954203220e-02
25.0167 4.712937156974603137e-02
25.0251 4.726718991609454856e-02
25.0334 4.740533136394144142e-02
25.0417 4.754379643880347894e-02
25.05 4.768258566636503909e-02
25.0583 4.782169957248010722e-02
25.0666 4.796113868315168144e-02
25.0749 4.810090352455155538e-02
25.0832 4.824099462299094587e-02
25.0915 4.838141250495770623e-02
25.0998 4.852215769706708787e-02
25.1082 4.866323072609257672e-02
25.1165 4.880463211895183506e-02
25.1248 4.894636240269620298e-02
25.1331 4.908842210453796817e-02
25.1414 4.923081175179860186e-02
25.1497 4.937353187193226078e-02
25.158 4.951658299255293216e-02
25.1663 4.965996564139030234e-02
25.1746 4.980368034627578877e-02
25.1829 4.994772763519334663e-02
25.1913 5.009210803622680258e-02
25.1996 5.023682207759076063e-02
25.2079 5.038187028760651026e-02
25.2162 5.052725319469942439e-02
25.2245 5.067297132741478694e-02
25.2328 5.081902521440263831e-02
25.2411 5.096541538440382130e-02
25.2494 5.111214236627587004e-02
25.2577 5.125920668895179999e-02
25.266 5.140660888146474095e-02
25.2743 5.155434947296128750e-02
25.2827 5.170242899264062414e-02
25.291 5.185084796980146682e-02
25.2993 5.199960693384052257e-02
25.3076 5.214870641420540909e-02
25.3159 5.229814694043029982e-02
25.3242 5.244792904213205903e-02
25.3325 5.259805324899532314e-02
25.3408 5.274852009074771503e-02
25.3491 5.289933009720158841e-02
25.3574 5.305048379822930454e-02
25.3658 5.320198172375452395e-02
25.3741 5.335382440376683355e-02
25.3824 5.350601236828849555e-02
25.3907 5.365854614740147438e-02
25.399 5.381142627122149913e-02
25.4073 5.396465326993363232e-02
25.4156 5.411822767373824367e-02
25.4239 5.427215001286819773e-02
25.4322 5.442642081758761879e-02
25.4405 5.458104061821140301e-02
25.4489 5.473600994508439482e-02
25.4572 5.489132932853259261e-02
25.4655 5.504699929893525773e-02
25.4738 5.520302038667724426e-02
25.4821 5.535939312215762409e-02
25.4904 5.551611803579345472e-02
25.4987 5.567319565800023934e-02
25.507 5.583062651919449421e-02
25.5153 5.598841114979756506e-02
25.5236 5.614655008021732924e-02
25.532 5.630504384087758191e-02
25.5403 5.646389296216952625e-02
25.5486 5.662309797448593363e-02
25.5569 5.678265940819568480e-02
25.5652 5.694257779363808697e-02
25.5735 5.710285366116637368e-02
25.5818 5.726348754105371058e-02
25.5901 5.742447996356941226e-02
25.5984 5.758583145896233740e-02
25.6067 5.774754255743435455e-02
25.6151 5.790961378914313146e-02
25.6234 5.807204568418904839e-02
25.6317 5.823483877264432063e-02
25.64 5.839799358454372119e-02
25.6483 5.856151064983645960e-02
25.6566 5.872539049841324355e-02
25.6649 5.888963366013395123e-02
25.6732 5.905424066477759498e-02
25.6815 5.921921204204615152e-02
25.6898 5.938454832156740693e-02
25.6982 5.955025003292510610e-02
25.7065 5.971631770559465008e-02
25.7148 5.988275186896269142e-02
25.7231 6.004955305235847723e-02
25.7314 6.021672178499809513e-02
25.7397 6.038425859601947998e-02
25.748 6.055216401443751228e-02
25.7563 6.072043856919924487e-02
25.7646 6.088908278913660044e-02
25.7729 6.105809720295735099e-02
25.7812 6.122748233926340183e-02
25.7896 6.139723872655363651e-02
25.7979 6.156736689320647243e-02
25.8062 6.173786736745549147e-02
25.8145 6.190874067744564502e-02
25.8228 6.207998735113898908e-02
25.8311 6.225160791640745039e-02
25.8394 6.242360290097909159e-02
25.8477 6.259597283241477572e-02
25.856 6.276871823814317297e-02
25.8643 6.294183964545772836e-02
25.8727 6.311533758149001638e-02
25.881 6.328921257319262972e-02
25.8893 6.346346514737884192e-02
25.8976 6.363809583070537124e-02
25.9059 6.381310514964362579e-02
25.9142 6.398849363048501881e-02
25.9225 6.416426179935814933e-02
25.9308 6.434041018221889341e-02
25.9391 6.451693930481799955e-02
25.9474 6.469384969272312658e-02
25.9558 6.487114187132070331e-02
25.9641 6.504881636579769311e-02
25.9724 6.522687370112489891e-02
25.9807 6.540531440208463554e-02
25.989 6.558413899325152285e-02
25.9973 6.576334799895697247e-02
26.0056 6.594294194337083082e-02
26.0139 6.612292135041303309e-02
26.0222 6.630328674374995346e-02
26.0305 6.648403864686534825e-02
26.0389 6.666517758298744212e-02
26.0472 6.684670407510510948e-02
26.0555 6.702861864599433950e-02
26.0638 6.721092181814329602e-02
26.0721 6.739361411380932754e-02
26.0804 6.757669605500214727e-02
26.0887 6.776016816347910088e-02
26.097 6.794403096071466308e-02
26.1053 6.812828496792926181e-02
26.1136 6.831293070607864781e-02
26.122 6.849796869583275882e-02
26.1303 6.868339945758498988e-02
26.1386 6.886922351145174925e-02
26.1469 6.905544137724715925e-02
26.1552 6.924205357451511389e-02
26.1635 6.942906062249451504e-02
26.1718 6.961646304011689934e-02
26.1801 6.980426134601092070e-02
26.1884 6.999245605849775675e-02
26.1967 7.018104769558862477e-02
26.2051 7.037003677497565002e-02
26.2134 7.055942381405004571e-02
26.2217 7.074920932981487720e-02
26.23 7.093939383901146090e-02
26.2383 7.112997785800902195e-02
26.2466 7.132096190282781467e-02
26.2549 7.151234648919176096e-02
26.2632 7.170413213243008455e-02
26.2715 7.189631934752765963e-02
26.2798 7.208890864912294305e-02
26.2881 7.228190055149193161e-02
26.2965 7.247529556852316812e-02
26.3048 7.266909421377056033e-02
26.3131 7.286329700039161084e-02
26.3214 7.305790444114777793e-02
26.3297 7.325291704843660268e-02
26.338 7.344833533427351513e-02
26.3463 7.364415981026256608e-02
26.3546 7.384039098759657971e-02
26.3629 7.403702937710754384e-02
26.3712 7.423407548919394583e-02
26.3796 7.443152983382790577e-02
26.3879 7.462939292058744234e-02
26.3962 7.482766525861804519e-02
26.4045 7.502634735664882870e-02
26.4128 7.522543972297250636e-02
26.4211 7.542494286544351723e-02
26.4294 7.562485729145802804e-02
26.4377 7.582518350800178386e-02
26.446 7.602592202159852430e-02
26.4543 7.622707333829224774e-02
26.4627 7.642863796370204243e-02
26.471 7.663061640296131571e-02
26.4793 7.683300916074563280e-02
26.4876 7.703581674126162848e-02
26.4959 7.723903964821385304e-02
26.5042 7.744267838482567223e-02
26.5125 7.764673345385757208e-02
26.5208 7.785120535756061277e-02
26.5291 7.805609459770168623e-02
26.5374 7.826140167548993609e-02
26.5458 7.846712709169870181e-02
26.5541 7.867327134656496024e-02
26.5624 7.887983493977665517e-02
26.5707 7.908681837053388453e-02
26.579 7.929422213747774895e-02
26.5873 7.950204673876509753e-02
26.5956 7.971029267195707535e-02
26.6039 7.991896043412294315e-02
26.6122 8.012805052175807352e-02
26.6205 8.033756343078907181e-02
26.6289 8.054749965660376598e-02
26.6372 8.075785969404725151e-02
26.6455 8.096864403736267479e-02
26.6538 8.117985318023214492e-02
26.6621 8.139148761575301649e-02
26.6704 8.160354783646107946e-02
26.6787 8.181603433428460970e-02
26.687 8.202894760054529888e-02
26.6953 8.224228812599930494e-02
26.7036 8.245605640077569021e-02
26.712 8.267025291439983326e-02
26.7203 8.288487815578762796e-02
26.7286 8.309993261322866365e-02
26.7369 8.331541677437845350e-02
26.7452 8.353133112629268497e-02
26.7535 8.374767615535499976e-02
26.7618 8.396445234732932694e-02
26.7701 8.418166018735152856e-02
26.7784 8.439930015985597223e-02
26.7867 8.461737274866230896e-02
26.795 8.483587843692602659e-02
26.8034 8.505481770710206224e-02
26.8117 8.527419104100769642e-02
26.82 8.549399891978394506e-02
26.8283 8.571424182386175317e-02
26.8366 8.593492023298944515e-02
26.8449 8.615603462624059350e-02
26.8532 8.637758548198001818e-02
26.8615 8.659957327785640369e-02
26.8698 8.682199849082333776e-02
26.8781 8.704486159711193050e-02
26.8865 8.726816307222351465e-02
26.8948 8.749190339095719304e-02
26.9031 8.771608302735213469e-02
26.9114 8.794070245473706304e-02
26.9197 8.816576214568562497e-02
26.928 8.839126257199182712e-02
26.9363 8.861720420474761273e-02
26.9446 8.884358751426162104e-02
26.9529 8.907041297006478009e-02
26.9612 8.929768104096422188e-02
26.9696 8.952539219490977807e-02
26.9779 8.975354689912827533e-02
26.9862 8.998214562007271489e-02
26.9945 9.021118882335223133e-02
27.0028 9.044067697380100967e-02
27.0111 9.067061053545158456e-02
27.0194 9.090098997154509586e-02
27.0277 9.113181574446589661e-02
27.036 9.136308831577980016e-02
27.0443 9.159480814626624889e-02
27.0527 9.182697569584197250e-02
27.061 9.205959142359947112e-02
27.0693 9.229265578775258660e-02
27.0776 9.252616924570525314e-02
27.0859 9.276013225399483419e-02
27.0942 9.299454526827020950e-02
27.1025 9.322940874333689176e-02
27.1108 9.346472313316064873e-02
27.1191 9.370048889075768828e-02
27.1274 9.393670646829956061e-02
27.1358 9.417337631706358680e-02
27.1441 9.441049888741971652e-02
27.1524 9.464807462883018108e-02
27.1607 9.488610398990085515e-02
27.169 9.512458741825866038e-02
27.1773 9.536352536062035756e-02
27.1856 9.560291826281332173e-02
27.1939 9.584276656972018360e-02
27.2022 9.608307072523994408e-02
27.2105 9.632383117238198234e-02
27.2189 9.656504835319777713e-02
27.2272 9.680672270874440821e-02
27.2355 9.704885467915708164e-02
27.2438 9.729144470360230612e-02
27.2521 9.753449322024375368e-02
27.2604 9.777800066629317721e-02
27.2687 9.802196747794722498e-02
27.277 9.826639409043987083e-02
27.2853 9.851128093800097518e-02
27.2936 9.875662845382331134e-02
27.3019 9.900243707013624272e-02
27.3103 9.924870721813039420e-02
27.3186 9.949543932798000923e-02
27.3269 9.974263382880002582e-02
27.3352 9.999029114870629231e-02
27.3435 1.002384117147768899e-01
27.3518 1.004869959530301088e-01
27.3601 1.007360442883982882e-01
27.3684 1.009855571448053796e-01
27.3767 1.012355349450900222e-01
27.385 1.014859781110302728e-01
27.3934 1.017368870632627542e-01
27.4017 1.019882622214338536e-01
27.41 1.022401040040598758e-01
27.4183 1.024924128285370495e-01
27.4266 1.027451891111830357e-01
27.4349 1.029984332671838310e-01
27.4432 1.032521457106414242e-01
27.4515 1.035063268545083903e-01
27.4598 1.037609771106332984e-01
27.4681 1.040160968897078930e-01
27.4765 1.042716866012710075e-01
27.4848 1.045277466537686828e-01
27.4931 1.047842774544615330e-01
27.5014 1.050412794094080504e-01
27.5097 1.052987529235411279e-01
27.518 1.055566984006325870e-01
27.5263 1.058151162432716536e-01
27.5346 1.060740068528377295e-01
27.5429 1.063333706295166992e-01
27.5512 1.065932079723236753e-01
27.5596 1.068535192790507488e-01
27.5679 1.071143049462685432e-01
27.5762 1.073755653693599377e-01
27.5845 1.076373009424525656e-01
27.5928 1.078995120584465978e-01
27.6011 1.081621991090323393e-01
27.6094 1.084253624846122505e-01
27.6177 1.086890025743684346e-01
27.626 1.089531197662302331e-01
27.6343 1.092177144468630123e-01
27.6427 1.094827870016007315e-01
27.651 1.097483378145755334e-01
27.6593 1.100143672686316465e-01
27.6676 1.102808757452852645e-01
27.6759 1.105478636247630014e-01
27.6842 1.108153312859843226e-01
27.6925 1.110832791065937825e-01
27.7008 1.113517074628857517e-01
27.7091 1.116206167298448293e-01
27.7174 1.118900072811246510e-01
27.7258 1.121598794890262263e-01
27.7341 1.124302337245219746e-01
27.7424 1.127010703572345340e-01
27.7507 1.129723897554275602e-01
27.759 1.132441922859970668e-01
27.7673 1.135164783144911177e-01
27.7756 1.137892482050354009e-01
27.7839 1.140625023204023952e-01
27.7922 1.143362410219695285e-01
27.8005 1.146104646697311824e-01
27.8088 1.148851736222529646e-01
27.8172 1.151603682366834774e-01
27.8255 1.154360488687865699e-01
27.8338 1.157122158728753208e-01
27.8421 1.159888696018527982e-01
27.8504 1.162660104071580602e-01
27.8587 1.165436386388110507e-01
27.867 1.168217546453630545e-01
27.8753 1.171003587739208734e-01
27.8836 1.173794513700773812e-01
27.8919 1.176590327780006467e-01
27.9003 1.179391033404050687e-01
27.9086 1.182196633984780726e-01
27.9169 1.185007132918962092e-01
27.9252 1.187822533588573093e-01
27.9335 1.190642839360519928e-01
27.9418 1.193468053586674987e-01
27.9501 1.196298179603713235e-01
27.9584 1.199133220732948868e-01
27.9667 1.201973180280013487e-01
27.975 1.204818061535659623e-01
27.9834 1.207667867774755294e-01
27.9917 1.210522602257208674e-01
28 1.213382268226435995e-01
28.0083 1.216246868910532131e-01
28.0166 1.219116407522351786e-01
28.0249 1.221990887257937558e-01
28.0332 1.224870311298296294e-01
28.0415 1.227754682807986469e-01
28.0498 1.230644004935488312e-01
28.0581 1.233538280813521321e-01
28.0665 1.236437513558006906e-01
28.0748 1.239341706269150994e-01
28.0831 1.242250862031047814e-01
28.0914 1.245164983910477668e-01
28.0997 1.248084074958555612e-01
28.108 1.251008138209332154e-01
28.1163 1.253937176680715582e-01
28.1246 1.256871193373519102e-01
28.1329 1.259810191271941993e-01
28.1412 1.262754173343536845e-01
28.1496 1.265703142538770754e-01
28.1579 1.268657101791074160e-01
28.1662 1.271616054016725117e-01
28.1745 1.274580002115451582e-01
28.1828 1.277548948969243481e-01
28.1911 1.280522897442834263e-01
28.1994 1.283501850384068388e-01
28.2077 1.286485810623108905e-01
28.216 1.289474780972169055e-01
28.2243 1.292468764227185374e-01
28.2327 1.295467763164966091e-01
28.241 1.298471780545424614e-01
28.2493 1.301480819111303089e-01
28.2576 1.304494881586204524e-01
28.2659 1.307513970676222603e-01
28.2742 1.310538089070147905e-01
28.2825 1.313567239438447887e-01
28.2908 1.316601424432723155e-01
28.2991 1.319640646687021135e-01
28.3074 1.322684908817291227e-01
28.3157 1.325734213420802221e-01
28.3241 1.328788563076194473e-01
28.3324 1.331847960344079151e-01
28.3407 1.334912407766377929e-01
28.349 1.337981907866022668e-01
28.3573 1.341056463147750066e-01
28.3656 1.344136076097209587e-01
28.3739 1.347220749181249344e-01
28.3822 1.350310484847773163e-01
28.3905 1.353405285525356438e-01
28.3988 1.356505153624478210e-01
28.4072 1.359610091535687626e-01
28.4155 1.362720101630128244e-01
28.4238 1.365835186259903578e-01
28.4321 1.368955347757933594e-01
28.4404 1.372080588437888660e-01
28.4487 1.375210910593228086e-01
28.457 1.378346316498110791e-01
28.4653 1.381486808407178246e-01
28.4736 1.384632388555410432e-01
28.4819 1.387783059157477739e-01
28.4903 1.390938822408460396e-01
28.4986 1.394099680484093551e-01
28.5069 1.397265635538917083e-01
28.5152 1.400436689707846571e-01
28.5235 1.403612845105957907e-01
28.5318 1.406794103827685161e-01
28.5401 1.409980467947227201e-01
28.5484 1.413171939518330644e-01
28.5567 1.416368520574307899e-01
28.565 1.419570213127822611e-01
28.5734 1.422777019171060087e-01
28.5817 1.425988940675437799e-01
28.59 1.429205979591506026e-01
28.5983 1.432428137849044714e-01
28.6066 1.435655417356655195e-01
28.6149 1.438887820002284768e-01
28.6232 1.442125347652971901e-01
28.6315 1.445368002153979148e-01
28.6398 1.448615785329548378e-01
28.6481 1.451868698982610173e-01
28.6565 1.455126744895303137e-01
28.6648 1.458389924827651896e-01
28.6731 1.461658240517851037e-01
28.6814 1.464931693683407810e-01
28.6897 1.468210286019544508e-01
28.698 1.471494019200065839e-01
28.7063 1.474782894876423833e-01
28.7146 1.478076914678465859e-01
28.7229 1.481376080214420188e-01
28.7312 1.484680393069806592e-01
28.7396 1.487989854808607904e-01
28.7479 1.491304466972259990e-01
28.7562 1.494624231079601240e-01
28.7645 1.497949148627961691e-01
28.7728 1.501279221091432192e-01
28.7811 1.504614449921921338e-01
28.7894 1.507954836548947575e-01
28.7977 1.511300382379054952e-01
28.806 1.514651088796218625e-01
28.8143 1.518006957161605053e-01
28.8226 1.521367988813254468e-01
28.831 1.524734185066598524e-01
28.8393 1.528105547213690907e-01
28.8476 1.531482076523651703e-01
28.8559 1.534863774242918311e-01
28.8642 1.538250641593566781e-01
28.8725 1.541642679775160341e-01
28.8808 1.545039889963485125e-01
28.8891 1.548442273311109729e-01
28.8974 1.551849830947149289e-01
28.9057 1.555262563976304580e-01
28.9141 1.558680473480409390e-01
28.9224 1.562103560517283940e-01
28.9307 1.565531826120309389e-01
28.939 1.568965271299818942e-01
28.9473 1.572403897041766974e-01
28.9556 1.575847704307720420e-01
28.9639 1.579296694035191573e-01
28.9722 1.582750867138045248e-01
28.9805 1.586210224504868982e-01
28.9888 1.589674767000589517e-01
28.9972 1.593144495465596000e-01
29.0055 1.596619410714984477e-01
29.0138 1.600099513540469143e-01
29.0221 1.603584804707892941e-01
29.0304 1.607075284958992267e-01
29.0387 1.610570955010748595e-01
29.047 1.614071815554524447e-01
29.0553 1.617577867257744828e-01
29.0636 1.621089110761492202e-01
29.0719 1.624605546682418022e-01
29.0803 1.628127175612358035e-01
29.0886 1.631653998117358340e-01
29.0969 1.635186014737638194e-01
29.1052 1.638723225988740484e-01
29.1135 1.642265632360298822e-01
29.1218 1.645813234316557960e-01
29.1301 1.649366032296220863e-01
29.1384 1.652924026710957117e-01
29.1467 1.656487217948829638e-01
29.155 1.660055606370453851e-01
29.1634 1.663629192310639993e-01
29.1717 1.667207976078163845e-01
29.18 1.670791957956104801e-01
29.1883 1.674381138201359309e-01
29.1966 1.677975517043938658e-01
29.2049 1.681575094687783323e-01
29.2132 1.685179871310762412e-01
29.2215 1.688789847063567329e-01
29.2298 1.692405022071190868e-01
29.2381 1.696025396431113941e-01
29.2465 1.699650970214715839e-01
29.2548 1.703281743466091569e-01
29.2631 1.706917716202720481e-01
29.2714 1.710558888415354972e-01
29.2797 1.714205260067140912e-01
29.288 1.717856831094946857e-01
29.2963 1.721513601407707872e-01
29.3046 1.725175570887130805e-01
29.3129 1.728842739388322669e-01
29.3212 1.732515106738654886e-01
29.3295 1.736192672737473519e-01
29.3379 1.739875437157095694e-01
29.3462 1.743563399742116549e-01
29.3545 1.747256560209893284e-01
29.3628 1.750954918249666703e-01
29.3711 1.754658473522276441e-01
29.3794 1.758367225661011113e-01
29.3877 1.762081174272233930e-01
29.396 1.765800318932973234e-01
29.4043 1.769524659191591964e-01
29.4126 1.773254194569693354e-01
29.421 1.776988924560738980e-01
29.4293 1.780728848628814476e-01
29.4376 1.784473966209587648e-01
29.4459 1.788224276710172755e-01
29.4542 1.791979779510230464e-01
29.4625 1.795740473959715755e-01
29.4708 1.799506359380127207e-01
29.4791 1.803277435064664092e-01
29.4874 1.807053700276555208e-01
29.4957 1.810835154251114743e-01
29.5041 1.814621796194001435e-01
29.5124 1.818413625282317703e-01
29.5207 1.822210640663972370e-01
29.529 1.826012841456960689e-01
29.5373 1.829820226750683287e-01
29.5456 1.833632795604582533e-01
29.5539 1.837450547049380434e-01
29.5622 1.841273480086081105e-01
29.5705 1.845101593685403440e-01
29.5788 1.848934886788588527e-01
29.5872 1.852773358308784923e-01
29.5955 1.856617007127162600e-01
29.6038 1.860465832095235250e-01
29.6121 1.864319832035959135e-01
29.6204 1.868179005741793797e-01
29.6287 1.872043351974359837e-01
29.637 1.875912869465174437e-01
29.6453 1.879787556916385216e-01
29.6536 1.883667412999560364e-01
29.6619 1.887552436355343921e-01
29.6703 1.891442625594191573e-01
29.6786 1.895337979296315978e-01
29.6869 1.899238496010477728e-01
29.6952 1.903144174256589105e-01
29.7035 1.907055012522142490e-01
29.7118 1.910971009263873754e-01
29.7201 1.914892162908643780e-01
29.7284 1.918818471851949092e-01
29.7367 1.922749934457723686e-01
29.745 1.926686549059290487e-01
29.7534 1.930628313959445452e-01
29.7617 1.934575227428407818e-01
29.77 1.938527287705980595e-01
29.7783 1.942484493000640189e-01
29.7866 1.946446841488843060e-01
29.7949 1.950414331316541183e-01
29.8032 1.954386960597064571e-01
29.8115 1.958364727412211237e-01
29.8198 1.962347629813329664e-01
29.8281 1.966335665818146061e-01
29.8365 1.970328833413833580e-01
29.8448 1.974327130555404985e-01
29.8531 1.978330555165587756e-01
29.8614 1.982339105135557944e-01
29.8697 1.986352778323117740e-01
29.878 1.990371572555691415e-01
29.8863 1.994395485627445952e-01
29.8946 1.998424515300443738e-01
29.9029 2.002458659303818778e-01
29.9112 2.006497915334715665e-01
29.9195 2.010542281058175507e-01
29.9279 2.014591754106095367e-01
29.9362 2.018646332077747296e-01
29.9445 2.022706012539661757e-01
29.9528 2.026770793025724771e-01
29.9611 2.030840671037266454e-01
29.9694 2.034915644041963290e-01
29.9777 2.038995709474777374e-01
29.986 2.043080864738120728e-01
29.9943 2.047171107200687623e-01
30.0026 2.051266434198460442e-01
30.011 2.055366843033543944e-01
30.0193 2.059472330974964627e-01
30.0276 2.063582895259253869e-01
30.0359 2.067698533087885260e-01
30.0442 2.071819241630170894e-01
30.0525 2.075945018021467248e-01
30.0608 2.080075859362855162e-01
30.0691 2.084211762722633920e-01
30.0774 2.088352725134395294e-01
30.0857 2.092498743599138789e-01
30.0941 2.096649815083075630e-01
30.1024 2.100805936518278516e-01
30.1107 2.104967104803340816e-01
30.119 2.109133316803056268e-01
30.1273 2.113304569347191630e-01
30.1356 2.117480859231009038e-01
30.1439 2.121662183217866982e-01
30.1522 2.125848538033820179e-01
30.1605 2.130039920372038265e-01
30.1688 2.134236326891511826e-01
30.1772 2.138437754215829767e-01
30.1855 2.142644198934255950e-01
30.1938 2.146855657602174672e-01
30.2021 2.151072126739040080e-01
30.2104 2.155293602830629096e-01
30.2187 2.159520082327127388e-01
30.227 2.163751561643168786e-01
30.2353 2.167988037160770431e-01
30.2436 2.172229505225696244e-01
30.2519 2.176475962147562671e-01
30.2603 2.180727404201527886e-01
30.2686 2.184983827628811381e-01
30.2769 2.189245228633754925e-01
30.2852 2.193511603385928377e-01
30.2935 2.197782948020574612e-01
30.3018 2.202059258635822303e-01
30.3101 2.206340531294713470e-01
30.3184 2.210626762025995617e-01
30.3267 2.214917946821545192e-01
30.335 2.219214081637499170e-01
30.3434 2.223515162395802436e-01
30.3517 2.227821184980672831e-01
30.36 2.232132145241520205e-01
30.3683 2.236448038992225329e-01
30.3766 2.240768862009804296e-01
30.3849 2.245094610035887894e-01
30.3932 2.249425278775998294e-01
30.4015 2.253760863899317013e-01
30.4098 2.258101361038994115e-01
30.4181 2.262446765791908398e-01
30.4264 2.266797073718574140e-01
30.4348 2.271152280344332641e-01
30.4431 2.275512381155570529e-01
30.4514 2.279877371604332181e-01
30.4597 2.284247247105965217e-01
30.468 2.288622003038819630e-01
30.4763 2.293001634745036599e-01
30.4846 2.297386137528749372e-01
30.4929 2.301775506658980675e-01
30.5012 2.306169737368317652e-01
30.5095 2.310568824850642577e-01
30.5179 2.314972764263890648e-01
30.5262 2.319381550729955888e-01
30.5345 2.323795179332890093e-01
30.5428 2.328213645118953068e-01
30.5511 2.332636943099020421e-01
30.5594 2.337065068245711696e-01
30.5677 2.341498015495190044e-01
30.576 2.345935779745377814e-01
30.5843 2.350378355857959123e-01
30.5926 2.354825738656798340e-01
30.601 2.359277922928386673e-01
30.6093 2.363734903422152756e-01
30.6176 2.368196674848887795e-01
30.6259 2.372663231883483936e-01
30.6342 2.377134569162480948e-01
30.6425 2.381610681284717090e-01
30.6508 2.386091562811303024e-01
30.6591 2.390577208266069509e-01
30.6674 2.395067612134534341e-01
30.6757 2.399562768865019513e-01
30.6841 2.404062672867754713e-01
30.6924 2.408567318514450162e-01
30.7007 2.413076700139754061e-01
30.709 2.417590812039345227e-01
30.7173 2.422109648472462184e-01
30.7256 2.426633203659127325e-01
30.7339 2.431161471780400318e-01
30.7422 2.435694446981429284e-01
30.7505 2.440232123366881667e-01
30.7588 2.444774495003998183e-01
30.7672 2.449321555922702731e-01
30.7755 2.453873300113713629e-01
30.7838 2.458429721528385681e-01
30.7921 2.462990814081227331e-01
30.8004 2.467556571647815666e-01
30.8087 2.472126988064898556e-01
30.817 2.476702057130319434e-01
30.8253 2.481281772604387037e-01
30.8336 2.485866128207864789e-01
30.8419 2.490455117623410208e-01
30.8503 2.495048734494228204e-01
30.8586 2.499646972425580427e-01
30.8669 2.504249824983233452e-01
30.8752 2.508857285694511274e-01
30.8835 2.513469348047869256e-01
30.8918 2.518086005492814472e-01
30.9001 2.522707251440084453e-01
30.9084 2.527333079260370430e-01
30.9167 2.531963482285890521e-01
30.925 2.536598453810371412e-01
30.9333 2.541237987088432182e-01
30.9417 2.545882075334842121e-01
30.95 2.550530711725562116e-01
30.9583 2.555183889396997476e-01
30.9666 2.559841601446645742e-01
30.9749 2.564503840932551015e-01
30.9832 2.569170600873219024e-01
30.9915 2.573841874248592454e-01
30.9998 2.578517653997992043e-01
31.0081 2.583197933022403636e-01
31.0164 2.587882704182885019e-01
31.0248 2.592571960301077172e-01
31.0331 2.597265694158658600e-01
31.0414 2.601963898498191874e-01
31.0497 2.606666566022906584e-01
31.058 2.611373689395764530e-01
31.0663 2.616085261240563842e-01
31.0746 2.620801274140875936e-01
31.0829 2.625521720640551226e-01
31.0912 2.630246593244693343e-01
31.0995 2.634975884417478098e-01
31.1079 2.639709586583979806e-01
31.1162 2.644447692129038852e-01
31.1245 2.649190193397775173e-01
31.1328 2.653937082694659555e-01
31.1411 2.658688352285917822e-01
31.1494 2.663443994397425851e-01
31.1577 2.668204001211896270e-01
31.166 2.672968364876818770e-01
31.1743 2.677737077497017726e-01
31.1826 2.682510131137312293e-01
31.191 2.687287517823476191e-01
31.1993 2.692069229539241770e-01
31.2076 2.696855258230571040e-01
31.2159 2.701645595802009692e-01
31.2242 2.706440234117000188e-01
31.2325 2.711239165000726148e-01
31.2408 2.716042380237374543e-01
31.2491 2.720849871569868128e-01
31.2574 2.725661630702251870e-01
31.2657 2.730477649297801124e-01
31.2741 2.735297918979275877e-01
31.2824 2.740122431328775310e-01
31.2907 2.744951177888182992e-01
31.299 2.749784150160063390e-01
31.3073 2.754621339605710095e-01
31.3156 2.759462737645266284e-01
31.3239 2.764308335659139138e-01
31.3322 2.769158124988240210e-01
31.3405 2.774012096931664506e-01
31.3488 2.778870242747833452e-01
31.3572 2.783732553655907105e-01
31.3655 2.788599020833200104e-01
31.3738 2.793469635417230035e-01
31.3821 2.798344388505065727e-01
31.3904 2.803223271152551210e-01
31.3987 2.808106274375576916e-01
31.407 2.812993389148915613e-01
31.4153 2.817884606407248249e-01
31.4236 2.822779917043098941e-01
31.4319 2.827679311910284432e-01
31.4402 2.832582781821609275e-01
31.4486 2.837490317548717056e-01
31.4569 2.842401909821842265e-01
31.4652 2.847317549330944941e-01
31.4735 2.852237226725960473e-01
31.4818 2.857160932616665816e-01
31.4901 2.862088657570114325e-01
31.4984 2.867020392112423210e-01
31.5067 2.871956126732208570e-01
31.515 2.876895851873942922e-01
31.5233 2.881839557942924013e-01
31.5317 2.886787235303868160e-01
31.54 2.891738874279116689e-01
31.5483 2.896694465151689046e-01
31.5566 2.901653998162985193e-01
31.5649 2.906617463514175603e-01
31.5732 2.911584851365183191e-01
31.5815 2.916556151835943966e-01
31.5898 2.921531355003864072e-01
31.5981 2.926510450907239269e-01
31.6064 2.931493429542207374e-01
31.6148 2.936480280864011139e-01
31.6231 2.941470994789140980e-01
31.6314 2.946465561191534688e-01
31.6397 2.951463969903084794e-01
31.648 2.956466210717288989e-01
31.6563 2.961472273385842291e-01
31.6646 2.966482147618754728e-01
31.6729 2.971495823086113264e-01
31.6812 2.976513289416818364e-01
31.6895 2.981534536199333396e-01
31.6979 2.986559552979915488e-01
31.7062 2.991588329265763013e-01
31.7145 2.996620854522615840e-01
31.7228 3.001657118174754224e-01
31.7311 3.006697109604992146e-01
31.7394 3.011740818157064847e-01
31.7477 3.016788233133986807e-01
31.756 3.021839343795413302e-01
31.7643 3.026894139362406033e-01
31.7726 3.031952609015048927e-01
31.781 3.037014741891181924e-01
31.7893 3.042080527088539821e-01
31.7976 3.047149953665236333e-01
31.8059 3.052223010637142298e-01
31.8142 3.057299686979754738e-01
31.8225 3.062379971627444686e-01
31.8308 3.067463853474073354e-01
31.8391 3.072551321373249156e-01
31.8474 3.077642364137189168e-01
31.8557 3.082736970537474641e-01
31.8641 3.087835129304790649e-01
31.8724 3.092936829129181997e-01
31.8807 3.098042058660659404e-01
31.889 3.103150806508210846e-01
31.8973 3.108263061238429326e-01
31.9056 3.113378811379734490e-01
31.9139 3.118498045418395814e-01
31.9222 3.123620751800267326e-01
31.9305 3.128746918931778476e-01
31.9388 3.133876535177072542e-01
31.9471 3.139009588860123268e-01
31.9555 3.144146068263982685e-01
31.9638 3.149285961633253583e-01
31.9721 3.154429257169013012e-01
31.9804 3.159575943032772449e-01
31.9887 3.164726007347709036e-01
31.997 3.169879438193348720e-01
32.0053 3.175036223610627761e-01
32.0136 3.180196351599424709e-01
32.0219 3.185359810118799651e-01
32.0302 3.190526587088357569e-01
32.0386 3.195696670387125349e-01
32.0469 3.200870047852323319e-01
32.0552 3.206046707283062291e-01
32.0635 3.211226636436638748e-01
32.0718 3.216409823029646731e-01
32.0801 3.221596254740435317e-01
32.0884 3.226785919204921971e-01
32.0967 3.231978804020282925e-01
32.105 3.237174896742369135e-01
32.1133 3.242374184887300559e-01
32.1217 3.247576655932075118e-01
32.13 3.252782297312116211e-01
32.1383 3.257991096422378496e-01
32.1466 3.263203040620521467e-01
32.1549 3.268418117221034702e-01
32.1632 3.273636313499523887e-01
32.1715 3.278857616692456567e-01
32.1798 3.284082013995455740e-01
32.1881 3.289309492563900483e-01
32.1964 3.294540039514640140e-01
32.2048 3.299773641923551271e-01
32.2131 3.305010286826997601e-01
32.2214 3.310249961221944370e-01
32.2297 3.315492652064872536e-01
32.238 3.320738346272985586e-01
32.2463 3.325987030723477900e-01
32.2546 3.331238692254142597e-01
32.2629 3.336493317664462888e-01
32.2712 3.341750893712454040e-01
32.2795 3.347011407116230464e-01
32.2879 3.352274844556205613e-01
32.2962 3.357541192673250685e-01
32.3045 3.362810438067494467e-01
32.3128 3.368082567300252905e-01
32.3211 3.373357566893182002e-01
32.3294 3.378635423330089149e-01
32.3377 3.383916123054880876e-01
32.346 3.389199652470215041e-01
32.3543 3.394485997942111588e-01
32.3626 3.399775145797520604e-01
32.371 3.405067082322026373e-01
32.3793 3.410361793764075666e-01
32.3876 3.415659266332679578e-01
32.3959 3.420959486199097732e-01
32.4042 3.426262439492379075e-01
32.4125 3.431568112305381502e-01
32.4208 3.436876490692363784e-01
32.4291 3.442187560667290258e-01
32.4374 3.447501308206364912e-01
32.4457 3.452817719247180950e-01
32.454 3.458136779689194862e-01
32.4624 3.463458475391330560e-01
32.4707 3.468782792174613938e-01
32.479 3.474109715824207911e-01
32.4873 3.479439232084011735e-01
32.4956 3.484771326660258683e-01
32.5039 3.490105985221870766e-01
32.5122 3.495443193398533599e-01
32.5205 3.500782936781063337e-01
32.5288 3.506125200924145591e-01
32.5371 3.511469971343226804e-01
32.5455 3.516817233515227570e-01
32.5538 3.522166972879977043e-01
32.5621 3.527519174839959804e-01
32.5704 3.532873824757218340e-01
32.5787 3.538230907958122007e-01
32.587 3.543590409732401691e-01
32.5953 3.548952315329814144e-01
32.6036 3.554316609962400175e-01
32.6119 3.559683278806151097e-01
32.6202 3.565052306999924592e-01
32.6286 3.570423679642832915e-01
32.6369 3.575797381797801711e-01
32.6452 3.581173398491923066e-01
32.6535 3.586551714713004380e-01
32.6618 3.591932315412294519e-01
32.6701 3.597315185504719737e-01
32.6784 3.602700309866269102e-01
32.6867 3.608087673337661005e-01
32.695 3.613477260722447459e-01
32.7033 3.618869056787357708e-01
32.7117 3.624263046260879362e-01
32.72 3.629659213837154730e-01
32.7283 3.635057544172901611e-01
32.7366 3.640458021885396578e-01
32.7449 3.645860631558618947e-01
32.7532 3.651265357741462214e-01
32.7615 3.656672184942194592e-01
32.7698 3.662081097635873084e-01
32.7781 3.667492080259868725e-01
32.7864 3.672905117216323512e-01
32.7948 3.678320192870033201e-01
32.8031 3.683737291551501536e-01
32.8114 3.689156397554570477e-01
32.8197 3.694577495136662226e-01
32.828 3.700000568519352107e-01
32.8363 3.705425601889891785e-01
32.8446 3.710852579399201989e-01
32.8529 3.716281485160353726e-01
32.8612 3.721712303256164978e-01
32.8695 3.727145017730059684e-01
32.8779 3.732579612589467799e-01
32.8862 3.738016071809546759e-01
32.8945 3.743454379328741699e-01
32.9028 3.748894519050637308e-01
32.9111 3.754336474844307547e-01
32.9194 3.759780230543024460e-01
32.9277 3.765225769945294565e-01
32.936 3.770673076815785896e-01
32.9443 3.776122134884393744e-01
32.9526 3.781572927845172627e-01
32.9609 3.787025439357965539e-01
32.9693 3.792479653050954691e-01
32.9776 3.797935552515411817e-01
32.9859 3.803393121307089286e-01
32.9942 3.808852342950054815e-01
33.0025 3.814313200934922321e-01
33.0108 3.819775678716411660e-01
33.0191 3.825239759715666765e-01
33.0274 3.830705427320118539e-01
33.0357 3.836172664884181516e-01
33.044 3.841641455728655452e-01
33.0524 3.847111783141062835e-01
33.0607 3.852583630372403145e-01
33.069 3.858056980645703793e-01
33.0773 3.863531817146980685e-01
33.0856 3.869008123028934154e-01
33.0939 3.874485881413826660e-01
33.1022 3.879965075389537055e-01
33.1105 3.885445688009554477e-01
33.1188 3.890927702297354851e-01
33.1271 3.896411101243271169e-01
33.1355 3.901895867803205076e-01
33.1438 3.907381984901168726e-01
33.1521 3.912869435430981757e-01
33.1604 3.918358202251205902e-01
33.1687 3.923848268190761046e-01
33.177 3.929339616045236516e-01
33.1853 3.934832228578258317e-01
33.1936 3.940326088522049797e-01
33.2019 3.945821178575578680e-01
33.2102 3.951317481408104793e-01
33.2186 3.956814979657783393e-01
33.2269 3.962313655928678680e-01
33.2352 3.967813492796126162e-01
33.2435 3.973314472802947361e-01
33.2518 3.978816578459427045e-01
33.2601 3.984319792247885128e-01
33.2684 3.989824096618188598e-01
33.2767 3.995329473990149594e-01
33.285 4.000835906750753734e-01
33.2933 4.006343377258158589e-01
33.3017 4.011851867839723029e-01
33.31 4.017361360793707536e-01
33.3183 4.022871838385039811e-01
33.3266 4.028383282850998004e-01
33.3349 4.033895676399251173e-01
33.3432 4.039409001205227501e-01
33.3515 4.044923239414945915e-01
33.3598 4.050438373147269289e-01
33.3681 4.055954384489676712e-01
33.3764 4.061471255498143029e-01
33.3848 4.066988968204149346e-01
33.3931 4.072507504605819562e-01
33.4014 4.078026846671306549e-01
33.4097 4.083546976346136836e-01
33.418 4.089067875540499664e-01
33.4263 4.094589526138744939e-01
33.4346 4.100111909994841874e-01
33.4429 4.105635008936532326e-01
33.4512 4.111158804760687291e-01
33.4595 4.116683279237909887e-01
33.4678 4.122208414110375974e-01
33.4762 4.127734191089893478e-01
33.4845 4.133260591864536537e-01
33.4928 4.138787598090616915e-01
33.5011 4.144315191397289211e-01
33.5094 4.149843353389340850e-01
33.5177 4.155372065640978718e-01
33.526 4.160901309698847306e-01
33.5343 4.166431067085270001e-01
33.5426 4.171961319294283377e-01
33.5509 4.177492047791285246e-01
33.5593 4.183023234014693337e-01
33.5676 4.188554859380759221e-01
33.5759 4.194086905274883592e-01
33.5842 4.199619353056880944e-01
33.5925 4.205152184061063947e-01
33.6008 4.210685379594089617e-01
33.6091 4.216218920940867920e-01
33.6174 4.221752789353234725e-01
33.6257 4.227286966061452045e-01
33.634 4.232821432273617956e-01
33.6424 4.238356169166139775e-01
33.6507 4.243891157891876431e-01
33.659 4.249426379580874547e-01
33.6673 4.254961815334223352e-01
33.6756 4.260497446231933383e-01
33.6839 4.266033253326559360e-01
33.6922 4.271569217646631333e-01
33.7005 4.277105320196731286e-01
33.7088 4.282641541955357622e-01
33.7171 4.288177863879233387e-01
33.7255 4.293714266898935317e-01
33.7338 4.299250731920989943e-01
33.7421 4.304787239829276357e-01
33.7504 4.310323771484004807e-01
33.7587 4.315860307720685851e-01
33.767 4.321396829349765656e-01
33.7753 4.326933317164258219e-01
33.7836 4.332469751927837676e-01
33.7919 4.338006114383574641e-01
33.8002 4.343542385251129012e-01
33.8086 4.349078545228387549e-01
33.8169 4.354614574990868792e-01
33.8252 4.360150455188264718e-01
33.8335 4.365686166454477712e-01
33.8418 4.371221689392661980e-01
33.8501 4.376757004591207423e-01
33.8584 4.382292092615867607e-01
33.8667 4.387826934003879464e-01
33.875 4.393361509278604915e-01
33.8833 4.398895798939453927e-01
33.8917 4.404429783462846526e-01
33.9 4.409963443305816022e-01
33.9083 4.415496758904756125e-01
33.9166 4.421029710673303748e-01
33.9249 4.426562279006147071e-01
33.9332 4.432094444277995815e-01
33.9415 4.437626186838617981e-01
33.9498 4.443157487023655094e-01
33.9581 4.448688325145707667e-01
33.9664 4.454218681497471577e-01
33.9747 4.459748536351159642e-01
33.9831 4.465277869959229928e-01
33.9914 4.470806662559050348e-01
33.9997 4.476334894362248296e-01
34.008 4.481862545565066802e-01
34.0163 4.487389596344057985e-01
34.0246 4.492916026857678435e-01
34.0329 4.498441817244402396e-01
34.0412 4.503966947621696471e-01
34.0495 4.509491398095031855e-01
34.0578 4.515015148747050233e-01
34.0662 4.520538179642641929e-01
34.0745 4.526060470830547966e-01
34.0828 4.531582002340150406e-01
34.0911 4.537102754183286457e-01
34.0994 4.542622706354749740e-01
34.1077 4.548141838834095507e-01
34.116 4.553660131579618797e-01
34.1243 4.559177564535371596e-01
34.1326 4.564694117628629311e-01
34.1409 4.570209770768427493e-01
34.1493 4.575724503850401859e-01
34.1576 4.581238296749692851e-01
34.1659 4.586751129328822119e-01
34.1742 4.592262981431030622e-01
34.1825 4.597773832888135126e-01
34.1908 4.603283663514756152e-01
34.1991 4.608792453104684217e-01
34.2074 4.614300181443728999e-01
34.2157 4.619806828299590218e-01
34.224 4.625312373424962376e-01
34.2324 4.630816796556938009e-01
34.2407 4.636320077420308383e-01
34.249 4.641822195721803657e-01
34.2573 4.647323131157254927e-01
34.2656 4.652822863407352072e-01
34.2739 4.658321372136620120e-01
34.2822 4.663818636999941258e-01
34.2905 4.669314637634428000e-01
34.2988 4.674809353665937972e-01
34.3071 4.680302764706545382e-01
34.3155 4.685794850355036734e-01
34.3238 4.691285590199101851e-01
34.3321 4.696774963810884107e-01
34.3404 4.702262950748541948e-01
34.3487 4.707749530562317375e-01
34.357 4.713234682789420038e-01
34.3653 4.718718386953023036e-01
34.3736 4.724200622562538254e-01
34.3819 4.729681369120508072e-01
34.3902 4.735160606115599857e-01
34.3986 4.740638313023722294e-01
34.4069 4.746114469310227513e-01
34.4152 4.751589054431017978e-01
34.4235 4.757062047830468710e-01
34.4318 4.762533428941679303e-01
34.4401 4.768003177186543318e-01
34.4484 4.773471271978544928e-01
34.4567 4.778937692718145946e-01
34.465 4.784402418799416079e-01
34.4733 4.789865429604129310e-01
34.4816 4.795326704506278070e-01
34.49 4.800786222866164077e-01
34.4983 4.806243964040229910e-01
34.5066 4.811699907374081819e-01
34.5149 4.817154032200636204e-01
34.5232 4.822606317850131608e-01
34.5315 4.828056743640212201e-01
34.5398 4.833505288881688733e-01
34.5481 4.838951932876039974e-01
34.5564 4.844396654918431411e-01
34.5647 4.849839434294566654e-01
34.5731 4.855280250282441590e-01
34.5814 4.860719082153220350e-01
34.5897 4.866155909173180416e-01
34.598 4.871590710598052154e-01
34.6063 4.877023465676013081e-01
34.6146 4.882454153651747397e-01
34.6229 4.887882753762257670e-01
34.6312 4.893309245236484029e-01
34.6395 4.898733607298721981e-01
34.6478 4.904155819168442010e-01
34.6562 4.909575860056327734e-01
34.6645 4.914993709169797054e-01
34.6728 4.920409345710498594e-01
34.6811 4.925822748873099899e-01
34.6894 4.931233897849735537e-01
34.6977 4.936642771824568676e-01
34.706 4.942049349981197937e-01
34.7143 4.947453611496375747e-01
34.7226 4.952855535540890974e-01
34.7309 4.958255101281909272e-01
34.7393 4.963652287886575198e-01
34.7476 4.969047074514911233e-01
34.7559 4.974439440323622508e-01
34.7642 4.979829364466555885e-01
34.7725 4.985216826093677445e-01
34.7808 4.990601804353617110e-01
34.7891 4.995984278388472810e-01
34.7974 5.001364227342830482e-01
34.8057 5.006741630356887907e-01
34.814 5.012116466565866846e-01
34.8224 5.017488715104854169e-01
34.8307 5.022858355108804629e-01
34.839 5.028225365709253492e-01
34.8473 5.033589726037251966e-01
34.8556 5.038951415219643515e-01
34.8639 5.044310412386390219e-01
34.8722 5.049666696662261645e-01
34.8805 5.055020247176222892e-01
34.8888 5.060371043052321882e-01
34.8971 5.065719063415932144e-01
34.9055 5.071064287394000392e-01
34.9138 5.076406694109866224e-01
34.9221 5.081746262691185789e-01
34.9304 5.087082972263098357e-01
34.9387 5.092416801950946370e-01
34.947 5.097747730883412931e-01
34.9553 5.103075738190461230e-01
34.9636 5.108400802998391832e-01
34.9719 5.113722904441664330e-01
34.9802 5.119042021652772112e-01
34.9885 5.124358133764742584e-01
34.9969 5.129671219914888614e-01
35.0052 5.134981259241515605e-01
35.0135 5.140288230886612686e-01
35.0218 5.145592113994651440e-01
35.0301 5.150892887710316614e-01
35.0384 5.156190531182662795e-01
35.0467 5.161485023566557695e-01
35.055 5.166776344017564027e-01
35.0633 5.172064471693784693e-01
35.0716 5.177349385760228184e-01
35.08 5.182631065383040969e-01
35.0883 5.187909489734673363e-01
35.0966 5.193184637990594377e-01
35.1049 5.198456489329111863e-01
35.1132 5.203725022938974210e-01
35.1215 5.208990218007479855e-01
35.1298 5.214252053729921954e-01
35.1381 5.219510509308992185e-01
35.1464 5.224765563947815217e-01
35.1547 5.230017196858978146e-01
35.1631 5.235265387261465175e-01
35.1714 5.240510114378207351e-01
35.1797 5.245751357438349638e-01
35.188 5.250989095679913232e-01
35.1963 5.256223308345505663e-01
35.2046 5.261453974684995316e-01
35.2129 5.266681073956727133e-01
35.2212 5.271904585424080913e-01
35.2295 5.277124488359332677e-01
35.2378 5.282340762043057358e-01
35.2462 5.287553385763315017e-01
35.2545 5.292762338815455436e-01
35.2628 5.297967600503539209e-01
35.2711 5.303169150138121735e-01
35.2794 5.308366967043346429e-01
35.2877 5.313561030549855957e-01
35.296 5.318751319995180804e-01
35.3043 5.323937814728635365e-01
35.3126 5.329120494107647543e-01
35.3209 5.334299337500202354e-01
35.3293 5.339474324285045093e-01
35.3376 5.344645433848633775e-01
35.3459 5.349812645589402393e-01
35.3542 5.354975938916533007e-01
35.3625 5.360135293248751154e-01
35.3708 5.365290688016332021e-01
35.3791 5.370442102658281591e-01
35.3874 5.375589516629809550e-01
35.3957 5.380732909395438135e-01
35.404 5.385872260429018787e-01
35.4124 5.391007549219367645e-01
35.4207 5.396138755264621167e-01
35.429 5.401265858075439130e-01
35.4373 5.406388837178857099e-01
35.4456 5.411507672111389722e-01
35.4539 5.416622342423086378e-01
35.4622 5.421732827675891375e-01
35.4705 5.426839107445259325e-01
35.4788 5.431941161324763678e-01
35.4871 5.437038968915020032e-01
35.4954 5.442132509832149356e-01
35.5038 5.447221763707534858e-01
35.5121 5.452306710189827044e-01
35.5204 5.457387328938317905e-01
35.5287 5.462463599625325683e-01
35.537 5.467535501941408471e-01
35.5453 5.472603015593731079e-01
35.5536 5.477666120298254615e-01
35.5619 5.482724795793529893e-01
35.5702 5.487779021830083703e-01
35.5785 5.492828778173387549e-01
35.5869 5.497874044606467780e-01
35.5952 5.502914800930067685e-01
35.6035 5.507951026959445606e-01
35.6118 5.512982702526549872e-01
35.6201 5.518009807480407369e-01
35.6284 5.523032321688691182e-01
35.6367 5.528050225032329346e-01
35.645 5.533063497412660237e-01
35.6533 5.538072118751402595e-01
35.6616 5.543076068982681903e-01
35.67 5.548075328060571021e-01
35.6783 5.553069875958075441e-01
35.6866 5.558059692667307594e-01
35.6949 5.563044758197874806e-01
35.7032 5.568025052577064704e-01
35.7115 5.573000555852398730e-01
35.7198 5.577971248092991052e-01
35.7281 5.582937109384377150e-01
35.7364 5.587898119829680654e-01
35.7447 5.592854259558299734e-01
35.7531 5.597805508713017408e-01
35.7614 5.602751847461056034e-01
35.7697 5.607693255991479386e-01
35.778 5.612629714506657264e-01
35.7863 5.617561203234914258e-01
35.7946 5.622487702428494716e-01
35.8029 5.627409192352890166e-01
35.8112 5.632325653303583701e-01
35.8195 5.637237065590041674e-01
35.8278 5.642143409547717425e-01
35.8362 5.647044665534857177e-01
35.8445 5.651940813928147955e-01
35.8528 5.656831835128786068e-01
35.8611 5.661717709562050782e-01
35.8694 5.666598417674127974e-01
35.8777 5.671473939932077935e-01
35.886 5.676344256831663548e-01
35.8943 5.681209348886715471e-01
35.9026 5.686069196635761269e-01
35.9109 5.690923780643775132e-01
35.9193 5.695773081494478474e-01
35.9276 5.700617079802280385e-01
35.9359 5.705455756204571571e-01
35.9442 5.710289091354673330e-01
35.9525 5.715117065940772401e-01
35.9608 5.719939660672971327e-01
35.9691 5.724756856283637063e-01
35.9774 5.729568633534026789e-01
35.9857 5.734374973206809445e-01
35.994 5.739175856115800167e-01
36.0023 5.743971263096154800e-01
36.0107 5.748761175011362079e-01
36.019 5.753545572746956438e-01
36.0273 5.758324437221408187e-01
36.0356 5.763097749377488199e-01
36.0439 5.767865490180286159e-01
36.0522 5.772627640627308043e-01
36.0605 5.777384181738297597e-01
36.0688 5.782135094568042755e-01
36.0771 5.786880360192314665e-01
36.0854 5.791619959714067178e-01
36.0938 5.796353874266879647e-01
36.1021 5.801082085016464607e-01
36.1104 5.805804573148195535e-01
36.1187 5.810521319878714230e-01
36.127 5.815232306459370282e-01
36.1353 5.819937514161441783e-01
36.1436 5.824636924289655626e-01
36.1519 5.829330518182130882e-01
36.1602 5.834018277196788560e-01
36.1685 5.838700182729882338e-01
36.1769 5.843376216203943763e-01
36.1852 5.848046359066204625e-01
36.1935 5.852710592805931977e-01
36.2018 5.857368898933505985e-01
36.2101 5.862021258988888706e-01
36.2184 5.866667654550049571e-01
36.2267 5.871308067221719940e-01
36.235 5.875942478638435107e-01
36.2433 5.880570870471042433e-01
36.2516 5.885193224413143298e-01
36.26 5.889809522194928704e-01
36.2683 5.894419745584266179e-01
36.2766 5.899023876368940655e-01
36.2849 5.903621896378919987e-01
36.2932 5.908213787472841316e-01
36.3015 5.912799531537952236e-01
36.3098 5.917379110499282335e-01
36.3181 5.921952506317649245e-01
36.3264 5.926519700976955463e-01
36.3347 5.931080676502159532e-01
36.3431 5.935635414951154765e-01
36.3514 5.940183898410119623e-01
36.3597 5.944726109004958570e-01
36.368 5.949262028892418064e-01
36.3763 5.953791640264642915e-01
36.3846 5.958314925345655766e-01
36.3929 5.962831866397040326e-01
36.4012 5.967342445714443055e-01
36.4095 5.971846645626355254e-01
36.4178 5.976344448499416595e-01
36.4262 5.980835836729171406e-01
36.4345 5.985320792753766606e-01
36.4428 5.989799299044323844e-01
36.4511 5.994271338105287006e-01
36.4594 5.998736892480437399e-01
36.4677 6.003195944747882207e-01
36.476 6.007648477519618169e-01
36.4843 6.012094473450209087e-01
36.4926 6.016533915225684703e-01
36.5009 6.020966785565400325e-01
36.5092 6.025393067236392008e-01
36.5176 6.029812743035450895e-01
36.5259 6.034225795795147285e-01
36.5342 6.038632208387944011e-01
36.5425 6.043031963726485101e-01
36.5508 6.047425044756712387e-01
36.5591 6.051811434466145556e-01
36.5674 6.056191115873572617e-01
36.5757 6.060564072046025208e-01
36.584 6.064930286084321276e-01
36.5923 6.069289741121115522e-01
36.6007 6.073642420337457271e-01
36.609 6.077988306954018594e-01
36.6173 6.082327384218580990e-01
36.6256 6.086659635430102799e-01
36.6339 6.090985043921686160e-01
36.6422 6.095303593066901948e-01
36.6505 6.099615266278592962e-01
36.6588 6.103920047009552263e-01
36.6671 6.108217918751697173e-01
36.6754 6.112508865044277151e-01
36.6838 6.116792869453102632e-01
36.6921 6.121069915594167243e-01
36.7004 6.125339987125685282e-01
36.7087 6.129603067738974564e-01
36.717 6.133859141174559104e-01
36.7253 6.138108191204805220e-01
36.7336 6.142350201651493036e-01
36.7419 6.146585156375972137e-01
36.7502 6.150813039278353322e-01
36.7585 6.155033834302287010e-01
36.7669 6.159247525433022563e-01
36.7752 6.163454096699944040e-01
36.7835 6.167653532171250008e-01
36.7918 6.171845815956509274e-01
36.8001 6.176030932215534897e-01
36.8084 6.180208865143728136e-01
36.8167 6.184379598977627346e-01
36.825 6.188543118006369914e-01
36.8333 6.192699406549613261e-01
36.8416 6.196848448979085378e-01
36.85 6.200990229712154411e-01
36.8583 6.205124733197965314e-01
36.8666 6.209251943940833351e-01
36.8749 6.213371846486358541e-01
36.8832 6.217484425417281191e-01
36.8915 6.221589665369369193e-01
36.8998 6.225687551017222710e-01
36.9081 6.229778067081235271e-01
36.9164 6.233861198331235309e-01
36.9247 6.237936929571165079e-01
36.9331 6.242005245660544599e-01
36.9414 6.246066131497660656e-01
36.9497 6.250119572026920922e-01
36.958 6.254165552241728321e-01
36.9663 6.258204057171788959e-01
36.9746 6.262235071905992712e-01
36.9829 6.266258581568634467e-01
36.9912 6.270274571327831836e-01
36.9995 6.274283026409497310e-01
37.0078 6.278283932080234164e-01
37.0161 6.282277273644668592e-01
37.0245 6.286263036460517650e-01
37.0328 6.290241205939951508e-01
37.0411 6.294211767528101742e-01
37.0494 6.298174706724388727e-01
37.0577 6.302130009070615602e-01
37.066 6.306077660162662246e-01
37.0743 6.310017645640841888e-01
37.0826 6.313949951188674303e-01
37.0909 6.317874562539446126e-01
37.0992 6.321791465475365968e-01
37.1076 6.325700645827116997e-01
37.1159 6.329602089473373994e-01
37.1242 6.333495782335960556e-01
37.1325 6.337381710388554357e-01
37.1408 6.341259859654764242e-01
37.1491 6.345130216200688400e-01
37.1574 6.348992766148771061e-01
37.1657 6.352847495664130095e-01
37.174 6.356694390962529528e-01
37.1823 6.360533438312112597e-01
37.1907 6.364364624021966454e-01
37.199 6.368187934457741894e-01
37.2073 6.372003356029509735e-01
37.2156 6.375810875199698913e-01
37.2239 6.379610478481887448e-01
37.2322 6.383402152433056420e-01
37.2405 6.387185883664805441e-01
37.2488 6.390961658836675774e-01
37.2571 6.394729464660444673e-01
37.2654 6.398489287895271493e-01
37.2738 6.402241115353071166e-01
37.2821 6.405984933891867295e-01
37.2904 6.409720730424426360e-01
37.2987 6.413448491916328154e-01
37.307 6.417168205373868783e-01
37.3153 6.420879857861062634e-01
37.3236 6.424583436497343092e-01
37.3319 6.428278928444385310e-01
37.3402 6.431966320917995583e-01
37.3485 6.435645601186203990e-01
37.3569 6.439316756567324829e-01
37.3652 6.442979774435314555e-01
37.3735 6.446634642210589128e-01
37.3818 6.450281347362845086e-01
37.3901 6.453919877421083751e-01
37.3984 6.457550219962278071e-01
37.4067 6.461172362614542308e-01
37.415 6.464786293060268418e-01
37.4233 6.468391999033866746e-01
37.4316 6.471989468319845340e-01
37.44 6.475578688756327139e-01
37.4483 6.479159648233850932e-01
37.4566 6.482732334698885213e-01
37.4649 6.486296736143977171e-01
37.4732 6.489852840620634611e-01
37.4815 6.493400636226598355e-01
37.4898 6.496940111122676553e-01
37.4981 6.500471253516421077e-01
37.5064 6.503994051662395082e-01
37.5147 6.507508493878615408e-01
37.523 6.511014568539608138e-01
37.5314 6.514512264057956692e-01
37.5397 6.518001568910454235e-01
37.548 6.521482471629712618e-01
37.5563 6.524954960795436021e-01
37.5646 6.528419025043668000e-01
37.5729 6.531874653067006875e-01
37.5812 6.535321833606642095e-01
37.5895 6.538760555464775415e-01
37.5978 6.542190807492670457e-01
37.6061 6.545612578595959574e-01
37.6145 6.549025857737001965e-01
37.6228 6.552430633932642134e-01
37.6311 6.555826896256952141e-01
37.6394 6.559214633828269747e-01
37.6477 6.562593835828371969e-01
37.656 6.565964491499857170e-01
37.6643 6.569326590123908405e-01
37.6726 6.572680121043396051e-01
37.6809 6.576025073670570542e-01
37.6892 6.579361437451335393e-01
37.6976 6.582689201893989761e-01
37.7059 6.586008356569827971e-01
37.7142 6.589318891098783215e-01
37.7225 6.592620795158565805e-01
37.7308 6.595914058477805320e-01
37.7391 6.599198670848021031e-01
37.7474 6.602474622109639757e-01
37.7557 6.605741902165394031e-01
37.764 6.609000500969188785e-01
37.7723 6.612250408530263579e-01
37.7807 6.615491614916974017e-01
37.789 6.618724110252413029e-01
37.7973 6.621947884717855892e-01
37.8056 6.625162928549087615e-01
37.8139 6.628369232036310787e-01
37.8222 6.631566785527547303e-01
37.8305 6.634755579431020900e-01
37.8388 6.637935604201936624e-01
37.8471 6.641106850363248659e-01
37.8554 6.644269308489607617e-01
37.8638 6.647422969209761945e-01
37.8721 6.650567823213811014e-01
37.8804 6.653703861243953632e-01
37.8887 6.656831074103871648e-01
37.897 6.659949452652976776e-01
37.9053 6.663058987805603461e-01
37.9136 6.666159670533333692e-01
37.9219 6.669251491868783965e-01
37.9302 6.672334442900527129e-01
37.9385 6.675408514769828328e-01
37.9469 6.678473698677924730e-01
37.9552 6.681529985883782885e-01
37.9635 6.684577367709239049e-01
37.9718 6.687615835522059404e-01
37.9801 6.690645380755803062e-01
37.9884 6.693665994899886673e-01
37.9967 6.696677669504028652e-01
38.005 6.699680396169017671e-01
38.0133 6.702674166556050750e-01
38.0216 6.705658972390478034e-01
38.0299 6.708634805443807192e-01
38.0383 6.711601657557406675e-01
38.0466 6.714559520621735667e-01
38.0549 6.717508386588464386e-01
38.0632 6.720448247470356407e-01
38.0715 6.723379095332406852e-01
38.0798 6.726300922299076612e-01
38.0881 6.729213720559390488e-01
38.0964 6.732117482355305382e-01
38.1047 6.735012199983686498e-01
38.113 6.737897865803873509e-01
38.1214 6.740774472235784298e-01
38.1297 6.743642011752511989e-01
38.138 6.746500476890626707e-01
38.1463 6.749349860243799570e-01
38.1546 6.752190154457823335e-01
38.1629 6.755021352245427213e-01
38.1712 6.757843446378513086e-01
38.1795 6.760656429677268653e-01
38.1878 6.763460295030540026e-01
38.1961 6.766255035382509053e-01
38.2045 6.769040643733624796e-01
38.2128 6.771817113148101974e-01
38.2211 6.774584436749633287e-01
38.2294 6.777342607710901135e-01
38.2377 6.780091619269364989e-01
38.246 6.782831464727837600e-01
38.2543 6.785562137437404218e-01
38.2626 6.788283630815982184e-01
38.2709 6.790995938336797932e-01
38.2792 6.793699053528242660e-01
38.2876 6.796392969987599120e-01
38.2959 6.799077681362932779e-01
38.3042 6.801753181362654166e-01
38.3125 6.804419463758498710e-01
38.3208 6.807076522374707617e-01
38.3291 6.809724351100320261e-01
38.3374 6.812362943884219257e-01
38.3457 6.814992294726412991e-01
38.354 6.817612397695109738e-01
38.3623 6.820223246912843207e-01
38.3707 6.822824836562871864e-01
38.379 6.825417160885983714e-01
38.3873 6.828000214183097549e-01
38.3956 6.830573990817900842e-01
38.4039 6.833138485208485324e-01
38.4122 6.835693691833060193e-01
38.4205 6.838239605231876128e-01
38.4288 6.840776220001634211e-01
38.4371 6.843303530795011858e-01
38.4454 6.845821532337657001e-01
38.4538 6.848330219404780150e-01
38.4621 6.850829586823111716e-01
38.4704 6.853319629490258746e-01
38.4787 6.855800342361930699e-01
38.487 6.858271720450445086e-01
38.4953 6.860733758834172136e-01
38.5036 6.863186452634193468e-01
38.5119 6.865629797046954863e-01
38.5202 6.868063787328081427e-01
38.5285 6.870488418781026674e-01
38.5368 6.872903686778072396e-01
38.5452 6.875309586750658619e-01
38.5535 6.877706114182451369e-01
38.5618 6.880093264622507698e-01
38.5701 6.882471033680032102e-01
38.5784 6.884839417019845698e-01
38.5867 6.887198410370396484e-01
38.595 6.889548009514149252e-01
38.6033 6.891888210296950312e-01
38.6116 6.894219008624533629e-01
38.6199 6.896540400458628373e-01
38.6283 6.898852381821619639e-01
38.6366 6.901154948797757482e-01
38.6449 6.903448097527277172e-01
38.6532 6.905731824212039127e-01
38.6615 6.908006125111674223e-01
38.6698 6.910270996544812805e-01
38.6781 6.912526434893713212e-01
38.6864 6.914772436594978089e-01
38.6947 6.917008998145532939e-01
38.703 6.919236116102506218e-01
38.7114 6.921453787081409681e-01
38.7197 6.923662007758372150e-01
38.728 6.925860774868005665e-01
38.7363 6.928050085204271458e-01
38.7446 6.930229935621389226e-01
38.7529 6.932400323029990208e-01
38.7612 6.934561244399364277e-01
38.7695 6.936712696761033747e-01
38.7778 6.938854677210308797e-01
38.7861 6.940987182890679952e-01
38.7945 6.943110211010200539e-01
38.8028 6.945223758837298922e-01
38.8111 6.947327823695634841e-01
38.8194 6.949422402972693646e-01
38.8277 6.951507494111277552e-01
38.836 6.953583094615760629e-01
38.8443 6.955649202044235091e-01
38.8526 6.957705814020144208e-01
38.8609 6.959752928227109781e-01
38.8692 6.961790542394415970e-01
38.8776 6.963818654324347435e-01
38.8859 6.965837261875651443e-01
38.8942 6.967846362960080642e-01
38.9025 6.969845955551283723e-01
38.9108 6.971836037685704701e-01
38.9191 6.973816607446737814e-01
38.9274 6.975787662989337834e-01
38.9357 6.977749202522511851e-01
38.944 6.979701224309218244e-01
38.9523 6.981643726677907447e-01
38.9607 6.983576708009058276e-01
38.969 6.985500166748735973e-01
38.9773 6.987414101400779565e-01
38.9856 6.989318510518370831e-01
38.9939 6.991213392719560771e-01
39.0022 6.993098746678831912e-01
39.0105 6.994974571134263686e-01
39.0188 6.996840864877796884e-01
39.0271 6.998697626758084711e-01
39.0354 7.000544855685696399e-01
39.0437 7.002382550624685065e-01
39.0521 7.004210710602429835e-01
39.0604 7.006029334701878719e-01
39.0687 7.007838422060089778e-01
39.077 7.009637971879073559e-01
39.0853 7.011427983415038367e-01
39.0936 7.013208455983248601e-01
39.1019 7.014979388952615746e-01
39.1102 7.016740781757138112e-01
39.1185 7.018492633883887111e-01
39.1268 7.020234944872872918e-01
39.1352 7.021967714332801869e-01
39.1435 7.023690941923098618e-01
39.1518 7.025404627357095810e-01
39.1601 7.027108770413798000e-01
39.1684 7.028803370929168626e-01
39.1767 7.030488428788103095e-01
39.185 7.032163943938813944e-01
39.1933 7.033829916386776793e-01
39.2016 7.035486346188014606e-01
39.2099 7.037133233470719285e-01
39.2183 7.038770578406150502e-01
39.2266 7.040398381226956603e-01
39.2349 7.042016642219804945e-01
39.2432 7.043625361735136314e-01
39.2515 7.045224540174545025e-01
39.2598 7.046814177996578721e-01
39.2681 7.048394275723175451e-01
39.2764 7.049964833921178453e-01
39.2847 7.051525853225163454e-01
39.293 7.053077334321590230e-01
39.3014 7.054619277946057032e-01
39.3097 7.056151684906125654e-01
39.318 7.057674556053660231e-01
39.3263 7.059187892300461398e-01
39.3346 7.060691694614839031e-01
39.3429 7.062185964016947093e-01
39.3512 7.063670701594325640e-01
39.3595 7.065145908479574244e-01
39.3678 7.066611585860036460e-01
39.3761 7.068067734984213590e-01
39.3845 7.069514357164891072e-01
39.3928 7.070951453749015903e-01
39.4011 7.072379026157376014e-01
39.4094 7.073797075860989159e-01
39.4177 7.075205604379698476e-01
39.426 7.076604613303538738e-01
39.4343 7.077994104261370323e-01
39.4426 7.079374078946799598e-01
39.4509 7.080744539105039426e-01
39.4592 7.082105486541256933e-01
39.4676 7.083456923111335346e-01
39.4759 7.084798850728278863e-01
39.4842 7.086131271354285666e-01
39.4925 7.087454187013626505e-01
39.5008 7.088767599782129780e-01
39.5091 7.090071511788378356e-01
39.5174 7.091365925223948041e-01
39.5257 7.092650842325158855e-01
39.534 7.093926265379438822e-01
39.5423 7.095192196749154911e-01
39.5506 7.096448638826836630e-01
39.559 7.097695594066777414e-01
39.5673 7.098933064984267460e-01
39.5756 7.100161054149639606e-01
39.5839 7.101379564173306846e-01
39.5922 7.102588597730202791e-01
39.6005 7.103788157549317805e-01
39.6088 7.104978246405202480e-01
39.6171 7.106158867132047474e-01
39.6254 7.107330022623558063e-01
39.6337 7.108491715812866873e-01
39.6421 7.109643949696257126e-01
39.6504 7.110786727315664413e-01
39.6587 7.111920051777220753e-01
39.667 7.113043926229912772e-01
39.6753 7.114158353879621588e-01
39.6836 7.115263337988987358e-01
39.6919 7.116358881861905017e-01
39.7002 7.117444988866524769e-01
39.7085 7.118521662417146567e-01
39.7168 7.119588905988238903e-01
39.7252 7.120646723092511898e-01
39.7335 7.121695117307743628e-01
39.7418 7.122734092259990213e-01
39.7501 7.123763651624764881e-01
39.7584 7.124783799135245843e-01
39.7667 7.125794538570000558e-01
39.775 7.126795873761203604e-01
39.7833 7.127787808591958818e-01
39.7916 7.128770347008969166e-01
39.7999 7.129743492988558362e-01
39.8083 7.130707250576816536e-01
39.8166 7.131661623863928545e-01
39.8249 7.132606616988544923e-01
39.8332 7.133542234142777883e-01
39.8415 7.134468479577178446e-01
39.8498 7.135385357584062005e-01
39.8581 7.136292872502496554e-01
39.8664 7.137191028738577581e-01
39.8747 7.138079830734106457e-01
39.883 7.138959282979235876e-01
39.8914 7.139829390033334278e-01
39.8997 7.140690156493713081e-01
39.908 7.141541587003158442e-01
39.9163 7.142383686259990982e-01
39.9246 7.143216459012871056e-01
39.9329 7.144039910061962262e-01
39.9412 7.144854044253737824e-01
39.9495 7.145658866485324889e-01
39.9578 7.146454381703128966e-01
39.9661 7.147240594903985222e-01
39.9745 7.148017511135057456e-01
39.9828 7.148785135488031628e-01
39.9911 7.149543473105341995e-01
39.9994 7.150292529183859269e-01
40.0077 7.151032308964025974e-01
40.016 7.151762817734182986e-01
40.0243 7.152484060838043556e-01
40.0326 7.153196043658170966e-01
40.0409 7.153898771631647113e-01
40.0492 7.154592250242410856e-01
40.0575 7.155276485026180744e-01
40.0659 7.155951481561529937e-01
40.0742 7.156617245473568811e-01
40.0825 7.157273782442657994e-01
40.0908 7.157921098191702969e-01
40.0991 7.158559198492358000e-01
40.1074 7.159188089166164115e-01
40.1157 7.159807776075651775e-01
40.124 7.160418265133045024e-01
40.1323 7.161019562303919672e-01
40.1406 7.161611673596417482e-01
40.149 7.162194605062408570e-01
40.1573 7.162768362804916578e-01
40.1656 7.163332952972376599e-01
40.1739 7.163888381757899104e-01
40.1822 7.164434655409825936e-01
40.1905 7.164971780204055785e-01
40.1988 7.165499762481544188e-01
40.2071 7.166018608623125896e-01
40.2154 7.166528325055698811e-01
40.2237 7.167028918244596758e-01
40.2321 7.167520394712277865e-01
40.2404 7.168002761021939895e-01
40.2487 7.168476023778689310e-01
40.257 7.168940189638186578e-01
40.2653 7.169395265297175968e-01
40.2736 7.169841257507738597e-01
40.2819 7.170278173054730475e-01
40.2902 7.170706018767548651e-01
40.2985 7.171124801526893577e-01
40.3068 7.171534528257794694e-01
40.3152 7.171935205933253066e-01
40.3235 7.172326841557965516e-01
40.3318 7.172709442185661866e-01
40.3401 7.173083014927703616e-01
40.3484 7.173447566920642116e-01
40.3567 7.173803105352254406e-01
40.365 7.174149637460187634e-01
40.3733 7.174487170518191181e-01
40.3816 7.174815711841634469e-01
40.3899 7.175135268796074550e-01
40.3983 7.175445848785393377e-01
40.4066 7.175747459260366501e-01
40.4149 7.176040107714241056e-01
40.4232 7.176323801674578950e-01
40.4315 7.176598548724237858e-01
40.4398 7.176864356483297902e-01
40.4481 7.177121232612073687e-01
40.4564 7.177369184813504610e-01
40.4647 7.177608220837990993e-01
40.473 7.177838348472190821e-01
40.4814 7.178059575546945625e-01
40.4897 7.178271909934109685e-01
40.498 7.178475359548924795e-01
40.5063 7.178669932348070715e-01
40.5146 7.178855636322183376e-01
40.5229 7.179032479514255716e-01
40.5312 7.179200470003516132e-01
40.5395 7.179359615910883008e-01
40.5478 7.179509925399495396e-01
40.5561 7.179651406661077262e-01
40.5645 7.179784067946008985e-01
40.5728 7.179907917536765272e-01
40.5811 7.180022963757684007e-01
40.5894 7.180129214971171514e-01
40.5977 7.180226679575173465e-01
40.606 7.180315366018439338e-01
40.6143 7.180395282782000566e-01
40.6226 7.180466438388294348e-01
40.6309 7.180528841404145712e-01
40.6392 7.180582500426573311e-01
40.6475 7.180627424091903244e-01
40.6559 7.180663621086097459e-01
40.6642 7.180691100128721027e-01
40.6725 7.180709869977162096e-01
40.6808 7.180719939421040809e-01
40.6891 7.180721317299854078e-01
40.6974 7.180714012490654330e-01
40.7057 7.180698033896361077e-01
40.714 7.180673390471334905e-01
40.7223 7.180640091203578379e-01
40.7306 7.180598145118309850e-01
40.739 7.180547561275447688e-01
40.7473 7.180488348778675256e-01
40.7556 7.180420516763758032e-01
40.7639 7.180344074408838706e-01
40.7722 7.180259030922767627e-01
40.7805 7.180165395557808194e-01
40.7888 7.180063177599820268e-01
40.7971 7.179952386371821760e-01
40.8054 7.179833031233301410e-01
40.8137 7.179705121577710791e-01
40.8221 7.179568666837842228e-01
40.8304 7.179423676486357264e-01
40.8387 7.179270160026592906e-01
40.847 7.179108126996135431e-01
40.8553 7.178937586972189422e-01
40.8636 7.178758549568464709e-01
40.8719 7.178571024429645231e-01
40.8802 7.178375021238581066e-01
40.8885 7.178170549714387727e-01
40.8968 7.177957619606915030e-01
40.9052 7.177736240707573989e-01
40.9135 7.177506422837138800e-01
40.9218 7.177268175849923493e-01
40.9301 7.177021509639132102e-01
40.9384 7.176766434131945926e-01
40.9467 7.176502959285820937e-01
40.955 7.176231095093255075e-01
40.9633 7.175950851590131574e-01
40.9716 7.175662238826716610e-01
40.9799 7.175365266900735062e-01
40.9883 7.175059945947042106e-01
40.9966 7.174746286126096884e-01
41.0049 7.174424297627516323e-01
41.0132 7.174093990679624167e-01
41.0215 7.173755375547570257e-01
41.0298 7.173408462522421480e-01
41.0381 7.173053261929516200e-01
41.0464 7.172689784129583357e-01
41.0547 7.172318039511468291e-01
41.063 7.171938038499255930e-01
41.0714 7.171549791546796282e-01
41.0797 7.171153309141838905e-01
41.088 7.170748601805951861e-01
41.0963 7.170335680080659468e-01
41.1046 7.169914554557946795e-01
41.1129 7.169485235844225146e-01
41.1212 7.169047734581233122e-01
41.1295 7.168602061449557139e-01
41.1378 7.168148227152989493e-01
41.1461 7.167686242428037424e-01
41.1544 7.167216118037879058e-01
41.1628 7.166737864788413903e-01
41.1711 7.166251493500126468e-01
41.1794 7.165757015028321186e-01
41.1877 7.165254440269018810e-01
41.196 7.164743780136800799e-01
41.2043 7.164225045577278239e-01
41.2126 7.163698247563444754e-01
41.2209 7.163163397106933061e-01
41.2292 7.162620505242442981e-01
41.2375 7.162069583034835762e-01
41.2459 7.161510641574296843e-01
41.2542 7.160943691984605897e-01
41.2625 7.160368745413546732e-01
41.2708 7.159785813047705449e-01
41.2791 7.159194906088631738e-01
41.2874 7.158596035771787047e-01
41.2957 7.157989213362913050e-01
41.304 7.157374450152623746e-01
41.3123 7.156751757465238395e-01
41.3206 7.156121146640328501e-01
41.329 7.155482629056384436e-01
41.3373 7.154836216113541481e-01
41.3456 7.154181919242419418e-01
41.3539 7.153519749901088298e-01
41.3622 7.152849719566128917e-01
41.3705 7.152171839755053773e-01
41.3788 7.151486121999034440e-01
41.3871 7.150792577858816612e-01
41.3954 7.150091218930546555e-01
41.4037 7.149382056825628329e-01
41.4121 7.148665103181900404e-01
41.4204 7.147940369668281946e-01
41.4287 7.147207867979981089e-01
41.437 7.146467609832556356e-01
41.4453 7.145719606972457116e-01
41.4536 7.144963871168706904e-01
41.4619 7.144200414209327388e-01
41.4702 7.143429247920111136e-01
41.4785 7.142650384138661268e-01
41.4868 7.141863834740220796e-01
41.4952 7.141069611612329560e-01
41.5035 7.140267726675338933e-01
41.5118 7.139458191869422210e-01
41.5201 7.138641019160399948e-01
41.5284 7.137816220540251777e-01
41.5367 7.136983808016517106e-01
41.545 7.136143793630999044e-01
41.5533 7.135296189447976056e-01
41.5616 7.134441007543593782e-01
41.5699 7.133578260028089479e-01
41.5783 7.132707959031668876e-01
41.5866 7.131830116707954526e-01
41.5949 7.130944745232776771e-01
41.6032 7.130051856802936960e-01
41.6115 7.129151463637917185e-01
41.6198 7.128243577987994906e-01
41.6281 7.127328212115499051e-01
41.6364 7.126405378303516391e-01
41.6447 7.125475088865192985e-01
41.653 7.124537356129064802e-01
41.6613 7.123592192454191174e-01
41.6697 7.122639610210841354e-01
41.678 7.121679621790960590e-01
41.6863 7.120712239617416062e-01
41.6946 7.119737476121246189e-01
41.7029 7.118755343766630661e-01
41.7112 7.117765855031064071e-01
41.7195 7.116769022414018986e-01
41.7278 7.115764858435740248e-01
41.7361 7.114753375637195010e-01
41.7444 7.113734586578858154e-01
41.7528 7.112708503842398722e-01
41.7611 7.111675140028318465e-01
41.7694 7.110634507752996436e-01
41.7777 7.109586619661985019e-01
41.786 7.108531488410813060e-01
41.7943 7.107469126677131710e-01
41.8026 7.106399547162381980e-01
41.8109 7.105322762583070606e-01
41.8192 7.104238785674769074e-01
41.8275 7.103147629185717626e-01
41.8359 7.102049305894686526e-01
41.8442 7.100943828593021534e-01
41.8525 7.099831210086320343e-01
41.8608 7.098711463200753080e-01
41.8691 7.097584600787631981e-01
41.8774 7.096450635712377997e-01
41.8857 7.095309580848732089e-01
41.894 7.094161449097163841e-01
41.9023 7.093006253375592207e-01
41.9106 7.091844006616461193e-01
41.919 7.090674721770726663e-01
41.9273 7.089498411803215605e-01
41.9356 7.088315089702358351e-01
41.9439 7.087124768466908087e-01
41.9522 7.085927461112235815e-01
41.9605 7.084723180678331733e-01
41.9688 7.083511940211363322e-01
41.9771 7.082293752773987094e-01
41.9854 7.081068631455065265e-01
41.9937 7.079836589349526310e-01
42.0021 7.078597639572101752e-01
42.0104 7.077351795250969024e-01
42.0187 7.076099069534025343e-01
42.027 7.074839475577946457e-01
42.0353 7.073573026555045606e-01
42.0436 7.072299735665223963e-01
42.0519 7.071019616109047723e-01
42.0602 7.069732681099722971e-01
42.0685 7.068438943877937142e-01
42.0768 7.067138417696928743e-01
42.0852 7.065831115815031094e-01
42.0935 7.064517051503647060e-01
42.1018 7.063196238065466703e-01
42.1101 7.061868688793907500e-01
42.1184 7.060534417017584330e-01
42.1267 7.059193436067745520e-01
42.135 7.057845759286813792e-01
42.1433 7.056491400033461092e-01
42.1516 7.055130371685996993e-01
42.1599 7.053762687622394667e-01
42.1682 7.052388361249293247e-01
42.1766 7.051007405975779907e-01
42.1849 7.049619835218480235e-01
42.1932 7.048225662419723703e-01
42.2015 7.046824901028736488e-01
42.2098 7.045417564507862052e-01
42.2181 7.044003666325712176e-01
42.2264 7.042583219974173359e-01
42.2347 7.041156238942251067e-01
42.243 7.039722736739315589e-01
42.2513 7.038282726889952823e-01
42.2597 7.036836222924847117e-01
42.268 7.035383238385877203e-01
42.2763 7.033923786826632440e-01
42.2846 7.032457881815775691e-01
42.2929 7.030985536922877976e-01
42.3012 7.029506765733076756e-01
42.3095 7.028021581852722521e-01
42.3178 7.026529998884444295e-01
42.3261 7.025032030445791387e-01
42.3344 7.023527690164107495e-01
42.3428 7.022016991679895792e-01
42.3511 7.020499948641133470e-01
42.3594 7.018976574704945959e-01
42.3677 7.017446883540948699e-01
42.376 7.015910888816576652e-01
42.3843 7.014368604228605752e-01
42.3926 7.012820043474383702e-01
42.4009 7.011265220254059294e-01
42.4092 7.009704148281825642e-01
42.4175 7.008136841279686280e-01
42.4259 7.006563312981941571e-01
42.4342 7.004983577126709937e-01
42.4425 7.003397647462101805e-01
42.4508 7.001805537745051655e-01
42.4591 7.000207261748042642e-01
42.4674 6.998602833239410126e-01
42.4757 6.996992265987289628e-01
42.484 6.995375573799379465e-01
42.4923 6.993752770472444480e-01
42.5006 6.992123869797356450e-01
42.509 6.990488885593251212e-01
42.5173 6.988847831680038425e-01
42.5256 6.987200721883426446e-01
42.5339 6.985547570034897902e-01
42.5422 6.983888389975603239e-01
42.5505 6.982223195556330753e-01
42.5588 6.980552000626304432e-01
42.5671 6.978874819044343925e-01
42.5754 6.977191664683304317e-01
42.5837 6.975502551410502905e-01
42.5921 6.973807493109477340e-01
42.6004 6.972106503661544830e-01
42.6087 6.970399596956936561e-01
42.617 6.968686786902573704e-01
42.6253 6.966968087390843500e-01
42.6336 6.965243512329110098e-01
42.6419 6.963513075636339478e-01
42.6502 6.961776791231947259e-01
42.6585 6.960034673034116715e-01
42.6668 6.958286734977567889e-01
42.6751 6.956532990993528065e-01
42.6835 6.954773455022489337e-01
42.6918 6.953008141003640397e-01
42.7001 6.951237062886507223e-01
42.7084 6.949460234626485544e-01
42.7167 6.947677670178165066e-01
42.725 6.945889383504192383e-01
42.7333 6.944095388567483873e-01
42.7416 6.942295699332876602e-01
42.7499 6.940490329779849255e-01
42.7582 6.938679293880897214e-01
42.7666 6.936862605617584165e-01
42.7749 6.935040278975526107e-01
42.7832 6.933212327937200437e-01
42.7915 6.931378766492988230e-01
42.7998 6.929539608637269588e-01
42.8081 6.927694868361249370e-01
42.8164 6.925844559671147094e-01
42.8247 6.923988696567202616e-01
42.833 6.922127293047537488e-01
42.8413 6.920260363126885528e-01
42.8497 6.918387920809003777e-01
42.858 6.916509980104308397e-01
42.8663 6.914626555027095778e-01
42.8746 6.912737659599926809e-01
42.8829 6.910843307829402926e-01
42.8912 6.908943513739719267e-01
42.8995 6.907038291349538728e-01
42.9078 6.905127654686832317e-01
42.9161 6.903211617770713682e-01
42.9244 6.901290194623536101e-01
42.9328 6.899363399276359221e-01
42.9411 6.897431245757400520e-01
42.9494 6.895493748091480191e-01
42.9577 6.893550920313179509e-01
42.966 6.891602776447077749e-01
42.9743 6.889649330525295934e-01
42.9826 6.887690596581440561e-01
42.9909 6.885726588641293278e-01
42.9992 6.883757320740324648e-01
43.0075 6.881782806915445194e-01
43.0159 6.879803061196269054e-01
43.0242 6.877818097609470493e-01
43.0325 6.875827930191896753e-01
43.0408 6.873832572971428911e-01
43.0491 6.871832039983907237e-01
43.0574 6.869826345264365974e-01
43.0657 6.867815502835045161e-01
43.074 6.865799526726106272e-01
43.0823 6.863778430968523470e-01
43.0906 6.861752229590265539e-01
43.099 6.859720936619555509e-01
43.1073 6.857684566081589939e-01
43.1156 6.855643131995272643e-01
43.1239 6.853596648396064195e-01
43.1322 6.851545129298955983e-01
43.1405 6.849488588717536075e-01
43.1488 6.847427040679732180e-01
43.1571 6.845360499197349347e-01
43.1654 6.843288978291086622e-01
43.1737 6.841212491968230447e-01
43.182 6.839131054235179086e-01
43.1904 6.837044679114754331e-01
43.1987 6.834953380600653494e-01
43.207 6.832857172701370940e-01
43.2153 6.830756069417408538e-01
43.2236 6.828650084751036742e-01
43.2319 6.826539232690573833e-01
43.2402 6.824423527233681730e-01
43.2485 6.822302982375416658e-01
43.2568 6.820177612095812414e-01
43.2651 6.818047430381505292e-01
43.2735 6.815912451215444534e-01
43.2818 6.813772688565552516e-01
43.2901 6.811628156422533387e-01
43.2984 6.809478868745306723e-01
43.3067 6.807324839497218560e-01
43.315 6.805166082652469584e-01
43.3233 6.803002612166996199e-01
43.3316 6.800834441988722334e-01
43.3399 6.798661586075346319e-01
43.3482 6.796484058380836135e-01
43.3566 6.794301872832313460e-01
43.3649 6.792115043378480488e-01
43.3732 6.789923583951943398e-01
43.3815 6.787727508481592453e-01
43.3898 6.785526830894746952e-01
43.3981 6.783321565105876472e-01
43.4064 6.781111725037000104e-01
43.4147 6.778897324592996210e-01
43.423 6.776678377682524568e-01
43.4313 6.774454898207844522e-01
43.4397 6.772226900061040222e-01
43.448 6.769994397129942554e-01
43.4563 6.767757403300262986e-01
43.4646 6.765515932458794346e-01
43.4729 6.763269998467720256e-01
43.4812 6.761019615196742771e-01
43.4895 6.758764796513432316e-01
43.4978 6.756505556270400170e-01
43.5061 6.754241908312790255e-01
43.5144 6.751973866492165799e-01
43.5228 6.749701444647283610e-01
43.5311 6.747424656599816384e-01
43.5394 6.745143516182138255e-01
43.5477 6.742858037213813605e-01
43.556 6.740568233501618156e-01
43.5643 6.738274118857672246e-01
43.5726 6.735975707080243957e-01
43.5809 6.733673011952693299e-01
43.5892 6.731366047271178932e-01
43.5975 6.729054826812697065e-01
43.6059 6.726739364339353600e-01
43.6142 6.724419673623915905e-01
43.6225 6.722095768413632877e-01
43.6308 6.719767662470658154e-01
43.6391 6.717435369532703815e-01
43.6474 6.715098903333257541e-01
43.6557 6.712758277597329348e-01
43.664 6.710413506043579890e-01
43.6723 6.708064602386453190e-01
43.6806 6.705711580329802857e-01
43.6889 6.703354453573265870e-01
43.6973 6.700993235797422232e-01
43.7056 6.698627940681838311e-01
43.7139 6.696258581903988816e-01
43.7222 6.693885173122322563e-01
43.7305 6.691507727995331667e-01
43.7388 6.689126260169901972e-01
43.7471 6.686740783279224720e-01
43.7554 6.684351310953365877e-01
43.7637 6.681957856815046171e-01
43.772 6.679560434476471409e-01
43.7804 6.677159057540402731e-01
43.7887 6.674753739602274916e-01
43.797 6.672344494242813395e-01
43.8053 6.669931335041759946e-01
43.8136 6.667514275567328896e-01
43.8219 6.665093329369894404e-01
43.8302 6.662668510007291323e-01
43.8385 6.660239831010049683e-01
43.8468 6.657807305907746942e-01
43.8551 6.655370948223739980e-01
43.8635 6.652930771472012061e-01
43.8718 6.650486789148767341e-01
43.8801 6.648039014745076303e-01
43.8884 6.645587461732159751e-01
43.8967 6.643132143597111350e-01
43.905 6.640673073792496828e-01
43.9133 6.638210265762620743e-01
43.9216 6.635743732960320829e-01
43.9299 6.633273488806056273e-01
43.9382 6.630799546725687499e-01
43.9466 6.628321920128450451e-01
43.9549 6.625840622405937408e-01
43.9632 6.623355666954098275e-01
43.9715 6.620867067143931806e-01
43.9798 6.618374836350804369e-01
43.9881 6.615878987920973398e-01
43.9964 6.613379535207172255e-01
44.0047 6.610876491544556144e-01
44.013 6.608369870249682920e-01
44.0213 6.605859684638287765e-01
44.0297 6.603345948012743216e-01
44.038 6.600828673660001922e-01
44.0463 6.598307874859951072e-01
44.0546 6.595783564882289340e-01
44.0629 6.593255756978199100e-01
44.0712 6.590724464398088900e-01
44.0795 6.588189700367619306e-01
44.0878 6.585651478108576207e-01
44.0961 6.583109810836776932e-01
44.1044 6.580564711743351891e-01
44.1128 6.578016194016617080e-01
44.1211 6.575464270828559332e-01
44.1294 6.572908955348359950e-01
44.1377 6.570350260714357127e-01
44.146 6.567788200069386573e-01
44.1543 6.565222786538966737e-01
44.1626 6.562654033237558249e-01
44.1709 6.560081953268565025e-01
44.1792 6.557506559707763083e-01
44.1875 6.554927865641688722e-01
44.1958 6.552345884142734000e-01
44.2042 6.549760628242267124e-01
44.2125 6.547172110981391846e-01
44.2208 6.544580345401620480e-01
44.2291 6.541985344501434207e-01
44.2374 6.539387121284924165e-01
44.2457 6.536785688739056299e-01
44.254 6.534181059837812500e-01
44.2623 6.531573247543245309e-01
44.2706 6.528962264803430671e-01
44.2789 6.526348124550408469e-01
44.2873 6.523730839705367268e-01
44.2956 6.521110423180728199e-01
44.3039 6.518486887869826552e-01
44.3122 6.515860246654165966e-01
44.3205 6.513230512399302841e-01
44.3288 6.510597697962077213e-01
44.3371 6.507961816184446580e-01
44.3454 6.505322879893500332e-01
44.3537 6.502680901901485289e-01
44.362 6.500035895010954912e-01
44.3704 6.497387872000403020e-01
44.3787 6.494736845649973223e-01
44.387 6.492082828717827825e-01
44.3953 6.489425833942241706e-01
44.4036 6.486765874067275117e-01
44.4119 6.484102961791470277e-01
44.4202 6.481437109821244213e-01
44.4285 6.478768330858570845e-01
44.4368 6.476096637561012948e-01
44.4451 6.473422042585845748e-01
44.4535 6.470744558594139217e-01
44.4618 6.468064198210825566e-01
44.4701 6.465380974042156392e-01
44.4784 6.462694898700270807e-01
44.4867 6.460005984766368226e-01
44.495 6.457314244812221160e-01
44.5033 6.454619691400188541e-01
44.5116 6.451922337069939672e-01
44.5199 6.449222194347684622e-01
44.5282 6.446519275753327394e-01
44.5366 6.443813593779049720e-01
44.5449 6.441105160909748051e-01
44.5532 6.438393989610806667e-01
44.5615 6.435680092337290326e-01
44.5698 6.432963481531933647e-01
44.5781 6.430244169615969563e-01
44.5864 6.427522168988163420e-01
44.5947 6.424797492050267067e-01
44.603 6.422070151177519115e-01
44.6113 6.419340158728847889e-01
44.6197 6.416607527057057725e-01
44.628 6.413872268485468764e-01
44.6363 6.411134395339437297e-01
44.6446 6.408393919905746028e-01
44.6529 6.405650854473246003e-01
44.6612 6.402905211317651002e-01
44.6695 6.400157002687326679e-01
44.6778 6.397406240821604806e-01
44.6861 6.394652937934567349e-01
44.6944 6.391897106238380033e-01
44.7027 6.389138757917978140e-01
44.7111 6.386377905150342205e-01
44.7194 6.383614560099437618e-01
44.7277 6.380848734899045027e-01
44.736 6.378080441672010492e-01
44.7443 6.375309692536328399e-01
44.7526 6.372536499581897829e-01
44.7609 6.369760874886731816e-01
44.7692 6.366982830511918046e-01
44.7775 6.364202378500637414e-01
44.7858 6.361419530880202400e-01
44.7942 6.358634299669140288e-01
44.8025 6.355846696858046263e-01
44.8108 6.353056734429782804e-01
44.8191 6.350264424341351965e-01
44.8274 6.347469778546086516e-01
44.8357 6.344672808968490063e-01
44.844 6.341873527521380005e-01
44.8523 6.339071946106912270e-01
44.8606 6.336268076603522870e-01
44.8689 6.333461930867968492e-01
44.8773 6.330653520755454844e-01
44.8856 6.327842858094526735e-01
44.8939 6.325029954686102185e-01
44.9022 6.322214822336630347e-01
44.9105 6.319397472828987006e-01
44.9188 6.316577917913478446e-01
44.9271 6.313756169345993152e-01
44.9354 6.310932238850902598e-01
44.9437 6.308106138131127638e-01
44.952 6.305277878895206856e-01
44.9604 6.302447472806235185e-01
44.9687 6.299614931525953088e-01
44.977 6.296780266706754059e-01
44.9853 6.293943489970684757e-01
44.9936 6.291104612914496519e-01
45.0019 6.288263647138662149e-01
45.0102 6.285420604219383867e-01
45.0185 6.282575495698663470e-01
45.0268 6.279728333128251627e-01
45.0351 6.276879128026737753e-01
45.0435 6.274027891890568975e-01
45.0518 6.271174636211027664e-01
45.0601 6.268319372454302929e-01
45.0684 6.265462112073488798e-01
45.0767 6.262602866504610732e-01
45.085 6.259741647151721988e-01
45.0933 6.256878465423766356e-01
45.1016 6.254013332703733941e-01
45.1099 6.251146260340741945e-01
45.1182 6.248277259686867424e-01
45.1266 6.245406342070302097e-01
45.1349 6.242533518800361669e-01
45.1432 6.239658801163542323e-01
45.1515 6.236782200437439583e-01
45.1598 6.233903727875884648e-01
45.1681 6.231023394715925479e-01
45.1764 6.228141212174860275e-01
45.1847 6.225257191462175710e-01
45.193 6.222371343758740236e-01
45.2013 6.219483680213885313e-01
45.2096 6.216594211998901498e-01
45.218 6.213702950234757383e-01
45.2263 6.210809906020883231e-01
45.2346 6.207915090459900087e-01
45.2429 6.205018514630936677e-01
45.2512 6.202120189588671284e-01
45.2595 6.199220126357443128e-01
45.2678 6.196318335974739799e-01
45.2761 6.193414829431955759e-01
45.2844 6.190509617711948964e-01
45.2927 6.187602711790048948e-01
45.3011 6.184694122605459699e-01
45.3094 6.181783861083998133e-01
45.3177 6.178871938142038722e-01
45.326 6.175958364661912059e-01
45.3343 6.173043151520510863e-01
45.3426 6.170126309581407398e-01
45.3509 6.167207849668324693e-01
45.3592 6.164287782601581833e-01
45.3675 6.161366119183340206e-01
45.3758 6.158442870186831009e-01
45.3842 6.155518046378006813e-01
45.3925 6.152591658504744654e-01
45.4008 6.149663717285095421e-01
45.4091 6.146734233422049831e-01
45.4174 6.143803217611406575e-01
45.4257 6.140870680512358071e-01
45.434 6.137936632777939439e-01
45.4423 6.135001085043276792e-01
45.4506 6.132064047909930871e-01
45.4589 6.129125531979260355e-01
45.4673 6.126185547831838329e-01
45.4756 6.123244106007933452e-01
45.4839 6.120301217043757624e-01
45.4922 6.117356891473415548e-01
45.5005 6.114411139782001126e-01
45.5088 6.111463972454520555e-01
45.5171 6.108515399956355729e-01
45.5254 6.105565432721579144e-01
45.5337 6.102614081174472238e-01
45.542 6.099661355720755740e-01
45.5504 6.096707266748589982e-01
45.5587 6.093751824620812219e-01
45.567 6.090795039680810818e-01
45.5753 6.087836922266188777e-01
45.5836 6.084877482676648297e-01
45.5919 6.081916731210059712e-01
45.6002 6.078954678126451405e-01
45.6085 6.075991333686991958e-01
45.6168 6.073026708124793505e-01
45.6251 6.070060811644973908e-01
45.6335 6.067093654448009188e-01
45.6418 6.064125246710312389e-01
45.6501 6.061155598582327331e-01
45.6584 6.058184720199254469e-01
45.6667 6.055212621687844354e-01
45.675 6.052239313140241883e-01
45.6833 6.049264804637294324e-01
45.6916 6.046289106239853828e-01
45.6999 6.043312227981049167e-01
45.7082 6.040334179893447342e-01
45.7165 6.037354971967423545e-01
45.7249 6.034374614190907149e-01
45.7332 6.031393116531961196e-01
45.7415 6.028410488929153432e-01
45.7498 6.025426741310924150e-01
45.7581 6.022441883576277188e-01
45.7664 6.019455925612219316e-01
45.7747 6.016468877291829553e-01
45.783 6.013480748454030911e-01
45.7913 6.010491548935456008e-01
45.7996 6.007501288537683282e-01
45.808 6.004509977053302805e-01
45.8163 6.001517624250519711e-01
45.8246 5.998524239875109298e-01
45.8329 5.995529833669720476e-01
45.8412 5.992534415333431452e-01
45.8495 5.989537994564175793e-01
45.8578 5.986540581029873298e-01
45.8661 5.983542184390600038e-01
45.8744 5.980542814275513486e-01
45.8827 5.977542480290600757e-01
45.8911 5.974541192044656723e-01
45.8994 5.971538959109879974e-01
45.9077 5.968535791029635496e-01
45.916 5.965531697348228635e-01
45.9243 5.962526687591730434e-01
45.9326 5.959520771238254744e-01
45.9409 5.956513957772707757e-01
45.9492 5.953506256653200435e-01
45.9575 5.950497677318778988e-01
45.9658 5.947488229194222153e-01
45.9742 5.944477921667101761e-01
45.9825 5.941466764117495636e-01
45.9908 5.938454765915133216e-01
45.9991 5.935441936393592854e-01
46.0074 5.932428284876152258e-01
46.0157 5.929413820658626655e-01
46.024 5.926398553029452732e-01
46.0323 5.923382491242964454e-01
46.0406 5.920365644550951156e-01
46.0489 5.917348022169258703e-01
46.0573 5.914329633298829325e-01
46.0656 5.911310487135260638e-01
46.0739 5.908290592825915510e-01
46.0822 5.905269959528129942e-01
46.0905 5.902248596365365918e-01
46.0988 5.899226512432033109e-01
46.1071 5.896203716825897390e-01
46.1154 5.893180218604303633e-01
46.1237 5.890156026811813605e-01
46.132 5.887131150489741671e-01
46.1404 5.884105598631488299e-01
46.1487 5.881079380226306164e-01
46.157 5.878052504244125620e-01
46.1653 5.875024979627031518e-01
46.1736 5.871996815314923790e-01
46.1819 5.868968020208532588e-01
46.1902 5.865938603193177059e-01
46.1985 5.862908573149224756e-01
46.2068 5.859877938917024132e-01
46.2151 5.856846709328239475e-01
46.2234 5.853814893193546309e-01
46.2318 5.850782499314965968e-01
46.2401 5.847749536447086616e-01
46.2484 5.844716013346327177e-01
46.2567 5.841681938752955050e-01
46.265 5.838647321370327159e-01
46.2733 5.835612169889509149e-01
46.2816 5.832576492993074568e-01
46.2899 5.829540299327725661e-01
46.2982 5.826503597524180789e-01
46.3065 5.823466396200024375e-01
46.3149 5.820428703956900263e-01
46.3232 5.817390529363555274e-01
46.3315 5.814351880969094166e-01
46.3398 5.811312767317136085e-01
46.3481 5.808273196919456760e-01
46.3564 5.805233178274861183e-01
46.3647 5.802192719860735926e-01
46.373 5.799151830134958718e-01
46.3813 5.796110517530292938e-01
46.3896 5.793068790472284402e-01
46.398 5.790026657350131334e-01
46.4063 5.786984126544941764e-01
46.4146 5.783941206419392911e-01
46.4229 5.780897905314960061e-01
46.4312 5.777854231547245867e-01
46.4395 5.774810193417282411e-01
46.4478 5.771765799203113501e-01
46.4561 5.768721057171076749e-01
46.4644 5.765675975564575895e-01
46.4727 5.762630562598494155e-01
46.4811 5.759584826480780295e-01
46.4894 5.756538775394669516e-01
46.4977 5.753492417500589706e-01
46.506 5.750445760944621343e-01
46.5143 5.747398813851036792e-01
46.5226 5.744351584328870608e-01
46.5309 5.741304080454197045e-01
46.5392 5.738256310295398732e-01
46.5475 5.735208281904768945e-01
46.5558 5.732160003304540563e-01
46.5642 5.729111482507460718e-01
46.5725 5.726062727500005334e-01
46.5808 5.723013746247093136e-01
46.5891 5.719964546695845975e-01
46.5974 5.716915136782128037e-01
46.6057 5.713865524418466624e-01
46.614 5.710815717481974030e-01
46.6223 5.707765723852568085e-01
46.6306 5.704715551390637795e-01
46.6389 5.701665207914744515e-01
46.6473 5.698614701242605829e-01
46.6556 5.695564039170638582e-01
46.6639 5.692513229473070702e-01
46.6722 5.689462279908470421e-01
46.6805 5.686411198198416672e-01
46.6888 5.683359992069328959e-01
46.6971 5.680308669219046314e-01
46.7054 5.677257237324303540e-01
46.7137 5.674205704037968978e-01
46.722 5.671154076999288529e-01
46.7303 5.668102363837604907e-01
46.7387 5.665050572146440588e-01
46.747 5.661998709502996663e-01
46.7553 5.658946783474662068e-01
46.7636 5.655894801605133582e-01
46.7719 5.652842771414473555e-01
46.7802 5.649790700403755084e-01
46.7885 5.646738596062488291e-01
46.7968 5.643686465854776957e-01
46.8051 5.640634317222136263e-01
46.8134 5.637582157601985777e-01
46.8218 5.634529994391656027e-01
46.8301 5.631477834987212994e-01
46.8384 5.628425686756703961e-01
46.8467 5.625373557049424544e-01
46.855 5.622321453191333473e-01
46.8633 5.619269382501679289e-01
46.8716 5.616217352269984309e-01
46.8799 5.613165369774498759e-01
46.8882 5.610113442270256989e-01
46.8965 5.607061576978989992e-01
46.9049 5.604009781130570023e-01
46.9132 5.600958061929894871e-01
46.9215 5.597906426533947322e-01
46.9298 5.594854882119860706e-01
46.9381 5.591803435819681090e-01
46.9464 5.588752094757153399e-01
46.9547 5.585700866039475798e-01
46.963 5.582649756740820646e-01
46.9713 5.579598773928970967e-01
46.9796 5.576547924655247401e-01
46.988 5.573497215941708438e-01
46.9963 5.570446654794929398e-01
47.0046 5.567396248206030185e-01
47.0129 5.564346003144297059e-01
47.0212 5.561295926559950420e-01
47.0295 5.558246025391496703e-01
47.0378 5.555196306545631124e-01
47.0461 5.552146776910995563e-01
47.0544 5.549097443372830174e-01
47.0627 5.546048312790136103e-01
47.0711 5.542999391994810621e-01
47.0794 5.539950687809019891e-01
47.0877 5.536902207036106249e-01
47.096 5.533853956450568434e-01
47.1043 5.530805942816348075e-01
47.1126 5.527758172883205923e-01
47.1209 5.524710653378531733e-01
47.1292 5.521663391008295729e-01
47.1375 5.518616392452527775e-01
47.1458 5.515569664386295035e-01
47.1542 5.512523213463329519e-01
47.1625 5.509477046316058058e-01
47.1708 5.506431169557459704e-01
47.1791 5.503385589781083498e-01
47.1874 5.500340313564733297e-01
47.1957 5.497295347465931403e-01
47.204 5.494250698025590074e-01
47.2123 5.491206371760773974e-01
47.2206 5.488162375183797126e-01
47.2289 5.485118714774100956e-01
47.2372 5.482075396997354577e-01
47.2456 5.479032428293690860e-01
47.2539 5.475989815099491231e-01
47.2622 5.472947563831992435e-01
47.2705 5.469905680873924370e-01
47.2788 5.466864172594384508e-01
47.2871 5.463823045362425912e-01
47.2954 5.460782305510876178e-01
47.3037 5.457741959349061700e-01
47.312 5.454702013188141851e-01
47.3203 5.451662473305872725e-01
47.3287 5.448623345964723752e-01
47.337 5.445584637420926022e-01
47.3453 5.442546353887475208e-01
47.3536 5.439508501575717192e-01
47.3619 5.436471086684506737e-01
47.3702 5.433434115387615337e-01
47.3785 5.430397593837374970e-01
47.3868 5.427361528165605131e-01
47.3951 5.424325924491764095e-01
47.4034 5.421290788914849834e-01
47.4118 5.418256127525142851e-01
47.4201 5.415221946387119845e-01
47.4284 5.412188251539492567e-01
47.4367 5.409155049012333016e-01
47.445 5.406122344816304270e-01
47.4533 5.403090144941782302e-01
47.4616 5.400058455373274446e-01
47.4699 5.397027282061571674e-01
47.4782 5.393996630938184822e-01
47.4865 5.390966507935098795e-01
47.4949 5.387936918940828823e-01
47.5032 5.384907869853383655e-01
47.5115 5.381879366539027432e-01
47.5198 5.378851414838593525e-01
47.5281 5.375824020589023977e-01
47.5364 5.372797189600991841e-01
47.5447 5.369770927675943106e-01
47.553 5.366745240590907740e-01
47.5613 5.363720134103007187e-01
47.5696 5.360695613951267369e-01
47.578 5.357671685866487454e-01
47.5863 5.354648355560527317e-01
47.5946 5.351625628718287286e-01
47.6029 5.348603511011167377e-01
47.6112 5.345582008090817849e-01
47.6195 5.342561125597208305e-01
47.6278 5.339540869159541403e-01
47.6361 5.336521244366836392e-01
47.6444 5.333502256803653863e-01
47.6527 5.330483912047425665e-01
47.6611 5.327466215642631120e-01
47.6694 5.324449173116884149e-01
47.6777 5.321432789992525114e-01
47.686 5.318417071762601145e-01
47.6943 5.315402023903372797e-01
47.7026 5.312387651880562389e-01
47.7109 5.309373961145806842e-01
47.7192 5.306360957125138000e-01
47.7275 5.303348645225229863e-01
47.7358 5.300337030836108632e-01
47.7441 5.297326119342700146e-01
47.7525 5.294315916098227826e-01
47.7608 5.291306426447325295e-01
47.7691 5.288297655710966216e-01
47.7774 5.285289609205124917e-01
47.7857 5.282282292211539776e-01
47.794 5.279275710007000910e-01
47.8023 5.276269867848293327e-01
47.8106 5.273264770971356485e-01
47.8189 5.270260424606351135e-01
47.8272 5.267256833948480432e-01
47.8356 5.264254004192531200e-01
47.8439 5.261251940503697266e-01
47.8522 5.258250648047684273e-01
47.8605 5.255250131947408754e-01
47.8688 5.252250397334287113e-01
47.8771 5.249251449303208306e-01
47.8854 5.246253292949647484e-01
47.8937 5.243255933338785146e-01
47.902 5.240259375527611674e-01
47.9103 5.237263624547302543e-01
47.9187 5.234268685419117828e-01
47.927 5.231274563145618117e-01
47.9353 5.228281262708043275e-01
47.9436 5.225288789095393627e-01
47.9519 5.222297147240185788e-01
47.9602 5.219306342082759009e-01
47.9685 5.216316378549267219e-01
47.9768 5.213327261535005697e-01
47.9851 5.210338995930827721e-01
47.9934 5.207351586607325000e-01
48.0018 5.204365038417511080e-01
48.0101 5.201379356195071635e-01
48.0184 5.198394544759685765e-01
48.0267 5.195410608919655004e-01
48.035 5.192427553464044054e-01
48.0433 5.189445383162700765e-01
48.0516 5.186464102768050255e-01
48.0599 5.183483717009854663e-01
48.0682 5.180504230630283979e-01
48.0765 5.177525648324362573e-01
48.0849 5.174547974774182935e-01
48.0932 5.171571214667279870e-01
48.1015 5.168595372655538922e-01
48.1098 5.165620453378835242e-01
48.1181 5.162646461459833302e-01
48.1264 5.159673401503990231e-01
48.1347 5.156701278115314313e-01
48.143 5.153730095858827243e-01
48.1513 5.150759859305999999e-01
48.1596 5.147790572990259550e-01
48.168 5.144822241446284083e-01
48.1763 5.141854869188209332e-01
48.1846 5.138888460701815930e-01
48.1929 5.135923020472452638e-01
48.2012 5.132958552973722055e-01
48.2095 5.129995062646585113e-01
48.2178 5.127032553917716395e-01
48.2261 5.124071031214286753e-01
48.2344 5.121110498935285138e-01
48.2427 5.118150961454159820e-01
48.251 5.115192423156236234e-01
48.2594 5.112234888386554266e-01
48.2677 5.109278361485566355e-01
48.276 5.106322846778698077e-01
48.2843 5.103368348565109347e-01
48.2926 5.100414871138551076e-01
48.3009 5.097462418772624737e-01
48.3092 5.094510995733825265e-01
48.3175 5.091560606259878385e-01
48.3258 5.088611254583188526e-01
48.3341 5.085662944910913641e-01
48.3425 5.082715681450123979e-01
48.3508 5.079769468374907282e-01
48.3591 5.076824309852374650e-01
48.3674 5.073880210040949690e-01
48.3757 5.070937173069621773e-01
48.384 5.067995203058739406e-01
48.3923 5.065054304117435624e-01
48.4006 5.062114480332416955e-01
48.4089 5.059175735776615390e-01
48.4172 5.056238074517870329e-01
48.4256 5.053301500594751250e-01
48.4339 5.050366018031282600e-01
48.4422 5.047431630849894546e-01
48.4505 5.044498343044701016e-01
48.4588 5.041566158595338631e-01
48.4671 5.038635081476459110e-01
48.4754 5.035705115641374574e-01
48.4837 5.032776265022097517e-01
48.492 5.029848533550881351e-01
48.5003 5.026921925126673907e-01
48.5087 5.023996443644401788e-01
48.517 5.021072092988970725e-01
48.5253 5.018148877019797949e-01
48.5336 5.015226799582892525e-01
48.5419 5.012305864513446618e-01
48.5502 5.009386075632411561e-01
48.5585 5.006467436736238286e-01
48.5668 5.003549951624349790e-01
48.5751 5.000633624069136252e-01
48.5834 4.997718457825412464e-01
48.5918 4.994804456636459111e-01
48.6001 4.991891624236605152e-01
48.6084 4.988979964344381623e-01
48.6167 4.986069480654859443e-01
48.625 4.983160176858493773e-01
48.6333 4.980252056625747992e-01
48.6416 4.977345123613101663e-01
48.6499 4.974439381462225085e-01
48.6582 4.971534833803413767e-01
48.6665 4.968631484250484176e-01
48.6749 4.965729336402505134e-01
48.6832 4.962828393845533093e-01
48.6915 4.959928660139824030e-01
48.6998 4.957030138855711976e-01
48.7081 4.954132833532650659e-01
48.7164 4.951236747692910334e-01
48.7247 4.948341884849265515e-01
48.733 4.945448248506721933e-01
48.7413 4.942555842141232447e-01
48.7496 4.939664669228690519e-01
48.7579 4.936774733228759260e-01
48.7663 4.933886037577240868e-01
48.7746 4.930998585707373483e-01
48.7829 4.928112381028583178e-01
48.7912 4.925227426938419417e-01
48.7995 4.922343726835316513e-01
48.8078 4.919461284076127039e-01
48.8161 4.916580102024581400e-01
48.8244 4.913700184032600560e-01
48.8327 4.910821533419114648e-01
48.841 4.907944153504029683e-01
48.8494 4.905068047589575819e-01
48.8577 4.902193218960335663e-01
48.866 4.899319670897681056e-01
48.8743 4.896447406658593904e-01
48.8826 4.893576429486714008e-01
48.8909 4.890706742619984060e-01
48.8992 4.887838349279652328e-01
48.9075 4.884971252665223362e-01
48.9158 4.882105455973945740e-01
48.9241 4.879240962380522184e-01
48.9325 4.876377775048135188e-01
48.9408 4.873515897136062591e-01
48.9491 4.870655331775199381e-01
48.9574 4.867796082091735976e-01
48.9657 4.864938151197885641e-01
48.974 4.862081542186836858e-01
48.9823 4.859226258142914645e-01
48.9906 4.856372302139901342e-01
48.9989 4.853519677228409490e-01
49.0072 4.850668386462043125e-01
49.0156 4.847818432863694182e-01
49.0239 4.844969819451702131e-01
49.0322 4.842122549227226291e-01
49.0405 4.839276625183532299e-01
49.0488 4.836432050296752827e-01
49.0571 4.833588827532641630e-01
49.0654 4.830746959836499932e-01
49.0737 4.827906450148333750e-01
49.082 4.825067301400345898e-01
49.0903 4.822229516487553935e-01
49.0987 4.819393098324932789e-01
49.107 4.816558049791996865e-01
49.1153 4.813724373753831554e-01
49.1236 4.810892073072012831e-01
49.1319 4.808061150597069955e-01
49.1402 4.805231609165986906e-01
49.1485 4.802403451592176520e-01
49.1568 4.799576680678910301e-01
49.1651 4.796751299235239019e-01
49.1734 4.793927310026617206e-01
49.1818 4.791104715824324178e-01
49.1901 4.788283519400432509e-01
49.1984 4.785463723491027999e-01
49.2067 4.782645330812149154e-01
49.215 4.779828344092391657e-01
49.2233 4.777012766045330427e-01
49.2316 4.774198599352851291e-01
49.2399 4.771385846691069132e-01
49.2482 4.768574510737844663e-01
49.2565 4.765764594149426436e-01
49.2648 4.762956099558826595e-01
49.2732 4.760149029603353288e-01
49.2815 4.757343386895445114e-01
49.2898 4.754539174037701876e-01
49.2981 4.751736393626231347e-01
49.3064 4.748935048244000146e-01
49.3147 4.746135140462517388e-01
49.323 4.743336672826053424e-01
49.3313 4.740539647879113971e-01
49.3396 4.737744068156473087e-01
49.3479 4.734949936178196594e-01
49.3563 4.732157254443856154e-01
49.3646 4.729366025446672950e-01
49.3729 4.726576251686809282e-01
49.3812 4.723787935616594602e-01
49.3895 4.721001079689542967e-01
49.3978 4.718215686363655959e-01
49.4061 4.715431758066617185e-01
49.4144 4.712649297219030364e-01
49.4227 4.709868306229462176e-01
49.431 4.707088787505233629e-01
49.4394 4.704310743424259811e-01
49.4477 4.701534176350844474e-01
49.456 4.698759088654703153e-01
49.4643 4.695985482686156898e-01
49.4726 4.693213360785258859e-01
49.4809 4.690442725272713775e-01
49.4892 4.687673578464782165e-01
49.4975 4.684905922658423316e-01
49.5058 4.682139760152783103e-01
49.5141 4.679375093224439897e-01
49.5225 4.676611924134861931e-01
49.5308 4.673850255148576105e-01
49.5391 4.671090088493585202e-01
49.5474 4.668331426412529739e-01
49.5557 4.665574271135475848e-01
49.564 4.662818624854394578e-01
49.5723 4.660064489772633989e-01
49.5806 4.657311868072797068e-01
49.5889 4.654560761934872226e-01
49.5972 4.651811173527188870e-01
49.6056 4.649063104982603112e-01
49.6139 4.646316558453607026e-01
49.6222 4.643571536070408290e-01
49.6305 4.640828039949166373e-01
49.6388 4.638086072190379938e-01
49.6471 4.635345634887937938e-01
49.6554 4.632606730127492578e-01
49.6637 4.629869359985644972e-01
49.672 4.627133526514385364e-01
49.6803 4.624399231773917429e-01
49.6887 4.621666477797409245e-01
49.697 4.618935266608243384e-01
49.7053 4.616205600229851269e-01
49.7136 4.613477480660339025e-01
49.7219 4.610750909892171734e-01
49.7302 4.608025889918719309e-01
49.7385 4.605302422708910104e-01
49.7468 4.602580510206448206e-01
49.7551 4.599860154386243294e-01
49.7634 4.597141357178383680e-01
49.7717 4.594424120501692244e-01
49.7801 4.591708446277620870e-01
49.7884 4.588994336416373776e-01
49.7967 4.586281792819374425e-01
49.805 4.583570817358069704e-01
49.8133 4.580861411909851744e-01
49.8216 4.578153578342568086e-01
49.8299 4.575447318503122474e-01
49.8382 4.572742634229730041e-01
49.8465 4.570039527374730737e-01
49.8548 4.567337999732927756e-01
49.8632 4.564638053121438110e-01
49.8715 4.561939689343035287e-01
49.8798 4.559242910185371533e-01
49.8881 4.556547717425058486e-01
49.8964 4.553854112831752787e-01
49.9047 4.551162098161661285e-01
49.913 4.548471675151074534e-01
49.9213 4.545782845556170515e-01
49.9296 4.543095611088872610e-01
49.9379 4.540409973455859505e-01
49.9463 4.537725934376424242e-01
49.9546 4.535043495550007409e-01
49.9629 4.532362658639226272e-01
49.9712 4.529683425330687241e-01
49.9795 4.527005797294456624e-01
49.9878 4.524329776173552364e-01
49.9961 4.521655363613142353e-01
50.0044 4.518982561247573138e-01
50.0127 4.516311370691507565e-01
50.021 4.513641793565011384e-01
50.0294 4.510973831474956453e-01
50.0377 4.508307486006158937e-01
50.046 4.505642758747245291e-01
50.0543 4.502979651261602156e-01
50.0626 4.500318165110801516e-01
50.0709 4.497658301857038743e-01
50.0792 4.495000063034087501e-01
50.0875 4.492343450179597242e-01
50.0958 4.489688464809295509e-01
50.1041 4.487035108442002929e-01
50.1125 4.484383382584319344e-01
50.1208 4.481733288718565134e-01
50.1291 4.479084828322145717e-01
50.1374 4.476438002882840994e-01
50.1457 4.473792813864201912e-01
50.154 4.471149262707189709e-01
50.1623 4.468507350861576355e-01
50.1706 4.465867079767439352e-01
50.1789 4.463228450847142592e-01
50.1872 4.460591465505365227e-01
50.1956 4.457956125156429250e-01
50.2039 4.455322431189767673e-01
50.2122 4.452690384997249895e-01
50.2205 4.450059987965154229e-01
50.2288 4.447431241438889460e-01
50.2371 4.444804146780781950e-01
50.2454 4.442178705351617629e-01
50.2537 4.439554918483401003e-01
50.262 4.436932787496223884e-01
50.2703 4.434312313723102195e-01
50.2786 4.431693498472336068e-01
50.287 4.429076343040355135e-01
50.2953 4.426460848715729757e-01
50.3036 4.423847016786385256e-01
50.3119 4.421234848530809503e-01
50.3202 4.418624345200485859e-01
50.3285 4.416015508054289551e-01
50.3368 4.413408338347285520e-01
50.3451 4.410802837306003199e-01
50.3534 4.408199006151611310e-01
50.3617 4.405596846116681120e-01
50.3701 4.402996358405303345e-01
50.3784 4.400397544212254486e-01
50.3867 4.397800404732581936e-01
50.395 4.395204941148058153e-01
50.4033 4.392611154627996672e-01
50.4116 4.390019046339622144e-01
50.4199 4.387428617433752343e-01
50.4282 4.384839869062319151e-01
50.4365 4.382252802365650957e-01
50.4448 4.379667418451805849e-01
50.4532 4.377083718460224593e-01
50.4615 4.374501703498103744e-01
50.4698 4.371921374657922188e-01
50.4781 4.369342733041293170e-01
50.4864 4.366765779731954233e-01
50.4947 4.364190515797387038e-01
50.503 4.361616942311047906e-01
50.5113 4.359045060325406618e-01
50.5196 4.356474870889407991e-01
50.5279 4.353906375054825695e-01
50.5363 4.351339573850906417e-01
50.5446 4.348774468287564532e-01
50.5529 4.346211059382344977e-01
50.5612 4.343649348160396606e-01
50.5695 4.341089335603836030e-01
50.5778 4.338531022697679762e-01
50.5861 4.335974410428264925e-01
50.5944 4.333419499773760175e-01
50.6027 4.330866291694696613e-01
50.611 4.328314787145051690e-01
50.6194 4.325764987061214151e-01
50.6277 4.323216892393571542e-01
50.636 4.320670504076515872e-01
50.6443 4.318125823030036781e-01
50.6526 4.315582850164480511e-01
50.6609 4.313041586374261049e-01
50.6692 4.310502032570979747e-01
50.6775 4.307964189639278407e-01
50.6858 4.305428058463668384e-01
50.6941 4.302893639915921775e-01
50.7025 4.300360934850381289e-01
50.7108 4.297829944135449498e-01
50.7191 4.295300668615818496e-01
50.7274 4.292773109126659659e-01
50.7357 4.290247266507782875e-01
50.744 4.287723141575351948e-01
50.7523 4.285200735150186402e-01
50.7606 4.282680048043631116e-01
50.7689 4.280161081051285232e-01
50.7772 4.277643834956167956e-01
50.7855 4.275128310556980393e-01
50.7939 4.272614508630434016e-01
50.8022 4.270102429931295074e-01
50.8105 4.267592075226890880e-01
50.8188 4.265083445275158480e-01
50.8271 4.262576540819960624e-01
50.8354 4.260071362584845756e-01
50.8437 4.257567911312214459e-01
50.852 4.255066187733549943e-01
50.8603 4.252566192527211797e-01
50.8686 4.250067926429534904e-01
50.877 4.247571390140953973e-01
50.8853 4.245076584332305170e-01
50.8936 4.242583509702673172e-01
50.9019 4.240092166913764782e-01
50.9102 4.237602556649279761e-01
50.9185 4.235114679561826079e-01
50.9268 4.232628536294797961e-01
50.9351 4.230144127515156893e-01
50.9434 4.227661453841662920e-01
50.9517 4.225180515907303036e-01
50.9601 4.222701314348361046e-01
50.9684 4.220223849763908852e-01
50.9767 4.217748122771926012e-01
50.985 4.215274133973469506e-01
50.9933 4.212801883952696502e-01
51.0016 4.210331373304894154e-01
51.0099 4.207862602603804070e-01
51.0182 4.205395572420313477e-01
51.0265 4.202930283325561067e-01
51.0348 4.200466735864535339e-01
51.0432 4.198004930594941841e-01
51.0515 4.195544868057674015e-01
51.0598 4.193086548789268231e-01
51.0681 4.190629973311040812e-01
51.0764 4.188175142158592212e-01
51.0847 4.185722055829053101e-01
51.093 4.183270714830757964e-01
51.1013 4.180821119669274055e-01
51.1096 4.178373270841217457e-01
51.1179 4.175927168826514269e-01
51.1263 4.173482814099272464e-01
51.1346 4.171040207132427624e-01
51.1429 4.168599348394653736e-01
51.1512 4.166160238347280109e-01
51.1595 4.163722877425740099e-01
51.1678 4.161287266084446324e-01
51.1761 4.158853404762756778e-01
51.1844 4.156421293886555235e-01
51.1927 4.153990933875984504e-01
51.201 4.151562325150085497e-01
51.2094 4.149135468108294811e-01
51.2177 4.146710363169019975e-01
51.226 4.144287010723364251e-01
51.2343 4.141865411155205567e-01
51.2426 4.139445564850447457e-01
51.2509 4.137027472181620258e-01
51.2592 4.134611133521757798e-01
51.2675 4.132196549228999705e-01
51.2758 4.129783719658933760e-01
51.2841 4.127372645167668996e-01
51.2925 4.124963326087233151e-01
51.3008 4.122555762757891817e-01
51.3091 4.120149955514311735e-01
51.3174 4.117745904664048551e-01
51.3257 4.115343610538286789e-01
51.334 4.112943073447265507e-01
51.3423 4.110544293680318817e-01
51.3506 4.108147271542726964e-01
51.3589 4.105752007325024211e-01
51.3672 4.103358501304544825e-01
51.3755 4.100966753771511097e-01
51.3839 4.098576764987630350e-01
51.3922 4.096188535216786497e-01
51.4005 4.093802064720436507e-01
51.4088 4.091417353746905072e-01
51.4171 4.089034402546695701e-01
51.4254 4.086653211358736715e-01
51.4337 4.084273780410382360e-01
51.442 4.081896109935791994e-01
51.4503 4.079520200152981779e-01
51.4586 4.077146051280668426e-01
51.467 4.074773663510760091e-01
51.4753 4.072403037057278907e-01
51.4836 4.070034172125784333e-01
51.4919 4.067667068901177907e-01
51.5002 4.065301727552323996e-01
51.5085 4.062938148270187066e-01
51.5168 4.060576331215970947e-01
51.5251 4.058216276565365099e-01
51.5334 4.055857984487185597e-01
51.5417 4.053501455112922813e-01
51.5501 4.051146688596193313e-01
51.5584 4.048793685095949946e-01
51.5667 4.046442444718659770e-01
51.575 4.044092967618774792e-01
51.5833 4.041745253915030589e-01
51.5916 4.039399303714811817e-01
51.5999 4.037055117143054650e-01
51.6082 4.034712694298163704e-01
51.6165 4.032372035279381262e-01
51.6248 4.030033140189833163e-01
51.6332 4.027696009112227693e-01
51.6415 4.025360642125589972e-01
51.6498 4.023027039308290087e-01
51.6581 4.020695200747152476e-01
51.6664 4.018365126488926409e-01
51.6747 4.016036816604002246e-01
51.683 4.013710271139407926e-01
51.6913 4.011385490158221878e-01
51.6996 4.009062473692620032e-01
51.7079 4.006741221771160100e-01
51.7163 4.004421734450560599e-01
51.7246 4.002104011735503897e-01
51.7329 3.999788053651280872e-01
51.7412 3.997473860222608422e-01
51.7495 3.995161431452469714e-01
51.7578 3.992850767335748285e-01
51.7661 3.990541867895474604e-01
51.7744 3.988234733105803231e-01
51.7827 3.985929362950940691e-01
51.791 3.983625757432666115e-01
51.7994 3.981323916511499972e-01
51.8077 3.979023840161033942e-01
51.816 3.976725528361882978e-01
51.8243 3.974428981053467202e-01
51.8326 3.972134198197331822e-01
51.8409 3.969841179765063455e-01
51.8492 3.967549925675065148e-01
51.8575 3.965260435875391232e-01
51.8658 3.962972710303093726e-01
51.8741 3.960686748884229558e-01
51.8824 3.958402551545920356e-01
51.8908 3.956120118195292634e-01
51.8991 3.953839448769101428e-01
51.9074 3.951560543163085693e-01
51.9157 3.949283401263575244e-01
51.924 3.947008022992518073e-01
51.9323 3.944734408239916612e-01
51.9406 3.942462556878870150e-01
51.9489 3.940192468800094439e-01
51.9572 3.937924143889404704e-01
51.9655 3.935657582006750754e-01
51.9739 3.933392783031192663e-01
51.9822 3.931129746814448489e-01
51.9905 3.928868473215376134e-01
51.9988 3.926608962086479693e-01
52.0071 3.924351213278421402e-01
52.0154 3.922095226643009247e-01
52.0237 3.919841002009274988e-01
52.032 3.917588539198454400e-01
52.0403 3.915337838043428387e-01
52.0486 3.913088898384219916e-01
52.057 3.910841720024680335e-01
52.0653 3.908596302775836362e-01
52.0736 3.906352646452895261e-01
52.0819 3.904110750861815027e-01
52.0902 3.901870615787380037e-01
52.0985 3.899632241039458491e-01
52.1068 3.897395626397818780e-01
52.1151 3.895160771646440367e-01
52.1234 3.892927676576488083e-01
52.1317 3.890696340950569598e-01
52.1401 3.888466764542964915e-01
52.1484 3.886238947120265186e-01
52.1567 3.884012888433953647e-01
52.165 3.881788588263540007e-01
52.1733 3.879566046339230634e-01
52.1816 3.877345262416298510e-01
52.1899 3.875126236237913524e-01
52.1982 3.872908967536639602e-01
52.2065 3.870693456058207915e-01
52.2148 3.868479701518457436e-01
52.2232 3.866267703640475784e-01
52.2315 3.864057462154580902e-01
52.2398 3.861848976779040932e-01
52.2481 3.859642247211198529e-01
52.2564 3.857437273152691803e-01
52.2647 3.855234054325747395e-01
52.273 3.853032590422790782e-01
52.2813 3.850832881131669994e-01
52.2896 3.848634926140096502e-01
52.2979 3.846438725134169734e-01
52.3063 3.844244277790978548e-01
52.3146 3.842051583791930569e-01
52.3229 3.839860642809437286e-01
52.3312 3.837671454502499246e-01
52.3395 3.835484018537403395e-01
52.3478 3.833298334575903077e-01
52.3561 3.831114402269316654e-01
52.3644 3.828932221270350267e-01
52.3727 3.826751791218349075e-01
52.381 3.824573111759955735e-01
52.3893 3.822396182531416775e-01
52.3977 3.820221003165962248e-01
52.406 3.818047573293813501e-01
52.4143 3.815875892531875313e-01
52.4226 3.813705960507321469e-01
52.4309 3.811537776842852110e-01
52.4392 3.809371341140518896e-01
52.4475 3.807206653006766084e-01
52.4558 3.805043712061240702e-01
52.4641 3.802882517889741298e-01
52.4724 3.800723070089813693e-01
52.4808 3.798565368266338949e-01
52.4891 3.796409411984519866e-01
52.4974 3.794255200844818265e-01
52.5057 3.792102734422728161e-01
52.514 3.789952012304025342e-01
52.5223 3.787803034048086714e-01
52.5306 3.785655799223116014e-01
52.5389 3.783510307401743988e-01
52.5472 3.781366558141956991e-01
52.5555 3.779224550994460530e-01
52.5639 3.777084285512928297e-01
52.5722 3.774945761258400312e-01
52.5805 3.772808977758285165e-01
52.5888 3.770673934567867480e-01
52.5971 3.768540631211756420e-01
52.6054 3.766409067235111929e-01
52.6137 3.764279242165606831e-01
52.622 3.762151155519299350e-01
52.6303 3.760024806826947619e-01
52.6386 3.757900195601859283e-01
52.647 3.755777321366192689e-01
52.6553 3.753656183627602227e-01
52.6636 3.751536781890918992e-01
52.6719 3.749419115661088431e-01
52.6802 3.747303184434408463e-01
52.6885 3.745188987714584417e-01
52.6968 3.743076524989401022e-01
52.7051 3.740965795749686684e-01
52.7134 3.738856799474741810e-01
52.7217 3.736749535649834808e-01
52.7301 3.734644003761817266e-01
52.7384 3.732540203277304180e-01
52.7467 3.730438133663069866e-01
52.755 3.728337794396221483e-01
52.7633 3.726239184939472704e-01
52.7716 3.724142304739719300e-01
52.7799 3.722047153268731590e-01
52.7882 3.719953729979552093e-01
52.7965 3.717862034315239650e-01
52.8048 3.715772065726293816e-01
52.8132 3.713683823648887827e-01
52.8215 3.711597307530989931e-01
52.8298 3.709512516810606342e-01
52.8381 3.707429450912892999e-01
52.8464 3.705348109273354784e-01
52.8547 3.703268491311770272e-01
52.863 3.701190596455368187e-01
52.8713 3.699114424124353429e-01
52.8796 3.697039973730466556e-01
52.8879 3.694967244697248132e-01
52.8962 3.692896236419532241e-01
52.9046 3.690826948308305044e-01
52.9129 3.688759379764667834e-01
52.9212 3.686693530208746128e-01
52.9295 3.684629399013223949e-01
52.9378 3.682566985566945728e-01
52.9461 3.680506289282110544e-01
52.9544 3.678447309537959398e-01
52.9627 3.676390045702467857e-01
52.971 3.674334497165523961e-01
52.9793 3.672280663314395066e-01
52.9877 3.670228543519313269e-01
52.996 3.668178137147918294e-01
53.0043 3.666129443556610523e-01
53.0126 3.664082462126573292e-01
53.0209 3.662037192217668657e-01
53.0292 3.659993633177103245e-01
53.0375 3.657951784366788028e-01
53.0458 3.655911645150364264e-01
53.0541 3.653873214855829499e-01
53.0624 3.651836492837386428e-01
53.0708 3.649801478448109204e-01
53.0791 3.647768171027015449e-01
53.0874 3.645736569896221857e-01
53.0957 3.643706674396850476e-01
53.104 3.641678483863169391e-01
53.1123 3.639651997628350899e-01
53.1206 3.637627215007250281e-01
53.1289 3.635604135323690089e-01
53.1372 3.633582757907568572e-01
53.1455 3.631563082064763193e-01
53.1539 3.629545107110118685e-01
53.1622 3.627528832360266131e-01
53.1705 3.625514257120746042e-01
53.1788 3.623501380696034779e-01
53.1871 3.621490202380967527e-01
53.1954 3.619480721485064389e-01
53.2037 3.617472937302486091e-01
53.212 3.615466849130634097e-01
53.2203 3.613462456251581578e-01
53.2286 3.611459757956366756e-01
53.237 3.609458753534989794e-01
53.2453 3.607459442266429672e-01
53.2536 3.605461823432916102e-01
53.2619 3.603465896312806338e-01
53.2702 3.601471660172029798e-01
53.2785 3.599479114286912584e-01
53.2868 3.597488257935623213e-01
53.2951 3.595499090375359197e-01
53.3034 3.593511610869453698e-01
53.3117 3.591525818677395732e-01
53.3201 3.589541713061947803e-01
53.3284 3.587559293287726492e-01
53.3367 3.585578558588482512e-01
53.345 3.583599508226861796e-01
53.3533 3.581622141453153496e-01
53.3616 3.579646457501033385e-01
53.3699 3.577672455620269920e-01
53.3782 3.575700135053975215e-01
53.3865 3.573729495040037230e-01
53.3948 3.571760534808287590e-01
53.4031 3.569793253596120763e-01
53.4115 3.567827650628629943e-01
53.4198 3.565863725131384054e-01
53.4281 3.563901476344601971e-01
53.4364 3.561940903476369935e-01
53.4447 3.559982005745190303e-01
53.453 3.558024782374297201e-01
53.4613 3.556069232584576079e-01
53.4696 3.554115355584651637e-01
53.4779 3.552163150577999362e-01
53.4862 3.550212616781319719e-01
53.4946 3.548263753401909582e-01
53.5029 3.546316559626361276e-01
53.5112 3.544371034674299037e-01
53.5195 3.542427177740401500e-01
53.5278 3.540484988009983680e-01
53.5361 3.538544464688647695e-01
53.5444 3.536605606959924986e-01
53.5527 3.534668414023400262e-01
53.561 3.532732885055185346e-01
53.5693 3.530799019233348268e-01
53.5777 3.528866815763279652e-01
53.586 3.526936273808598532e-01
53.5943 3.525007392546162799e-01
53.6026 3.523080171159002627e-01
53.6109 3.521154608818013454e-01
53.6192 3.519230704687603128e-01
53.6275 3.517308457941178967e-01
53.6358 3.515387867745658479e-01
53.6441 3.513468933268523720e-01
53.6524 3.511551653667961403e-01
53.6608 3.509636028106947747e-01
53.6691 3.507722055736372524e-01
53.6774 3.505809735710507802e-01
53.6857 3.503899067196840078e-01
53.694 3.501990049335337307e-01
53.7023 3.500082681274976348e-01
53.7106 3.498176962175129079e-01
53.7189 3.496272891162086616e-01
53.7272 3.494370467389377732e-01
53.7355 3.492469690002699134e-01
53.7439 3.490570558134316603e-01
53.7522 3.488673070914304897e-01
53.7605 3.486777227484541553e-01
53.7688 3.484883026973490949e-01
53.7771 3.482990468525618555e-01
53.7854 3.481099551256605085e-01
53.7937 3.479210274288345728e-01
53.802 3.477322636757330110e-01
53.8103 3.475436637781075810e-01
53.8186 3.473552276486109869e-01
53.827 3.471669551973036727e-01
53.8353 3.469788463375205190e-01
53.8436 3.467909009811216969e-01
53.8519 3.466031190370998383e-01
53.8602 3.464155004180000108e-01
53.8685 3.462280450354522920e-01
53.8768 3.460407527989186049e-01
53.8851 3.458536236197381486e-01
53.8934 3.456666574072230769e-01
53.9017 3.454798540720042110e-01
53.91 3.452932135254719315e-01
53.9184 3.451067356744868531e-01
53.9267 3.449204204309873067e-01
53.935 3.447342677034955782e-01
53.9433 3.445482774004616777e-01
53.9516 3.443624494320704499e-01
53.9599 3.441767837073205216e-01
53.9682 3.439912801337478565e-01
53.9765 3.438059386202061973e-01
53.9848 3.436207590757544561e-01
53.9931 3.434357414081296578e-01
54.0015 3.432508855247195512e-01
54.0098 3.430661913338121094e-01
54.0181 3.428816587433468066e-01
54.0264 3.426972876596669493e-01
54.0347 3.425130779905704026e-01
54.043 3.423290296440615332e-01
54.0513 3.421451425255807033e-01
54.0596 3.419614165428540575e-01
54.0679 3.417778516022912938e-01
54.0762 3.415944476092641069e-01
54.0846 3.414112044715672534e-01
54.0929 3.412281220949887062e-01
54.1012 3.410452003849713809e-01
54.1095 3.408624392466145236e-01
54.1178 3.406798385871613322e-01
54.1261 3.404973983106083235e-01
54.1344 3.403151183225433529e-01
54.1427 3.401329985291768332e-01
54.151 3.399510388336154376e-01
54.1593 3.397692391417987401e-01
54.1677 3.395875993584950292e-01
54.176 3.394061193874410298e-01
54.1843 3.392247991331360790e-01
54.1926 3.390436385004274578e-01
54.2009 3.388626373921671542e-01
54.2092 3.386817957136224466e-01
54.2175 3.385011133675164263e-01
54.2258 3.383205902576102431e-01
54.2341 3.381402262877373777e-01
54.2424 3.379600213596039571e-01
54.2508 3.377799753780170167e-01
54.2591 3.376000882455185148e-01
54.2674 3.374203598652747438e-01
54.2757 3.372407901386024753e-01
54.284 3.370613789690927176e-01
54.2923 3.368821262587614052e-01
54.3006 3.367030319103873071e-01
54.3089 3.365240958251763947e-01
54.3172 3.363453179059203157e-01
54.3255 3.361666980535651938e-01
54.3339 3.359882361702311582e-01
54.3422 3.358099321583867813e-01
54.3505 3.356317859179742680e-01
54.3588 3.354537973505189452e-01
54.3671 3.352759663574865212e-01
54.3754 3.350982928406917027e-01
54.3837 3.349207766991528779e-01
54.392 3.347434178342921229e-01
54.4003 3.345662161473348939e-01
54.4086 3.343891715379427865e-01
54.4169 3.342122839080429175e-01
54.4253 3.340355531556757351e-01
54.4336 3.338589791806019780e-01
54.4419 3.336825618856635312e-01
54.4502 3.335063011684554768e-01
54.4585 3.333301969288358091e-01
54.4668 3.331542490679698099e-01
54.4751 3.329784574823263510e-01
54.4834 3.328028220728196929e-01
54.4917 3.326273427398954707e-01
54.5 3.324520193806723145e-01
54.5084 3.322768518948015504e-01
54.5167 3.321018401807883658e-01
54.525 3.319269841383066244e-01
54.5333 3.317522836650691476e-01
54.5416 3.315777386585967990e-01
54.5499 3.314033490188047493e-01
54.5582 3.312291146441903034e-01
54.5665 3.310550354317018384e-01
54.5748 3.308811112794554643e-01
54.5831 3.307073420853779422e-01
54.5915 3.305337277466615098e-01
54.5998 3.303602681631598870e-01
54.6081 3.301869632304635926e-01
54.6164 3.300138128457392184e-01
54.6247 3.298408169071848639e-01
54.633 3.296679753122663814e-01
54.6413 3.294952879574467031e-01
54.6496 3.293227547391374133e-01
54.6579 3.291503755550511112e-01
54.6662 3.289781503021705356e-01
54.6746 3.288060788758007114e-01
54.6829 3.286341611741736557e-01
54.6912 3.284623970933016612e-01
54.6995 3.282907865292820637e-01
54.7078 3.281193293777540654e-01
54.7161 3.279480255345771922e-01
54.7244 3.277768748981264024e-01
54.7327 3.276058773617253617e-01
54.741 3.274350328220251849e-01
54.7493 3.272643411754908582e-01
54.7577 3.270938023167805353e-01
54.766 3.269234161422581164e-01
54.7743 3.267531825468862339e-01
54.7826 3.265831014253096076e-01
54.7909 3.264131726745487239e-01
54.7992 3.262433961887437617e-01
54.8075 3.260737718619854952e-01
54.8158 3.259042995899332218e-01
54.8241 3.257349792681957235e-01
54.8324 3.255658107909863430e-01
54.8408 3.253967940527389135e-01
54.8491 3.252279289478394730e-01
54.8574 3.250592153722386413e-01
54.8657 3.248906532191491725e-01
54.874 3.247222423818710291e-01
54.8823 3.245539827567475721e-01
54.8906 3.243858742369824522e-01
54.8989 3.242179167160020303e-01
54.9072 3.240501100885270769e-01
54.9155 3.238824542482920954e-01
54.9238 3.237149490889837389e-01
54.9322 3.235475945050467761e-01
54.9405 3.233803903884651110e-01
54.9488 3.232133366341266023e-01
54.9571 3.230464331352628227e-01
54.9654 3.228796797846578137e-01
54.9737 3.227130764761214077e-01
54.982 3.225466231028810693e-01
54.9903 3.223803195583863634e-01
54.9986 3.222141657352381450e-01
55.0069 3.220481615259919717e-01
55.0153 3.218823068239609064e-01
55.0236 3.217166015228133946e-01
55.0319 3.215510455136328383e-01
55.0402 3.213856386901316475e-01
55.0485 3.212203809450411285e-01
55.0568 3.210552721705139390e-01
55.0651 3.208903122590592294e-01
55.0734 3.207255011031418523e-01
55.0817 3.205608385941150495e-01
55.09 3.203963246260895237e-01
55.0984 3.202319590899308510e-01
55.1067 3.200677418779281358e-01
55.115 3.199036728825931375e-01
55.1233 3.197397519951951095e-01
55.1316 3.195759791074934131e-01
55.1399 3.194123541118699117e-01
55.1482 3.192488769002637117e-01
55.1565 3.190855473643047224e-01
55.1648 3.189223653945164050e-01
55.1731 3.187593308836411676e-01
55.1815 3.185964437227824519e-01
55.1898 3.184337038034009693e-01
55.1981 3.182711110162507739e-01
55.2064 3.181086652535051185e-01
55.2147 3.179463664070291129e-01
55.223 3.177842143654611706e-01
55.2313 3.176222090213798865e-01
55.2396 3.174603502677190159e-01
55.2479 3.172986379929938483e-01
55.2562 3.171370720880669625e-01
55.2646 3.169756524445550006e-01
55.2729 3.168143789540327493e-01
55.2812 3.166532515067092546e-01
55.2895 3.164922699924887506e-01
55.2978 3.163314343026915609e-01
55.3061 3.161707443279355711e-01
55.3144 3.160101999586658605e-01
55.3227 3.158498010855520510e-01
55.331 3.156895475981660870e-01
55.3393 3.155294393884194859e-01
55.3477 3.153694763455404670e-01
55.356 3.152096583592468027e-01
55.3643 3.150499853209339229e-01
55.3726 3.148904571203725022e-01
55.3809 3.147310736484821847e-01
55.3892 3.145718347935043679e-01
55.3975 3.144127404465443809e-01
55.4058 3.142537904970859608e-01
55.4141 3.140949848361553887e-01
55.4224 3.139363233526315522e-01
55.4307 3.137778059369364936e-01
55.4391 3.136194324783994070e-01
55.4474 3.134612028671018846e-01
55.4557 3.133031169920338921e-01
55.464 3.131451747426747811e-01
55.4723 3.129873760103064062e-01
55.4806 3.128297206834109723e-01
55.4889 3.126722086514850396e-01
55.4972 3.125148398034622299e-01
55.5055 3.123576140294213044e-01
55.5138 3.122005312194029436e-01
55.5222 3.120435912611781437e-01
55.5305 3.118867940453696752e-01
55.5388 3.117301394608562592e-01
55.5471 3.115736273971356773e-01
55.5554 3.114172577422266719e-01
55.5637 3.112610303860782746e-01
55.572 3.111049452187331643e-01
55.5803 3.109490021275768123e-01
55.5886 3.107932010020550972e-01
55.5969 3.106375417323625765e-01
55.6053 3.104820242066932967e-01
55.6136 3.103266483132061104e-01
55.6219 3.101714139421173910e-01
55.6302 3.100163209811215292e-01
55.6385 3.098613693194475216e-01
55.6468 3.097065588475942377e-01
55.6551 3.095518894524964537e-01
55.6634 3.093973610215776660e-01
55.6717 3.092429734456218493e-01
55.68 3.090887266132873457e-01
55.6884 3.089346204129358453e-01
55.6967 3.087806547330249063e-01
55.705 3.086268294615860386e-01
55.7133 3.084731444880505769e-01
55.7216 3.083195996999891220e-01
55.7299 3.081661949867630645e-01
55.7382 3.080129302369162270e-01
55.7465 3.078598053381767508e-01
55.7548 3.077068201799313396e-01
55.7631 3.075539746489285853e-01
55.7715 3.074012686351367818e-01
55.7798 3.072487020264078605e-01
55.7881 3.070962747106895652e-01
55.7964 3.069439865773261333e-01
55.8047 3.067918375123781516e-01
55.813 3.066398274065513796e-01
55.8213 3.064879561471384739e-01
55.8296 3.063362236212697209e-01
55.8379 3.061846297186386345e-01
55.8462 3.060331743273468352e-01
55.8546 3.058818573341648972e-01
55.8629 3.057306786277776411e-01
55.8712 3.055796380978719196e-01
55.8795 3.054287356309903223e-01
55.8878 3.052779711142913355e-01
55.8961 3.051273444376216837e-01
55.9044 3.049768554882029692e-01
55.9127 3.048265041538729125e-01
55.921 3.046762903239884079e-01
55.9293 3.045262138847685263e-01
55.9376 3.043762747243408673e-01
55.946 3.042264727319641260e-01
55.9543 3.040768077947949011e-01
55.9626 3.039272798000881015e-01
55.9709 3.037778886366161446e-01
55.9792 3.036286341924735455e-01
55.9875 3.034795163539144580e-01
55.9958 3.033305350102605824e-01
56.0041 3.031816900491223210e-01
56.0124 3.030329813583370058e-01
56.0207 3.028844088266116619e-01
56.0291 3.027359723391414570e-01
56.0374 3.025876717859884435e-01
56.0457 3.024395070540897845e-01
56.054 3.022914780315100747e-01
56.0623 3.021435846061541475e-01
56.0706 3.019958266651225354e-01
56.0789 3.018482040971581792e-01
56.0872 3.017007167892992170e-01
56.0955 3.015533646291964631e-01
56.1038 3.014061475048551153e-01
56.1122 3.012590653041208322e-01
56.1205 3.011121179141654225e-01
56.1288 3.009653052231581749e-01
56.1371 3.008186271192364591e-01
56.1454 3.006720834892234739e-01
56.1537 3.005256742217082278e-01
56.162 3.003793992028117033e-01
56.1703 3.002332583208052186e-01
56.1786 3.000872514653401546e-01
56.1869 2.999413785219325335e-01
56.1953 2.997956393785062290e-01
56.2036 2.996500339238498678e-01
56.2119 2.995045620440324741e-01
56.2202 2.993592236281659158e-01
56.2285 2.992140185637954808e-01
56.2368 2.990689467377959376e-01
56.2451 2.989240080375253905e-01
56.2534 2.987792023512064188e-01
56.2617 2.986345295669038946e-01
56.27 2.984899895731629171e-01
56.2784 2.983455822547934622e-01
56.2867 2.982013075016872183e-01
56.295 2.980571652014056827e-01
56.3033 2.979131552407143779e-01
56.3116 2.977692775081377530e-01
56.3199 2.976255318912754966e-01
56.3282 2.974819182765511827e-01
56.3365 2.973384365532921181e-01
56.3448 2.971950866086277010e-01
56.3531 2.970518683295310658e-01
56.3615 2.969087816053676554e-01
56.3698 2.967658263221600312e-01
56.3781 2.966230023685776929e-01
56.3864 2.964803096318590625e-01
56.3947 2.963377479994697139e-01
56.403 2.961953173604984224e-01
56.4113 2.960530176008261405e-01
56.4196 2.959108486096106438e-01
56.4279 2.957688102743282199e-01
56.4362 2.956269024829339398e-01
56.4445 2.954851251213226337e-01
56.4529 2.953434780804404802e-01
56.4612 2.952019612465053289e-01
56.4695 2.950605745058346718e-01
56.4778 2.949193177489059514e-01
56.4861 2.947781908615986768e-01
56.4944 2.946371937326829338e-01
56.5027 2.944963262501378853e-01
56.511 2.943555883012813346e-01
56.5193 2.942149797734026628e-01
56.5276 2.940745005562968029e-01
56.536 2.939341505364360119e-01
56.5443 2.937939296015322221e-01
56.5526 2.936538376396481964e-01
56.5609 2.935138745403368943e-01
56.5692 2.933740401900857275e-01
56.5775 2.932343344758621129e-01
56.5858 2.930947572873860429e-01
56.5941 2.929553085118213329e-01
56.6024 2.928159880375671986e-01
56.6107 2.926767957535000297e-01
56.6191 2.925377315456897942e-01
56.6274 2.923987953037147647e-01
56.6357 2.922599869144738016e-01
56.644 2.921213062666054849e-01
56.6523 2.919827532485934074e-01
56.6606 2.918443277490193610e-01
56.6689 2.917060296541685860e-01
56.6772 2.915678588537022886e-01
56.6855 2.914298152359925398e-01
56.6938 2.912918986878733629e-01
56.7022 2.911541090990470426e-01
56.7105 2.910164463560412362e-01
56.7188 2.908789103487546268e-01
56.7271 2.907415009651695970e-01
56.7354 2.906042180932423835e-01
56.7437 2.904670616209010792e-01
56.752 2.903300314370531043e-01
56.7603 2.901931274299489605e-01
56.7686 2.900563494875616488e-01
56.7769 2.899196974993427101e-01
56.7853 2.897831713522065478e-01
56.7936 2.896467709356757014e-01
56.8019 2.895104961386176790e-01
56.8102 2.893743468482422032e-01
56.8185 2.892383229539898792e-01
56.8268 2.891024243438941599e-01
56.8351 2.889666509074659273e-01
56.8434 2.888310025326847330e-01
56.8517 2.886954791070031057e-01
56.86 2.885600805201008479e-01
56.8684 2.884248066620049289e-01
56.8767 2.882896574193362649e-01
56.885 2.881546326819432458e-01
56.8933 2.880197323378948515e-01
56.9016 2.878849562758596381e-01
56.9099 2.877503043854786613e-01
56.9182 2.876157765552413981e-01
56.9265 2.874813726742343478e-01
56.9348 2.873470926313933527e-01
56.9431 2.872129363145032865e-01
56.9514 2.870789036125720450e-01
56.9598 2.869449944162009714e-01
56.9681 2.868112086137198369e-01
56.9764 2.866775460931821895e-01
56.9847 2.865440067452333928e-01
56.993 2.864105904570020122e-01
57.0013 2.862772971189553872e-01
57.0096 2.861441266211580681e-01
57.0179 2.860110788505367818e-01
57.0262 2.858781536971036208e-01
57.0345 2.857453510514662565e-01
57.0429 2.856126708005974346e-01
57.0512 2.854801128354245154e-01
57.0595 2.853476770448575284e-01
57.0678 2.852153633184025261e-01
57.0761 2.850831715447930681e-01
57.0844 2.849511016139791852e-01
57.0927 2.848191534163799776e-01
57.101 2.846873268396574730e-01
57.1093 2.845556217738061111e-01
57.1176 2.844240381092900671e-01
57.126 2.842925757353056415e-01
57.1343 2.841612345406521190e-01
57.1426 2.840300144169526364e-01
57.1509 2.838989152520863812e-01
57.1592 2.837679369357650194e-01
57.1675 2.836370793590368700e-01
57.1758 2.835063424106936680e-01
57.1841 2.833757259812351714e-01
57.1924 2.832452299603914203e-01
57.2007 2.831148542368773779e-01
57.2091 2.829845987027210241e-01
57.2174 2.828544632469558451e-01
57.2257 2.827244477583424342e-01
57.234 2.825945521282113848e-01
57.2423 2.824647762478652568e-01
57.2506 2.823351200056163357e-01
57.2589 2.822055832918509144e-01
57.2672 2.820761659966823931e-01
57.2755 2.819468680110610581e-01
57.2838 2.818176892250476850e-01
57.2922 2.816886295288000830e-01
57.3005 2.815596888131899900e-01
57.3088 2.814308669683227015e-01
57.3171 2.813021638836624705e-01
57.3254 2.811735794503721353e-01
57.3337 2.810451135599573158e-01
57.342 2.809167661026652496e-01
57.3503 2.807885369682263099e-01
57.3586 2.806604260470826895e-01
57.3669 2.805324332308814506e-01
57.3753 2.804045584102580202e-01
57.3836 2.802768014750856573e-01
57.3919 2.801491623169317102e-01
57.4002 2.800216408273372148e-01
57.4085 2.798942368956061078e-01
57.4168 2.797669504138412533e-01
57.4251 2.796397812726457155e-01
57.4334 2.795127293623519971e-01
57.4417 2.793857945755966465e-01
57.45 2.792589768026600971e-01
57.4583 2.791322759334289305e-01
57.4667 2.790056918613197379e-01
57.475 2.788792244766569728e-01
57.4833 2.787528736699863563e-01
57.4916 2.786266393341533254e-01
57.4999 2.785005213590392437e-01
57.5082 2.783745196363359709e-01
57.5165 2.782486340583209539e-01
57.5248 2.781228645163883462e-01
57.5331 2.779972109016626280e-01
57.5414 2.778716731049976629e-01
57.5498 2.777462510189333544e-01
57.5581 2.776209445358597261e-01
57.5664 2.774957535464313008e-01
57.5747 2.773706779421318824e-01
57.583 2.772457176157621661e-01
57.5913 2.771208724594856898e-01
57.5996 2.769961423638542808e-01
57.6079 2.768715272217119883e-01
57.6162 2.767470269249007186e-01
57.6245 2.766226413648711357e-01
57.6329 2.764983704358501271e-01
57.6412 2.763742140274088599e-01
57.6495 2.762501720325040155e-01
57.6578 2.761262443440657965e-01
57.6661 2.760024308542673999e-01
57.6744 2.758787314553777237e-01
57.6827 2.757551460400048393e-01
57.691 2.756316744992715617e-01
57.6993 2.755083167267068922e-01
57.7076 2.753850726154483675e-01
57.716 2.752619420572704478e-01
57.7243 2.751389249455013508e-01
57.7326 2.750160211717427305e-01
57.7409 2.748932306287852900e-01
57.7492 2.747705532106067827e-01
57.7575 2.746479888099447875e-01
57.7658 2.745255373184194436e-01
57.7741 2.744031986306569304e-01
57.7824 2.742809726376200241e-01
57.7907 2.741588592332763752e-01
57.7991 2.740368583121720603e-01
57.8074 2.739149697661618643e-01
57.8157 2.737931934880440954e-01
57.824 2.736715293715595299e-01
57.8323 2.735499773103016730e-01
57.8406 2.734285371971114653e-01
57.8489 2.733072089252882031e-01
57.8572 2.731859923891931108e-01
57.8655 2.730648874819517347e-01
57.8738 2.729438940961806392e-01
57.8822 2.728230121266453923e-01
57.8905 2.727022414669973971e-01
57.8988 2.725815820114654286e-01
57.9071 2.724610336519586173e-01
57.9154 2.723405962826543347e-01
57.9237 2.722202697996330412e-01
57.932 2.721000540952085434e-01
57.9403 2.719799490625143257e-01
57.9486 2.718599545974300646e-01
57.9569 2.717400705936385275e-01
57.9652 2.716202969445561943e-01
57.9736 2.715006335444165031e-01
57.9819 2.713810802889916052e-01
57.9902 2.712616370706562585e-01
57.9985 2.711423037847687234e-01
58.0068 2.710230803259379151e-01
58.0151 2.709039665879049430e-01
58.0234 2.707849624660680909e-01
58.0317 2.706660678547165855e-01
58.04 2.705472826481140070e-01
58.0483 2.704286067415786476e-01
58.0567 2.703100400296813977e-01
58.065 2.701915824073269357e-01
58.0733 2.700732337693936280e-01
58.0816 2.699549940104931656e-01
58.0899 2.698368630255714162e-01
58.0982 2.697188407093076279e-01
58.1065 2.696009269591115864e-01
58.1148 2.694831216685300568e-01
58.1231 2.693654247322828654e-01
58.1314 2.692478360457823405e-01
58.1398 2.691303555050127416e-01
58.1481 2.690129830054521776e-01
58.1564 2.688957184421932878e-01
58.1647 2.687785617107809610e-01
58.173 2.686615127064943542e-01
58.1813 2.685445713261401246e-01
58.1896 2.684277374637485947e-01
58.1979 2.683110110158340444e-01
58.2062 2.681943918797192739e-01
58.2145 2.680778799489972331e-01
58.2229 2.679614751204597023e-01
58.2312 2.678451772901548900e-01
58.2395 2.677289863547004378e-01
58.2478 2.676129022088976073e-01
58.2561 2.674969247499071057e-01
58.2644 2.673810538734314179e-01
58.2727 2.672652894764573905e-01
58.281 2.671496314548722495e-01
58.2893 2.670340797048940673e-01
58.2976 2.669186341233096282e-01
58.306 2.668032946068784050e-01
58.3143 2.666880610514998362e-01
58.3226 2.665729333543555568e-01
58.3309 2.664579114125998904e-01
58.3392 2.663429951219329350e-01
58.3475 2.662281843794551683e-01
58.3558 2.661134790828338925e-01
58.3641 2.659988791288772081e-01
58.3724 2.658843844138910062e-01
58.3807 2.657699948349861452e-01
58.3891 2.656557102893649658e-01
58.3974 2.655415306753892146e-01
58.4057 2.654274558894941793e-01
58.414 2.653134858286819719e-01
58.4223 2.651996203907576732e-01
58.4306 2.650858594723135564e-01
58.4389 2.649722029729962847e-01
58.4472 2.648586507882770835e-01
58.4555 2.647452028163255755e-01
58.4638 2.646318589558760981e-01
58.4721 2.645186191035033274e-01
58.4805 2.644054831571765463e-01
58.4888 2.642924510149552986e-01
58.4971 2.641795225756997101e-01
58.5054 2.640666977363494983e-01
58.5137 2.639539763947642004e-01
58.522 2.638413584500752807e-01
58.5303 2.637288438003231872e-01
58.5386 2.636164323434022072e-01
58.5469 2.635041239770623545e-01
58.5552 2.633919186005600488e-01
58.5636 2.632798161127699599e-01
58.5719 2.631678164117127738e-01
58.5802 2.630559193951463870e-01
58.5885 2.629441249635129929e-01
58.5968 2.628324330143972931e-01
58.6051 2.627208434466530296e-01
58.6134 2.626093561586353431e-01
58.6217 2.624979710500849883e-01
58.63 2.623866880202433971e-01
58.6383 2.622755069680881568e-01
58.6467 2.621644277917461463e-01
58.655 2.620534503908458768e-01
58.6633 2.619425746647529585e-01
58.6716 2.618318005131570203e-01
58.6799 2.617211278356023629e-01
58.6882 2.616105565307822456e-01
58.6965 2.615000864978332396e-01
58.7048 2.613897176376248077e-01
58.7131 2.612794498497064688e-01
58.7214 2.611692830321910019e-01
58.7298 2.610592170855117744e-01
58.7381 2.609492519106590969e-01
58.7464 2.608393874068357099e-01
58.7547 2.607296234740368868e-01
58.763 2.606199600122303672e-01
58.7713 2.605103969208866777e-01
58.7796 2.604009341010885548e-01
58.7879 2.602915714533040048e-01
58.7962 2.601823088766852532e-01
58.8045 2.600731462729311549e-01
58.8129 2.599640835420738427e-01
58.8212 2.598551205830641475e-01
58.8295 2.597462572984514662e-01
58.8378 2.596374935882991841e-01
58.8461 2.595288293533445367e-01
58.8544 2.594202644938286562e-01
58.8627 2.593117989113665756e-01
58.871 2.592034325068428013e-01
58.8793 2.590951651799466293e-01
58.8876 2.589869968333736727e-01
58.896 2.588789273679230063e-01
58.9043 2.587709566840149522e-01
58.9126 2.586630846829754971e-01
58.9209 2.585553112663340203e-01
58.9292 2.584476363365238449e-01
58.9375 2.583400597936178489e-01
58.9458 2.582325815394093671e-01
58.9541 2.581252014755453517e-01
58.9624 2.580179195042263118e-01
58.9707 2.579107355264592116e-01
58.979 2.578036494453172511e-01
58.9874 2.576966611608191848e-01
58.9957 2.575897705755150202e-01
59.004 2.574829775929704523e-01
59.0123 2.573762821126542311e-01
59.0206 2.572696840383065786e-01
59.0289 2.571631832734044831e-01
59.0372 2.570567797173312075e-01
59.0455 2.569504732732743046e-01
59.0538 2.568442638452028137e-01
59.0621 2.567381513343875432e-01
59.0705 2.566321356435782852e-01
59.0788 2.565262166754959661e-01
59.0871 2.564203943328315916e-01
59.0954 2.563146685184787832e-01
59.1037 2.562090391341430573e-01
59.112 2.561035060842813960e-01
59.1203 2.559980692714668993e-01
59.1286 2.558927285985910238e-01
59.1369 2.557874839685156387e-01
59.1452 2.556823352847679143e-01
59.1536 2.555772824498035445e-01
59.1619 2.554723253687092854e-01
59.1702 2.553674639436500637e-01
59.1785 2.552626980769944209e-01
59.1868 2.551580276747779097e-01
59.1951 2.550534526394243606e-01
59.2034 2.549489728737906469e-01
59.2117 2.548445882830130405e-01
59.22 2.547402987698886845e-01
59.2283 2.546361042386859896e-01
59.2367 2.545320045942187637e-01
59.245 2.544279997387345893e-01
59.2533 2.543240895776793797e-01
59.2616 2.542202740148549744e-01
59.2699 2.541165529542634416e-01
59.2782 2.540129263007989135e-01
59.2865 2.539093939582879322e-01
59.2948 2.538059558316792530e-01
59.3031 2.537026118249695039e-01
59.3114 2.535993618422416884e-01
59.3198 2.534962057904230348e-01
59.3281 2.533931435716950675e-01
59.3364 2.532901750923494677e-01
59.3447 2.531873002576112142e-01
59.353 2.530845189708375020e-01
59.3613 2.529818311377675655e-01
59.3696 2.528792366641099409e-01
59.3779 2.527767354549679268e-01
59.3862 2.526743274136935558e-01
59.3945 2.525720124475098749e-01
59.4029 2.524697904632636214e-01
59.4112 2.523676613634127652e-01
59.4195 2.522656250545142198e-01
59.4278 2.521636814421755468e-01
59.4361 2.520618304318602565e-01
59.4444 2.519600719303742853e-01
59.4527 2.518584058428896544e-01
59.461 2.517568320740901644e-01
59.4693 2.516553505321771356e-01
59.4776 2.515539611218867155e-01
59.4859 2.514526637494123862e-01
59.4943 2.513514583213736220e-01
59.5026 2.512503447429872971e-01
59.5109 2.511493229218390577e-01
59.5192 2.510483927629700851e-01
59.5275 2.509475541742458571e-01
59.5358 2.508468070625864410e-01
59.5441 2.507461513327115532e-01
59.5524 2.506455868919363339e-01
59.5607 2.505451136469730167e-01
59.569 2.504447315054156853e-01
59.5774 2.503444403743693703e-01
59.5857 2.502442401599965227e-01
59.594 2.501441307691120719e-01
59.6023 2.500441121092977226e-01
59.6106 2.499441840876470144e-01
59.6189 2.498443466119057710e-01
59.6272 2.497445995889905346e-01
59.6355 2.496449429260147179e-01
59.6438 2.495453765315387984e-01
59.6521 2.494459003118164320e-01
59.6605 2.493465141745484781e-01
59.6688 2.492472180280864424e-01
59.6771 2.491480117806350592e-01
59.6854 2.490488953401402972e-01
59.6937 2.489498686124715088e-01
59.702 2.488509315075560224e-01
59.7103 2.487520839330164824e-01
59.7186 2.486533257973524425e-01
59.7269 2.485546570074425865e-01
59.7352 2.484560774731970900e-01
59.7436 2.483575871021114212e-01
59.7519 2.482591858024432718e-01
59.7602 2.481608734838912367e-01
59.7685 2.480626500539687140e-01
59.7768 2.479645154210631253e-01
59.7851 2.478664694940969637e-01
59.7934 2.477685121828648307e-01
59.8017 2.476706433957707731e-01
59.81 2.475728630415257869e-01
59.8183 2.474751710289223028e-01
59.8267 2.473775672679637827e-01
59.835 2.472800516668121618e-01
59.8433 2.471826241346145037e-01
59.8516 2.470852845826320976e-01
59.8599 2.469880329177997214e-01
59.8682 2.468908690504098558e-01
59.8765 2.467937928913977452e-01
59.8848 2.466968043487314244e-01
59.8931 2.465999033320394052e-01
59.9014 2.465030897515948782e-01
59.9098 2.464063635178622147e-01
59.9181 2.463097245402587065e-01
59.9264 2.462131727283939642e-01
59.9347 2.461167079930847157e-01
59.943 2.460203302440999995e-01
59.9513 2.459240393909512268e-01
59.9596 2.458278353441303576e-01
59.9679 2.457317180158967163e-01
59.9762 2.456356873148740627e-01
59.9845 2.455397431507804484e-01
59.9928 2.454438854361113420e-01
60.0012 2.453481140815292061e-01
60.0095 2.452524289960897608e-01
60.0178 2.451568300910642040e-01
60.0261 2.450613172789247174e-01
60.0344 2.449658904685161898e-01
60.0427 2.448705495719067649e-01
60.051 2.447752945006817227e-01
60.0593 2.446801251651578024e-01
60.0676 2.445850414768533099e-01
60.0759 2.444900433471398071e-01
60.0843 2.443951306870197071e-01
60.0926 2.443003034082458780e-01
60.1009 2.442055614235458805e-01
60.1092 2.441109046427000218e-01
60.1175 2.440163329784803270e-01
60.1258 2.439218463411605142e-01
60.1341 2.438274446450114097e-01
60.1424 2.437331278011340974e-01
60.1507 2.436388957201499061e-01
60.159 2.435447483151069459e-01
60.1674 2.434506854985716007e-01
60.1757 2.433567071817342164e-01
60.184 2.432628132780985941e-01
60.1923 2.431690036994577364e-01
60.2006 2.430752783575707843e-01
60.2089 2.429816371658381768e-01
60.2172 2.428880800367320958e-01
60.2255 2.427946068828020498e-01
60.2338 2.427012176171213509e-01
60.2421 2.426079121513901315e-01
60.2505 2.425146903995049341e-01
60.2588 2.424215522744352369e-01
60.2671 2.423284976888930575e-01
60.2754 2.422355265558904514e-01
60.2837 2.421426387892957610e-01
60.292 2.420498343021626753e-01
60.3003 2.419571130062864450e-01
60.3086 2.418644748167668168e-01
60.3169 2.417719196472210841e-01
60.3252 2.416794474102309520e-01
60.3336 2.415870580199004081e-01
60.3419 2.414947513906316734e-01
60.3502 2.414025274350137251e-01
60.3585 2.413103860667125122e-01
60.3668 2.412183272005805068e-01
60.3751 2.411263507508794035e-01
60.3834 2.410344566313913639e-01
60.3917 2.409426447558640494e-01
60.4 2.408509150383429387e-01
60.4083 2.407592673936148620e-01
60.4167 2.406677017364308724e-01
60.425 2.405762179809521895e-01
60.4333 2.404848160408620816e-01
60.4416 2.403934958316920611e-01
60.4499 2.403022572680515168e-01
60.4582 2.402111002648468219e-01
60.4665 2.401200247363950435e-01
60.4748 2.400290305977529348e-01
60.4831 2.399381177636097373e-01
60.4914 2.398472861499462150e-01
60.4997 2.397565356717119567e-01
60.5081 2.396658662432679388e-01
60.5164 2.395752777804876221e-01
60.5247 2.394847701985451660e-01
60.533 2.393943434130208769e-01
60.5413 2.393039973395694187e-01
60.5496 2.392137318934784429e-01
60.5579 2.391235469897791122e-01
60.5662 2.390334425447913358e-01
60.5745 2.389434184756802915e-01
60.5828 2.388534746967073685e-01
60.5912 2.387636111240836467e-01
60.5995 2.386738276736531383e-01
60.6078 2.385841242621051239e-01
60.6161 2.384945008055414095e-01
60.6244 2.384049572195874322e-01
60.6327 2.383154934209335551e-01
60.641 2.382261093259034068e-01
60.6493 2.381368048518842651e-01
60.6576 2.380475799145766458e-01
60.6659 2.379584344305248345e-01
60.6743 2.378693683162368955e-01
60.6826 2.377803814888439504e-01
60.6909 2.376914738653300996e-01
60.6992 2.376026453633018898e-01
60.7075 2.375138958982422610e-01
60.7158 2.374252253872456420e-01
60.7241 2.373366337490156741e-01
60.7324 2.372481209005719849e-01
60.7407 2.371596867567043188e-01
60.749 2.370713312377599746e-01
60.7574 2.369830542606481127e-01
60.7657 2.368948557419127965e-01
60.774 2.368067355994866174e-01
60.7823 2.367186937509359324e-01
60.7906 2.366307301137902386e-01
60.7989 2.365428446064181123e-01
60.8072 2.364550371473689849e-01
60.8155 2.363673076537322892e-01
60.8238 2.362796560425612369e-01
60.8321 2.361920822339345083e-01
60.8405 2.361045861457050643e-01
60.8488 2.360171676939402940e-01
60.8571 2.359298267999169196e-01
60.8654 2.358425633800651788e-01
60.8737 2.357553773539464992e-01
60.882 2.356682686405381089e-01
60.8903 2.355812371570329133e-01
60.8986 2.354942828224425855e-01
60.9069 2.354074055563954715e-01
60.9152 2.353206052771727175e-01
60.9236 2.352338819036724205e-01
60.9319 2.351472353560629391e-01
60.9402 2.350606655514227983e-01
60.9485 2.349741724095180395e-01
60.9568 2.348877558514918806e-01
60.9651 2.348014157947459768e-01
60.9734 2.347151521584965594e-01
60.9817 2.346289648632275404e-01
60.99 2.345428538284048403e-01
60.9983 2.344568189729126784e-01
61.0066 2.343708602163587507e-01
61.015 2.342849774789651507e-01
61.0233 2.341991706817842245e-01
61.0316 2.341134397434393721e-01
61.0399 2.340277845826252145e-01
61.0482 2.339422051211481890e-01
61.0565 2.338567012789296296e-01
61.0648 2.337712729765032416e-01
61.0731 2.336859201334963720e-01
61.0814 2.336006426699324123e-01
61.0897 2.335154405067722816e-01
61.0981 2.334303135641793148e-01
61.1064 2.333452617636868898e-01
61.1147 2.332602850249474724e-01
61.123 2.331753832684420047e-01
61.1313 2.330905564165622890e-01
61.1396 2.330058043887366370e-01
61.1479 2.329211271055468824e-01
61.1562 2.328365244894834429e-01
61.1645 2.327519964607253078e-01
61.1728 2.326675429407105700e-01
61.1812 2.325831638506224985e-01
61.1895 2.324988591118211101e-01
61.1978 2.324146286453034338e-01
61.2061 2.323304723733237154e-01
61.2144 2.322463902169088212e-01
61.2227 2.321623820968307383e-01
61.231 2.320784479364136066e-01
61.2393 2.319945876567823528e-01
61.2476 2.319108011797788027e-01
61.2559 2.318270884262342846e-01
61.2643 2.317434493196378065e-01
61.2726 2.316598837813889089e-01
61.2809 2.315763917336033373e-01
61.2892 2.314929730984642831e-01
61.2975 2.314096277984392380e-01
61.3058 2.313263557567089290e-01
61.3141 2.312431568938309867e-01
61.3224 2.311600311329072011e-01
61.3307 2.310769783978603720e-01
61.339 2.309939986096676834e-01
61.3474 2.309110916918493128e-01
61.3557 2.308282575664869218e-01
61.364 2.307454961579875619e-01
61.3723 2.306628073874936458e-01
61.3806 2.305801911790094638e-01
61.3889 2.304976474559612687e-01
61.3972 2.304151761403396836e-01
61.4055 2.303327771560279846e-01
61.4138 2.302504504265470431e-01
61.4221 2.301681958748405810e-01
61.4305 2.300860134246712208e-01
61.4388 2.300039029995457895e-01
61.4471 2.299218645229314795e-01
61.4554 2.298398979178263302e-01
61.4637 2.297580031082603336e-01
61.472 2.296761800199356163e-01
61.4803 2.295944285750865510e-01
61.4886 2.295127486976209219e-01
61.4969 2.294311403111923553e-01
61.5052 2.293496033400559686e-01
61.5135 2.292681377098162998e-01
61.5219 2.291867433442182911e-01
61.5302 2.291054201662189316e-01
61.5385 2.290241681012997743e-01
61.5468 2.289429870742602791e-01
61.5551 2.288618770083629683e-01
61.5634 2.287808378291803502e-01
61.5717 2.286998694610684335e-01
61.58 2.286189718293033801e-01
61.5883 2.285381448587996134e-01
61.5966 2.284573884732577220e-01
61.605 2.283767025977240239e-01
61.6133 2.282960871590163088e-01
61.6216 2.282155420815646929e-01
61.6299 2.281350672901853172e-01
61.6382 2.280546627094400536e-01
61.6465 2.279743282651285619e-01
61.6548 2.278940638837535504e-01
61.6631 2.278138694896471028e-01
61.6714 2.277337450092286608e-01
61.6797 2.276536903675995815e-01
61.6881 2.275737054889689914e-01
61.6964 2.274937903017590635e-01
61.7047 2.274139447311587514e-01
61.713 2.273341687023166802e-01
61.7213 2.272544621416150157e-01
61.7296 2.271748249739073133e-01
61.7379 2.270952571280409338e-01
61.7462 2.270157585282550072e-01
61.7545 2.269363291010830230e-01
61.7628 2.268569687726987028e-01
61.7712 2.267776774695517417e-01
61.7795 2.266984551195346254e-01
61.7878 2.266193016477403288e-01
61.7961 2.265402169818710454e-01
61.8044 2.264612010472547565e-01
61.8127 2.263822537714034744e-01
61.821 2.263033750812562805e-01
61.8293 2.262245649039226481e-01
61.8376 2.261458231665746665e-01
61.8459 2.260671497949675313e-01
61.8543 2.259885447174591611e-01
61.8626 2.259100078616242402e-01
61.8709 2.258315391537257244e-01
61.8792 2.257531385219938291e-01
61.8875 2.256748058928189915e-01
61.8958 2.255965411943463561e-01
61.9041 2.255183443541492749e-01
61.9124 2.254402153000760745e-01
61.9207 2.253621539584542977e-01
61.929 2.252841602597909498e-01
61.9374 2.252062341300118675e-01
61.9457 2.251283754970057338e-01
61.954 2.250505842894623409e-01
61.9623 2.249728604349736094e-01
61.9706 2.248952038626701733e-01
61.9789 2.248176144993209724e-01
61.9872 2.247400922747080643e-01
61.9955 2.246626371145677425e-01
62.0038 2.245852489504909233e-01
62.0121 2.245079277103390059e-01
62.0205 2.244306733199326331e-01
62.0288 2.243534857119929837e-01
62.0371 2.242763648129910692e-01
62.0454 2.241993105519844987e-01
62.0537 2.241223228575675019e-01
62.062 2.240454016583962871e-01
62.0703 2.239685468843444216e-01
62.0786 2.238917584646113179e-01
62.0869 2.238150363274082066e-01
62.0952 2.237383804025828982e-01
62.1035 2.236617906197297390e-01
62.1119 2.235852669071400345e-01
62.1202 2.235088091947411981e-01
62.1285 2.234324174127304274e-01
62.1368 2.233560914901084604e-01
62.1451 2.232798313567753434e-01
62.1534 2.232036369412261079e-01
62.1617 2.231275081737979782e-01
62.17 2.230514449858311543e-01
62.1783 2.229754473067359077e-01
62.1866 2.228995150649385193e-01
62.195 2.228236481915419620e-01
62.2033 2.227478466165592752e-01
62.2116 2.226721102698544785e-01
62.2199 2.225964390829208717e-01
62.2282 2.225208329853253231e-01
62.2365 2.224452919072185120e-01
62.2448 2.223698157791249574e-01
62.2531 2.222944045316295192e-01
62.2614 2.222190580954815919e-01
62.2697 2.221437764022212991e-01
62.2781 2.220685593808395530e-01
62.2864 2.219934069639357965e-01
62.2947 2.219183190811430950e-01
62.303 2.218432956634074360e-01
62.3113 2.217683366431931480e-01
62.3196 2.216934419503143183e-01
62.3279 2.216186115165207637e-01
62.3362 2.215438452723720308e-01
62.3445 2.214691431501534524e-01
62.3528 2.213945050811683135e-01
62.3612 2.213199309955306560e-01
62.3695 2.212454208254961141e-01
62.3778 2.211709745035863595e-01
62.3861 2.210965919609264585e-01
62.3944 2.210222731295321541e-01
62.4027 2.209480179400239164e-01
62.411 2.208738263245361710e-01
62.4193 2.207996982163014932e-01
62.4276 2.207256335467403519e-01
62.4359 2.206516322477484748e-01
62.4443 2.205776942516954053e-01
62.4526 2.205038194901795534e-01
62.4609 2.204300078958952858e-01
62.4692 2.203562594011811426e-01
62.4775 2.202825739386408410e-01
62.4858 2.202089514405224935e-01
62.4941 2.201353918399611975e-01
62.5024 2.200618950684932462e-01
62.5107 2.199884610604058155e-01
62.519 2.199150897469378529e-01
62.5274 2.198417810618712720e-01
62.5357 2.197685349371832630e-01
62.544 2.196953513069781760e-01
62.5523 2.196222301045906433e-01
62.5606 2.195491712605172896e-01
62.5689 2.194761747111042272e-01
62.5772 2.194032403890311955e-01
62.5855 2.193303682251777076e-01
62.5938 2.192575581552334840e-01
62.6021 2.191848101122594872e-01
62.6104 2.191121240295805794e-01
62.6188 2.190394998405797711e-01
62.6271 2.189669374795223944e-01
62.6354 2.188944368796998663e-01
62.6437 2.188219979746668375e-01
62.652 2.187496206992730619e-01
62.6603 2.186773049855380846e-01
62.6686 2.186050507696625789e-01
62.6769 2.185328579850169817e-01
62.6852 2.184607265648242092e-01
62.6935 2.183886564446292089e-01
62.7019 2.183166475577688059e-01
62.7102 2.182446998384600656e-01
62.7185 2.181728132220058791e-01
62.7268 2.181009876425306360e-01
62.7351 2.180292230344213766e-01
62.7434 2.179575193319160664e-01
62.7517 2.178858764697208794e-01
62.76 2.178142943842414914e-01
62.7683 2.177427730094738945e-01
62.7766 2.176713122784436905e-01
62.785 2.175999121283414273e-01
62.7933 2.175285724931267095e-01
62.8016 2.174572933078428583e-01
62.8099 2.173860745082042412e-01
62.8182 2.173149160293655069e-01
62.8265 2.172438178059221681e-01
62.8348 2.171727797745757749e-01
62.8431 2.171018018700333896e-01
62.8514 2.170308840264436046e-01
62.8597 2.169600261814939313e-01
62.8681 2.168892282700584651e-01
62.8764 2.168184902268632808e-01
62.8847 2.167478119889413024e-01
62.893 2.166771934919480558e-01
62.9013 2.166066346711848223e-01
62.9096 2.165361354636452795e-01
62.9179 2.164656958035145462e-01
62.9262 2.163953156281009094e-01
62.9345 2.163249948743571904e-01
62.9428 2.162547334776570851e-01
62.9512 2.161845313736332486e-01
62.9595 2.161143884991999220e-01
62.9678 2.160443047905081793e-01
62.9761 2.159742801856013028e-01
62.9844 2.159043146197192897e-01
62.9927 2.158344080283620958e-01
63.001 2.157645603505515819e-01
63.0093 2.156947715216926131e-01
63.0176 2.156250414784685043e-01
63.0259 2.155553701586358784e-01
63.0343 2.154857574983750634e-01
63.0426 2.154162034353471200e-01
63.0509 2.153467079066556933e-01
63.0592 2.152772708480339414e-01
63.0675 2.152078921985259297e-01
63.0758 2.151385718945835746e-01
63.0841 2.150693098729169195e-01
63.0924 2.150001060731367430e-01
63.1007 2.149309604300272125e-01
63.109 2.148618728826964253e-01
63.1173 2.147928433688825189e-01
63.1257 2.147238718255643775e-01
63.134 2.146549581905877746e-01
63.1423 2.145861024016486596e-01
63.1506 2.145173043973082616e-01
63.1589 2.144485641149631860e-01
63.1672 2.143798814924697538e-01
63.1755 2.143112564687511823e-01
63.1838 2.142426889809588841e-01
63.1921 2.141741789677169827e-01
63.2004 2.141057263677019762e-01
63.2088 2.140373311180227833e-01
63.2171 2.139689931578674098e-01
63.2254 2.139007124264760140e-01
63.2337 2.138324888613191421e-01
63.242 2.137643224007305387e-01
63.2503 2.136962129847153613e-01
63.2586 2.136281605509029180e-01
63.2669 2.135601650387961570e-01
63.2752 2.134922263857262081e-01
63.2835 2.134243445319073396e-01
63.2919 2.133565194172007129e-01
63.3002 2.132887509784896773e-01
63.3085 2.132210391551347117e-01
63.3168 2.131533838891727928e-01
63.3251 2.130857851172408557e-01
63.3334 2.130182427784520494e-01
63.3417 2.129507568133835183e-01
63.35 2.128833271604449184e-01
63.3583 2.128159537605181506e-01
63.3666 2.127486365517139433e-01
63.375 2.126813754748155816e-01
63.3833 2.126141704680381550e-01
63.3916 2.125470214722680606e-01
63.3999 2.124799284278381384e-01
63.4082 2.124128912735220032e-01
63.4165 2.123459099499568625e-01
63.4248 2.122789843962212819e-01
63.4331 2.122121145532563924e-01
63.4414 2.121453003610480337e-01
63.4497 2.120785417594328870e-01
63.4581 2.120118386891028106e-01
63.4664 2.119451910899966818e-01
63.4747 2.118785989033100392e-01
63.483 2.118120620684813549e-01
63.4913 2.117455805254026824e-01
63.4996 2.116791542170281260e-01
63.5079 2.116127830829488965e-01
63.5162 2.115464670628084132e-01
63.5245 2.114802060983071719e-01
63.5328 2.114140001299923410e-01
63.5412 2.113478490988630609e-01
63.5495 2.112817529459688204e-01
63.5578 2.112157116120087774e-01
63.5661 2.111497250385339641e-01
63.5744 2.110837931671454004e-01
63.5827 2.110179159380926039e-01
63.591 2.109520932914761837e-01
63.5993 2.108863251718499088e-01
63.6076 2.108206115192137464e-01
63.6159 2.107549522730193525e-01
63.6242 2.106893473769684555e-01
63.6326 2.106237967724125526e-01
63.6409 2.105583004001534697e-01
63.6492 2.104928582040404006e-01
63.6575 2.104274701229771893e-01
63.6658 2.103621360999136936e-01
63.6741 2.102968560772492668e-01
63.6824 2.102316299964348267e-01
63.6907 2.101664578005669748e-01
63.699 2.101013394301983472e-01
63.7073 2.100362748275273750e-01
63.7157 2.099712639357989297e-01
63.724 2.099063066969104607e-01
63.7323 2.098414030536066843e-01
63.7406 2.097765529478838598e-01
63.7489 2.097117563209916213e-01
63.7572 2.096470131172157580e-01
63.7655 2.095823232785013757e-01
63.7738 2.095176867480366689e-01
63.7821 2.094531034670691072e-01
63.7904 2.093885733792829607e-01
63.7988 2.093240964284104055e-01
63.8071 2.092596725558460158e-01
63.8154 2.091953017048233388e-01
63.8237 2.091309838188225301e-01
63.832 2.090667188415708255e-01
63.8403 2.090025067148572890e-01
63.8486 2.089383473817123527e-01
63.8569 2.088742407864052075e-01
63.8652 2.088101868728561017e-01
63.8735 2.087461855822554113e-01
63.8819 2.086822368602072597e-01
63.8902 2.086183406501801729e-01
63.8985 2.085544968933133181e-01
63.9068 2.084907055347585969e-01
63.9151 2.084269665189224796e-01
63.9234 2.083632797880796972e-01
63.9317 2.082996452875247317e-01
63.94 2.082360629610143510e-01
63.9483 2.081725327509683920e-01
63.9566 2.081090546024276233e-01
63.965 2.080456284594905392e-01
63.9733 2.079822542655120343e-01
63.9816 2.079189319660702251e-01
63.9899 2.078556615046148470e-01
63.9982 2.077924428244468380e-01
64.0065 2.077292758712853127e-01
64.0148 2.076661605891184370e-01
64.0231 2.076030969225740319e-01
64.0314 2.075400848165245282e-01
64.0397 2.074771242139158145e-01
64.0481 2.074142150608991597e-01
64.0564 2.073513573026847523e-01
64.0647 2.072885508823608669e-01
64.073 2.072257957458237265e-01
64.0813 2.071630918374391950e-01
64.0896 2.071004391031961156e-01
64.0979 2.070378374863719728e-01
64.1062 2.069752869334429701e-01
64.1145 2.069127873897497194e-01
64.1228 2.068503387993011755e-01
64.1311 2.067879411077284124e-01
64.1395 2.067255942609050323e-01
64.1478 2.066632982041608502e-01
64.1561 2.066010528814952729e-01
64.1644 2.065388582402978013e-01
64.1727 2.064767142246607401e-01
64.181 2.064146207812787293e-01
64.1893 2.063525778555160006e-01
64.1976 2.062905853933729439e-01
64.2059 2.062286433393244467e-01
64.2142 2.061667516402485578e-01
64.2226 2.061049102424789836e-01
64.2309 2.060431190914146227e-01
64.2392 2.059813781321079007e-01
64.2475 2.059196873114232107e-01
64.2558 2.058580465778372948e-01
64.2641 2.057964558737959415e-01
64.2724 2.057349151463000181e-01
64.2807 2.056734243445495769e-01
64.289 2.056119834117172418e-01
64.2973 2.055505922949397435e-01
64.3057 2.054892509419850299e-01
64.314 2.054279592989046721e-01
64.3223 2.053667173116000833e-01
64.3306 2.053055249264100768e-01
64.3389 2.052443820912824846e-01
64.3472 2.051832887528414751e-01
64.3555 2.051222448571696222e-01
64.3638 2.050612503519585739e-01
64.3721 2.050003051831858492e-01
64.3804 2.049394092980470206e-01
64.3888 2.048785626451481989e-01
64.3971 2.048177651707973057e-01
64.4054 2.047570168209570940e-01
64.4137 2.046963175433924309e-01
64.422 2.046356672864965420e-01
64.4303 2.045750659967572327e-01
64.4386 2.045145136220715976e-01
64.4469 2.044540101092119644e-01
64.4552 2.043935554065536009e-01
64.4635 2.043331494603737586e-01
64.4719 2.042727922201100221e-01
64.4802 2.042124836331014603e-01
64.4885 2.041522236457586348e-01
64.4968 2.040920122064832365e-01
64.5051 2.040318492641092774e-01
64.5134 2.039717347653752233e-01
64.5217 2.039116686586194549e-01
64.53 2.038516508924186621e-01
64.5383 2.037916814136441213e-01
64.5466 2.037317601721259641e-01
64.555 2.036718871159882704e-01
64.5633 2.036120621920401996e-01
64.5716 2.035522853488831996e-01
64.5799 2.034925565363257804e-01
64.5882 2.034328757013090516e-01
64.5965 2.033732427929522968e-01
64.6048 2.033136577596424133e-01
64.6131 2.032541205505848381e-01
64.6214 2.031946311140591377e-01
64.6297 2.031351893978070311e-01
64.638 2.030757953536825311e-01
64.6464 2.030164489262205607e-01
64.6547 2.029571500667802508e-01
64.663 2.028978987252121058e-01
64.6713 2.028386948488939689e-01
64.6796 2.027795383873757518e-01
64.6879 2.027204292898635574e-01
64.6962 2.026613675048323793e-01
64.7045 2.026023529833139991e-01
64.7128 2.025433856727091031e-01
64.7211 2.024844655225886414e-01
64.7295 2.024255924839176712e-01
64.7378 2.023667665048061448e-01
64.7461 2.023079875349518830e-01
64.7544 2.022492555239027157e-01
64.7627 2.021905704212482724e-01
64.771 2.021319321779715128e-01
64.7793 2.020733407422032335e-01
64.7876 2.020147960628898842e-01
64.7959 2.019562980926826734e-01
64.8042 2.018978467802260424e-01
64.8126 2.018394420751708496e-01
64.8209 2.017810839272104473e-01
64.8292 2.017227722874283813e-01
64.8375 2.016645071042543202e-01
64.8458 2.016062883302028041e-01
64.8541 2.015481159137877953e-01
64.8624 2.014899898060672490e-01
64.8707 2.014319099577557559e-01
64.879 2.013738763178786195e-01
64.8873 2.013158888378111522e-01
64.8957 2.012579474683924841e-01
64.904 2.012000521589666358e-01
64.9123 2.011422028612246671e-01
64.9206 2.010843995267064255e-01
64.9289 2.010266421044965557e-01
64.9372 2.009689305442987906e-01
64.9455 2.009112648002717438e-01
64.9538 2.008536448212417391e-01
64.9621 2.007960705578037963e-01
64.9704 2.007385419630872136e-01
64.9788 2.006810589852765780e-01
64.9871 2.006236215773914144e-01
64.9954 2.005662296909572762e-01
65.0037 2.005088832756255490e-01
65.012 2.004515822833875527e-01
65.0203 2.003943266666579626e-01
65.0286 2.003371163750201633e-01
65.0369 2.002799513598224612e-01
65.0452 2.002228315739839892e-01
65.0535 2.001657569693159611e-01
65.0619 2.001087274967137675e-01
65.0702 2.000517431069235574e-01
65.0785 1.999948037526429745e-01
65.0868 1.999379093850816858e-01
65.0951 1.998810599570175761e-01
65.1034 1.998242554203138177e-01
65.1117 1.997674957247738692e-01
65.12 1.997107808248238525e-01
65.1283 1.996541106716842595e-01
65.1366 1.995974852168073410e-01
65.1449 1.995409044132115672e-01
65.1533 1.994843682124297635e-01
65.1616 1.994278765671786136e-01
65.1699 1.993714294298337131e-01
65.1782 1.993150267524290975e-01
65.1865 1.992586684874204095e-01
65.1948 1.992023545876833723e-01
65.2031 1.991460850040398800e-01
65.2114 1.990898596911584995e-01
65.2197 1.990336786012730785e-01
65.228 1.989775416858956536e-01
65.2364 1.989214488990521112e-01
65.2447 1.988654001923341741e-01
65.253 1.988093955198461382e-01
65.2613 1.987534348338293455e-01
65.2696 1.986975180867558421e-01
65.2779 1.986416452313271019e-01
65.2862 1.985858162221831036e-01
65.2945 1.985300310117235068e-01
65.3028 1.984742895525777040e-01
65.3111 1.984185917977942526e-01
65.3195 1.983629377015991846e-01
65.3278 1.983073272165495060e-01
65.3361 1.982517602967593384e-01
65.3444 1.981962368944851227e-01
65.3527 1.981407569633502064e-01
65.361 1.980853204587209870e-01
65.3693 1.980299273314565511e-01
65.3776 1.979745775360539084e-01
65.3859 1.979192710278056544e-01
65.3942 1.978640077595811564e-01
65.4026 1.978087876835325776e-01
65.4109 1.977536107545001809e-01
65.4192 1.976984769275512421e-01
65.4275 1.976433861553322513e-01
65.4358 1.975883383916635649e-01
65.4441 1.975333335913492805e-01
65.4524 1.974783717084748202e-01
65.4607 1.974234526960315095e-01
65.469 1.973685765093151079e-01
65.4773 1.973137431021488308e-01
65.4857 1.972589524287717555e-01
65.494 1.972042044438385433e-01
65.5023 1.971494991014756393e-01
65.5106 1.970948363566023542e-01
65.5189 1.970402161624783266e-01
65.5272 1.969856384746647149e-01
65.5355 1.969311032478167078e-01
65.5438 1.968766104358744551e-01
65.5521 1.968221599952643952e-01
65.5604 1.967677518777422585e-01
65.5688 1.967133860392453193e-01
65.5771 1.966590624368769469e-01
65.5854 1.966047810236363214e-01
65.5937 1.965505417533149057e-01
65.602 1.964963445829392141e-01
65.6103 1.964421894673155089e-01
65.6186 1.963880763607236957e-01
65.6269 1.963340052182337703e-01
65.6352 1.962799759951407153e-01
65.6435 1.962259886479037763e-01
65.6518 1.961720431302015899e-01
65.6602 1.961181393985677035e-01
65.6685 1.960642774078820982e-01
65.6768 1.960104571134382578e-01
65.6851 1.959566784701911590e-01
65.6934 1.959029414353842535e-01
65.7017 1.958492459638583039e-01
65.71 1.957955920103051362e-01
65.7183 1.957419795318896816e-01
65.7266 1.956884084830028403e-01
65.7349 1.956348788210697520e-01
65.7433 1.955813904998064401e-01
65.7516 1.955279434761493240e-01
65.7599 1.954745377070710999e-01
65.7682 1.954211731473343705e-01
65.7765 1.953678497528623936e-01
65.7848 1.953145674805493726e-01
65.7931 1.952613262862042398e-01
65.8014 1.952081261262327561e-01
65.8097 1.951549669563298894e-01
65.818 1.951018487333480433e-01
65.8264 1.950487714124948257e-01
65.8347 1.949957349516287519e-01
65.843 1.949427393067770520e-01
65.8513 1.948897844345628128e-01
65.8596 1.948368702908991612e-01
65.8679 1.947839968322952753e-01
65.8762 1.947311640162290580e-01
65.8845 1.946783717987218276e-01
65.8928 1.946256201371366346e-01
65.9011 1.945729089868215300e-01
65.9095 1.945202383063293072e-01
65.9178 1.944676080527564521e-01
65.9261 1.944150181808148303e-01
65.9344 1.943624686495353526e-01
65.9427 1.943099594144468978e-01
65.951 1.942574904333479457e-01
65.9593 1.942050616640718652e-01
65.9676 1.941526730626272068e-01
65.9759 1.941003245876621042e-01
65.9842 1.940480161950706439e-01
65.9926 1.939957478418987413e-01
66.0009 1.939435194868994461e-01
66.0092 1.938913310860744810e-01
66.0175 1.938391825988041162e-01
66.0258 1.937870739798610853e-01
66.0341 1.937350051896238601e-01
66.0424 1.936829761844212072e-01
66.0507 1.936309869208037437e-01
66.059 1.935790373585110358e-01
66.0673 1.935271274536072561e-01
66.0757 1.934752571651593422e-01
66.084 1.934234264509703538e-01
66.0923 1.933716352679523409e-01
66.1006 1.933198835741639643e-01
66.1089 1.932681713280694213e-01
66.1172 1.932164984876114933e-01
66.1255 1.931648650115082022e-01
66.1338 1.931132708570312828e-01
66.1421 1.930617159820430251e-01
66.1504 1.930102003457349336e-01
66.1587 1.929587239058533354e-01
66.1671 1.929072866209185777e-01
66.1754 1.928558884485615799e-01
66.1837 1.928045293484803024e-01
66.192 1.927532092783745821e-01
66.2003 1.927019281974559073e-01
66.2086 1.926506860623855011e-01
66.2169 1.925994828328131403e-01
66.2252 1.925483184693448369e-01
66.2335 1.924971929285600458e-01
66.2418 1.924461061689189123e-01
66.2502 1.923950581494688894e-01
66.2585 1.923440488302132489e-01
66.2668 1.922930781698974356e-01
66.2751 1.922421461254593400e-01
66.2834 1.921912526573716362e-01
66.2917 1.921403977259558971e-01
66.3 1.920895812876996234e-01
66.3083 1.920388033031760200e-01
66.3166 1.919880637317026850e-01
66.3249 1.919373625311587284e-01
66.3333 1.918866996620332277e-01
66.3416 1.918360750837444229e-01
66.3499 1.917854887548249010e-01
66.3582 1.917349406343927254e-01
66.3665 1.916844306828862088e-01
66.3748 1.916339588598571786e-01
66.3831 1.915835251248912685e-01
66.3914 1.915331294350366698e-01
66.3997 1.914827717536183860e-01
66.408 1.914324520397703011e-01
66.4164 1.913821702488073817e-01
66.4247 1.913319263445192875e-01
66.433 1.912817202877907241e-01
66.4413 1.912315520356888954e-01
66.4496 1.911814215489821556e-01
66.4579 1.911313287877383638e-01
66.4662 1.910812737115083204e-01
66.4745 1.910312562809752535e-01
66.4828 1.909812764555730569e-01
66.4911 1.909313341965994115e-01
66.4995 1.908814294626387242e-01
66.5078 1.908315622150540403e-01
66.5161 1.907817324135938908e-01
66.5244 1.907319400187713343e-01
66.5327 1.906821849904007937e-01
66.541 1.906324672899744610e-01
66.5493 1.905827868771890476e-01
66.5576 1.905331437125052374e-01
66.5659 1.904835377571465482e-01
66.5742 1.904339689701773086e-01
66.5826 1.903844373128863454e-01
66.5909 1.903349427475066191e-01
66.5992 1.902854852328352553e-01
66.6075 1.902360647304396080e-01
66.6158 1.901866812006420548e-01
66.6241 1.901373346043444545e-01
66.6324 1.900880249030277580e-01
66.6407 1.900387520576577172e-01
66.649 1.899895160283211204e-01
66.6573 1.899403167762306055e-01
66.6656 1.898911542633589244e-01
66.674 1.898420284502535527e-01
66.6823 1.897929392973125295e-01
66.6906 1.897438867662400164e-01
66.6989 1.896948708194992894e-01
66.7072 1.896458914174020405e-01
66.7155 1.895969485206557281e-01
66.7238 1.895480420914550657e-01
66.7321 1.894991720907530097e-01
66.7404 1.894503384808066404e-01
66.7487 1.894015412224507033e-01
66.7571 1.893527802763706192e-01
66.7654 1.893040556054627066e-01
66.7737 1.892553671717459307e-01
66.782 1.892067149365445344e-01
66.7903 1.891580988601261892e-01
66.7986 1.891095189056930526e-01
66.8069 1.890609750344826312e-01
66.8152 1.890124672090334190e-01
66.8235 1.889639953913706261e-01
66.8318 1.889155595422823408e-01
66.8402 1.888671596240380501e-01
66.8485 1.888187955989380495e-01
66.8568 1.887704674302188024e-01
66.8651 1.887221750778884655e-01
66.8734 1.886739185047028033e-01
66.8817 1.886256976745334657e-01
66.89 1.885775125478446612e-01
66.8983 1.885293630873035031e-01
66.9066 1.884812492556072194e-01
66.9149 1.884331710143993255e-01
66.9233 1.883851283264389165e-01
66.9316 1.883371211550574631e-01
66.9399 1.882891494623519513e-01
66.9482 1.882412132099088309e-01
66.9565 1.881933123607903990e-01
66.9648 1.881454468786301626e-01
66.9731 1.880976167249263087e-01
66.9814 1.880498218624713502e-01
66.9897 1.880020622549897491e-01
66.998 1.879543378631706729e-01
67.0064 1.879066486522417145e-01
67.0147 1.878589945849359066e-01
67.023 1.878113756220347874e-01
67.0313 1.877637917290353453e-01
67.0396 1.877162428673208594e-01
67.0479 1.876687289999263708e-01
67.0562 1.876212500904571590e-01
67.0645 1.875738061030881587e-01
67.0728 1.875263969996844027e-01
67.0811 1.874790227432216183e-01
67.0895 1.874316832972452440e-01
67.0978 1.873843786260492306e-01
67.1061 1.873371086918000639e-01
67.1144 1.872898734584920455e-01
67.1227 1.872426728892504777e-01
67.131 1.871955069481288370e-01
67.1393 1.871483755988505859e-01
67.1476 1.871012788021177431e-01
67.1559 1.870542165254832634e-01
67.1642 1.870071887307855618e-01
67.1725 1.869601953815083484e-01
67.1809 1.869132364413444991e-01
67.1892 1.868663118747337648e-01
67.1975 1.868194216459652390e-01
67.2058 1.867725657170280773e-01
67.2141 1.867257440528083956e-01
67.2224 1.866789566178629900e-01
67.2307 1.866322033746286302e-01
67.239 1.865854842895111054e-01
67.2473 1.865387993242901554e-01
67.2556 1.864921484438187560e-01
67.264 1.864455316133357132e-01
67.2723 1.863989487948896073e-01
67.2806 1.863523999543141851e-01
67.2889 1.863058850553263590e-01
67.2972 1.862594040618508751e-01
67.3055 1.862129569394501138e-01
67.3138 1.861665436515708150e-01
67.3221 1.861201641620468250e-01
67.3304 1.860738184370621384e-01
67.3387 1.860275064403294487e-01
67.3471 1.859812281361261921e-01
67.3554 1.859349834882241537e-01
67.3637 1.858887724620293114e-01
67.372 1.858425950236889945e-01
67.3803 1.857964511361693549e-01
67.3886 1.857503407642489834e-01
67.3969 1.857042638736256523e-01
67.4052 1.856582204286004179e-01
67.4135 1.856122103927905775e-01
67.4218 1.855662337337603274e-01
67.4302 1.855202904155395793e-01
67.4385 1.854743804014763464e-01
67.4468 1.854285036581504453e-01
67.4551 1.853826601503902605e-01
67.4634 1.853368498434082856e-01
67.4717 1.852910727019119741e-01
67.48 1.852453286911705799e-01
67.4883 1.851996177768371055e-01
67.4966 1.851539399233487482e-01
67.5049 1.851082950969477336e-01
67.5133 1.850626832633704977e-01
67.5216 1.850171043869618670e-01
67.5299 1.849715584326274143e-01
67.5382 1.849260453672533500e-01
67.5465 1.848805651558012020e-01
67.5548 1.848351177639704357e-01
67.5631 1.847897031578425442e-01
67.5714 1.847443213008683194e-01
67.5797 1.846989721600720002e-01
67.588 1.846536557023277236e-01
67.5964 1.846083718922331418e-01
67.6047 1.845631206963631032e-01
67.613 1.845179020790178870e-01
67.6213 1.844727160064737748e-01
67.6296 1.844275624459187912e-01
67.6379 1.843824413629755743e-01
67.6462 1.843373527224102248e-01
67.6545 1.842922964904320227e-01
67.6628 1.842472726357523571e-01
67.6711 1.842022811202153332e-01
67.6794 1.841573219113503412e-01
67.6878 1.841123949790091641e-01
67.6961 1.840675002842375452e-01
67.7044 1.840226377962351778e-01
67.7127 1.839778074814017172e-01
67.721 1.839330093035175806e-01
67.7293 1.838882432322140326e-01
67.7376 1.838435092322084075e-01
67.7459 1.837988072703625742e-01
67.7542 1.837541373112736298e-01
67.7625 1.837094993237970153e-01
67.7709 1.836648932750514773e-01
67.7792 1.836203191298917126e-01
67.7875 1.835757768554910907e-01
67.7958 1.835312664178165021e-01
67.8041 1.834867877844469641e-01
67.8124 1.834423409224593127e-01
67.8207 1.833979257979017341e-01
67.829 1.833535423784325158e-01
67.8373 1.833091906296261120e-01
67.8456 1.832648705197218453e-01
67.854 1.832205820152270903e-01
67.8623 1.831763250817972366e-01
67.8706 1.831320996882785379e-01
67.8789 1.830879058010824456e-01
67.8872 1.830437433873507158e-01
67.8955 1.829996124140753633e-01
67.9038 1.829555128491531513e-01
67.9121 1.829114446589271414e-01
67.9204 1.828674078101186762e-01
67.9287 1.828234022708788986e-01
67.9371 1.827794280092094326e-01
67.9454 1.827354849915595325e-01
67.9537 1.826915731847566782e-01
67.962 1.826476925574066767e-01
67.9703 1.826038430770901000e-01
67.9786 1.825600247094867068e-01
67.9869 1.825162374243314289e-01
67.9952 1.824724811880572839e-01
68.0035 1.824287559683496207e-01
68.0118 1.823850617336196800e-01
68.0202 1.823413984512544384e-01
68.0285 1.822977660874430528e-01
68.0368 1.822541646113744751e-01
68.0451 1.822105939912132544e-01
68.0534 1.821670541944505894e-01
68.0617 1.821235451886040746e-01
68.07 1.820800669422651397e-01
68.0783 1.820366194224793677e-01
68.0866 1.819932025968420686e-01
68.0949 1.819498164352443548e-01
68.1033 1.819064609053320514e-01
68.1116 1.818631359739055764e-01
68.1199 1.818198416095358483e-01
68.1282 1.817765777811680139e-01
68.1365 1.817333444563773159e-01
68.1448 1.816901416038108619e-01
68.1531 1.816469691910955475e-01
68.1614 1.816038271874521604e-01
68.1697 1.815607155603844447e-01
68.178 1.815176342782932051e-01
68.1863 1.814745833103004469e-01
68.1947 1.814315626253793778e-01
68.203 1.813885721902658010e-01
68.2113 1.813456119745060491e-01
68.2196 1.813026819474963525e-01
68.2279 1.812597820760500911e-01
68.2362 1.812169123297880657e-01
68.2445 1.811740726776605581e-01
68.2528 1.811312630886426356e-01
68.2611 1.810884835299973461e-01
68.2694 1.810457339717926051e-01
68.2778 1.810030143823842530e-01
68.2861 1.809603247305003604e-01
68.2944 1.809176649864560615e-01
68.3027 1.808750351174673865e-01
68.311 1.808324350926849566e-01
68.3193 1.807898648811102904e-01
68.3276 1.807473244538502499e-01
68.3359 1.807048137766620599e-01
68.3442 1.806623328207019041e-01
68.3525 1.806198815561094739e-01
68.3609 1.805774599494118227e-01
68.3692 1.805350679709717410e-01
68.3775 1.804927055906566380e-01
68.3858 1.804503727776657074e-01
68.3941 1.804080695000118140e-01
68.4024 1.803657957285007551e-01
68.4107 1.803235514320599697e-01
68.419 1.802813365806785750e-01
68.4273 1.802391511426415793e-01
68.4356 1.801969950874687809e-01
68.444 1.801548683857415456e-01
68.4523 1.801127710080638877e-01
68.4606 1.800707029210923127e-01
68.4689 1.800286640963437990e-01
68.4772 1.799866545022514031e-01
68.4855 1.799446741100341751e-01
68.4938 1.799027228893815833e-01
68.5021 1.798608008086276244e-01
68.5104 1.798189078387182338e-01
68.5187 1.797770439494154882e-01
68.5271 1.797352091105059724e-01
68.5354 1.796934032916279178e-01
68.5437 1.796516264631330961e-01
68.552 1.796098785941911413e-01
68.5603 1.795681596558907078e-01
68.5686 1.795264696184822872e-01
68.5769 1.794848084506919239e-01
68.5852 1.794431761233347966e-01
68.5935 1.794015726075937345e-01
68.6018 1.793599978719227495e-01
68.6102 1.793184518868645994e-01
68.6185 1.792769346241884498e-01
68.6268 1.792354460536239313e-01
68.6351 1.791939861435503933e-01
68.6434 1.791525548663232825e-01
68.6517 1.791111521922589267e-01
68.66 1.790697780908394876e-01
68.6683 1.790284325341453542e-01
68.6766 1.789871154906764739e-01
68.6849 1.789458269322169170e-01
68.6932 1.789045668297159219e-01
68.7016 1.788633351522594950e-01
68.7099 1.788221318717014841e-01
68.7182 1.787809569582040903e-01
68.7265 1.787398103836668195e-01
68.7348 1.786986921167567355e-01
68.7431 1.786576021289063010e-01
68.7514 1.786165403927690298e-01
68.7597 1.785755068769120102e-01
68.768 1.785345015528367607e-01
68.7763 1.784935243925808435e-01
68.7847 1.784525753651249047e-01
68.793 1.784116544430659479e-01
68.8013 1.783707615971415472e-01
68.8096 1.783298967979423111e-01
68.8179 1.782890600159107719e-01
68.8262 1.782482512240762818e-01
68.8345 1.782074703920729086e-01
68.8428 1.781667174904134066e-01
68.8511 1.781259924928771665e-01
68.8594 1.780852953688270290e-01
68.8678 1.780446260903801592e-01
68.8761 1.780039846274584781e-01
68.8844 1.779633709520544449e-01
68.8927 1.779227850370353192e-01
68.901 1.778822268522210481e-01
68.9093 1.778416963696718978e-01
68.9176 1.778011935595955328e-01
68.9259 1.777607183952898406e-01
68.9342 1.777202708480299653e-01
68.9425 1.776798508877520943e-01
68.9509 1.776394584883313199e-01
68.9592 1.775990936200896320e-01
68.9675 1.775587562549036658e-01
68.9758 1.775184463634821297e-01
68.9841 1.774781639189378091e-01
68.9924 1.774379088938944082e-01
69.0007 1.773976812574278583e-01
69.009 1.773574809840771649e-01
69.0173 1.773173080439835736e-01
69.0256 1.772771624088411713e-01
69.034 1.772370440525740665e-01
69.0423 1.771969529455615644e-01
69.0506 1.771568890592251366e-01
69.0589 1.771168523672149719e-01
69.0672 1.770768428415052942e-01
69.0755 1.770368604527357559e-01
69.0838 1.769969051739437582e-01
69.0921 1.769569769778484847e-01
69.1004 1.769170758343096839e-01
69.1087 1.768772017188028345e-01
69.1171 1.768373546019098574e-01
69.1254 1.767975344554216233e-01
69.1337 1.767577412526754044e-01
69.142 1.767179749658444876e-01
69.1503 1.766782355666164650e-01
69.1586 1.766385230272092544e-01
69.1669 1.765988373213849549e-01
69.1752 1.765591784215734261e-01
69.1835 1.765195462987048380e-01
69.1918 1.764799409271131103e-01
69.2001 1.764403622789553483e-01
69.2085 1.764008103250592208e-01
69.2168 1.763612850401605758e-01
69.2251 1.763217863961443754e-01
69.2334 1.762823143647489765e-01
69.2417 1.762428689207734267e-01
69.25 1.762034500361677469e-01
69.2583 1.761640576830729443e-01
69.2666 1.761246918350015678e-01
69.2749 1.760853524639692247e-01
69.2832 1.760460395435311520e-01
69.2916 1.760067530472634589e-01
69.2999 1.759674929464038473e-01
69.3082 1.759282592155825276e-01
69.3165 1.758890518269228265e-01
69.3248 1.758498707530755933e-01
69.3331 1.758107159682285314e-01
69.3414 1.757715874450747062e-01
69.3497 1.757324851556556766e-01
69.358 1.756934090759046108e-01
69.3663 1.756543591757185607e-01
69.3747 1.756153354300631630e-01
69.383 1.755763378132511598e-01
69.3913 1.755373662957498138e-01
69.3996 1.754984208527551326e-01
69.4079 1.754595014574662215e-01
69.4162 1.754206080832717007e-01
69.4245 1.753817407034128639e-01
69.4328 1.753428992911525430e-01
69.4411 1.753040838201100626e-01
69.4494 1.752652942639257305e-01
69.4578 1.752265305957571850e-01
69.4661 1.751877927902929510e-01
69.4744 1.751490808193907067e-01
69.4827 1.751103946576128001e-01
69.491 1.750717342793737530e-01
69.4993 1.750330996564276875e-01
69.5076 1.749944907642360659e-01
69.5159 1.749559075766049798e-01
69.5242 1.749173500655194224e-01
69.5325 1.748788182068366781e-01
69.5409 1.748403119725836230e-01
69.5492 1.748018313379884336e-01
69.5575 1.747633762764585763e-01
69.5658 1.747249467620914376e-01
69.5741 1.746865427686704886e-01
69.5824 1.746481642701668557e-01
69.5907 1.746098112404051994e-01
69.599 1.745714836542331394e-01
69.6073 1.745331814845136886e-01
69.6156 1.744949047064692504e-01
69.624 1.744566532938389702e-01
69.6323 1.744184272208834374e-01
69.6406 1.743802264610493369e-01
69.6489 1.743420509901395521e-01
69.6572 1.743039007804734475e-01
69.6655 1.742657758078942354e-01
69.6738 1.742276760464300522e-01
69.6821 1.741896014692959904e-01
69.6904 1.741515520527279759e-01
69.6987 1.741135277693150463e-01
69.707 1.740755285944996789e-01
69.7154 1.740375545025777959e-01
69.7237 1.739996054683649318e-01
69.732 1.739616814663635658e-01
69.7403 1.739237824695986645e-01
69.7486 1.738859084541109212e-01
69.7569 1.738480593954607745e-01
69.7652 1.738102352660684247e-01
69.7735 1.737724360418669567e-01
69.7818 1.737346616974788094e-01
69.7901 1.736969122070476657e-01
69.7985 1.736591875463986967e-01
69.8068 1.736214876893833192e-01
69.8151 1.735838126107034085e-01
69.8234 1.735461622862428943e-01
69.8317 1.735085366900788739e-01
69.84 1.734709357973044930e-01
69.8483 1.734333595828664309e-01
69.8566 1.733958080217309905e-01
69.8649 1.733582810883867453e-01
69.8732 1.733207787581713677e-01
69.8816 1.732833010080984115e-01
69.8899 1.732458478092354370e-01
69.8982 1.732084191392982975e-01
69.9065 1.731710149737018811e-01
69.9148 1.731336352870521123e-01
69.9231 1.730962800541408497e-01
69.9314 1.730589492496139858e-01
69.9397 1.730216428502883430e-01
69.948 1.729843608313442471e-01
69.9563 1.729471031668243786e-01
69.9647 1.729098698319487815e-01
69.973 1.728726608037755574e-01
69.9813 1.728354760564055348e-01
69.9896 1.727983155654472525e-01
69.9979 1.727611793073540181e-01
70.0062 1.727240672561204671e-01
70.0145 1.726869793872475578e-01
70.0228 1.726499156775760935e-01
70.0311 1.726128761024792735e-01
70.0394 1.725758606361951775e-01
70.0478 1.725388692546312719e-01
70.0561 1.725019019351980709e-01
70.0644 1.724649586521911082e-01
70.0727 1.724280393812447632e-01
70.081 1.723911440980125109e-01
70.0893 1.723542727789906526e-01
70.0976 1.723174253990464311e-01
70.1059 1.722806019347138951e-01
70.1142 1.722438023625448567e-01
70.1225 1.722070266564765528e-01
70.1309 1.721702747932635780e-01
70.1392 1.721335467495144211e-01
70.1475 1.720968424997174617e-01
70.1558 1.720601620219988082e-01
70.1641 1.720235052902269468e-01
70.1724 1.719868722809210215e-01
70.1807 1.719502629720969233e-01
70.189 1.719136773380093575e-01
70.1973 1.718771153539186414e-01
70.2056 1.718405769970749175e-01
70.2139 1.718040622452383925e-01
70.2223 1.717675710720835969e-01
70.2306 1.717311034540948689e-01
70.2389 1.716946593700719170e-01
70.2472 1.716582387932542031e-01
70.2555 1.716218417010018926e-01
70.2638 1.715854680706920821e-01
70.2721 1.715491178770979230e-01
70.2804 1.715127910982887360e-01
70.2887 1.714764877079283378e-01
70.297 1.714402076852693524e-01
70.3054 1.714039510059782445e-01
70.3137 1.713677176465587537e-01
70.322 1.713315075828785450e-01
70.3303 1.712953207918059551e-01
70.3386 1.712591572512084381e-01
70.3469 1.712230169350457132e-01
70.3552 1.711868998217127846e-01
70.3635 1.711508058879863403e-01
70.3718 1.711147351096808933e-01
70.3801 1.710786874645901512e-01
70.3885 1.710426629295451473e-01
70.3968 1.710066614789453598e-01
70.4051 1.709706830919450471e-01
70.4134 1.709347277449395908e-01
70.4217 1.708987954145061439e-01
70.43 1.708628860777290093e-01
70.4383 1.708269997110586358e-01
70.4466 1.707911362916153808e-01
70.4549 1.707552957962118756e-01
70.4632 1.707194782018413293e-01
70.4716 1.706836834871447439e-01
70.4799 1.706479116276837515e-01
70.4882 1.706121625992024216e-01
70.4965 1.705764363803945194e-01
70.5048 1.705407329480169154e-01
70.5131 1.705050522794954171e-01
70.5214 1.704693943525988908e-01
70.5297 1.704337591434863242e-01
70.538 1.703981466289862523e-01
70.5463 1.703625567874084146e-01
70.5547 1.703269895956163460e-01
70.563 1.702914450313041117e-01
70.5713 1.702559230708830806e-01
70.5796 1.702204236919204194e-01
70.5879 1.701849468720003922e-01
70.5962 1.701494925895367383e-01
70.6045 1.701140608210115479e-01
70.6128 1.700786515429254242e-01
70.6211 1.700432647347179804e-01
70.6294 1.700079003721132742e-01
70.6378 1.699725584331252815e-01
70.6461 1.699372388965953162e-01
70.6544 1.699019417391118281e-01
70.6627 1.698666669379294003e-01
70.671 1.698314144711306206e-01
70.6793 1.697961843156811368e-01
70.6876 1.697609764505078334e-01
70.6959 1.697257908530967196e-01
70.7042 1.696906274996559660e-01
70.7125 1.696554863694875737e-01
70.7208 1.696203674417473273e-01
70.7292 1.695852706899454720e-01
70.7375 1.695501960953758880e-01
70.7458 1.695151436356281127e-01
70.7541 1.694801132857220449e-01
70.7624 1.694451050286168992e-01
70.7707 1.694101188393667412e-01
70.779 1.693751546936918817e-01
70.7873 1.693402125724993434e-01
70.7956 1.693052924549346971e-01
70.8039 1.692703943154779678e-01
70.8123 1.692355181349238236e-01
70.8206 1.692006638910153737e-01
70.8289 1.691658315597387441e-01
70.8372 1.691310211211307368e-01
70.8455 1.690962325534698107e-01
70.8538 1.690614658353734034e-01
70.8621 1.690267209437028573e-01
70.8704 1.689919978571097214e-01
70.8787 1.689572965529733961e-01
70.887 1.689226170115897818e-01
70.8954 1.688879592098885274e-01
70.9037 1.688533231270706592e-01
70.912 1.688187087405832176e-01
70.9203 1.687841160291775611e-01
70.9286 1.687495449719435270e-01
70.9369 1.687149955463784212e-01
70.9452 1.686804677306404099e-01
70.9535 1.686459615049941962e-01
70.9618 1.686114768461838276e-01
70.9701 1.685770137343456099e-01
70.9785 1.685425721459365145e-01
70.9868 1.685081520608043004e-01
70.9951 1.684737534578489015e-01
71.0034 1.684393763156652735e-01
71.0117 1.684050206120626947e-01
71.02 1.683706863263113307e-01
71.0283 1.683363734373767573e-01
71.0366 1.683020819234387344e-01
71.0449 1.682678117636558224e-01
71.0532 1.682335629372027908e-01
71.0616 1.681993354219881442e-01
71.0699 1.681651291964181838e-01
71.0782 1.681309442409986143e-01
71.0865 1.680967805338471621e-01
71.0948 1.680626380532591613e-01
71.1031 1.680285167793071355e-01
71.1114 1.679944166895185886e-01
71.1197 1.679603377641579742e-01
71.128 1.679262799825455843e-01
71.1363 1.678922433227377220e-01
71.1447 1.678582277621685492e-01
71.153 1.678242332829249506e-01
71.1613 1.677902598639114395e-01
71.1696 1.677563074826103895e-01
71.1779 1.677223761185986650e-01
71.1862 1.676884657513088295e-01
71.1945 1.676545763595506389e-01
71.2028 1.676207079229482533e-01
71.2111 1.675868604214607871e-01
71.2194 1.675530338328287683e-01
71.2277 1.675192281370433967e-01
71.2361 1.674854433141108323e-01
71.2444 1.674516793429367822e-01
71.2527 1.674179362019648232e-01
71.261 1.673842138715677386e-01
71.2693 1.673505123311768983e-01
71.2776 1.673168315588065003e-01
71.2859 1.672831715363091998e-01
71.2942 1.672495322417305308e-01
71.3025 1.672159136540879998e-01
71.3108 1.671823157538474824e-01
71.3192 1.671487385211715970e-01
71.3275 1.671151819340112032e-01
71.3358 1.670816459725604775e-01
71.3441 1.670481306167111990e-01
71.3524 1.670146358463698577e-01
71.3607 1.669811616403465704e-01
71.369 1.669477079785794682e-01
71.3773 1.669142748421342803e-01
71.3856 1.668808622087556981e-01
71.3939 1.668474700587467552e-01
71.4023 1.668140983729009263e-01
71.4106 1.667807471302812095e-01
71.4189 1.667474163110769791e-01
71.4272 1.667141058940653786e-01
71.4355 1.666808158601013057e-01
71.4438 1.666475461897374277e-01
71.4521 1.666142968613217312e-01
71.4604 1.665810678546455204e-01
71.4687 1.665478591517335349e-01
71.477 1.665146707320896979e-01
71.4854 1.664815025744416643e-01
71.4937 1.664483546588005625e-01
71.502 1.664152269661420547e-01
71.5103 1.663821194766655076e-01
71.5186 1.663490321701102115e-01
71.5269 1.663159650265478851e-01
71.5352 1.662829180262231921e-01
71.5435 1.662498911490798981e-01
71.5518 1.662168843746030245e-01
71.5601 1.661838976849798200e-01
71.5685 1.661509310594087574e-01
71.5768 1.661179844782104675e-01
71.5851 1.660850579210885747e-01
71.5934 1.660521513687098494e-01
71.6017 1.660192648022291440e-01
71.61 1.659863982010797712e-01
71.6183 1.659535515458152310e-01
71.6266 1.659207248170039561e-01
71.6349 1.658879179949137306e-01
71.6432 1.658551310603005036e-01
71.6516 1.658223639928312065e-01
71.6599 1.657896167742373694e-01
71.6682 1.657568893837433888e-01
71.6765 1.657241818026372882e-01
71.6848 1.656914940109615320e-01
71.6931 1.656588259901909388e-01
71.7014 1.656261777213418329e-01
71.7097 1.655935491835568707e-01
71.718 1.655609403572531613e-01
71.7263 1.655283512233349519e-01
71.7346 1.654957817639789441e-01
71.743 1.654632319594885603e-01
71.7513 1.654307017893964504e-01
71.7596 1.653981912349795080e-01
71.7679 1.653657002773717688e-01
71.7762 1.653332288978789366e-01
71.7845 1.653007770760930029e-01
71.7928 1.652683447927209281e-01
71.8011 1.652359320292693112e-01
71.8094 1.652035387674156142e-01
71.8177 1.651711649864975318e-01
71.8261 1.651388106696337343e-01
71.8344 1.651064757965048924e-01
71.8427 1.650741603466506502e-01
71.851 1.650418643022913689e-01
71.8593 1.650095876453473720e-01
71.8676 1.649773303552453663e-01
71.8759 1.649450924144046093e-01
71.8842 1.649128738038478093e-01
71.8925 1.648806745038293164e-01
71.9008 1.648484944957143428e-01
71.9092 1.648163337613518242e-01
71.9175 1.647841922802573134e-01
71.9258 1.647520700354037637e-01
71.9341 1.647199670080563838e-01
71.9424 1.646878831774619967e-01
71.9507 1.646558185266350505e-01
71.959 1.646237730361023999e-01
71.9673 1.645917466873431101e-01
71.9756 1.645597394627874577e-01
71.9839 1.645277513420679016e-01
71.9923 1.644957823074870429e-01
72.0006 1.644638323391750534e-01
72.0089 1.644319014200868179e-01
72.0172 1.643999895319417648e-01
72.0255 1.643680966553810463e-01
72.0338 1.643362227699686762e-01
72.0421 1.643043678594949264e-01
72.0504 1.642725319066704881e-01
72.0587 1.642407148906343262e-01
72.067 1.642089167928789950e-01
72.0754 1.641771375969362512e-01
72.0837 1.641453772832351110e-01
72.092 1.641136358326865941e-01
72.1003 1.640819132282402837e-01
72.1086 1.640502094509906916e-01
72.1169 1.640185244820468458e-01
72.1252 1.639868583043988248e-01
72.1335 1.639552108988721613e-01
72.1418 1.639235822464625014e-01
72.1501 1.638919723314444521e-01
72.1585 1.638603811331308946e-01
72.1668 1.638288086339582117e-01
72.1751 1.637972548165317066e-01
72.1834 1.637657196622267775e-01
72.1917 1.637342031528992714e-01
72.2 1.637027052697974105e-01
72.2083 1.636712259957361082e-01
72.2166 1.636397653129222363e-01
72.2249 1.636083232024902745e-01
72.2332 1.635768996463644598e-01
72.2415 1.635454946272581478e-01
72.2499 1.635141081257273366e-01
72.2582 1.634827401257525903e-01
72.2665 1.634513906085371948e-01
72.2748 1.634200595556086211e-01
72.2831 1.633887469497474765e-01
72.2914 1.633574527731277981e-01
72.2997 1.633261770073178298e-01
72.308 1.632949196352931065e-01
72.3163 1.632636806378751637e-01
72.3246 1.632324599985304214e-01
72.333 1.632012576991908048e-01
72.3413 1.631700737214927810e-01
72.3496 1.631389080486327359e-01
72.3579 1.631077606624284082e-01
72.3662 1.630766315445569825e-01
72.3745 1.630455206782543687e-01
72.3828 1.630144280453789674e-01
72.3911 1.629833536284206186e-01
72.3994 1.629522974108086331e-01
72.4077 1.629212593738237347e-01
72.4161 1.628902394982979784e-01
72.4244 1.628592377692439641e-01
72.4327 1.628282541690626306e-01
72.441 1.627972886775468919e-01
72.4493 1.627663412803639076e-01
72.4576 1.627354119590294079e-01
72.4659 1.627045006958436069e-01
72.4742 1.626736074720417369e-01
72.4825 1.626427322711839207e-01
72.4908 1.626118750788444756e-01
72.4992 1.625810358729096461e-01
72.5075 1.625502146372869161e-01
72.5158 1.625194113562029585e-01
72.5241 1.624886260117422432e-01
72.5324 1.624578585872333836e-01
72.5407 1.624271090632493642e-01
72.549 1.623963774240679836e-01
72.5573 1.623656636527492370e-01
72.5656 1.623349677309823547e-01
72.5739 1.623042896416998782e-01
72.5823 1.622736293692295384e-01
72.5906 1.622429868943786047e-01
72.5989 1.622123622002718535e-01
72.6072 1.621817552728103684e-01
72.6155 1.621511660903847130e-01
72.6238 1.621205946383074137e-01
72.6321 1.620900408999071396e-01
72.6404 1.620595048565316998e-01
72.6487 1.620289864927626777e-01
72.657 1.619984857908939591e-01
72.6654 1.619680027343053386e-01
72.6737 1.619375373048570210e-01
72.682 1.619070894864143850e-01
72.6903 1.618766592617826572e-01
72.6986 1.618462466150052403e-01
72.7069 1.618158515289124799e-01
72.7152 1.617854739852762347e-01
72.7235 1.617551139689428485e-01
72.7318 1.617247714615569765e-01
72.7401 1.616944464466127385e-01
72.7485 1.616641389086868330e-01
72.7568 1.616338488299215170e-01
72.7651 1.616035761932366477e-01
72.7734 1.615733209829403882e-01
72.7817 1.615430831815188872e-01
72.79 1.615128627717776211e-01
72.7983 1.614826597382141016e-01
72.8066 1.614524740633531963e-01
72.8149 1.614223057317168419e-01
72.8232 1.613921547250917465e-01
72.8315 1.613620210281772327e-01
72.8399 1.613319046235486831e-01
72.8482 1.613018054942516877e-01
72.8565 1.612717236250221231e-01
72.8648 1.612416589984728976e-01
72.8731 1.612116115982969167e-01
72.8814 1.611815814080468090e-01
72.8897 1.611515684108307811e-01
72.898 1.611215725911400165e-01
72.9063 1.610915939318026957e-01
72.9146 1.610616324164207136e-01
72.923 1.610316880289131281e-01
72.9313 1.610017607522974681e-01
72.9396 1.609718505717342429e-01
72.9479 1.609419574685923005e-01
72.9562 1.609120814276003564e-01
72.9645 1.608822224330417883e-01
72.9728 1.608523804673884228e-01
72.9811 1.608225555169233989e-01
72.9894 1.607927475618640967e-01
72.9977 1.607629565874544031e-01
73.0061 1.607331825795567382e-01
73.0144 1.607034255197931361e-01
73.0227 1.606736853908621865e-01
73.031 1.606439621785100413e-01
73.0393 1.606142558668249565e-01
73.0476 1.605845664386931493e-01
73.0559 1.605548938788338154e-01
73.0642 1.605252381701579578e-01
73.0725 1.604955992964992584e-01
73.0808 1.604659772433697784e-01
73.0892 1.604363719941717947e-01
73.0975 1.604067835305020562e-01
73.1058 1.603772118397258917e-01
73.1141 1.603476569046757283e-01
73.1224 1.603181187088024151e-01
73.1307 1.602885972360231781e-01
73.139 1.602590924717802179e-01
73.1473 1.602296043991062180e-01
73.1556 1.602001330027102710e-01
73.1639 1.601706782654984396e-01
73.1723 1.601412401726569623e-01
73.1806 1.601118187090806444e-01
73.1889 1.600824138571075028e-01
73.1972 1.600530256022602849e-01
73.2055 1.600236539279588643e-01
73.2138 1.599942988186919268e-01
73.2221 1.599649602592619346e-01
73.2304 1.599356382338785187e-01
73.2387 1.599063327260092648e-01
73.247 1.598770437206420703e-01
73.2554 1.598477712026254438e-01
73.2637 1.598185151548589533e-01
73.272 1.597892755617625615e-01
73.2803 1.597600524092748220e-01
73.2886 1.597308456809336252e-01
73.2969 1.597016553610427492e-01
73.3052 1.596724814337668052e-01
73.3135 1.596433238834330803e-01
73.3218 1.596141826955845000e-01
73.3301 1.595850578548717313e-01
73.3384 1.595559493446025434e-01
73.3468 1.595268571494515841e-01
73.3551 1.594977812545554097e-01
73.3634 1.594687216431074084e-01
73.3717 1.594396783019212116e-01
73.38 1.594106512139125131e-01
73.3883 1.593816403635121559e-01
73.3966 1.593526457377169303e-01
73.4049 1.593236673184260932e-01
73.4132 1.592947050907061735e-01
73.4215 1.592657590408355639e-01
73.4299 1.592368291519510870e-01
73.4382 1.592079154096027738e-01
73.4465 1.591790177983015142e-01
73.4548 1.591501363018195392e-01
73.4631 1.591212709060406960e-01
73.4714 1.590924215965591748e-01
73.4797 1.590635883570316600e-01
73.488 1.590347711726250168e-01
73.4963 1.590059700276187094e-01
73.5046 1.589771849063036091e-01
73.513 1.589484157955283194e-01
73.5213 1.589196626782580224e-01
73.5296 1.588909255403150589e-01
73.5379 1.588622043670828987e-01
73.5462 1.588334991432081011e-01
73.5545 1.588048098526002871e-01
73.5628 1.587761364815743759e-01
73.5711 1.587474790143615921e-01
73.5794 1.587188374355043563e-01
73.5877 1.586902117312000704e-01
73.5961 1.586616018858637844e-01
73.6044 1.586330078846684699e-01
73.6127 1.586044297127986169e-01
73.621 1.585758673551505848e-01
73.6293 1.585473207967816878e-01
73.6376 1.585187900226104618e-01
73.6459 1.584902750186118758e-01
73.6542 1.584617757691294815e-01
73.6625 1.584332922595630688e-01
73.6708 1.584048244751738443e-01
73.6792 1.583763724012339225e-01
73.6875 1.583479360228771948e-01
73.6958 1.583195153252489329e-01
73.7041 1.582911102932069158e-01
73.7124 1.582627209126632462e-01
73.7207 1.582343471698377801e-01
73.729 1.582059890478344777e-01
73.7373 1.581776465330441139e-01
73.7456 1.581493196112727373e-01
73.7539 1.581210082669971539e-01
73.7623 1.580927124869376255e-01
73.7706 1.580644322549979164e-01
73.7789 1.580361675564325441e-01
73.7872 1.580079183785872976e-01
73.7955 1.579796847053997755e-01
73.8038 1.579514665220074776e-01
73.8121 1.579232638148965473e-01
73.8204 1.578950765695228409e-01
73.8287 1.578669047704625017e-01
73.837 1.578387484036386790e-01
73.8453 1.578106074554306570e-01
73.8537 1.577824819098532227e-01
73.862 1.577543717537519541e-01
73.8703 1.577262769727951208e-01
73.8786 1.576981975516241474e-01
73.8869 1.576701334766703322e-01
73.8952 1.576420847324484786e-01
73.9035 1.576140513052628200e-01
73.9118 1.575860331817241222e-01
73.9201 1.575580303462310594e-01
73.9284 1.575300427842308004e-01
73.9368 1.575020704831052998e-01
73.9451 1.574741134275820242e-01
73.9534 1.574461716032871661e-01
73.9617 1.574182449952663265e-01
73.97 1.573903335903504008e-01
73.9783 1.573624373753805261e-01
73.9866 1.573345563341022046e-01
73.9949 1.573066904529342169e-01
74.0032 1.572788397184524123e-01
74.0115 1.572510041147315019e-01
74.0199 1.572231836296980878e-01
74.0282 1.571953782496631202e-01
74.0365 1.571675879571088619e-01
74.0448 1.571398127419114388e-01
74.0531 1.571120525877555962e-01
74.0614 1.570843074806992090e-01
74.0697 1.570565774069576648e-01
74.078 1.570288623531992112e-01
74.0863 1.570011623055116157e-01
74.0946 1.569734772477822671e-01
74.103 1.569458071674471322e-01
74.1113 1.569181520520990247e-01
74.1196 1.568905118865403792e-01
74.1279 1.568628866555855095e-01
74.1362 1.568352763464153643e-01
74.1445 1.568076809454845288e-01
74.1528 1.567801004386684682e-01
74.1611 1.567525348117063400e-01
74.1694 1.567249840518184500e-01
74.1777 1.566974481434401101e-01
74.1861 1.566699270736651994e-01
74.1944 1.566424208294497356e-01
74.2027 1.566149293961425215e-01
74.211 1.565874527601319455e-01
74.2193 1.565599909070815587e-01
74.2276 1.565325438245752099e-01
74.2359 1.565051114984433722e-01
74.2442 1.564776939145269830e-01
74.2525 1.564502910580903849e-01
74.2608 1.564229029186644526e-01
74.2692 1.563955294803588136e-01
74.2775 1.563681707284687306e-01
74.2858 1.563408266516730094e-01
74.2941 1.563134972344069618e-01
74.3024 1.562861824647816811e-01
74.3107 1.562588823288655060e-01
74.319 1.562315968124435572e-01
74.3273 1.562043259020441666e-01
74.3356 1.561770695846448342e-01
74.3439 1.561498278465004441e-01
74.3522 1.561226006735830785e-01
74.3606 1.560953880524606208e-01
74.3689 1.560681899708815101e-01
74.3772 1.560410064144084341e-01
74.3855 1.560138373694924530e-01
74.3938 1.559866828228869684e-01
74.4021 1.559595427607702034e-01
74.4104 1.559324171709385309e-01
74.4187 1.559053060391510925e-01
74.427 1.558782093523463363e-01
74.4353 1.558511270960117323e-01
74.4437 1.558240592587119833e-01
74.452 1.557970058262460322e-01
74.4603 1.557699667842773750e-01
74.4686 1.557429421209609033e-01
74.4769 1.557159318232929635e-01
74.4852 1.556889358768203113e-01
74.4935 1.556619542681217105e-01
74.5018 1.556349869848060730e-01
74.5101 1.556080340139082141e-01
74.5184 1.555810953410150521e-01
74.5268 1.555541709540556039e-01
74.5351 1.555272608396562617e-01
74.5434 1.555003649835794421e-01
74.5517 1.554734833742192068e-01
74.56 1.554466159976483075e-01
74.5683 1.554197628406779330e-01
74.5766 1.553929238902740928e-01
74.5849 1.553660991337033892e-01
74.5932 1.553392885582414729e-01
74.6015 1.553124921488470145e-01
74.6099 1.552857098949963766e-01
74.6182 1.552589417823942441e-01
74.6265 1.552321877974826292e-01
74.6348 1.552054479287473532e-01
74.6431 1.551787221614869539e-01
74.6514 1.551520104846413062e-01
74.6597 1.551253128836737327e-01
74.668 1.550986293460903942e-01
74.6763 1.550719598589712089e-01
74.6846 1.550453044108564549e-01
74.693 1.550186629865228649e-01
74.7013 1.549920355736593702e-01
74.7096 1.549654221599634507e-01
74.7179 1.549388227324170197e-01
74.7262 1.549122372791705005e-01
74.7345 1.548856657854853214e-01
74.7428 1.548591082390963491e-01
74.7511 1.548325646284714474e-01
74.7594 1.548060349399147384e-01
74.7677 1.547795191610433219e-01
74.7761 1.547530172771676149e-01
74.7844 1.547265292776605627e-01
74.7927 1.547000551501663268e-01
74.801 1.546735948810367134e-01
74.8093 1.546471484564884979e-01
74.8176 1.546207158656403846e-01
74.8259 1.545942970957395191e-01
74.8342 1.545678921327418576e-01
74.8425 1.545415009642031046e-01
74.8508 1.545151235786988708e-01
74.8591 1.544887599630800634e-01
74.8675 1.544624101046402631e-01
74.8758 1.544360739912598590e-01
74.8841 1.544097516086630761e-01
74.8924 1.543834429463363245e-01
74.9007 1.543571479910322009e-01
74.909 1.543308667305229864e-01
74.9173 1.543045991505709036e-01
74.9256 1.542783452411292389e-01
74.9339 1.542521049881230011e-01
74.9422 1.542258783793606369e-01
74.9506 1.541996654036678904e-01
74.9589 1.541734660469976925e-01
74.9672 1.541472802966095956e-01
74.9755 1.541211081407801997e-01
74.9838 1.540949495682259751e-01
74.9921 1.540688045656571359e-01
75.0004 1.540426731193619558e-01
75.0087 1.540165552192347131e-01
75.017 1.539904508520129334e-01
75.0253 1.539643600044440508e-01
75.0337 1.539382826651536640e-01
75.042 1.539122188217698084e-01
75.0503 1.538861684617853220e-01
75.0586 1.538601315738518382e-01
75.0669 1.538341081443308778e-01
75.0752 1.538080981616043730e-01
75.0835 1.537821016133446295e-01
75.0918 1.537561184865156028e-01
75.1001 1.537301487711037196e-01
75.1084 1.537041924530858916e-01
75.1168 1.536782495206002741e-01
75.1251 1.536523199615074942e-01
75.1334 1.536264037635329260e-01
75.1417 1.536005009151280298e-01
75.15 1.535746114038921972e-01
75.1583 1.535487352165747776e-01
75.1666 1.535228723439449328e-01
75.1749 1.534970227710504564e-01
75.1832 1.534711864862429165e-01
75.1915 1.534453634785981346e-01
75.1999 1.534195537354821059e-01
75.2082 1.533937572451289644e-01
75.2165 1.533679739946364473e-01
75.2248 1.533422039735433673e-01
75.2331 1.533164471681069674e-01
75.2414 1.532907035677397167e-01
75.2497 1.532649731598607068e-01
75.258 1.532392559318982161e-01
75.2663 1.532135518730037005e-01
75.2746 1.531878609709085293e-01
75.283 1.531621832127811333e-01
75.2913 1.531365185890835034e-01
75.2996 1.531108670854309795e-01
75.3079 1.530852286901610848e-01
75.3162 1.530596033940447298e-01
75.3245 1.530339911825820132e-01
75.3328 1.530083920437080025e-01
75.3411 1.529828059666495377e-01
75.3494 1.529572329402134334e-01
75.3577 1.529316729522171014e-01
75.366 1.529061259900592329e-01
75.3744 1.528805920422872666e-01
75.3827 1.528550710978841265e-01
75.391 1.528295631441320968e-01
75.3993 1.528040681690341906e-01
75.4076 1.527785861625949593e-01
75.4159 1.527531171125490195e-01
75.4242 1.527276610059287443e-01
75.4325 1.527022178310559475e-01
75.4408 1.526767875778251293e-01
75.4491 1.526513702341474876e-01
75.4575 1.526259657875165265e-01
75.4658 1.526005742268559395e-01
75.4741 1.525751955403870930e-01
75.4824 1.525498297173336903e-01
75.4907 1.525244767456495620e-01
75.499 1.524991366117351699e-01
75.5073 1.524738093064014754e-01
75.5156 1.524484948184787192e-01
75.5239 1.524231931356702929e-01
75.5322 1.523979042449792320e-01
75.5406 1.523726281362545176e-01
75.5489 1.523473647989266322e-01
75.5572 1.523221142188899979e-01
75.5655 1.522968763872930287e-01
75.5738 1.522716512914646103e-01
75.5821 1.522464389201594048e-01
75.5904 1.522212392617152965e-01
75.5987 1.521960523041953062e-01
75.607 1.521708780376531955e-01
75.6153 1.521457164507340476e-01
75.6237 1.521205675303933524e-01
75.632 1.520954312660008079e-01
75.6403 1.520703076463683079e-01
75.6486 1.520451966598913018e-01
75.6569 1.520200982948322899e-01
75.6652 1.519950125415823194e-01
75.6735 1.519699393877129712e-01
75.6818 1.519448788212285628e-01
75.6901 1.519198308302834866e-01
75.6984 1.518947954069948814e-01
75.7068 1.518697725381198405e-01
75.7151 1.518447622104249772e-01
75.7234 1.518197644157679160e-01
75.7317 1.517947791405080959e-01
75.74 1.517698063751065918e-01
75.7483 1.517448461087615441e-01
75.7566 1.517198983287045833e-01
75.7649 1.516949630235865931e-01
75.7732 1.516700401827713873e-01
75.7815 1.516451297964756251e-01
75.7899 1.516202318526687354e-01
75.7982 1.515953463398923562e-01
75.8065 1.515704732475412486e-01
75.8148 1.515456125627649142e-01
75.8231 1.515207642769453855e-01
75.8314 1.514959283771075693e-01
75.8397 1.514711048533816384e-01
75.848 1.514462936946383009e-01
75.8563 1.514214948894751778e-01
75.8646 1.513967084260761653e-01
75.8729 1.513719342954454594e-01
75.8813 1.513471724849387856e-01
75.8896 1.513224229841698409e-01
75.8979 1.512976857820569065e-01
75.9062 1.512729608671050385e-01
75.9145 1.512482482290913310e-01
75.9228 1.512235478563960234e-01
75.9311 1.511988597393730260e-01
75.9394 1.511741838658568482e-01
75.9477 1.511495202249536762e-01
75.956 1.511248688073203450e-01
75.9644 1.511002295998336575e-01
75.9727 1.510756025933060187e-01
75.981 1.510509877757526542e-01
75.9893 1.510263851371593524e-01
75.9976 1.510017946662580435e-01
76.0059 1.509772163524891464e-01
76.0142 1.509526501848805768e-01
76.0225 1.509280961523276343e-01
76.0308 1.509035542444340794e-01
76.0391 1.508790244506705847e-01
76.0475 1.508545067600958745e-01
76.0558 1.508300011612166147e-01
76.0641 1.508055076445062870e-01
76.0724 1.507810261984868505e-01
76.0807 1.507565568125276423e-01
76.089 1.507320994765645739e-01
76.0973 1.507076541781650347e-01
76.1056 1.506832209079791152e-01
76.1139 1.506587996561048748e-01
76.1222 1.506343904101332953e-01
76.1306 1.506099931608758657e-01
76.1389 1.505856078970565504e-01
76.1472 1.505612346075469732e-01
76.1555 1.505368732823429700e-01
76.1638 1.505125239111685109e-01
76.1721 1.504881864824994253e-01
76.1804 1.504638609864933640e-01
76.1887 1.504395474130358346e-01
76.197 1.504152457492320960e-01
76.2053 1.503909559874919699e-01
76.2137 1.503666781161902555e-01
76.222 1.503424121242670497e-01
76.2303 1.503181580016454688e-01
76.2386 1.502939157378377633e-01
76.2469 1.502696853225031492e-01
76.2552 1.502454667440552560e-01
76.2635 1.502212599928645087e-01
76.2718 1.501970650602813817e-01
76.2801 1.501728819327948772e-01
76.2884 1.501487106021875129e-01
76.2968 1.501245510566331376e-01
76.3051 1.501004032858428150e-01
76.3134 1.500762672805079079e-01
76.3217 1.500521430296587189e-01
76.33 1.500280305230283773e-01
76.3383 1.500039297496623958e-01
76.3466 1.499798407001418921e-01
76.3549 1.499557633632495612e-01
76.3632 1.499316977288868147e-01
76.3715 1.499076437875168089e-01
76.3798 1.498836015279451372e-01
76.3882 1.498595709407880006e-01
76.3965 1.498355520144499520e-01
76.4048 1.498115447394230693e-01
76.4131 1.497875491063449249e-01
76.4214 1.497635651029493864e-01
76.4297 1.497395927205815158e-01
76.438 1.497156319482375597e-01
76.4463 1.496916827761681501e-01
76.4546 1.496677451944918302e-01
76.4629 1.496438191920889116e-01
76.4713 1.496199047593695097e-01
76.4796 1.495960018857823703e-01
76.4879 1.495721105627199066e-01
76.4962 1.495482307775701514e-01
76.5045 1.495243625207721139e-01
76.5128 1.495005057836010232e-01
76.5211 1.494766605554028460e-01
76.5294 1.494528268260843229e-01
76.5377 1.494290045850064641e-01
76.546 1.494051938223668330e-01
76.5544 1.493813945276790678e-01
76.5627 1.493576066915691114e-01
76.571 1.493338303041170101e-01
76.5793 1.493100653544441603e-01
76.5876 1.492863118336109907e-01
76.5959 1.492625697311670274e-01
76.6042 1.492388390359794814e-01
76.6125 1.492151197395436002e-01
76.6208 1.491914118319815075e-01
76.6291 1.491677153028714009e-01
76.6375 1.491440301416608050e-01
76.6458 1.491203563376673757e-01
76.6541 1.490966938837970657e-01
76.6624 1.490730427688295168e-01
76.6707 1.490494029814148080e-01
76.679 1.490257745122760269e-01
76.6873 1.490021573526928989e-01
76.6956 1.489785514925754950e-01
76.7039 1.489549569214281555e-01
76.7122 1.489313736294506640e-01
76.7206 1.489078016065743804e-01
76.7289 1.488842408427380748e-01
76.7372 1.488606913302238099e-01
76.7455 1.488371530563724621e-01
76.7538 1.488136260133419708e-01
76.7621 1.487901101899997136e-01
76.7704 1.487666055776924734e-01
76.7787 1.487431121668119360e-01
76.787 1.487196299450116721e-01
76.7953 1.486961589055803556e-01
76.8037 1.486726990387925995e-01
76.812 1.486492503332842163e-01
76.8203 1.486258127787959404e-01
76.8286 1.486023863672698286e-01
76.8369 1.485789710884598547e-01
76.8452 1.485555669322645711e-01
76.8535 1.485321738902337096e-01
76.8618 1.485087919513202737e-01
76.8701 1.484854211062653362e-01
76.8784 1.484620613455428784e-01
76.8867 1.484387126604548302e-01
76.8951 1.484153750401190353e-01
76.9034 1.483920484739353340e-01
76.9117 1.483687329545940181e-01
76.92 1.483454284715077787e-01
76.9283 1.483221350153276774e-01
76.9366 1.482988525764376841e-01
76.9449 1.482755811442718341e-01
76.9532 1.482523207108682739e-01
76.9615 1.482290712658110854e-01
76.9698 1.482058327999213887e-01
76.9782 1.481826053029337842e-01
76.9865 1.481593887663656406e-01
76.9948 1.481361831801016604e-01
77.0031 1.481129885344433239e-01
77.0114 1.480898048205176731e-01
77.0197 1.480666320283665072e-01
77.028 1.480434701487206017e-01
77.0363 1.480203191732718249e-01
77.0446 1.479971790897639250e-01
77.0529 1.479740498909929702e-01
77.0613 1.479509315674431835e-01
77.0696 1.479278241091965540e-01
77.0779 1.479047275074318879e-01
77.0862 1.478816417518361848e-01
77.0945 1.478585668329205627e-01
77.1028 1.478355027427003532e-01
77.1111 1.478124494710185421e-01
77.1194 1.477894070077254429e-01
77.1277 1.477663753448554274e-01
77.136 1.477433544728157244e-01
77.1444 1.477203443813407957e-01
77.1527 1.476973450623473016e-01
77.161 1.476743565053111051e-01
77.1693 1.476513787014820944e-01
77.1776 1.476284116430671978e-01
77.1859 1.476054553186111062e-01
77.1942 1.475825097185681500e-01
77.2025 1.475595748359790627e-01
77.2108 1.475366506610384654e-01
77.2191 1.475137371832693500e-01
77.2275 1.474908343932877508e-01
77.2358 1.474679422833440612e-01
77.2441 1.474450608442020583e-01
77.2524 1.474221900662252283e-01
77.2607 1.473993299397837742e-01
77.269 1.473764804559323793e-01
77.2773 1.473536416049190390e-01
77.2856 1.473308133786243035e-01
77.2939 1.473079957682569552e-01
77.3022 1.472851887636777435e-01
77.3106 1.472623923558377956e-01
77.3189 1.472396065361004092e-01
77.3272 1.472168312971886550e-01
77.3355 1.471940666254704932e-01
77.3438 1.471713125140883260e-01
77.3521 1.471485689561888577e-01
77.3604 1.471258359399201798e-01
77.3687 1.471031134574947441e-01
77.377 1.470804014989676445e-01
77.3853 1.470577000564281256e-01
77.3936 1.470350091203495024e-01
77.402 1.470123286818871278e-01
77.4103 1.469896587308520408e-01
77.4186 1.469669992598981179e-01
77.4269 1.469443502600640550e-01
77.4352 1.469217117210451229e-01
77.4435 1.468990836348380014e-01
77.4518 1.468764659915560988e-01
77.4601 1.468538587838824627e-01
77.4684 1.468312620012686975e-01
77.4767 1.468086756357354916e-01
77.4851 1.467860996787698769e-01
77.4934 1.467635341193041509e-01
77.5017 1.467409789503207329e-01
77.51 1.467184341641331879e-01
77.5183 1.466958997488852223e-01
77.5266 1.466733756973072067e-01
77.5349 1.466508620006536368e-01
77.5432 1.466283586495119584e-01
77.5515 1.466058656359565948e-01
77.5598 1.465833829501838603e-01
77.5682 1.465609105834729808e-01
77.5765 1.465384485276472470e-01
77.5848 1.465159967741321012e-01
77.5931 1.464935553122083400e-01
77.6014 1.464711241351960569e-01
77.6097 1.464487032342699224e-01
77.618 1.464262925992675379e-01
77.6263 1.464038922217796856e-01
77.6346 1.463815020946112877e-01
77.6429 1.463591222074845932e-01
77.6513 1.463367525520079260e-01
77.6596 1.463143931196616843e-01
77.6679 1.462920439005900852e-01
77.6762 1.462697048884320783e-01
77.6845 1.462473760732097283e-01
77.6928 1.462250574456228080e-01
77.7011 1.462027489977177630e-01
77.7094 1.461804507206088122e-01
77.7177 1.461581626068896300e-01
77.726 1.461358846466142003e-01
77.7344 1.461136168313164341e-01
77.7427 1.460913591520008048e-01
77.751 1.460691116006148094e-01
77.7593 1.460468741687103722e-01
77.7676 1.460246468470418613e-01
77.7759 1.460024296283774781e-01
77.7842 1.459802225028145051e-01
77.7925 1.459580254619290141e-01
77.8008 1.459358384973020173e-01
77.8091 1.459136616015906107e-01
77.8175 1.458914947650504501e-01
77.8258 1.458693379776776489e-01
77.8341 1.458471912338829835e-01
77.8424 1.458250545240746820e-01
77.8507 1.458029278386672178e-01
77.859 1.457808111706188625e-01
77.8673 1.457587045114237534e-01
77.8756 1.457366078519154173e-01
77.8839 1.457145211833334175e-01
77.8922 1.456924444975909172e-01
77.9005 1.456703777872728478e-01
77.9089 1.456483210428363984e-01
77.9172 1.456262742552782430e-01
77.9255 1.456042374172011045e-01
77.9338 1.455822105205459294e-01
77.9421 1.455601935563272387e-01
77.9504 1.455381865166307520e-01
77.9587 1.455161893907519488e-01
77.967 1.454942021733185153e-01
77.9753 1.454722248553683150e-01
77.9836 1.454502574271465121e-01
77.992 1.454282998820987938e-01
78.0003 1.454063522111472551e-01
78.0086 1.453844144045560727e-01
78.0169 1.453624864555208007e-01
78.0252 1.453405683563115114e-01
78.0335 1.453186600973424281e-01
78.0418 1.452967616711610399e-01
78.0501 1.452748730684594869e-01
78.0584 1.452529942820621200e-01
78.0667 1.452311253038679750e-01
78.0751 1.452092661239236249e-01
78.0834 1.451874167352022460e-01
78.0917 1.451655771300187359e-01
78.1 1.451437472993659383e-01
78.1083 1.451219272347741007e-01
78.1166 1.451001169289724002e-01
78.1249 1.450783163728391612e-01
78.1332 1.450565255577889179e-01
78.1415 1.450347444782908446e-01
78.1498 1.450129731233843478e-01
78.1582 1.449912114843694977e-01
78.1665 1.449694595559954946e-01
78.1748 1.449477173294399235e-01
78.1831 1.449259847949593005e-01
78.1914 1.449042619444059210e-01
78.1997 1.448825487713576166e-01
78.208 1.448608452658245449e-01
78.2163 1.448391514217919063e-01
78.2246 1.448174672308687183e-01
78.2329 1.447957926817603491e-01
78.2413 1.447741277704517604e-01
78.2496 1.447524724884358127e-01
78.2579 1.447308268243046869e-01
78.2662 1.447091907723392357e-01
78.2745 1.446875643253715538e-01
78.2828 1.446659474737288509e-01
78.2911 1.446443402095942132e-01
78.2994 1.446227425254194843e-01
78.3077 1.446011544141900529e-01
78.316 1.445795758673122378e-01
78.3244 1.445580068742199631e-01
78.3327 1.445364474301574498e-01
78.341 1.445148975256252688e-01
78.3493 1.444933571527121652e-01
78.3576 1.444718263053580143e-01
78.3659 1.444503049724988053e-01
78.3742 1.444287931480852383e-01
78.3825 1.444072908244909137e-01
78.3908 1.443857979926465029e-01
78.3991 1.443643146455950710e-01
78.4074 1.443428407741471631e-01
78.4158 1.443213763721462040e-01
78.4241 1.442999214302821687e-01
78.4324 1.442784759404351358e-01
78.4407 1.442570398976478208e-01
78.449 1.442356132899961785e-01
78.4573 1.442141961126646443e-01
78.4656 1.441927883568968338e-01
78.4739 1.441713900127603032e-01
78.4822 1.441500010749276472e-01
78.4905 1.441286215361049505e-01
78.4989 1.441072513871640703e-01
78.5072 1.440858906187210964e-01
78.5155 1.440645392265182678e-01
78.5238 1.440431972014441231e-01
78.5321 1.440218645336064363e-01
78.5404 1.440005412169244881e-01
78.5487 1.439792272441410004e-01
78.557 1.439579226074791662e-01
78.5653 1.439366272982496031e-01
78.5736 1.439153413086866617e-01
78.582 1.438940646319473715e-01
78.5903 1.438727972588348392e-01
78.5986 1.438515391836955870e-01
78.6069 1.438302903981293901e-01
78.6152 1.438090508934799505e-01
78.6235 1.437878206625370914e-01
78.6318 1.437665996969175186e-01
78.6401 1.437453879919078914e-01
78.6484 1.437241855378259270e-01
78.6567 1.437029923246038732e-01
78.6651 1.436818083476739949e-01
78.6734 1.436606335984177418e-01
78.6817 1.436394680704450866e-01
78.69 1.436183117546254440e-01
78.6983 1.435971646435334481e-01
78.7066 1.435760267297487569e-01
78.7149 1.435548980067702651e-01
78.7232 1.435337784652284399e-01
78.7315 1.435126680978492386e-01
78.7398 1.434915668987992721e-01
78.7482 1.434704748583340017e-01
78.7565 1.434493919694556918e-01
78.7648 1.434283182255626510e-01
78.7731 1.434072536181012769e-01
78.7814 1.433861981400886554e-01
78.7897 1.433651517848072710e-01
78.798 1.433441145420249752e-01
78.8063 1.433230864072506106e-01
78.8146 1.433020673716963456e-01
78.8229 1.432810574271015103e-01
78.8313 1.432600565671646731e-01
78.8396 1.432390647840259268e-01
78.8479 1.432180820700913459e-01
78.8562 1.431971084176419662e-01
78.8645 1.431761438205253756e-01
78.8728 1.431551882699916289e-01
78.8811 1.431342417587274651e-01
78.8894 1.431133042796846333e-01
78.8977 1.430923758245195854e-01
78.906 1.430714563874941891e-01
78.9143 1.430505459607947227e-01
78.9227 1.430296445351837142e-01
78.931 1.430087521045477483e-01
78.9393 1.429878686623876627e-01
78.9476 1.429669942006506766e-01
78.9559 1.429461287114192902e-01
78.9642 1.429252721873005560e-01
78.9725 1.429044246223340753e-01
78.9808 1.428835860075793052e-01
78.9891 1.428627563357882102e-01
78.9974 1.428419356015332431e-01
79.0058 1.428211237949820189e-01
79.0141 1.428003209105869198e-01
79.0224 1.427795269406005041e-01
79.0307 1.427587418761147309e-01
79.039 1.427379657128912405e-01
79.0473 1.427171984412545502e-01
79.0556 1.426964400547731660e-01
79.0639 1.426756905462431835e-01
79.0722 1.426549499079478867e-01
79.0805 1.426342181345050253e-01
79.0889 1.426134952145843571e-01
79.0972 1.425927811443664373e-01
79.1055 1.425720759177058761e-01
79.1138 1.425513795231602432e-01
79.1221 1.425306919557589591e-01
79.1304 1.425100132091128013e-01
79.1387 1.424893432755445222e-01
79.147 1.424686821469947906e-01
79.1553 1.424480298165720915e-01
79.1636 1.424273862781645084e-01
79.172 1.424067515228236158e-01
79.1803 1.423861255448344576e-01
79.1886 1.423655083374531505e-01
79.1969 1.423448998914889907e-01
79.2052 1.423243002002086421e-01
79.2135 1.423037092580441143e-01
79.2218 1.422831270581414453e-01
79.2301 1.422625535906862082e-01
79.2384 1.422419888510265684e-01
79.2467 1.422214328315497267e-01
79.2551 1.422008855233596047e-01
79.2634 1.421803469228477557e-01
79.2717 1.421598170200971678e-01
79.28 1.421392958079019941e-01
79.2883 1.421187832809920337e-01
79.2966 1.420982794315264197e-01
79.3049 1.420777842524418022e-01
79.3132 1.420572977366794942e-01
79.3215 1.420368198770571300e-01
79.3298 1.420163506667828091e-01
79.3382 1.419958900984265027e-01
79.3465 1.419754381654629583e-01
79.3548 1.419549948609857282e-01
79.3631 1.419345601777075583e-01
79.3714 1.419141341087316044e-01
79.3797 1.418937166463950239e-01
79.388 1.418733077850946322e-01
79.3963 1.418529075173053378e-01
79.4046 1.418325158346086523e-01
79.4129 1.418121327321850145e-01
79.4212 1.417917582026519130e-01
79.4296 1.417713922378623648e-01
79.4379 1.417510348321114055e-01
79.4462 1.417306859770055272e-01
79.4545 1.417103456677461237e-01
79.4628 1.416900138963336220e-01
79.4711 1.416696906557990132e-01
79.4794 1.416493759390499152e-01
79.4877 1.416290697392549036e-01
79.496 1.416087720506116199e-01
79.5043 1.415884828650168792e-01
79.5127 1.415682021751412112e-01
79.521 1.415479299759637433e-01
79.5293 1.415276662593958068e-01
79.5376 1.415074110177382272e-01
79.5459 1.414871642467503132e-01
79.5542 1.414669259374627397e-01
79.5625 1.414466960832135578e-01
79.5708 1.414264746790070137e-01
79.5791 1.414062617157611224e-01
79.5874 1.413860571877222083e-01
79.5958 1.413658610878629762e-01
79.6041 1.413456734099270695e-01
79.6124 1.413254941470238890e-01
79.6207 1.413053232902250766e-01
79.629 1.412851608357136024e-01
79.6373 1.412650067775054474e-01
79.6456 1.412448611049000879e-01
79.6539 1.412247238124345050e-01
79.6622 1.412045948961791475e-01
79.6705 1.411844743465970609e-01
79.6789 1.411643621575997265e-01
79.6872 1.411442583236124371e-01
79.6955 1.411241628358785027e-01
79.7038 1.411040756888324310e-01
79.7121 1.410839968753836715e-01
79.7204 1.410639263906113827e-01
79.7287 1.410438642259057018e-01
79.737 1.410238103741902338e-01
79.7453 1.410037648306840807e-01
79.7536 1.409837275875555906e-01
79.762 1.409636986379963763e-01
79.7703 1.409436779754569269e-01
79.7786 1.409236655947906369e-01
79.7869 1.409036614876761628e-01
79.7952 1.408836656466876669e-01
79.8035 1.408636780670728672e-01
79.8118 1.408436987429390053e-01
79.8201 1.408237276649675906e-01
79.8284 1.408037648286726562e-01
79.8367 1.407838102266505687e-01
79.8451 1.407638638520105068e-01
79.8534 1.407439256988818055e-01
79.8617 1.407239957610167402e-01
79.87 1.407040740297615389e-01
79.8783 1.406841605007808083e-01
79.8866 1.406642551668251806e-01
79.8949 1.406443580207770716e-01
79.9032 1.406244690583122459e-01
79.9115 1.406045882702934291e-01
79.9198 1.405847156501238426e-01
79.9281 1.405648511929847022e-01
79.9365 1.405449948925402426e-01
79.9448 1.405251467405597143e-01
79.9531 1.405053067310967352e-01
79.9614 1.404854748587152091e-01
79.9697 1.404656511162108712e-01
79.978 1.404458354967638711e-01
79.9863 1.404260279938120415e-01
79.9946 1.404062286021887096e-01
80.0029 1.403864373149602274e-01
80.0112 1.403666541238072496e-01
80.0196 1.403468790242078101e-01
80.0279 1.403271120111371506e-01
80.0362 1.403073530752784459e-01
80.0445 1.402876022102264586e-01
80.0528 1.402678594108432153e-01
80.0611 1.402481246711100027e-01
80.0694 1.402283979842547934e-01
80.0777 1.402086793430053768e-01
80.086 1.401889687421132291e-01
80.0943 1.401692661741886781e-01
80.1027 1.401495716338651276e-01
80.111 1.401298851145183488e-01
80.1193 1.401102066090244014e-01
80.1276 1.400905361116506487e-01
80.1359 1.400708736159120005e-01
80.1442 1.400512191160837860e-01
80.1525 1.400315726045555376e-01
80.1608 1.400119340757369768e-01
80.1691 1.399923035240416558e-01
80.1774 1.399726809416205198e-01
80.1858 1.399530663236508432e-01
80.1941 1.399334596635510575e-01
80.2024 1.399138609528569333e-01
80.2107 1.398942701882674167e-01
80.219 1.398746873623329945e-01
80.2273 1.398551124683639346e-01
80.2356 1.398355454998004843e-01
80.2439 1.398159864513442430e-01
80.2522 1.397964353171975427e-01
80.2605 1.397768920899334077e-01
80.2689 1.397573567643905501e-01
80.2772 1.397378293331509869e-01
80.2855 1.397183097906846971e-01
80.2938 1.396987981288296821e-01
80.3021 1.396792943447000279e-01
80.3104 1.396597984302674345e-01
80.3187 1.396403103803939838e-01
80.327 1.396208301873115842e-01
80.3353 1.396013578453889348e-01
80.3436 1.395818933487480151e-01
80.352 1.395624366917648240e-01
80.3603 1.395429878668145440e-01
80.3686 1.395235468681565172e-01
80.3769 1.395041136909310475e-01
80.3852 1.394846883274006022e-01
80.3935 1.394652707730890118e-01
80.4018 1.394458610202674864e-01
80.4101 1.394264590634659295e-01
80.4184 1.394070648954655045e-01
80.4267 1.393876785123056017e-01
80.435 1.393682999066501449e-01
80.4434 1.393489290722942087e-01
80.4517 1.393295660031614036e-01
80.46 1.393102106936799367e-01
80.4683 1.392908631372813955e-01
80.4766 1.392715233271522579e-01
80.4849 1.392521912587318389e-01
80.4932 1.392328669249648376e-01
80.5015 1.392135503207981295e-01
80.5098 1.391942414409326756e-01
80.5181 1.391749402748296838e-01
80.5265 1.391556468204448449e-01
80.5348 1.391363610712422205e-01
80.5431 1.391170830201919062e-01
80.5514 1.390978126625131983e-01
80.5597 1.390785499906855016e-01
80.568 1.390592950001851846e-01
80.5763 1.390400476854945500e-01
80.5846 1.390208080371113097e-01
80.5929 1.390015760520192656e-01
80.6012 1.389823517239645312e-01
80.6096 1.389631350469469617e-01
80.6179 1.389439260139737897e-01
80.6262 1.389247246195513541e-01
80.6345 1.389055308581891302e-01
80.6428 1.388863447236539927e-01
80.6511 1.388671662107116844e-01
80.6594 1.388479953118929855e-01
80.6677 1.388288320212255622e-01
80.676 1.388096763349796758e-01
80.6843 1.387905282449519440e-01
80.6927 1.387713877474196222e-01
80.701 1.387522548346851459e-01
80.7093 1.387331295007961651e-01
80.7176 1.387140117400521844e-01
80.7259 1.386949015475020530e-01
80.7342 1.386757989167073102e-01
80.7425 1.386567038414825981e-01
80.7508 1.386376163168872577e-01
80.7591 1.386185363357508304e-01
80.7674 1.385994638921477506e-01
80.7758 1.385803989813973458e-01
80.7841 1.385613415973330209e-01
80.7924 1.385422917335450976e-01
80.8007 1.385232493853629510e-01
80.809 1.385042145458885710e-01
80.8173 1.384851872089717384e-01
80.8256 1.384661673702009821e-01
80.8339 1.384471550224424252e-01
80.8422 1.384281501603009668e-01
80.8505 1.384091527781370345e-01
80.8589 1.383901628693249841e-01
80.8672 1.383711804299657677e-01
80.8755 1.383522054526986900e-01
80.8838 1.383332379328890693e-01
80.8921 1.383142778624427138e-01
80.9004 1.382953252377221165e-01
80.9087 1.382763800531140730e-01
80.917 1.382574423020200005e-01
80.9253 1.382385119788348271e-01
80.9336 1.382195890767211055e-01
80.9419 1.382006735925522534e-01
80.9503 1.381817655180160309e-01
80.9586 1.381628648487575606e-01
80.9669 1.381439715791896727e-01
80.9752 1.381250857027420120e-01
80.9835 1.381062072145756991e-01
80.9918 1.380873361073880201e-01
81.0001 1.380684723778277945e-01
81.0084 1.380496160185999688e-01
81.0167 1.380307670238936080e-01
81.025 1.380119253896278098e-01
81.0334 1.379930911082728473e-01
81.0417 1.379742641750154597e-01
81.05 1.379554445835666221e-01
81.0583 1.379366323296127850e-01
81.0666 1.379178274068721399e-01
81.0749 1.378990298088214883e-01
81.0832 1.378802395311570228e-01
81.0915 1.378614565678552284e-01
81.0998 1.378426809121579832e-01
81.1081 1.378239125590342007e-01
81.1165 1.378051515051776088e-01
81.1248 1.377863977416277641e-01
81.1331 1.377676512633642658e-01
81.1414 1.377489120661076205e-01
81.1497 1.377301801441062346e-01
81.158 1.377114554916122613e-01
81.1663 1.376927381026361030e-01
81.1746 1.376740279721744564e-01
81.1829 1.376553250925260097e-01
81.1912 1.376366294609053242e-01
81.1996 1.376179410710916540e-01
81.2079 1.375992599178501863e-01
81.2162 1.375805859920233576e-01
81.2245 1.375619192925560674e-01
81.2328 1.375432598139781359e-01
81.2411 1.375246075481255104e-01
81.2494 1.375059624900271948e-01
81.2577 1.374873246339798905e-01
81.266 1.374686939750194015e-01
81.2743 1.374500705094097719e-01
81.2827 1.374314542285176577e-01
81.291 1.374128451281245722e-01
81.2993 1.373942432037696948e-01
81.3076 1.373756484487914931e-01
81.3159 1.373570608580016728e-01
81.3242 1.373384804257258007e-01
81.3325 1.373199071465378840e-01
81.3408 1.373013410157493397e-01
81.3491 1.372827820269625076e-01
81.3574 1.372642301745175819e-01
81.3658 1.372456854539808868e-01
81.3741 1.372271478601882477e-01
81.3824 1.372086173860237457e-01
81.3907 1.371900940265753377e-01
81.399 1.371715777779112244e-01
81.4073 1.371530686326827841e-01
81.4156 1.371345665864764918e-01
81.4239 1.371160716346375708e-01
81.4322 1.370975837700733058e-01
81.4405 1.370791029878921652e-01
81.4488 1.370606292834496420e-01
81.4572 1.370421626496649281e-01
81.4655 1.370237030840957548e-01
81.4738 1.370052505784490893e-01
81.4821 1.369868051295571321e-01
81.4904 1.369683667305978403e-01
81.4987 1.369499353767033301e-01
81.507 1.369315110622778553e-01
81.5153 1.369130937824601935e-01
81.5236 1.368946835319050093e-01
81.5319 1.368762803035662723e-01
81.5403 1.368578840947843600e-01
81.5486 1.368394948987635973e-01
81.5569 1.368211127101729152e-01
81.5652 1.368027375246579636e-01
81.5735 1.367843693356777246e-01
81.5818 1.367660081388845372e-01
81.5901 1.367476539277450998e-01
81.5984 1.367293066981614125e-01
81.6067 1.367109664445796957e-01
81.615 1.366926331616928891e-01
81.6234 1.366743068444402631e-01
81.6317 1.366559874855784174e-01
81.64 1.366376750827256459e-01
81.6483 1.366193696303451277e-01
81.6566 1.366010711207190642e-01
81.6649 1.365827795500181019e-01
81.6732 1.365644949136871067e-01
81.6815 1.365462172064461632e-01
81.6898 1.365279464215635175e-01
81.6981 1.365096825549793058e-01
81.7065 1.364914256011816318e-01
81.7148 1.364731755546621794e-01
81.7231 1.364549324118548845e-01
81.7314 1.364366961653191712e-01
81.7397 1.364184668110109966e-01
81.748 1.364002443427090872e-01
81.7563 1.363820287571019807e-01
81.7646 1.363638200479750373e-01
81.7729 1.363456182091176694e-01
81.7812 1.363274232367436278e-01
81.7896 1.363092351253751000e-01
81.7979 1.362910538700218555e-01
81.8062 1.362728794649710473e-01
81.8145 1.362547119049975219e-01
81.8228 1.362365511860880729e-01
81.8311 1.362183973013315341e-01
81.8394 1.362002502472046961e-01
81.8477 1.361821100172871113e-01
81.856 1.361639766075781466e-01
81.8643 1.361458500128721605e-01
81.8727 1.361277302279668977e-01
81.881 1.361096172459735354e-01
81.8893 1.360915110638697967e-01
81.8976 1.360734116762219170e-01
81.9059 1.360553190768759579e-01
81.9142 1.360372332623354108e-01
81.9225 1.360191542266941389e-01
81.9308 1.360010819645322000e-01
81.9391 1.359830164706743172e-01
81.9474 1.359649577406715215e-01
81.9557 1.359469057693548644e-01
81.9641 1.359288605520405091e-01
81.9724 1.359108220833248615e-01
81.9807 1.358927903573264595e-01
81.989 1.358747653691307622e-01
81.9973 1.358567471155113504e-01
82.0056 1.358387355898742765e-01
82.0139 1.358207307873144642e-01
82.0222 1.358027327029299458e-01
82.0305 1.357847413315814433e-01
82.0388 1.357667566681328708e-01
82.0472 1.357487787088942077e-01
82.0555 1.357308074477737714e-01
82.0638 1.357128428794047992e-01
82.0721 1.356948849991451989e-01
82.0804 1.356769338021153182e-01
82.0887 1.356589892836790046e-01
82.097 1.356410514375219478e-01
82.1053 1.356231202599751662e-01
82.1136 1.356051957464116664e-01
82.1219 1.355872778905274079e-01
82.1303 1.355693666877023085e-01
82.1386 1.355514621330792535e-01
82.1469 1.355335642239628158e-01
82.1552 1.355156729521436731e-01
82.1635 1.354977883127747862e-01
82.1718 1.354799103036489760e-01
82.1801 1.354620389177668138e-01
82.1884 1.354441741500507501e-01
82.1967 1.354263159961451857e-01
82.205 1.354084644519365499e-01
82.2134 1.353906195113983302e-01
82.2217 1.353727811706626760e-01
82.23 1.353549494232310080e-01
82.2383 1.353371242647631867e-01
82.2466 1.353193056918786386e-01
82.2549 1.353014936980890537e-01
82.2632 1.352836882785846406e-01
82.2715 1.352658894292761149e-01
82.2798 1.352480971451203717e-01
82.2881 1.352303114208384949e-01
82.2965 1.352125322516330719e-01
82.3048 1.351947596322319034e-01
82.3131 1.351769935587994464e-01
82.3214 1.351592340263083336e-01
82.3297 1.351414810299733371e-01
82.338 1.351237345642959387e-01
82.3463 1.351059946240199539e-01
82.3546 1.350882612043700637e-01
82.3629 1.350705343031984029e-01
82.3712 1.350528139135871719e-01
82.3796 1.350351000295773596e-01
82.3879 1.350173926478369368e-01
82.3962 1.349996917636052673e-01
82.4045 1.349819973716481769e-01
82.4128 1.349643094674497501e-01
82.4211 1.349466280462587042e-01
82.4294 1.349289531033267819e-01
82.4377 1.349112846334324101e-01
82.446 1.348936226323099452e-01
82.4543 1.348759670942680233e-01
82.4626 1.348583180155230876e-01
82.471 1.348406753918180434e-01
82.4793 1.348230392169950109e-01
82.4876 1.348054094868033070e-01
82.4959 1.347877861958057255e-01
82.5042 1.347701693409463497e-01
82.5125 1.347525589172693383e-01
82.5208 1.347349549181580397e-01
82.5291 1.347173573408026181e-01
82.5374 1.346997661788309764e-01
82.5457 1.346821814294382746e-01
82.5541 1.346646030869714239e-01
82.5624 1.346470311462559244e-01
82.5707 1.346294656023580283e-01
82.579 1.346119064527207254e-01
82.5873 1.345943536909914584e-01
82.5956 1.345768073120082453e-01
82.6039 1.345592673120357408e-01
82.6122 1.345417336859179303e-01
82.6205 1.345242064296875706e-01
82.6288 1.345066855362982150e-01
82.6372 1.344891710048705669e-01
82.6455 1.344716628290750227e-01
82.6538 1.344541610028233136e-01
82.6621 1.344366655233474039e-01
82.6704 1.344191763852757016e-01
82.6787 1.344016935832401949e-01
82.687 1.343842171132967056e-01
82.6953 1.343667469717401419e-01
82.7036 1.343492831534479348e-01
82.7119 1.343318256528275301e-01
82.7203 1.343143744647633808e-01
82.7286 1.342969295872174507e-01
82.7369 1.342794910131874242e-01
82.7452 1.342620587396944898e-01
82.7535 1.342446327604527034e-01
82.7618 1.342272130729610380e-01
82.7701 1.342097996707035390e-01
82.7784 1.341923925500032033e-01
82.7867 1.341749917067127651e-01
82.795 1.341575971350349727e-01
82.8034 1.341402088313008722e-01
82.8117 1.341228267913716632e-01
82.82 1.341054510089875196e-01
82.8283 1.340880814804878973e-01
82.8366 1.340707182031579681e-01
82.8449 1.340533611693319749e-01
82.8532 1.340360103755935950e-01
82.8615 1.340186658180569923e-01
82.8698 1.340013274921316999e-01
82.8781 1.339839953937013994e-01
82.8865 1.339666695148828690e-01
82.8948 1.339493498558069762e-01
82.9031 1.339320364107162153e-01
82.9114 1.339147291724445687e-01
82.9197 1.338974281385385823e-01
82.928 1.338801333056050813e-01
82.9363 1.338628446671933370e-01
82.9446 1.338455622182692373e-01
82.9529 1.338282859568591388e-01
82.9612 1.338110158774631353e-01
82.9695 1.337937519736442649e-01
82.9779 1.337764942436716897e-01
82.9862 1.337592426822893921e-01
82.9945 1.337419972842454619e-01
83.0028 1.337247580447605833e-01
83.0111 1.337075249611732186e-01
83.0194 1.336902980287089648e-01
83.0277 1.336730772409537027e-01
83.036 1.336558625947833756e-01
83.0443 1.336386540847294413e-01
83.0526 1.336214517088460396e-01
83.061 1.336042554612004996e-01
83.0693 1.335870653358637306e-01
83.0776 1.335698813304286303e-01
83.0859 1.335527034410821101e-01
83.0942 1.335355316619040722e-01
83.1025 1.335183659881499785e-01
83.1108 1.335012064162501289e-01
83.1191 1.334840529414653698e-01
83.1274 1.334669055592941633e-01
83.1357 1.334497642664083106e-01
83.1441 1.334326290569065321e-01
83.1524 1.334154999267638253e-01
83.1607 1.333983768738302988e-01
83.169 1.333812598905750046e-01
83.1773 1.333641489736834829e-01
83.1856 1.333470441189073818e-01
83.1939 1.333299453224690567e-01
83.2022 1.333128525794236574e-01
83.2105 1.332957658845963789e-01
83.2188 1.332786852363209151e-01
83.2272 1.332616106280251067e-01
83.2355 1.332445420538417580e-01
83.2438 1.332274795142144030e-01
83.2521 1.332104230004777790e-01
83.2604 1.331933725100434840e-01
83.2687 1.331763280389235693e-01
83.277 1.331592895812659105e-01
83.2853 1.331422571337884664e-01
83.2936 1.331252306927451778e-01
83.3019 1.331082102527589572e-01
83.3103 1.330911958105554793e-01
83.3186 1.330741873607636794e-01
83.3269 1.330571848994149264e-01
83.3352 1.330401884234750087e-01
83.3435 1.330231979261835840e-01
83.3518 1.330062134052109046e-01
83.3601 1.329892348556666881e-01
83.3684 1.329722622731291382e-01
83.3767 1.329552956538782582e-01
83.385 1.329383349932646841e-01
83.3934 1.329213802864097627e-01
83.4017 1.329044315312297442e-01
83.41 1.328874887209896827e-01
83.4183 1.328705518515171380e-01
83.4266 1.328536209205032348e-01
83.4349 1.328366959226173205e-01
83.4432 1.328197768534623846e-01
83.4515 1.328028637086439145e-01
83.4598 1.327859564842353013e-01
83.4681 1.327690551763119342e-01
83.4765 1.327521597807197751e-01
83.4848 1.327352702926102301e-01
83.4931 1.327183867082993851e-01
83.5014 1.327015090241047968e-01
83.5097 1.326846372333299329e-01
83.518 1.326677713339229903e-01
83.5263 1.326509113224416669e-01
83.5346 1.326340571933576906e-01
83.5429 1.326172089413789612e-01
83.5512 1.326003665649259089e-01
83.5595 1.325835300582476617e-01
83.5679 1.325666994174506397e-01
83.5762 1.325498746370222802e-01
83.5845 1.325330557160865619e-01
83.5928 1.325162426479773448e-01
83.6011 1.324994354283484110e-01
83.6094 1.324826340537829383e-01
83.6177 1.324658385210970846e-01
83.626 1.324490488241006070e-01
83.6343 1.324322649600779556e-01
83.6426 1.324154869253901246e-01
83.651 1.323987147143181331e-01
83.6593 1.323819483234598415e-01
83.6676 1.323651877496458407e-01
83.6759 1.323484329860104836e-01
83.6842 1.323316840310081732e-01
83.6925 1.323149408810143646e-01
83.7008 1.322982035287103009e-01
83.7091 1.322814719734808075e-01
83.7174 1.322647462091679216e-01
83.7257 1.322480262316961530e-01
83.7341 1.322313120379155493e-01
83.7424 1.322146036226012900e-01
83.7507 1.321979009833005592e-01
83.759 1.321812041145629391e-01
83.7673 1.321645130130175150e-01
83.7756 1.321478276743728031e-01
83.7839 1.321311480938791305e-01
83.7922 1.321144742688644125e-01
83.8005 1.320978061943532400e-01
83.8088 1.320811438656040726e-01
83.8172 1.320644872797214486e-01
83.8255 1.320478364328900589e-01
83.8338 1.320311913201455967e-01
83.8421 1.320145519374479881e-01
83.8504 1.319979182823711183e-01
83.8587 1.319812903483471578e-01
83.867 1.319646681327249216e-01
83.8753 1.319480516314741336e-01
83.8836 1.319314408419471341e-01
83.8919 1.319148357564383367e-01
83.9003 1.318982363736854735e-01
83.9086 1.318816426905876638e-01
83.9169 1.318650547001385120e-01
83.9252 1.318484724006217246e-01
83.9335 1.318318957871052743e-01
83.9418 1.318153248560385293e-01
83.9501 1.317987596031840736e-01
83.9584 1.317822000238478841e-01
83.9667 1.317656461156347658e-01
83.975 1.317490978736259311e-01
83.9834 1.317325552935942889e-01
83.9917 1.317160183713154131e-01
84 1.316994871044026294e-01
84.0083 1.316829614884064137e-01
84.0166 1.316664415175043956e-01
84.0249 1.316499271886291123e-01
84.0332 1.316334184998608214e-01
84.0415 1.316169154456141022e-01
84.0498 1.316004180219112196e-01
84.0581 1.315839262243186925e-01
84.0664 1.315674400488639206e-01
84.0748 1.315509594934086146e-01
84.0831 1.315344845532972207e-01
84.0914 1.315180152227329036e-01
84.0997 1.315015515002705970e-01
84.108 1.314850933812626299e-01
84.1163 1.314686408601493939e-01
84.1246 1.314521939350342394e-01
84.1329 1.314357526017347344e-01
84.1412 1.314193168553853819e-01
84.1495 1.314028866934093820e-01
84.1579 1.313864621102606711e-01
84.1662 1.313700431026816329e-01
84.1745 1.313536296683302795e-01
84.1828 1.313372218021251758e-01
84.1911 1.313208194999016254e-01
84.1994 1.313044227568127553e-01
84.2077 1.312880315707537771e-01
84.216 1.312716459382516354e-01
84.2243 1.312552658533258088e-01
84.2326 1.312388913138776148e-01
84.241 1.312225223148445474e-01
84.2493 1.312061588534476908e-01
84.2576 1.311898009255417497e-01
84.2659 1.311734485265282357e-01
84.2742 1.311571016534068823e-01
84.2825 1.311407603022677060e-01
84.2908 1.311244244694310390e-01
84.2991 1.311080941493973362e-01
84.3074 1.310917693407696039e-01
84.3157 1.310754500380532928e-01
84.3241 1.310591362382614034e-01
84.3324 1.310428279372707339e-01
84.3407 1.310265251316432844e-01
84.349 1.310102278161232869e-01
84.3573 1.309939359895523625e-01
84.3656 1.309776496455423156e-01
84.3739 1.309613687815743277e-01
84.3822 1.309450933942216400e-01
84.3905 1.309288234786960547e-01
84.3988 1.309125590318030163e-01
84.4072 1.308963000489867523e-01
84.4155 1.308800465272844382e-01
84.4238 1.308637984628265583e-01
84.4321 1.308475558517459558e-01
84.4404 1.308313186897240021e-01
84.4487 1.308150869742603639e-01
84.457 1.307988607003600923e-01
84.4653 1.307826398655270728e-01
84.4736 1.307664244645445895e-01
84.4819 1.307502144951475653e-01
84.4903 1.307340099521245580e-01
84.4986 1.307178108318543808e-01
84.5069 1.307016171316246200e-01
84.5152 1.306854288478179749e-01
84.5235 1.306692459754601465e-01
84.5318 1.306530685118450219e-01
84.5401 1.306368964524564635e-01
84.5484 1.306207297941396894e-01
84.5567 1.306045685337416662e-01
84.565 1.305884126658481137e-01
84.5733 1.305722621891213797e-01
84.5817 1.305561170972469598e-01
84.59 1.305399773873077429e-01
84.5983 1.305238430575188791e-01
84.6066 1.305077141015742737e-01
84.6149 1.304915905179193925e-01
84.6232 1.304754723018361207e-01
84.6315 1.304593594490613129e-01
84.6398 1.304432519560124459e-01
84.6481 1.304271498211419800e-01
84.6564 1.304110530383863487e-01
84.6648 1.303949616043955373e-01
84.6731 1.303788755155959045e-01
84.6814 1.303627947697701128e-01
84.6897 1.303467193624454346e-01
84.698 1.303306492891519175e-01
84.7063 1.303145845463249686e-01
84.7146 1.302985251319807025e-01
84.7229 1.302824710405285635e-01
84.7312 1.302664222681851336e-01
84.7395 1.302503788140996210e-01
84.7479 1.302343406717875185e-01
84.7562 1.302183078388241821e-01
84.7645 1.302022803107590332e-01
84.7728 1.301862580840451589e-01
84.7811 1.301702411562636608e-01
84.7894 1.301542295231960522e-01
84.7977 1.301382231819768476e-01
84.806 1.301222221268167611e-01
84.8143 1.301062263562054178e-01
84.8226 1.300902358650337098e-01
84.831 1.300742506513446750e-01
84.8393 1.300582707100341462e-01
84.8476 1.300422960380247239e-01
84.8559 1.300263266322408684e-01
84.8642 1.300103624880356579e-01
84.8725 1.299944036032368300e-01
84.8808 1.299784499729775000e-01
84.8891 1.299625015939660233e-01
84.8974 1.299465584633620607e-01
84.9057 1.299306205765307365e-01
84.9141 1.299146879313092251e-01
84.9224 1.298987605228428266e-01
84.9307 1.298828383480750970e-01
84.939 1.298669214035025887e-01
84.9473 1.298510096845026385e-01
84.9556 1.298351031900435437e-01
84.9639 1.298192019134886410e-01
84.9722 1.298033058531375128e-01
84.9805 1.297874150066180565e-01
84.9888 1.297715293677501602e-01
84.9972 1.297556489346144981e-01
85.0055 1.297397737030528686e-01
85.0138 1.297239036689096237e-01
85.0221 1.297080388304947818e-01
85.0304 1.296921791836565252e-01
85.0387 1.296763247229029692e-01
85.047 1.296604754472211740e-01
85.0553 1.296446313524662886e-01
85.0636 1.296287924349434906e-01
85.0719 1.296129586907366349e-01
85.0802 1.295971301161555345e-01
85.0886 1.295813067095243909e-01
85.0969 1.295654884653683336e-01
85.1052 1.295496753804510071e-01
85.1135 1.295338674528783707e-01
85.1218 1.295180646776300237e-01
85.1301 1.295022670503589712e-01
85.1384 1.294864745705167908e-01
85.1467 1.294706872324205005e-01
85.155 1.294549050321762984e-01
85.1633 1.294391279699098063e-01
85.1717 1.294233560370446068e-01
85.18 1.294075892330406874e-01
85.1883 1.293918275549048591e-01
85.1966 1.293760709978616086e-01
85.2049 1.293603195580304011e-01
85.2132 1.293445732339849608e-01
85.2215 1.293288320220710719e-01
85.2298 1.293130959164086324e-01
85.2381 1.292973649153541793e-01
85.2464 1.292816390150375860e-01
85.2548 1.292659182122593842e-01
85.2631 1.292502025035991986e-01
85.2714 1.292344918860840464e-01
85.2797 1.292187863558524052e-01
85.288 1.292030859083777572e-01
85.2963 1.291873905420284907e-01
85.3046 1.291717002525046010e-01
85.3129 1.291560150368432358e-01
85.3212 1.291403348907491644e-01
85.3295 1.291246598117083144e-01
85.3379 1.291089897965412292e-01
85.3462 1.290933248407371281e-01
85.3545 1.290776649413432620e-01
85.3628 1.290620100949644578e-01
85.3711 1.290463603002061366e-01
85.3794 1.290307155505676928e-01
85.3877 1.290150758437706713e-01
85.396 1.289994411775377825e-01
85.4043 1.289838115460426315e-01
85.4126 1.289681869483435550e-01
85.421 1.289525673808373241e-01
85.4293 1.289369528394793685e-01
85.4376 1.289213433211146842e-01
85.4459 1.289057388210382848e-01
85.4542 1.288901393385378236e-01
85.4625 1.288745448684689432e-01
85.4708 1.288589554067986198e-01
85.4791 1.288433709528189475e-01
85.4874 1.288277915009498065e-01
85.4957 1.288122170480504036e-01
85.5041 1.287966475923101040e-01
85.5124 1.287810831285992053e-01
85.5207 1.287655236544467952e-01
85.529 1.287499691667197410e-01
85.5373 1.287344196620652803e-01
85.5456 1.287188751362484118e-01
85.5539 1.287033355874687701e-01
85.5622 1.286878010110533155e-01
85.5705 1.286722714045418769e-01
85.5788 1.286567467639291029e-01
85.5871 1.286412270863167007e-01
85.5955 1.286257123690292270e-01
85.6038 1.286102026082880656e-01
85.6121 1.285946977998757013e-01
85.6204 1.285791979413432318e-01
85.6287 1.285637030286983229e-01
85.637 1.285482130603783635e-01
85.6453 1.285327280326153399e-01
85.6536 1.285172479400989165e-01
85.6619 1.285017727812723665e-01
85.6702 1.284863025530354752e-01
85.6786 1.284708372520698971e-01
85.6869 1.284553768752793312e-01
85.6952 1.284399214167044889e-01
85.7035 1.284244708763393472e-01
85.7118 1.284090252506527863e-01
85.7201 1.283935845343532334e-01
85.7284 1.283781487256768494e-01
85.7367 1.283627178219792220e-01
85.745 1.283472918181965405e-01
85.7533 1.283318707121290925e-01
85.7617 1.283164545011386271e-01
85.77 1.283010431803879581e-01
85.7783 1.282856367483428683e-01
85.7866 1.282702352008303626e-01
85.7949 1.282548385349999431e-01
85.8032 1.282394467471227040e-01
85.8115 1.282240598339123849e-01
85.8198 1.282086777934027255e-01
85.8281 1.281933006218710647e-01
85.8364 1.281779283142788217e-01
85.8448 1.281625608691050189e-01
85.8531 1.281471982843899460e-01
85.8614 1.281318405544428773e-01
85.8697 1.281164876766495986e-01
85.878 1.281011396492756638e-01
85.8863 1.280857964675150562e-01
85.8946 1.280704581296367717e-01
85.9029 1.280551246312780778e-01
85.9112 1.280397959687373521e-01
85.9195 1.280244721405073838e-01
85.9279 1.280091531420131934e-01
85.9362 1.279938389719696701e-01
85.9445 1.279785296258059146e-01
85.9528 1.279632250993916476e-01
85.9611 1.279479253899140356e-01
85.9694 1.279326304960941851e-01
85.9777 1.279173404138078951e-01
85.986 1.279020551398087624e-01
85.9943 1.278867746710715958e-01
86.0026 1.278714990034785781e-01
86.011 1.278562281344463036e-01
86.0193 1.278409620613924769e-01
86.0276 1.278257007808618617e-01
86.0359 1.278104442900569737e-01
86.0442 1.277951925848705428e-01
86.0525 1.277799456629462593e-01
86.0608 1.277647035210552617e-01
86.0691 1.277494661553148503e-01
86.0774 1.277342335638112225e-01
86.0857 1.277190057433205406e-01
86.094 1.277037826904031947e-01
86.1024 1.276885644009661813e-01
86.1107 1.276733508733205735e-01
86.119 1.276581421038137654e-01
86.1273 1.276429380890140575e-01
86.1356 1.276277388257095469e-01
86.1439 1.276125443126535641e-01
86.1522 1.275973545442384283e-01
86.1605 1.275821695179127080e-01
86.1688 1.275669892322160437e-01
86.1771 1.275518136832917149e-01
86.1855 1.275366428677209285e-01
86.1938 1.275214767816515160e-01
86.2021 1.275063154225404005e-01
86.2104 1.274911587884995090e-01
86.2187 1.274760068748109765e-01
86.227 1.274608596795901716e-01
86.2353 1.274457171992120497e-01
86.2436 1.274305794302717509e-01
86.2519 1.274154463715416186e-01
86.2602 1.274003180170095728e-01
86.2686 1.273851943652341279e-01
86.2769 1.273700754139051317e-01
86.2852 1.273549611594088915e-01
86.2935 1.273398515983517054e-01
86.3018 1.273247467275588907e-01
86.3101 1.273096465423372292e-01
86.3184 1.272945510445130102e-01
86.3267 1.272794602276579035e-01
86.335 1.272643740877362206e-01
86.3433 1.272492926239717770e-01
86.3517 1.272342158327662842e-01
86.36 1.272191437109581602e-01
86.3683 1.272040762534346059e-01
86.3766 1.271890134611605438e-01
86.3849 1.271739553290266445e-01
86.3932 1.271589018532281179e-01
86.4015 1.271438530332146544e-01
86.4098 1.271288088627999524e-01
86.4181 1.271137693412200120e-01
86.4264 1.270987344648941419e-01
86.4348 1.270837042300272113e-01
86.4431 1.270686786352089592e-01
86.4514 1.270536576766477521e-01
86.4597 1.270386413507707257e-01
86.468 1.270236296557391287e-01
86.4763 1.270086225875507457e-01
86.4846 1.269936201439370582e-01
86.4929 1.269786223213326959e-01
86.5012 1.269636291172560327e-01
86.5095 1.269486405281455010e-01
86.5179 1.269336565510905124e-01
86.5262 1.269186771842629735e-01
86.5345 1.269037024245389944e-01
86.5428 1.268887322672836993e-01
86.5511 1.268737667100260647e-01
86.5594 1.268588057509443257e-01
86.5677 1.268438493858419502e-01
86.576 1.268288976137641189e-01
86.5843 1.268139504298701481e-01
86.5926 1.267990078312652980e-01
86.6009 1.267840698152722656e-01
86.6093 1.267691363798626736e-01
86.6176 1.267542075214990460e-01
86.6259 1.267392832362147781e-01
86.6342 1.267243635237117194e-01
86.6425 1.267094483778702652e-01
86.6508 1.266945377964549535e-01
86.6591 1.266796317800334692e-01
86.6674 1.266647303211996811e-01
86.6757 1.266498334177232343e-01
86.684 1.266349410703904721e-01
86.6924 1.266200532720185568e-01
86.7007 1.266051700214583797e-01
86.709 1.265902913169154598e-01
86.7173 1.265754171527219973e-01
86.7256 1.265605475277330194e-01
86.7339 1.265456824397281077e-01
86.7422 1.265308218849824917e-01
86.7505 1.265159658604187720e-01
86.7588 1.265011143616713296e-01
86.7671 1.264862673888920430e-01
86.7755 1.264714249379333411e-01
86.7838 1.264565870055099628e-01
86.7921 1.264417535881236787e-01
86.8004 1.264269246846415340e-01
86.8087 1.264121002917832914e-01
86.817 1.263972804054115384e-01
86.8253 1.263824650233239533e-01
86.8336 1.263676541422461552e-01
86.8419 1.263528477614809520e-01
86.8502 1.263380458747525581e-01
86.8586 1.263232484824397817e-01
86.8669 1.263084555789150132e-01
86.8752 1.262936671624144136e-01
86.8835 1.262788832316040777e-01
86.8918 1.262641037821491952e-01
86.9001 1.262493288110039524e-01
86.9084 1.262345583149099004e-01
86.9167 1.262197922929674809e-01
86.925 1.262050307404214977e-01
86.9333 1.261902736559466220e-01
86.9417 1.261755210352202838e-01
86.95 1.261607728760635039e-01
86.9583 1.261460291767266817e-01
86.9666 1.261312899326789416e-01
86.9749 1.261165551411041197e-01
86.9832 1.261018248011129828e-01
86.9915 1.260870989077527982e-01
86.9998 1.260723774603508263e-01
87.0081 1.260576604535309508e-01
87.0164 1.260429478859819430e-01
87.0248 1.260282397553245115e-01
87.0331 1.260135360572576801e-01
87.0414 1.259988367913285612e-01
87.0497 1.259841419517445105e-01
87.058 1.259694515384826019e-01
87.0663 1.259547655468221117e-01
87.0746 1.259400839737534195e-01
87.0829 1.259254068184028075e-01
87.0912 1.259107340777629036e-01
87.0995 1.258960657475481915e-01
87.1078 1.258814018253955613e-01
87.1162 1.258667423091565096e-01
87.1245 1.258520871954044440e-01
87.1328 1.258374364815674495e-01
87.1411 1.258227901655016023e-01
87.1494 1.258081482439984966e-01
87.1577 1.257935107140647768e-01
87.166 1.257788775720697638e-01
87.1743 1.257642488177928564e-01
87.1826 1.257496244454767431e-01
87.1909 1.257350044544773837e-01
87.1993 1.257203888420224402e-01
87.2076 1.257057776042768971e-01
87.2159 1.256911707397489197e-01
87.2242 1.256765682433306497e-01
87.2325 1.256619701145970935e-01
87.2408 1.256473763501458341e-01
87.2491 1.256327869467891711e-01
87.2574 1.256182019028295183e-01
87.2657 1.256036212146571518e-01
87.274 1.255890448799396319e-01
87.2824 1.255744728946462663e-01
87.2907 1.255599052570853802e-01
87.299 1.255453419666280324e-01
87.3073 1.255307830177616879e-01
87.3156 1.255162284073126910e-01
87.3239 1.255016781340196619e-01
87.3322 1.254871321955605412e-01
87.3405 1.254725905887659476e-01
87.3488 1.254580533111049057e-01
87.3571 1.254435203581388825e-01
87.3655 1.254289917294614809e-01
87.3738 1.254144674214857091e-01
87.3821 1.253999474318988616e-01
87.3904 1.253854317569059185e-01
87.3987 1.253709203935618743e-01
87.407 1.253564133414656889e-01
87.4153 1.253419105966153413e-01
87.4236 1.253274121562820420e-01
87.4319 1.253129180171034807e-01
87.4402 1.252984281778362352e-01
87.4486 1.252839426346976093e-01
87.4569 1.252694613849654193e-01
87.4652 1.252549844267652479e-01
87.4735 1.252405117563199499e-01
87.4818 1.252260433730270628e-01
87.4901 1.252115792722666987e-01
87.4984 1.251971194515360264e-01
87.5067 1.251826639093904237e-01
87.515 1.251682126418501573e-01
87.5233 1.251537656466281678e-01
87.5317 1.251393229212275637e-01
87.54 1.251248844635751423e-01
87.5483 1.251104502701208265e-01
87.5566 1.250960203375277302e-01
87.5649 1.250815946652053257e-01
87.5732 1.250671732504524680e-01
87.5815 1.250527560884596712e-01
87.5898 1.250383431773740284e-01
87.5981 1.250239345149218306e-01
87.6064 1.250095301000959114e-01
87.6147 1.249951299285158718e-01
87.6231 1.249807339955933960e-01
87.6314 1.249663423018015362e-01
87.6397 1.249519548444516931e-01
87.648 1.249375716193819458e-01
87.6563 1.249231926241183843e-01
87.6646 1.249088178572414082e-01
87.6729 1.248944473156476526e-01
87.6812 1.248800809962355013e-01
87.6895 1.248657188959053504e-01
87.6978 1.248513610136638696e-01
87.7062 1.248370073455723483e-01
87.7145 1.248226578897983774e-01
87.7228 1.248083126438793850e-01
87.7311 1.247939716040925157e-01
87.7394 1.247796347686095375e-01
87.7477 1.247653021353929276e-01
87.756 1.247509737007248959e-01
87.7643 1.247366494623609184e-01
87.7726 1.247223294172174063e-01
87.7809 1.247080135645231153e-01
87.7893 1.246937019003568764e-01
87.7976 1.246793944222697459e-01
87.8059 1.246650911290738406e-01
87.8142 1.246507920139146991e-01
87.8225 1.246364970791758731e-01
87.8308 1.246222063209445063e-01
87.8391 1.246079197338418182e-01
87.8474 1.245936373179455797e-01
87.8557 1.245793590712362675e-01
87.864 1.245650849906470570e-01
87.8724 1.245508150712265616e-01
87.8807 1.245365493134755475e-01
87.889 1.245222877132842604e-01
87.8973 1.245080302675930506e-01
87.9056 1.244937769766954055e-01
87.9139 1.244795278352299472e-01
87.9222 1.244652828405608119e-01
87.9305 1.244510419921469879e-01
87.9388 1.244368052865172658e-01
87.9471 1.244225727208305432e-01
87.9555 1.244083442922472582e-01
87.9638 1.243941199983479157e-01
87.9721 1.243798998375510584e-01
87.9804 1.243656838076485777e-01
87.9887 1.243514719045521466e-01
87.997 1.243372641256391686e-01
88.0053 1.243230604701694025e-01
88.0136 1.243088609342686696e-01
88.0219 1.242946655151097590e-01
88.0302 1.242804742113291089e-01
88.0386 1.242662870198932845e-01
88.0469 1.242521039390233339e-01
88.0552 1.242379249654800427e-01
88.0635 1.242237500951913071e-01
88.0718 1.242095793284697242e-01
88.0801 1.241954126622891452e-01
88.0884 1.241812500917480189e-01
88.0967 1.241670916165360516e-01
88.105 1.241529372348831872e-01
88.1133 1.241387869423102863e-01
88.1216 1.241246407364252208e-01
88.13 1.241104986160879303e-01
88.1383 1.240963605782831464e-01
88.1466 1.240822266206228902e-01
88.1549 1.240680967390538625e-01
88.1632 1.240539709341069718e-01
88.1715 1.240398492008988468e-01
88.1798 1.240257315372557956e-01
88.1881 1.240116179416291819e-01
88.1964 1.239975084120554516e-01
88.2047 1.239834029440752411e-01
88.2131 1.239693015357284794e-01
88.2214 1.239552041852636372e-01
88.2297 1.239411108903067660e-01
88.238 1.239270216486927367e-01
88.2463 1.239129364572188891e-01
88.2546 1.238988553128918535e-01
88.2629 1.238847782147981108e-01
88.2712 1.238707051589082175e-01
88.2795 1.238566361436879149e-01
88.2878 1.238425711659420503e-01
88.2962 1.238285102249692404e-01
88.3045 1.238144533175768031e-01
88.3128 1.238004004393295499e-01
88.3211 1.237863515899442907e-01
88.3294 1.237723067674786348e-01
88.3377 1.237582659677091135e-01
88.346 1.237442291878672190e-01
88.3543 1.237301964272589094e-01
88.3626 1.237161676835322188e-01
88.3709 1.237021429541290546e-01
88.3793 1.236881222348353154e-01
88.3876 1.236741055237183251e-01
88.3959 1.236600928198824528e-01
88.4042 1.236460841201538624e-01
88.4125 1.236320794230174464e-01
88.4208 1.236180787246813628e-01
88.4291 1.236040820225983994e-01
88.4374 1.235900893144293577e-01
88.4457 1.235761005990782258e-01
88.454 1.235621158735871750e-01
88.4624 1.235481351343801493e-01
88.4707 1.235341583807779697e-01
88.479 1.235201856096208722e-01
88.4873 1.235062168183709425e-01
88.4956 1.234922520046986827e-01
88.5039 1.234782911660688987e-01
88.5122 1.234643343001550070e-01
88.5205 1.234503814052508031e-01
88.5288 1.234364324786189904e-01
88.5371 1.234224875166973906e-01
88.5455 1.234085465190232489e-01
88.5538 1.233946094824499712e-01
88.5621 1.233806764040397824e-01
88.5704 1.233667472818878730e-01
88.5787 1.233528221132656894e-01
88.587 1.233389008973021367e-01
88.5953 1.233249836298274671e-01
88.6036 1.233110703085297105e-01
88.6119 1.232971609325414913e-01
88.6202 1.232832554976980022e-01
88.6285 1.232693540031340740e-01
88.6369 1.232554564457185309e-01
88.6452 1.232415628229402565e-01
88.6535 1.232276731329070563e-01
88.6618 1.232137873743458512e-01
88.6701 1.231999055424841116e-01
88.6784 1.231860276364634410e-01
88.6867 1.231721536537790235e-01
88.695 1.231582835921335994e-01
88.7033 1.231444174490251980e-01
88.7116 1.231305552215423427e-01
88.72 1.231166969082142654e-01
88.7283 1.231028425069546350e-01
88.7366 1.230889920148555694e-01
88.7449 1.230751454294224112e-01
88.7532 1.230613027495998241e-01
88.7615 1.230474639704301348e-01
88.7698 1.230336290906555857e-01
88.7781 1.230197981108675093e-01
88.7864 1.230059710252912886e-01
88.7947 1.229921478318515143e-01
88.8031 1.229783285301154910e-01
88.8114 1.229645131161623689e-01
88.8197 1.229507015889458182e-01
88.828 1.229368939451637305e-01
88.8363 1.229230901823362559e-01
88.8446 1.229092902996254955e-01
88.8529 1.228954942925034044e-01
88.8612 1.228817021615695171e-01
88.8695 1.228679139022988004e-01
88.8778 1.228541295109891324e-01
88.8862 1.228403489896764816e-01
88.8945 1.228265723338409082e-01
88.9028 1.228127995401938621e-01
88.9111 1.227990306066776838e-01
88.9194 1.227852655326682890e-01
88.9277 1.227715043152908109e-01
88.936 1.227577469504439883e-01
88.9443 1.227439934379167263e-01
88.9526 1.227302437754518027e-01
88.9609 1.227164979587486021e-01
88.9693 1.227027559878028778e-01
88.9776 1.226890178601570125e-01
88.9859 1.226752835719239626e-01
88.9942 1.226615531212626869e-01
89.0025 1.226478265073548124e-01
89.0108 1.226341037263179862e-01
89.0191 1.226203847759061716e-01
89.0274 1.226066696551000174e-01
89.0357 1.225929583616553187e-01
89.044 1.225792508931251995e-01
89.0524 1.225655472450231653e-01
89.0607 1.225518474171509026e-01
89.069 1.225381514084937090e-01
89.0773 1.225244592145696559e-01
89.0856 1.225107708337548756e-01
89.0939 1.224970862642224823e-01
89.1022 1.224834055029232621e-01
89.1105 1.224697285476253339e-01
89.1188 1.224560553979320426e-01
89.1271 1.224423860505941819e-01
89.1354 1.224287205015497232e-01
89.1438 1.224150587506091098e-01
89.1521 1.224014007955460948e-01
89.1604 1.223877466339321485e-01
89.1687 1.223740962615081501e-01
89.177 1.223604496784951173e-01
89.1853 1.223468068824683924e-01
89.1936 1.223331678705976561e-01
89.2019 1.223195326400544486e-01
89.2102 1.223059011904524263e-01
89.2185 1.222922735177450898e-01
89.2269 1.222786496213446178e-01
89.2352 1.222650294963948808e-01
89.2435 1.222514131431233497e-01
89.2518 1.222378005593189043e-01
89.2601 1.222241917413495471e-01
89.2684 1.222105866878197555e-01
89.2767 1.221969853965225172e-01
89.285 1.221833878654549482e-01
89.2933 1.221697940918033687e-01
89.3016 1.221562040733646798e-01
89.31 1.221426178091544468e-01
89.3183 1.221290352959570474e-01
89.3266 1.221154565309644086e-01
89.3349 1.221018815136011015e-01
89.3432 1.220883102404528991e-01
89.3515 1.220747427099324323e-01
89.3598 1.220611789190341745e-01
89.3681 1.220476188675916063e-01
89.3764 1.220340625519934913e-01
89.3847 1.220205099686309663e-01
89.3931 1.220069611179480790e-01
89.4014 1.219934159961358344e-01
89.4097 1.219798746012096674e-01
89.418 1.219663369328056468e-01
89.4263 1.219528029861071533e-01
89.4346 1.219392727609548005e-01
89.4429 1.219257462533449715e-01
89.4512 1.219122234623107870e-01
89.4595 1.218987043858745650e-01
89.4678 1.218851890216552242e-01
89.4762 1.218716773674752563e-01
89.4845 1.218581694209563138e-01
89.4928 1.218446651805297209e-01
89.5011 1.218311646420009303e-01
89.5094 1.218176678054204848e-01
89.5177 1.218041746690206040e-01
89.526 1.217906852292170578e-01
89.5343 1.217771994844468880e-01
89.5426 1.217637174325423566e-01
89.5509 1.217502390707314447e-01
89.5593 1.217367643966473512e-01
89.5676 1.217232934111527748e-01
89.5759 1.217098261090579225e-01
89.5842 1.216963624884032091e-01
89.5925 1.216829025480367921e-01
89.6008 1.216694462853960684e-01
89.6091 1.216559936981215090e-01
89.6174 1.216425447852656078e-01
89.6257 1.216290995440678785e-01
89.634 1.216156579721722752e-01
89.6423 1.216022200670228287e-01
89.6507 1.215887858268704796e-01
89.659 1.215753552499671958e-01
89.6673 1.215619283339618717e-01
89.6756 1.215485050777124210e-01
89.6839 1.215350854770587685e-01
89.6922 1.215216695308614231e-01
89.7005 1.215082572379813514e-01
89.7088 1.214948485948666168e-01
89.7171 1.214814436001793452e-01
89.7254 1.214680422519792274e-01
89.7338 1.214546445473219660e-01
89.7421 1.214412504852746821e-01
89.7504 1.214278600632975186e-01
89.7587 1.214144732782492520e-01
89.767 1.214010901298028106e-01
89.7753 1.213877106144176932e-01
89.7836 1.213743347309651222e-01
89.7919 1.213609624771123524e-01
89.8002 1.213475938499257445e-01
89.8085 1.213342288484802883e-01
89.8169 1.213208674704467915e-01
89.8252 1.213075097134973940e-01
89.8335 1.212941555757067608e-01
89.8418 1.212808050551505840e-01
89.8501 1.212674581487026698e-01
89.8584 1.212541148558446413e-01
89.8667 1.212407751732523381e-01
89.875 1.212274390994070861e-01
89.8833 1.212141066337926038e-01
89.8916 1.212007777710855244e-01
89.9 1.211874525109724460e-01
89.9083 1.211741308531399663e-01
89.9166 1.211608127910687310e-01
89.9249 1.211474983258494370e-01
89.9332 1.211341874567706950e-01
89.9415 1.211208801793197537e-01
89.9498 1.211075764917874664e-01
89.9581 1.210942763920654780e-01
89.9664 1.210809798790464936e-01
89.9747 1.210676869504240666e-01
89.9831 1.210543976034934438e-01
89.9914 1.210411118355512877e-01
89.9997 1.210278296466934661e-01
90.008 1.210145510344182856e-01
90.0163 1.210012759948272537e-01
90.0246 1.209880045274194238e-01
90.0329 1.209747366298968702e-01
90.0412 1.209614722995636105e-01
90.0495 1.209482115355218768e-01
90.0578 1.209349543358761853e-01
90.0662 1.209217006983331066e-01
90.0745 1.209084506188052716e-01
90.0828 1.208952040969973191e-01
90.0911 1.208819611324144505e-01
90.0994 1.208687217211724674e-01
90.1077 1.208554858605857124e-01
90.116 1.208422535499630718e-01
90.1243 1.208290247872188944e-01
90.1326 1.208157995694716519e-01
90.1409 1.208025778958335267e-01
90.1492 1.207893597640229272e-01
90.1576 1.207761451701666183e-01
90.1659 1.207629341155700975e-01
90.1742 1.207497265973573736e-01
90.1825 1.207365226106642958e-01
90.1908 1.207233221558031699e-01
90.1991 1.207101252320909590e-01
90.2074 1.206969318344691539e-01
90.2157 1.206837419620586244e-01
90.224 1.206705556141792757e-01
90.2323 1.206573727879646646e-01
90.2407 1.206441934813449329e-01
90.249 1.206310176918540394e-01
90.2573 1.206178454182194604e-01
90.2656 1.206046766583747654e-01
90.2739 1.205915114110489433e-01
90.2822 1.205783496715960162e-01
90.2905 1.205651914405348607e-01
90.2988 1.205520367154062356e-01
90.3071 1.205388854941491783e-01
90.3154 1.205257377751007691e-01
90.3238 1.205125935548135435e-01
90.3321 1.204994528326190223e-01
90.3404 1.204863156068573943e-01
90.3487 1.204731818750764960e-01
90.357 1.204600516340327415e-01
90.3653 1.204469248834575817e-01
90.3736 1.204338016224878460e-01
90.3819 1.204206818457035921e-01
90.3902 1.204075655532352157e-01
90.3985 1.203944527438261802e-01
90.4069 1.203813434140422883e-01
90.4152 1.203682375632234292e-01
90.4235 1.203551351875423031e-01
90.4318 1.203420362857469811e-01
90.4401 1.203289408587627646e-01
90.4484 1.203158488999959141e-01
90.4567 1.203027604107695658e-01
90.465 1.202896753876587788e-01
90.4733 1.202765938290206033e-01
90.4816 1.202635157336082727e-01
90.49 1.202504410991872830e-01
90.4983 1.202373699227338999e-01
90.5066 1.202243022041900866e-01
90.5149 1.202112379401391595e-01
90.5232 1.201981771271665861e-01
90.5315 1.201851197671918586e-01
90.5398 1.201720658569992994e-01
90.5481 1.201590153929803367e-01
90.5564 1.201459683744893481e-01
90.5647 1.201329247994993715e-01
90.5731 1.201198846655901348e-01
90.5814 1.201068479705399566e-01
90.5897 1.200938147142979334e-01
90.598 1.200807848944466238e-01
90.6063 1.200677585065984543e-01
90.6146 1.200547355503110147e-01
90.6229 1.200417160259302785e-01
90.6312 1.200286999286784284e-01
90.6395 1.200156872579179190e-01
90.6478 1.200026780108447710e-01
90.6561 1.199896721854443321e-01
90.6645 1.199766697824597300e-01
90.6728 1.199636707965304194e-01
90.6811 1.199506752264328374e-01
90.6894 1.199376830729118465e-01
90.6977 1.199246943317925918e-01
90.706 1.199117090018536752e-01
90.7143 1.198987270793173826e-01
90.7226 1.198857485641447868e-01
90.7309 1.198727734560999514e-01
90.7392 1.198598017506220109e-01
90.7476 1.198468334462980678e-01
90.7559 1.198338685417154881e-01
90.7642 1.198209070342839411e-01
90.7725 1.198079489233785516e-01
90.7808 1.197949942068038398e-01
90.7891 1.197820428813832910e-01
90.7974 1.197690949459061932e-01
90.8057 1.197561504001432575e-01
90.814 1.197432092395479403e-01
90.8223 1.197302714636967608e-01
90.8307 1.197173370707934892e-01
90.839 1.197044060588461495e-01
90.8473 1.196914784252761238e-01
90.8556 1.196785541692704791e-01
90.8639 1.196656332890367880e-01
90.8722 1.196527157804312264e-01
90.8805 1.196398016451919039e-01
90.8888 1.196268908795690283e-01
90.8971 1.196139834798155555e-01
90.9054 1.196010794470828836e-01
90.9138 1.195881787786051698e-01
90.9221 1.195752814727926716e-01
90.9304 1.195623875268822245e-01
90.9387 1.195494969383077977e-01
90.947 1.195366097076360212e-01
90.9553 1.195237258315196560e-01
90.9636 1.195108453091567741e-01
90.9719 1.194979681366161867e-01
90.9802 1.194850943134892762e-01
90.9885 1.194722238391714847e-01
90.9969 1.194593567091495057e-01
91.0052 1.194464929230165673e-01
91.0135 1.194336324789984777e-01
91.0218 1.194207753753216972e-01
91.0301 1.194079216098232893e-01
91.0384 1.193950711801459869e-01
91.0467 1.193822240856915046e-01
91.055 1.193693803233234901e-01
91.0633 1.193565398926403759e-01
91.0716 1.193437027905082937e-01
91.08 1.193308690161368896e-01
91.0883 1.193180385667850091e-01
91.0966 1.193052114410787512e-01
91.1049 1.192923876374496067e-01
91.1132 1.192795671539402247e-01
91.1215 1.192667499883991039e-01
91.1298 1.192539361394558545e-01
91.1381 1.192411256049610707e-01
91.1464 1.192283183829616761e-01
91.1547 1.192155144718949206e-01
91.163 1.192027138694202459e-01
91.1714 1.191899165751452577e-01
91.1797 1.191771225867310491e-01
91.188 1.191643319012557906e-01
91.1963 1.191515445177459831e-01
91.2046 1.191387604346443585e-01
91.2129 1.191259796494221063e-01
91.2212 1.191132021611076702e-01
91.2295 1.191004279669798938e-01
91.2378 1.190876570654857275e-01
91.2461 1.190748894562394106e-01
91.2545 1.190621251355508253e-01
91.2628 1.190493641032303179e-01
91.2711 1.190366063563677024e-01
91.2794 1.190238518920549438e-01
91.2877 1.190111007116581993e-01
91.296 1.189983528111055178e-01
91.3043 1.189856081888512329e-01
91.3126 1.189728668431567216e-01
91.3209 1.189601287726719525e-01
91.3292 1.189473939756600096e-01
91.3376 1.189346624499964533e-01
91.3459 1.189219341951101849e-01
91.3542 1.189092092067451090e-01
91.3625 1.188964874847200648e-01
91.3708 1.188837690276902948e-01
91.3791 1.188710538327613225e-01
91.3874 1.188583418985904860e-01
91.3957 1.188456332240298147e-01
91.404 1.188329278058006533e-01
91.4123 1.188202256441131116e-01
91.4207 1.188075267366589388e-01
91.429 1.187948310790017947e-01
91.4373 1.187821386738705243e-01
91.4456 1.187694495174113074e-01
91.4539 1.187567636053854792e-01
91.4622 1.187440809399422925e-01
91.4705 1.187314015181991506e-01
91.4788 1.187187253372756351e-01
91.4871 1.187060523952596092e-01
91.4954 1.186933826921737628e-01
91.5038 1.186807162255270748e-01
91.5121 1.186680529920573768e-01
91.5204 1.186553929929485690e-01
91.5287 1.186427362249400652e-01
91.537 1.186300826851594409e-01
91.5453 1.186174323724743934e-01
91.5536 1.186047852865252522e-01
91.5619 1.185921414250220157e-01
91.5702 1.185795007845175664e-01
91.5785 1.185668633648480769e-01
91.5869 1.185542291644985091e-01
91.5952 1.185415981819549769e-01
91.6035 1.185289704139681349e-01
91.6118 1.185163458590264007e-01
91.6201 1.185037245169687364e-01
91.6284 1.184911063849349439e-01
91.6367 1.184784914606448053e-01
91.645 1.184658797441319883e-01
91.6533 1.184532712323469461e-01
91.6616 1.184406659230127362e-01
91.6699 1.184280638159721927e-01
91.6783 1.184154649095276596e-01
91.6866 1.184028692002492972e-01
91.6949 1.183902766875971346e-01
91.7032 1.183776873698764026e-01
91.7115 1.183651012444311562e-01
91.7198 1.183525183113004614e-01
91.7281 1.183399385674454712e-01
91.7364 1.183273620109829977e-01
91.7447 1.183147886409925131e-01
91.753 1.183022184554001766e-01
91.7614 1.182896514527100318e-01
91.7697 1.182770876316190933e-01
91.778 1.182645269898643242e-01
91.7863 1.182519695242233437e-01
91.7946 1.182394152360856932e-01
91.8029 1.182268641220386302e-01
91.8112 1.182143161790553260e-01
91.8195 1.182017714091024851e-01
91.8278 1.181892298072350078e-01
91.8361 1.181766913721573331e-01
91.8445 1.181641561050689043e-01
91.8528 1.181516240006454110e-01
91.8611 1.181390950583613153e-01
91.8694 1.181265692780745641e-01
91.8777 1.181140466554247564e-01
91.886 1.181015271912302655e-01
91.8943 1.180890108819002693e-01
91.9026 1.180764977269122551e-01
91.9109 1.180639877251690867e-01
91.9192 1.180514808730837167e-01
91.9276 1.180389771695613266e-01
91.9359 1.180264766138904853e-01
91.9442 1.180139792042112640e-01
91.9525 1.180014849388561909e-01
91.9608 1.179889938153930867e-01
91.9691 1.179765058321567694e-01
91.9774 1.179640209882480417e-01
91.9857 1.179515392814292352e-01
91.994 1.179390607104200961e-01
92.0023 1.179265852735586484e-01
92.0107 1.179141129688014433e-01
92.019 1.179016437937238371e-01
92.0273 1.178891777489605303e-01
92.0356 1.178767148315148644e-01
92.0439 1.178642550401115818e-01
92.0522 1.178517983723298274e-01
92.0605 1.178393448263231891e-01
92.0688 1.178268944012009628e-01
92.0771 1.178144470956910134e-01
92.0854 1.178020029071856906e-01
92.0938 1.177895618340331074e-01
92.1021 1.177771238759177941e-01
92.1104 1.177646890302352090e-01
92.1187 1.177522572945728929e-01
92.127 1.177398286684269296e-01
92.1353 1.177274031505307766e-01
92.1436 1.177149807382841251e-01
92.1519 1.177025614296599160e-01
92.1602 1.176901452241569251e-01
92.1685 1.176777321195590503e-01
92.1768 1.176653221144135786e-01
92.1852 1.176529152074589635e-01
92.1935 1.176405113957204318e-01
92.2018 1.176281106781290053e-01
92.2101 1.176157130547582363e-01
92.2184 1.176033185218749860e-01
92.2267 1.175909270786026917e-01
92.235 1.175785387240652208e-01
92.2433 1.175661534552943227e-01
92.2516 1.175537712704647353e-01
92.2599 1.175413921696536468e-01
92.2683 1.175290161504664449e-01
92.2766 1.175166432103197794e-01
92.2849 1.175042733498627562e-01
92.2932 1.174919065644233068e-01
92.3015 1.174795428542718817e-01
92.3098 1.174671822175890334e-01
92.3181 1.174548246535059293e-01
92.3264 1.174424701590653236e-01
92.3347 1.174301187335900082e-01
92.343 1.174177703752640467e-01
92.3514 1.174054250811339267e-01
92.3597 1.173930828503351037e-01
92.368 1.173807436842796842e-01
92.3763 1.173684075781195046e-01
92.3846 1.173560745290955082e-01
92.3929 1.173437445374839599e-01
92.4012 1.173314176024232020e-01
92.4095 1.173190937224833641e-01
92.4178 1.173067728937717547e-01
92.4261 1.172944551158086185e-01
92.4345 1.172821403888718722e-01
92.4428 1.172698287092617392e-01
92.4511 1.172575200747955904e-01
92.4594 1.172452144851854061e-01
92.4677 1.172329119393859115e-01
92.476 1.172206124338919103e-01
92.4843 1.172083159682280329e-01
92.4926 1.171960225419188678e-01
92.5009 1.171837321522193609e-01
92.5092 1.171714447969533085e-01
92.5176 1.171591604750804316e-01
92.5259 1.171468791853717967e-01
92.5342 1.171346009262210358e-01
92.5425 1.171223256954556785e-01
92.5508 1.171100534920382769e-01
92.5591 1.170977843147428116e-01
92.5674 1.170855181617773133e-01
92.5757 1.170732550298399094e-01
92.584 1.170609949182742915e-01
92.5923 1.170487378279346652e-01
92.6007 1.170364837560878835e-01
92.609 1.170242326986816600e-01
92.6173 1.170119846558172888e-01
92.6256 1.169997396270296836e-01
92.6339 1.169874976095904573e-01
92.6422 1.169752586019044416e-01
92.6505 1.169630226020001024e-01
92.6588 1.169507896099808153e-01
92.6671 1.169385596223683904e-01
92.6754 1.169263326387019464e-01
92.6837 1.169141086573902560e-01
92.6921 1.169018876768429388e-01
92.7004 1.168896696956586850e-01
92.7087 1.168774547103656608e-01
92.717 1.168652427225776308e-01
92.7253 1.168530337297655070e-01
92.7336 1.168408277286489272e-01
92.7419 1.168286247180195664e-01
92.7502 1.168164246981747978e-01
92.7585 1.168042276669660484e-01
92.7668 1.167920336216818206e-01
92.7752 1.167798425628089193e-01
92.7835 1.167676544865093452e-01
92.7918 1.167554693913912950e-01
92.8001 1.167432872786947351e-01
92.8084 1.167311081445850940e-01
92.8167 1.167189319869209735e-01
92.825 1.167067588054407357e-01
92.8333 1.166945885995070153e-01
92.8416 1.166824213651026371e-01
92.8499 1.166702571023433832e-01
92.8583 1.166580958100306015e-01
92.8666 1.166459374854649789e-01
92.8749 1.166337821276374753e-01
92.8832 1.166216297347891645e-01
92.8915 1.166094803059122553e-01
92.8998 1.165973338398120229e-01
92.9081 1.165851903341691143e-01
92.9164 1.165730497872280585e-01
92.9247 1.165609121979841456e-01
92.933 1.165487775656204178e-01
92.9414 1.165366458866970434e-01
92.9497 1.165245171607737773e-01
92.958 1.165123913870358685e-01
92.9663 1.165002685631705698e-01
92.9746 1.164881486881772371e-01
92.9829 1.164760317599324579e-01
92.9912 1.164639177770626921e-01
92.9995 1.164518067389436612e-01
93.0078 1.164396986425189212e-01
93.0161 1.164275934875399487e-01
93.0245 1.164154912717007134e-01
93.0328 1.164033919938186612e-01
93.0411 1.163912956521507697e-01
93.0494 1.163792022460766185e-01
93.0577 1.163671117738546007e-01
93.066 1.163550242329965678e-01
93.0743 1.163429396225105217e-01
93.0826 1.163308579415917449e-01
93.0909 1.163187791881283573e-01
93.0992 1.163067033600097833e-01
93.1076 1.162946304564335537e-01
93.1159 1.162825604765975046e-01
93.1242 1.162704934185799371e-01
93.1325 1.162584292797138458e-01
93.1408 1.162463680593861237e-01
93.1491 1.162343097566107125e-01
93.1574 1.162222543698424870e-01
93.1657 1.162102018962318795e-01
93.174 1.161981523346089923e-01
93.1823 1.161861056862277253e-01
93.1906 1.161740619458178359e-01
93.199 1.161620211137027181e-01
93.2073 1.161499831896462970e-01
93.2156 1.161379481698732313e-01
93.2239 1.161259160535905027e-01
93.2322 1.161138868411224351e-01
93.2405 1.161018605279525578e-01
93.2488 1.160898371136623308e-01
93.2571 1.160778165983914895e-01
93.2654 1.160657989791162442e-01
93.2737 1.160537842557912563e-01
93.2821 1.160417724239068277e-01
93.2904 1.160297634852792831e-01
93.2987 1.160177574376326792e-01
93.307 1.160057542775770195e-01
93.3153 1.159937540058135624e-01
93.3236 1.159817566204411760e-01
93.3319 1.159697621203029244e-01
93.3402 1.159577705031278189e-01
93.3485 1.159457817666462581e-01
93.3568 1.159337959110040145e-01
93.3652 1.159218129350470250e-01
93.3735 1.159098328352081569e-01
93.3818 1.158978556118205466e-01
93.3901 1.158858812642887398e-01
93.3984 1.158739097881213015e-01
93.4067 1.158619411838382185e-01
93.415 1.158499754497333001e-01
93.4233 1.158380125844719610e-01
93.4316 1.158260525869060364e-01
93.4399 1.158140954547752927e-01
93.4483 1.158021411869332162e-01
93.4566 1.157901897820482057e-01
93.4649 1.157782412382338255e-01
93.4732 1.157662955547158756e-01
93.4815 1.157543527309058962e-01
93.4898 1.157424127634376909e-01
93.4981 1.157304756507988863e-01
93.5064 1.157185413936989565e-01
93.5147 1.157066099891452954e-01
93.523 1.156946814348870783e-01
93.5314 1.156827557325604272e-01
93.5397 1.156708328786201639e-01
93.548 1.156589128698936597e-01
93.5563 1.156469957083875039e-01
93.5646 1.156350813911151826e-01
93.5729 1.156231699156461679e-01
93.5812 1.156112612826936392e-01
93.5895 1.155993554896435627e-01
93.5978 1.155874525342533016e-01
93.6061 1.155755524174214566e-01
93.6145 1.155636551359829761e-01
93.6228 1.155517606880669956e-01
93.6311 1.155398690734655981e-01
93.6394 1.155279802899400327e-01
93.6477 1.155160943367295884e-01
93.656 1.155042112125198861e-01
93.6643 1.154923309154441968e-01
93.6726 1.154804534440053293e-01
93.6809 1.154685787970760602e-01
93.6892 1.154567069737138796e-01
93.6975 1.154448379707645467e-01
93.7059 1.154329717882091322e-01
93.7142 1.154211084252915048e-01
93.7225 1.154092478790444687e-01
93.7308 1.153973901490820686e-01
93.7391 1.153855352340971002e-01
93.7474 1.153736831309417343e-01
93.7557 1.153618338399682863e-01
93.764 1.153499873602401027e-01
93.7723 1.153381436889800160e-01
93.7806 1.153263028250691852e-01
93.789 1.153144647677569606e-01
93.7973 1.153026295140856666e-01
93.8056 1.152907970655135672e-01
93.8139 1.152789674174291845e-01
93.8222 1.152671405701882479e-01
93.8305 1.152553165230432164e-01
93.8388 1.152434952728570022e-01
93.8471 1.152316768194352609e-01
93.8554 1.152198611611131573e-01
93.8637 1.152080482958598023e-01
93.8721 1.151962382218287562e-01
93.8804 1.151844309404804478e-01
93.8887 1.151726264496016755e-01
93.897 1.151608247445942285e-01
93.9053 1.151490258271030825e-01
93.9136 1.151372296947348745e-01
93.9219 1.151254363463817265e-01
93.9302 1.151136457811200303e-01
93.9385 1.151018579961920613e-01
93.9468 1.150900729912262138e-01
93.9552 1.150782907645668679e-01
93.9635 1.150665113162098047e-01
93.9718 1.150547346426675221e-01
93.9801 1.150429607419212463e-01
93.9884 1.150311896165334968e-01
93.9967 1.150194212619207318e-01
94.005 1.150076556773483027e-01
94.0133 1.149958928618989851e-01
94.0216 1.149841328135572521e-01
94.0299 1.149723755315902735e-01
94.0383 1.149606210143501173e-01
94.0466 1.149488692601900452e-01
94.0549 1.149371202680128379e-01
94.0632 1.149253740369050175e-01
94.0715 1.149136305650386436e-01
94.0798 1.149018898511357661e-01
94.0881 1.148901518931875060e-01
94.0964 1.148784166904658760e-01
94.1047 1.148666842426084994e-01
94.113 1.148549545468777883e-01
94.1214 1.148432276016335962e-01
94.1297 1.148315034068811413e-01
94.138 1.148197819606160131e-01
94.1463 1.148080632606526680e-01
94.1546 1.147963473071799134e-01
94.1629 1.147846340978310731e-01
94.1712 1.147729236320654683e-01
94.1795 1.147612159073357618e-01
94.1878 1.147495109225553783e-01
94.1961 1.147378086782802065e-01
94.2045 1.147261091705056857e-01
94.2128 1.147144123994242176e-01
94.2211 1.147027183634042602e-01
94.2294 1.146910270600863535e-01
94.2377 1.146793384902105167e-01
94.246 1.146676526514183725e-01
94.2543 1.146559695409885282e-01
94.2626 1.146442891600265163e-01
94.2709 1.146326115061764850e-01
94.2792 1.146209365769019911e-01
94.2875 1.146092643725808852e-01
94.2959 1.145975948915883974e-01
94.3042 1.145859281310265820e-01
94.3125 1.145742640916385668e-01
94.3208 1.145626027710738293e-01
94.3291 1.145509441675290341e-01
94.3374 1.145392882819297742e-01
94.3457 1.145276351104730916e-01
94.354 1.145159846511765028e-01
94.3623 1.145043369066028327e-01
94.3706 1.144926918720434172e-01
94.379 1.144810495466084405e-01
94.3873 1.144694099301351575e-01
94.3956 1.144577730208259370e-01
94.4039 1.144461388170656818e-01
94.4122 1.144345073176035038e-01
94.4205 1.144228785211889449e-01
94.4288 1.144112524274799036e-01
94.4371 1.143996290339563821e-01
94.4454 1.143880083379185536e-01
94.4537 1.143763903413849981e-01
94.4621 1.143647750409311215e-01
94.4704 1.143531624360361321e-01
94.4787 1.143415525249101422e-01
94.487 1.143299453063080090e-01
94.4953 1.143183407788040951e-01
94.5036 1.143067389411546869e-01
94.5119 1.142951397922979395e-01
94.5202 1.142835433318970667e-01
94.5285 1.142719495576228622e-01
94.5368 1.142603584656988053e-01
94.5452 1.142487700583258714e-01
94.5535 1.142371843346257215e-01
94.5618 1.142256012910052992e-01
94.5701 1.142140209264074086e-01
94.5784 1.142024432399563333e-01
94.5867 1.141908682315003615e-01
94.595 1.141792958990787976e-01
94.6033 1.141677262392854358e-01
94.6116 1.141561592534172803e-01
94.6199 1.141445949400583942e-01
94.6283 1.141330332963477329e-01
94.6366 1.141214743221367206e-01
94.6449 1.141099180152890802e-01
94.6532 1.140983643767409100e-01
94.6615 1.140868134021893326e-01
94.6698 1.140752650918490513e-01
94.6781 1.140637194455732528e-01
94.6864 1.140521764590628484e-01
94.6947 1.140406361328948903e-01
94.703 1.140290984671043922e-01
94.7114 1.140175634573957070e-01
94.7197 1.140060311045272279e-01
94.728 1.139945014081742841e-01
94.7363 1.139829743642251508e-01
94.7446 1.139714499723572111e-01
94.7529 1.139599282340504199e-01
94.7612 1.139484091437541341e-01
94.7695 1.139368927022286482e-01
94.7778 1.139253789089723079e-01
94.7861 1.139138677611416101e-01
94.7944 1.139023592589567535e-01
94.8028 1.138908534001163847e-01
94.8111 1.138793501835808353e-01
94.8194 1.138678496084910285e-01
94.8277 1.138563516723682667e-01
94.836 1.138448563763345411e-01
94.8443 1.138333637166528134e-01
94.8526 1.138218736928265362e-01
94.8609 1.138103863032799840e-01
94.8692 1.137989015482367555e-01
94.8775 1.137874194248633397e-01
94.8859 1.137759399330245530e-01
94.8942 1.137644630715066163e-01
94.9025 1.137529888369399333e-01
94.9108 1.137415172306284750e-01
94.9191 1.137300482499229853e-01
94.9274 1.137185818936127246e-01
94.9357 1.137071181613853593e-01
94.944 1.136956570500558678e-01
94.9523 1.136841985616471595e-01
94.9606 1.136727426917190087e-01
94.969 1.136612894394231355e-01
94.9773 1.136498388062441578e-01
94.9856 1.136383907893599166e-01
94.9939 1.136269453852326722e-01
95.0022 1.136155025946306990e-01
95.0105 1.136040624172458269e-01
95.0188 1.135926248499014440e-01
95.0271 1.135811898928285324e-01
95.0354 1.135697575441071833e-01
95.0437 1.135583278025352333e-01
95.0521 1.135469006670903475e-01
95.0604 1.135354761362132175e-01
95.0687 1.135240542097781385e-01
95.077 1.135126348855106104e-01
95.0853 1.135012181613165444e-01
95.0936 1.134898040361769778e-01
95.1019 1.134783925106839508e-01
95.1102 1.134669835834607593e-01
95.1185 1.134555772504480808e-01
95.1268 1.134441735131337670e-01
95.1352 1.134327723697855089e-01
95.1435 1.134213738188508402e-01
95.1518 1.134099778589568036e-01
95.1601 1.133985844881950367e-01
95.1684 1.133871937064452468e-01
95.1767 1.133758055126936476e-01
95.185 1.133644199048551016e-01
95.1933 1.133530368819173489e-01
95.2016 1.133416564432257606e-01
95.2099 1.133302785870545365e-01
95.2183 1.133189033122145722e-01
95.2266 1.133075306178741998e-01
95.2349 1.132961605015960632e-01
95.2432 1.132847929629068606e-01
95.2515 1.132734280016903100e-01
95.2598 1.132620656153327521e-01
95.2681 1.132507058030055580e-01
95.2764 1.132393485622755908e-01
95.2847 1.132279938944550091e-01
95.293 1.132166417978245909e-01
95.3013 1.132052922683495638e-01
95.3097 1.131939453082337621e-01
95.318 1.131826009155819240e-01
95.3263 1.131712590865407431e-01
95.3346 1.131599198224236269e-01
95.3429 1.131485831222282384e-01
95.3512 1.131372489835284906e-01
95.3595 1.131259174051457428e-01
95.3678 1.131145883866137708e-01
95.3761 1.131032619271104267e-01
95.3844 1.130919380238573635e-01
95.3928 1.130806166760341819e-01
95.4011 1.130692978840656671e-01
95.4094 1.130579816451758313e-01
95.4177 1.130466679583678608e-01
95.426 1.130353568230011013e-01
95.4343 1.130240482368355670e-01
95.4426 1.130127421995871656e-01
95.4509 1.130014387102610679e-01
95.4592 1.129901377669749740e-01
95.4675 1.129788393698009652e-01
95.4759 1.129675435149047474e-01
95.4842 1.129562502030699439e-01
95.4925 1.129449594338371304e-01
95.5008 1.129336712044398533e-01
95.5091 1.129223855137102134e-01
95.5174 1.129111023615453901e-01
95.5257 1.128998217455365050e-01
95.534 1.128885436657588864e-01
95.5423 1.128772681205146011e-01
95.5506 1.128659951084610980e-01
95.559 1.128547246271931204e-01
95.5673 1.128434566771422259e-01
95.5756 1.128321912574992841e-01
95.5839 1.128209283658610090e-01
95.5922 1.128096680030137300e-01
95.6005 1.127984101649616155e-01
95.6088 1.127871548507214244e-01
95.6171 1.127759020614346186e-01
95.6254 1.127646517950558341e-01
95.6337 1.127534040504255403e-01
95.6421 1.127421588249694073e-01
95.6504 1.127309161178836894e-01
95.6587 1.127196759304875395e-01
95.667 1.127084382602082657e-01
95.6753 1.126972031037675737e-01
95.6836 1.126859704623088126e-01
95.6919 1.126747403327321706e-01
95.7002 1.126635127170646927e-01
95.7085 1.126522876122078992e-01
95.7168 1.126410650155949683e-01
95.7252 1.126298449292532228e-01
95.7335 1.126186273492039008e-01
95.7418 1.126074122751786755e-01
95.7501 1.125961997074388932e-01
95.7584 1.125849896414796575e-01
95.7667 1.125737820791522653e-01
95.775 1.125625770194833009e-01
95.7833 1.125513744592063631e-01
95.7916 1.125401743982321345e-01
95.7999 1.125289768352365355e-01
95.8082 1.125177817685436010e-01
95.8166 1.125065891987700739e-01
95.8249 1.124953991235356360e-01
95.8332 1.124842115415186777e-01
95.8415 1.124730264510459959e-01
95.8498 1.124618438515022772e-01
95.8581 1.124506637433293210e-01
95.8664 1.124394861230939291e-01
95.8747 1.124283109908865985e-01
95.883 1.124171383443329647e-01
95.8913 1.124059681838762842e-01
95.8997 1.123948005081994578e-01
95.908 1.123836353149303274e-01
95.9163 1.123724726031055804e-01
95.9246 1.123613123724658408e-01
95.9329 1.123501546215207453e-01
95.9412 1.123389993489565392e-01
95.9495 1.123278465539875315e-01
95.9578 1.123166962347737219e-01
95.9661 1.123055483915852137e-01
95.9744 1.122944030215285438e-01
95.9828 1.122832601239963091e-01
95.9911 1.122721196987322007e-01
95.9994 1.122609817440753666e-01
96.0077 1.122498462574873790e-01
96.016 1.122387132406453408e-01
96.0243 1.122275826901341228e-01
96.0326 1.122164546049980866e-01
96.0409 1.122053289862120079e-01
96.0492 1.121942058298375650e-01
96.0575 1.121830851366748399e-01
96.0659 1.121719669036650435e-01
96.0742 1.121608511321347257e-01
96.0825 1.121497378209550810e-01
96.0908 1.121386269656672041e-01
96.0991 1.121275185675987829e-01
96.1074 1.121164126263237276e-01
96.1157 1.121053091389636741e-01
96.124 1.120942081059699003e-01
96.1323 1.120831095244657627e-01
96.1406 1.120720133933272161e-01
96.149 1.120609197138821428e-01
96.1573 1.120498284830807739e-01
96.1656 1.120387397006759184e-01
96.1739 1.120276533636200833e-01
96.1822 1.120165694732419975e-01
96.1905 1.120054880287697785e-01
96.1988 1.119944090252347202e-01
96.2071 1.119833324648404071e-01
96.2154 1.119722583455930454e-01
96.2237 1.119611866672477474e-01
96.2321 1.119501174271129024e-01
96.2404 1.119390506247700673e-01
96.2487 1.119279862598011183e-01
96.257 1.119169243295167482e-01
96.2653 1.119058648338494971e-01
96.2736 1.118948077727313639e-01
96.2819 1.118837531431264437e-01
96.2902 1.118727009437459619e-01
96.2985 1.118616511760947146e-01
96.3068 1.118506038376624184e-01
96.3151 1.118395589248935701e-01
96.3235 1.118285164394681175e-01
96.3318 1.118174763813207101e-01
96.3401 1.118064387468978155e-01
96.3484 1.117954035350894881e-01
96.3567 1.117843707467034708e-01
96.365 1.117733403792355584e-01
96.3733 1.117623124312282362e-01
96.3816 1.117512869024448741e-01
96.3899 1.117402637931708687e-01
96.3982 1.117292430995115854e-01
96.4066 1.117182248210572687e-01
96.4149 1.117072089577467869e-01
96.4232 1.116961955076036517e-01
96.4315 1.116851844705673835e-01
96.4398 1.116741758446627569e-01
96.4481 1.116631696287860714e-01
96.4564 1.116521658228774166e-01
96.4647 1.116411644237464557e-01
96.473 1.116301654327259280e-01
96.4813 1.116191688471485921e-01
96.4897 1.116081746666085783e-01
96.498 1.115971828901789337e-01
96.5063 1.115861935144998179e-01
96.5146 1.115752065414264416e-01
96.5229 1.115642219702062399e-01
96.5312 1.115532397967873013e-01
96.5395 1.115422600216351284e-01
96.5478 1.115312826448676686e-01
96.5561 1.115203076626094386e-01
96.5644 1.115093350758477875e-01
96.5728 1.114983648838334396e-01
96.5811 1.114873970842560902e-01
96.5894 1.114764316768882685e-01
96.5977 1.114654686599417799e-01
96.606 1.114545080319758324e-01
96.6143 1.114435497927645791e-01
96.6226 1.114325939413883942e-01
96.6309 1.114216404767549434e-01
96.6392 1.114106893967323209e-01
96.6475 1.113997407019626656e-01
96.6559 1.113887943897953897e-01
96.6642 1.113778504598337271e-01
96.6725 1.113669089106413684e-01
96.6808 1.113559697411296567e-01
96.6891 1.113450329502099628e-01
96.6974 1.113340985383524662e-01
96.7057 1.113231665027381717e-01
96.714 1.113122368424536157e-01
96.7223 1.113013095577964073e-01
96.7306 1.112903846459505214e-01
96.739 1.112794621063496470e-01
96.7473 1.112685419380820828e-01
96.7556 1.112576241404091837e-01
96.7639 1.112467087129385829e-01
96.7722 1.112357956530309333e-01
96.7805 1.112248849601223388e-01
96.7888 1.112139766336488200e-01
96.7971 1.112030706716649470e-01
96.8054 1.111921670734350442e-01
96.8137 1.111812658383968255e-01
96.822 1.111703669666783134e-01
96.8304 1.111594704544374146e-01
96.8387 1.111485763018037198e-01
96.847 1.111376845082164000e-01
96.8553 1.111267950727698184e-01
96.8636 1.111159079936960836e-01
96.8719 1.111050232683660488e-01
96.8802 1.110941408994979285e-01
96.8885 1.110832608842904634e-01
96.8968 1.110723832211510248e-01
96.9051 1.110615079084877194e-01
96.9135 1.110506349460881198e-01
96.9218 1.110397643342567464e-01
96.9301 1.110288960698522787e-01
96.9384 1.110180301519744367e-01
96.9467 1.110071665809288510e-01
96.955 1.109963053551267648e-01
96.9633 1.109854464729801982e-01
96.9716 1.109745899335907310e-01
96.9799 1.109637357355438697e-01
96.9882 1.109528838798349015e-01
96.9966 1.109420343640174500e-01
97.0049 1.109311871858188053e-01
97.0132 1.109203423453750115e-01
97.0215 1.109094998421341766e-01
97.0298 1.108986596743411213e-01
97.0381 1.108878218416168154e-01
97.0464 1.108769863434103109e-01
97.0547 1.108661531760781055e-01
97.063 1.108553223399301735e-01
97.0713 1.108444938359632176e-01
97.0797 1.108336676607078880e-01
97.088 1.108228438134442884e-01
97.0963 1.108120222937961225e-01
97.1046 1.108012031000140674e-01
97.1129 1.107903862329240458e-01
97.1212 1.107795716899194205e-01
97.1295 1.107687594692528255e-01
97.1378 1.107579495715795143e-01
97.1461 1.107471419946383512e-01
97.1544 1.107363367370270690e-01
97.1628 1.107255337999157735e-01
97.1711 1.107147331819022668e-01
97.1794 1.107039348788430716e-01
97.1877 1.106931388922519771e-01
97.196 1.106823452220996179e-01
97.2043 1.106715538644166830e-01
97.2126 1.106607648202030530e-01
97.2209 1.106499780882316680e-01
97.2292 1.106391936679609195e-01
97.2375 1.106284115564528242e-01
97.2459 1.106176317538520304e-01
97.2542 1.106068542604738553e-01
97.2625 1.105960790730403376e-01
97.2708 1.105853061910125751e-01
97.2791 1.105745356143649216e-01
97.2874 1.105637673410194560e-01
97.2957 1.105530013712931886e-01
97.304 1.105422377039640969e-01
97.3123 1.105314763366145175e-01
97.3206 1.105207172683661393e-01
97.3289 1.105099604998787677e-01
97.3373 1.104992060294199829e-01
97.3456 1.104884538549166934e-01
97.3539 1.104777039753217366e-01
97.3622 1.104669563921494846e-01
97.3705 1.104562111028160737e-01
97.3788 1.104454681055925397e-01
97.3871 1.104347273994336076e-01
97.3954 1.104239889843181277e-01
97.4037 1.104132528593718826e-01
97.412 1.104025190221859659e-01
97.4204 1.103917874732520399e-01
97.4287 1.103810582116970807e-01
97.437 1.103703312352847243e-01
97.4453 1.103596065446775798e-01
97.4536 1.103488841364474032e-01
97.4619 1.103381640110872308e-01
97.4702 1.103274461670451650e-01
97.4785 1.103167306024293998e-01
97.4868 1.103060173204585132e-01
97.4951 1.102953063166862563e-01
97.5035 1.102845975892227937e-01
97.5118 1.102738911383923243e-01
97.5201 1.102631869638378420e-01
97.5284 1.102524850646918880e-01
97.5367 1.102417854383861695e-01
97.545 1.102310880845651098e-01
97.5533 1.102203930035536295e-01
97.5616 1.102097001926154035e-01
97.5699 1.101990096517358880e-01
97.5782 1.101883213797105604e-01
97.5866 1.101776353741459047e-01
97.5949 1.101669516362181050e-01
97.6032 1.101562701645540931e-01
97.6115 1.101455909577813003e-01
97.6198 1.101349140140186617e-01
97.6281 1.101242393334236208e-01
97.6364 1.101135669147953328e-01
97.6447 1.101028967564241373e-01
97.653 1.100922288591472814e-01
97.6613 1.100815632198982458e-01
97.6697 1.100708998383269771e-01
97.678 1.100602387142532862e-01
97.6863 1.100495798456310459e-01
97.6946 1.100389232326199618e-01
97.7029 1.100282688740229220e-01
97.7112 1.100176167674569300e-01
97.7195 1.100069669122352017e-01
97.7278 1.099963193090270352e-01
97.7361 1.099856739566372615e-01
97.7444 1.099750308518383790e-01
97.7528 1.099643899958088616e-01
97.7611 1.099537513875245148e-01
97.7694 1.099431150244377930e-01
97.7777 1.099324809068806669e-01
97.786 1.099218490338305793e-01
97.7943 1.099112194037577817e-01
97.8026 1.099005920166562233e-01
97.8109 1.098899668701511095e-01
97.8192 1.098793439632223534e-01
97.8275 1.098687232973871303e-01
97.8358 1.098581048701031682e-01
97.8442 1.098474886774773035e-01
97.8525 1.098368747237323390e-01
97.8608 1.098262630054828853e-01
97.8691 1.098156535205284251e-01
97.8774 1.098050462702177127e-01
97.8857 1.097944412525199698e-01
97.894 1.097838384654055421e-01
97.9023 1.097732379100544720e-01
97.9106 1.097626395847755565e-01
97.9189 1.097520434868656941e-01
97.9273 1.097414496171678355e-01
97.9356 1.097308579743303120e-01
97.9439 1.097202685571709857e-01
97.9522 1.097096813668699683e-01
97.9605 1.096990963992092033e-01
97.9688 1.096885136526714599e-01
97.9771 1.096779331309670341e-01
97.9854 1.096673548287004502e-01
97.9937 1.096567787467159494e-01
98.002 1.096462048851829657e-01
98.0104 1.096356332409007123e-01
98.0187 1.096250638135343042e-01
98.027 1.096144966037595481e-01
98.0353 1.096039316087150106e-01
98.0436 1.095933688268880546e-01
98.0519 1.095828082604705239e-01
98.0602 1.095722499062664057e-01
98.0685 1.095616937620912806e-01
98.0768 1.095511398289591709e-01
98.0851 1.095405881067054721e-01
98.0935 1.095300385923060615e-01
98.1018 1.095194912859339814e-01
98.1101 1.095089461864168917e-01
98.1184 1.094984032927510537e-01
98.1267 1.094878626041013436e-01
98.135 1.094773241196330543e-01
98.1433 1.094667878373355996e-01
98.1516 1.094562537580555800e-01
98.1599 1.094457218797834225e-01
98.1682 1.094351922006784189e-01
98.1766 1.094246647230990993e-01
98.1849 1.094141394421828395e-01
98.1932 1.094036163582737808e-01
98.2015 1.093930954720514770e-01
98.2098 1.093825767811741484e-01
98.2181 1.093720602844759499e-01
98.2264 1.093615459809594431e-01
98.2347 1.093510338708015284e-01
98.243 1.093405239525020722e-01
98.2513 1.093300162250646912e-01
98.2597 1.093195106876611172e-01
98.268 1.093090073389605399e-01
98.2763 1.092985061779682271e-01
98.2846 1.092880072055328056e-01
98.2929 1.092775104178115853e-01
98.3012 1.092670158148166676e-01
98.3095 1.092565233985695189e-01
98.3178 1.092460331632204712e-01
98.3261 1.092355451109593423e-01
98.3344 1.092250592419656274e-01
98.3427 1.092145755520673861e-01
98.3511 1.092040940412783850e-01
98.3594 1.091936147096122522e-01
98.3677 1.091831375564133039e-01
98.376 1.091726625803572243e-01
98.3843 1.091621897797858121e-01
98.3926 1.091517191543794757e-01
98.4009 1.091412507031499224e-01
98.4092 1.091307844246079406e-01
98.4175 1.091203203197716742e-01
98.4258 1.091098583851474596e-01
98.4342 1.090993986205847088e-01
98.4425 1.090889410259326675e-01
98.4508 1.090784856000386049e-01
98.4591 1.090680323420843145e-01
98.4674 1.090575812502504321e-01
98.4757 1.090471323248882185e-01
98.484 1.090366855656811906e-01
98.4923 1.090262409686421491e-01
98.5006 1.090157985344573505e-01
98.5089 1.090053582634788049e-01
98.5173 1.089949201535567458e-01
98.5256 1.089844842037096945e-01
98.5339 1.089740504131234550e-01
98.5422 1.089636187823175284e-01
98.5505 1.089531893088112741e-01
98.5588 1.089427619909586475e-01
98.5671 1.089323368297798883e-01
98.5754 1.089219138236295070e-01
98.5837 1.089114929706963414e-01
98.592 1.089010742711681717e-01
98.6004 1.088906577237345463e-01
98.6087 1.088802433284168925e-01
98.617 1.088698310830733540e-01
98.6253 1.088594209865612616e-01
98.6336 1.088490130387371607e-01
98.6419 1.088386072387918374e-01
98.6502 1.088282035860830138e-01
98.6585 1.088178020779729388e-01
98.6668 1.088074027163147273e-01
98.6751 1.087970054986378138e-01
98.6835 1.087866104231381692e-01
98.6918 1.087762174896742678e-01
98.7001 1.087658266981048200e-01
98.7084 1.087554380467930099e-01
98.7167 1.087450515349338009e-01
98.725 1.087346671628844907e-01
98.7333 1.087242849278478168e-01
98.7416 1.087139048288538329e-01
98.7499 1.087035268669251237e-01
98.7582 1.086931510394322509e-01
98.7666 1.086827773457387097e-01
98.7749 1.086724057863691084e-01
98.7832 1.086620363593600314e-01
98.7915 1.086516690624170500e-01
98.7998 1.086413038965636513e-01
98.8081 1.086309408606670052e-01
98.8164 1.086205799535951561e-01
98.8247 1.086102211755422264e-01
98.833 1.085998645232226778e-01
98.8413 1.085895099974944489e-01
98.8496 1.085791575968960282e-01
98.858 1.085688073199664178e-01
98.8663 1.085584591664048026e-01
98.8746 1.085481131370690244e-01
98.8829 1.085377692296713714e-01
98.8912 1.085274274412632300e-01
98.8995 1.085170877728693917e-01
98.9078 1.085067502236936182e-01
98.9161 1.084964147932711565e-01
98.9244 1.084860814808063512e-01
98.9327 1.084757502835197174e-01
98.9411 1.084654212022707065e-01
98.9494 1.084550942354385178e-01
98.9577 1.084447693823947928e-01
98.966 1.084344466420159164e-01
98.9743 1.084241260136741269e-01
98.9826 1.084138074965771692e-01
98.9909 1.084034910902630933e-01
98.9992 1.083931767931143458e-01
99.0075 1.083828646033489079e-01
99.0158 1.083725545223228059e-01
99.0242 1.083622465477592500e-01
99.0325 1.083519406790334760e-01
99.0408 1.083416369150256575e-01
99.0491 1.083313352557716408e-01
99.0574 1.083210356994923629e-01
99.0657 1.083107382445750028e-01
99.074 1.083004428923754203e-01
99.0823 1.082901496406215996e-01
99.0906 1.082798584875371700e-01
99.0989 1.082695694341487408e-01
99.1073 1.082592824795044623e-01
99.1156 1.082489976208409338e-01
99.1239 1.082387148583611597e-01
99.1322 1.082284341919387272e-01
99.1405 1.082181556206235906e-01
99.1488 1.082078791418198543e-01
99.1571 1.081976047549084580e-01
99.1654 1.081873324620686999e-01
99.1737 1.081770622602122311e-01
99.182 1.081667941469107719e-01
99.1904 1.081565281241790161e-01
99.1987 1.081462641894249954e-01
99.207 1.081360023430180534e-01
99.2153 1.081257425822035045e-01
99.2236 1.081154849073514557e-01
99.2319 1.081052293191605979e-01
99.2402 1.080949758133985666e-01
99.2485 1.080847243912582273e-01
99.2568 1.080744750521239889e-01
99.2651 1.080642277939025397e-01
99.2735 1.080539826166364431e-01
99.2818 1.080437395193832167e-01
99.2901 1.080334985016930122e-01
99.2984 1.080232595618031838e-01
99.3067 1.080130226979518354e-01
99.315 1.080027879123166418e-01
99.3233 1.079925552018231594e-01
99.3316 1.079823245653676878e-01
99.3399 1.079720960038148270e-01
99.3482 1.079618695142571388e-01
99.3565 1.079516450978876135e-01
99.3649 1.079414227522920711e-01
99.3732 1.079312024770242850e-01
99.3815 1.079209842714745904e-01
99.3898 1.079107681347056535e-01
99.3981 1.079005540670912727e-01
99.4064 1.078903420649098693e-01
99.4147 1.078801321290278337e-01
99.423 1.078699242590006324e-01
99.4313 1.078597184530744463e-01
99.4396 1.078495147121150272e-01
99.448 1.078393130327327809e-01
99.4563 1.078291134153032821e-01
99.4646 1.078189158608562070e-01
99.4729 1.078087203648589731e-01
99.4812 1.077985269286693415e-01
99.4895 1.077883355520089653e-01
99.4978 1.077781462318200406e-01
99.5061 1.077679589694602036e-01
99.5144 1.077577737623635207e-01
99.5227 1.077475906113972565e-01
99.5311 1.077374095154673000e-01
99.5394 1.077272304713563778e-01
99.5477 1.077170534810759084e-01
99.556 1.077068785432062775e-01
99.5643 1.076967056542062345e-01
99.5726 1.076865348180458676e-01
99.5809 1.076763660306949283e-01
99.5892 1.076661992900839054e-01
99.5975 1.076560345985498324e-01
99.6058 1.076458719546759951e-01
99.6142 1.076357113559046341e-01
99.6225 1.076255528019626900e-01
99.6308 1.076153962930662678e-01
99.6391 1.076052418282899409e-01
99.6474 1.075950894049157724e-01
99.6557 1.075849390238128589e-01
99.664 1.075747906848718849e-01
99.6723 1.075646443852137785e-01
99.6806 1.075545001250562127e-01
99.6889 1.075443579029878166e-01
99.6973 1.075342177195521415e-01
99.7056 1.075240795726871701e-01
99.7139 1.075139434616343981e-01
99.7222 1.075038093866121508e-01
99.7305 1.074936773455602707e-01
99.7388 1.074835473375586742e-01
99.7471 1.074734193623384654e-01
99.7554 1.074632934197934236e-01
99.7637 1.074531695080283428e-01
99.772 1.074430476271002466e-01
99.7804 1.074329277762530871e-01
99.7887 1.074228099531059216e-01
99.797 1.074126941567416088e-01
99.8053 1.074025803886809044e-01
99.8136 1.073924686468691603e-01
99.8219 1.073823589299027631e-01
99.8302 1.073722512381652949e-01
99.8385 1.073621455700913552e-01
99.8468 1.073520419242787460e-01
99.8551 1.073419403017609602e-01
99.8634 1.073318406993508112e-01
99.8718 1.073217431171086395e-01
99.8801 1.073116475557433364e-01
99.8884 1.073015540120701716e-01
99.8967 1.072914624874474893e-01
99.905 1.072813729799893534e-01
99.9133 1.072712854884596001e-01
99.9216 1.072612000125952175e-01
99.9299 1.072511165514849624e-01
99.9382 1.072410351053522948e-01
99.9465 1.072309556702077810e-01
99.9549 1.072208782482204081e-01
99.9632 1.072108028396139001e-01
99.9715 1.072007294404010713e-01
99.9798 1.071906580503213663e-01
99.9881 1.071805886697617255e-01
99.9964 1.071705212978138755e-01
100.005 1.071604559332462181e-01
100.013 1.071503925753132525e-01
100.021 1.071403312232697830e-01
100.03 1.071302718762092571e-01
100.038 1.071202145332255107e-01
100.046 1.071101591950298360e-01
100.055 1.071001058581293602e-01
100.063 1.070900545230745182e-01
100.071 1.070800051899304245e-01
100.08 1.070699578563379939e-01
100.088 1.070599125217168157e-01
100.096 1.070498691871021452e-01
100.104 1.070398278493289446e-01
100.113 1.070297885074950051e-01
100.121 1.070197511644121191e-01
100.129 1.070097158162712225e-01
100.138 1.069996824613640013e-01
100.146 1.069896510999195083e-01
100.154 1.069796217326507565e-01
100.163 1.069695943578500702e-01
100.171 1.069595689747785683e-01
100.179 1.069495455815687862e-01
100.188 1.069395241773218319e-01
100.196 1.069295047633963130e-01
100.204 1.069194873376035776e-01
100.212 1.069094718990454412e-01
100.221 1.068994584469854514e-01
100.229 1.068894469818151838e-01
100.237 1.068794375008651903e-01
100.246 1.068694300032392852e-01
100.254 1.068594244907792035e-01
100.262 1.068494209604951700e-01
100.271 1.068394194121359275e-01
100.279 1.068294198438406173e-01
100.287 1.068194222572897978e-01
100.296 1.068094266498185729e-01
100.304 1.067994330211766846e-01
100.312 1.067894413703096013e-01
100.32 1.067794516966458496e-01
100.329 1.067694639989710398e-01
100.337 1.067594782783219537e-01
100.345 1.067494945315555915e-01
100.354 1.067395127574591179e-01
100.362 1.067295329580343760e-01
100.37 1.067195551319075481e-01
100.379 1.067095792769026663e-01
100.387 1.066996053914873038e-01
100.395 1.066896334776627764e-01
100.404 1.066796635321304448e-01
100.412 1.066696955560887394e-01
100.42 1.066597295472038048e-01
100.429 1.066497655052296017e-01
100.437 1.066398034297594277e-01
100.445 1.066298433192639783e-01
100.453 1.066198851746204129e-01
100.462 1.066099289928566646e-01
100.47 1.065999747742089332e-01
100.478 1.065900225176309724e-01
100.487 1.065800722227178282e-01
100.495 1.065701238892252517e-01
100.503 1.065601775156268666e-01
100.512 1.065502331003973652e-01
100.52 1.065402906439341796e-01
100.528 1.065303501453534057e-01
100.537 1.065204116034510484e-01
100.545 1.065104750183047677e-01
100.553 1.065005403877506973e-01
100.561 1.064906077115471555e-01
100.57 1.064806769896121524e-01
100.578 1.064707482205839301e-01
100.586 1.064608214040610040e-01
100.595 1.064508965388425571e-01
100.603 1.064409736240479465e-01
100.611 1.064310526599164808e-01
100.62 1.064211336442888872e-01
100.628 1.064112165769255658e-01
100.636 1.064013014580659361e-01
100.645 1.063913882852331738e-01
100.653 1.063814770588271952e-01
100.661 1.063715677776505136e-01
100.67 1.063616604409851479e-01
100.678 1.063517550481136442e-01
100.686 1.063418515983185347e-01
100.694 1.063319500912023596e-01
100.703 1.063220505249309333e-01
100.711 1.063121528994267623e-01
100.719 1.063022572149311118e-01
100.728 1.062923634692923280e-01
100.736 1.062824716613166715e-01
100.744 1.062725817901304243e-01
100.753 1.062626938575702562e-01
100.761 1.062528078616460508e-01
100.769 1.062429238000495851e-01
100.778 1.062330416736616129e-01
100.786 1.062231614808124835e-01
100.794 1.062132832206303112e-01
100.802 1.062034068930397812e-01
100.811 1.061935324970102457e-01
100.819 1.061836600327849961e-01
100.827 1.061737894986969910e-01
100.836 1.061639208930797579e-01
100.844 1.061540542157005246e-01
100.852 1.061441894663260471e-01
100.861 1.061343266452008660e-01
100.869 1.061244657500236138e-01
100.877 1.061146067800850523e-01
100.886 1.061047497346760543e-01
100.894 1.060948946135649301e-01
100.902 1.060850414162018973e-01
100.91 1.060751901406070813e-01
100.919 1.060653407871852971e-01
100.927 1.060554933555467594e-01
100.935 1.060456478429184640e-01
100.944 1.060358042501827053e-01
100.952 1.060259625767914354e-01
100.96 1.060161228220382612e-01
100.969 1.060062849831530235e-01
100.977 1.059964490619707544e-01
100.985 1.059866150568332388e-01
100.994 1.059767829656074328e-01
101.002 1.059669527886998169e-01
101.01 1.059571245261994171e-01
101.019 1.059472981761328952e-01
101.027 1.059374737382727943e-01
101.035 1.059276512119155939e-01
101.043 1.059178305963584393e-01
101.052 1.059080118901059714e-01
101.06 1.058981950929317462e-01
101.068 1.058883802052427853e-01
101.077 1.058785672241191744e-01
101.085 1.058687561493351637e-01
101.093 1.058589469825657187e-01
101.102 1.058491397205757051e-01
101.11 1.058393343623484778e-01
101.118 1.058295309087673719e-01
101.127 1.058197293580245557e-01
101.135 1.058099297098954866e-01
101.143 1.058001319638393611e-01
101.151 1.057903361180499019e-01
101.16 1.057805421734107632e-01
101.168 1.057707501276420187e-01
101.176 1.057609599805206801e-01
101.185 1.057511717326139050e-01
101.193 1.057413853810114240e-01
101.201 1.057316009254908873e-01
101.21 1.057218183666202016e-01
101.218 1.057120377030709435e-01
101.226 1.057022589335153556e-01
101.235 1.056924820574160762e-01
101.243 1.056827070743938946e-01
101.251 1.056729339840696003e-01
101.26 1.056631627848013261e-01
101.268 1.056533934755793935e-01
101.276 1.056436260568149321e-01
101.284 1.056338605278140663e-01
101.293 1.056240968878833925e-01
101.301 1.056143351328597962e-01
101.309 1.056045752670984467e-01
101.318 1.055948172886445463e-01
101.326 1.055850611942834028e-01
101.334 1.055753069853732073e-01
101.343 1.055655546604343242e-01
101.351 1.055558042186183765e-01
101.359 1.055460556601800215e-01
101.368 1.055363089823808526e-01
101.376 1.055265641864214649e-01
101.384 1.055168212723990862e-01
101.392 1.055070802372620464e-01
101.401 1.054973410811088641e-01
101.409 1.054876038034080754e-01
101.417 1.054778684033139402e-01
101.426 1.054681348798235802e-01
101.434 1.054584032330359300e-01
101.442 1.054486734616340848e-01
101.451 1.054389455654027030e-01
101.459 1.054292195420823142e-01
101.467 1.054194953924018768e-01
101.476 1.054097731163036455e-01
101.484 1.054000527104295704e-01
101.492 1.053903341778659464e-01
101.5 1.053806175149415020e-01
101.509 1.053709027203433152e-01
101.517 1.053611897955861049e-01
101.525 1.053514787399851826e-01
101.534 1.053417695522279734e-01
101.542 1.053320622295900316e-01
101.55 1.053223567742137962e-01
101.559 1.053126531847880243e-01
101.567 1.053029514589037263e-01
101.575 1.052932515965065291e-01
101.584 1.052835535991103189e-01
101.592 1.052738574643074243e-01
101.6 1.052641631904754765e-01
101.609 1.052544707788149875e-01
101.617 1.052447802262933135e-01
101.625 1.052350915339544113e-01
101.633 1.052254046998642445e-01
101.642 1.052157197255364496e-01
101.65 1.052060366091943089e-01
101.658 1.051963553479654950e-01
101.667 1.051866759438339488e-01
101.675 1.051769983950244791e-01
101.683 1.051673227022675711e-01
101.692 1.051576488622237709e-01
101.7 1.051479768753113414e-01
101.708 1.051383067427303503e-01
101.717 1.051286384602048152e-01
101.725 1.051189720290920809e-01
101.733 1.051093074496537577e-01
101.741 1.050996447196494293e-01
101.75 1.050899838388723306e-01
101.758 1.050803248061778356e-01
101.766 1.050706676208907203e-01
101.775 1.050610122829610943e-01
101.783 1.050513587926514836e-01
101.791 1.050417071466313162e-01
101.8 1.050320573456326456e-01
101.808 1.050224093886693993e-01
101.816 1.050127632753803109e-01
101.825 1.050031190055604191e-01
101.833 1.049934765769757611e-01
101.841 1.049838359906706542e-01
101.85 1.049741972448802463e-01
101.858 1.049645603394006171e-01
101.866 1.049549252720001769e-01
101.874 1.049452920445033549e-01
101.883 1.049356606537436426e-01
101.891 1.049260311009216073e-01
101.899 1.049164033853664801e-01
101.908 1.049067775046933215e-01
101.916 1.048971534602585048e-01
101.924 1.048875312495222978e-01
101.933 1.048779108719715691e-01
101.941 1.048682923281836488e-01
101.949 1.048586756165551942e-01
101.958 1.048490607370406724e-01
101.966 1.048394476889719235e-01
101.974 1.048298364699687540e-01
101.982 1.048202270812318010e-01
101.991 1.048106195214712072e-01
101.999 1.048010137893978233e-01
102.007 1.047914098855896592e-01
102.016 1.047818078086025229e-01
102.024 1.047722075571485001e-01
102.032 1.047626091319614483e-01
102.041 1.047530125314429794e-01
102.049 1.047434177538401623e-01
102.057 1.047338248008196776e-01
102.066 1.047242336704735932e-01
102.074 1.047146443626037621e-01
102.082 1.047050568753035427e-01
102.09 1.046954712086862610e-01
102.099 1.046858873628649517e-01
102.107 1.046763053351581207e-01
102.115 1.046667251263005555e-01
102.124 1.046571467362506086e-01
102.132 1.046475701624837440e-01
102.14 1.046379954066657264e-01
102.149 1.046284224656526124e-01
102.157 1.046188513390938490e-01
102.165 1.046092820286549235e-01
102.174 1.045997145319690069e-01
102.182 1.045901488474457602e-01
102.19 1.045805849756655248e-01
102.199 1.045710229161235377e-01
102.207 1.045614626667655811e-01
102.215 1.045519042289469458e-01
102.223 1.045423476010789166e-01
102.232 1.045327927818833769e-01
102.24 1.045232397705475047e-01
102.248 1.045136885673424720e-01
102.257 1.045041391706817424e-01
102.265 1.044945915819200516e-01
102.273 1.044850457974596247e-01
102.282 1.044755018180367617e-01
102.29 1.044659596433043791e-01
102.298 1.044564192729153934e-01
102.307 1.044468807040487418e-01
102.315 1.044373439388325137e-01
102.323 1.044278089756832117e-01
102.331 1.044182758124000548e-01
102.34 1.044087444487924593e-01
102.348 1.043992148855968360e-01
102.356 1.043896871229311601e-01
102.365 1.043801611567426596e-01
102.373 1.043706369876141321e-01
102.381 1.043611146162822800e-01
102.39 1.043515940427112570e-01
102.398 1.043420752634691834e-01
102.406 1.043325582788302702e-01
102.415 1.043230430886055021e-01
102.423 1.043135296919887184e-01
102.431 1.043040180892539498e-01
102.439 1.042945082783613420e-01
102.448 1.042850002574265134e-01
102.456 1.042754940287291265e-01
102.464 1.042659895905389961e-01
102.473 1.042564869426683277e-01
102.481 1.042469860827718170e-01
102.489 1.042374870106626550e-01
102.498 1.042279897273864775e-01
102.506 1.042184942296751765e-01
102.514 1.042090005190369345e-01
102.523 1.041995085940531085e-01
102.531 1.041900184545373892e-01
102.539 1.041805300983024707e-01
102.548 1.041710435267021451e-01
102.556 1.041615587370881696e-01
102.564 1.041520757305066103e-01
102.572 1.041425945049259255e-01
102.581 1.041331150603152789e-01
102.589 1.041236373971051732e-01
102.597 1.041141615120353414e-01
102.606 1.041046874073819350e-01
102.614 1.040952150806546406e-01
102.622 1.040857445312086127e-01
102.631 1.040762757599360822e-01
102.639 1.040668087643484702e-01
102.647 1.040573435444164807e-01
102.656 1.040478800988820091e-01
102.664 1.040384184281768071e-01
102.672 1.040289585316573617e-01
102.68 1.040195004080665397e-01
102.689 1.040100440569152462e-01
102.697 1.040005894778679441e-01
102.705 1.039911366692083949e-01
102.714 1.039816856310621929e-01
102.722 1.039722363638614783e-01
102.73 1.039627888645106440e-01
102.739 1.039533431343628023e-01
102.747 1.039438991732367784e-01
102.755 1.039344569777324728e-01
102.764 1.039250165485898908e-01
102.772 1.039155778857822482e-01
102.78 1.039061409879036696e-01
102.789 1.038967058560001377e-01
102.797 1.038872724866749947e-01
102.805 1.038778408815873439e-01
102.813 1.038684110394857418e-01
102.822 1.038589829577418050e-01
102.83 1.038495566389326663e-01
102.838 1.038401320802775502e-01
102.847 1.038307092814453325e-01
102.855 1.038212882422581002e-01
102.863 1.038118689617730100e-01
102.872 1.038024514399654152e-01
102.88 1.037930356748225230e-01
102.888 1.037836216664732997e-01
102.897 1.037742094161164946e-01
102.905 1.037647989202118842e-01
102.913 1.037553901778192206e-01
102.921 1.037459831910546582e-01
102.93 1.037365779577552466e-01
102.938 1.037271744771341153e-01
102.946 1.037177727499318386e-01
102.955 1.037083727732237975e-01
102.963 1.036989745482091441e-01
102.971 1.036895780744069712e-01
102.98 1.036801833485895968e-01
102.988 1.036707903719562424e-01
102.996 1.036613991441798638e-01
103.005 1.036520096660009937e-01
103.013 1.036426219340417232e-01
103.021 1.036332359472133813e-01
103.029 1.036238517080874943e-01
103.038 1.036144692134404882e-01
103.046 1.036050884638615860e-01
103.054 1.035957094584152166e-01
103.063 1.035863321958618577e-01
103.071 1.035769566755716936e-01
103.079 1.035675828982864921e-01
103.088 1.035582108626147829e-01
103.096 1.035488405671662476e-01
103.104 1.035394720113122363e-01
103.113 1.035301051968603309e-01
103.121 1.035207401212026590e-01
103.129 1.035113767821896347e-01
103.138 1.035020151814765449e-01
103.146 1.034926553185879922e-01
103.154 1.034832971913752092e-01
103.162 1.034739408004284461e-01
103.171 1.034645861446646387e-01
103.179 1.034552332230013194e-01
103.187 1.034458820351166763e-01
103.196 1.034365325800810226e-01
103.204 1.034271848590924414e-01
103.212 1.034178388692461037e-01
103.221 1.034084946105249536e-01
103.229 1.033991520823045185e-01
103.237 1.033898112847196210e-01
103.246 1.033804722174496843e-01
103.254 1.033711348786557210e-01
103.262 1.033617992675626429e-01
103.27 1.033524653836989660e-01
103.279 1.033431332270488973e-01
103.287 1.033338027968375566e-01
103.295 1.033244740928976058e-01
103.304 1.033151471136963401e-01
103.312 1.033058218583087495e-01
103.32 1.032964983277810389e-01
103.329 1.032871765198238867e-01
103.337 1.032778564344224992e-01
103.345 1.032685380717137530e-01
103.354 1.032592214292583216e-01
103.362 1.032499065082542883e-01
103.37 1.032405933077781696e-01
103.379 1.032312818261498372e-01
103.387 1.032219720633554827e-01
103.395 1.032126640186246114e-01
103.403 1.032033576919434981e-01
103.412 1.031940530822391816e-01
103.42 1.031847501884390617e-01
103.428 1.031754490112868766e-01
103.437 1.031661495486512897e-01
103.445 1.031568518002174695e-01
103.453 1.031475557664264797e-01
103.462 1.031382614453001112e-01
103.47 1.031289688369774332e-01
103.478 1.031196779405394726e-01
103.487 1.031103887561253957e-01
103.495 1.031011012825144152e-01
103.503 1.030918155184862434e-01
103.511 1.030825314643319252e-01
103.52 1.030732491192847822e-01
103.528 1.030639684825788022e-01
103.536 1.030546895528439838e-01
103.545 1.030454123309758746e-01
103.553 1.030361368157559354e-01
103.561 1.030268630061173390e-01
103.57 1.030175909015972752e-01
103.578 1.030083205021857795e-01
103.586 1.029990518069675703e-01
103.595 1.029897848142739825e-01
103.603 1.029805195246988880e-01
103.611 1.029712559380820819e-01
103.619 1.029619940521526444e-01
103.628 1.029527338670527814e-01
103.636 1.029434753832255689e-01
103.644 1.029342185990045483e-01
103.653 1.029249635143810598e-01
103.661 1.029157101267860336e-01
103.669 1.029064584384706826e-01
103.678 1.028972084468667142e-01
103.686 1.028879601524179122e-01
103.694 1.028787135539122322e-01
103.703 1.028694686508904582e-01
103.711 1.028602254424424295e-01
103.719 1.028509839287113231e-01
103.728 1.028417441086368761e-01
103.736 1.028325059816104087e-01
103.744 1.028232695470236713e-01
103.752 1.028140348045692570e-01
103.761 1.028048017534889391e-01
103.769 1.027955703921228509e-01
103.777 1.027863407216676461e-01
103.786 1.027771127400131657e-01
103.794 1.027678864482055726e-01
103.802 1.027586618441356792e-01
103.811 1.027494389273477249e-01
103.819 1.027402176981366683e-01
103.827 1.027309981548457374e-01
103.836 1.027217802976200800e-01
103.844 1.027125641255541566e-01
103.852 1.027033496381930811e-01
103.86 1.026941368359824275e-01
103.869 1.026849257156167844e-01
103.877 1.026757162781426341e-01
103.885 1.026665085235557995e-01
103.894 1.026573024505025716e-01
103.902 1.026480980586793740e-01
103.91 1.026388953468832521e-01
103.919 1.026296943158603869e-01
103.927 1.026204949630594859e-01
103.935 1.026112972890772801e-01
103.944 1.026021012933114179e-01
103.952 1.025929069748603290e-01
103.96 1.025837143335716906e-01
103.969 1.025745233685444735e-01
103.977 1.025653340796265217e-01
103.985 1.025561464647199300e-01
103.993 1.025469605238231441e-01
104.002 1.025377762582811991e-01
104.01 1.025285936662964081e-01
104.018 1.025194127459223281e-01
104.027 1.025102334971580986e-01
104.035 1.025010559203018284e-01
104.043 1.024918800158007015e-01
104.052 1.024827057809622743e-01
104.06 1.024735332157860196e-01
104.068 1.024643623186275165e-01
104.077 1.024551930903833258e-01
104.085 1.024460255310529477e-01
104.093 1.024368596383951197e-01
104.101 1.024276954131569939e-01
104.11 1.024185328536957734e-01
104.118 1.024093719601612551e-01
104.126 1.024002127309116966e-01
104.135 1.023910551665450919e-01
104.143 1.023818992661665317e-01
104.151 1.023727450282848755e-01
104.16 1.023635924540949871e-01
104.168 1.023544415422551895e-01
104.176 1.023452922900822265e-01
104.185 1.023361446995170176e-01
104.193 1.023269987710081763e-01
104.201 1.023178545009791052e-01
104.209 1.023087118894325243e-01
104.218 1.022995709369668299e-01
104.226 1.022904316423922100e-01
104.234 1.022812940051152225e-01
104.243 1.022721580246917644e-01
104.251 1.022630237018690713e-01
104.259 1.022538910332248668e-01
104.268 1.022447600201027013e-01
104.276 1.022356306604216697e-01
104.284 1.022265029553762611e-01
104.293 1.022173769042256097e-01
104.301 1.022082525053365498e-01
104.309 1.021991297582668518e-01
104.318 1.021900086624257242e-01
104.326 1.021808892188583590e-01
104.334 1.021717714257843190e-01
104.342 1.021626552808292815e-01
104.351 1.021535407859310157e-01
104.359 1.021444279409452344e-01
104.367 1.021353167427557773e-01
104.376 1.021262071913683761e-01
104.384 1.021170992885709894e-01
104.392 1.021079930312492751e-01
104.401 1.020988884201515928e-01
104.409 1.020897854532048094e-01
104.417 1.020806841317511704e-01
104.426 1.020715844547572665e-01
104.434 1.020624864200029430e-01
104.442 1.020533900288304457e-01
104.45 1.020442952803556069e-01
104.459 1.020352021726565611e-01
104.467 1.020261107070751655e-01
104.475 1.020170208816901236e-01
104.484 1.020079326960638411e-01
104.492 1.019988461509447053e-01
104.5 1.019897612445609392e-01
104.509 1.019806779742526565e-01
104.517 1.019715963434362216e-01
104.525 1.019625163503408427e-01
104.534 1.019534379936410246e-01
104.542 1.019443612717158693e-01
104.55 1.019352861854625203e-01
104.559 1.019262127354813030e-01
104.567 1.019171409183755317e-01
104.575 1.019080707350424192e-01
104.583 1.018990021862306028e-01
104.592 1.018899352689892346e-01
104.6 1.018808699839195975e-01
104.608 1.018718063299953458e-01
104.617 1.018627443069303057e-01
104.625 1.018536839147339002e-01
104.633 1.018446251517893253e-01
104.642 1.018355680186977530e-01
104.65 1.018265125129564352e-01
104.658 1.018174586369402640e-01
104.667 1.018084063869650335e-01
104.675 1.017993557642235952e-01
104.683 1.017903067687262325e-01
104.691 1.017812593987111047e-01
104.7 1.017722136530079535e-01
104.708 1.017631695320710128e-01
104.716 1.017541270372396972e-01
104.725 1.017450861629163178e-01
104.733 1.017360469126549205e-01
104.741 1.017270092861714825e-01
104.75 1.017179732797892505e-01
104.758 1.017089388961755630e-01
104.766 1.016999061320975062e-01
104.775 1.016908749878625978e-01
104.783 1.016818454645150721e-01
104.791 1.016728175600031953e-01
104.799 1.016637912727185455e-01
104.808 1.016547666041477949e-01
104.816 1.016457435538613702e-01
104.824 1.016367221183365754e-01
104.833 1.016277023003857027e-01
104.841 1.016186840984015932e-01
104.849 1.016096675098945717e-01
104.858 1.016006525363509078e-01
104.866 1.015916391780783967e-01
104.874 1.015826274324414524e-01
104.883 1.015736173004842813e-01
104.891 1.015646087795725599e-01
104.899 1.015556018701623542e-01
104.908 1.015465965730034809e-01
104.916 1.015375928870806410e-01
104.924 1.015285908099088225e-01
104.932 1.015195903419445350e-01
104.941 1.015105914845254448e-01
104.949 1.015015942347270161e-01
104.957 1.014925985928585572e-01
104.966 1.014836045577602736e-01
104.974 1.014746121294478470e-01
104.982 1.014656213077899799e-01
104.991 1.014566320919212949e-01
104.999 1.014476444815639311e-01
105.007 1.014386584757062670e-01
105.016 1.014296740718695494e-01
105.024 1.014206912737394828e-01
105.032 1.014117100778102604e-01
105.04 1.014027304829252241e-01
105.049 1.013937524908618271e-01
105.057 1.013847761011964360e-01
105.065 1.013758013107197986e-01
105.074 1.013668281197429993e-01
105.082 1.013578565297493655e-01
105.09 1.013488865382642518e-01
105.099 1.013399181453054770e-01
105.107 1.013309513503046488e-01
105.115 1.013219861525471999e-01
105.124 1.013130225516118144e-01
105.132 1.013040605473701228e-01
105.14 1.012951001388152777e-01
105.149 1.012861413246481795e-01
105.157 1.012771841054732336e-01
105.165 1.012682284811625144e-01
105.173 1.012592744499786895e-01
105.182 1.012503220112093427e-01
105.19 1.012413711654588794e-01
105.198 1.012324219112837875e-01
105.207 1.012234742489960121e-01
105.215 1.012145281774450567e-01
105.223 1.012055836947503284e-01
105.232 1.011966408031245296e-01
105.24 1.011876995009794722e-01
105.248 1.011787597862894433e-01
105.257 1.011698216611204154e-01
105.265 1.011608851234470224e-01
105.273 1.011519501719753689e-01
105.281 1.011430168061423357e-01
105.29 1.011340850272829384e-01
105.298 1.011251548348336554e-01
105.306 1.011162262251661809e-01
105.315 1.011072992003455434e-01
105.323 1.010983737601009180e-01
105.331 1.010894499034321187e-01
105.34 1.010805276275891645e-01
105.348 1.010716069347821211e-01
105.356 1.010626878247406907e-01
105.365 1.010537702944246247e-01
105.373 1.010448543444396607e-01
105.381 1.010359399756825816e-01
105.389 1.010270271855520235e-01
105.398 1.010181159745079521e-01
105.406 1.010092063427185521e-01
105.414 1.010002982865647742e-01
105.423 1.009913918097112284e-01
105.431 1.009824869092678101e-01
105.439 1.009735835836563927e-01
105.448 1.009646818339197394e-01
105.456 1.009557816608088882e-01
105.464 1.009468830623093533e-01
105.473 1.009379860362624171e-01
105.481 1.009290905850201425e-01
105.489 1.009201967065695982e-01
105.498 1.009113044007894089e-01
105.506 1.009024136669767202e-01
105.514 1.008935245034112416e-01
105.522 1.008846369120075942e-01
105.531 1.008757508901737127e-01
105.539 1.008668664393876924e-01
105.547 1.008579835566228711e-01
105.556 1.008491022426310502e-01
105.564 1.008402224967110267e-01
105.572 1.008313443197594583e-01
105.581 1.008224677093328275e-01
105.589 1.008135926642953345e-01
105.597 1.008047191861248110e-01
105.606 1.007958472741208866e-01
105.614 1.007869769272935340e-01
105.622 1.007781081440726062e-01
105.63 1.007692409253552052e-01
105.639 1.007603752705869965e-01
105.647 1.007515111770390520e-01
105.655 1.007426486466233284e-01
105.664 1.007337876792213649e-01
105.672 1.007249282726850603e-01
105.68 1.007160704263170836e-01
105.689 1.007072141401445520e-01
105.697 1.006983594130358567e-01
105.705 1.006895062460324147e-01
105.714 1.006806546390164592e-01
105.722 1.006718045889739288e-01
105.73 1.006629560957883612e-01
105.739 1.006541091610801131e-01
105.747 1.006452637827055796e-01
105.755 1.006364199588115210e-01
105.763 1.006275776913078956e-01
105.772 1.006187369794992320e-01
105.78 1.006098978224011647e-01
105.788 1.006010602190296616e-01
105.797 1.005922241684014395e-01
105.805 1.005833896701118085e-01
105.813 1.005745567266475571e-01
105.822 1.005657253338449741e-01
105.83 1.005568954910114055e-01
105.838 1.005480672003440518e-01
105.847 1.005392404608605184e-01
105.855 1.005304152695566389e-01
105.863 1.005215916277627103e-01
105.871 1.005127695350751804e-01
105.88 1.005039489908019779e-01
105.888 1.004951299942513504e-01
105.896 1.004863125441545352e-01
105.905 1.004774966415522275e-01
105.913 1.004686822843104538e-01
105.921 1.004598694731812514e-01
105.93 1.004510582068970925e-01
105.938 1.004422484853446235e-01
105.946 1.004334403089874178e-01
105.955 1.004246336756933061e-01
105.963 1.004158285841965370e-01
105.971 1.004070250355377780e-01
105.979 1.003982230296043554e-01
105.988 1.003894225648425120e-01
105.996 1.003806236405639096e-01
106.004 1.003718262575206410e-01
106.013 1.003630304141603091e-01
106.021 1.003542361103709896e-01
106.029 1.003454433454650657e-01
106.038 1.003366521184671373e-01
106.046 1.003278624295539517e-01
106.054 1.003190742789017570e-01
106.063 1.003102876632337437e-01
106.071 1.003015025861798415e-01
106.079 1.002927190444639072e-01
106.088 1.002839370356743420e-01
106.096 1.002751565637278464e-01
106.104 1.002663776262126410e-01
106.112 1.002576002230184393e-01
106.121 1.002488243511603233e-01
106.129 1.002400500125410487e-01
106.137 1.002312772070503982e-01
106.146 1.002225059334290735e-01
106.154 1.002137361904183316e-01
106.162 1.002049679779090929e-01
106.171 1.001962012957920006e-01
106.179 1.001874361436708993e-01
106.187 1.001786725197139211e-01
106.196 1.001699104255350664e-01
106.204 1.001611498601640282e-01
106.212 1.001523908206224667e-01
106.22 1.001436333090980207e-01
106.229 1.001348773246214796e-01
106.237 1.001261228650767027e-01
106.245 1.001173699326504685e-01
106.254 1.001086185243668936e-01
106.262 1.000998686415522365e-01
106.27 1.000911202820919527e-01
106.279 1.000823734458790859e-01
106.287 1.000736281339525136e-01
106.295 1.000648843427667523e-01
106.304 1.000561420753664221e-01
106.312 1.000474013293527753e-01
106.32 1.000386621046190361e-01
106.329 1.000299243999133586e-01
106.337 1.000211882145568970e-01
106.345 1.000124535493024797e-01
106.353 1.000037204040435806e-01
106.362 9.999498877638474115e-02
106.37 9.998625866622036507e-02
106.378 9.997753007487546195e-02
106.387 9.996880300052754520e-02
106.395 9.996007744078370949e-02
106.403 9.995135339954221154e-02
106.412 9.994263087269467105e-02
106.42 9.993390986156559797e-02
106.428 9.992519036376361352e-02
106.437 9.991647238004165710e-02
106.445 9.990775591115229337e-02
106.453 9.989904095499077541e-02
106.461 9.989032751002498156e-02
106.47 9.988161557786466582e-02
106.478 9.987290515811987623e-02
106.486 9.986419624925897687e-02
106.495 9.985548885003658892e-02
106.503 9.984678296063480285e-02
106.511 9.983807858180628048e-02
106.52 9.982937571145013289e-02
106.528 9.982067434946341467e-02
106.536 9.981197449631352969e-02
106.545 9.980327614990106011e-02
106.553 9.979457931069379839e-02
106.561 9.978588397858902115e-02
106.569 9.977719015148878157e-02
106.578 9.976849783014613005e-02
106.586 9.975980701474362888e-02
106.594 9.975111770375434672e-02
106.603 9.974242989593698483e-02
106.611 9.973374359289893798e-02
106.619 9.972505879197512968e-02
106.628 9.971637549391862421e-02
106.636 9.970769369805845828e-02
106.644 9.969901340372414045e-02
106.653 9.969033461138365748e-02
106.661 9.968165731752118286e-02
106.669 9.967298152573524084e-02
106.678 9.966430723364856636e-02
106.686 9.965563443945414657e-02
106.694 9.964696314504262187e-02
106.702 9.963829334860721532e-02
106.711 9.962962504777365946e-02
106.719 9.962095824699052082e-02
106.727 9.961229294189373473e-02
106.736 9.960362913124752582e-02
106.744 9.959496681893027781e-02
106.752 9.958630600086466889e-02
106.761 9.957764667695166716e-02
106.769 9.956898884766028635e-02
106.777 9.956033251118770466e-02
106.786 9.955167766970640653e-02
106.794 9.954302432084605190e-02
106.802 9.953437246308914632e-02
106.81 9.952572209718892060e-02
106.819 9.951707322446531889e-02
106.827 9.950842583971350463e-02
106.835 9.949977994652349500e-02
106.844 9.949113554422961414e-02
106.852 9.948249262961467165e-02
106.86 9.947385120456608831e-02
106.869 9.946521126841909033e-02
106.877 9.945657281880879164e-02
106.885 9.944793585762184973e-02
106.894 9.943930038391073090e-02
106.902 9.943066639559532127e-02
106.91 9.942203389314542561e-02
106.919 9.941340287618125049e-02
106.927 9.940477334630477835e-02
106.935 9.939614529832310752e-02
106.943 9.938751873497136957e-02
106.952 9.937889365530395980e-02
106.96 9.937027005780992017e-02
106.968 9.936164794465696115e-02
106.977 9.935302731263674636e-02
106.985 9.934440816165412969e-02
106.993 9.933579049331023314e-02
107.002 9.932717430524716506e-02
107.01 9.931855959539091783e-02
107.018 9.930994636675614939e-02
107.027 9.930133461698631425e-02
107.035 9.929272434598664099e-02
107.043 9.928411555422717027e-02
107.051 9.927550823878822372e-02
107.06 9.926690240098787199e-02
107.068 9.925829804016686464e-02
107.076 9.924969515510143059e-02
107.085 9.924109374682685281e-02
107.093 9.923249381327282903e-02
107.101 9.922389535434586461e-02
107.11 9.921529836995210405e-02
107.118 9.920670285971591729e-02
107.126 9.919810882354355985e-02
107.135 9.918951625852111265e-02
107.143 9.918092516653011226e-02
107.151 9.917233554832290132e-02
107.159 9.916374739985911457e-02
107.168 9.915516072245604551e-02
107.176 9.914657551658449808e-02
107.184 9.913799178074261809e-02
107.193 9.912940951286591806e-02
107.201 9.912082871567957920e-02
107.209 9.911224938740097190e-02
107.218 9.910367152709297078e-02
107.226 9.909509513325610863e-02
107.234 9.908652020748807965e-02
107.243 9.907794674885239683e-02
107.251 9.906937475585032848e-02
107.259 9.906080422839069755e-02
107.268 9.905223516750763513e-02
107.276 9.904366757001534238e-02
107.284 9.903510143694826962e-02
107.292 9.902653676934031202e-02
107.301 9.901797356541314210e-02
107.309 9.900941182310803168e-02
107.317 9.900085154261632769e-02
107.326 9.899229272525289502e-02
107.334 9.898373536924118254e-02
107.342 9.897517947477202371e-02
107.351 9.896662504091251200e-02
107.359 9.895807206701101588e-02
107.367 9.894952055241630628e-02
107.376 9.894097049619655915e-02
107.384 9.893242190022763505e-02
107.392 9.892387476273552249e-02
107.4 9.891532908194698714e-02
107.409 9.890678485917638041e-02
107.417 9.889824209265107857e-02
107.425 9.888970078172149014e-02
107.434 9.888116092854287720e-02
107.442 9.887262253050201066e-02
107.45 9.886408558694984028e-02
107.459 9.885555009835887696e-02
107.467 9.884701606267858043e-02
107.475 9.883848348150298113e-02
107.484 9.882995235278209389e-02
107.492 9.882142267726889973e-02
107.5 9.881289445459531806e-02
107.508 9.880436768215272725e-02
107.517 9.879584236153446386e-02
107.525 9.878731849293291567e-02
107.533 9.877879607374083493e-02
107.542 9.877027510331179427e-02
107.55 9.876175558183904191e-02
107.558 9.875323751203403388e-02
107.567 9.874472088933258784e-02
107.575 9.873620571392828504e-02
107.583 9.872769198713345074e-02
107.592 9.871917970690374800e-02
107.6 9.871066887343277196e-02
107.608 9.870215948635480130e-02
107.617 9.869365154418617558e-02
107.625 9.868514504740025228e-02
107.633 9.867663999423478827e-02
107.641 9.866813638767775452e-02
107.65 9.865963422512855074e-02
107.658 9.865113350398820036e-02
107.666 9.864263422724400820e-02
107.675 9.863413639285578682e-02
107.683 9.862563999822612781e-02
107.691 9.861714504662047465e-02
107.7 9.860865153711630138e-02
107.708 9.860015946767521078e-02
107.716 9.859166883681791393e-02
107.725 9.858317964725034355e-02
107.733 9.857469189693514322e-02
107.741 9.856620558411491317e-02
107.749 9.855772071037921522e-02
107.758 9.854923727536493705e-02
107.766 9.854075527675816570e-02
107.774 9.853227471503295254e-02
107.783 9.852379558926996350e-02
107.791 9.851531790050037374e-02
107.799 9.850684164696911493e-02
107.808 9.849836682831465684e-02
107.816 9.848989344473248198e-02
107.824 9.848142149586115723e-02
107.833 9.847295098022562643e-02
107.841 9.846448189690835961e-02
107.849 9.845601424694055970e-02
107.858 9.844754802968301577e-02
107.866 9.843908324310568503e-02
107.874 9.843061988990867150e-02
107.882 9.842215796694964158e-02
107.891 9.841369747470316010e-02
107.899 9.840523841197514054e-02
107.907 9.839678077896207853e-02
107.916 9.838832457586040026e-02
107.924 9.837986980036490803e-02
107.932 9.837141645350636066e-02
107.941 9.836296453548104557e-02
107.949 9.835451404398519448e-02
107.957 9.834606497866048291e-02
107.966 9.833761734109257302e-02
107.974 9.832917112925641800e-02
107.982 9.832072634168360914e-02
107.99 9.831228298134737920e-02
107.999 9.830384104428108172e-02
108.007 9.829540053068244743e-02
108.015 9.828696144241383381e-02
108.024 9.827852377689791363e-02
108.032 9.827008753516446038e-02
108.04 9.826165271408264512e-02
108.049 9.825321931523739449e-02
108.057 9.824478733882618942e-02
108.065 9.823635678366045287e-02
108.074 9.822792764827495415e-02
108.082 9.821949993314518790e-02
108.09 9.821107363708375670e-02
108.098 9.820264876112007324e-02
108.107 9.819422530434393503e-02
108.115 9.818580326446102458e-02
108.123 9.817738264360853506e-02
108.132 9.816896344060009605e-02
108.14 9.816054565369623786e-02
108.148 9.815212928392626213e-02
108.157 9.814371432982819943e-02
108.165 9.813530079132420925e-02
108.173 9.812688866916624564e-02
108.182 9.811847796051022252e-02
108.19 9.811006866749144573e-02
108.198 9.810166078699016079e-02
108.207 9.809325432003540568e-02
108.215 9.808484926682625726e-02
108.223 9.807644562645606578e-02
108.231 9.806804339774227719e-02
108.24 9.805964258033181280e-02
108.248 9.805124317359548147e-02
108.256 9.804284517773309560e-02
108.265 9.803444859377261067e-02
108.273 9.802605341832330843e-02
108.281 9.801765965379415080e-02
108.29 9.800926729734787957e-02
108.298 9.800087634863272057e-02
108.306 9.799248680867689298e-02
108.315 9.798409867712817856e-02
108.323 9.797571195253119980e-02
108.331 9.796732663343121761e-02
108.339 9.795894272195955488e-02
108.348 9.795056021583414818e-02
108.356 9.794217911498002971e-02
108.364 9.793379942042469699e-02
108.373 9.792542112878496741e-02
108.381 9.791704424219123404e-02
108.389 9.790866876001723396e-02
108.398 9.790029467970845500e-02
108.406 9.789192200311890024e-02
108.414 9.788355072852127081e-02
108.423 9.787518085529063605e-02
108.431 9.786681238417892226e-02
108.439 9.785844531483635367e-02
108.448 9.785007964581231288e-02
108.456 9.784171537593223944e-02
108.464 9.783335250622346435e-02
108.472 9.782499103633685023e-02
108.481 9.781663096537333846e-02
108.489 9.780827229243437004e-02
108.497 9.779991501772175577e-02
108.506 9.779155914088713542e-02
108.514 9.778320466048262549e-02
108.522 9.777485157698541374e-02
108.531 9.776649989004748686e-02
108.539 9.775814959904638446e-02
108.547 9.774980070253569409e-02
108.556 9.774145320181670815e-02
108.564 9.773310709461935364e-02
108.572 9.772476238279391436e-02
108.58 9.771641906462021077e-02
108.589 9.770807713865346800e-02
108.597 9.769973660564558460e-02
108.605 9.769139746415234082e-02
108.614 9.768305971684622391e-02
108.622 9.767472335981362830e-02
108.63 9.766638839380645254e-02
108.639 9.765805481875319827e-02
108.647 9.764972263321117230e-02
108.655 9.764139183738371197e-02
108.664 9.763306243119967975e-02
108.672 9.762473441486191339e-02
108.68 9.761640778555852327e-02
108.688 9.760808254404144957e-02
108.697 9.759975869078803268e-02
108.705 9.759143622517951755e-02
108.713 9.758311514604953163e-02
108.722 9.757479545250646868e-02
108.73 9.756647714530178317e-02
108.738 9.755816022381751107e-02
108.747 9.754984468606744952e-02
108.755 9.754153053335073986e-02
108.763 9.753321776614463923e-02
108.772 9.752490638136919465e-02
108.78 9.751659637977606876e-02
108.788 9.750828776211646620e-02
108.797 9.749998052640622415e-02
108.805 9.749167467148250887e-02
108.813 9.748337019973724038e-02
108.821 9.747506710891394588e-02
108.83 9.746676539785059656e-02
108.838 9.745846506811829679e-02
108.846 9.745016611664242268e-02
108.855 9.744186854663343389e-02
108.863 9.743357235529044591e-02
108.871 9.742527754063351475e-02
108.88 9.741698410614496595e-02
108.888 9.740869204766057499e-02
108.896 9.740040136702397822e-02
108.905 9.739211206471265481e-02
108.913 9.738382413711062224e-02
108.921 9.737553758660666414e-02
108.929 9.736725241122304308e-02
108.938 9.735896861061960061e-02
108.946 9.735068618582010114e-02
108.954 9.734240513430263142e-02
108.963 9.733412545681845163e-02
108.971 9.732584715330037939e-02
108.979 9.731757022231846133e-02
108.988 9.730929466407858830e-02
108.996 9.730102047824164269e-02
109.004 9.729274766365098026e-02
109.013 9.728447622051276944e-02
109.021 9.727620614984999747e-02
109.029 9.726793744832802624e-02
109.038 9.725967011642565330e-02
109.046 9.725140415434926910e-02
109.054 9.724313956230509759e-02
109.062 9.723487633832184063e-02
109.071 9.722661448342251322e-02
109.079 9.721835399672495992e-02
109.087 9.721009487653133052e-02
109.096 9.720183712304877877e-02
109.104 9.719358073729986169e-02
109.112 9.718532571949069221e-02
109.121 9.717707206493403360e-02
109.129 9.716881977546869276e-02
109.137 9.716056885266050047e-02
109.146 9.715231929291148760e-02
109.154 9.714407109887451819e-02
109.162 9.713582426994109287e-02
109.17 9.712757880197196714e-02
109.179 9.711933469653330486e-02
109.187 9.711109195464701083e-02
109.195 9.710285057543413534e-02
109.204 9.709461055747307945e-02
109.212 9.708637190015732832e-02
109.22 9.707813460315192766e-02
109.229 9.706989866883530826e-02
109.237 9.706166409280232721e-02
109.245 9.705343087580399486e-02
109.254 9.704519901940422688e-02
109.262 9.703696852191227851e-02
109.27 9.702873938163812662e-02
109.278 9.702051160014558973e-02
109.287 9.701228517601617751e-02
109.295 9.700406010837410442e-02
109.303 9.699583639742780095e-02
109.312 9.698761404230184235e-02
109.32 9.697939304455900633e-02
109.328 9.697117340224048476e-02
109.337 9.696295511420068014e-02
109.345 9.695473817983621401e-02
109.353 9.694652260098023111e-02
109.362 9.693830837567553316e-02
109.37 9.693009550250712703e-02
109.378 9.692188398439009756e-02
109.387 9.691367381747421905e-02
109.395 9.690546500332146429e-02
109.403 9.689725754132909319e-02
109.411 9.688905142900175460e-02
109.42 9.688084666763072117e-02
109.428 9.687264325769547046e-02
109.436 9.686444119778289674e-02
109.445 9.685624048702129452e-02
109.453 9.684804112616061944e-02
109.461 9.683984311432929093e-02
109.47 9.683164645011584082e-02
109.478 9.682345113373010126e-02
109.486 9.681525716592183362e-02
109.495 9.680706454474018174e-02
109.503 9.679887327012506870e-02
109.511 9.679068334201644530e-02
109.519 9.678249476008421448e-02
109.528 9.677430752345887732e-02
109.536 9.676612163100141439e-02
109.544 9.675793708481052191e-02
109.553 9.674975388320750103e-02
109.561 9.674157202397541677e-02
109.569 9.673339150975170109e-02
109.578 9.672521233778036409e-02
109.586 9.671703450800252233e-02
109.594 9.670885802062886838e-02
109.603 9.670068287586960909e-02
109.611 9.669250907393492356e-02
109.619 9.668433660937757190e-02
109.628 9.667616548752745731e-02
109.636 9.666799570670904507e-02
109.644 9.665982726444009854e-02
109.652 9.665166016200883725e-02
109.661 9.664349439801087072e-02
109.669 9.663532997400299529e-02
109.677 9.662716688696634804e-02
109.686 9.661900513818873215e-02
109.694 9.661084472734300654e-02
109.702 9.660268565275717534e-02
109.711 9.659452791491168755e-02
109.719 9.658637151267319976e-02
109.727 9.657821644786659943e-02
109.736 9.657006271720769419e-02
109.744 9.656191032037104993e-02
109.752 9.655375926025591693e-02
109.76 9.654560953384863642e-02
109.769 9.653746114001772460e-02
109.777 9.652931407951259590e-02
109.785 9.652116835415641694e-02
109.794 9.651302396040056797e-02
109.802 9.650488089711489748e-02
109.81 9.649673916746494273e-02
109.819 9.648859876763572763e-02
109.827 9.648045970025526108e-02
109.835 9.647232196258336001e-02
109.844 9.646418555510079262e-02
109.852 9.645605047775146490e-02
109.86 9.644791672887012557e-02
109.868 9.643978430974207983e-02
109.877 9.643165321870240947e-02
109.885 9.642352345649991829e-02
109.893 9.641539502120258232e-02
109.902 9.640726791329114198e-02
109.91 9.639914213244235586e-02
109.918 9.639101767806503018e-02
109.927 9.638289455010407014e-02
109.935 9.637477274796857341e-02
109.943 9.636665227187132809e-02
109.952 9.635853311881187322e-02
109.96 9.635041529061022514e-02
109.968 9.634229878694398896e-02
109.977 9.633418360749071430e-02
109.985 9.632606975219580592e-02
109.993 9.631795721939902244e-02
110.001 9.630984600690634112e-02
110.01 9.630173611760672880e-02
110.018 9.629362755144571517e-02
110.026 9.628552030596199129e-02
110.035 9.627741438136945551e-02
110.043 9.626930977654508947e-02
110.051 9.626120649330648094e-02
110.06 9.625310452812528561e-02
110.068 9.624500388362079717e-02
110.076 9.623690455760175455e-02
110.085 9.622880655054937005e-02
110.093 9.622070986160896622e-02
110.101 9.621261448939237571e-02
110.109 9.620452043678397180e-02
110.118 9.619642769865775767e-02
110.126 9.618833627736417258e-02
110.134 9.618024617418489963e-02
110.143 9.617215738639810219e-02
110.151 9.616406991341783228e-02
110.159 9.615598375465841952e-02
110.168 9.614789891140149147e-02
110.176 9.613981538332776189e-02
110.184 9.613173316745173003e-02
110.193 9.612365226532160190e-02
110.201 9.611557267688532191e-02
110.209 9.610749440075821992e-02
110.218 9.609941743688871219e-02
110.226 9.609134178522510394e-02
110.234 9.608326744491650639e-02
110.242 9.607519441457987308e-02
110.251 9.606712269602846188e-02
110.259 9.605905228841159216e-02
110.267 9.605098319008058272e-02
110.276 9.604291540098458535e-02
110.284 9.603484892080657587e-02
110.292 9.602678375002798861e-02
110.301 9.601871988753345188e-02
110.309 9.601065733247425571e-02
110.317 9.600259608480000983e-02
110.326 9.599453614578996874e-02
110.334 9.598647751273406414e-02
110.342 9.597842018584816504e-02
110.35 9.597036416508218648e-02
110.359 9.596230945012011737e-02
110.367 9.595425604011459386e-02
110.375 9.594620393475017384e-02
110.384 9.593815313450838878e-02
110.392 9.593010363694845499e-02
110.4 9.592205544520850113e-02
110.409 9.591400855605138054e-02
110.417 9.590596296863146408e-02
110.425 9.589791868502353656e-02
110.434 9.588987570252356651e-02
110.442 9.588183402240969821e-02
110.45 9.587379364357122291e-02
110.458 9.586575456622438429e-02
110.467 9.585771678899376869e-02
110.475 9.584968031076984696e-02
110.483 9.584164513389109574e-02
110.492 9.583361125724763896e-02
110.5 9.582557867787437622e-02
110.508 9.581754739757909756e-02
110.517 9.580951741578330738e-02
110.525 9.580148873137857291e-02
110.533 9.579346134511185218e-02
110.542 9.578543525587515650e-02
110.55 9.577741046309086459e-02
110.558 9.576938696591656697e-02
110.567 9.576136476668804798e-02
110.575 9.575334386217966565e-02
110.583 9.574532425207953057e-02
110.591 9.573730593686970158e-02
110.6 9.572928891650286931e-02
110.608 9.572127319066682516e-02
110.616 9.571325875799141514e-02
110.625 9.570524561869415969e-02
110.633 9.569723377246355800e-02
110.641 9.568922321819481325e-02
110.65 9.568121395610569568e-02
110.658 9.567320598641372575e-02
110.666 9.566519930801471727e-02
110.675 9.565719391901218727e-02
110.683 9.564918982226695843e-02
110.691 9.564118701641077802e-02
110.699 9.563318549875557406e-02
110.708 9.562518527057643769e-02
110.716 9.561718633288351921e-02
110.724 9.560918868325372910e-02
110.733 9.560119232111352616e-02
110.741 9.559319724773711335e-02
110.749 9.558520346202277473e-02
110.758 9.557721096313304132e-02
110.766 9.556921975075868825e-02
110.774 9.556122982459057391e-02
110.783 9.555324118537462941e-02
110.791 9.554525383121906246e-02
110.799 9.553726776260634823e-02
110.808 9.552928297922751166e-02
110.816 9.552129948024665196e-02
110.824 9.551331726456453730e-02
110.832 9.550533633345427431e-02
110.841 9.549735668555336954e-02
110.849 9.548937832055380548e-02
110.857 9.548140123788416422e-02
110.866 9.547342543723670583e-02
110.874 9.546545091935716709e-02
110.882 9.545747768314763460e-02
110.891 9.544950572751079165e-02
110.899 9.544153505266594895e-02
110.907 9.543356565883226450e-02
110.916 9.542559754412355266e-02
110.924 9.541763070875941555e-02
110.932 9.540966515269612425e-02
110.94 9.540170087720510617e-02
110.949 9.539373787829742712e-02
110.957 9.538577615803377208e-02
110.965 9.537781571663341007e-02
110.974 9.536985655089837144e-02
110.982 9.536189866236292889e-02
110.99 9.535394205177215310e-02
110.999 9.534598671671780379e-02
111.007 9.533803265610646394e-02
111.015 9.533007987331031108e-02
111.024 9.532212836539678824e-02
111.032 9.531417813048520538e-02
111.04 9.530622917115909309e-02
111.048 9.529828148527544340e-02
111.057 9.529033507357929922e-02
111.065 9.528238993445362071e-02
111.073 9.527444606890594914e-02
111.082 9.526650347663144502e-02
111.09 9.525856215470235311e-02
111.098 9.525062210517544481e-02
111.107 9.524268332669753867e-02
111.115 9.523474581975127640e-02
111.123 9.522680958455680134e-02
111.132 9.521887461740244363e-02
111.14 9.521094092165455214e-02
111.148 9.520300849517480957e-02
111.157 9.519507733713583608e-02
111.165 9.518714744906835168e-02
111.173 9.517921882831162361e-02
111.181 9.517129147665800981e-02
111.19 9.516336539197131628e-02
111.198 9.515544057447275494e-02
111.206 9.514751702490674423e-02
111.215 9.513959473982981641e-02
111.223 9.513167372338886263e-02
111.231 9.512375397240264985e-02
111.24 9.511583548499966123e-02
111.248 9.510791826349429545e-02
111.256 9.510000230784577957e-02
111.265 9.509208761592155557e-02
111.273 9.508417418715880975e-02
111.281 9.507626202360913714e-02
111.289 9.506835112261804999e-02
111.298 9.506044148362330359e-02
111.306 9.505253310789196775e-02
111.314 9.504462599407770274e-02
111.323 9.503672014266328905e-02
111.331 9.502881555256426083e-02
111.339 9.502091222374119128e-02
111.348 9.501301015458804566e-02
111.356 9.500510934532692409e-02
111.364 9.499720979800684029e-02
111.373 9.498931150919526223e-02
111.381 9.498141447911452595e-02
111.389 9.497351870824753683e-02
111.398 9.496562419577271597e-02
111.406 9.495773094243377399e-02
111.414 9.494983894532300905e-02
111.422 9.494194820622757491e-02
111.431 9.493405872432651715e-02
111.439 9.492617049879939484e-02
111.447 9.491828353065044632e-02
111.456 9.491039781749553705e-02
111.464 9.490251335903637786e-02
111.472 9.489463015705881799e-02
111.481 9.488674821048236063e-02
111.489 9.487886751666446683e-02
111.497 9.487098807791151389e-02
111.506 9.486310989262330962e-02
111.514 9.485523296128277326e-02
111.522 9.484735728203022576e-02
111.53 9.483948285534890554e-02
111.539 9.483160968224224607e-02
111.547 9.482373776059109527e-02
111.555 9.481586709061844143e-02
111.564 9.480799767124670208e-02
111.572 9.480012950347926903e-02
111.58 9.479226258519875270e-02
111.589 9.478439691740844775e-02
111.597 9.477653249903163213e-02
111.605 9.476866933081140587e-02
111.614 9.476080741193119994e-02
111.622 9.475294674183458443e-02
111.63 9.474508731892633540e-02
111.638 9.473722914498873549e-02
111.647 9.472937221816710163e-02
111.655 9.472151653764639134e-02
111.663 9.471366210572730593e-02
111.672 9.470580891899858800e-02
111.68 9.469795697924150712e-02
111.688 9.469010628512225525e-02
111.697 9.468225683582669194e-02
111.705 9.467440863235689064e-02
111.713 9.466656167415823941e-02
111.722 9.465871595911999614e-02
111.73 9.465087148798512207e-02
111.738 9.464302826071814556e-02
111.747 9.463518627754299861e-02
111.755 9.462734553686874550e-02
111.763 9.461950603840128815e-02
111.771 9.461166778262385113e-02
111.78 9.460383076872404262e-02
111.788 9.459599499640779230e-02
111.796 9.458816046512223685e-02
111.805 9.458032717405571999e-02
111.813 9.457249512369170219e-02
111.821 9.456466431399536410e-02
111.83 9.455683474286120938e-02
111.838 9.454900641232563685e-02
111.846 9.454117932080122189e-02
111.855 9.453335346592507682e-02
111.863 9.452552885206157163e-02
111.871 9.451770547503691999e-02
111.879 9.450988333455906387e-02
111.888 9.450206243240438786e-02
111.896 9.449424276698735470e-02
111.904 9.448642433775715499e-02
111.913 9.447860714545573690e-02
111.921 9.447079118875685577e-02
111.929 9.446297646659358727e-02
111.938 9.445516297996617294e-02
111.946 9.444735072884107019e-02
111.954 9.443953971086020693e-02
111.963 9.443172992857314096e-02
111.971 9.442392137858951484e-02
111.979 9.441611406165141551e-02
111.988 9.440830797875829350e-02
111.996 9.440050312910257257e-02
112.004 9.439269951032880357e-02
112.012 9.438489712317892077e-02
112.021 9.437709596891002972e-02
112.029 9.436929604413608896e-02
112.037 9.436149735166200758e-02
112.046 9.435369988990768841e-02
112.054 9.434590365832498660e-02
112.062 9.433810865507732957e-02
112.071 9.433031488193716063e-02
112.079 9.432252233835687616e-02
112.087 9.431473102378876150e-02
112.096 9.430694093717034709e-02
112.104 9.429915207846993608e-02
112.112 9.429136444714078524e-02
112.12 9.428357804315125323e-02
112.129 9.427579286724208085e-02
112.137 9.426800891835152019e-02
112.145 9.426022619438893801e-02
112.154 9.425244469558079208e-02
112.162 9.424466442421194912e-02
112.17 9.423688537793484254e-02
112.179 9.422910755594680887e-02
112.187 9.422133095770256206e-02
112.195 9.421355558600016944e-02
112.204 9.420578143617949762e-02
112.212 9.419800850975318385e-02
112.22 9.419023680874676063e-02
112.228 9.418246632850245381e-02
112.237 9.417469707104625387e-02
112.245 9.416692903480607113e-02
112.253 9.415916222180679973e-02
112.262 9.415139663099009182e-02
112.27 9.414363225950030112e-02
112.278 9.413586910859199353e-02
112.287 9.412810717849164066e-02
112.295 9.412034646891244416e-02
112.303 9.411258697982409493e-02
112.312 9.410482870863015603e-02
112.32 9.409707165581461530e-02
112.328 9.408931582288723727e-02
112.337 9.408156120802224631e-02
112.345 9.407380781221610921e-02
112.353 9.406605563313082119e-02
112.361 9.405830467048094390e-02
112.37 9.405055492449385102e-02
112.378 9.404280639590945068e-02
112.386 9.403505908418546833e-02
112.395 9.402731298852379238e-02
112.403 9.401956810710183909e-02
112.411 9.401182444065979416e-02
112.42 9.400408198993713549e-02
112.428 9.399634075388035859e-02
112.436 9.398860073169246210e-02
112.445 9.398086192334495492e-02
112.453 9.397312432829724171e-02
112.461 9.396538794677684880e-02
112.469 9.395765277721963848e-02
112.478 9.394991881985369220e-02
112.486 9.394218607618566586e-02
112.494 9.393445454388454907e-02
112.503 9.392672422266665211e-02
112.511 9.391899511173697201e-02
112.519 9.391126721157919133e-02
112.528 9.390354052318797273e-02
112.536 9.389581504500121856e-02
112.544 9.388809077418004689e-02
112.553 9.388036771427507587e-02
112.561 9.387264586398059996e-02
112.569 9.386492522096985536e-02
112.578 9.385720578700382233e-02
112.586 9.384948756128876080e-02
112.594 9.384177054303123600e-02
112.602 9.383405473118298923e-02
112.611 9.382634012724873351e-02
112.619 9.381862673069066294e-02
112.627 9.381091453918476153e-02
112.636 9.380320355321497550e-02
112.644 9.379549377403012533e-02
112.652 9.378778519956251780e-02
112.661 9.378007783055065938e-02
112.669 9.377237166467287943e-02
112.677 9.376466670343293341e-02
112.686 9.375696294833382738e-02
112.694 9.374926039476018380e-02
112.702 9.374155904498032710e-02
112.71 9.373385889794848269e-02
112.719 9.372615995287424118e-02
112.727 9.371846221126026166e-02
112.735 9.371076567078771846e-02
112.744 9.370307033219489601e-02
112.752 9.369537619469205103e-02
112.76 9.368768325748959291e-02
112.769 9.367999152056219470e-02
112.777 9.367230098464775223e-02
112.785 9.366461164946596196e-02
112.794 9.365692351320989428e-02
112.802 9.364923657432802639e-02
112.81 9.364155083635682109e-02
112.818 9.363386629621830992e-02
112.827 9.362618295337903074e-02
112.835 9.361850081010253399e-02
112.843 9.361081986432923108e-02
112.852 9.360314011323835059e-02
112.86 9.359546156112638626e-02
112.868 9.358778420441024593e-02
112.877 9.358010804484404033e-02
112.885 9.357243308138661619e-02
112.893 9.356475931274334246e-02
112.902 9.355708673812816734e-02
112.91 9.354941535904055805e-02
112.918 9.354174517545590928e-02
112.927 9.353407618582643135e-02
112.935 9.352640838809758717e-02
112.943 9.351874178529122339e-02
112.951 9.351107637586032750e-02
112.96 9.350341215952706619e-02
112.968 9.349574913474555105e-02
112.976 9.348808730199949235e-02
112.985 9.348042666202595330e-02
112.993 9.347276721302601177e-02
113.001 9.346510895522977536e-02
113.01 9.345745188734629061e-02
113.018 9.344979601061968733e-02
113.026 9.344214132502624837e-02
113.035 9.343448782851535017e-02
113.043 9.342683552055738860e-02
113.051 9.341918440290258863e-02
113.059 9.341153447299491153e-02
113.068 9.340388573182462073e-02
113.076 9.339623817911536785e-02
113.084 9.338859181509737151e-02
113.093 9.338094663746951407e-02
113.101 9.337330264722178141e-02
113.109 9.336565984407833863e-02
113.118 9.335801822700459662e-02
113.126 9.335037779673696634e-02
113.134 9.334273855148246535e-02
113.143 9.333510049172465128e-02
113.151 9.332746361769418686e-02
113.159 9.331982792810450400e-02
113.167 9.331219342470296885e-02
113.176 9.330456010317043913e-02
113.184 9.329692796500203833e-02
113.192 9.328929701219720871e-02
113.201 9.328166724144931754e-02
113.209 9.327403865576790187e-02
113.217 9.326641125083716399e-02
113.226 9.325878502764622935e-02
113.234 9.325115998693106478e-02
113.242 9.324353612766017596e-02
113.251 9.323591345006453091e-02
113.259 9.322829195311319039e-02
113.267 9.322067163602799911e-02
113.276 9.321305250004929821e-02
113.284 9.320543454288553187e-02
113.292 9.319781776754244851e-02
113.3 9.319020217021556363e-02
113.309 9.318258775012801254e-02
113.317 9.317497451078900206e-02
113.325 9.316736244864801120e-02
113.334 9.315975156519683276e-02
113.342 9.315214185865061669e-02
113.35 9.314453332974492739e-02
113.359 9.313692597770330261e-02
113.367 9.312931980326105696e-02
113.375 9.312171480362702036e-02
113.384 9.311411098029243050e-02
113.392 9.310650833273340088e-02
113.4 9.309890686017453787e-02
113.408 9.309130656284747563e-02
113.417 9.308370744123541096e-02
113.425 9.307610949405992207e-02
113.433 9.306851271954003080e-02
113.442 9.306091711866262828e-02
113.45 9.305332269115647315e-02
113.458 9.304572943800780427e-02
113.467 9.303813735743643454e-02
113.475 9.303054644841725340e-02
113.483 9.302295671093119278e-02
113.492 9.301536814546175480e-02
113.5 9.300778075324588057e-02
113.508 9.300019452999237768e-02
113.517 9.299260947794374399e-02
113.525 9.298502559733198836e-02
113.533 9.297744288663077616e-02
113.541 9.296986134607226893e-02
113.55 9.296228097262472512e-02
113.558 9.295470177003567480e-02
113.566 9.294712373778370174e-02
113.575 9.293954687183411667e-02
113.583 9.293197117518024741e-02
113.591 9.292439664629784102e-02
113.6 9.291682328391424883e-02
113.608 9.290925108976706703e-02
113.616 9.290168006258366085e-02
113.625 9.289411020109207551e-02
113.633 9.288654150652803088e-02
113.641 9.287897397761966933e-02
113.649 9.287140761535155054e-02
113.658 9.286384241795116179e-02
113.666 9.285627838439858284e-02
113.674 9.284871551642993881e-02
113.683 9.284115381302508740e-02
113.691 9.283359327291410001e-02
113.699 9.282603389733161403e-02
113.708 9.281847568425671824e-02
113.716 9.281091863417285925e-02
113.724 9.280336274806380570e-02
113.733 9.279580802390964556e-02
113.741 9.278825446194335913e-02
113.749 9.278070206139717169e-02
113.757 9.277315082175371930e-02
113.766 9.276560074374654019e-02
113.774 9.275805182735821774e-02
113.782 9.275050407007109921e-02
113.791 9.274295747361893660e-02
113.799 9.273541203823448820e-02
113.807 9.272786776015158605e-02
113.816 9.272032464160341603e-02
113.824 9.271278268332289185e-02
113.832 9.270524188329422322e-02
113.841 9.269770224075168930e-02
113.849 9.269016375667815666e-02
113.857 9.268262643105705523e-02
113.866 9.267509026137503436e-02
113.874 9.266755525011272088e-02
113.882 9.266002139525654491e-02
113.89 9.265248869479408844e-02
113.899 9.264495715195400494e-02
113.907 9.263742676522260244e-02
113.915 9.262989753358603917e-02
113.924 9.262236945652982389e-02
113.932 9.261484253503592112e-02
113.94 9.260731676734283713e-02
113.949 9.259979215368449590e-02
113.957 9.259226869504255664e-02
113.965 9.258474638791173994e-02
113.974 9.257722523551689675e-02
113.982 9.256970523634713843e-02
113.99 9.256218638889222861e-02
113.998 9.255466869463185864e-02
114.007 9.254715215130893124e-02
114.015 9.253963675890879148e-02
114.023 9.253212251965756141e-02
114.032 9.252460943030317575e-02
114.04 9.251709749182682185e-02
114.048 9.250958670496017833e-02
114.057 9.250207706645312278e-02
114.065 9.249456857778450003e-02
114.073 9.248706123918827571e-02
114.082 9.247955505040092450e-02
114.09 9.247205000892076698e-02
114.098 9.246454611647461630e-02
114.107 9.245704337304773424e-02
114.115 9.244954177638826931e-02
114.123 9.244204132697957099e-02
114.131 9.243454202605014269e-02
114.14 9.242704387209441097e-02
114.148 9.241954686335927815e-02
114.156 9.241205100057665878e-02
114.165 9.240455628596792870e-02
114.173 9.239706271678675698e-02
114.181 9.238957029152963796e-02
114.19 9.238207901216960449e-02
114.198 9.237458887745154945e-02
114.206 9.236709988711364061e-02
114.215 9.235961204139053748e-02
114.223 9.235212533803564827e-02
114.231 9.234463977877267749e-02
114.239 9.233715536383602096e-02
114.248 9.232967209147592558e-02
114.256 9.232218996043953241e-02
114.264 9.231470897244974105e-02
114.273 9.230722912774097511e-02
114.281 9.229975042282966002e-02
114.289 9.229227285869497088e-02
114.298 9.228479643656317677e-02
114.306 9.227732115567774396e-02
114.314 9.226984701503486430e-02
114.323 9.226237401338353850e-02
114.331 9.225490215194982746e-02
114.339 9.224743143047337002e-02
114.347 9.223996184819871491e-02
114.356 9.223249340536099350e-02
114.364 9.222502609922512973e-02
114.372 9.221755993225419501e-02
114.381 9.221009490418811960e-02
114.389 9.220263101254042026e-02
114.397 9.219516825779427993e-02
114.406 9.218770664166896223e-02
114.414 9.218024616093715984e-02
114.422 9.217278681632919135e-02
114.431 9.216532860931672677e-02
114.439 9.215787153716829827e-02
114.447 9.215041560036685286e-02
114.456 9.214296079890076097e-02
114.464 9.213550713177018348e-02
114.472 9.212805459970478672e-02
114.48 9.212060320195192276e-02
114.489 9.211315293800624582e-02
114.497 9.210570380760960130e-02
114.505 9.209825581075062328e-02
114.514 9.209080894692435459e-02
114.522 9.208336321562599069e-02
114.53 9.207591861610424366e-02
114.539 9.206847514933522159e-02
114.547 9.206103281481430034e-02
114.555 9.205359161055702566e-02
114.564 9.204615153852620246e-02
114.572 9.203871259747750666e-02
114.58 9.203127478641398573e-02
114.588 9.202383810532520358e-02
114.597 9.201640255444729077e-02
114.605 9.200896813327658075e-02
114.613 9.200153484130975390e-02
114.622 9.199410267779735417e-02
114.63 9.198667164470013258e-02
114.638 9.197924173979020457e-02
114.647 9.197181296157982966e-02
114.655 9.196438531178310893e-02
114.663 9.195695879014360863e-02
114.672 9.194953339492775712e-02
114.68 9.194210912661821000e-02
114.688 9.193468598495897759e-02
114.697 9.192726397043236852e-02
114.705 9.191984308106002088e-02
114.713 9.191242331781650232e-02
114.721 9.190500467970819098e-02
114.73 9.189758716672563610e-02
114.738 9.189017077885924811e-02
114.746 9.188275551462439517e-02
114.755 9.187534137622427322e-02
114.763 9.186792836094535841e-02
114.771 9.186051646730421238e-02
114.78 9.185310569799526315e-02
114.788 9.184569605300882400e-02
114.796 9.183828753037023840e-02
114.805 9.183088012933376953e-02
114.813 9.182347385136413465e-02
114.821 9.181606869375119606e-02
114.829 9.180866465795978204e-02
114.838 9.180126174422628682e-02
114.846 9.179385995082370298e-02
114.854 9.178645927798895210e-02
114.863 9.177905972546814006e-02
114.871 9.177166129276204121e-02
114.879 9.176426397986224559e-02
114.888 9.175686778577930858e-02
114.896 9.174947271197637921e-02
114.904 9.174207875599288409e-02
114.913 9.173468591831122898e-02
114.921 9.172729419965869324e-02
114.929 9.171990359806626858e-02
114.937 9.171251411426133149e-02
114.946 9.170512574799073724e-02
114.954 9.169773849875655081e-02
114.962 9.169035236557128432e-02
114.971 9.168296734965170058e-02
114.979 9.167558344952062011e-02
114.987 9.166820066443595594e-02
114.996 9.166081899536962507e-02
115.004 9.165343844133479190e-02
115.012 9.164605900281345974e-02
115.021 9.163868067832975361e-02
115.029 9.163130346787670688e-02
115.037 9.162392737144696431e-02
115.046 9.161655238952239044e-02
115.054 9.160917852013919505e-02
115.062 9.160180576377960349e-02
115.07 9.159443411994762363e-02
115.079 9.158706359034736455e-02
115.087 9.157969417130515377e-02
115.095 9.157232586428104559e-02
115.104 9.156495866951239182e-02
115.112 9.155759258601504913e-02
115.12 9.155022761304942858e-02
115.129 9.154286375109765839e-02
115.137 9.153550099893198455e-02
115.145 9.152813935752283914e-02
115.154 9.152077882686336652e-02
115.162 9.151341940426195587e-02
115.17 9.150606109142118971e-02
115.178 9.149870388735843740e-02
115.187 9.149134779206763435e-02
115.195 9.148399280456664950e-02
115.203 9.147663892655702456e-02
115.212 9.146928615583728439e-02
115.22 9.146193449093863170e-02
115.228 9.145458393526890994e-02
115.237 9.144723448589626991e-02
115.245 9.143988614135274695e-02
115.253 9.143253890601987788e-02
115.262 9.142519277550470447e-02
115.27 9.141784774955859227e-02
115.278 9.141050382988150091e-02
115.287 9.140316101622403266e-02
115.295 9.139581930614504302e-02
115.303 9.138847870037018761e-02
115.311 9.138113919962455312e-02
115.32 9.137380080244200675e-02
115.328 9.136646350954762130e-02
115.336 9.135912731947586074e-02
115.345 9.135179223197857634e-02
115.353 9.134445824826722959e-02
115.361 9.133712536639050639e-02
115.37 9.132979358683014637e-02
115.378 9.132246290909488973e-02
115.386 9.131513333342310135e-02
115.395 9.130780485835110483e-02
115.403 9.130047748460382029e-02
115.411 9.129315121144733480e-02
115.419 9.128582603912012428e-02
115.428 9.127850196713148401e-02
115.436 9.127117899401943069e-02
115.444 9.126385712099434333e-02
115.453 9.125653634683741910e-02
115.461 9.124921667251571777e-02
115.469 9.124189809608242163e-02
115.478 9.123458061777646455e-02
115.486 9.122726423880733737e-02
115.494 9.121994895650101243e-02
115.503 9.121263477279510645e-02
115.511 9.120532168622955127e-02
115.519 9.119800969558768122e-02
115.527 9.119069880062344313e-02
115.536 9.118338900448613726e-02
115.544 9.117608030377633010e-02
115.552 9.116877269752100832e-02
115.561 9.116146618911057098e-02
115.569 9.115416077369330183e-02
115.577 9.114685645320520779e-02
115.586 9.113955322958128269e-02
115.594 9.113225109748736286e-02
115.602 9.112495006079708582e-02
115.611 9.111765011902205058e-02
115.619 9.111035126901070869e-02
115.627 9.110305351148684228e-02
115.636 9.109575684862655787e-02
115.644 9.108846127776341894e-02
115.652 9.108116679962080520e-02
115.66 9.107387341322761842e-02
115.669 9.106658111761346819e-02
115.677 9.105928991471110012e-02
115.685 9.105199980282420447e-02
115.694 9.104471078146637864e-02
115.702 9.103742285039340132e-02
115.71 9.103013600984451170e-02
115.719 9.102285025981719790e-02
115.727 9.101556559861674611e-02
115.735 9.100828202769122022e-02
115.744 9.100099954607131225e-02
115.752 9.099371815254675422e-02
115.76 9.098643784759866127e-02
115.768 9.097915863122491009e-02
115.777 9.097188050318172348e-02
115.785 9.096460346225967997e-02
115.793 9.095732750918114617e-02
115.802 9.095005264273715861e-02
115.81 9.094277886389140475e-02
115.818 9.093550617119383617e-02
115.827 9.092823456512535985e-02
115.835 9.092096404447787272e-02
115.843 9.091369461021478471e-02
115.852 9.090642625992247094e-02
115.86 9.089915899601128113e-02
115.868 9.089189281727376446e-02
115.877 9.088462772226178765e-02
115.885 9.087736371217962350e-02
115.893 9.087010078582048733e-02
115.901 9.086283894318329668e-02
115.91 9.085557818450773482e-02
115.918 9.084831850931063268e-02
115.926 9.084105991518193202e-02
115.935 9.083380240356640767e-02
115.943 9.082654597663034068e-02
115.951 9.081929063076020492e-02
115.96 9.081203636595550077e-02
115.968 9.080478318197497678e-02
115.976 9.079753107954012525e-02
115.985 9.079028006057512923e-02
115.993 9.078303011954437507e-02
116.001 9.077578125933526143e-02
116.009 9.076853347946590989e-02
116.018 9.076128677873322725e-02
116.026 9.075404115857971243e-02
116.034 9.074679661684069421e-02
116.043 9.073955315471816940e-02
116.051 9.073231077100973874e-02
116.059 9.072506946331201916e-02
116.068 9.071782923619127470e-02
116.076 9.071059008748404151e-02
116.084 9.070335201406720671e-02
116.093 9.069611501858367009e-02
116.101 9.068887910127322594e-02
116.109 9.068164425925420713e-02
116.117 9.067441049396775254e-02
116.126 9.066717780517387359e-02
116.134 9.065994619263260945e-02
116.142 9.065271565490426453e-02
116.151 9.064548619078983960e-02
116.159 9.063825780364907769e-02
116.167 9.063103049204236650e-02
116.176 9.062380425357154101e-02
116.184 9.061657908847749188e-02
116.192 9.060935499819981753e-02
116.201 9.060213198130030732e-02
116.209 9.059491003754018001e-02
116.217 9.058768916692024054e-02
116.226 9.058046936968094931e-02
116.234 9.057325064342688914e-02
116.242 9.056603299151361197e-02
116.25 9.055881640962964996e-02
116.259 9.055160089921383826e-02
116.267 9.054438646146462100e-02
116.275 9.053717309350951814e-02
116.284 9.052996079702609056e-02
116.292 9.052274957177590398e-02
116.3 9.051553941512734125e-02
116.309 9.050833032899695263e-02
116.317 9.050112231290736997e-02
116.325 9.049391536638146105e-02
116.334 9.048670948870309039e-02
116.342 9.047950467939575026e-02
116.35 9.047230093846128640e-02
116.358 9.046509826709686619e-02
116.367 9.045789666315220967e-02
116.375 9.045069612567341322e-02
116.383 9.044349665681365724e-02
116.392 9.043629825609648953e-02
116.4 9.042910092113425058e-02
116.408 9.042190465264621224e-02
116.417 9.041470944944023092e-02
116.425 9.040751531390699147e-02
116.433 9.040032224437653807e-02
116.442 9.039313023870233776e-02
116.45 9.038593929999069743e-02
116.458 9.037874942585631677e-02
116.467 9.037156061606317625e-02
116.475 9.036437287061389878e-02
116.483 9.035718618855674567e-02
116.491 9.035000057204134460e-02
116.5 9.034281601820755292e-02
116.508 9.033563252658151355e-02
116.516 9.032845009978919537e-02
116.525 9.032126873544854551e-02
116.533 9.031408843213226123e-02
116.541 9.030690919103560865e-02
116.55 9.029973101382955669e-02
116.558 9.029255389813352350e-02
116.566 9.028537784228297947e-02
116.575 9.027820284747273272e-02
116.583 9.027102891465856038e-02
116.591 9.026385604122363904e-02
116.599 9.025668422907655308e-02
116.608 9.024951347631565701e-02
116.616 9.024234378294455905e-02
116.624 9.023517515039471137e-02
116.633 9.022800757605144162e-02
116.641 9.022084106063242570e-02
116.649 9.021367560461707180e-02
116.658 9.020651120586777039e-02
116.666 9.019934786534007654e-02
116.674 9.019218558398874042e-02
116.683 9.018502435848835264e-02
116.691 9.017786419122064689e-02
116.699 9.017070507981218841e-02
116.707 9.016354702569333301e-02
116.716 9.015639002863019835e-02
116.724 9.014923408791369885e-02
116.732 9.014207920188498091e-02
116.741 9.013492537197380361e-02
116.749 9.012777259699673860e-02
116.757 9.012062087838287883e-02
116.766 9.011347021518621714e-02
116.774 9.010632060361276063e-02
116.782 9.009917204770305499e-02
116.791 9.009202454674893057e-02
116.799 9.008487809838167104e-02
116.807 9.007773270355530493e-02
116.816 9.007058836203715724e-02
116.824 9.006344507359459461e-02
116.832 9.005630283775790945e-02
116.84 9.004916165453191734e-02
116.849 9.004202152321008623e-02
116.857 9.003488244332311097e-02
116.865 9.002774441606116451e-02
116.874 9.002060743858504577e-02
116.882 9.001347151232198807e-02
116.89 9.000633663798776607e-02
116.899 8.999920281369176711e-02
116.907 8.999207003967633900e-02
116.915 8.998493831523617092e-02
116.924 8.997780764037660584e-02
116.932 8.997067801486621774e-02
116.94 8.996354943894711853e-02
116.948 8.995642191167786683e-02
116.957 8.994929543259057303e-02
116.965 8.994217000240084525e-02
116.973 8.993504562087731302e-02
116.982 8.992792228542346999e-02
116.99 8.992079999817416402e-02
116.998 8.991367875818892519e-02
117.007 8.990655856618280650e-02
117.015 8.989943942026998314e-02
117.023 8.989232132022009769e-02
117.032 8.988520426603935354e-02
117.04 8.987808825867900364e-02
117.048 8.987097329719967442e-02
117.057 8.986385938018968955e-02
117.065 8.985674650883671011e-02
117.073 8.984963468243804818e-02
117.081 8.984252389981925435e-02
117.09 8.983541416193120688e-02
117.098 8.982830546830793128e-02
117.106 8.982119781848359186e-02
117.115 8.981409121199256107e-02
117.123 8.980698564789747762e-02
117.131 8.979988112714892834e-02
117.14 8.979277765046102255e-02
117.148 8.978567521524520589e-02
117.156 8.977857382174431189e-02
117.165 8.977147347067271355e-02
117.173 8.976437416015062287e-02
117.181 8.975727589254287042e-02
117.189 8.975017866620559059e-02
117.198 8.974308247855319887e-02
117.206 8.973598733430634966e-02
117.214 8.972889322852316274e-02
117.223 8.972180016191810825e-02
117.231 8.971470813732514149e-02
117.239 8.970761715121779167e-02
117.248 8.970052720431026527e-02
117.256 8.969343829637423104e-02
117.264 8.968635042718160755e-02
117.273 8.967926359603357878e-02
117.281 8.967217780340848432e-02
117.289 8.966509304860761920e-02
117.297 8.965800933187371979e-02
117.306 8.965092665203802658e-02
117.314 8.964384500863795124e-02
117.322 8.963676440356270481e-02
117.331 8.962968483399770536e-02
117.339 8.962260630206710099e-02
117.347 8.961552880495726736e-02
117.356 8.960845234432178452e-02
117.364 8.960137691899322521e-02
117.372 8.959430252850966725e-02
117.381 8.958722917334921432e-02
117.389 8.958015685258000071e-02
117.397 8.957308556691495616e-02
117.406 8.956601531542253414e-02
117.414 8.955894609740654155e-02
117.422 8.955187791334487390e-02
117.43 8.954481076301100406e-02
117.439 8.953774464500484365e-02
117.447 8.953067956050853038e-02
117.455 8.952361550882620422e-02
117.464 8.951655248879326898e-02
117.472 8.950949050182595290e-02
117.48 8.950242954558705610e-02
117.489 8.949536962196168177e-02
117.497 8.948831073025459437e-02
117.505 8.948125286719209315e-02
117.514 8.947419603653448961e-02
117.522 8.946714023735234667e-02
117.53 8.946008546707645559e-02
117.538 8.945303172712197604e-02
117.547 8.944597901585797650e-02
117.555 8.943892733563618691e-02
117.563 8.943187668459133544e-02
117.572 8.942482706156168470e-02
117.58 8.941777846819576325e-02
117.588 8.941073090309765992e-02
117.597 8.940368436534035235e-02
117.605 8.939663885633775120e-02
117.613 8.938959437399278396e-02
117.622 8.938255092065496010e-02
117.63 8.937550849422754018e-02
117.638 8.936846709401831401e-02
117.647 8.936142672003717646e-02
117.655 8.935438737276146792e-02
117.663 8.934734905196679844e-02
117.671 8.934031175696134641e-02
117.68 8.933327548705367882e-02
117.688 8.932624024295485188e-02
117.696 8.931920602350597316e-02
117.705 8.931217282988537787e-02
117.713 8.930514066023359510e-02
117.721 8.929810951409365705e-02
117.73 8.929107939334419985e-02
117.738 8.928405029636010681e-02
117.746 8.927702222105017571e-02
117.755 8.926999516975969717e-02
117.763 8.926296914203177280e-02
117.771 8.925594413717616304e-02
117.779 8.924892015496981024e-02
117.788 8.924189719402292331e-02
117.796 8.923487525597938175e-02
117.804 8.922785433991611836e-02
117.813 8.922083444397770069e-02
117.821 8.921381556887479636e-02
117.829 8.920679771648332146e-02
117.838 8.919978088354939272e-02
117.846 8.919276507148267419e-02
117.854 8.918575028029371299e-02
117.863 8.917873650789573392e-02
117.871 8.917172375546493501e-02
117.879 8.916471202254602768e-02
117.887 8.915770130938280302e-02
117.896 8.915069161319121027e-02
117.904 8.914368293724307668e-02
117.912 8.913667528015166430e-02
117.921 8.912966864006559298e-02
117.929 8.912266301862568907e-02
117.937 8.911565841374827213e-02
117.946 8.910865482660834669e-02
117.954 8.910165225651907328e-02
117.962 8.909465070372438178e-02
117.971 8.908765016707242967e-02
117.979 8.908065064680724399e-02
117.987 8.907365214224274852e-02
117.996 8.906665465432049567e-02
118.004 8.905965818235429821e-02
118.012 8.905266272449598175e-02
118.02 8.904566828145495105e-02
118.029 8.903867485417239769e-02
118.037 8.903168244126560826e-02
118.045 8.902469104181714998e-02
118.054 8.901770065746505978e-02
118.062 8.901071128636281471e-02
118.07 8.900372292829038245e-02
118.079 8.899673558395629347e-02
118.087 8.898974925267595648e-02
118.095 8.898276393515767990e-02
118.104 8.897577962816412278e-02
118.112 8.896879633449263081e-02
118.12 8.896181405299488643e-02
118.128 8.895483278229117385e-02
118.137 8.894785252355388860e-02
118.145 8.894087327656308162e-02
118.153 8.893389504040347115e-02
118.162 8.892691781485559388e-02
118.17 8.891994159970016687e-02
118.178 8.891296639494959686e-02
118.187 8.890599219922591667e-02
118.195 8.889901901370061976e-02
118.203 8.889204683838614063e-02
118.212 8.888507567213649319e-02
118.22 8.887810551287993188e-02
118.228 8.887113636456692167e-02
118.236 8.886416822443078678e-02
118.245 8.885720109178969761e-02
118.253 8.885023496781442598e-02
118.261 8.884326985066592908e-02
118.27 8.883630574105177979e-02
118.278 8.882934263829074528e-02
118.286 8.882238054378419068e-02
118.295 8.881541945500011359e-02
118.303 8.880845937357105535e-02
118.311 8.880150029812226842e-02
118.32 8.879454222727974078e-02
118.328 8.878758516244446286e-02
118.336 8.878062910386075313e-02
118.345 8.877367404923031113e-02
118.353 8.876672000180246824e-02
118.361 8.875976695766157887e-02
118.369 8.875281491751489671e-02
118.378 8.874586388206902321e-02
118.386 8.873891384972065755e-02
118.394 8.873196482210028713e-02
118.403 8.872501679806663044e-02
118.411 8.871806977601720545e-02
118.419 8.871112375758219426e-02
118.428 8.870417874139023551e-02
118.436 8.869723472814773635e-02
118.444 8.869029171740677731e-02
118.453 8.868334970733561529e-02
118.461 8.867640870048613955e-02
118.469 8.866946869410406717e-02
118.477 8.866252968866493445e-02
118.486 8.865559168441369819e-02
118.494 8.864865468159482953e-02
118.502 8.864171867837822294e-02
118.511 8.863478367500883526e-02
118.519 8.862784967196206398e-02
118.527 8.862091666902160991e-02
118.536 8.861398466551058395e-02
118.544 8.860705366052189225e-02
118.552 8.860012365430071368e-02
118.561 8.859319464755238682e-02
118.569 8.858626663890972752e-02
118.577 8.857933962861751220e-02
118.586 8.857241361484895215e-02
118.594 8.856548860015095448e-02
118.602 8.855856458361725803e-02
118.61 8.855164156342147652e-02
118.619 8.854471953957883390e-02
118.627 8.853779851302451265e-02
118.635 8.853087848239329927e-02
118.644 8.852395944884999812e-02
118.652 8.851704141148965255e-02
118.66 8.851012436825798912e-02
118.669 8.850320832169940310e-02
118.677 8.849629327090903497e-02
118.685 8.848937921406339890e-02
118.694 8.848246615209730270e-02
118.702 8.847555408387715314e-02
118.71 8.846864300987798690e-02
118.718 8.846173293218215217e-02
118.727 8.845482384644087759e-02
118.735 8.844791575335923806e-02
118.743 8.844100865478951579e-02
118.752 8.843410255028762157e-02
118.76 8.842719743619652240e-02
118.768 8.842029331505703305e-02
118.777 8.841339018734345467e-02
118.785 8.840648805054739101e-02
118.793 8.839958690629075300e-02
118.802 8.839268675390089813e-02
118.81 8.838578759110025940e-02
118.818 8.837888942019823946e-02
118.826 8.837199224143967025e-02
118.835 8.836509605208922591e-02
118.843 8.835820085147573499e-02
118.851 8.835130664328237626e-02
118.86 8.834441342385830620e-02
118.868 8.833752119344903675e-02
118.876 8.833062995344533042e-02
118.885 8.832373970157257614e-02
118.893 8.831685043945046443e-02
118.901 8.830996216595000947e-02
118.91 8.830307487971381097e-02
118.918 8.829618858213215959e-02
118.926 8.828930327253459165e-02
118.935 8.828241895116635540e-02
118.943 8.827553561552672901e-02
118.951 8.826865326746309581e-02
118.959 8.826177190744938228e-02
118.968 8.825489153344327764e-02
118.976 8.824801214591901366e-02
118.984 8.824113374374996377e-02
118.993 8.823425632809635266e-02
119.001 8.822737989828892402e-02
119.009 8.822050445320163414e-02
119.018 8.821362999330857602e-02
119.026 8.820675651862683320e-02
119.034 8.819988402962998519e-02
119.043 8.819301252519248790e-02
119.051 8.818614200350417820e-02
119.059 8.817927246549622788e-02
119.067 8.817240391187078363e-02
119.076 8.816553634195983813e-02
119.084 8.815866975509566161e-02
119.092 8.815180415106736722e-02
119.101 8.814493952989227443e-02
119.109 8.813807589181579805e-02
119.117 8.813121323525807682e-02
119.126 8.812435156046495577e-02
119.134 8.811749086813822074e-02
119.142 8.811063115715478400e-02
119.151 8.810377242730417502e-02
119.159 8.809691467860421288e-02
119.167 8.809005791107232808e-02
119.176 8.808320212313063002e-02
119.184 8.807634731570876396e-02
119.192 8.806949348928004573e-02
119.2 8.806264064295064864e-02
119.209 8.805578877514370906e-02
119.217 8.804893788633298690e-02
119.225 8.804208797813070642e-02
119.234 8.803523904782183107e-02
119.242 8.802839109542474894e-02
119.25 8.802154412300638997e-02
119.259 8.801469812785302216e-02
119.267 8.800785311157612034e-02
119.275 8.800100907305566378e-02
119.284 8.799416601003480498e-02
119.292 8.798732392503480493e-02
119.3 8.798048281830096740e-02
119.308 8.797364268780440144e-02
119.317 8.796680353265406982e-02
119.325 8.795996535400567307e-02
119.333 8.795312815233209680e-02
119.342 8.794629192583312827e-02
119.35 8.793945667543651146e-02
119.358 8.793262239979730832e-02
119.367 8.792578909893428163e-02
119.375 8.791895677286616639e-02
119.383 8.791212542161162824e-02
119.392 8.790529504541634565e-02
119.4 8.789846564316354527e-02
119.408 8.789163721373688398e-02
119.416 8.788480975851753474e-02
119.425 8.787798327638939033e-02
119.433 8.787115776714451987e-02
119.441 8.786433323148264141e-02
119.45 8.785750966874186774e-02
119.458 8.785068707848744940e-02
119.466 8.784386545915087718e-02
119.475 8.783704481301937705e-02
119.483 8.783022513920465957e-02
119.491 8.782340643432499927e-02
119.5 8.781658870157421637e-02
119.508 8.780977194119785056e-02
119.516 8.780295615185493285e-02
119.525 8.779614133175198121e-02
119.533 8.778932748090896576e-02
119.541 8.778251460183747468e-02
119.549 8.777570269251783186e-02
119.558 8.776889175251662012e-02
119.566 8.776208178185357367e-02
119.574 8.775527278032184408e-02
119.583 8.774846474726191725e-02
119.591 8.774165768269365229e-02
119.599 8.773485158754208701e-02
119.608 8.772804645933744705e-02
119.616 8.772124229991000444e-02
119.624 8.771443910837438407e-02
119.633 8.770763688407186287e-02
119.641 8.770083562611781514e-02
119.649 8.769403533634149983e-02
119.657 8.768723601340581986e-02
119.666 8.768043765529640043e-02
119.674 8.767364026497220797e-02
119.682 8.766684384109682537e-02
119.691 8.766004838188247439e-02
119.699 8.765325388847955423e-02
119.707 8.764646035955274417e-02
119.716 8.763966779670372131e-02
119.724 8.763287619904903958e-02
119.732 8.762608556615732180e-02
119.741 8.761929589737157964e-02
119.749 8.761250719226082451e-02
119.757 8.760571945084573431e-02
119.766 8.759893267359830649e-02
119.774 8.759214686053883037e-02
119.782 8.758536201033385871e-02
119.79 8.757857812232744399e-02
119.799 8.757179519766838949e-02
119.807 8.756501323547495608e-02
119.815 8.755823223554244639e-02
119.824 8.755145219676432888e-02
119.832 8.754467312186695049e-02
119.84 8.753789500794011136e-02
119.849 8.753111785432891867e-02
119.857 8.752434166195595389e-02
119.865 8.751756643084228349e-02
119.874 8.751079216078332113e-02
119.882 8.750401885089909015e-02
119.89 8.749724650053510022e-02
119.898 8.749047511061353033e-02
119.907 8.748370468138032263e-02
119.915 8.747693521015503793e-02
119.923 8.747016669898520502e-02
119.932 8.746339914631641455e-02
119.94 8.745663255239524703e-02
119.948 8.744986691859295280e-02
119.957 8.744310224178084012e-02
119.965 8.743633852310560284e-02
119.973 8.742957576168906841e-02
119.982 8.742281395890214024e-02
119.99 8.741605311409142431e-02
119.998 8.740929322525513301e-02
120.006 8.740253429353916914e-02
120.015 8.739577631874038965e-02
120.023 8.738901930088033287e-02
120.031 8.738226323773386206e-02
120.04 8.737550813179444098e-02
120.048 8.736875398173565843e-02
120.056 8.736200078735475993e-02
120.065 8.735524854710172149e-02
120.073 8.734849726279507454e-02
120.081 8.734174693468095552e-02
120.09 8.733499755918942842e-02
120.098 8.732824913768995334e-02
120.106 8.732150167177553379e-02
120.115 8.731475515944840671e-02
120.123 8.730800960095512486e-02
120.131 8.730126499631793435e-02
120.139 8.729452134376461392e-02
120.148 8.728777864511190476e-02
120.156 8.728103689836375079e-02
120.164 8.727429610466384824e-02
120.173 8.726755626425848622e-02
120.181 8.726081737537667860e-02
120.189 8.725407943714477699e-02
120.198 8.724734245160235824e-02
120.206 8.724060641765125912e-02
120.214 8.723387133419405193e-02
120.223 8.722713720304528517e-02
120.231 8.722040402042026408e-02
120.239 8.721367178858149827e-02
120.247 8.720694050934259256e-02
120.256 8.720021017891994852e-02
120.264 8.719348079688940545e-02
120.272 8.718675236730222267e-02
120.281 8.718002488503395764e-02
120.289 8.717329835122686332e-02
120.297 8.716657276791744957e-02
120.306 8.715984813199667558e-02
120.314 8.715312444639532197e-02
120.322 8.714640170644009920e-02
120.331 8.713967991506157973e-02
120.339 8.713295907340015689e-02
120.347 8.712623917946675511e-02
120.356 8.711952022993238454e-02
120.364 8.711280222750279745e-02
120.372 8.710608517510545767e-02
120.38 8.709936906717802296e-02
120.389 8.709265390530802897e-02
120.397 8.708593969018904590e-02
120.405 8.707922642162087279e-02
120.414 8.707251409851048118e-02
120.422 8.706580271976534224e-02
120.43 8.705909228764133201e-02
120.439 8.705238279970665960e-02
120.447 8.704567425687781412e-02
120.455 8.703896665739353777e-02
120.464 8.703226000440088261e-02
120.472 8.702555429569230894e-02
120.48 8.701884952794648742e-02
120.488 8.701214570520185432e-02
120.497 8.700544282703580323e-02
120.505 8.699874089168842251e-02
120.513 8.699203989851511665e-02
120.522 8.698533984798587082e-02
120.53 8.697864074057023998e-02
120.538 8.697194257629209391e-02
120.547 8.696524535317022575e-02
120.555 8.695854906967000197e-02
120.563 8.695185373071574741e-02
120.572 8.694515933321315948e-02
120.58 8.693846587651840596e-02
120.588 8.693177336021072621e-02
120.596 8.692508178453700607e-02
120.605 8.691839114929919563e-02
120.613 8.691170145452158102e-02
120.621 8.690501269956103780e-02
120.63 8.689832488666650312e-02
120.638 8.689163801030098944e-02
120.646 8.688495207315888313e-02
120.655 8.687826707726609143e-02
120.663 8.687158302064520998e-02
120.671 8.686489990087539748e-02
120.68 8.685821771953798620e-02
120.688 8.685153647799100096e-02
120.696 8.684485617381419720e-02
120.705 8.683817680725477994e-02
120.713 8.683149837789326531e-02
120.721 8.682482088575467494e-02
120.729 8.681814433130792541e-02
120.738 8.681146871346746841e-02
120.746 8.680479403336845146e-02
120.754 8.679812028948138969e-02
120.763 8.679144748049950897e-02
120.771 8.678477560844589933e-02
120.779 8.677810467179181142e-02
120.788 8.677143467056253057e-02
120.796 8.676476560500498425e-02
120.804 8.675809747470067390e-02
120.813 8.675143027923111483e-02
120.821 8.674476401817805826e-02
120.829 8.673809869178852883e-02
120.837 8.673143429986615582e-02
120.846 8.672477084088445198e-02
120.854 8.671810831664235331e-02
120.862 8.671144672627831285e-02
120.871 8.670478606893149143e-02
120.879 8.669812634484898306e-02
120.887 8.669146755250570213e-02
120.896 8.668480969369941891e-02
120.904 8.667815276756961340e-02
120.912 8.667149677303474797e-02
120.921 8.666484171078484011e-02
120.929 8.665818758040269576e-02
120.937 8.665153438147142617e-02
120.946 8.664488211357426750e-02
120.954 8.663823077740083478e-02
120.962 8.663158037209177376e-02
120.97 8.662493089723055650e-02
120.979 8.661828235240089102e-02
120.987 8.661163473851338224e-02
120.995 8.660498805316141357e-02
121.004 8.659834229968790820e-02
121.012 8.659169747502327985e-02
121.02 8.658505357897293420e-02
121.029 8.657841061333107491e-02
121.037 8.657176857547189963e-02
121.045 8.656512746674759062e-02
121.054 8.655848728630056999e-02
121.062 8.655184803437794561e-02
121.07 8.654520971034346255e-02
121.078 8.653857231400266525e-02
121.087 8.653193584471957633e-02
121.095 8.652530030384524007e-02
121.103 8.651866568986071870e-02
121.112 8.651203200146834194e-02
121.12 8.650539924134308112e-02
121.128 8.649876740774574413e-02
121.137 8.649213649982050167e-02
121.145 8.648550651649140886e-02
121.153 8.647887746197578662e-02
121.162 8.647224933166841598e-02
121.17 8.646562212581715423e-02
121.178 8.645899584643297608e-02
121.186 8.645237049089725401e-02
121.195 8.644574606055942245e-02
121.203 8.643912255610722295e-02
121.211 8.643249997316047872e-02
121.22 8.642587831659370723e-02
121.228 8.641925758334911833e-02
121.236 8.641263777367422239e-02
121.245 8.640601888737579894e-02
121.253 8.639940092227917090e-02
121.261 8.639278388193448455e-02
121.27 8.638616776570778866e-02
121.278 8.637955257054447111e-02
121.286 8.637293829713250937e-02
121.295 8.636632494769955204e-02
121.303 8.635971251853213904e-02
121.311 8.635310101053815524e-02
121.319 8.634649042572443978e-02
121.328 8.633988076191859151e-02
121.336 8.633327201760894465e-02
121.344 8.632666419524184787e-02
121.353 8.632005729264614902e-02
121.361 8.631345131182763253e-02
121.369 8.630684625017620570e-02
121.378 8.630024210750018854e-02
121.386 8.629363888602437083e-02
121.394 8.628703658445777136e-02
121.403 8.628043520063155558e-02
121.411 8.627383473720931506e-02
121.419 8.626723519246161376e-02
121.427 8.626063656509892763e-02
121.436 8.625403885646666657e-02
121.444 8.624744206549513070e-02
121.452 8.624084619418742603e-02
121.461 8.623425124037649436e-02
121.469 8.622765720409034107e-02
121.477 8.622106408382147757e-02
121.486 8.621447188157234376e-02
121.494 8.620788059627403077e-02
121.502 8.620129022685822651e-02
121.511 8.619470077466882818e-02
121.519 8.618811223885673722e-02
121.527 8.618152461857336855e-02
121.536 8.617493791384701896e-02
121.544 8.616835212580166437e-02
121.552 8.616176725183607998e-02
121.56 8.615518329438863476e-02
121.569 8.614860025173483316e-02
121.577 8.614201812258918955e-02
121.585 8.613543690851328816e-02
121.594 8.612885660953535638e-02
121.602 8.612227722415106979e-02
121.61 8.611569875129479468e-02
121.619 8.610912119318403501e-02
121.627 8.610254455006574603e-02
121.635 8.609596881759200293e-02
121.644 8.608939399863639597e-02
121.652 8.608282009410228586e-02
121.66 8.607624710095589105e-02
121.668 8.606967501988230240e-02
121.677 8.606310385134782748e-02
121.685 8.605653359581823258e-02
121.693 8.604996425069887100e-02
121.702 8.604339581667479198e-02
121.71 8.603682829530472087e-02
121.718 8.603026168377660154e-02
121.727 8.602369598430449626e-02
121.735 8.601713119495094095e-02
121.743 8.601056731596365412e-02
121.752 8.600400434737166810e-02
121.76 8.599744228833057502e-02
121.768 8.599088113996125604e-02
121.776 8.598432089989138660e-02
121.785 8.597776157076972292e-02
121.793 8.597120315066071605e-02
121.801 8.596464563719354024e-02
121.81 8.595808903432543280e-02
121.818 8.595153334012169133e-02
121.826 8.594497855395723251e-02
121.835 8.593842467498918891e-02
121.843 8.593187170477376013e-02
121.851 8.592531964312195847e-02
121.86 8.591876848831893343e-02
121.868 8.591221823974051763e-02
121.876 8.590566889828853137e-02
121.885 8.589912046442813032e-02
121.893 8.589257293709932906e-02
121.901 8.588602631720300418e-02
121.909 8.587948060193706379e-02
121.918 8.587293579198505833e-02
121.926 8.586639188977221449e-02
121.934 8.585984889227935013e-02
121.943 8.585330679888364402e-02
121.951 8.584676561200960121e-02
121.959 8.584022532972777897e-02
121.968 8.583368595315622740e-02
121.976 8.582714747971362246e-02
121.984 8.582060990986553617e-02
121.993 8.581407324581728779e-02
122.001 8.580753748607580778e-02
122.009 8.580100262806154843e-02
122.017 8.579446867376221142e-02
122.026 8.578793562385987614e-02
122.034 8.578140347642791708e-02
122.042 8.577487223106208813e-02
122.051 8.576834188953137705e-02
122.059 8.576181244969263706e-02
122.067 8.575528391309719667e-02
122.076 8.574875627716831150e-02
122.084 8.574222954258838014e-02
122.092 8.573570371025653059e-02
122.101 8.572917877955150978e-02
122.109 8.572265475006937696e-02
122.117 8.571613162010408016e-02
122.126 8.570960939142287238e-02
122.134 8.570308806492407672e-02
122.142 8.569656763738286998e-02
122.15 8.569004810926436622e-02
122.159 8.568352948190077756e-02
122.167 8.567701175380426637e-02
122.175 8.567049492543930833e-02
122.184 8.566397899640287861e-02
122.192 8.565746396694244591e-02
122.2 8.565094983513756033e-02
122.209 8.564443660145301673e-02
122.217 8.563792426765355625e-02
122.225 8.563141283095249134e-02
122.234 8.562490229224778426e-02
122.242 8.561839265287006506e-02
122.25 8.561188391025061073e-02
122.258 8.560537606377092990e-02
122.267 8.559886911541136900e-02
122.275 8.559236306368699088e-02
122.283 8.558585790884559730e-02
122.292 8.557935365048517651e-02
122.3 8.557285028863698129e-02
122.308 8.556634782246647086e-02
122.317 8.555984625330326221e-02
122.325 8.555334557923105487e-02
122.333 8.554684579941618239e-02
122.342 8.554034691583689565e-02
122.35 8.553384892744289592e-02
122.358 8.552735183383308737e-02
122.366 8.552085563482265951e-02
122.375 8.551436032979456425e-02
122.383 8.550786591921273605e-02
122.391 8.550137240332462973e-02
122.4 8.549487978108114006e-02
122.408 8.548838805186573242e-02
122.416 8.548189721614231351e-02
122.425 8.547540727329445975e-02
122.433 8.546891822421770479e-02
122.441 8.546243006829561117e-02
122.45 8.545594280404858467e-02
122.458 8.544945643237207566e-02
122.466 8.544297095265024344e-02
122.475 8.543648636513077876e-02
122.483 8.543000266855081681e-02
122.491 8.542351986337391734e-02
122.499 8.541703795200493443e-02
122.508 8.541055693102374280e-02
122.516 8.540407679852173028e-02
122.524 8.539759755711935629e-02
122.533 8.539111920878880713e-02
122.541 8.538464174968085629e-02
122.549 8.537816518025911905e-02
122.558 8.537168950055577799e-02
122.566 8.536521471103401815e-02
122.574 8.535874081043302863e-02
122.583 8.535226779813909204e-02
122.591 8.534579567720010362e-02
122.599 8.533932444484779167e-02
122.607 8.533285409960711387e-02
122.616 8.532638464344879936e-02
122.624 8.531991607532853072e-02
122.632 8.531344839592443219e-02
122.641 8.530698160397734431e-02
122.649 8.530051569995025784e-02
122.657 8.529405068279966029e-02
122.666 8.528758655234314201e-02
122.674 8.528112331033418925e-02
122.682 8.527466095422396586e-02
122.691 8.526819948490553525e-02
122.699 8.526173890241141307e-02
122.707 8.525527920569915541e-02
122.716 8.524882039437169101e-02
122.724 8.524236246953655061e-02
122.732 8.523590543079639925e-02
122.74 8.522944927539043147e-02
122.749 8.522299400721947138e-02
122.757 8.521653962330805188e-02
122.765 8.521008612454847309e-02
122.774 8.520363350989959561e-02
122.782 8.519718177896520861e-02
122.79 8.519073093349593950e-02
122.799 8.518428097137763222e-02
122.807 8.517783189285801915e-02
122.815 8.517138369797035147e-02
122.824 8.516493638696209789e-02
122.832 8.515848995836430846e-02
122.84 8.515204441285391390e-02
122.848 8.514559975024955929e-02
122.857 8.513915596951202036e-02
122.865 8.513271307131799193e-02
122.873 8.512627105570060027e-02
122.882 8.511982992162113459e-02
122.89 8.511338966997038236e-02
122.898 8.510695029949538748e-02
122.907 8.510051181001540566e-02
122.915 8.509407420113543341e-02
122.923 8.508763747353172147e-02
122.932 8.508120162723756263e-02
122.94 8.507476666121525921e-02
122.948 8.506833257528437220e-02
122.956 8.506189936969252297e-02
122.965 8.505546704340272157e-02
122.973 8.504903559644878819e-02
122.981 8.504260503079077993e-02
122.99 8.503617534325155769e-02
122.998 8.502974653343736700e-02
123.006 8.502331860480538683e-02
123.015 8.501689155503555639e-02
123.023 8.501046538138094799e-02
123.031 8.500404008622873542e-02
123.04 8.499761567089558767e-02
123.048 8.499119213284898888e-02
123.056 8.498476947212317556e-02
123.065 8.497834768896586621e-02
123.073 8.497192678341097816e-02
123.081 8.496550675549226217e-02
123.089 8.495908760267968651e-02
123.098 8.495266932650331893e-02
123.106 8.494625192827885696e-02
123.114 8.493983540654470588e-02
123.123 8.493341976026720641e-02
123.131 8.492700498819975852e-02
123.139 8.492059109315235055e-02
123.148 8.491417807387789674e-02
123.156 8.490776592891657870e-02
123.164 8.490135466022354083e-02
123.173 8.489494426655240511e-02
123.181 8.488853474601733284e-02
123.189 8.488212610014646275e-02
123.197 8.487571833025368828e-02
123.206 8.486931143317406889e-02
123.214 8.486290541000848786e-02
123.222 8.485650026057822704e-02
123.231 8.485009598406512143e-02
123.239 8.484369258114325685e-02
123.247 8.483729005078147201e-02
123.256 8.483088839365381106e-02
123.264 8.482448761000770110e-02
123.272 8.481808769838636297e-02
123.281 8.481168865839855409e-02
123.289 8.480529049093107896e-02
123.297 8.479889319580546925e-02
123.306 8.479249677220480896e-02
123.314 8.478610121867358185e-02
123.322 8.477970653631144993e-02
123.33 8.477331272749427660e-02
123.339 8.476691978821292162e-02
123.347 8.476052771914099893e-02
123.355 8.475413652052637969e-02
123.364 8.474774619219128946e-02
123.372 8.474135673480871767e-02
123.38 8.473496814671203914e-02
123.389 8.472858042857442373e-02
123.397 8.472219357979303422e-02
123.405 8.471580759912761271e-02
123.414 8.470942248831396515e-02
123.422 8.470303824653686864e-02
123.43 8.469665487361896505e-02
123.438 8.469027236938293790e-02
123.447 8.468389073343901563e-02
123.455 8.467750996433578980e-02
123.463 8.467113006402018915e-02
123.472 8.466475103146556269e-02
123.48 8.465837286607022505e-02
123.488 8.465199556893107657e-02
123.497 8.464561913753614053e-02
123.505 8.463924357340689431e-02
123.513 8.463286887657857360e-02
123.522 8.462649504538918843e-02
123.53 8.462012208051092332e-02
123.538 8.461374998240353551e-02
123.546 8.460737875025395316e-02
123.555 8.460100838409775892e-02
123.563 8.459463888227433670e-02
123.571 8.458827024609166800e-02
123.58 8.458190247579719379e-02
123.588 8.457553556930708094e-02
123.596 8.456916952771698082e-02
123.605 8.456280435148627594e-02
123.613 8.455644004022667970e-02
123.621 8.455007659164381906e-02
123.63 8.454371400662118174e-02
123.638 8.453735228604190854e-02
123.646 8.453099142972973767e-02
123.655 8.452463143581502580e-02
123.663 8.451827230475743302e-02
123.671 8.451191403765129229e-02
123.679 8.450555663326241029e-02
123.688 8.449920009056892389e-02
123.696 8.449284441172284776e-02
123.704 8.448648959443277873e-02
123.713 8.448013563810048698e-02
123.721 8.447378254382000018e-02
123.729 8.446743031078149389e-02
123.738 8.446107894028986873e-02
123.746 8.445472843195794832e-02
123.754 8.444837878286264032e-02
123.763 8.444202999452017633e-02
123.771 8.443568206696697165e-02
123.779 8.442933499981654377e-02
123.787 8.442298879458413896e-02
123.796 8.441664344729213343e-02
123.804 8.441029895966742358e-02
123.812 8.440395533364683511e-02
123.821 8.439761256546569890e-02
123.829 8.439127065642770820e-02
123.837 8.438492960699163492e-02
123.846 8.437858941719371397e-02
123.854 8.437225008453792807e-02
123.862 8.436591161117147630e-02
123.871 8.435957399734161921e-02
123.879 8.435323723970936105e-02
123.887 8.434690133936680045e-02
123.895 8.434056629867049681e-02
123.904 8.433423211470447711e-02
123.912 8.432789878771657088e-02
123.92 8.432156631732211360e-02
123.929 8.431523470440123458e-02
123.937 8.430890394899052953e-02
123.945 8.430257405028364348e-02
123.954 8.429624500726395908e-02
123.962 8.428991681912606504e-02
123.97 8.428358948822428642e-02
123.979 8.427726301396326614e-02
123.987 8.427093739301050324e-02
123.995 8.426461262835152621e-02
124.004 8.425828871918099316e-02
124.012 8.425196566553572186e-02
124.02 8.424564346618990118e-02
124.028 8.423932212139133291e-02
124.037 8.423300163033556331e-02
124.045 8.422668199390147270e-02
124.053 8.422036321254676439e-02
124.062 8.421404528294328118e-02
124.07 8.420772820891425647e-02
124.078 8.420141198797298498e-02
124.087 8.419509661952631618e-02
124.095 8.418878210382203797e-02
124.103 8.418246844131803408e-02
124.112 8.417615563205152474e-02
124.12 8.416984367500905673e-02
124.128 8.416353257064843052e-02
124.136 8.415722231774652728e-02
124.145 8.415091291613109592e-02
124.153 8.414460436751987349e-02
124.161 8.413829666985017663e-02
124.17 8.413198982420953820e-02
124.178 8.412568382874593964e-02
124.186 8.411937868454685829e-02
124.195 8.411307438997094044e-02
124.203 8.410677094757437744e-02
124.211 8.410046835571563517e-02
124.22 8.409416661338350862e-02
124.228 8.408786572040630181e-02
124.236 8.408156567661233260e-02
124.245 8.407526648392685265e-02
124.253 8.406896814175805754e-02
124.261 8.406267064657957366e-02
124.269 8.405637400115510693e-02
124.278 8.405007820426471654e-02
124.286 8.404378325636560620e-02
124.294 8.403748915749559290e-02
124.303 8.403119590601650091e-02
124.311 8.402490350238549233e-02
124.319 8.401861194664074495e-02
124.328 8.401232124028633341e-02
124.336 8.400603138021874028e-02
124.344 8.399974236626724100e-02
124.353 8.399345420077307389e-02
124.361 8.398716688189018786e-02
124.369 8.398088041070328469e-02
124.377 8.397459478494845309e-02
124.386 8.396831000508274412e-02
124.394 8.396202607198149925e-02
124.402 8.395574298547364700e-02
124.411 8.394946074517886658e-02
124.419 8.394317934841695472e-02
124.427 8.393689879731794368e-02
124.436 8.393061909380167274e-02
124.444 8.392434023435203783e-02
124.452 8.391806221796301035e-02
124.461 8.391178504759931600e-02
124.469 8.390550872225421841e-02
124.477 8.389923323966795576e-02
124.485 8.389295860238626945e-02
124.494 8.388668480856760479e-02
124.502 8.388041185783307041e-02
124.51 8.387413975168313274e-02
124.519 8.386786848848577780e-02
124.527 8.386159806869741828e-02
124.535 8.385532849152177448e-02
124.544 8.384905975637153841e-02
124.552 8.384279186474651036e-02
124.56 8.383652481522457789e-02
124.569 8.383025860805333462e-02
124.577 8.382399324306290256e-02
124.585 8.381772871841508543e-02
124.594 8.381146503644319734e-02
124.602 8.380520219656027725e-02
124.61 8.379894019734557276e-02
124.618 8.379267903967212161e-02
124.627 8.378641872211983754e-02
124.635 8.378015924493642519e-02
124.643 8.377390060941117267e-02
124.652 8.376764281391599343e-02
124.66 8.376138585807353654e-02
124.668 8.375512974192311777e-02
124.677 8.374887446675342850e-02
124.685 8.374262002968800578e-02
124.693 8.373636643201588792e-02
124.702 8.373011367419254392e-02
124.71 8.372386175646508166e-02
124.718 8.371761067637496778e-02
124.726 8.371136043354591993e-02
124.735 8.370511103051433976e-02
124.743 8.369886246648695904e-02
124.751 8.369261474046278682e-02
124.76 8.368636785060958039e-02
124.768 8.368012179863096311e-02
124.776 8.367387658560586361e-02
124.785 8.366763221011787321e-02
124.793 8.366138867033573456e-02
124.801 8.365514596754654308e-02
124.81 8.364890410178975333e-02
124.818 8.364266307289706937e-02
124.826 8.363642287966142896e-02
124.835 8.363018352399229083e-02
124.843 8.362394500364402072e-02
124.851 8.361770731824129388e-02
124.859 8.361147046927755455e-02
124.868 8.360523445575422652e-02
124.876 8.359899927771098638e-02
124.884 8.359276493456482826e-02
124.893 8.358653142531799474e-02
124.901 8.358029875187816815e-02
124.909 8.357406691345489747e-02
124.918 8.356783590905053627e-02
124.926 8.356160573704582428e-02
124.934 8.355537640017744738e-02
124.943 8.354914789848479073e-02
124.951 8.354292022848258670e-02
124.959 8.353669339166273911e-02
124.967 8.353046738889452483e-02
124.976 8.352424221959575679e-02
124.984 8.351801788256303649e-02
124.992 8.351179437825102803e-02
125.001 8.350557170587122324e-02
125.009 8.349934986712100049e-02
125.017 8.349312886017597191e-02
125.026 8.348690868445521329e-02
125.034 8.348068934020626275e-02
125.042 8.347447082746937974e-02
125.051 8.346825314773392845e-02
125.059 8.346203629772784571e-02
125.067 8.345582027894073163e-02
125.075 8.344960508996430992e-02
125.084 8.344339073290828190e-02
125.092 8.343717720719184827e-02
125.1 8.343096451057993579e-02
125.109 8.342475264311331740e-02
125.117 8.341854160648710936e-02
125.125 8.341233140012109526e-02
125.134 8.340612202281526277e-02
125.142 8.339991347481696959e-02
125.15 8.339370575554669318e-02
125.159 8.338749886545848700e-02
125.167 8.338129280541937971e-02
125.175 8.337508757195738474e-02
125.184 8.336888316738610971e-02
125.192 8.336267959257218085e-02
125.2 8.335647684425161186e-02
125.208 8.335027492329158405e-02
125.217 8.334407383117818646e-02
125.225 8.333787356691962911e-02
125.233 8.333167412890535308e-02
125.242 8.332547551862114210e-02
125.25 8.331927773569491880e-02
125.258 8.331308077872315310e-02
125.267 8.330688464836594198e-02
125.275 8.330068934466415553e-02
125.283 8.329449486683361548e-02
125.292 8.328830121594649194e-02
125.3 8.328210839080633920e-02
125.308 8.327591639042333793e-02
125.316 8.326972521566344820e-02
125.325 8.326353486636149659e-02
125.333 8.325734534132213371e-02
125.341 8.325115664285320793e-02
125.35 8.324496877037715348e-02
125.358 8.323878171878486276e-02
125.366 8.323259549306208371e-02
125.375 8.322641009201375839e-02
125.383 8.322022551506323695e-02
125.391 8.321404176225165317e-02
125.4 8.320785883156169016e-02
125.408 8.320167672488762434e-02
125.416 8.319549544288792897e-02
125.425 8.318931498333984043e-02
125.433 8.318313534607939264e-02
125.441 8.317695653176519766e-02
125.449 8.317077854002728754e-02
125.458 8.316460137049570822e-02
125.466 8.315842502444581452e-02
125.474 8.315224949945125565e-02
125.483 8.314607479534831536e-02
125.491 8.313990091464547316e-02
125.499 8.313372785450637292e-02
125.508 8.312755561558921036e-02
125.516 8.312138419875765571e-02
125.524 8.311521360199840280e-02
125.533 8.310904382596971673e-02
125.541 8.310287486989166583e-02
125.549 8.309670673442226541e-02
125.557 8.309053942083510780e-02
125.566 8.308437292670767249e-02
125.574 8.307820725126066619e-02
125.582 8.307204239576791716e-02
125.591 8.306587835986058155e-02
125.599 8.305971514275974077e-02
125.607 8.305355274696939183e-02
125.616 8.304739116863286974e-02
125.624 8.304123040799764321e-02
125.632 8.303507046879780862e-02
125.641 8.302891134533231521e-02
125.649 8.302275304030964920e-02
125.657 8.301659555520678191e-02
125.665 8.301043888576026264e-02
125.674 8.300428303488247006e-02
125.682 8.299812800220518483e-02
125.69 8.299197378674572079e-02
125.699 8.298582038813639983e-02
125.707 8.297966780478073512e-02
125.715 8.297351604061310726e-02
125.724 8.296736509301243234e-02
125.732 8.296121496079222890e-02
125.74 8.295506564481414102e-02
125.749 8.294891714409687034e-02
125.757 8.294276946093444292e-02
125.765 8.293662259352657662e-02
125.774 8.293047654027851934e-02
125.782 8.292433130266532726e-02
125.79 8.291818688154760364e-02
125.798 8.291204327430795606e-02
125.807 8.290590048221638253e-02
125.815 8.289975850408819180e-02
125.823 8.289361734119291003e-02
125.832 8.288747699316373341e-02
125.84 8.288133745759002080e-02
125.848 8.287519873635433576e-02
125.857 8.286906082970342535e-02
125.865 8.286292373645348652e-02
125.873 8.285678745562562175e-02
125.882 8.285065198869279168e-02
125.89 8.284451733549305641e-02
125.898 8.283838349341376972e-02
125.906 8.283225046556136340e-02
125.915 8.282611824993611760e-02
125.923 8.281998684617260242e-02
125.931 8.281385625390541572e-02
125.94 8.280772647481030035e-02
125.948 8.280159750811330599e-02
125.956 8.279546935100051686e-02
125.965 8.278934200575956137e-02
125.973 8.278321547324904439e-02
125.981 8.277708975106383427e-02
125.99 8.277096483883918110e-02
125.998 8.276484073886128390e-02
126.006 8.275871744750276648e-02
126.015 8.275259496725342889e-02
126.023 8.274647329876748392e-02
126.031 8.274035243882653379e-02
126.039 8.273423238910432298e-02
126.048 8.272811314862499321e-02
126.056 8.272199471682073479e-02
126.064 8.271587709536430688e-02
126.073 8.270976028450212347e-02
126.081 8.270364428040767601e-02
126.089 8.269752908495747734e-02
126.098 8.269141470023042007e-02
126.106 8.268530112260503995e-02
126.114 8.267918835171794711e-02
126.123 8.267307639086896032e-02
126.131 8.266696523745536984e-02
126.139 8.266085489172415868e-02
126.147 8.265474535392199062e-02
126.156 8.264863662246492437e-02
126.164 8.264252869902363741e-02
126.172 8.263642158201439658e-02
126.181 8.263031527209083182e-02
126.189 8.262420976827979102e-02
126.197 8.261810507245417878e-02
126.206 8.261200118160846873e-02
126.214 8.260589809680264628e-02
126.222 8.259979581868978626e-02
126.231 8.259369434589099168e-02
126.239 8.258759367905943449e-02
126.247 8.258149381762923402e-02
126.255 8.257539476042551063e-02
126.264 8.256929650871054627e-02
126.272 8.256319906313690227e-02
126.28 8.255710242049980885e-02
126.289 8.255100658348223097e-02
126.297 8.254491155050386331e-02
126.305 8.253881732181156394e-02
126.314 8.253272389684029875e-02
126.322 8.252663127583687031e-02
126.33 8.252053945904773424e-02
126.339 8.251444844509693566e-02
126.347 8.250835823544797054e-02
126.355 8.250226882791406036e-02
126.364 8.249618022274207707e-02
126.372 8.249009242017901755e-02
126.38 8.248400542270079017e-02
126.388 8.247791922710812074e-02
126.397 8.247183383162158543e-02
126.405 8.246574923891969444e-02
126.413 8.245966544864097303e-02
126.422 8.245358246042432115e-02
126.43 8.244750027411100468e-02
126.438 8.244141888853009914e-02
126.447 8.243533830372591631e-02
126.455 8.242925851974279572e-02
126.463 8.242317953864890245e-02
126.472 8.241710135664247205e-02
126.48 8.241102397457765460e-02
126.488 8.240494739391522605e-02
126.496 8.239887161328283971e-02
126.505 8.239279663292704836e-02
126.513 8.238672245127404148e-02
126.521 8.238064906958188216e-02
126.53 8.237457648870341598e-02
126.538 8.236850470565003357e-02
126.546 8.236243372208376656e-02
126.555 8.235636353804881571e-02
126.563 8.235029415217472171e-02
126.571 8.234422556571846519e-02
126.58 8.233815777650185797e-02
126.588 8.233209078557983396e-02
126.596 8.232602459299676045e-02
126.605 8.231995919960490016e-02
126.613 8.231389460322707796e-02
126.621 8.230783080269674090e-02
126.629 8.230176780209648435e-02
126.638 8.229570559783666583e-02
126.646 8.228964418976045248e-02
126.654 8.228358358013253271e-02
126.663 8.227752376597036177e-02
126.671 8.227146474812602195e-02
126.679 8.226540652805634790e-02
126.688 8.225934910217509721e-02
126.696 8.225329247294764501e-02
126.704 8.224723664122504663e-02
126.713 8.224118160362407781e-02
126.721 8.223512736240753962e-02
126.729 8.222907391580583369e-02
126.737 8.222302126285642443e-02
126.746 8.221696940763484340e-02
126.754 8.221091834635681217e-02
126.762 8.220486807987334443e-02
126.771 8.219881860641639615e-02
126.779 8.219276992703855589e-02
126.787 8.218672204520813263e-02
126.796 8.218067495593510408e-02
126.804 8.217462865745313316e-02
126.812 8.216858315463941576e-02
126.821 8.216253844633066017e-02
126.829 8.215649452995527069e-02
126.837 8.215045140736974838e-02
126.845 8.214440907620479404e-02
126.854 8.213836753932225732e-02
126.862 8.213232679515761192e-02
126.87 8.212628684254930089e-02
126.879 8.212024768335263181e-02
126.887 8.211420931439539217e-02
126.895 8.210817173773381217e-02
126.904 8.210213495381493698e-02
126.912 8.209609896167879839e-02
126.92 8.209006375916015619e-02
126.929 8.208402934871601719e-02
126.937 8.207799572958777989e-02
126.945 8.207196290182068588e-02
126.954 8.206593086405400417e-02
126.962 8.205989961633337881e-02
126.97 8.205386915950753368e-02
126.978 8.204783949221636230e-02
126.987 8.204181061651295848e-02
126.995 8.203578252983285968e-02
127.003 8.202975523161976090e-02
127.012 8.202372872412702631e-02
127.02 8.201770300619583287e-02
127.028 8.201167807706918889e-02
127.037 8.200565393739449316e-02
127.045 8.199963058481057887e-02
127.053 8.199360802217113553e-02
127.062 8.198758624791718796e-02
127.07 8.198156526189394333e-02
127.078 8.197554506534984742e-02
127.086 8.196952565472243046e-02
127.095 8.196350703186174036e-02
127.103 8.195748919721425330e-02
127.111 8.195147215142656316e-02
127.12 8.194545589133878094e-02
127.128 8.193944041839931747e-02
127.136 8.193342573245371296e-02
127.145 8.192741183414853356e-02
127.153 8.192139872212779450e-02
127.161 8.191538639563671065e-02
127.17 8.190937485632278359e-02
127.178 8.190336410323097172e-02
127.186 8.189735413620700955e-02
127.195 8.189134495329591923e-02
127.203 8.188533655734511751e-02
127.211 8.187932894759998581e-02
127.219 8.187332212150616462e-02
127.228 8.186731607991021287e-02
127.236 8.186131082525774372e-02
127.244 8.185530635539495226e-02
127.253 8.184930266836892843e-02
127.261 8.184329976562550180e-02
127.269 8.183729764920928684e-02
127.278 8.183129631656808900e-02
127.286 8.182529576674911487e-02
127.294 8.181929600099759059e-02
127.303 8.181329701876031979e-02
127.311 8.180729881908506418e-02
127.319 8.180130140421498774e-02
127.327 8.179530477140037337e-02
127.336 8.178930892188571167e-02
127.344 8.178331385531800723e-02
127.352 8.177731957074556302e-02
127.361 8.177132606881357124e-02
127.369 8.176533334896969596e-02
127.377 8.175934141185894899e-02
127.386 8.175335025633057029e-02
127.394 8.174735988123428554e-02
127.402 8.174137028881085787e-02
127.411 8.173538147850803459e-02
127.419 8.172939344797959527e-02
127.427 8.172340619986405430e-02
127.435 8.171741973181549656e-02
127.444 8.171143404467802462e-02
127.452 8.170544913809958676e-02
127.46 8.169946501073201139e-02
127.469 8.169348166521223087e-02
127.477 8.168749909999259429e-02
127.485 8.168151731272974003e-02
127.494 8.167553630605983717e-02
127.502 8.166955607963102826e-02
127.51 8.166357663309155301e-02
127.519 8.165759796469634901e-02
127.527 8.165162007469152494e-02
127.535 8.164564296451730374e-02
127.544 8.163966663322501371e-02
127.552 8.163369107986673257e-02
127.56 8.162771630528516120e-02
127.568 8.162174230833350863e-02
127.577 8.161576909045102635e-02
127.585 8.160979665009342188e-02
127.593 8.160382498651230776e-02
127.602 8.159785410074900380e-02
127.61 8.159188399344664833e-02
127.618 8.158591466286307936e-02
127.627 8.157994610944278857e-02
127.635 8.157397833263668740e-02
127.643 8.156801133189579833e-02
127.652 8.156204510845936617e-02
127.66 8.155607966118237628e-02
127.668 8.155011499070771719e-02
127.676 8.154415109648660565e-02
127.685 8.153818797697763576e-02
127.693 8.153222563341953888e-02
127.701 8.152626406546233107e-02
127.71 8.152030327374859553e-02
127.718 8.151434325653918178e-02
127.726 8.150838401407999034e-02
127.735 8.150242554780709470e-02
127.743 8.149646785479168487e-02
127.751 8.149051093627174280e-02
127.76 8.148455479269108015e-02
127.768 8.147859942429513946e-02
127.776 8.147264482934640784e-02
127.785 8.146669100789259710e-02
127.793 8.146073796057573535e-02
127.801 8.145478568665032171e-02
127.809 8.144883418675823161e-02
127.818 8.144288345916358973e-02
127.826 8.143693350431019384e-02
127.834 8.143098432184960045e-02
127.843 8.142503591420607867e-02
127.851 8.141908827905003365e-02
127.859 8.141314141603289700e-02
127.868 8.140719532401440028e-02
127.876 8.140125000383438558e-02
127.884 8.139530545692615082e-02
127.893 8.138936168195126664e-02
127.901 8.138341867777006133e-02
127.909 8.137747644581538875e-02
127.917 8.137153498395853501e-02
127.926 8.136559429363217355e-02
127.934 8.135965437409274637e-02
127.942 8.135371522617892981e-02
127.951 8.134777684855409863e-02
127.959 8.134183924205690142e-02
127.967 8.133590240515337078e-02
127.976 8.132996633650806106e-02
127.984 8.132403103992429105e-02
127.992 8.131809651288027241e-02
128.001 8.131216275621420964e-02
128.009 8.130622976740554952e-02
128.017 8.130029754788548058e-02
128.025 8.129436609947926495e-02
128.034 8.128843541828467689e-02
128.042 8.128250550632472315e-02
128.05 8.127657636305496425e-02
128.059 8.127064798812852486e-02
128.067 8.126472038080398419e-02
128.075 8.125879354389232978e-02
128.084 8.125286747349445837e-02
128.092 8.124694217123720752e-02
128.1 8.124101763657681774e-02
128.109 8.123509386877228455e-02
128.117 8.122917086885815541e-02
128.125 8.122324863589627797e-02
128.134 8.121732717072355223e-02
128.142 8.121140647240207566e-02
128.15 8.120548653861477117e-02
128.158 8.119956737374645073e-02
128.167 8.119364897488846877e-02
128.175 8.118773134130108371e-02
128.183 8.118181447421493613e-02
128.192 8.117589837407204745e-02
128.2 8.116998303796586767e-02
128.208 8.116406846693006993e-02
128.217 8.115815466298215153e-02
128.225 8.115224162439788058e-02
128.233 8.114632935083178344e-02
128.242 8.114041784016713665e-02
128.25 8.113450709579879405e-02
128.258 8.112859711639701377e-02
128.266 8.112268790043611344e-02
128.275 8.111677944894853109e-02
128.283 8.111087176276933486e-02
128.291 8.110496483879980900e-02
128.3 8.109905867787567391e-02
128.308 8.109315328319179061e-02
128.316 8.108724865066688214e-02
128.325 8.108134478172611403e-02
128.333 8.107544167602485918e-02
128.341 8.106953933302206428e-02
128.35 8.106363775217684253e-02
128.358 8.105773693393111823e-02
128.366 8.105183687951210414e-02
128.375 8.104593758759309763e-02
128.383 8.104003905586577849e-02
128.391 8.103414128653980975e-02
128.399 8.102824428084175190e-02
128.408 8.102234803567850974e-02
128.416 8.101645255188438810e-02
128.424 8.101055782931201876e-02
128.433 8.100466386820638631e-02
128.441 8.099877066842006701e-02
128.449 8.099287822862823172e-02
128.458 8.098698655044954398e-02
128.466 8.098109563314782877e-02
128.474 8.097520547520294099e-02
128.483 8.096931607725235680e-02
128.491 8.096342743993333035e-02
128.499 8.095753956211831914e-02
128.507 8.095165244503249591e-02
128.516 8.094576608794036565e-02
128.524 8.093988048873523855e-02
128.532 8.093399564903422383e-02
128.541 8.092811156908208403e-02
128.549 8.092222824833988915e-02
128.557 8.091634568548562723e-02
128.566 8.091046388115616383e-02
128.574 8.090458283579225751e-02
128.582 8.089870254846379116e-02
128.591 8.089282301902429861e-02
128.599 8.088694424908889069e-02
128.607 8.088106623596617861e-02
128.615 8.087518897892287395e-02
128.624 8.086931248153074459e-02
128.632 8.086343674168618156e-02
128.64 8.085756175826463998e-02
128.649 8.085168753190229152e-02
128.657 8.084581406206187149e-02
128.665 8.083994134859713576e-02
128.674 8.083406939273062031e-02
128.682 8.082819819314275567e-02
128.69 8.082232774890564519e-02
128.699 8.081645806104614804e-02
128.707 8.081058912922269022e-02
128.715 8.080472095328913862e-02
128.724 8.079885353349026966e-02
128.732 8.079298686889860304e-02
128.74 8.078712095917302272e-02
128.748 8.078125580397250982e-02
128.757 8.077539140432313247e-02
128.765 8.076952775949314267e-02
128.773 8.076366486933687916e-02
128.782 8.075780273390377462e-02
128.79 8.075194135304812615e-02
128.798 8.074608072506322953e-02
128.807 8.074022085136489668e-02
128.815 8.073436173219761258e-02
128.823 8.072850336702559748e-02
128.832 8.072264575550826271e-02
128.84 8.071678889516017974e-02
128.848 8.071093279012632460e-02
128.856 8.070507743831110969e-02
128.865 8.069922283820478437e-02
128.873 8.069336899141663078e-02
128.881 8.068751589643714806e-02
128.89 8.068166355507007392e-02
128.898 8.067581196639056484e-02
128.906 8.066996112927940499e-02
128.915 8.066411104281259736e-02
128.923 8.065826170879335233e-02
128.931 8.065241312629757575e-02
128.94 8.064656529615393810e-02
128.948 8.064071821743849788e-02
128.956 8.063487188864397470e-02
128.964 8.062902631137773557e-02
128.973 8.062318148530024653e-02
128.981 8.061733740929379055e-02
128.989 8.061149408418685769e-02
128.998 8.060565150964010828e-02
129.006 8.059980968414753866e-02
129.014 8.059396861009320012e-02
129.023 8.058812828655434468e-02
129.031 8.058228871183094333e-02
129.039 8.057644988597340019e-02
129.048 8.057061181039264219e-02
129.056 8.056477448377800943e-02
129.064 8.055893790579099489e-02
129.073 8.055310207745348949e-02
129.081 8.054726699842669480e-02
129.089 8.054143266740086682e-02
129.097 8.053559908462067096e-02
129.106 8.052976624974793329e-02
129.114 8.052393416477471311e-02
129.122 8.051810282722669798e-02
129.131 8.051227223521298382e-02
129.139 8.050644239441374916e-02
129.147 8.050061329963777157e-02
129.156 8.049478495093588537e-02
129.164 8.048895735107536309e-02
129.172 8.048313049816581410e-02
129.181 8.047730439109376799e-02
129.189 8.047147903223740573e-02
129.197 8.046565441990118084e-02
129.205 8.045983055277826368e-02
129.214 8.045400743382760678e-02
129.222 8.044818505883410964e-02
129.23 8.044236343036886838e-02
129.239 8.043654254945119264e-02
129.247 8.043072241167388559e-02
129.255 8.042490302096348687e-02
129.264 8.041908437562639289e-02
129.272 8.041326647571309105e-02
129.28 8.040744931991820887e-02
129.289 8.040163290945463725e-02
129.297 8.039581724417915742e-02
129.305 8.039000232356136033e-02
129.314 8.038418814629669229e-02
129.322 8.037837471340399109e-02
129.33 8.037256202551444628e-02
129.338 8.036675008054988689e-02
129.347 8.036093888049603007e-02
129.355 8.035512842346860529e-02
129.363 8.034931871048579810e-02
129.372 8.034350973985740496e-02
129.38 8.033770151356831035e-02
129.388 8.033189402992862993e-02
129.397 8.032608728821595545e-02
129.405 8.032028129080115431e-02
129.413 8.031447603502839261e-02
129.422 8.030867152152863786e-02
129.43 8.030286775073923466e-02
129.438 8.029706472271087858e-02
129.446 8.029126243478958147e-02
129.455 8.028546088915164414e-02
129.463 8.027966008642725693e-02
129.471 8.027386002512190699e-02
129.48 8.026806070374188640e-02
129.488 8.026226212426926243e-02
129.496 8.025646428559653212e-02
129.505 8.025066718854675929e-02
129.513 8.024487083181978953e-02
129.521 8.023907521488782280e-02
129.53 8.023328033895987810e-02
129.538 8.022748620370094563e-02
129.546 8.022169280858315599e-02
129.554 8.021590015269332297e-02
129.563 8.021010823627570951e-02
129.571 8.020431706034553132e-02
129.579 8.019852662360404949e-02
129.588 8.019273692668080211e-02
129.596 8.018694796885589282e-02
129.604 8.018115974998771267e-02
129.613 8.017537226954944696e-02
129.621 8.016958552701447527e-02
129.629 8.016379952359012351e-02
129.638 8.015801425990533302e-02
129.646 8.015222973331451173e-02
129.654 8.014644594540985822e-02
129.663 8.014066289527981002e-02
129.671 8.013488058239820466e-02
129.679 8.012909900797142437e-02
129.687 8.012331817012585677e-02
129.696 8.011753806987541304e-02
129.704 8.011175870707895608e-02
129.712 8.010598008178770879e-02
129.721 8.010020219212918291e-02
129.729 8.009442504007877051e-02
129.737 8.008864862491825443e-02
129.746 8.008287294631435960e-02
129.754 8.007709800201123773e-02
129.762 8.007132379513709486e-02
129.771 8.006555032478175626e-02
129.779 8.005977758869015082e-02
129.787 8.005400559037348374e-02
129.795 8.004823432642384218e-02
129.804 8.004246379708541970e-02
129.812 8.003669400375461318e-02
129.82 8.003092494552239977e-02
129.829 8.002515662167214439e-02
129.837 8.001938903379185453e-02
129.845 8.001362217962874890e-02
129.854 8.000785605923467492e-02
129.862 8.000209067400533558e-02
129.87 7.999632602264857006e-02
129.879 7.999056210483229679e-02
129.887 7.998479892214344078e-02
129.895 7.997903647233102487e-02
129.904 7.997327475602260261e-02
129.912 7.996751377231087199e-02
129.92 7.996175352297386907e-02
129.928 7.995599400710426408e-02
129.937 7.995023522245291170e-02
129.945 7.994447717233127415e-02
129.953 7.993871985314854323e-02
129.962 7.993296326706549049e-02
129.97 7.992720741432532416e-02
129.978 7.992145229210542712e-02
129.987 7.991569790294887621e-02
129.995 7.990994424556632780e-02
130.003 7.990419131924360319e-02
130.012 7.989843912518189428e-02
130.02 7.989268766285848034e-02
130.028 7.988693692983617201e-02
130.036 7.988118692961364287e-02
130.045 7.987543766071086848e-02
130.053 7.986968912184007341e-02
130.061 7.986394131343622915e-02
130.07 7.985819423574291864e-02
130.078 7.985244788785544889e-02
130.086 7.984670227078266569e-02
130.095 7.984095738457626379e-02
130.103 7.983521322699334288e-02
130.111 7.982946979885129080e-02
130.12 7.982372710096716228e-02
130.128 7.981798513301040232e-02
130.136 7.981224389331291469e-02
130.144 7.980650338364722596e-02
130.153 7.980076360387412804e-02
130.161 7.979502455060619170e-02
130.169 7.978928622599819331e-02
130.178 7.978354863143942433e-02
130.186 7.977781176545360731e-02
130.194 7.977207562713807543e-02
130.203 7.976634021578166145e-02
130.211 7.976060553353717109e-02
130.219 7.975487158026560441e-02
130.228 7.974913835258305717e-02
130.236 7.974340585283298810e-02
130.244 7.973767408144917523e-02
130.253 7.973194303562161633e-02
130.261 7.972621271845571622e-02
130.269 7.972048312828657057e-02
130.277 7.971475426230566208e-02
130.286 7.970902612438042489e-02
130.294 7.970329871360933016e-02
130.302 7.969757202871013968e-02
130.311 7.969184606954478334e-02
130.319 7.968612083769076315e-02
130.327 7.968039633034137981e-02
130.336 7.967467254888360717e-02
130.344 7.966894949260781844e-02
130.352 7.966322716290021033e-02
130.361 7.965750555771758390e-02
130.369 7.965178467711292454e-02
130.377 7.964606452171028861e-02
130.385 7.964034509175255128e-02
130.394 7.963462638595943111e-02
130.402 7.962890840552602767e-02
130.41 7.962319114783988905e-02
130.419 7.961747461523807634e-02
130.427 7.961175880739233823e-02
130.435 7.960604372169148568e-02
130.444 7.960032936161320904e-02
130.452 7.959461572397591445e-02
130.46 7.958890280921311622e-02
130.469 7.958319061985005827e-02
130.477 7.957747915232595004e-02
130.485 7.957176840707445853e-02
130.494 7.956605838566924160e-02
130.502 7.956034908702253050e-02
130.51 7.955464051061690578e-02
130.518 7.954893265669546465e-02
130.527 7.954322552531091495e-02
130.535 7.953751911632626903e-02
130.543 7.953181342789469865e-02
130.552 7.952610846101933195e-02
130.56 7.952040421822188787e-02
130.568 7.951470069670633911e-02
130.577 7.950899789367787962e-02
130.585 7.950329581507534216e-02
130.593 7.949759445620528664e-02
130.602 7.949189381769071472e-02
130.61 7.948619390072332591e-02
130.618 7.948049470383805604e-02
130.626 7.947479622784696385e-02
130.635 7.946909847242367153e-02
130.643 7.946340143686246582e-02
130.651 7.945770512140631903e-02
130.66 7.945200952648732995e-02
130.668 7.944631465064191933e-02
130.676 7.944062049335470777e-02
130.685 7.943492705733277981e-02
130.693 7.942923434054394161e-02
130.701 7.942354234076763608e-02
130.71 7.941785106184709453e-02
130.718 7.941216050156160722e-02
130.726 7.940647066110091690e-02
130.734 7.940078153767701763e-02
130.743 7.939509313172245231e-02
130.751 7.938940544613111439e-02
130.759 7.938371847811552529e-02
130.768 7.937803222772937817e-02
130.776 7.937234669426891653e-02
130.784 7.936666187986965437e-02
130.793 7.936097778344891607e-02
130.801 7.935529440373564891e-02
130.809 7.934961174078339341e-02
130.818 7.934392979483496922e-02
130.826 7.933824856670020076e-02
130.834 7.933256805473040685e-02
130.843 7.932688826011359551e-02
130.851 7.932120918157965772e-02
130.859 7.931553081861505983e-02
130.867 7.930985317297470361e-02
130.876 7.930417624282179445e-02
130.884 7.929850002896594863e-02
130.892 7.929282453221624116e-02
130.901 7.928714974884742972e-02
130.909 7.928147568099173925e-02
130.917 7.927580233040253110e-02
130.926 7.927012969316694913e-02
130.934 7.926445777217151767e-02
130.942 7.925878656577033110e-02
130.951 7.925311607326203378e-02
130.959 7.924744629658800332e-02
130.967 7.924177723372546889e-02
130.975 7.923610888548322795e-02
130.984 7.923044125210346178e-02
130.992 7.922477433099849031e-02
131 7.921910812448622330e-02
131.009 7.921344263280867548e-02
131.017 7.920777785375633651e-02
131.025 7.920211378813742098e-02
131.034 7.919645043525157246e-02
131.042 7.919078779703797588e-02
131.05 7.918512587053400109e-02
131.059 7.917946465880935925e-02
131.067 7.917380415852529052e-02
131.075 7.916814436822879053e-02
131.084 7.916248529362637787e-02
131.092 7.915682693081500798e-02
131.1 7.915116927984870709e-02
131.108 7.914551234096987853e-02
131.117 7.913985611404404652e-02
131.125 7.913420059874859414e-02
131.133 7.912854579457263837e-02
131.142 7.912289170138218919e-02
131.15 7.911723832073694340e-02
131.158 7.911158565137307863e-02
131.167 7.910593369202757741e-02
131.175 7.910028244350726656e-02
131.183 7.909463190549000100e-02
131.192 7.908898207878214959e-02
131.2 7.908333296230912746e-02
131.208 7.907768455574908095e-02
131.216 7.907203685878014254e-02
131.225 7.906638987352439252e-02
131.233 7.906074359721591838e-02
131.241 7.905509803047294781e-02
131.25 7.904945317297384921e-02
131.258 7.904380902514869522e-02
131.266 7.903816558723925079e-02
131.275 7.903252285723334769e-02
131.283 7.902688083556119736e-02
131.291 7.902123952471848400e-02
131.3 7.901559892269327534e-02
131.308 7.900995902766226597e-02
131.316 7.900431983986802575e-02
131.324 7.899868136311913314e-02
131.333 7.899304359446598922e-02
131.341 7.898740653189882666e-02
131.349 7.898177017772410602e-02
131.358 7.897613453105789549e-02
131.366 7.897049959232971261e-02
131.374 7.896486536046844196e-02
131.383 7.895923183665382039e-02
131.391 7.895359901981478801e-02
131.399 7.894796690888090940e-02
131.408 7.894233550540664945e-02
131.416 7.893670480907130638e-02
131.424 7.893107481899201694e-02
131.433 7.892544553484850955e-02
131.441 7.891981695819438869e-02
131.449 7.891418908533676113e-02
131.457 7.890856191951532705e-02
131.466 7.890293546153340221e-02
131.474 7.889730970657564402e-02
131.482 7.889168465769352823e-02
131.491 7.888606031456690815e-02
131.499 7.888043667706294559e-02
131.507 7.887481374373868370e-02
131.516 7.886919151483622048e-02
131.524 7.886356999209435947e-02
131.532 7.885794917369619295e-02
131.541 7.885232905876107812e-02
131.549 7.884670964977577579e-02
131.557 7.884109094511095039e-02
131.565 7.883547294332515776e-02
131.574 7.882985564484751295e-02
131.582 7.882423905197646907e-02
131.59 7.881862316214889586e-02
131.599 7.881300797504584010e-02
131.607 7.880739349240439839e-02
131.615 7.880177971297080974e-02
131.624 7.879616663549186828e-02
131.632 7.879055426189093825e-02
131.64 7.878494259091495255e-02
131.649 7.877933162280546797e-02
131.657 7.877372135630993089e-02
131.665 7.876811179297729670e-02
131.674 7.876250293248876488e-02
131.682 7.875689477265873650e-02
131.69 7.875128731484914990e-02
131.698 7.874568055967477720e-02
131.707 7.874007450644369965e-02
131.715 7.873446915409131053e-02
131.723 7.872886450360538912e-02
131.732 7.872326055354846031e-02
131.74 7.871765730472181366e-02
131.748 7.871205475811278440e-02
131.757 7.870645291060590631e-02
131.765 7.870085176412117134e-02
131.773 7.869525131927276873e-02
131.782 7.868965157499685503e-02
131.79 7.868405253023012802e-02
131.798 7.867845418409614988e-02
131.806 7.867285653981800908e-02
131.815 7.866725959484188735e-02
131.823 7.866166334940924432e-02
131.831 7.865606780413397781e-02
131.84 7.865047295720860310e-02
131.848 7.864487880980595980e-02
131.856 7.863928536253948776e-02
131.865 7.863369261360241003e-02
131.873 7.862810056286388682e-02
131.881 7.862250921112384772e-02
131.89 7.861691855825116149e-02
131.898 7.861132860411491896e-02
131.906 7.860573934802592144e-02
131.914 7.860015079003947192e-02
131.923 7.859456292983885151e-02
131.931 7.858897576747930769e-02
131.939 7.858338930338798489e-02
131.948 7.857780353687628117e-02
131.956 7.857221846688398903e-02
131.964 7.856663409495376338e-02
131.973 7.856105041891031648e-02
131.981 7.855546744048200192e-02
131.989 7.854988515990959930e-02
131.998 7.854430357576189237e-02
132.006 7.853872268865152995e-02
132.014 7.853314249640491740e-02
132.023 7.852756300130653289e-02
132.031 7.852198420081180075e-02
132.039 7.851640609831865569e-02
132.047 7.851082869239674189e-02
132.056 7.850525198087361656e-02
132.064 7.849967596547571813e-02
132.072 7.849410064458800518e-02
132.081 7.848852601919414917e-02
132.089 7.848295209009162332e-02
132.097 7.847737885640800048e-02
132.106 7.847180631504538373e-02
132.114 7.846623447032589904e-02
132.122 7.846066331989363929e-02
132.131 7.845509286398968940e-02
132.139 7.844952310211338042e-02
132.147 7.844395403506192188e-02
132.155 7.843838566177857574e-02
132.164 7.843281798231901969e-02
132.172 7.842725099636828345e-02
132.18 7.842168470564964133e-02
132.189 7.841611910725401757e-02
132.197 7.841055420123754782e-02
132.205 7.840498998950824749e-02
132.214 7.839942647082517868e-02
132.222 7.839386364505886162e-02
132.23 7.838830151189471462e-02
132.239 7.838274007194383219e-02
132.247 7.837717932526176712e-02
132.255 7.837161926875789442e-02
132.264 7.836605990507926334e-02
132.272 7.836050123520658939e-02
132.28 7.835494325549510752e-02
132.288 7.834938596840590463e-02
132.297 7.834382937362451005e-02
132.305 7.833827346880255227e-02
132.313 7.833271825676997591e-02
132.322 7.832716373536349752e-02
132.33 7.832160990519383692e-02
132.338 7.831605676650156556e-02
132.347 7.831050431915764776e-02
132.355 7.830495256155461936e-02
132.363 7.829940149374882419e-02
132.372 7.829385111727436841e-02
132.38 7.828830143163262312e-02
132.388 7.828275243632532021e-02
132.396 7.827720413011560185e-02
132.405 7.827165651379840161e-02
132.413 7.826610958779890714e-02
132.421 7.826056335106529316e-02
132.43 7.825501780346907910e-02
132.438 7.824947294635829775e-02
132.446 7.824392877923498635e-02
132.455 7.823838529809565290e-02
132.463 7.823284250742514045e-02
132.471 7.822730040598770140e-02
132.48 7.822175899217932715e-02
132.488 7.821621826919145093e-02
132.496 7.821067823320713985e-02
132.504 7.820513888409859338e-02
132.513 7.819960022450335446e-02
132.521 7.819406225318667469e-02
132.529 7.818852496946743225e-02
132.538 7.818298837266472734e-02
132.546 7.817745246412483029e-02
132.554 7.817191724316668866e-02
132.563 7.816638270855699733e-02
132.571 7.816084886127321052e-02
132.579 7.815531570173984977e-02
132.588 7.814978322909207908e-02
132.596 7.814425144264973422e-02
132.604 7.813872034265335886e-02
132.613 7.813318993044769678e-02
132.621 7.812766020259170885e-02
132.629 7.812213116153467196e-02
132.637 7.811660280788468302e-02
132.646 7.811107513912185496e-02
132.654 7.810554815585477040e-02
132.662 7.810002185777191464e-02
132.671 7.809449624548170377e-02
132.679 7.808897131940796543e-02
132.687 7.808344707923914330e-02
132.696 7.807792352337676600e-02
132.704 7.807240065003943907e-02
132.712 7.806687846387919127e-02
132.721 7.806135696311392036e-02
132.729 7.805583614614601540e-02
132.737 7.805031601395091834e-02
132.745 7.804479656456415892e-02
132.754 7.803927779969586920e-02
132.762 7.803375971921869270e-02
132.77 7.802824232263817772e-02
132.779 7.802272561019428510e-02
132.787 7.801720958139270190e-02
132.795 7.801169423482143261e-02
132.804 7.800617957237288014e-02
132.812 7.800066559355267604e-02
132.82 7.799515229676583228e-02
132.829 7.798963968390398849e-02
132.837 7.798412775337235092e-02
132.845 7.797861650486073715e-02
132.854 7.797310594044348786e-02
132.862 7.796759605705919083e-02
132.87 7.796208685586510090e-02
132.878 7.795657833801783454e-02
132.887 7.795107050082396294e-02
132.895 7.794556334489051441e-02
132.903 7.794005687155725060e-02
132.912 7.793455107978095042e-02
132.92 7.792904597053454396e-02
132.928 7.792354154039358993e-02
132.937 7.791803779143048614e-02
132.945 7.791253472589972084e-02
132.953 7.790703234001160327e-02
132.962 7.790153063437253722e-02
132.97 7.789602960958880162e-02
132.978 7.789052926590010750e-02
132.986 7.788502960153266541e-02
132.995 7.787953061709274039e-02
133.003 7.787403231373514478e-02
133.011 7.786853469023559404e-02
133.02 7.786303774610212058e-02
133.028 7.785754148175756673e-02
133.036 7.785204589707586664e-02
133.045 7.784655099046797200e-02
133.053 7.784105676491687165e-02
133.061 7.783556321755359664e-02
133.07 7.783007034898374588e-02
133.078 7.782457816017825103e-02
133.086 7.781908664991440960e-02
133.094 7.781359581770103118e-02
133.103 7.780810566396066663e-02
133.111 7.780261619002912243e-02
133.119 7.779712739194409588e-02
133.128 7.779163927213791907e-02
133.136 7.778615183085005325e-02
133.144 7.778066506685911430e-02
133.153 7.777517898204809599e-02
133.161 7.776969357464788568e-02
133.169 7.776420884325536964e-02
133.178 7.775872478865807069e-02
133.186 7.775324141219067120e-02
133.194 7.774775871245021008e-02
133.203 7.774227668931138480e-02
133.211 7.773679534410828096e-02
133.219 7.773131467397934036e-02
133.227 7.772583468080586366e-02
133.236 7.772035536428020808e-02
133.244 7.771487672281836290e-02
133.252 7.770939875775405292e-02
133.261 7.770392146914434361e-02
133.269 7.769844485649944621e-02
133.277 7.769296891823629370e-02
133.286 7.768749365605254198e-02
133.294 7.768201906927643674e-02
133.302 7.767654515814736982e-02
133.311 7.767107192235805924e-02
133.319 7.766559936032664535e-02
133.327 7.766012747356763890e-02
133.335 7.765465626213814698e-02
133.344 7.764918572427462196e-02
133.352 7.764371586130904002e-02
133.36 7.763824667202440244e-02
133.369 7.763277815793422076e-02
133.377 7.762731031763968337e-02
133.385 7.762184315047050698e-02
133.394 7.761637665703004230e-02
133.402 7.761091083755761177e-02
133.41 7.760544569283787941e-02
133.419 7.759998122038197499e-02
133.427 7.759451742024764398e-02
133.435 7.758905429340169635e-02
133.444 7.758359184099213046e-02
133.452 7.757813006053124183e-02
133.46 7.757266895244026295e-02
133.468 7.756720851659507088e-02
133.477 7.756174875450673467e-02
133.485 7.755628966387065337e-02
133.493 7.755083124583440901e-02
133.502 7.754537349954729319e-02
133.51 7.753991642434047982e-02
133.518 7.753446002117969638e-02
133.527 7.752900428957769374e-02
133.535 7.752354923086288152e-02
133.543 7.751809484309554743e-02
133.552 7.751264112524454408e-02
133.56 7.750718807900114360e-02
133.568 7.750173570369701948e-02
133.576 7.749628399975258541e-02
133.585 7.749083296613683280e-02
133.593 7.748538260272620770e-02
133.601 7.747993291012254813e-02
133.61 7.747448388765805494e-02
133.618 7.746903553629690131e-02
133.626 7.746358785355850207e-02
133.635 7.745814084076992068e-02
133.643 7.745269449925745731e-02
133.651 7.744724882563513990e-02
133.66 7.744180382195454959e-02
133.668 7.743635948809197977e-02
133.676 7.743091582410509266e-02
133.684 7.742547282787777541e-02
133.693 7.742003050109834417e-02
133.701 7.741458884346218150e-02
133.709 7.740914785412165988e-02
133.718 7.740370753313473295e-02
133.726 7.739826788128335855e-02
133.734 7.739282889735817073e-02
133.743 7.738739058123617065e-02
133.751 7.738195293442283462e-02
133.759 7.737651595444271224e-02
133.768 7.737107964171585639e-02
133.776 7.736564399810907933e-02
133.784 7.736020902150947398e-02
133.793 7.735477471143260841e-02
133.801 7.734934106974487855e-02
133.809 7.734390809487662333e-02
133.817 7.733847578652436328e-02
133.826 7.733304414564995399e-02
133.834 7.732761317104604182e-02
133.842 7.732218286313222166e-02
133.851 7.731675322232767211e-02
133.859 7.731132424724501684e-02
133.867 7.730589593776179824e-02
133.876 7.730046829483926130e-02
133.884 7.729504131853530413e-02
133.892 7.728961500782427496e-02
133.901 7.728418936258381333e-02
133.909 7.727876438305250617e-02
133.917 7.727334006784435105e-02
133.925 7.726791641882259365e-02
133.934 7.726249343514278445e-02
133.942 7.725707111668247973e-02
133.95 7.725164946313885228e-02
133.959 7.724622847276615967e-02
133.967 7.724080814850901866e-02
133.975 7.723538848916254584e-02
133.984 7.722996949388312438e-02
133.992 7.722455116146702270e-02
134 7.721913349431647200e-02
134.009 7.721371649122740766e-02
134.017 7.720830015153709591e-02
134.025 7.720288447584452984e-02
134.034 7.719746946294653300e-02
134.042 7.719205511524372676e-02
134.05 7.718664142973130637e-02
134.058 7.718122840736857393e-02
134.067 7.717581604893410108e-02
134.075 7.717040435178480762e-02
134.083 7.716499331832017694e-02
134.092 7.715958294805817796e-02
134.1 7.715417324015680367e-02
134.108 7.714876419431447585e-02
134.117 7.714335581094955430e-02
134.125 7.713794808922065649e-02
134.133 7.713254103026577491e-02
134.142 7.712713463306364314e-02
134.15 7.712172889839206957e-02
134.158 7.711632382379136896e-02
134.166 7.711091941093889401e-02
134.175 7.710551566025254655e-02
134.183 7.710011257089152692e-02
134.191 7.709471014165590608e-02
134.2 7.708930837386265833e-02
134.208 7.708390726810918081e-02
134.216 7.707850682139864851e-02
134.225 7.707310703594624779e-02
134.233 7.706770791181020985e-02
134.241 7.706230944563569052e-02
134.25 7.705691164125386128e-02
134.258 7.705151449836343536e-02
134.266 7.704611801361076207e-02
134.274 7.704072218849129794e-02
134.283 7.703532702378171337e-02
134.291 7.702993251936079977e-02
134.299 7.702453867295373791e-02
134.308 7.701914548641405900e-02
134.316 7.701375295908242935e-02
134.324 7.700836109101742710e-02
134.333 7.700296988156003775e-02
134.341 7.699757933094832085e-02
134.349 7.699218943977886864e-02
134.358 7.698680020649616151e-02
134.366 7.698141163097985129e-02
134.374 7.697602371418510447e-02
134.383 7.697063645617040206e-02
134.391 7.696524985573961752e-02
134.399 7.695986391277240268e-02
134.407 7.695447862822345220e-02
134.416 7.694909400053875914e-02
134.424 7.694371003121044938e-02
134.432 7.693832671940141477e-02
134.441 7.693294406355831450e-02
134.449 7.692756206624752624e-02
134.457 7.692218072573664411e-02
134.466 7.691680004118942038e-02
134.474 7.691142001391798599e-02
134.482 7.690604064362298320e-02
134.491 7.690066192893126040e-02
134.499 7.689528387043885471e-02
134.507 7.688990646999378786e-02
134.515 7.688452972461290447e-02
134.524 7.687915363453434736e-02
134.532 7.687377820106916504e-02
134.54 7.686840342248758839e-02
134.549 7.686302930027927305e-02
134.557 7.685765583414516655e-02
134.565 7.685228302217758656e-02
134.574 7.684691086604449051e-02
134.582 7.684153936401731666e-02
134.59 7.683616851722753494e-02
134.599 7.683079832644869323e-02
134.607 7.682542878959539023e-02
134.615 7.682005990654824923e-02
134.623 7.681469167879530213e-02
134.632 7.680932410568092061e-02
134.64 7.680395718654964288e-02
134.648 7.679859092074634019e-02
134.657 7.679322530940141389e-02
134.665 7.678786035203814808e-02
134.673 7.678249604800159445e-02
134.682 7.677713239735092787e-02
134.69 7.677176940050201015e-02
134.698 7.676640705697856948e-02
134.707 7.676104536612607387e-02
134.715 7.675568432889555426e-02
134.723 7.675032394409748993e-02
134.732 7.674496421196946860e-02
134.74 7.673960513328376143e-02
134.748 7.673424670720783991e-02
134.756 7.672888893201813831e-02
134.765 7.672353181009144985e-02
134.773 7.671817534077367273e-02
134.781 7.671281952252002878e-02
134.79 7.670746435717171186e-02
134.798 7.670210984211532634e-02
134.806 7.669675597990430194e-02
134.815 7.669140277041926190e-02
134.823 7.668605020944499473e-02
134.831 7.668069830078104443e-02
134.84 7.667534704448618343e-02
134.848 7.666999643777090701e-02
134.856 7.666464648211894495e-02
134.864 7.665929717794545128e-02
134.873 7.665394852441954898e-02
134.881 7.664860052035507576e-02
134.889 7.664325316705694613e-02
134.898 7.663790646476227597e-02
134.906 7.663256041175135758e-02
134.914 7.662721500915085915e-02
134.923 7.662187025613080571e-02
134.931 7.661652615275071909e-02
134.939 7.661118269924761803e-02
134.948 7.660583989585857678e-02
134.956 7.660049774104304987e-02
134.964 7.659515623450534327e-02
134.973 7.658981537879273882e-02
134.981 7.658447517183201991e-02
134.989 7.657913561314969031e-02
134.997 7.657379670351585621e-02
135.006 7.656845844245703525e-02
135.014 7.656312083074293118e-02
135.022 7.655778386523659496e-02
135.031 7.655244754919394989e-02
135.039 7.654711188089882712e-02
135.047 7.654177686147570214e-02
135.056 7.653644248920903059e-02
135.064 7.653110876469097767e-02
135.072 7.652577568833572597e-02
135.081 7.652044325789640611e-02
135.089 7.651511147556158687e-02
135.097 7.650978034192267019e-02
135.105 7.650444985473317527e-02
135.114 7.649912001281167218e-02
135.122 7.649379081940958780e-02
135.13 7.648846227263596254e-02
135.139 7.648313437148675231e-02
135.147 7.647780711726255565e-02
135.155 7.647248051055434426e-02
135.164 7.646715454894074948e-02
135.172 7.646182923212745119e-02
135.18 7.645650456389443961e-02
135.189 7.645118054022660703e-02
135.197 7.644585716153834420e-02
135.205 7.644053442966020073e-02
135.213 7.643521234323499836e-02
135.222 7.642989090196829205e-02
135.23 7.642457010521183647e-02
135.238 7.641924995391041753e-02
135.247 7.641393044759274555e-02
135.255 7.640861158614153936e-02
135.263 7.640329336961648732e-02
135.272 7.639797579825409468e-02
135.28 7.639265886999134503e-02
135.288 7.638734258648022246e-02
135.297 7.638202694795702408e-02
135.305 7.637671195306684757e-02
135.313 7.637139760257671828e-02
135.322 7.636608389548563136e-02
135.33 7.636077083167672197e-02
135.338 7.635545841209362417e-02
135.346 7.635014663555894643e-02
135.355 7.634483550319277889e-02
135.363 7.633952501328790385e-02
135.371 7.633421516590457867e-02
135.38 7.632890596251568072e-02
135.388 7.632359740176794527e-02
135.396 7.631828948460414597e-02
135.405 7.631298220949485345e-02
135.413 7.630767557491134612e-02
135.421 7.630236958444445994e-02
135.43 7.629706423674144367e-02
135.438 7.629175953097974694e-02
135.446 7.628645546633704144e-02
135.454 7.628115204375571223e-02
135.463 7.627584926294277146e-02
135.471 7.627054712448731733e-02
135.479 7.626524562668540730e-02
135.488 7.625994477065536903e-02
135.496 7.625464455522266982e-02
135.504 7.624934498080024325e-02
135.513 7.624404604832940580e-02
135.521 7.623874775663604109e-02
135.529 7.623345010560396429e-02
135.538 7.622815309423593144e-02
135.546 7.622285672435422099e-02
135.554 7.621756099548997188e-02
135.563 7.621226590506083309e-02
135.571 7.620697145506480363e-02
135.579 7.620167764661854581e-02
135.587 7.619638447766850786e-02
135.596 7.619109194739462354e-02
135.604 7.618580005814587497e-02
135.612 7.618050880663754243e-02
135.621 7.617521819504233238e-02
135.629 7.616992822324410162e-02
135.637 7.616463889042306146e-02
135.646 7.615935019751909896e-02
135.654 7.615406214283286512e-02
135.662 7.614877472589716423e-02
135.671 7.614348794853108282e-02
135.679 7.613820180991531794e-02
135.687 7.613291630887918104e-02
135.695 7.612763144706528873e-02
135.704 7.612234722365469886e-02
135.712 7.611706363694986655e-02
135.72 7.611178068806599695e-02
135.729 7.610649837846893140e-02
135.737 7.610121670628580692e-02
135.745 7.609593567069861120e-02
135.754 7.609065527282175834e-02
135.762 7.608537551218859385e-02
135.77 7.608009638938613428e-02
135.779 7.607481790412332079e-02
135.787 7.606954005382678130e-02
135.795 7.606426284066403198e-02
135.803 7.605898626574830734e-02
135.812 7.605371032685795396e-02
135.82 7.604843502405343736e-02
135.828 7.604316035774608129e-02
135.837 7.603788632659279345e-02
135.845 7.603261293275914712e-02
135.853 7.602734017542812917e-02
135.862 7.602206805255543043e-02
135.87 7.601679656613080649e-02
135.878 7.601152571498701049e-02
135.887 7.600625549935996483e-02
135.895 7.600098591966039652e-02
135.903 7.599571697437135231e-02
135.912 7.599044866355343653e-02
135.92 7.598518098919476715e-02
135.928 7.597991394925276976e-02
135.936 7.597464754466400072e-02
135.945 7.596938177268619530e-02
135.953 7.596411663565726113e-02
135.961 7.595885213503837663e-02
135.97 7.595358826721240741e-02
135.978 7.594832503381594713e-02
135.986 7.594306243385913480e-02
135.995 7.593780046880284351e-02
136.003 7.593253913748218564e-02
136.011 7.592727843820787359e-02
136.02 7.592201837331556680e-02
136.028 7.591675894234055366e-02
136.036 7.591150014429372261e-02
136.044 7.590624197941069073e-02
136.053 7.590098444757710505e-02
136.061 7.589572754832892010e-02
136.069 7.589047128207655757e-02
136.078 7.588521564888053850e-02
136.086 7.587996064792737472e-02
136.094 7.587470627910292142e-02
136.103 7.586945254299221064e-02
136.111 7.586419943843261682e-02
136.119 7.585894696600915810e-02
136.128 7.585369512648112988e-02
136.136 7.584844391833682475e-02
136.144 7.584319334146255587e-02
136.153 7.583794339731601830e-02
136.161 7.583269408351307750e-02
136.169 7.582744540133683209e-02
136.177 7.582219735067340094e-02
136.186 7.581694993071069755e-02
136.194 7.581170314098592544e-02
136.202 7.580645698330508442e-02
136.211 7.580121145668163030e-02
136.219 7.579596655873387101e-02
136.227 7.579072229266298200e-02
136.236 7.578547865748272439e-02
136.244 7.578023565185861010e-02
136.252 7.577499327550298036e-02
136.261 7.576975153004592012e-02
136.269 7.576451041467632819e-02
136.277 7.575926992910632374e-02
136.285 7.575403007252536070e-02
136.294 7.574879084586567946e-02
136.302 7.574355224831678945e-02
136.31 7.573831428098498630e-02
136.319 7.573307694288555769e-02
136.327 7.572784023216343197e-02
136.335 7.572260415131815137e-02
136.344 7.571736869953964166e-02
136.352 7.571213387654047999e-02
136.36 7.570689968133689773e-02
136.369 7.570166611433822024e-02
136.377 7.569643317682379913e-02
136.385 7.569120086711383921e-02
136.393 7.568596918526944439e-02
136.402 7.568073813135146877e-02
136.41 7.567550770489919754e-02
136.418 7.567027790701717771e-02
136.427 7.566504873741829174e-02
136.435 7.565982019355468879e-02
136.443 7.565459227722684532e-02
136.452 7.564936498936492004e-02
136.46 7.564413832690040917e-02
136.468 7.563891229267596938e-02
136.477 7.563368688588313626e-02
136.485 7.562846210501887600e-02
136.493 7.562323795170816654e-02
136.502 7.561801442375325200e-02
136.51 7.561279152121558322e-02
136.518 7.560756924693559644e-02
136.526 7.560234759819495221e-02
136.535 7.559712657644405975e-02
136.543 7.559190617948656488e-02
136.551 7.558668640721037668e-02
136.56 7.558146726297500229e-02
136.568 7.557624874354303135e-02
136.576 7.557103084880230359e-02
136.585 7.556581358054942354e-02
136.593 7.556059693641607733e-02
136.601 7.555538091750461926e-02
136.61 7.555016552422318121e-02
136.618 7.554495075524508829e-02
136.626 7.553973661149875063e-02
136.634 7.553452309269836906e-02
136.643 7.552931019717135097e-02
136.651 7.552409792636602393e-02
136.659 7.551888628034351958e-02
136.668 7.551367525760500909e-02
136.676 7.550846485977166789e-02
136.684 7.550325508690429455e-02
136.693 7.549804593542565334e-02
136.701 7.549283740868900638e-02
136.709 7.548762950554284423e-02
136.718 7.548242222604839569e-02
136.726 7.547721556940102661e-02
136.734 7.547200953566207682e-02
136.743 7.546680412662418180e-02
136.751 7.546159933923229923e-02
136.759 7.545639517389429729e-02
136.767 7.545119163257528461e-02
136.776 7.544598871360587433e-02
136.784 7.544078641722043455e-02
136.792 7.543558474278826143e-02
136.801 7.543038369088968242e-02
136.809 7.542518326124011963e-02
136.817 7.541998345303618789e-02
136.826 7.541478426754980036e-02
136.834 7.540958570380464077e-02
136.842 7.540438776047921066e-02
136.851 7.539919043953663413e-02
136.859 7.539399374051942992e-02
136.867 7.538879766210646038e-02
136.875 7.538360220435931514e-02
136.884 7.537840736854899137e-02
136.892 7.537321315439102221e-02
136.9 7.536801955952852905e-02
136.909 7.536282658505968901e-02
136.917 7.535763423415425821e-02
136.925 7.535244250065693816e-02
136.934 7.534725138808304190e-02
136.942 7.534206089666642403e-02
136.95 7.533687102508747346e-02
136.959 7.533168177306258373e-02
136.967 7.532649314134361174e-02
136.975 7.532130512981943804e-02
136.983 7.531611773648128061e-02
136.992 7.531093096346096194e-02
137 7.530574481081976634e-02
137.008 7.530055927654946690e-02
137.017 7.529537436209142454e-02
137.025 7.529019006612763798e-02
137.033 7.528500638768556574e-02
137.042 7.527982332975745317e-02
137.05 7.527464089240429312e-02
137.058 7.526945907000029412e-02
137.067 7.526427786674366738e-02
137.075 7.525909728424616529e-02
137.083 7.525391731791764016e-02
137.092 7.524873797023169664e-02
137.1 7.524355924124977169e-02
137.108 7.523838112982789150e-02
137.116 7.523320363533907151e-02
137.125 7.522802675732877253e-02
137.133 7.522285049930176049e-02
137.141 7.521767485908131823e-02
137.15 7.521249983380344506e-02
137.158 7.520732542766034312e-02
137.166 7.520215163847628059e-02
137.175 7.519697846579689871e-02
137.183 7.519180590968416178e-02
137.191 7.518663396933984722e-02
137.2 7.518146264671760060e-02
137.208 7.517629194187873398e-02
137.216 7.517112185127418356e-02
137.224 7.516595237737300206e-02
137.233 7.516078352075244995e-02
137.241 7.515561527872402503e-02
137.249 7.515044765409954752e-02
137.258 7.514528064487827064e-02
137.266 7.514011424991956511e-02
137.274 7.513494847134703780e-02
137.283 7.512978330887871981e-02
137.291 7.512461876103045111e-02
137.299 7.511945482803600305e-02
137.308 7.511429151133088011e-02
137.316 7.510912880891644494e-02
137.324 7.510396672085466185e-02
137.333 7.509880524909551269e-02
137.341 7.509364439078290709e-02
137.349 7.508848414615068578e-02
137.357 7.508332451749143155e-02
137.366 7.507816550332245542e-02
137.374 7.507300710199024674e-02
137.382 7.506784931424323459e-02
137.391 7.506269214271578394e-02
137.399 7.505753558421100757e-02
137.407 7.505237963673379309e-02
137.416 7.504722430497551278e-02
137.424 7.504206958831166618e-02
137.432 7.503691548320451377e-02
137.441 7.503176199160159487e-02
137.449 7.502660911236541663e-02
137.457 7.502145684692872185e-02
137.465 7.501630519415408704e-02
137.474 7.501115415444609136e-02
137.482 7.500600372735286014e-02
137.49 7.500085391310754024e-02
137.499 7.499570471057354082e-02
137.507 7.499055612049783381e-02
137.515 7.498540814311362157e-02
137.524 7.498026077711343607e-02
137.532 7.497511402375742207e-02
137.54 7.496996788122517463e-02
137.549 7.496482235129003913e-02
137.557 7.495967743332937472e-02
137.565 7.495453312569463900e-02
137.573 7.494938943084265837e-02
137.582 7.494424634609889169e-02
137.59 7.493910387238071624e-02
137.598 7.493396201111802990e-02
137.607 7.492882075946623310e-02
137.615 7.492368011834261987e-02
137.623 7.491854008951835675e-02
137.632 7.491340067066262765e-02
137.64 7.490826186235029216e-02
137.648 7.490312366310586389e-02
137.657 7.489798607435849132e-02
137.665 7.489284909787831401e-02
137.673 7.488771272945703161e-02
137.682 7.488257697154825088e-02
137.69 7.487744182336013299e-02
137.698 7.487230728461338747e-02
137.706 7.486717335554100849e-02
137.715 7.486204003620515468e-02
137.723 7.485690732581452844e-02
137.731 7.485177522477275136e-02
137.74 7.484664373297132689e-02
137.748 7.484151285030188339e-02
137.756 7.483638257631476665e-02
137.765 7.483125290987835410e-02
137.773 7.482612385327230831e-02
137.781 7.482099540570590068e-02
137.79 7.481586756519513493e-02
137.798 7.481074033350755548e-02
137.806 7.480561370985290559e-02
137.814 7.480048769514571760e-02
137.823 7.479536228825504895e-02
137.831 7.479023748890237244e-02
137.839 7.478511329697973276e-02
137.848 7.477998971135713102e-02
137.856 7.477486673584451959e-02
137.864 7.476974436607522478e-02
137.873 7.476462260449624753e-02
137.881 7.475950144912626993e-02
137.889 7.475438090087919984e-02
137.898 7.474926096015789556e-02
137.906 7.474414162566273001e-02
137.914 7.473902289898791407e-02
137.923 7.473390477713250102e-02
137.931 7.472878726254145176e-02
137.939 7.472367035561713888e-02
137.947 7.471855405318941767e-02
137.956 7.471343835753246898e-02
137.964 7.470832326785810384e-02
137.972 7.470320878371856932e-02
137.981 7.469809490636658555e-02
137.989 7.469298163331418439e-02
137.997 7.468786896666400332e-02
138.006 7.468275690545847501e-02
138.014 7.467764544959003270e-02
138.022 7.467253459861132592e-02
138.031 7.466742435241512099e-02
138.039 7.466231471191331348e-02
138.047 7.465720567614894665e-02
138.055 7.465209724552426818e-02
138.064 7.464698941891284578e-02
138.072 7.464188219620764009e-02
138.08 7.463677557882951452e-02
138.089 7.463166956565238375e-02
138.097 7.462656415690857581e-02
138.105 7.462145935147243558e-02
138.114 7.461635515059461543e-02
138.122 7.461125155433749601e-02
138.13 7.460614856072743384e-02
138.139 7.460104617050591913e-02
138.147 7.459594438458365395e-02
138.155 7.459084320115734468e-02
138.163 7.458574262215528217e-02
138.172 7.458064264611355410e-02
138.18 7.457554327156902529e-02
138.188 7.457044450197515550e-02
138.197 7.456534633451239458e-02
138.205 7.456024876992152495e-02
138.213 7.455515180792612884e-02
138.222 7.455005544723343480e-02
138.23 7.454495969044765136e-02
138.238 7.453986453542874036e-02
138.247 7.453476998342514759e-02
138.255 7.452967603229761206e-02
138.263 7.452458268244789574e-02
138.272 7.451948993647856956e-02
138.28 7.451439779072710490e-02
138.288 7.450930624627236099e-02
138.296 7.450421530503888168e-02
138.305 7.449912496353493230e-02
138.313 7.449403522351580320e-02
138.321 7.448894608639768100e-02
138.33 7.448385754835176731e-02
138.338 7.447876961130212026e-02
138.346 7.447368227632612803e-02
138.355 7.446859554128769376e-02
138.363 7.446350940658803819e-02
138.371 7.445842387229001380e-02
138.38 7.445333893845627882e-02
138.388 7.444825460565669684e-02
138.396 7.444317087293975121e-02
138.404 7.443808773952324820e-02
138.413 7.443300520648397922e-02
138.421 7.442792327253305862e-02
138.429 7.442284193857816310e-02
138.438 7.441776120535756323e-02
138.446 7.441268107006256127e-02
138.454 7.440760153444526959e-02
138.463 7.440252259941254609e-02
138.471 7.439744426300085034e-02
138.479 7.439236652375391667e-02
138.488 7.438728938460466289e-02
138.496 7.438221284443405357e-02
138.504 7.437713690212380269e-02
138.513 7.437206155959286136e-02
138.521 7.436698681606020156e-02
138.529 7.436191266956437840e-02
138.537 7.435683912168666865e-02
138.546 7.435176617198381577e-02
138.554 7.434669381950706479e-02
138.562 7.434162206583694310e-02
138.571 7.433655091019313044e-02
138.579 7.433148035162712164e-02
138.587 7.432641039053911047e-02
138.596 7.432134102732908254e-02
138.604 7.431627226121736984e-02
138.612 7.431120409277232330e-02
138.621 7.430613651986688051e-02
138.629 7.430106954576480571e-02
138.637 7.429600316918116842e-02
138.645 7.429093738647385425e-02
138.654 7.428587220258989210e-02
138.662 7.428080761506607177e-02
138.67 7.427574362312382161e-02
138.679 7.427068022985609808e-02
138.687 7.426561743111771696e-02
138.695 7.426055522764531125e-02
138.704 7.425549362101656337e-02
138.712 7.425043260961175506e-02
138.72 7.424537219551287370e-02
138.729 7.424031237676394224e-02
138.737 7.423525315258727719e-02
138.745 7.423019452439154342e-02
138.753 7.422513649223951016e-02
138.762 7.422007905484917512e-02
138.77 7.421502221228373775e-02
138.778 7.420996596393403255e-02
138.787 7.420491031204817789e-02
138.795 7.419985525433617224e-02
138.803 7.419480079035729869e-02
138.812 7.418974692235895396e-02
138.82 7.418469364939585253e-02
138.828 7.417964096867565860e-02
138.837 7.417458888311720400e-02
138.845 7.416953739261529510e-02
138.853 7.416448649538584514e-02
138.862 7.415943619048516455e-02
138.87 7.415438648217317907e-02
138.878 7.414933736765891292e-02
138.886 7.414428884415259768e-02
138.895 7.413924091473865496e-02
138.903 7.413419358031893280e-02
138.911 7.412914683760087053e-02
138.92 7.412410068782238071e-02
138.928 7.411905513356237263e-02
138.936 7.411401017018778847e-02
138.945 7.410896579876860568e-02
138.953 7.410392202070947842e-02
138.961 7.409887883640869921e-02
138.97 7.409383624492343889e-02
138.978 7.408879424430561689e-02
138.986 7.408375283595959593e-02
138.994 7.407871202095395180e-02
139.003 7.407367179683850555e-02
139.011 7.406863216417944318e-02
139.019 7.406359312488261515e-02
139.028 7.405855467767095968e-02
139.036 7.405351682009581049e-02
139.044 7.404847955439776419e-02
139.053 7.404344288181190226e-02
139.061 7.403840679888558374e-02
139.069 7.403337130718910808e-02
139.078 7.402833640628360412e-02
139.086 7.402330209773853864e-02
139.094 7.401826837960895356e-02
139.103 7.401323525128913894e-02
139.111 7.400820271468273870e-02
139.119 7.400317076851468945e-02
139.127 7.399813941117601435e-02
139.136 7.399310864490443729e-02
139.144 7.398807846926137854e-02
139.152 7.398304888397573553e-02
139.161 7.397801988827495956e-02
139.169 7.397299148155411785e-02
139.177 7.396796366554792002e-02
139.186 7.396293643948401164e-02
139.194 7.395790980309148444e-02
139.202 7.395288375426206651e-02
139.211 7.394785829656742859e-02
139.219 7.394283342823319838e-02
139.227 7.393780914798679660e-02
139.235 7.393278545605902474e-02
139.244 7.392776235334823365e-02
139.252 7.392273984008472520e-02
139.26 7.391771791599782704e-02
139.269 7.391269658031640599e-02
139.277 7.390767583176886812e-02
139.285 7.390265567242143563e-02
139.294 7.389763610116945047e-02
139.302 7.389261711824317291e-02
139.31 7.388759872237173065e-02
139.319 7.388258091528661364e-02
139.327 7.387756369621725772e-02
139.335 7.387254706389324854e-02
139.343 7.386753102071234867e-02
139.352 7.386251556307021904e-02
139.36 7.385750069319786670e-02
139.368 7.385248641099205480e-02
139.377 7.384747271551622694e-02
139.385 7.384245960783383800e-02
139.393 7.383744708700855364e-02
139.402 7.383243515327053696e-02
139.41 7.382742380501766677e-02
139.418 7.382241304414580152e-02
139.427 7.381740286955268404e-02
139.435 7.381239328063592120e-02
139.443 7.380738427879114660e-02
139.452 7.380237586324935040e-02
139.46 7.379736803274263013e-02
139.468 7.379236078833342760e-02
139.476 7.378735413125006581e-02
139.485 7.378234806039095373e-02
139.493 7.377734257265874951e-02
139.501 7.377233767011406873e-02
139.51 7.376733335498270039e-02
139.518 7.376232962483310340e-02
139.526 7.375732647989531598e-02
139.535 7.375232391973425561e-02
139.543 7.374732194408110952e-02
139.551 7.374232055299974331e-02
139.56 7.373731974821588764e-02
139.568 7.373231952696769620e-02
139.576 7.372731989064840175e-02
139.584 7.372232083832472305e-02
139.593 7.371732237072507743e-02
139.601 7.371232448724852893e-02
139.609 7.370732718712841303e-02
139.618 7.370233047159116535e-02
139.626 7.369733433986998261e-02
139.634 7.369233879302490575e-02
139.643 7.368734382879510436e-02
139.651 7.368234944741074155e-02
139.659 7.367735565076133364e-02
139.668 7.367236243691892283e-02
139.676 7.366736980694293946e-02
139.684 7.366237775874021065e-02
139.692 7.365738629386787972e-02
139.701 7.365239541355073083e-02
139.709 7.364740511586176375e-02
139.717 7.364241539854329832e-02
139.726 7.363742626563925253e-02
139.734 7.363243771472603727e-02
139.742 7.362744974619911398e-02
139.751 7.362246235979078013e-02
139.759 7.361747555589638614e-02
139.767 7.361248933424822949e-02
139.776 7.360750369408158855e-02
139.784 7.360251863579182763e-02
139.792 7.359753415878014793e-02
139.801 7.359255026576061454e-02
139.809 7.358756695182798457e-02
139.817 7.358258421953081663e-02
139.825 7.357760206926398927e-02
139.834 7.357262049993233688e-02
139.842 7.356763951209634167e-02
139.85 7.356265910466121272e-02
139.859 7.355767927785644700e-02
139.867 7.355270003257352585e-02
139.875 7.354772136771779711e-02
139.884 7.354274328351873002e-02
139.892 7.353776577987473917e-02
139.9 7.353278885569200507e-02
139.909 7.352781251301922227e-02
139.917 7.352283674993558005e-02
139.925 7.351786156700125530e-02
139.933 7.351288696312294202e-02
139.942 7.350791293985248220e-02
139.95 7.350293949725358877e-02
139.958 7.349796663307626987e-02
139.967 7.349299434837640310e-02
139.975 7.348802264255697991e-02
139.983 7.348305151667336443e-02
139.992 7.347808097062411004e-02
140 7.347311100348211110e-02
140.008 7.346814161465076154e-02
140.017 7.346317280386410742e-02
140.025 7.345820457333264442e-02
140.033 7.345323692212944733e-02
140.042 7.344826984718216822e-02
140.05 7.344330335169130253e-02
140.058 7.343833743522548696e-02
140.066 7.343337209619854589e-02
140.075 7.342840733599456660e-02
140.083 7.342344315253288012e-02
140.091 7.341847954736244186e-02
140.1 7.341351652153670082e-02
140.108 7.340855407182114711e-02
140.116 7.340359219992916018e-02
140.125 7.339863090543016777e-02
140.133 7.339367018838831302e-02
140.141 7.338871005002134407e-02
140.15 7.338375048726160366e-02
140.158 7.337879150165679820e-02
140.166 7.337383309360051564e-02
140.174 7.336887526183864805e-02
140.183 7.336391800692970699e-02
140.191 7.335896132943185710e-02
140.199 7.335400522792678846e-02
140.208 7.334904970198481700e-02
140.216 7.334409475348145635e-02
140.224 7.333914038034033966e-02
140.233 7.333418658476575924e-02
140.241 7.332923336369422118e-02
140.249 7.332428071900058686e-02
140.258 7.331932865025521384e-02
140.266 7.331437715669962552e-02
140.274 7.330942623889161180e-02
140.282 7.330447589771778294e-02
140.291 7.329952613143270179e-02
140.299 7.329457693927851625e-02
140.307 7.328962832279965756e-02
140.316 7.328468028189571992e-02
140.324 7.327973281580872633e-02
140.332 7.327478592410990865e-02
140.341 7.326983960735661272e-02
140.349 7.326489386512001489e-02
140.357 7.325994869730004244e-02
140.366 7.325500410543966945e-02
140.374 7.325006008648130007e-02
140.382 7.324511664131093391e-02
140.391 7.324017376950026081e-02
140.399 7.323523147456245663e-02
140.407 7.323028975278411679e-02
140.415 7.322534860275214941e-02
140.424 7.322040802732224241e-02
140.432 7.321546802606601623e-02
140.44 7.321052859888334263e-02
140.449 7.320558974501777116e-02
140.457 7.320065146174427329e-02
140.465 7.319571375355779508e-02
140.474 7.319077661970167792e-02
140.482 7.318584005777942214e-02
140.49 7.318090406670774151e-02
140.499 7.317596865097916736e-02
140.507 7.317103380852556238e-02
140.515 7.316609953564033597e-02
140.523 7.316116583648700489e-02
140.532 7.315623271129328975e-02
140.54 7.315130015569806798e-02
140.548 7.314636817288011628e-02
140.557 7.314143676372276970e-02
140.565 7.313650592616000035e-02
140.573 7.313157565878199151e-02
140.582 7.312664596280027407e-02
140.59 7.312171683942569889e-02
140.598 7.311678828954107368e-02
140.607 7.311186030846178463e-02
140.615 7.310693289870887068e-02
140.623 7.310200606214735386e-02
140.632 7.309707979507638897e-02
140.64 7.309215409936113683e-02
140.648 7.308722897392049000e-02
140.656 7.308230441963708968e-02
140.665 7.307738043641164027e-02
140.673 7.307245702349057792e-02
140.681 7.306753418077481521e-02
140.69 7.306261190947369033e-02
140.698 7.305769020719841966e-02
140.706 7.305276907483146398e-02
140.715 7.304784851390866418e-02
140.723 7.304292852204206932e-02
140.731 7.303800910011359893e-02
140.74 7.303309024704376928e-02
140.748 7.302817196371440278e-02
140.756 7.302325425166038275e-02
140.764 7.301833710947529255e-02
140.773 7.301342053379315800e-02
140.781 7.300850452876271601e-02
140.789 7.300358909265150520e-02
140.798 7.299867422503425463e-02
140.806 7.299375992809820080e-02
140.814 7.298884619880541269e-02
140.823 7.298393303673121613e-02
140.831 7.297902044504155084e-02
140.839 7.297410842298447664e-02
140.848 7.296919696785010567e-02
140.856 7.296428608019303597e-02
140.864 7.295937576154624959e-02
140.872 7.295446601083223348e-02
140.881 7.294955682762625793e-02
140.889 7.294464821280852163e-02
140.897 7.293974016660637050e-02
140.906 7.293483268631249794e-02
140.914 7.292992577476339888e-02
140.922 7.292501943055627878e-02
140.931 7.292011365261483191e-02
140.939 7.291520844279665570e-02
140.947 7.291030380230664742e-02
140.956 7.290539972583218176e-02
140.964 7.290049621555666493e-02
140.972 7.289559327463981941e-02
140.981 7.289069089939945179e-02
140.989 7.288578909136617101e-02
140.997 7.288088784979024348e-02
141.005 7.287598717327112285e-02
141.014 7.287108706333901564e-02
141.022 7.286618752217448314e-02
141.03 7.286128854544694777e-02
141.039 7.285639013338446324e-02
141.047 7.285149228881827865e-02
141.055 7.284659500937208654e-02
141.064 7.284169829527344098e-02
141.072 7.283680214837644218e-02
141.08 7.283190656598031998e-02
141.089 7.282701154766232921e-02
141.097 7.282211709657689103e-02
141.105 7.281722321099974582e-02
141.113 7.281232988855709798e-02
141.122 7.280743713240254988e-02
141.13 7.280254494081264682e-02
141.138 7.279765331433975251e-02
141.147 7.279276225256099686e-02
141.155 7.278787175440391832e-02
141.163 7.278298182172035502e-02
141.172 7.277809245343784539e-02
141.18 7.277320364880905668e-02
141.188 7.276831540806132093e-02
141.197 7.276342773174657164e-02
141.205 7.275854061976715081e-02
141.213 7.275365407299931586e-02
141.222 7.274876808712502085e-02
141.23 7.274388266464433539e-02
141.238 7.273899780935445814e-02
141.246 7.273411351531547386e-02
141.255 7.272922978437761088e-02
141.263 7.272434661611898443e-02
141.271 7.271946401238886526e-02
141.28 7.271458197081888397e-02
141.288 7.270970049260924717e-02
141.296 7.270481957798675954e-02
141.305 7.269993922490843030e-02
141.313 7.269505943587104002e-02
141.321 7.269018020785936174e-02
141.33 7.268530154272138943e-02
141.338 7.268042343971169161e-02
141.346 7.267554589840906354e-02
141.354 7.267066892033659242e-02
141.363 7.266579250507276821e-02
141.371 7.266091665122445531e-02
141.379 7.265604135675142461e-02
141.388 7.265116662738690945e-02
141.396 7.264629245785156342e-02
141.404 7.264141884869651511e-02
141.413 7.263654580338646527e-02
141.421 7.263167331858645659e-02
141.429 7.262680139452351580e-02
141.438 7.262193003207176312e-02
141.446 7.261705922951622316e-02
141.454 7.261218898902528640e-02
141.462 7.260731931050165566e-02
141.471 7.260245018931944794e-02
141.479 7.259758163088156357e-02
141.487 7.259271363412020395e-02
141.496 7.258784619602798305e-02
141.504 7.258297931844868989e-02
141.512 7.257811300063901627e-02
141.521 7.257324724282569750e-02
141.529 7.256838204588172969e-02
141.537 7.256351740971013486e-02
141.546 7.255865333130584460e-02
141.554 7.255378981315778464e-02
141.562 7.254892685581525169e-02
141.571 7.254406445627410716e-02
141.579 7.253920261669934144e-02
141.587 7.253434133731725963e-02
141.595 7.252948061577063621e-02
141.604 7.252462045357785381e-02
141.612 7.251976085225665669e-02
141.62 7.251490180848196854e-02
141.629 7.251004332248069117e-02
141.637 7.250518539609313029e-02
141.645 7.250032802760923711e-02
141.654 7.249547121919144854e-02
141.662 7.249061496816210093e-02
141.67 7.248575927474788794e-02
141.679 7.248090414078792176e-02
141.687 7.247604956521819242e-02
141.695 7.247119554536267383e-02
141.703 7.246634208435019653e-02
141.712 7.246148918208432377e-02
141.72 7.245663683653458254e-02
141.728 7.245178504953894705e-02
141.737 7.244693381906749940e-02
141.745 7.244208314631343792e-02
141.753 7.243723303085844445e-02
141.762 7.243238347260649856e-02
141.77 7.242753447178373882e-02
141.778 7.242268602732791771e-02
141.787 7.241783813914329238e-02
141.795 7.241299080842218683e-02
141.803 7.240814403506844188e-02
141.812 7.240329781834219103e-02
141.82 7.239845215686002700e-02
141.828 7.239360705181395461e-02
141.836 7.238876250407361157e-02
141.845 7.238391851225579876e-02
141.853 7.237907507562141296e-02
141.861 7.237423219632692362e-02
141.87 7.236938987170286885e-02
141.878 7.236454810326217735e-02
141.886 7.235970689058744687e-02
141.895 7.235486623293993502e-02
141.903 7.235002613215331391e-02
141.911 7.234518658620267550e-02
141.92 7.234034759434986028e-02
141.928 7.233550915778529100e-02
141.936 7.233067127705612720e-02
141.944 7.232583395174538299e-02
141.953 7.232099718079358641e-02
141.961 7.231616096410545258e-02
141.969 7.231132530287055771e-02
141.978 7.230649019570868641e-02
141.986 7.230165564413024160e-02
141.994 7.229682164514965315e-02
142.003 7.229198820059856700e-02
142.011 7.228715531198680322e-02
142.019 7.228232297568765174e-02
142.028 7.227749119481591267e-02
142.036 7.227265996767132106e-02
142.044 7.226782929255440302e-02
142.052 7.226299917161649322e-02
142.061 7.225816960540375200e-02
142.069 7.225334059253771257e-02
142.077 7.224851213228179747e-02
142.086 7.224368422582404248e-02
142.094 7.223885687274848866e-02
142.102 7.223403007167761292e-02
142.111 7.222920382508134229e-02
142.119 7.222437813029997100e-02
142.127 7.221955298852084093e-02
142.136 7.221472839868757487e-02
142.144 7.220990436198722329e-02
142.152 7.220508087896546079e-02
142.161 7.220025794760491500e-02
142.169 7.219543556845159360e-02
142.177 7.219061374012966659e-02
142.185 7.218579246574716168e-02
142.194 7.218097174360761648e-02
142.202 7.217615157201541509e-02
142.21 7.217133195279706870e-02
142.219 7.216651288457733016e-02
142.227 7.216169436918200286e-02
142.235 7.215687640427595473e-02
142.244 7.215205899040484649e-02
142.252 7.214724212843399986e-02
142.26 7.214242581826860179e-02
142.269 7.213761005853448760e-02
142.277 7.213279485041657058e-02
142.285 7.212798019286081885e-02
142.293 7.212316608545304986e-02
142.302 7.211835252969761578e-02
142.31 7.211353952294234648e-02
142.318 7.210872706860936565e-02
142.327 7.210391516340759754e-02
142.335 7.209910380884096415e-02
142.343 7.209429300513446603e-02
142.352 7.208948275155460661e-02
142.36 7.208467304736812520e-02
142.368 7.207986389248102754e-02
142.377 7.207505528743793355e-02
142.385 7.207024723342200789e-02
142.393 7.206543972969992051e-02
142.402 7.206063277330392036e-02
142.41 7.205582636733279256e-02
142.418 7.205102051105374827e-02
142.426 7.204621520309587024e-02
142.435 7.204141044368449209e-02
142.443 7.203660623559741960e-02
142.451 7.203180257427328759e-02
142.46 7.202699946312780821e-02
142.468 7.202219690110960026e-02
142.476 7.201739488621095031e-02
142.485 7.201259342057071688e-02
142.493 7.200779250345697158e-02
142.501 7.200299213477576177e-02
142.51 7.199819231347677484e-02
142.518 7.199339304106024129e-02
142.526 7.198859431679459353e-02
142.534 7.198379614090462397e-02
142.543 7.197899851170322383e-02
142.551 7.197420143005282822e-02
142.559 7.196940489745250191e-02
142.568 7.196460891125987247e-02
142.576 7.195981347329251376e-02
142.584 7.195501858250119565e-02
142.593 7.195022423911062726e-02
142.601 7.194543044302717516e-02
142.609 7.194063719320212269e-02
142.618 7.193584449017882687e-02
142.626 7.193105233450020064e-02
142.634 7.192626072639078660e-02
142.642 7.192146966352946924e-02
142.651 7.191667914836845366e-02
142.659 7.191188918049570833e-02
142.667 7.190709975631869033e-02
142.676 7.190231087987937475e-02
142.684 7.189752255012989146e-02
142.692 7.189273476634067128e-02
142.701 7.188794752841839997e-02
142.709 7.188316083626979103e-02
142.717 7.187837468948374275e-02
142.726 7.187358908923829892e-02
142.734 7.186880403385101368e-02
142.742 7.186401952354665168e-02
142.751 7.185923556013835978e-02
142.759 7.185445214035569850e-02
142.767 7.184966926696473299e-02
142.775 7.184488693796634018e-02
142.784 7.184010515612566927e-02
142.792 7.183532391626852587e-02
142.8 7.183054322243005718e-02
142.809 7.182576307419934192e-02
142.817 7.182098346957863089e-02
142.825 7.181620440974467723e-02
142.834 7.181142589396971587e-02
142.842 7.180664792343008362e-02
142.85 7.180187049644624897e-02
142.859 7.179709361355988972e-02
142.867 7.179231727436095889e-02
142.875 7.178754148034238725e-02
142.883 7.178276622950828523e-02
142.892 7.177799152240009473e-02
142.9 7.177321735892507049e-02
142.908 7.176844373899035623e-02
142.917 7.176367066313715792e-02
142.925 7.175889812873702256e-02
142.933 7.175412614013437773e-02
142.942 7.174935469375026686e-02
142.95 7.174458378949227777e-02
142.958 7.173981342948555773e-02
142.967 7.173504361141981589e-02
142.975 7.173027433741968606e-02
142.983 7.172550560485881077e-02
142.992 7.172073741459486507e-02
143 7.171596976811846214e-02
143.008 7.171120266375374808e-02
143.016 7.170643610140835233e-02
143.025 7.170167008130633179e-02
143.033 7.169690460240590868e-02
143.041 7.169213966714618747e-02
143.05 7.168737527353601091e-02
143.058 7.168261141990130147e-02
143.066 7.167784811026230163e-02
143.075 7.167308534167943224e-02
143.083 7.166832311469308048e-02
143.091 7.166356142762989045e-02
143.1 7.165880028450812012e-02
143.108 7.165403968112513122e-02
143.116 7.164927961833733594e-02
143.124 7.164452009763302986e-02
143.133 7.163976111702353988e-02
143.141 7.163500267768094232e-02
143.149 7.163024477919689714e-02
143.158 7.162548742242703936e-02
143.166 7.162073060475195041e-02
143.174 7.161597432797506269e-02
143.183 7.161121859137245527e-02
143.191 7.160646339485229883e-02
143.199 7.160170873895398136e-02
143.208 7.159695462453244397e-02
143.216 7.159220104739184853e-02
143.224 7.158744801154405535e-02
143.232 7.158269551594995117e-02
143.241 7.157794355925536922e-02
143.249 7.157319214231512572e-02
143.257 7.156844126566827557e-02
143.266 7.156369092859186931e-02
143.274 7.155894112847088762e-02
143.282 7.155419186962927447e-02
143.291 7.154944314976735553e-02
143.299 7.154469496879344026e-02
143.307 7.153994732756159547e-02
143.316 7.153520022314291404e-02
143.324 7.153045365828297752e-02
143.332 7.152570763415035116e-02
143.341 7.152096214529607421e-02
143.349 7.151621719604045468e-02
143.357 7.151147278660655027e-02
143.365 7.150672891469735115e-02
143.374 7.150198558085150979e-02
143.382 7.149724278340291450e-02
143.39 7.149250052635403030e-02
143.399 7.148775880677901706e-02
143.407 7.148301762458653119e-02
143.415 7.147827698000000507e-02
143.424 7.147353687229866803e-02
143.432 7.146879730359415039e-02
143.44 7.146405827159199586e-02
143.449 7.145931977620104125e-02
143.457 7.145458181921780783e-02
143.465 7.144984439960680445e-02
143.473 7.144510751570425089e-02
143.482 7.144037117024942818e-02
143.49 7.143563536032075667e-02
143.498 7.143090008677061009e-02
143.507 7.142616535170855097e-02
143.515 7.142143115284234345e-02
143.523 7.141669748976674226e-02
143.532 7.141196436144806037e-02
143.54 7.140723177125218868e-02
143.548 7.140249971783056704e-02
143.557 7.139776819889301351e-02
143.565 7.139303721811822434e-02
143.573 7.138830677195975860e-02
143.582 7.138357686095499199e-02
143.59 7.137884748626924236e-02
143.598 7.137411864781130488e-02
143.606 7.136939034392042469e-02
143.615 7.136466257513372768e-02
143.623 7.135993534261594884e-02
143.631 7.135520864533434482e-02
143.64 7.135048248257053194e-02
143.648 7.134575685548887047e-02
143.656 7.134103176180238426e-02
143.665 7.133630720706690687e-02
143.673 7.133158318429029532e-02
143.681 7.132685969338271870e-02
143.69 7.132213673989858116e-02
143.698 7.131741432217864052e-02
143.706 7.131269243793722512e-02
143.714 7.130797108771097514e-02
143.723 7.130325027015566031e-02
143.731 7.129852998768822225e-02
143.739 7.129381024084445462e-02
143.748 7.128909102608679826e-02
143.756 7.128437234614480589e-02
143.764 7.127965419998792684e-02
143.773 7.127493658658601294e-02
143.781 7.127021950584881693e-02
143.789 7.126550295956503300e-02
143.798 7.126078694795696944e-02
143.806 7.125607146968152006e-02
143.814 7.125135652245702389e-02
143.822 7.124664210807188369e-02
143.831 7.124192822893930799e-02
143.839 7.123721488215203901e-02
143.847 7.123250206793273198e-02
143.856 7.122778978462707133e-02
143.864 7.122307803558618200e-02
143.872 7.121836681884273490e-02
143.881 7.121365613430642727e-02
143.889 7.120894598188723390e-02
143.897 7.120423636305833748e-02
143.906 7.119952727554072769e-02
143.914 7.119481871861933764e-02
143.922 7.119011069533011382e-02
143.931 7.118540320370725372e-02
143.939 7.118069624334831536e-02
143.947 7.117598981510066258e-02
143.955 7.117128391793699216e-02
143.964 7.116657855239212627e-02
143.972 7.116187371837609521e-02
143.98 7.115716941486192881e-02
143.989 7.115246564269671337e-02
143.997 7.114776240397618912e-02
144.005 7.114305969330229906e-02
144.014 7.113835751464422930e-02
144.022 7.113365586728748191e-02
144.03 7.112895474958168263e-02
144.039 7.112425416299762715e-02
144.047 7.111955410713327597e-02
144.055 7.111485458283474392e-02
144.063 7.111015558751646037e-02
144.072 7.110545712108909400e-02
144.08 7.110075918689394425e-02
144.088 7.109606178296967727e-02
144.097 7.109136490766754246e-02
144.105 7.108666856245721144e-02
144.113 7.108197274849584191e-02
144.122 7.107727746288812487e-02
144.13 7.107258270679159273e-02
144.138 7.106788848011674764e-02
144.147 7.106319478339717666e-02
144.155 7.105850161623170069e-02
144.163 7.105380897759618064e-02
144.172 7.104911686895880318e-02
144.18 7.104442528804968959e-02
144.188 7.103973423789392005e-02
144.196 7.103504371466509704e-02
144.205 7.103035372076516030e-02
144.213 7.102566425672708628e-02
144.221 7.102097531997106361e-02
144.23 7.101628691320922837e-02
144.238 7.101159903292877940e-02
144.246 7.100691168121904540e-02
144.255 7.100222485954628404e-02
144.263 7.099753856377666317e-02
144.271 7.099285279631004086e-02
144.28 7.098816755861214745e-02
144.288 7.098348284686152587e-02
144.296 7.097879866438996932e-02
144.304 7.097411500893155423e-02
144.313 7.096943187946477827e-02
144.321 7.096474927838769542e-02
144.329 7.096006720592176742e-02
144.338 7.095538565949145726e-02
144.346 7.095070464118322096e-02
144.354 7.094602414966491577e-02
144.363 7.094134418515844753e-02
144.371 7.093666474633233965e-02
144.379 7.093198583558270320e-02
144.388 7.092730745219909261e-02
144.396 7.092262959391885946e-02
144.404 7.091795226251650097e-02
144.412 7.091327545852388337e-02
144.421 7.090859917998948436e-02
144.429 7.090392342713514040e-02
144.437 7.089924820142397277e-02
144.446 7.089457350214618814e-02
144.454 7.088989932859242338e-02
144.462 7.088522568067412433e-02
144.471 7.088055255799248500e-02
144.479 7.087587996107923283e-02
144.487 7.087120788984574427e-02
144.496 7.086653634513358224e-02
144.504 7.086186532530358573e-02
144.512 7.085719483057729973e-02
144.521 7.085252486210616429e-02
144.529 7.084785541701188460e-02
144.537 7.084318649737580964e-02
144.545 7.083851810372898683e-02
144.554 7.083385023474327025e-02
144.562 7.082918289094988773e-02
144.57 7.082451607071148236e-02
144.579 7.081984977517882807e-02
144.587 7.081518400457322004e-02
144.595 7.081051875725785649e-02
144.604 7.080585403562171531e-02
144.612 7.080118983957592316e-02
144.62 7.079652616500767270e-02
144.629 7.079186301585319030e-02
144.637 7.078720039047635415e-02
144.645 7.078253828755119714e-02
144.653 7.077787671008398118e-02
144.662 7.077321565612976206e-02
144.67 7.076855512529107994e-02
144.678 7.076389511778911900e-02
144.687 7.075923563446362419e-02
144.695 7.075457667491698299e-02
144.703 7.074991823720581940e-02
144.712 7.074526032216993388e-02
144.72 7.074060293219430751e-02
144.728 7.073594606379039751e-02
144.737 7.073128971717967950e-02
144.745 7.072663389598257688e-02
144.753 7.072197859702046563e-02
144.762 7.071732381896979336e-02
144.77 7.071266956421445871e-02
144.778 7.070801583143070113e-02
144.786 7.070336262145730799e-02
144.795 7.069870993513266422e-02
144.803 7.069405776804565944e-02
144.811 7.068940612504914789e-02
144.82 7.068475500327632555e-02
144.828 7.068010440294834884e-02
144.836 7.067545432459483579e-02
144.845 7.067080476874502970e-02
144.853 7.066615573469391121e-02
144.861 7.066150722081103452e-02
144.87 7.065685922886012771e-02
144.878 7.065221175782794572e-02
144.886 7.064756480886059953e-02
144.894 7.064291838032828175e-02
144.903 7.063827247461042236e-02
144.911 7.063362708668588508e-02
144.919 7.062898222047568619e-02
144.928 7.062433787774131944e-02
144.936 7.061969405253867849e-02
144.944 7.061505074971187457e-02
144.953 7.061040796639966866e-02
144.961 7.060576570313108202e-02
144.969 7.060112396074302854e-02
144.978 7.059648273945587360e-02
144.986 7.059184203764194698e-02
144.994 7.058720185613799603e-02
145.002 7.058256219362492312e-02
145.011 7.057792305093925356e-02
145.019 7.057328442891730447e-02
145.027 7.056864632747135435e-02
145.036 7.056400874312850069e-02
145.044 7.055937167949501154e-02
145.052 7.055473513617559200e-02
145.061 7.055009911123671928e-02
145.069 7.054546360459150456e-02
145.077 7.054082861922905678e-02
145.086 7.053619415137074578e-02
145.094 7.053156020185252784e-02
145.102 7.052692677273995903e-02
145.111 7.052229386148579915e-02
145.119 7.051766146923288403e-02
145.127 7.051302959589408892e-02
145.135 7.050839824107495157e-02
145.144 7.050376740376647355e-02
145.152 7.049913708480380625e-02
145.16 7.049450728471448602e-02
145.169 7.048987800279694904e-02
145.177 7.048524923865698288e-02
145.185 7.048062099251500845e-02
145.194 7.047599326428406752e-02
145.202 7.047136605357022521e-02
145.21 7.046673936059376364e-02
145.219 7.046211318680284386e-02
145.227 7.045748752811954729e-02
145.235 7.045286238691339520e-02
145.243 7.044823776524579417e-02
145.252 7.044361365873329228e-02
145.26 7.043899007005120783e-02
145.268 7.043436699757872621e-02
145.277 7.042974444337672668e-02
145.285 7.042512240705132986e-02
145.293 7.042050088514206774e-02
145.302 7.041587988032299572e-02
145.31 7.041125939312053994e-02
145.318 7.040663942160836630e-02
145.327 7.040201996784592464e-02
145.335 7.039740102960077850e-02
145.343 7.039278260709307122e-02
145.351 7.038816470084940935e-02
145.36 7.038354730955759253e-02
145.368 7.037893043588892839e-02
145.376 7.037431407914369885e-02
145.385 7.036969823678480840e-02
145.393 7.036508290933882193e-02
145.401 7.036046809763836507e-02
145.41 7.035585380312793513e-02
145.418 7.035124002296526402e-02
145.426 7.034662675828885769e-02
145.435 7.034201400778809787e-02
145.443 7.033740177504965718e-02
145.451 7.033279005570212961e-02
145.46 7.032817884996589441e-02
145.468 7.032356816203844119e-02
145.476 7.031895798754983495e-02
145.484 7.031434832702611326e-02
145.493 7.030973918252227117e-02
145.501 7.030513055089365748e-02
145.509 7.030052243388935918e-02
145.518 7.029591483386909978e-02
145.526 7.029130774646605295e-02
145.534 7.028670117159487030e-02
145.543 7.028209511375442531e-02
145.551 7.027748956766262378e-02
145.559 7.027288453598425078e-02
145.568 7.026828001863329176e-02
145.576 7.026367601399603757e-02
145.584 7.025907252534700775e-02
145.592 7.025446954923979248e-02
145.601 7.024986708497819865e-02
145.609 7.024526513461426536e-02
145.617 7.024066369897792594e-02
145.626 7.023606277615122850e-02
145.634 7.023146236421698441e-02
145.642 7.022686246736317695e-02
145.651 7.022226308367222891e-02
145.659 7.021766421275316139e-02
145.667 7.021306585329990801e-02
145.676 7.020846800766775142e-02
145.684 7.020387067485549248e-02
145.692 7.019927385386236229e-02
145.701 7.019467754551790561e-02
145.709 7.019008174821170232e-02
145.717 7.018548646460268103e-02
145.725 7.018089169308044939e-02
145.734 7.017629743355945082e-02
145.742 7.017170368656372448e-02
145.75 7.016711044926474128e-02
145.759 7.016251772523447727e-02
145.767 7.015792551316810122e-02
145.775 7.015333381237079391e-02
145.784 7.014874262275722083e-02
145.792 7.014415194454666491e-02
145.8 7.013956177765366673e-02
145.809 7.013497212229748146e-02
145.817 7.013038297839255253e-02
145.825 7.012579434433129089e-02
145.833 7.012120622307281559e-02
145.842 7.011661861300935716e-02
145.85 7.011203151192518801e-02
145.858 7.010744492003991024e-02
145.867 7.010285884213718344e-02
145.875 7.009827327356707438e-02
145.883 7.009368821576579534e-02
145.892 7.008910366925648339e-02
145.9 7.008451963030387644e-02
145.908 7.007993610277719887e-02
145.917 7.007535308659086637e-02
145.925 7.007077057861905989e-02
145.933 7.006618858120924886e-02
145.941 7.006160709397216135e-02
145.95 7.005702611621487941e-02
145.958 7.005244564906802640e-02
145.966 7.004786568940758740e-02
145.975 7.004328624049148411e-02
145.983 7.003870730071530548e-02
145.991 7.003412887029797362e-02
146 7.002955095036940414e-02
146.008 7.002497353811111547e-02
146.016 7.002039663434968253e-02
146.025 7.001582024173295948e-02
146.033 7.001124435622879671e-02
146.041 7.000666897866358873e-02
146.05 7.000209411107745361e-02
146.058 6.999751975308168839e-02
146.066 6.999294590277049810e-02
146.074 6.998837256096966664e-02
146.083 6.998379972698766383e-02
146.091 6.997922740043670264e-02
146.099 6.997465558244549133e-02
146.108 6.997008427444567635e-02
146.116 6.996551347301635526e-02
146.124 6.996094317837656118e-02
146.133 6.995637339408003474e-02
146.141 6.995180411670694209e-02
146.149 6.994723534647603880e-02
146.158 6.994266708360609430e-02
146.166 6.993809932770947424e-02
146.174 6.993353207961096329e-02
146.182 6.992896533922587921e-02
146.191 6.992439910616669863e-02
146.199 6.991983337974308488e-02
146.207 6.991526816077943407e-02
146.216 6.991070344858550667e-02
146.224 6.990613924337976681e-02
146.232 6.990157554477503810e-02
146.241 6.989701235208158059e-02
146.249 6.989244966582074114e-02
146.257 6.988788748742151558e-02
146.266 6.988332581589123960e-02
146.274 6.987876464842229796e-02
146.282 6.987420398886434736e-02
146.291 6.986964383561997116e-02
146.299 6.986508418769749040e-02
146.307 6.986052504622281001e-02
146.315 6.985596640929706003e-02
146.324 6.985140827986036083e-02
146.332 6.984685065510685964e-02
146.34 6.984229353616210056e-02
146.349 6.983773692263961497e-02
146.357 6.983318081566437796e-02
146.365 6.982862521484968499e-02
146.374 6.982407011527659579e-02
146.382 6.981951552350937340e-02
146.39 6.981496143704639390e-02
146.399 6.981040785550150785e-02
146.407 6.980585477848880172e-02
146.415 6.980130220652845663e-02
146.423 6.979675013923453131e-02
146.432 6.979219857622119549e-02
146.44 6.978764751861231408e-02
146.448 6.978309696451263922e-02
146.457 6.977854691474408289e-02
146.465 6.977399737073181063e-02
146.473 6.976944833088280506e-02
146.482 6.976489979390636254e-02
146.49 6.976035176122767634e-02
146.498 6.975580423336616431e-02
146.507 6.975125720812648533e-02
146.515 6.974671068663179652e-02
146.523 6.974216467090925409e-02
146.531 6.973761915695472768e-02
146.54 6.973307414679562333e-02
146.548 6.972852964185552449e-02
146.556 6.972398563843323904e-02
146.565 6.971944213704847626e-02
146.573 6.971489914063171145e-02
146.581 6.971035664849607738e-02
146.59 6.970581465784619901e-02
146.598 6.970127317010528512e-02
146.606 6.969673218549105043e-02
146.615 6.969219170361881655e-02
146.623 6.968765172410400222e-02
146.631 6.968311224776654877e-02
146.64 6.967857327392078248e-02
146.648 6.967403480158014528e-02
146.656 6.966949683246767555e-02
146.664 6.966495936499479680e-02
146.673 6.966042240028211263e-02
146.681 6.965588593824623143e-02
146.689 6.965134997639663150e-02
146.698 6.964681451795981526e-02
146.706 6.964227956074645065e-02
146.714 6.963774510407194640e-02
146.723 6.963321115056014809e-02
146.731 6.962867769862381151e-02
146.739 6.962414474848038770e-02
146.748 6.961961229824288611e-02
146.756 6.961508035053404209e-02
146.764 6.961054890286580421e-02
146.772 6.960601795786020007e-02
146.781 6.960148751272922374e-02
146.789 6.959695756889253127e-02
146.797 6.959242812626692531e-02
146.806 6.958789918296692800e-02
146.814 6.958337074221401797e-02
146.822 6.957884280122163256e-02
146.831 6.957431536140855355e-02
146.839 6.956978842149054432e-02
146.847 6.956526198138496264e-02
146.856 6.956073604160940838e-02
146.864 6.955621060208101725e-02
146.872 6.955168566451755408e-02
146.881 6.954716122493448394e-02
146.889 6.954263728595015681e-02
146.897 6.953811384628140468e-02
146.905 6.953359090674554599e-02
146.914 6.952906846755975423e-02
146.922 6.952454652714139260e-02
146.93 6.952002508570785666e-02
146.939 6.951550414407618728e-02
146.947 6.951098370216358957e-02
146.955 6.950646375928770659e-02
146.964 6.950194431566560083e-02
146.972 6.949742537211385518e-02
146.98 6.949290692615205101e-02
146.989 6.948838897889662858e-02
146.997 6.948387153146354245e-02
147.005 6.947935458227200156e-02
147.013 6.947483813183868984e-02
147.022 6.947032217918257258e-02
147.03 6.946580672482031982e-02
147.038 6.946129176986731713e-02
147.047 6.945677731394132859e-02
147.055 6.945226335516345439e-02
147.063 6.944774989464895520e-02
147.072 6.944323693141742082e-02
147.08 6.943872446808029009e-02
147.088 6.943421250245984666e-02
147.097 6.942970103148164707e-02
147.105 6.942519006015041017e-02
147.113 6.942067958688752372e-02
147.121 6.941616961041409406e-02
147.13 6.941166013304066185e-02
147.138 6.940715115139498015e-02
147.146 6.940264266718945696e-02
147.155 6.939813468064078006e-02
147.163 6.939362719017189152e-02
147.171 6.938912019779325258e-02
147.18 6.938461370252581306e-02
147.188 6.938010770458619136e-02
147.196 6.937560220209931794e-02
147.205 6.937109719498345262e-02
147.213 6.936659268704060965e-02
147.221 6.936208867490212260e-02
147.23 6.935758515878484576e-02
147.238 6.935308213950273915e-02
147.246 6.934857961577932384e-02
147.254 6.934407758842853209e-02
147.263 6.933957605856247430e-02
147.271 6.933507502251667898e-02
147.279 6.933057448319467075e-02
147.288 6.932607443961898153e-02
147.296 6.932157489379650595e-02
147.304 6.931707584116919563e-02
147.313 6.931257728255112160e-02
147.321 6.930807922352860695e-02
147.329 6.930358165924614677e-02
147.338 6.929908458813109629e-02
147.346 6.929458801308438498e-02
147.354 6.929009193312950232e-02
147.362 6.928559634907907605e-02
147.371 6.928110125965870891e-02
147.379 6.927660666448882953e-02
147.387 6.927211256438201015e-02
147.396 6.926761895925652446e-02
147.404 6.926312584903061842e-02
147.412 6.925863323272885008e-02
147.421 6.925414111116354188e-02
147.429 6.924964948544437560e-02
147.437 6.924515835161754174e-02
147.446 6.924066771168697898e-02
147.454 6.923617756795324985e-02
147.462 6.923168791854783510e-02
147.471 6.922719876160297880e-02
147.479 6.922271009941896591e-02
147.487 6.921822193102124265e-02
147.495 6.921373425484037001e-02
147.504 6.920924707436616752e-02
147.512 6.920476038535118557e-02
147.52 6.920027419187962936e-02
147.529 6.919578849089484673e-02
147.537 6.919130328261322016e-02
147.545 6.918681856873801217e-02
147.554 6.918233434770071355e-02
147.562 6.917785061942015312e-02
147.57 6.917336738381513195e-02
147.579 6.916888464139900328e-02
147.587 6.916440239179330596e-02
147.595 6.915992063491675779e-02
147.603 6.915543937009381581e-02
147.612 6.915095859872920359e-02
147.62 6.914647831925596622e-02
147.628 6.914199853248430283e-02
147.637 6.913751923773897579e-02
147.645 6.913304043553297751e-02
147.653 6.912856212548812440e-02
147.662 6.912408430603877996e-02
147.67 6.911960698096390743e-02
147.678 6.911513014691623991e-02
147.687 6.911065380292469307e-02
147.695 6.910617795187665169e-02
147.703 6.910170259369075030e-02
147.711 6.909722772650532530e-02
147.72 6.909275334994295636e-02
147.728 6.908827946481295446e-02
147.736 6.908380607044115052e-02
147.745 6.907933316734003737e-02
147.753 6.907486075691153526e-02
147.761 6.907038883610906732e-02
147.77 6.906591740633470644e-02
147.778 6.906144646928637221e-02
147.786 6.905697602162205739e-02
147.795 6.905250606326143736e-02
147.803 6.904803659768049551e-02
147.811 6.904356762242722101e-02
147.82 6.903909913653218100e-02
147.828 6.903463114258123756e-02
147.836 6.903016363604994043e-02
147.844 6.902569662070899559e-02
147.853 6.902123009884680860e-02
147.861 6.901676406357068472e-02
147.869 6.901229851983478603e-02
147.878 6.900783346518953032e-02
147.886 6.900336889866662271e-02
147.894 6.899890482432985417e-02
147.903 6.899444123943425378e-02
147.911 6.898997814389945527e-02
147.919 6.898551553734912078e-02
147.928 6.898105341940706514e-02
147.936 6.897659179235972327e-02
147.944 6.897213065375977503e-02
147.952 6.896767000352710397e-02
147.961 6.896320984394732623e-02
147.969 6.895875017286970388e-02
147.977 6.895429099021407882e-02
147.986 6.894983229590023743e-02
147.994 6.894537409073477063e-02
148.002 6.894091637404614614e-02
148.011 6.893645914664067731e-02
148.019 6.893200240725595729e-02
148.027 6.892754615492543979e-02
148.036 6.892309039281906136e-02
148.044 6.891863511937899867e-02
148.052 6.891418033157134526e-02
148.061 6.890972603345130176e-02
148.069 6.890527222375704419e-02
148.077 6.890081890093190109e-02
148.085 6.889636606548667219e-02
148.094 6.889191371822686594e-02
148.102 6.888746186025297702e-02
148.11 6.888301048764769452e-02
148.119 6.887855960239740172e-02
148.127 6.887410920589737140e-02
148.135 6.886965929659202845e-02
148.144 6.886520987322147791e-02
148.152 6.886076093836081269e-02
148.16 6.885631249133977727e-02
148.169 6.885186452794961331e-02
148.177 6.884741705371391629e-02
148.185 6.884297006678313791e-02
148.193 6.883852356560317409e-02
148.202 6.883407755068404743e-02
148.21 6.882963202224078036e-02
148.218 6.882518698166704973e-02
148.227 6.882074242740929271e-02
148.235 6.881629835879848889e-02
148.243 6.881185477546049312e-02
148.252 6.880741167967240057e-02
148.26 6.880296906988135619e-02
148.268 6.879852694541867264e-02
148.277 6.879408530767719410e-02
148.285 6.878964415422157697e-02
148.293 6.878520348850537813e-02
148.301 6.878076330691598739e-02
148.31 6.877632361084587420e-02
148.318 6.877188440109843759e-02
148.326 6.876744567700524002e-02
148.335 6.876300743701546647e-02
148.343 6.875856968310942174e-02
148.351 6.875413241432473677e-02
148.36 6.874969563028783537e-02
148.368 6.874525933180163084e-02
148.376 6.874082351702207050e-02
148.385 6.873638818939845074e-02
148.393 6.873195334532260226e-02
148.401 6.872751898471550491e-02
148.41 6.872308510955574268e-02
148.418 6.871865171917576620e-02
148.426 6.871421881290842859e-02
148.434 6.870978639096832208e-02
148.443 6.870535445386373452e-02
148.451 6.870092300004629338e-02
148.459 6.869649203031823193e-02
148.468 6.869206154577511825e-02
148.476 6.868763154428159101e-02
148.484 6.868320202693321830e-02
148.493 6.867877299276994862e-02
148.501 6.867434444259344628e-02
148.509 6.866991637661802594e-02
148.518 6.866548879388370552e-02
148.526 6.866106169372454548e-02
148.534 6.865663507694205747e-02
148.542 6.865220894463074097e-02
148.551 6.864778329641767207e-02
148.559 6.864335812782342006e-02
148.567 6.863893344463625756e-02
148.576 6.863450924560328403e-02
148.584 6.863008552624633163e-02
148.592 6.862566229117893213e-02
148.601 6.862123953973522927e-02
148.609 6.861681727037022283e-02
148.617 6.861239548300511470e-02
148.626 6.860797417785430286e-02
148.634 6.860355335601107940e-02
148.642 6.859913301651726636e-02
148.651 6.859471315841493555e-02
148.659 6.859029378338331318e-02
148.667 6.858587488929276943e-02
148.675 6.858145647782218357e-02
148.684 6.857703854801397436e-02
148.692 6.857262109949660567e-02
148.7 6.856820413424100091e-02
148.709 6.856378764865488085e-02
148.717 6.855937164617277590e-02
148.725 6.855495612583746567e-02
148.734 6.855054108610669772e-02
148.742 6.854612652719474508e-02
148.75 6.854171244873047408e-02
148.759 6.853729885239084885e-02
148.767 6.853288573838951792e-02
148.775 6.852847310313753271e-02
148.783 6.852406094977403495e-02
148.792 6.851964927734295607e-02
148.8 6.851523808576566454e-02
148.808 6.851082737525597544e-02
148.817 6.850641714427355145e-02
148.825 6.850200739420179985e-02
148.833 6.849759812496207523e-02
148.842 6.849318933589136627e-02
148.85 6.848878102691118019e-02
148.858 6.848437319823547087e-02
148.867 6.847996585036994488e-02
148.875 6.847555898119132844e-02
148.883 6.847115259266613185e-02
148.891 6.846674668442376266e-02
148.9 6.846234125492575706e-02
148.908 6.845793630467804369e-02
148.916 6.845353183593799740e-02
148.925 6.844912784570762743e-02
148.933 6.844472433478469842e-02
148.941 6.844032130425833915e-02
148.95 6.843591875259089075e-02
148.958 6.843151667941260730e-02
148.966 6.842711508581246493e-02
148.975 6.842271397142044020e-02
148.983 6.841831333586664843e-02
148.991 6.841391317907299929e-02
149 6.840951350066980241e-02
149.008 6.840511430232856793e-02
149.016 6.840071558163839105e-02
149.024 6.839631734056218770e-02
149.033 6.839191957581519654e-02
149.041 6.838752229140045158e-02
149.049 6.838312548607360097e-02
149.058 6.837872915625976822e-02
149.066 6.837433330625221350e-02
149.074 6.836993793422452281e-02
149.083 6.836554303980739433e-02
149.091 6.836114862379692736e-02
149.099 6.835675468553258083e-02
149.108 6.835236122551886784e-02
149.116 6.834796824222191813e-02
149.124 6.834357573643765060e-02
149.132 6.833918370925262664e-02
149.141 6.833479215942440954e-02
149.149 6.833040108658415546e-02
149.157 6.832601049094530477e-02
149.166 6.832162037184812131e-02
149.174 6.831723073008787173e-02
149.182 6.831284156645948957e-02
149.191 6.830845287943053401e-02
149.199 6.830406466863261916e-02
149.207 6.829967693515155702e-02
149.216 6.829528967861862865e-02
149.224 6.829090289953765325e-02
149.232 6.828651659521438322e-02
149.241 6.828213076760655809e-02
149.249 6.827774541605521885e-02
149.257 6.827336054222647721e-02
149.265 6.826897614517071777e-02
149.274 6.826459222248583425e-02
149.282 6.826020877583792446e-02
149.29 6.825582580805436561e-02
149.299 6.825144331353817650e-02
149.307 6.824706129395528842e-02
149.315 6.824267975300356281e-02
149.324 6.823829868624929629e-02
149.332 6.823391809448658973e-02
149.34 6.822953797937994502e-02
149.349 6.822515833940033525e-02
149.357 6.822077917476070119e-02
149.365 6.821640048509358678e-02
149.373 6.821202227177254607e-02
149.382 6.820764453268896021e-02
149.39 6.820326726863616684e-02
149.398 6.819889047982691244e-02
149.407 6.819451416531389920e-02
149.415 6.819013832617987214e-02
149.423 6.818576296234757361e-02
149.432 6.818138807199995710e-02
149.44 6.817701365535018543e-02
149.448 6.817263971579973214e-02
149.457 6.816826625008234886e-02
149.465 6.816389325754163009e-02
149.473 6.815952073925986288e-02
149.481 6.815514869544965493e-02
149.49 6.815077712661324338e-02
149.498 6.814640603122493201e-02
149.506 6.814203541036645273e-02
149.515 6.813766526106444787e-02
149.523 6.813329558700720323e-02
149.531 6.812892638753813290e-02
149.54 6.812455766055339201e-02
149.548 6.812018940800271261e-02
149.556 6.811582162836168908e-02
149.565 6.811145432155352175e-02
149.573 6.810708748865913764e-02
149.581 6.810272113017999673e-02
149.59 6.809835524343502144e-02
149.598 6.809398982950500001e-02
149.606 6.808962488860242912e-02
149.614 6.808526042093969444e-02
149.623 6.808089642672904285e-02
149.631 6.807653290502604926e-02
149.639 6.807216985546492294e-02
149.648 6.806780727767990091e-02
149.656 6.806344517361807844e-02
149.664 6.805908354349125833e-02
149.673 6.805472238346538250e-02
149.681 6.805036169635408916e-02
149.689 6.804600148265839421e-02
149.698 6.804164173883446576e-02
149.706 6.803728246769508159e-02
149.714 6.803292366829694071e-02
149.722 6.802856534114108678e-02
149.731 6.802420748672838302e-02
149.739 6.801985010353828187e-02
149.747 6.801549319207179922e-02
149.756 6.801113675167504147e-02
149.764 6.800678078371490132e-02
149.772 6.800242528551707355e-02
149.781 6.799807025844849251e-02
149.789 6.799371570445258972e-02
149.797 6.798936162200984457e-02
149.806 6.798500800844729797e-02
149.814 6.798065486743912200e-02
149.822 6.797630219688950703e-02
149.831 6.797194999816422167e-02
149.839 6.796759826887968647e-02
149.847 6.796324701069002272e-02
149.855 6.795889622351868053e-02
149.864 6.795454590555981278e-02
149.872 6.795019605961975795e-02
149.88 6.794584668389255788e-02
149.889 6.794149777743757612e-02
149.897 6.793714934306020747e-02
149.905 6.793280137722650103e-02
149.914 6.792845388158912090e-02
149.922 6.792410685578380292e-02
149.93 6.791976030088653360e-02
149.939 6.791541421509296461e-02
149.947 6.791106859890311265e-02
149.955 6.790672345396829568e-02
149.963 6.790237877704533020e-02
149.972 6.789803457007360932e-02
149.98 6.789369083211342637e-02
149.988 6.788934756366445111e-02
149.997 6.788500476522615901e-02
150.005 6.788066243528366461e-02
150.013 6.787632057433663768e-02
150.022 6.787197918317204592e-02
150.03 6.786763826056328719e-02
150.038 6.786329780700969816e-02
150.047 6.785895782329796899e-02
150.055 6.785461830647659953e-02
150.063 6.785027925934526694e-02
150.071 6.784594067981555843e-02
150.08 6.784160257011134787e-02
150.088 6.783726492871935965e-02
150.096 6.783292775412702591e-02
150.105 6.782859104884506052e-02
150.113 6.782425481251003196e-02
150.121 6.781991904418406547e-02
150.13 6.781558374292978586e-02
150.138 6.781124890982059839e-02
150.146 6.780691454478070257e-02
150.155 6.780258064716010447e-02
150.163 6.779824721774449503e-02
150.171 6.779391425674526073e-02
150.18 6.778958176178997985e-02
150.188 6.778524973567374989e-02
150.196 6.778091817745958425e-02
150.204 6.777658708391524900e-02
150.213 6.777225645869594528e-02
150.221 6.776792630201271261e-02
150.229 6.776359661120781586e-02
150.238 6.775926738735346677e-02
150.246 6.775493863066094080e-02
150.254 6.775061034162820073e-02
150.263 6.774628251960604364e-02
150.271 6.774195516394557193e-02
150.279 6.773762827371142270e-02
150.288 6.773330184997511383e-02
150.296 6.772897589466751744e-02
150.304 6.772465040427370908e-02
150.312 6.772032538043806782e-02
150.321 6.771600082451766089e-02
150.329 6.771167673156648636e-02
150.337 6.770735310666639584e-02
150.346 6.770302994830924848e-02
150.354 6.769870725498773611e-02
150.362 6.769438502834493332e-02
150.371 6.769006326601481605e-02
150.379 6.768574197078545962e-02
150.387 6.768142114029118694e-02
150.396 6.767710077560193382e-02
150.404 6.767278087664246877e-02
150.412 6.766846144247899708e-02
150.42 6.766414247389501702e-02
150.429 6.765982397195965947e-02
150.437 6.765550593459490614e-02
150.445 6.765118836086769782e-02
150.454 6.764687125213346419e-02
150.462 6.764255460974699652e-02
150.47 6.763823843248902012e-02
150.479 6.763392271914078768e-02
150.487 6.762960747105695170e-02
150.495 6.762529268644718039e-02
150.504 6.762097836695186992e-02
150.512 6.761666451192420435e-02
150.52 6.761235112100349998e-02
150.529 6.760803819468635956e-02
150.537 6.760372573404055396e-02
150.545 6.759941373613412297e-02
150.553 6.759510220174948236e-02
150.562 6.759079113309673925e-02
150.57 6.758648052610266577e-02
150.578 6.758217038469049864e-02
150.587 6.757786070621538133e-02
150.595 6.757355149203017608e-02
150.603 6.756924274177443512e-02
150.612 6.756493445423165933e-02
150.62 6.756062663189575657e-02
150.628 6.755631927041128026e-02
150.637 6.755201237369870548e-02
150.645 6.754770594025644170e-02
150.653 6.754339996858360617e-02
150.661 6.753909446174324871e-02
150.67 6.753478941737885155e-02
150.678 6.753048483598605989e-02
150.686 6.752618071634991503e-02
150.695 6.752187706067679096e-02
150.703 6.751757386803663996e-02
150.711 6.751327113749962250e-02
150.72 6.750896887041636651e-02
150.728 6.750466706414734452e-02
150.736 6.750036572032826199e-02
150.745 6.749606484030901132e-02
150.753 6.749176442230540862e-02
150.761 6.748746446538862742e-02
150.77 6.748316497119334623e-02
150.778 6.747886593907537200e-02
150.786 6.747456736839080316e-02
150.794 6.747026925991954360e-02
150.803 6.746597161301771950e-02
150.811 6.746167442874966003e-02
150.819 6.745737770533295763e-02
150.828 6.745308144326270239e-02
150.836 6.744878564303381785e-02
150.844 6.744449030514092225e-02
150.853 6.744019542694894287e-02
150.861 6.743590101009092064e-02
150.869 6.743160705506145991e-02
150.878 6.742731356178613411e-02
150.886 6.742302052848427041e-02
150.894 6.741872795650366568e-02
150.902 6.741443584520147303e-02
150.911 6.741014419450352957e-02
150.919 6.740585300575699379e-02
150.927 6.740156227689783619e-02
150.936 6.739727200870469781e-02
150.944 6.739298219996690820e-02
150.952 6.738869285203123727e-02
150.961 6.738440396567581259e-02
150.969 6.738011553912179319e-02
150.977 6.737582757172728976e-02
150.986 6.737154006569051612e-02
150.994 6.736725301838145108e-02
151.002 6.736296643199793377e-02
151.01 6.735868030646570415e-02
151.019 6.735439463830410201e-02
151.027 6.735010943141364614e-02
151.035 6.734582468486850770e-02
151.044 6.734154039604063613e-02
151.052 6.733725656769411205e-02
151.06 6.733297319890366173e-02
151.069 6.732869028874431672e-02
151.077 6.732440783884441338e-02
151.085 6.732012584827888613e-02
151.094 6.731584431527243284e-02
151.102 6.731156324258727452e-02
151.11 6.730728262844813681e-02
151.119 6.730300247278131476e-02
151.127 6.729872277664716851e-02
151.135 6.729444353912135413e-02
151.143 6.729016476154726922e-02
151.152 6.728588644073368874e-02
151.16 6.728160857859098731e-02
151.168 6.727733117532866403e-02
151.177 6.727305423030648102e-02
151.185 6.726877774345078886e-02
151.193 6.726450171497123931e-02
151.202 6.726022614564375335e-02
151.21 6.725595103312918821e-02
151.218 6.725167637763757034e-02
151.227 6.724740218136036896e-02
151.235 6.724312844394050859e-02
151.243 6.723885516332302192e-02
151.251 6.723458233915176330e-02
151.26 6.723030997361728600e-02
151.268 6.722603806551412375e-02
151.276 6.722176661646625528e-02
151.285 6.721749562300526060e-02
151.293 6.721322508732111012e-02
151.301 6.720895500934019606e-02
151.31 6.720468538700952177e-02
151.318 6.720041622251825275e-02
151.326 6.719614751579275347e-02
151.335 6.719187926647679499e-02
151.343 6.718761147138767320e-02
151.351 6.718334413440969766e-02
151.36 6.717907725518658391e-02
151.368 6.717481083279695786e-02
151.376 6.717054486518989065e-02
151.384 6.716627935483518441e-02
151.393 6.716201430081197854e-02
151.401 6.715774970332949456e-02
151.409 6.715348556231452715e-02
151.418 6.714922187769380157e-02
151.426 6.714495864798243618e-02
151.434 6.714069587480148149e-02
151.443 6.713643355807773216e-02
151.451 6.713217169660889994e-02
151.459 6.712791029088654993e-02
151.468 6.712364934168411901e-02
151.476 6.711938884779976300e-02
151.484 6.711512880916049861e-02
151.492 6.711086922710396419e-02
151.501 6.710661009930020404e-02
151.509 6.710235142736886704e-02
151.517 6.709809321039075791e-02
151.526 6.709383544829310153e-02
151.534 6.708957814184877966e-02
151.542 6.708532129098480901e-02
151.551 6.708106489478243839e-02
151.559 6.707680895232331908e-02
151.567 6.707255346635311588e-02
151.576 6.706829843482596532e-02
151.584 6.706404385654207712e-02
151.592 6.705978973424636669e-02
151.6 6.705553606702044367e-02
151.609 6.705128285225642193e-02
151.617 6.704703009269848135e-02
151.625 6.704277778855519121e-02
151.634 6.703852593721928987e-02
151.642 6.703427454030783106e-02
151.65 6.703002359943696642e-02
151.659 6.702577310974827673e-02
151.667 6.702152307539172016e-02
151.675 6.701727349573133319e-02
151.684 6.701302436759898340e-02
151.692 6.700877569401765543e-02
151.7 6.700452747603968806e-02
151.709 6.700027971049773989e-02
151.717 6.699603239647571040e-02
151.725 6.699178553755776033e-02
151.733 6.698753913254590353e-02
151.742 6.698329317996161436e-02
151.75 6.697904768029494527e-02
151.758 6.697480263403569889e-02
151.767 6.697055804195442552e-02
151.775 6.696631390201107648e-02
151.783 6.696207021329034226e-02
151.792 6.695782697853026877e-02
151.8 6.695358419793892568e-02
151.808 6.694934186947698596e-02
151.817 6.694509999222959806e-02
151.825 6.694085856780999932e-02
151.833 6.693661759642653697e-02
151.841 6.693237707856829199e-02
151.85 6.692813701163564943e-02
151.858 6.692389739724118047e-02
151.866 6.691965823334748709e-02
151.875 6.691541952353163847e-02
151.883 6.691118126631753760e-02
151.891 6.690694345938781595e-02
151.9 6.690270610351249647e-02
151.908 6.689846920254735596e-02
151.916 6.689423275165033711e-02
151.925 6.688999675103030063e-02
151.933 6.688576120342008824e-02
151.941 6.688152610762530814e-02
151.95 6.687729146245219303e-02
151.958 6.687305726782889759e-02
151.966 6.686882352592624090e-02
151.974 6.686459023583071759e-02
151.983 6.686035739578842507e-02
151.991 6.685612500600790487e-02
151.999 6.685189306753820671e-02
152.008 6.684766158058738639e-02
152.016 6.684343054508326554e-02
152.024 6.683919995983313156e-02
152.033 6.683496982392485297e-02
152.041 6.683074013924739099e-02
152.049 6.682651090628863311e-02
152.058 6.682228212245630572e-02
152.066 6.681805378935867790e-02
152.074 6.681382590748360939e-02
152.082 6.680959847479962799e-02
152.091 6.680537149207482761e-02
152.099 6.680114496007688585e-02
152.107 6.679691887761457503e-02
152.116 6.679269324461620250e-02
152.124 6.678846806296845351e-02
152.132 6.678424333092067289e-02
152.141 6.678001904672291322e-02
152.149 6.677579521393979534e-02
152.157 6.677157183193965784e-02
152.166 6.676734889673595352e-02
152.174 6.676312641133309855e-02
152.182 6.675890437565938640e-02
152.19 6.675468278936344535e-02
152.199 6.675046165293258005e-02
152.207 6.674624096573594789e-02
152.215 6.674202072630486260e-02
152.224 6.673780093652383061e-02
152.232 6.673358159520363653e-02
152.24 6.672936270311076445e-02
152.249 6.672514426017357725e-02
152.257 6.672092626576187069e-02
152.265 6.671670871896638599e-02
152.274 6.671249162139122890e-02
152.282 6.670827497380220350e-02
152.29 6.670405877221928514e-02
152.299 6.669984301992112896e-02
152.307 6.669562771544057522e-02
152.315 6.669141286010162040e-02
152.323 6.668719845271638136e-02
152.332 6.668298449153958751e-02
152.34 6.667877097928999464e-02
152.348 6.667455791729069714e-02
152.357 6.667034530100701684e-02
152.365 6.666613313120493822e-02
152.373 6.666192141115966086e-02
152.382 6.665771013828987457e-02
152.39 6.665349931252445570e-02
152.398 6.664928893407094657e-02
152.407 6.664507900285812636e-02
152.415 6.664086952076565817e-02
152.423 6.663666048409916387e-02
152.431 6.663245189306654659e-02
152.44 6.662824375177615888e-02
152.448 6.662403605737023116e-02
152.456 6.661982880810646268e-02
152.465 6.661562200753476382e-02
152.473 6.661141565335568226e-02
152.481 6.660720974494126201e-02
152.49 6.660300428361283498e-02
152.498 6.659879926985591558e-02
152.506 6.659459470109389823e-02
152.515 6.659039057892618407e-02
152.523 6.658618690300334431e-02
152.531 6.658198367492398906e-02
152.54 6.657778089239070607e-02
152.548 6.657357855561091275e-02
152.556 6.656937666367924999e-02
152.564 6.656517521875028598e-02
152.573 6.656097422214328485e-02
152.581 6.655677366822487784e-02
152.589 6.655257356053985440e-02
152.598 6.654837389790507762e-02
152.606 6.654417468275178327e-02
152.614 6.653997591278480728e-02
152.623 6.653577758737758141e-02
152.631 6.653157970784900899e-02
152.639 6.652738227412809124e-02
152.648 6.652318528503255168e-02
152.656 6.651898874132526618e-02
152.664 6.651479264237972200e-02
152.672 6.651059698923633690e-02
152.681 6.650640178071323683e-02
152.689 6.650220701701749226e-02
152.697 6.649801269807840975e-02
152.706 6.649381882382526809e-02
152.714 6.648962539390980420e-02
152.722 6.648543240909421392e-02
152.731 6.648123986930767892e-02
152.739 6.647704777225925399e-02
152.747 6.647285612065373384e-02
152.756 6.646866491414270273e-02
152.764 6.646447415210049448e-02
152.772 6.646028383251467719e-02
152.78 6.645609395864360280e-02
152.789 6.645190452764290767e-02
152.797 6.644771553971969003e-02
152.805 6.644352699785373295e-02
152.814 6.643933889809246207e-02
152.822 6.643515124258360383e-02
152.83 6.643096403208809120e-02
152.839 6.642677726376350344e-02
152.847 6.642259093864835706e-02
152.855 6.641840505833490615e-02
152.864 6.641421962053574435e-02
152.872 6.641003462545788660e-02
152.88 6.640585007524703320e-02
152.889 6.640166596761662432e-02
152.897 6.639748230166567233e-02
152.905 6.639329907953953058e-02
152.913 6.638911630033704492e-02
152.922 6.638493396454157869e-02
152.93 6.638075207125221366e-02
152.938 6.637657062150596754e-02
152.947 6.637238961329496034e-02
152.955 6.636820904820978084e-02
152.963 6.636402892507314855e-02
152.972 6.635984924381505001e-02
152.98 6.635567000657859038e-02
152.988 6.635149121135686112e-02
152.997 6.634731285724998484e-02
153.005 6.634313494557096680e-02
153.013 6.633895747597298720e-02
153.021 6.633478044949198127e-02
153.03 6.633060386412224785e-02
153.038 6.632642772007037169e-02
153.046 6.632225201892485988e-02
153.055 6.631807675978625138e-02
153.063 6.631390194120262427e-02
153.071 6.630972756310443694e-02
153.08 6.630555362901351113e-02
153.088 6.630138013554418008e-02
153.096 6.629720708207426094e-02
153.105 6.629303447101991820e-02
153.113 6.628886230203467900e-02
153.121 6.628469057228704442e-02
153.13 6.628051928446875019e-02
153.138 6.627634843768138995e-02
153.146 6.627217803157901821e-02
153.154 6.626800806829991064e-02
153.163 6.626383854363392112e-02
153.171 6.625966945916761386e-02
153.179 6.625550081814232661e-02
153.188 6.625133261552137998e-02
153.196 6.624716485316671510e-02
153.204 6.624299753156023818e-02
153.213 6.623883065145946825e-02
153.221 6.623466421113975711e-02
153.229 6.623049820997996273e-02
153.238 6.622633265011647341e-02
153.246 6.622216753010076729e-02
153.254 6.621800284986324725e-02
153.262 6.621383860960994294e-02
153.271 6.620967480982231645e-02
153.279 6.620551144877723226e-02
153.287 6.620134852723200125e-02
153.296 6.619718604732101330e-02
153.304 6.619302400539298081e-02
153.312 6.618886240220513140e-02
153.321 6.618470123961604779e-02
153.329 6.618054051728040899e-02
153.337 6.617638023292558846e-02
153.346 6.617222038840969711e-02
153.354 6.616806098311253659e-02
153.362 6.616390201668925775e-02
153.37 6.615974348796960225e-02
153.379 6.615558539908607261e-02
153.387 6.615142775051931212e-02
153.395 6.614727053917289490e-02
153.404 6.614311376607828752e-02
153.412 6.613895743254173676e-02
153.42 6.613480153821844898e-02
153.429 6.613064608193880423e-02
153.437 6.612649106308364499e-02
153.445 6.612233648323363744e-02
153.454 6.611818234259429772e-02
153.462 6.611402863889673243e-02
153.47 6.610987537344648057e-02
153.479 6.610572254754837340e-02
153.487 6.610157015893426691e-02
153.495 6.609741820726032502e-02
153.503 6.609326669355662653e-02
153.512 6.608911561912755861e-02
153.52 6.608496498115655482e-02
153.528 6.608081478149742394e-02
153.537 6.607666501925694991e-02
153.545 6.607251569381675238e-02
153.553 6.606836680675540197e-02
153.562 6.606421835717986302e-02
153.57 6.606007034419737745e-02
153.578 6.605592276828814446e-02
153.587 6.605177563048086897e-02
153.595 6.604762892905970129e-02
153.603 6.604348266450454918e-02
153.611 6.603933683784396491e-02
153.62 6.603519144818552344e-02
153.628 6.603104649381442981e-02
153.636 6.602690197630779745e-02
153.645 6.602275789669362349e-02
153.653 6.601861425353144908e-02
153.661 6.601447104592982063e-02
153.67 6.601032827546510218e-02
153.678 6.600618594124575689e-02
153.686 6.600204404265466729e-02
153.695 6.599790258181580105e-02
153.703 6.599376155564538882e-02
153.711 6.598962096736313288e-02
153.72 6.598548081470773097e-02
153.728 6.598134109706267625e-02
153.736 6.597720181490729363e-02
153.744 6.597306296926848390e-02
153.753 6.596892455952946266e-02
153.761 6.596478658534762896e-02
153.769 6.596064904747570012e-02
153.778 6.595651194420205921e-02
153.786 6.595237527573204195e-02
153.794 6.594823904418685434e-02
153.803 6.594410324812892410e-02
153.811 6.593996788612126181e-02
153.819 6.593583295891640439e-02
153.828 6.593169846781385401e-02
153.836 6.592756441247110688e-02
153.844 6.592343079117811422e-02
153.852 6.591929760441354869e-02
153.861 6.591516485292940597e-02
153.869 6.591103253638354309e-02
153.877 6.590690065443388646e-02
153.886 6.590276920701196306e-02
153.894 6.589863819459595984e-02
153.902 6.589450761629732367e-02
153.911 6.589037747177428628e-02
153.919 6.588624776205169453e-02
153.927 6.588211848788066982e-02
153.936 6.587798964700661286e-02
153.944 6.587386123963463735e-02
153.952 6.586973326596960721e-02
153.96 6.586560572785514489e-02
153.969 6.586147862331069580e-02
153.977 6.585735195144880316e-02
153.985 6.585322571465877795e-02
153.994 6.584909991096085657e-02
154.002 6.584497454055983356e-02
154.01 6.584084960420642785e-02
154.019 6.583672510183209703e-02
154.027 6.583260103227690785e-02
154.035 6.582847739574564094e-02
154.044 6.582435419353431516e-02
154.052 6.582023142448306663e-02
154.06 6.581610908934211468e-02
154.069 6.581198718449730867e-02
154.077 6.580786571342665814e-02
154.085 6.580374467742504396e-02
154.093 6.579962407342453135e-02
154.102 6.579550390081195799e-02
154.11 6.579138416170045300e-02
154.118 6.578726485683925040e-02
154.127 6.578314598370697819e-02
154.135 6.577902754196331137e-02
154.143 6.577490953290290876e-02
154.152 6.577079195781986021e-02
154.16 6.576667481392145520e-02
154.168 6.576255810141239111e-02
154.177 6.575844182349327438e-02
154.185 6.575432597601028883e-02
154.193 6.575021055971298767e-02
154.201 6.574609557671179383e-02
154.21 6.574198102530490195e-02
154.218 6.573786690678547207e-02
154.226 6.573375321836343044e-02
154.235 6.572963996187647373e-02
154.243 6.572552713861727625e-02
154.251 6.572141474579638876e-02
154.26 6.571730278443467521e-02
154.268 6.571319125419222695e-02
154.276 6.570908015581726491e-02
154.285 6.570496948733797749e-02
154.293 6.570085925222235446e-02
154.301 6.569674944795457494e-02
154.31 6.569264007392323912e-02
154.318 6.568853113114823949e-02
154.326 6.568442261820259254e-02
154.334 6.568031453692152466e-02
154.343 6.567620688832415121e-02
154.351 6.567209966826599576e-02
154.359 6.566799287939721619e-02
154.368 6.566388652056322217e-02
154.376 6.565978059251149912e-02
154.384 6.565567509680401981e-02
154.393 6.565157002957024146e-02
154.401 6.564746539264408598e-02
154.409 6.564336118677259468e-02
154.418 6.563925741053031060e-02
154.426 6.563515406357837978e-02
154.434 6.563105114829259623e-02
154.442 6.562694866216207956e-02
154.451 6.562284660566228278e-02
154.459 6.561874498008261891e-02
154.467 6.561464378426989930e-02
154.476 6.561054301571490888e-02
154.484 6.560644267896259541e-02
154.492 6.560234277204611553e-02
154.501 6.559824329327057502e-02
154.509 6.559414424392494281e-02
154.517 6.559004562502644686e-02
154.526 6.558594743542275896e-02
154.534 6.558184967396211984e-02
154.542 6.557775234193286007e-02
154.55 6.557365543926751972e-02
154.559 6.556955896562761954e-02
154.567 6.556546292175877144e-02
154.575 6.556136730569679660e-02
154.584 6.555727211737462368e-02
154.592 6.555317735916339761e-02
154.6 6.554908303099539479e-02
154.609 6.554498912982374692e-02
154.617 6.554089565666493256e-02
154.625 6.553680261199340551e-02
154.634 6.553270999655422258e-02
154.642 6.552861780946776793e-02
154.65 6.552452605012541731e-02
154.659 6.552043471900147187e-02
154.667 6.551634381575820176e-02
154.675 6.551225334141091983e-02
154.683 6.550816329480989297e-02
154.692 6.550407367453534024e-02
154.7 6.549998448511955285e-02
154.708 6.549589572189609687e-02
154.717 6.549180738479841446e-02
154.725 6.548771947673465155e-02
154.733 6.548363199682623315e-02
154.742 6.547954494419473692e-02
154.75 6.547545831823255169e-02
154.758 6.547137211995411599e-02
154.767 6.546728634929245561e-02
154.775 6.546320100591020152e-02
154.783 6.545911608892962530e-02
154.791 6.545503159936487403e-02
154.8 6.545094753741913240e-02
154.808 6.544686390248494190e-02
154.816 6.544278069260463238e-02
154.825 6.543869791203318909e-02
154.833 6.543461555692225984e-02
154.841 6.543053362801547201e-02
154.85 6.542645212632605678e-02
154.858 6.542237105124705521e-02
154.866 6.541829040271172901e-02
154.875 6.541421017957353701e-02
154.883 6.541013038392511081e-02
154.891 6.540605101381029296e-02
154.9 6.540197207024187054e-02
154.908 6.539789355369263202e-02
154.916 6.539381546193742678e-02
154.924 6.538973779679807530e-02
154.933 6.538566055658943943e-02
154.941 6.538158374286326402e-02
154.949 6.537750735609194896e-02
154.958 6.537343139378186396e-02
154.966 6.536935585694521322e-02
154.974 6.536528074686315248e-02
154.983 6.536120606077344686e-02
154.991 6.535713180157445845e-02
154.999 6.535305796704340975e-02
155.008 6.534898455684447216e-02
155.016 6.534491157387502247e-02
155.024 6.534083901483517254e-02
155.032 6.533676688073630778e-02
155.041 6.533269517231994616e-02
155.049 6.532862388898073858e-02
155.057 6.532455303065222429e-02
155.066 6.532048259592164452e-02
155.074 6.531641258714590559e-02
155.082 6.531234300291223482e-02
155.091 6.530827384342345610e-02
155.099 6.530420510807481704e-02
155.107 6.530013679653101644e-02
155.116 6.529606890980212131e-02
155.124 6.529200144835975439e-02
155.132 6.528793441052317681e-02
155.14 6.528386779864715772e-02
155.149 6.527980160836149848e-02
155.157 6.527573584255892680e-02
155.165 6.527167050224857991e-02
155.174 6.526760558494391906e-02
155.182 6.526354109138551851e-02
155.19 6.525947702150712570e-02
155.199 6.525541337658646857e-02
155.207 6.525135015494444579e-02
155.215 6.524728735517132394e-02
155.224 6.524322498042581242e-02
155.232 6.523916302983530369e-02
155.24 6.523510150225882154e-02
155.249 6.523104039682452171e-02
155.257 6.522697971561529362e-02
155.265 6.522291945695340987e-02
155.273 6.521885962238409273e-02
155.282 6.521480021076697664e-02
155.29 6.521074122123061978e-02
155.298 6.520668265531988361e-02
155.307 6.520262451270009141e-02
155.315 6.519856679249991238e-02
155.323 6.519450949465345480e-02
155.332 6.519045261882651376e-02
155.34 6.518639616844111584e-02
155.348 6.518234013913813685e-02
155.357 6.517828452977911247e-02
155.365 6.517422934512663579e-02
155.373 6.517017458404134045e-02
155.381 6.516612024377536894e-02
155.39 6.516206632560390954e-02
155.398 6.515801282838869224e-02
155.406 6.515395975528102956e-02
155.415 6.514990710433812837e-02
155.423 6.514585487335000646e-02
155.431 6.514180306600320103e-02
155.44 6.513775167901585117e-02
155.448 6.513370071500185210e-02
155.456 6.512965017148399094e-02
155.465 6.512560005027188959e-02
155.473 6.512155035076386267e-02
155.481 6.511750107209070271e-02
155.49 6.511345221713241149e-02
155.498 6.510940378046753407e-02
155.506 6.510535576577942962e-02
155.514 6.510130817407293324e-02
155.523 6.509726100099916257e-02
155.531 6.509321424997248362e-02
155.539 6.508916792012413299e-02
155.548 6.508512201165597699e-02
155.556 6.508107652369959917e-02
155.564 6.507703145618946861e-02
155.573 6.507298680986257911e-02
155.581 6.506894258331591407e-02
155.589 6.506489877782131726e-02
155.598 6.506085539438272169e-02
155.606 6.505681242865606062e-02
155.614 6.505276988619097811e-02
155.622 6.504872776210930685e-02
155.631 6.504468605741527132e-02
155.639 6.504064477578544445e-02
155.647 6.503660391180866862e-02
155.656 6.503256346942835886e-02
155.664 6.502852344617401914e-02
155.672 6.502448384224759903e-02
155.681 6.502044465972088572e-02
155.689 6.501640589665827474e-02
155.697 6.501236755326160466e-02
155.706 6.500832962839732387e-02
155.714 6.500429212440352045e-02
155.722 6.500025503987952313e-02
155.73 6.499621837369223831e-02
155.739 6.499218212737821465e-02
155.747 6.498814630140578585e-02
155.755 6.498411089357439274e-02
155.764 6.498007590488648344e-02
155.772 6.497604133634403423e-02
155.78 6.497200718601400804e-02
155.789 6.496797345463167783e-02
155.797 6.496394014346545953e-02
155.805 6.495990724951611339e-02
155.814 6.495587477431892520e-02
155.822 6.495184271887528837e-02
155.83 6.494781108178666884e-02
155.839 6.494377986325459984e-02
155.847 6.493974906374704037e-02
155.855 6.493571868213260379e-02
155.863 6.493168871834636979e-02
155.872 6.492765917338928772e-02
155.88 6.492363004719610420e-02
155.888 6.491960133890238571e-02
155.897 6.491557304844311482e-02
155.905 6.491154517601975538e-02
155.913 6.490751772183357693e-02
155.922 6.490349068635208052e-02
155.93 6.489946406711361027e-02
155.938 6.489543786644987045e-02
155.947 6.489141208243213998e-02
155.955 6.488738671818999881e-02
155.963 6.488336177179473974e-02
155.971 6.487933724131850211e-02
155.98 6.487531312802732875e-02
155.988 6.487128943238856804e-02
155.996 6.486726615513536964e-02
156.005 6.486324329434042801e-02
156.013 6.485922085073710097e-02
156.021 6.485519882532433944e-02
156.03 6.485117721537772550e-02
156.038 6.484715602322602135e-02
156.046 6.484313524827245434e-02
156.055 6.483911488992043226e-02
156.063 6.483509494730782530e-02
156.071 6.483107542223071063e-02
156.079 6.482705631488984432e-02
156.088 6.482303762336004416e-02
156.096 6.481901934863963655e-02
156.104 6.481500148960112062e-02
156.113 6.481098404671137292e-02
156.121 6.480696702096823414e-02
156.129 6.480295041151004631e-02
156.138 6.479893421774098050e-02
156.146 6.479491844118978605e-02
156.154 6.479090308099498541e-02
156.163 6.478688813496805143e-02
156.171 6.478287360569943976e-02
156.179 6.477885949285891454e-02
156.188 6.477484579452398583e-02
156.196 6.477083251354949500e-02
156.204 6.476681964721701934e-02
156.212 6.476280719625830684e-02
156.221 6.475879516193529251e-02
156.229 6.475478354285689464e-02
156.237 6.475077233922388320e-02
156.246 6.474676154911546133e-02
156.254 6.474275117644522071e-02
156.262 6.473874121929203140e-02
156.271 6.473473167679608120e-02
156.279 6.473072254809784931e-02
156.287 6.472671383392850086e-02
156.296 6.472270553713907471e-02
156.304 6.471869765554440213e-02
156.312 6.471469018590046696e-02
156.32 6.471068313291272744e-02
156.329 6.470667649413204547e-02
156.337 6.470267027002399307e-02
156.345 6.469866446105396185e-02
156.354 6.469465906609818406e-02
156.362 6.469065408615171098e-02
156.37 6.468664951929670170e-02
156.379 6.468264536679300958e-02
156.387 6.467864162884108536e-02
156.395 6.467463830590598761e-02
156.404 6.467063539739391353e-02
156.412 6.466663290297591793e-02
156.42 6.466263082152938491e-02
156.429 6.465862915193219818e-02
156.437 6.465462789808899824e-02
156.445 6.465062705993507297e-02
156.453 6.464662663423174915e-02
156.462 6.464262662144427962e-02
156.47 6.463862702203763966e-02
156.478 6.463462783806302181e-02
156.487 6.463062906601887980e-02
156.495 6.462663070637029994e-02
156.503 6.462263276196107686e-02
156.512 6.461863523034794277e-02
156.52 6.461463811093846876e-02
156.528 6.461064140551864288e-02
156.537 6.460664511375996399e-02
156.545 6.460264923401315418e-02
156.553 6.459865376753537447e-02
156.561 6.459465871426249561e-02
156.57 6.459066407333823034e-02
156.578 6.458666984417063550e-02
156.586 6.458267602933649709e-02
156.595 6.457868262771535028e-02
156.603 6.457468963554732766e-02
156.611 6.457069705778471780e-02
156.62 6.456670489383514733e-02
156.628 6.456271314046756193e-02
156.636 6.455872179946578471e-02
156.645 6.455473087076595007e-02
156.653 6.455074035456805082e-02
156.661 6.454675025001682664e-02
156.669 6.454276055783988997e-02
156.678 6.453877127823710869e-02
156.686 6.453478240956231349e-02
156.694 6.453079395280676700e-02
156.703 6.452680590764305057e-02
156.711 6.452281827532564684e-02
156.719 6.451883105341812974e-02
156.728 6.451484424238433657e-02
156.736 6.451085784453260141e-02
156.744 6.450687185769075904e-02
156.753 6.450288628284911452e-02
156.761 6.449890111889008959e-02
156.769 6.449491636495992275e-02
156.778 6.449093202231234723e-02
156.786 6.448694809220062441e-02
156.794 6.448296457350732869e-02
156.802 6.447898146353564508e-02
156.811 6.447499876564546928e-02
156.819 6.447101647924637080e-02
156.827 6.446703460348492121e-02
156.836 6.446305313803446513e-02
156.844 6.445907208204211536e-02
156.852 6.445509143886567205e-02
156.861 6.445111120528353166e-02
156.869 6.444713138096946903e-02
156.877 6.444315196849099980e-02
156.886 6.443917296699518127e-02
156.894 6.443519437431431685e-02
156.902 6.443121619222630381e-02
156.91 6.442723842093059372e-02
156.919 6.442326106062652713e-02
156.927 6.441928410809570626e-02
156.935 6.441530756511555655e-02
156.944 6.441133143398845851e-02
156.952 6.440735571175948415e-02
156.96 6.440338039941680137e-02
156.969 6.439940549768530254e-02
156.977 6.439543100413687438e-02
156.985 6.439145692002222476e-02
156.994 6.438748324737947337e-02
157.002 6.438350998194249108e-02
157.01 6.437953712706272202e-02
157.019 6.437556468241401042e-02
157.027 6.437159264530725733e-02
157.035 6.436762101804262282e-02
157.043 6.436364979950665033e-02
157.052 6.435967899016127591e-02
157.06 6.435570858994332788e-02
157.068 6.435173859878963454e-02
157.077 6.434776901558736384e-02
157.085 6.434379984263507990e-02
157.093 6.433983107908215759e-02
157.102 6.433586272224227354e-02
157.11 6.433189477441338122e-02
157.118 6.432792723500792287e-02
157.127 6.432396010448726553e-02
157.135 6.431999338252611387e-02
157.143 6.431602706932347535e-02
157.151 6.431206116324343636e-02
157.16 6.430809566500968188e-02
157.168 6.430413057665612664e-02
157.176 6.430016589523647463e-02
157.185 6.429620162226043489e-02
157.193 6.429223775818890263e-02
157.201 6.428827430007695576e-02
157.21 6.428431124995778734e-02
157.218 6.428034860881624846e-02
157.226 6.427638637475577288e-02
157.235 6.427242454902303004e-02
157.243 6.426846312946016271e-02
157.251 6.426450211940841484e-02
157.259 6.426054151566287787e-02
157.268 6.425658131816112950e-02
157.276 6.425262152945790395e-02
157.284 6.424866214791984109e-02
157.293 6.424470317400753083e-02
157.301 6.424074460556490618e-02
157.309 6.423678644566906126e-02
157.318 6.423282869164100017e-02
157.326 6.422887134524926656e-02
157.334 6.422491440616939773e-02
157.343 6.422095787250792220e-02
157.351 6.421700174812490503e-02
157.359 6.421304602746631673e-02
157.368 6.420909071465326357e-02
157.376 6.420513580909983919e-02
157.384 6.420118130891371011e-02
157.392 6.419722721612328153e-02
157.401 6.419327352909778850e-02
157.409 6.418932024855859841e-02
157.417 6.418536737365941602e-02
157.426 6.418141490590517639e-02
157.434 6.417746284418827940e-02
157.442 6.417351118818491462e-02
157.451 6.416955993704930028e-02
157.459 6.416560909333048068e-02
157.467 6.416165865461563589e-02
157.476 6.415770862240888217e-02
157.484 6.415375899638654789e-02
157.492 6.414980977465892242e-02
157.5 6.414586095899092733e-02
157.509 6.414191254958083455e-02
157.517 6.413796454427864169e-02
157.525 6.413401694589228319e-02
157.534 6.413006975175017388e-02
157.542 6.412612296335523654e-02
157.55 6.412217658012343835e-02
157.559 6.411823060199241253e-02
157.567 6.411428502916061145e-02
157.575 6.411033986000112816e-02
157.584 6.410639509862353647e-02
157.592 6.410245074001162668e-02
157.6 6.409850678592843298e-02
157.609 6.409456323813603196e-02
157.617 6.409062009370519730e-02
157.625 6.408667735544036625e-02
157.633 6.408273502093396468e-02
157.642 6.407879309090545872e-02
157.65 6.407485156477180088e-02
157.658 6.407091044325229079e-02
157.667 6.406696972706601989e-02
157.675 6.406302941354634350e-02
157.683 6.405908950627701992e-02
157.692 6.405515000233132084e-02
157.7 6.405121090190776800e-02
157.708 6.404727220520460562e-02
157.717 6.404333391372150908e-02
157.725 6.403939602531404096e-02
157.733 6.403545854096125145e-02
157.741 6.403152146086113494e-02
157.75 6.402758478261008634e-02
157.758 6.402364850952836639e-02
157.766 6.401971263999282902e-02
157.775 6.401577717316120353e-02
157.783 6.401184211053208284e-02
157.791 6.400790745100312651e-02
157.8 6.400397319529248230e-02
157.808 6.400003934307796349e-02
157.816 6.399610589325786802e-02
157.825 6.399217284603039846e-02
157.833 6.398824020289312076e-02
157.841 6.398430796248447128e-02
157.849 6.398037612474269387e-02
157.858 6.397644468908635085e-02
157.866 6.397251365883094287e-02
157.874 6.396858303027723458e-02
157.883 6.396465280206518889e-02
157.891 6.396072297958727004e-02
157.899 6.395679355888567175e-02
157.908 6.395286453834095330e-02
157.916 6.394893592256513382e-02
157.924 6.394500770967859182e-02
157.933 6.394107989780251078e-02
157.941 6.393715248843269416e-02
157.949 6.393322548150728868e-02
157.958 6.392929887618611917e-02
157.966 6.392537267370490550e-02
157.974 6.392144687322336150e-02
157.982 6.391752147338279622e-02
157.991 6.391359647593761184e-02
157.999 6.390967188212265393e-02
158.007 6.390574768824526519e-02
158.016 6.390182389657794726e-02
158.024 6.389790050602194016e-02
158.032 6.389397751651577917e-02
158.041 6.389005493007163250e-02
158.049 6.388613274455394453e-02
158.057 6.388221096016057088e-02
158.066 6.387828957682999131e-02
158.074 6.387436859527796662e-02
158.082 6.387044801466562616e-02
158.09 6.386652783493153296e-02
158.099 6.386260805705033794e-02
158.107 6.385868867966530693e-02
158.115 6.385476970297404575e-02
158.124 6.385085112691525622e-02
158.132 6.384693295323982942e-02
158.14 6.384301517955592864e-02
158.149 6.383909780502579345e-02
158.157 6.383518083217676331e-02
158.165 6.383126425965311712e-02
158.174 6.382734808894612033e-02
158.182 6.382343231818271567e-02
158.19 6.381951694678440756e-02
158.199 6.381560197624223940e-02
158.207 6.381168740649460769e-02
158.215 6.380777323541099444e-02
158.223 6.380385946629248128e-02
158.232 6.379994609700855024e-02
158.24 6.379603312568805917e-02
158.248 6.379212055614826016e-02
158.257 6.378820838651784453e-02
158.265 6.378429661596017597e-02
158.273 6.378038524570639467e-02
158.282 6.377647427491985044e-02
158.29 6.377256370302267219e-02
158.298 6.376865353176242035e-02
158.307 6.376474376004416522e-02
158.315 6.376083438806502690e-02
158.323 6.375692541421416892e-02
158.331 6.375301683972203759e-02
158.34 6.374910866452747349e-02
158.348 6.374520088882751345e-02
158.356 6.374129351307734892e-02
158.365 6.373738653669933085e-02
158.373 6.373347995782539799e-02
158.381 6.372957377845968330e-02
158.39 6.372566799699262707e-02
158.398 6.372176261594381108e-02
158.406 6.371785763344563203e-02
158.415 6.371395304814721217e-02
158.423 6.371004886334144524e-02
158.431 6.370614507587163411e-02
158.439 6.370224168645084728e-02
158.448 6.369833869785483660e-02
158.456 6.369443610692782087e-02
158.464 6.369053391283560628e-02
158.473 6.368663211654886080e-02
158.481 6.368273072109995048e-02
158.489 6.367882972230340388e-02
158.498 6.367492912164506025e-02
158.506 6.367102891803322340e-02
158.514 6.366712911449921852e-02
158.523 6.366322970685948934e-02
158.531 6.365933069762985674e-02
158.539 6.365543208752195981e-02
158.548 6.365153387364151649e-02
158.556 6.364763605773091082e-02
158.564 6.364373863998673553e-02
158.572 6.363984161854568944e-02
158.581 6.363594499540692340e-02
158.589 6.363204876947980981e-02
158.597 6.362815294044625591e-02
158.606 6.362425750953243364e-02
158.614 6.362036247513337683e-02
158.622 6.361646783924708448e-02
158.631 6.361257359975419634e-02
158.639 6.360867975556520892e-02
158.647 6.360478630919222387e-02
158.656 6.360089326108879504e-02
158.664 6.359700061016514139e-02
158.672 6.359310835456045974e-02
158.68 6.358921649421463151e-02
158.689 6.358532503343805597e-02
158.697 6.358143396882744158e-02
158.705 6.357754329878004262e-02
158.714 6.357365302709105936e-02
158.722 6.356976315190053517e-02
158.73 6.356587367160616842e-02
158.739 6.356198458794631856e-02
158.747 6.355809590034654233e-02
158.755 6.355420760977399663e-02
158.764 6.355031971591103279e-02
158.772 6.354643221689917909e-02
158.78 6.354254511396233152e-02
158.789 6.353865840704003842e-02
158.797 6.353477209632860112e-02
158.805 6.353088618125397879e-02
158.813 6.352700066098578013e-02
158.822 6.352311553803047239e-02
158.83 6.351923080976089320e-02
158.838 6.351534647663006905e-02
158.847 6.351146254037390304e-02
158.855 6.350757899836600995e-02
158.863 6.350369585208565093e-02
158.872 6.349981310121581568e-02
158.88 6.349593074518326830e-02
158.888 6.349204878521000350e-02
158.897 6.348816721892777681e-02
158.905 6.348428604935338337e-02
158.913 6.348040527360607199e-02
158.921 6.347652489290758759e-02
158.93 6.347264490771038770e-02
158.938 6.346876531667251797e-02
158.946 6.346488612050281419e-02
158.955 6.346100731914097737e-02
158.963 6.345712891355168028e-02
158.971 6.345325090111256228e-02
158.98 6.344937328253236197e-02
158.988 6.344549606005621400e-02
158.996 6.344161923131869107e-02
159.005 6.343774279600368493e-02
159.013 6.343386675712395228e-02
159.021 6.342999111103443666e-02
159.029 6.342611585869953328e-02
159.038 6.342224100185094027e-02
159.046 6.341836653786880884e-02
159.054 6.341449246771710402e-02
159.063 6.341061879159176629e-02
159.071 6.340674551045605289e-02
159.079 6.340287262245881961e-02
159.088 6.339900012728445777e-02
159.096 6.339512802691953108e-02
159.104 6.339125631976912090e-02
159.113 6.338738500577344170e-02
159.121 6.338351408589536218e-02
159.129 6.337964355930786331e-02
159.138 6.337577342595095142e-02
159.146 6.337190368550917052e-02
159.154 6.336803433792272122e-02
159.162 6.336416538415411137e-02
159.171 6.336029682388770456e-02
159.179 6.335642865706350713e-02
159.187 6.335256088183316425e-02
159.196 6.334869350018096368e-02
159.204 6.334482651255769758e-02
159.212 6.334095991532755210e-02
159.221 6.333709371175132163e-02
159.229 6.333322790151368897e-02
159.237 6.332936248327795947e-02
159.246 6.332549745851639988e-02
159.254 6.332163282512676128e-02
159.262 6.331776858560214660e-02
159.27 6.331390473758539972e-02
159.279 6.331004128127228070e-02
159.287 6.330617821787903887e-02
159.295 6.330231554632535784e-02
159.304 6.329845326782711223e-02
159.312 6.329459138104896743e-02
159.32 6.329072988567628621e-02
159.329 6.328686878164971330e-02
159.337 6.328300807145974261e-02
159.345 6.327914775224145749e-02
159.354 6.327528782470034918e-02
159.362 6.327142828826706755e-02
159.37 6.326756914390174735e-02
159.379 6.326371039205445912e-02
159.387 6.325985203164592729e-02
159.395 6.325599406185232476e-02
159.403 6.325213648286905077e-02
159.412 6.324827929642015678e-02
159.42 6.324442250091735773e-02
159.428 6.324056609757484904e-02
159.437 6.323671008353128065e-02
159.445 6.323285446178367186e-02
159.453 6.322899923074441764e-02
159.462 6.322514439035421818e-02
159.47 6.322128994182657502e-02
159.478 6.321743588357450760e-02
159.487 6.321358221579327641e-02
159.495 6.320972893969617479e-02
159.503 6.320587605420555088e-02
159.511 6.320202355926209103e-02
159.52 6.319817145480642606e-02
159.528 6.319431973925299095e-02
159.536 6.319046841534088632e-02
159.545 6.318661748224739527e-02
159.553 6.318276693940445832e-02
159.561 6.317891678751574869e-02
159.57 6.317506702448756617e-02
159.578 6.317121765254923860e-02
159.586 6.316736867011589485e-02
159.595 6.316352007687438264e-02
159.603 6.315967187556136009e-02
159.611 6.315582406332161114e-02
159.619 6.315197663907973213e-02
159.628 6.314812960785871898e-02
159.636 6.314428296477131441e-02
159.644 6.314043671077503028e-02
159.653 6.313659084885872574e-02
159.661 6.313274537362927041e-02
159.669 6.312890028782169871e-02
159.678 6.312505559264648680e-02
159.686 6.312121128804415449e-02
159.694 6.311736737141661335e-02
159.703 6.311352384321283759e-02
159.711 6.310968070591212176e-02
159.719 6.310583795691704356e-02
159.728 6.310199559616876119e-02
159.736 6.309815362563837848e-02
159.744 6.309431204374427171e-02
159.752 6.309047084992014387e-02
159.761 6.308663004613646041e-02
159.769 6.308278963131937200e-02
159.777 6.307894960388821248e-02
159.786 6.307510996581301710e-02
159.794 6.307127071500626125e-02
159.802 6.306743185521219985e-02
159.811 6.306359338358269451e-02
159.819 6.305975529853813377e-02
159.827 6.305591760280801483e-02
159.836 6.305208029506607914e-02
159.844 6.304824337576031557e-02
159.852 6.304440684533850481e-02
159.86 6.304057070120820672e-02
159.869 6.303673494685750611e-02
159.877 6.303289958045403540e-02
159.885 6.302906460117919940e-02
159.894 6.302523000872123360e-02
159.902 6.302139580757931681e-02
159.91 6.301756199111097079e-02
159.919 6.301372856178991122e-02
159.927 6.300989552284813611e-02
159.935 6.300606287042959108e-02
159.944 6.300223060422280308e-02
159.952 6.299839872821813569e-02
159.96 6.299456723881381726e-02
159.969 6.299073613342141831e-02
159.977 6.298690541729562442e-02
159.985 6.298307508987120718e-02
159.993 6.297924514931869944e-02
160.002 6.297541559507373321e-02
160.01 6.297158642682505747e-02
160.018 6.296775764577854095e-02
160.027 6.296392925364517612e-02
160.035 6.296010124859627299e-02
160.043 6.295627362754004086e-02
160.052 6.295244639446251345e-02
160.06 6.294861954930472403e-02
160.068 6.294479308948093543e-02
160.077 6.294096701594364962e-02
160.085 6.293714132964488284e-02
160.093 6.293331602976810768e-02
160.101 6.292949111650741889e-02
160.11 6.292566658828893655e-02
160.118 6.292184244833737283e-02
160.126 6.291801869255370105e-02
160.135 6.291419532441466789e-02
160.143 6.291037234259916344e-02
160.151 6.290654974528174515e-02
160.16 6.290272753442358034e-02
160.168 6.289890570971377881e-02
160.176 6.289508427134617163e-02
160.185 6.289126321850531387e-02
160.193 6.288744255188975785e-02
160.201 6.288362226942291466e-02
160.209 6.287980237281252938e-02
160.218 6.287598286326125108e-02
160.226 6.287216373743191589e-02
160.234 6.286834499854478120e-02
160.243 6.286452664427193138e-02
160.251 6.286070867505946791e-02
160.259 6.285689109286589360e-02
160.268 6.285307389309541248e-02
160.276 6.284925707997507383e-02
160.284 6.284544065294216109e-02
160.293 6.284162460967042396e-02
160.301 6.283780895110978315e-02
160.309 6.283399367745402808e-02
160.318 6.283017878940067025e-02
160.326 6.282636428638753434e-02
160.334 6.282255016709720197e-02
160.342 6.281873643323448997e-02
160.351 6.281492308423745896e-02
160.359 6.281111011853733606e-02
160.367 6.280729753708329255e-02
160.376 6.280348534258617388e-02
160.384 6.279967353121178320e-02
160.392 6.279586210290241666e-02
160.401 6.279205105911021823e-02
160.409 6.278824040053188060e-02
160.417 6.278443012534791479e-02
160.426 6.278062023526141677e-02
160.434 6.277681072996253719e-02
160.442 6.277300160536897211e-02
160.45 6.276919286771064088e-02
160.459 6.276538451315685774e-02
160.467 6.276157654190130109e-02
160.475 6.275776895388614218e-02
160.484 6.275396174980772679e-02
160.492 6.275015493111607556e-02
160.5 6.274634849398290359e-02
160.509 6.274254243960740440e-02
160.517 6.273873677019328743e-02
160.525 6.273493148543095310e-02
160.534 6.273112658224752614e-02
160.542 6.272732206234400698e-02
160.55 6.272351792641603363e-02
160.559 6.271971417239641244e-02
160.567 6.271591080223655468e-02
160.575 6.271210781587840954e-02
160.583 6.270830521150652648e-02
160.592 6.270450298881236062e-02
160.6 6.270070115125261911e-02
160.608 6.269689969575702182e-02
160.617 6.269309862226803143e-02
160.625 6.268929793223369795e-02
160.633 6.268549762459245389e-02
160.642 6.268169769903571276e-02
160.65 6.267789815726189373e-02
160.658 6.267409899695547404e-02
160.667 6.267030021830984066e-02
160.675 6.266650182302292704e-02
160.683 6.266270381103679343e-02
160.691 6.265890617978621402e-02
160.7 6.265510893021677963e-02
160.708 6.265131206452703716e-02
160.716 6.264751557940043125e-02
160.725 6.264371947603290802e-02
160.733 6.263992375587047745e-02
160.741 6.263612841634948192e-02
160.75 6.263233345891595916e-02
160.758 6.262853888551640769e-02
160.766 6.262474469033128821e-02
160.775 6.262095087831343054e-02
160.783 6.261715744840302966e-02
160.791 6.261336439903997242e-02
160.799 6.260957173141894205e-02
160.808 6.260577944573275655e-02
160.816 6.260198754067207438e-02
160.824 6.259819601743117634e-02
160.833 6.259440487445075418e-02
160.841 6.259061411267467789e-02
160.849 6.258682373304641500e-02
160.858 6.258303373500782862e-02
160.866 6.257924411624971039e-02
160.874 6.257545487871642165e-02
160.883 6.257166602310085257e-02
160.891 6.256787754859501061e-02
160.899 6.256408945339089755e-02
160.908 6.256030173843182829e-02
160.916 6.255651440516069028e-02
160.924 6.255272745276993507e-02
160.932 6.254894088045213907e-02
160.941 6.254515468865005923e-02
160.949 6.254136887755630536e-02
160.957 6.253758344711350670e-02
160.966 6.253379839526534978e-02
160.974 6.253001372470337604e-02
160.982 6.252622943512016473e-02
160.991 6.252244552421014345e-02
160.999 6.251866199366487575e-02
161.007 6.251487884292757091e-02
161.016 6.251109607393881551e-02
161.024 6.250731368464333693e-02
161.032 6.250353167323638437e-02
161.04 6.249975004190812949e-02
161.049 6.249596879035172053e-02
161.057 6.249218791950830049e-02
161.065 6.248840742807263565e-02
161.074 6.248462731573813794e-02
161.082 6.248084758294683572e-02
161.09 6.247706822939213395e-02
161.099 6.247328925526648286e-02
161.107 6.246951066051275453e-02
161.115 6.246573244482448578e-02
161.124 6.246195460939158589e-02
161.132 6.245817715166312317e-02
161.14 6.245440007257984510e-02
161.148 6.245062337532579499e-02
161.157 6.244684705535612917e-02
161.165 6.244307111286362399e-02
161.173 6.243929555128087394e-02
161.182 6.243552036830751079e-02
161.19 6.243174556139486492e-02
161.198 6.242797113646637169e-02
161.207 6.242419708972725412e-02
161.215 6.242042341887885787e-02
161.223 6.241665012859742151e-02
161.232 6.241287721758018853e-02
161.24 6.240910468452494364e-02
161.248 6.240533252862792007e-02
161.257 6.240156075157541476e-02
161.265 6.239778935181675840e-02
161.273 6.239401833103777606e-02
161.281 6.239024768943029348e-02
161.29 6.238647742345306002e-02
161.298 6.238270753728025753e-02
161.306 6.237893802861523007e-02
161.315 6.237516889814767596e-02
161.323 6.237140014532321919e-02
161.331 6.236763176933887709e-02
161.34 6.236386377187923963e-02
161.348 6.236009615214121310e-02
161.356 6.235632890932206462e-02
161.365 6.235256204510575273e-02
161.373 6.234879555769495818e-02
161.381 6.234502944703320532e-02
161.389 6.234126371505247649e-02
161.398 6.233749835921036792e-02
161.406 6.233373338168713557e-02
161.414 6.232996877994100710e-02
161.423 6.232620455565497652e-02
161.431 6.232244071001444286e-02
161.439 6.231867724072667064e-02
161.448 6.231491414723853983e-02
161.456 6.231115143048718968e-02
161.464 6.230738909165775552e-02
161.473 6.230362713069333147e-02
161.481 6.229986554480598793e-02
161.489 6.229610433518095042e-02
161.498 6.229234350300295181e-02
161.506 6.228858304771877491e-02
161.514 6.228482296827916181e-02
161.522 6.228106326437964080e-02
161.531 6.227730393770087441e-02
161.539 6.227354498818610945e-02
161.547 6.226978641453830010e-02
161.556 6.226602821620502021e-02
161.564 6.226227039437019078e-02
161.572 6.225851294922529755e-02
161.581 6.225475587947387063e-02
161.589 6.225099918679533745e-02
161.597 6.224724286964544023e-02
161.606 6.224348692747214140e-02
161.614 6.223973136071508927e-02
161.622 6.223597617130077059e-02
161.63 6.223222135644637665e-02
161.639 6.222846691683928122e-02
161.647 6.222471285415765579e-02
161.655 6.222095916685833200e-02
161.664 6.221720585438962614e-02
161.672 6.221345291818158180e-02
161.68 6.220970035545334009e-02
161.689 6.220594816936852317e-02
161.697 6.220219635912763168e-02
161.705 6.219844492318871154e-02
161.714 6.219469386174333869e-02
161.722 6.219094317622074486e-02
161.73 6.218719286606941982e-02
161.738 6.218344292950064162e-02
161.747 6.217969336942817671e-02
161.755 6.217594418307359483e-02
161.763 6.217219537161810389e-02
161.772 6.216844693648982539e-02
161.78 6.216469887317969262e-02
161.788 6.216095118583710166e-02
161.797 6.215720387465281660e-02
161.805 6.215345693511917236e-02
161.813 6.214971037187883712e-02
161.822 6.214596418289728558e-02
161.83 6.214221836787129499e-02
161.838 6.213847292699210129e-02
161.847 6.213472786094515615e-02
161.855 6.213098316819146150e-02
161.863 6.212723884966367405e-02
161.871 6.212349490579988087e-02
161.88 6.211975133456747178e-02
161.888 6.211600813862819953e-02
161.896 6.211226531619663122e-02
161.905 6.210852286746387785e-02
161.913 6.210478079385575723e-02
161.921 6.210103909161198560e-02
161.93 6.209729776314634048e-02
161.938 6.209355680963728891e-02
161.946 6.208981623053477783e-02
161.955 6.208607602356119165e-02
161.963 6.208233618866107473e-02
161.971 6.207859672775316306e-02
161.979 6.207485764275538082e-02
161.988 6.207111892991022672e-02
161.996 6.206738058817537484e-02
162.004 6.206364262144244137e-02
162.013 6.205990502768182066e-02
162.021 6.205616780535803262e-02
162.029 6.205243095737488640e-02
162.038 6.204869448195022424e-02
162.046 6.204495838001454489e-02
162.054 6.204122264953969290e-02
162.063 6.203748729392132011e-02
162.071 6.203375230989886802e-02
162.079 6.203001769741697119e-02
162.088 6.202628345765232726e-02
162.096 6.202254959227397613e-02
162.104 6.201881609876194745e-02
162.112 6.201508297582897927e-02
162.121 6.201135022662214447e-02
162.129 6.200761785010017874e-02
162.137 6.200388584472968367e-02
162.146 6.200015421267154880e-02
162.154 6.199642295263871339e-02
162.162 6.199269206334462323e-02
162.171 6.198896154768808453e-02
162.179 6.198523140315159025e-02
162.187 6.198150163041815652e-02
162.196 6.197777222943225139e-02
162.204 6.197404319915404691e-02
162.212 6.197031454395710709e-02
162.22 6.196658625861851954e-02
162.229 6.196285834406724258e-02
162.237 6.195913080221578800e-02
162.245 6.195540363079480445e-02
162.254 6.195167683122462798e-02
162.262 6.194795040418733800e-02
162.27 6.194422434741432559e-02
162.279 6.194049866183380659e-02
162.287 6.193677334812779101e-02
162.295 6.193304840452015098e-02
162.304 6.192932383218461428e-02
162.312 6.192559963254008065e-02
162.32 6.192187580233644156e-02
162.328 6.191815234225581110e-02
162.337 6.191442925543673426e-02
162.345 6.191070653813843944e-02
162.353 6.190698419055168378e-02
162.362 6.190326221655081951e-02
162.37 6.189954061092281523e-02
162.378 6.189581937606836864e-02
162.387 6.189209851365079507e-02
162.395 6.188837802017733286e-02
162.403 6.188465789632959652e-02
162.412 6.188093814327964848e-02
162.42 6.187721876195384496e-02
162.428 6.187349975033337723e-02
162.437 6.186978110811781201e-02
162.445 6.186606283623343611e-02
162.453 6.186234493609694268e-02
162.461 6.185862740421855382e-02
162.47 6.185491024201521942e-02
162.478 6.185119345188413997e-02
162.486 6.184747702984617901e-02
162.495 6.184376097756296570e-02
162.503 6.184004529571490716e-02
162.511 6.183632998375630796e-02
162.52 6.183261504261247654e-02
162.528 6.182890046953196800e-02
162.536 6.182518626372496273e-02
162.545 6.182147243028279088e-02
162.553 6.181775896669940151e-02
162.561 6.181404587144966045e-02
162.569 6.181033314619358010e-02
162.578 6.180662078769163376e-02
162.586 6.180290880152258803e-02
162.594 6.179919718371226084e-02
162.603 6.179548593420586960e-02
162.611 6.179177505466245529e-02
162.619 6.178806454331310649e-02
162.628 6.178435440157178937e-02
162.636 6.178064462815951313e-02
162.644 6.177693522351089539e-02
162.653 6.177322618854990538e-02
162.661 6.176951752175319915e-02
162.669 6.176580922355531800e-02
162.678 6.176210129316739988e-02
162.686 6.175839373273634553e-02
162.694 6.175468654000551560e-02
162.702 6.175097971540940978e-02
162.711 6.174727325987130339e-02
162.719 6.174356717186914312e-02
162.727 6.173986145305968010e-02
162.736 6.173615610240997670e-02
162.744 6.173245112010956187e-02
162.752 6.172874650512599065e-02
162.761 6.172504225813781747e-02
162.769 6.172133837884592744e-02
162.777 6.171763486866156667e-02
162.786 6.171393172655240816e-02
162.794 6.171022895124218116e-02
162.802 6.170652654292072686e-02
162.81 6.170282450519701256e-02
162.819 6.169912283264281094e-02
162.827 6.169542152691348535e-02
162.835 6.169172059137282421e-02
162.844 6.168802002279148017e-02
162.852 6.168431982062675539e-02
162.86 6.168061998604471019e-02
162.869 6.167692051972280959e-02
162.877 6.167322141916566774e-02
162.885 6.166952268675930660e-02
162.894 6.166582432147280773e-02
162.902 6.166212632325160370e-02
162.91 6.165842869301677021e-02
162.918 6.165473142729868683e-02
162.927 6.165103452970183834e-02
162.935 6.164733799968357547e-02
162.943 6.164364183718903933e-02
162.952 6.163994604070066607e-02
162.96 6.163625060894514091e-02
162.968 6.163255554576879680e-02
162.977 6.162886084965402828e-02
162.985 6.162516651859653583e-02
162.993 6.162147255595389062e-02
163.002 6.161777895850338582e-02
163.01 6.161408572789636023e-02
163.018 6.161039286359102501e-02
163.027 6.160670036455855730e-02
163.035 6.160300823244978241e-02
163.043 6.159931646672289068e-02
163.051 6.159562506610591348e-02
163.06 6.159193403371007736e-02
163.068 6.158824336582832681e-02
163.076 6.158455306313700972e-02
163.085 6.158086312947670671e-02
163.093 6.157717355870725301e-02
163.101 6.157348435247876617e-02
163.11 6.156979551560409075e-02
163.118 6.156610704316149013e-02
163.126 6.156241893534025733e-02
163.135 6.155873119451909375e-02
163.143 6.155504381869723873e-02
163.151 6.155135680709098583e-02
163.159 6.154767016256469658e-02
163.168 6.154398388287510291e-02
163.176 6.154029796723862328e-02
163.184 6.153661241803257131e-02
163.193 6.153292723447308793e-02
163.201 6.152924241456128596e-02
163.209 6.152555796237505620e-02
163.218 6.152187387251296935e-02
163.226 6.151819014735163821e-02
163.234 6.151450679072451022e-02
163.243 6.151082379601667538e-02
163.251 6.150714116463241316e-02
163.259 6.150345890113310260e-02
163.268 6.149977700206343129e-02
163.276 6.149609546615505962e-02
163.284 6.149241429578253260e-02
163.292 6.148873348919193377e-02
163.301 6.148505304778599523e-02
163.309 6.148137297102489185e-02
163.317 6.147769325642721966e-02
163.326 6.147401390830822127e-02
163.334 6.147033492491446593e-02
163.342 6.146665630400784119e-02
163.351 6.146297804771848339e-02
163.359 6.145930015672006197e-02
163.367 6.145562262950273608e-02
163.376 6.145194546455721996e-02
163.384 6.144826866474039501e-02
163.392 6.144459222902791395e-02
163.4 6.144091615639584586e-02
163.409 6.143724044727529726e-02
163.417 6.143356510306698104e-02
163.425 6.142989012226220819e-02
163.434 6.142621550407999925e-02
163.442 6.142254125089022937e-02
163.45 6.141886736118456341e-02
163.459 6.141519383224381540e-02
163.467 6.141152066837594209e-02
163.475 6.140784786928426414e-02
163.484 6.140417543128100925e-02
163.492 6.140050335843053736e-02
163.5 6.139683164825662787e-02
163.508 6.139316030022121118e-02
163.517 6.138948931499715878e-02
163.525 6.138581869349923198e-02
163.533 6.138214843494714523e-02
163.542 6.137847853880296772e-02
163.55 6.137480900646526821e-02
163.558 6.137113983812203521e-02
163.567 6.136747103008938220e-02
163.575 6.136380258497578510e-02
163.583 6.136013450224360455e-02
163.592 6.135646678280687327e-02
163.6 6.135279942685353122e-02
163.608 6.134913243215279338e-02
163.617 6.134546579961867169e-02
163.625 6.134179953016484499e-02
163.633 6.133813362325388208e-02
163.641 6.133446807834844888e-02
163.65 6.133080289539498409e-02
163.658 6.132713807385652138e-02
163.666 6.132347361537151403e-02
163.675 6.131980951843597066e-02
163.683 6.131614578396301501e-02
163.691 6.131248241069088556e-02
163.7 6.130881940001575020e-02
163.708 6.130515675236690443e-02
163.716 6.130149446406726876e-02
163.725 6.129783253747925903e-02
163.733 6.129417097375679940e-02
163.741 6.129050977139713363e-02
163.749 6.128684893082968210e-02
163.758 6.128318845151808913e-02
163.766 6.127952833316752113e-02
163.774 6.127586857741418314e-02
163.783 6.127220918203210576e-02
163.791 6.126855014720949955e-02
163.799 6.126489147361700166e-02
163.808 6.126123316409640834e-02
163.816 6.125757521328591138e-02
163.824 6.125391762306267585e-02
163.833 6.125026039554421625e-02
163.841 6.124660352633542332e-02
163.849 6.124294702117129285e-02
163.858 6.123929087589843889e-02
163.866 6.123563508949932815e-02
163.874 6.123197966505516954e-02
163.882 6.122832460154801343e-02
163.891 6.122466989988861741e-02
163.899 6.122101555785424559e-02
163.907 6.121736157418689039e-02
163.916 6.121370795341211229e-02
163.924 6.121005469354842687e-02
163.932 6.120640179189242719e-02
163.941 6.120274925176382580e-02
163.949 6.119909707214552658e-02
163.957 6.119544525250258937e-02
163.966 6.119179379278184838e-02
163.974 6.118814269172614256e-02
163.982 6.118449195337563595e-02
163.99 6.118084157382455701e-02
163.999 6.117719155302006606e-02
164.007 6.117354189476030546e-02
164.015 6.116989259417798114e-02
164.024 6.116624365314579648e-02
164.032 6.116259507377613119e-02
164.04 6.115894685240638035e-02
164.049 6.115529899090842852e-02
164.057 6.115165148971014181e-02
164.065 6.114800434779622818e-02
164.074 6.114435756511350795e-02
164.082 6.114071114040666582e-02
164.09 6.113706507698924569e-02
164.098 6.113341937336510407e-02
164.107 6.112977402683664879e-02
164.115 6.112612903999554981e-02
164.123 6.112248441302894908e-02
164.132 6.111884014636427553e-02
164.14 6.111519623586304795e-02
164.148 6.111155268555776288e-02
164.157 6.110790949587550924e-02
164.165 6.110426666339974916e-02
164.173 6.110062418735730250e-02
164.182 6.109698207394052144e-02
164.19 6.109334031757177041e-02
164.198 6.108969892011968661e-02
164.207 6.108605788225148631e-02
164.215 6.108241720199334562e-02
164.223 6.107877687905255426e-02
164.231 6.107513691553688451e-02
164.24 6.107149731091308237e-02
164.248 6.106785806320827459e-02
164.256 6.106421917548940370e-02
164.265 6.106058064482401682e-02
164.273 6.105694247259895596e-02
164.281 6.105330465876134677e-02
164.29 6.104966720277851810e-02
164.298 6.104603010531726992e-02
164.306 6.104239336464589022e-02
164.315 6.103875698263031002e-02
164.323 6.103512095873787902e-02
164.331 6.103148529219664525e-02
164.339 6.102784998367302011e-02
164.348 6.102421503239512796e-02
164.356 6.102058043783097768e-02
164.364 6.101694620328321217e-02
164.373 6.101331232510398550e-02
164.381 6.100967880419935763e-02
164.389 6.100604563979793865e-02
164.398 6.100241283376375834e-02
164.406 6.099878038628327170e-02
164.414 6.099514829418999085e-02
164.423 6.099151656006599614e-02
164.431 6.098788518314014750e-02
164.439 6.098425416192313625e-02
164.448 6.098062349923560194e-02
164.456 6.097699319382757915e-02
164.464 6.097336324373161393e-02
164.472 6.096973365104948334e-02
164.481 6.096610441764288568e-02
164.489 6.096247553986927636e-02
164.497 6.095884701743728429e-02
164.506 6.095521885053393346e-02
164.514 6.095159104365191483e-02
164.522 6.094796359051896789e-02
164.531 6.094433649490996197e-02
164.539 6.094070975772858390e-02
164.547 6.093708337342221282e-02
164.556 6.093345734815561882e-02
164.564 6.092983167781156756e-02
164.572 6.092620636353306834e-02
164.58 6.092258140694086638e-02
164.589 6.091895680607008895e-02
164.597 6.091533255991267437e-02
164.605 6.091170866985017029e-02
164.614 6.090808513798037782e-02
164.622 6.090446196138352142e-02
164.63 6.090083913952971939e-02
164.639 6.089721667308339165e-02
164.647 6.089359456366404133e-02
164.655 6.088997280835335008e-02
164.664 6.088635141115864013e-02
164.672 6.088273036892302703e-02
164.68 6.087910968111694826e-02
164.688 6.087548935007537632e-02
164.697 6.087186937264293940e-02
164.705 6.086824975163161733e-02
164.713 6.086463048746607735e-02
164.722 6.086101157651449545e-02
164.73 6.085739302134971634e-02
164.738 6.085377482215775097e-02
164.747 6.085015697673935853e-02
164.755 6.084653948862028122e-02
164.763 6.084292235273958821e-02
164.772 6.083930557429190200e-02
164.78 6.083568915012461248e-02
164.788 6.083207307994731999e-02
164.797 6.082845736537684928e-02
164.805 6.082484200516890399e-02
164.813 6.082122699879478900e-02
164.821 6.081761234834742041e-02
164.83 6.081399805329774227e-02
164.838 6.081038411168716851e-02
164.846 6.080677052465515570e-02
164.855 6.080315729167312666e-02
164.863 6.079954441268911602e-02
164.871 6.079593189003280190e-02
164.88 6.079231972079376933e-02
164.888 6.078870790515829986e-02
164.896 6.078509644545557894e-02
164.905 6.078148533806183862e-02
164.913 6.077787458435388035e-02
164.921 6.077426418523193541e-02
164.929 6.077065414064378862e-02
164.938 6.076704445101321211e-02
164.946 6.076343511367039013e-02
164.954 6.075982612999140248e-02
164.963 6.075621750087592532e-02
164.971 6.075260922579599210e-02
164.979 6.074900130303451801e-02
164.988 6.074539373468047093e-02
164.996 6.074178652115728994e-02
165.004 6.073817965955921605e-02
165.013 6.073457315126139233e-02
165.021 6.073096699740063165e-02
165.029 6.072736119768700619e-02
165.038 6.072375574731456171e-02
165.046 6.072015065288730029e-02
165.054 6.071654591316431870e-02
165.062 6.071294152429137364e-02
165.071 6.070933749001886787e-02
165.079 6.070573380839388439e-02
165.087 6.070213047888965013e-02
165.096 6.069852750359231580e-02
165.104 6.069492487983717266e-02
165.112 6.069132260876020091e-02
165.121 6.068772069102204569e-02
165.129 6.068411912799528962e-02
165.137 6.068051791606651063e-02
165.146 6.067691705589659673e-02
165.154 6.067331654909551703e-02
165.162 6.066971639442463038e-02
165.17 6.066611659206963547e-02
165.179 6.066251714363989078e-02
165.187 6.065891804576153956e-02
165.195 6.065531930146748907e-02
165.204 6.065172090975688018e-02
165.212 6.064812286796879975e-02
165.22 6.064452518032126954e-02
165.229 6.064092784439061717e-02
165.237 6.063733086107376408e-02
165.245 6.063373422842218557e-02
165.254 6.063013794780703486e-02
165.262 6.062654202107307932e-02
165.27 6.062294644461275334e-02
165.278 6.061935121908593183e-02
165.287 6.061575634657406092e-02
165.295 6.061216182560347221e-02
165.303 6.060856765683343000e-02
165.312 6.060497383926458093e-02
165.32 6.060138037260863475e-02
165.328 6.059778725728796195e-02
165.337 6.059419449467203650e-02
165.345 6.059060208234088446e-02
165.353 6.058701002166406308e-02
165.362 6.058341831235319885e-02
165.37 6.057982695388330202e-02
165.378 6.057623594714986459e-02
165.387 6.057264529115450463e-02
165.395 6.056905498702920554e-02
165.403 6.056546503282914107e-02
165.411 6.056187542921304817e-02
165.42 6.055828617731261881e-02
165.428 6.055469727636646898e-02
165.436 6.055110872797898891e-02
165.445 6.054752052831387926e-02
165.453 6.054393267802989781e-02
165.461 6.054034517967726847e-02
165.47 6.053675803344070461e-02
165.478 6.053317123666768912e-02
165.486 6.052958478954363619e-02
165.495 6.052599869367208257e-02
165.503 6.052241294711063063e-02
165.511 6.051882755264430258e-02
165.519 6.051524250785816211e-02
165.528 6.051165781293738749e-02
165.536 6.050807346877586090e-02
165.544 6.050448947343221168e-02
165.553 6.050090582969017833e-02
165.561 6.049732253608089416e-02
165.569 6.049373959089991010e-02
165.578 6.049015699598560974e-02
165.586 6.048657475293951757e-02
165.594 6.048299285793228008e-02
165.603 6.047941131256574093e-02
165.611 6.047583011773293576e-02
165.619 6.047224927196630240e-02
165.628 6.046866877663086698e-02
165.636 6.046508862978736826e-02
165.644 6.046150883398047904e-02
165.652 6.045792938656342069e-02
165.661 6.045435028795713428e-02
165.669 6.045077153976188833e-02
165.677 6.044719314121867887e-02
165.686 6.044361509062545074e-02
165.694 6.044003738887476079e-02
165.702 6.043646003803770234e-02
165.711 6.043288303641238673e-02
165.719 6.042930638206172461e-02
165.727 6.042573007682098402e-02
165.736 6.042215412252461421e-02
165.744 6.041857851558594950e-02
165.752 6.041500325925347470e-02
165.76 6.041142834947007406e-02
165.769 6.040785378948381606e-02
165.777 6.040427957830107192e-02
165.785 6.040070571492863610e-02
165.794 6.039713220072893962e-02
165.802 6.039355903494435934e-02
165.81 6.038998621752395685e-02
165.819 6.038641374959413666e-02
165.827 6.038284162898473889e-02
165.835 6.037926985705761168e-02
165.844 6.037569843258486224e-02
165.852 6.037212735763403809e-02
165.86 6.036855663144785611e-02
165.868 6.036498625138683738e-02
165.877 6.036141621904770466e-02
165.885 6.035784653814402906e-02
165.893 6.035427720297805582e-02
165.902 6.035070821397004598e-02
165.91 6.034713957530327827e-02
165.918 6.034357128410407223e-02
165.927 6.034000334079207134e-02
165.935 6.033643574461103332e-02
165.943 6.033286849692093973e-02
165.952 6.032930159555510014e-02
165.96 6.032573504281365379e-02
165.968 6.032216883817548281e-02
165.977 6.031860297876952964e-02
165.985 6.031503746783553610e-02
165.993 6.031147230508749485e-02
166.001 6.030790749000453782e-02
166.01 6.030434302089148629e-02
166.018 6.030077889957712739e-02
166.026 6.029721512460137905e-02
166.035 6.029365169661836388e-02
166.043 6.029008861745600856e-02
166.051 6.028652588448033672e-02
166.06 6.028296349787574254e-02
166.068 6.027940145853073750e-02
166.076 6.027583976662932719e-02
166.085 6.027227842094718541e-02
166.093 6.026871742143388028e-02
166.101 6.026515676921226361e-02
166.109 6.026159646423158434e-02
166.118 6.025803650456418997e-02
166.126 6.025447689203659168e-02
166.134 6.025091762706717008e-02
166.143 6.024735870725967529e-02
166.151 6.024380013514360477e-02
166.159 6.024024190855763877e-02
166.168 6.023668402627910257e-02
166.176 6.023312649318147971e-02
166.184 6.022956930616589488e-02
166.193 6.022601246377548567e-02
166.201 6.022245596806961171e-02
166.209 6.021889981852891066e-02
166.218 6.021534401416556853e-02
166.226 6.021178855610091751e-02
166.234 6.020823344569007501e-02
166.242 6.020467867936821899e-02
166.251 6.020112425849084153e-02
166.259 6.019757018417873362e-02
166.267 6.019401645521024746e-02
166.276 6.019046307247178512e-02
166.284 6.018691003567865072e-02
166.292 6.018335734220503497e-02
166.301 6.017980499551266876e-02
166.309 6.017625299508266162e-02
166.317 6.017270133992824038e-02
166.326 6.016915002929703465e-02
166.334 6.016559906430894722e-02
166.342 6.016204844374369726e-02
166.35 6.015849816825306201e-02
166.359 6.015494824036000249e-02
166.367 6.015139865603709446e-02
166.375 6.014784941570227444e-02
166.384 6.014430052117648168e-02
166.392 6.014075197147383811e-02
166.4 6.013720376818086633e-02
166.409 6.013365590750618245e-02
166.417 6.013010839220544329e-02
166.425 6.012656122269574577e-02
166.434 6.012301439635563821e-02
166.442 6.011946791547234659e-02
166.45 6.011592177952807675e-02
166.458 6.011237598753794292e-02
166.467 6.010883053945196425e-02
166.475 6.010528543568734866e-02
166.483 6.010174067829620465e-02
166.492 6.009819626325732522e-02
166.5 6.009465219449123402e-02
166.508 6.009110846797755673e-02
166.517 6.008756508483421160e-02
166.525 6.008402204898019572e-02
166.533 6.008047935569568732e-02
166.542 6.007693700516446994e-02
166.55 6.007339499943739614e-02
166.558 6.006985333776402453e-02
166.567 6.006631202126103825e-02
166.575 6.006277104754473295e-02
166.583 6.005923041609881330e-02
166.591 6.005569013037286713e-02
166.6 6.005215018821697531e-02
166.608 6.004861058888150138e-02
166.616 6.004507133254986806e-02
166.625 6.004153242080457337e-02
166.633 6.003799385196319921e-02
166.641 6.003445562784106432e-02
166.65 6.003091774582353102e-02
166.658 6.002738020749271569e-02
166.666 6.002384301209934270e-02
166.675 6.002030615936055497e-02
166.683 6.001676965132379804e-02
166.691 6.001323348630771548e-02
166.699 6.000969766169972353e-02
166.708 6.000616218327452928e-02
166.716 6.000262704678859665e-02
166.724 5.999909225242525818e-02
166.733 5.999555780106645420e-02
166.741 5.999202369452515116e-02
166.749 5.998848992925837759e-02
166.758 5.998495650568238385e-02
166.766 5.998142342514439090e-02
166.774 5.997789068852555500e-02
166.783 5.997435829437922084e-02
166.791 5.997082624195749362e-02
166.799 5.996729453283967254e-02
166.807 5.996376316511438376e-02
166.816 5.996023213989540995e-02
166.824 5.995670145759821046e-02
166.832 5.995317111677726102e-02
166.841 5.994964111831337095e-02
166.849 5.994611146238936622e-02
166.857 5.994258214918793404e-02
166.866 5.993905317656660764e-02
166.874 5.993552454656850964e-02
166.882 5.993199625960873161e-02
166.891 5.992846831261552931e-02
166.899 5.992494070949096197e-02
166.907 5.992141344739599501e-02
166.916 5.991788652674599758e-02
166.924 5.991435994888552607e-02
166.932 5.991083370981509226e-02
166.94 5.990730781413197703e-02
166.949 5.990378226178608850e-02
166.957 5.990025704831441339e-02
166.965 5.989673217738387262e-02
166.974 5.989320764801576991e-02
166.982 5.988968346016045746e-02
166.99 5.988615961376836383e-02
166.999 5.988263610716489799e-02
167.007 5.987911294285428593e-02
167.015 5.987559012032246664e-02
167.024 5.987084995019308076e-02
