# Temperature_scaled  Cv
0.835118 1.464631685996107928e-02
0.843428 1.438530297053229080e-02
0.851737 1.415586130698567348e-02
0.860047 1.393077708219901852e-02
0.868357 1.370998851303761867e-02
0.876667 1.349343169584988483e-02
0.884977 1.328104097334016111e-02
0.893287 1.307274926608955647e-02
0.901596 1.286848837172360066e-02
0.909906 1.266818923448963588e-02
0.918216 1.247178218777976813e-02
0.926526 1.227919717193513317e-02
0.934836 1.209036392947860847e-02
0.943146 1.190521217974722587e-02
0.951455 1.172367177473766786e-02
0.959765 1.154567283782505227e-02
0.968075 1.137114588687323374e-02
0.976385 1.120002194314335259e-02
0.984695 1.103223262727618705e-02
0.993005 1.086771024352638053e-02
1.00131 1.070638785331621060e-02
1.00962 1.054819933910202887e-02
1.01793 1.039307945944810407e-02
1.02624 1.024096389613395747e-02
1.03455 1.009178929405067128e-02
1.04286 9.945493294574999504e-03
1.05117 9.802014563045859455e-03
1.05948 9.661292810930355995e-03
1.06779 9.523268813191985635e-03
1.0761 9.387884421349067601e-03
1.08441 9.255082572663452661e-03
1.09272 9.124807295848911745e-03
1.10103 8.997003713672015526e-03
1.10934 8.871618042779151267e-03
1.11765 8.748597591041393229e-03
1.12596 8.627890752706389443e-03
1.13427 8.509447001598020172e-03
1.14258 8.393216882594454337e-03
1.15089 8.279152001596937552e-03
1.1592 8.167205014167504273e-03
1.16751 8.057329613016132874e-03
1.17582 7.949480514490176244e-03
1.18413 7.843613444200750115e-03
1.19244 7.739685121917803598e-03
1.20075 7.637653245856853429e-03
1.20906 7.537476476444500591e-03
1.21737 7.439114419666676553e-03
1.22568 7.342527610091346968e-03
1.23399 7.247677493623582226e-03
1.2423 7.154526410077609484e-03
1.25061 7.063037575624388741e-03
1.25892 6.973175065159485306e-03
1.26723 6.884903794652590635e-03
1.27554 6.798189503523298198e-03
1.28385 6.712998737065982435e-03
1.29216 6.629298828977532934e-03
1.30047 6.547057884014163311e-03
1.30878 6.466244760791166508e-03
1.31709 6.386829054764227125e-03
1.3254 6.308781081413417959e-03
1.33371 6.232071859632613842e-03
1.34202 6.156673095357839340e-03
1.35033 6.082557165436257296e-03
1.35864 6.009697101748865886e-03
1.36695 5.938066575603914016e-03
1.37526 5.867639882395320021e-03
1.38357 5.798391926546768091e-03
1.39188 5.730298206736966077e-03
1.40019 5.663334801405901613e-03
1.4085 5.597478354564060753e-03
1.41681 5.532706061882284969e-03
1.42512 5.468995657077765395e-03
1.43343 5.406325398592380475e-03
1.44174 5.344674056562385631e-03
1.45005 5.284020900078940583e-03
1.45836 5.224345684732813883e-03
1.46667 5.165628640451789926e-03
1.47498 5.107850459613376588e-03
1.48329 5.050992285442888752e-03
1.49159 4.995035700688688594e-03
1.4999 4.939962716559148821e-03
1.50821 4.885755761945515668e-03
1.51652 4.832397672890544060e-03
1.52483 4.779871682330653557e-03
1.53314 4.728161410089463945e-03
1.54145 4.677250853111623863e-03
1.54976 4.627124375960856885e-03
1.55807 4.577766701546766466e-03
1.56638 4.529162902085202315e-03
1.57469 4.481298390299354346e-03
1.583 4.434158910839333320e-03
1.59131 4.387730531927748652e-03
1.59962 4.341999637217723931e-03
1.60793 4.296952917863022282e-03
1.61624 4.252577364797670810e-03
1.62455 4.208860261214569971e-03
1.63286 4.165789175239673937e-03
1.64117 4.123351952801311733e-03
1.64948 4.081536710683476669e-03
1.65779 4.040331829769249275e-03
1.6661 3.999725948448345017e-03
1.67441 3.959707956212769366e-03
1.68272 3.920266987415252369e-03
1.69103 3.881392415193645959e-03
1.69934 3.843073845554595327e-03
1.70765 3.805301111613420845e-03
1.71596 3.768064267992301750e-03
1.72427 3.731353585359508448e-03
1.73258 3.695159545116983614e-03
1.74089 3.659472834228769383e-03
1.7492 3.624284340185007086e-03
1.75751 3.589585146099616517e-03
1.76582 3.555366525938831023e-03
1.77413 3.521619939876024803e-03
1.78244 3.488337029763137909e-03
1.79075 3.455509614737261800e-03
1.79906 3.423129686924568892e-03
1.80737 3.391189407266622952e-03
1.81568 3.359681101463191360e-03
1.82399 3.328597256005009272e-03
1.8323 3.297930514330431676e-03
1.84061 3.267673673066440274e-03
1.84892 3.237819678378633069e-03
1.85723 3.208361622412666397e-03
1.86554 3.179292739831596822e-03
1.87385 3.150606404435341793e-03
1.88216 3.122296125885107125e-03
1.89047 3.094355546496450112e-03
1.89878 3.066778438121031680e-03
1.90709 3.039558699115954294e-03
1.9154 3.012690351381586314e-03
1.92371 2.986167537486394009e-03
1.93202 2.959984517852873569e-03
1.94033 2.934135668032275806e-03
1.94864 2.908615476035481245e-03
1.95695 2.883418539740151883e-03
1.96526 2.858539564362052102e-03
1.97357 2.833973359992646851e-03
1.98188 2.809714839197841041e-03
1.99019 2.785759014677252100e-03
1.99849 2.762100996986102588e-03
2.0068 2.738735992314552531e-03
2.01511 2.715659300319926087e-03
2.02342 2.692866312014907323e-03
2.03173 2.670352507713932930e-03
2.04004 2.648113455028554882e-03
2.04835 2.626144806906345955e-03
2.05666 2.604442299728148766e-03
2.06497 2.583001751450499615e-03
2.07328 2.561819059794310030e-03
2.08159 2.540890200478657622e-03
2.0899 2.520211225491474950e-03
2.09821 2.499778261416090407e-03
2.10652 2.479587507793564252e-03
2.11483 2.459635235521154609e-03
2.12314 2.439917785293358767e-03
2.13145 2.420431566080828278e-03
2.13976 2.401173053655365243e-03
2.14807 2.382138789133030413e-03
2.15638 2.363325377568020139e-03
2.16469 2.344729486574556945e-03
2.173 2.326347844984827645e-03
2.18131 2.308177241532980047e-03
2.18962 2.290214523581335024e-03
2.19793 2.272456595870277554e-03
2.20624 2.254900419298026641e-03
2.21455 2.237543009732877522e-03
2.22286 2.220381436854155718e-03
2.23117 2.203412823014714184e-03
2.23948 2.186634342137607542e-03
2.24779 2.170043218638187388e-03
2.2561 2.153636726366247103e-03
2.26441 2.137412187578783661e-03
2.27272 2.121366971935381100e-03
2.28103 2.105498495515333544e-03
2.28934 2.089804219859810706e-03
2.29765 2.074281651040503927e-03
2.30596 2.058928338735970497e-03
2.31427 2.043741875345747236e-03
2.32258 2.028719895122261477e-03
2.33089 2.013860073307028545e-03
2.3392 1.999160125308942736e-03
2.34751 1.984617805889376217e-03
2.35582 1.970230908362836670e-03
2.36413 1.955997263827737986e-03
2.37244 1.941914740404559591e-03
2.38075 1.927981242494234380e-03
2.38906 1.914194710056700641e-03
2.39737 1.900553117900958882e-03
2.40568 1.887054474996854555e-03
2.41399 1.873696823794098907e-03
2.4223 1.860478239564591733e-03
2.43061 1.847396829757578683e-03
2.43892 1.834450733366852979e-03
2.44723 1.821638120313073730e-03
2.45554 1.808957190840553573e-03
2.46385 1.796406174926076836e-03
2.47216 1.783983331707310761e-03
2.48047 1.771686948910598282e-03
2.48878 1.759515342302849384e-03
2.49709 1.747466855157770805e-03
2.5054 1.735539857716092297e-03
2.5137 1.723732746679658380e-03
2.52201 1.712043944703837408e-03
2.53032 1.700471899897727790e-03
2.53863 1.689015085349991705e-03
2.54694 1.677671998652004127e-03
2.55525 1.666441161435207059e-03
2.56356 1.655321118917758415e-03
2.57187 1.644310439464947678e-03
2.58018 1.633407714154581957e-03
2.58849 1.622611556349408532e-03
2.5968 1.611920601289705069e-03
2.60511 1.601333505682583837e-03
2.61342 1.590848947300761663e-03
2.62173 1.580465624603114103e-03
2.63004 1.570182256347226477e-03
2.63835 1.559997581220160358e-03
2.64666 1.549910357469174750e-03
2.65497 1.539919362548542022e-03
2.66328 1.530023392770154655e-03
2.67159 1.520221262957251445e-03
2.6799 1.510511806111802932e-03
2.68821 1.500893873089122156e-03
2.69652 1.491366332269547425e-03
2.70483 1.481928069251709813e-03
2.71314 1.472577986539545889e-03
2.72145 1.463315003234905154e-03
2.72976 1.454138054755304242e-03
2.73807 1.445046092534516035e-03
2.74638 1.436038083737300889e-03
2.75469 1.427113010994113208e-03
2.763 1.418269872112391848e-03
2.77131 1.409507679819168788e-03
2.77962 1.400825461501443905e-03
2.78793 1.392222258943505127e-03
2.79624 1.383697128081770806e-03
2.80455 1.375249138754134964e-03
2.81286 1.366877374462873102e-03
2.82117 1.358580932138223020e-03
2.82948 1.350358921905786590e-03
2.83779 1.342210466860362583e-03
2.8461 1.334134702841461304e-03
2.85441 1.326130778219791794e-03
2.86272 1.318197853681549615e-03
2.87103 1.310335102018538294e-03
2.87934 1.302541707923584278e-03
2.88765 1.294816867790741892e-03
2.89596 1.287159789518138326e-03
2.90427 1.279569692310134500e-03
2.91258 1.272045806495077612e-03
2.92089 1.264587373335310325e-03
2.9292 1.257193644843828274e-03
2.93751 1.249863883607749398e-03
2.94582 1.242597362616248893e-03
2.95413 1.235393365083119546e-03
2.96244 1.228251184278116503e-03
2.97075 1.221170123369951128e-03
2.97906 1.214149495257920916e-03
2.98737 1.207188622409453285e-03
2.99568 1.200286836712839700e-03
3.00399 1.193443479319825562e-03
3.0123 1.186657900497211336e-03
3.0206 1.179929459475149035e-03
3.02891 1.173257524311657708e-03
3.03722 1.166641471745182143e-03
3.04553 1.160080687052994974e-03
3.05384 1.153574563921721695e-03
3.06215 1.147122504312286144e-03
3.07046 1.140723918324609886e-03
3.07877 1.134378224076599412e-03
3.08708 1.128084847568589216e-03
3.09539 1.121843222561684983e-03
3.1037 1.115652790466011620e-03
3.11201 1.109513000213020696e-03
3.12032 1.103423308134531206e-03
3.12863 1.097383177858534276e-03
3.13694 1.091392080191688199e-03
3.14525 1.085449493003539951e-03
3.15356 1.079554901126877041e-03
3.16187 1.073707796246780883e-03
3.17018 1.067907676795728502e-03
3.17849 1.062154047854545029e-03
3.1868 1.056446421044134401e-03
3.19511 1.050784314437678071e-03
3.20342 1.045167252456798363e-03
3.21173 1.039594765771439987e-03
3.22004 1.034066391221826137e-03
3.22835 1.028581671710774009e-03
3.23666 1.023140156121678593e-03
3.24497 1.017741399230493457e-03
3.25328 1.012384961616313991e-03
3.26159 1.007070409577031679e-03
3.2699 1.001797315044407896e-03
3.27821 9.965652555075181756e-04
3.28652 9.913738139257245990e-04
3.29483 9.862225786523100193e-04
3.30314 9.811111433557029651e-04
3.31145 9.760391069473991219e-04
3.31976 9.710060735023659300e-04
3.32807 9.660116521833509622e-04
3.33638 9.610554571778654907e-04
3.34469 9.561371076217505113e-04
3.353 9.512562275268305343e-04
3.36131 9.464124457163659333e-04
3.36962 9.416053957612469973e-04
3.37793 9.368347159044839107e-04
3.38624 9.321000490059018180e-04
3.39455 9.274010424782451033e-04
3.40286 9.227373482133938544e-04
3.41117 9.181086225361879093e-04
3.41948 9.135145261384747294e-04
3.42779 9.089547240148170785e-04
3.4361 9.044288854131555351e-04
3.44441 8.999366837726151865e-04
3.45272 8.954777966667706304e-04
3.46103 8.910519057547756699e-04
3.46934 8.866586967229269853e-04
3.47765 8.822978592320494286e-04
3.48596 8.779690868656988070e-04
3.49427 8.736720770816967449e-04
3.50258 8.694065311578355734e-04
3.51089 8.651721541449874540e-04
3.5192 8.609686548221441409e-04
3.52751 8.567957456431712698e-04
3.53581 8.526531426923425168e-04
3.54412 8.485405656400266290e-04
3.55243 8.444577376992691391e-04
3.56074 8.404043855725267052e-04
3.56905 8.363802394242786462e-04
3.57736 8.323850328236817543e-04
3.58567 8.284185027077081796e-04
3.59398 8.244803893478669290e-04
3.60229 8.205704362973228810e-04
3.6106 8.166883903581276423e-04
3.61891 8.128340015429398385e-04
3.62722 8.090070230363459848e-04
3.63553 8.052072111565036902e-04
3.64384 8.014343253166419630e-04
3.65215 7.976881279936064465e-04
3.66046 7.939683846903266163e-04
3.66877 7.902748638974605019e-04
3.67708 7.866073370656548325e-04
3.68539 7.829655785696941570e-04
3.6937 7.793493656713539096e-04
3.70201 7.757584784922729121e-04
3.71032 7.721926999819626880e-04
3.71863 7.686518158846811829e-04
3.72694 7.651356147072151549e-04
3.73525 7.616438876930809333e-04
3.74356 7.581764287939199128e-04
3.75187 7.547330346326963950e-04
3.76018 7.513135044818841993e-04
3.76849 7.479176402364072539e-04
3.7768 7.445452463836601045e-04
3.78511 7.411961299728644578e-04
3.79342 7.378701005981535676e-04
3.80173 7.345669703644354788e-04
3.81004 7.312865538654797840e-04
3.81835 7.280286681571375039e-04
3.82666 7.247931327357573332e-04
3.83497 7.215797695132433525e-04
3.84328 7.183884027892855750e-04
3.85159 7.152188592360386515e-04
3.8599 7.120709678669105095e-04
3.86821 7.089445600188232872e-04
3.87652 7.058394693325542547e-04
3.88483 7.027555317263051333e-04
3.89314 6.996925853755416817e-04
3.90145 6.966504706950647861e-04
3.90976 6.936290303175972512e-04
3.91807 6.906281090718092985e-04
3.92638 6.876475539638071156e-04
3.93469 6.846872141583969749e-04
3.943 6.817469409623201073e-04
3.95131 6.788265877979344533e-04
3.95962 6.759260101989364011e-04
3.96793 6.730450657776729587e-04
3.97624 6.701836142127216758e-04
3.98455 6.673415172368938383e-04
3.99286 6.645186386163662870e-04
4.00117 6.617148441335346520e-04
4.00948 6.589300015694550235e-04
4.01779 6.561639806912432458e-04
4.0261 6.534166532357220045e-04
4.03441 6.506878928911336967e-04
4.04271 6.479775752875504462e-04
4.05102 6.452855779758025255e-04
4.05933 6.426117804156704187e-04
4.06764 6.399560639639402743e-04
4.07595 6.373183118582371499e-04
4.08426 6.346984092023136900e-04
4.09257 6.320962429496233782e-04
4.10088 6.295117018995406840e-04
4.10919 6.269446766802868297e-04
4.1175 6.243950597285810502e-04
4.12581 6.218627452858843749e-04
4.13412 6.193476293845769174e-04
4.14243 6.168496098322749990e-04
4.15074 6.143685862056244172e-04
4.15905 6.119044598331425120e-04
4.16736 6.094571337855505524e-04
4.17567 6.070265128671870720e-04
4.18398 6.046125036008968010e-04
4.19229 6.022150142241403320e-04
4.2006 5.998339546655742692e-04
4.20891 5.974692365481233149e-04
4.21722 5.951207731719968929e-04
4.22553 5.927884795056883194e-04
4.23384 5.904722721766493630e-04
4.24215 5.881720694592436740e-04
4.25046 5.858877912698031484e-04
4.25877 5.836193591529262141e-04
4.26708 5.813666962777462241e-04
4.27539 5.791297274178873770e-04
4.2837 5.769083789549203948e-04
4.29201 5.747025788666424058e-04
4.30032 5.725122567119418074e-04
4.30863 5.703373436279766300e-04
4.31694 5.681777723232629652e-04
4.32525 5.660334770636560146e-04
4.33356 5.639043936721209981e-04
4.34187 5.617904595136011606e-04
4.35018 5.596916134901769183e-04
4.35849 5.576077960387659403e-04
4.3668 5.555389491099308992e-04
4.37511 5.534850161763548966e-04
4.38342 5.514459422152547278e-04
4.39173 5.494216737041555292e-04
4.40004 5.474121586194680882e-04
4.40835 5.454173464174668414e-04
4.41666 5.434371880380091217e-04
4.42497 5.414716358938232409e-04
4.43328 5.395206438649096693e-04
4.44159 5.375841672910335869e-04
4.4499 5.356621629670391778e-04
4.45821 5.337545891356288439e-04
4.46652 5.318614054804675709e-04
4.47483 5.299825731186673470e-04
4.48314 5.281180546034325079e-04
4.49145 5.262678139056851121e-04
4.49976 5.244318164160758104e-04
4.50807 5.226100289395144800e-04
4.51638 5.208024196851383184e-04
4.52469 5.190089582644973228e-04
4.533 5.172296156836312655e-04
4.54131 5.154643643408667042e-04
4.54962 5.137131780176625202e-04
4.55792 5.119760318736769076e-04
4.56623 5.102529024489113824e-04
4.57454 5.085437676453154502e-04
4.58285 5.068486067330518850e-04
4.59116 5.051674003409700612e-04
4.59947 5.035001304515303701e-04
4.60778 5.018467803988996018e-04
4.61609 5.002073348579812043e-04
4.6244 4.985817798445144880e-04
4.63271 4.969701027133221214e-04
4.64102 4.953722921444228024e-04
4.64933 4.937883381441675020e-04
4.65764 4.922182320436643355e-04
4.66595 4.906619664868992845e-04
4.67426 4.891195354322681746e-04
4.68257 4.875909341440943655e-04
4.69088 4.860761591895365521e-04
4.69919 4.845752084390725356e-04
4.7075 4.830880810520846473e-04
4.71581 4.816147774798423343e-04
4.72412 4.801552994622155092e-04
4.73243 4.787096500160662686e-04
4.74074 4.772778334407993032e-04
4.74905 4.758598553086220762e-04
4.75736 4.744557224559806021e-04
4.76567 4.730654429872951732e-04
4.77398 4.716890262698308369e-04
4.78229 4.703264829274811224e-04
4.7906 4.689778248348378887e-04
4.79891 4.676430651155577566e-04
4.80722 4.663222181393165315e-04
4.81553 4.650152995181820043e-04
4.82384 4.637223260987050760e-04
4.83215 4.624433159612031550e-04
4.84046 4.611782884157882901e-04
4.84877 4.599272639967906854e-04
4.85708 4.586902644605910548e-04
4.86539 4.574673127779148719e-04
4.8737 4.562584331399516615e-04
4.88201 4.550636509432630676e-04
4.89032 4.538829927885731008e-04
4.89863 4.527164864835985024e-04
4.90694 4.515641610287918651e-04
4.91525 4.504260466211604101e-04
4.92356 4.493021746507733379e-04
4.93187 4.481925776926700485e-04
4.94018 4.470972895026224282e-04
4.94849 4.460163450189374447e-04
4.9568 4.449497803568327396e-04
4.96511 4.438976327973176471e-04
4.97342 4.428599407916744188e-04
4.98173 4.418367439590349774e-04
4.99004 4.408280830734949570e-04
4.99835 4.398340000701692434e-04
5.00666 4.388545380332974631e-04
5.01497 4.378897411975017119e-04
5.02328 4.369396549425627065e-04
5.03159 4.360043257879612057e-04
5.0399 4.350838013949701955e-04
5.04821 4.341781305552871377e-04
5.05652 4.332873631899399557e-04
5.06482 4.324115503481235773e-04
5.07313 4.315507441997309197e-04
5.08144 4.307049980351130105e-04
5.08975 4.298743662583196369e-04
5.09806 4.290589043834706299e-04
5.10637 4.282586690308725231e-04
5.11468 4.274737179276084671e-04
5.12299 4.267041098967350762e-04
5.1313 4.259499048573909034e-04
5.13961 4.252111638215433993e-04
5.14792 4.244879488846552877e-04
5.15623 4.237803232336316583e-04
5.16454 4.230883511297617262e-04
5.17285 4.224120979069014383e-04
5.18116 4.217516299776583586e-04
5.18947 4.211070148208054362e-04
5.19778 4.204783209773090306e-04
5.20609 4.198656180493119303e-04
5.2144 4.192689766938336501e-04
5.22271 4.186884686217146349e-04
5.23102 4.181241665924410921e-04
5.23933 4.175761444062881032e-04
5.24764 4.170444769052785469e-04
5.25595 4.165292399695747112e-04
5.26426 4.160305105065082278e-04
5.27257 4.155483664555097221e-04
5.28088 4.150828867784768701e-04
5.28919 4.146341514553245609e-04
5.2975 4.142022414817432552e-04
5.30581 4.137872388653888816e-04
5.31412 4.133892266227259110e-04
5.32243 4.130082887704068111e-04
5.33074 4.126445103239087704e-04
5.33905 4.122979772937408337e-04
5.34736 4.119687766853201948e-04
5.35567 4.116569964815576326e-04
5.36398 4.113627256514473742e-04
5.37229 4.110860541443059151e-04
5.3806 4.108270728774378647e-04
5.38891 4.105858737411796546e-04
5.39722 4.103625495895817966e-04
5.40553 4.101571942343622333e-04
5.41384 4.099699024437480845e-04
5.42215 4.098007699414823015e-04
5.43046 4.096498933946834215e-04
5.43877 4.095173704125071746e-04
5.44708 4.094032995470543940e-04
5.45539 4.093077802784315239e-04
5.4637 4.092309130200792017e-04
5.47201 4.091727991103310397e-04
5.48032 4.091335408030328364e-04
5.48863 4.091132412728217742e-04
5.49694 4.091120046061461350e-04
5.50525 4.091299357952382209e-04
5.51356 4.091671407307113126e-04
5.52187 4.092237262041513468e-04
5.53018 4.092997999021221996e-04
5.53849 4.093954703969963720e-04
5.5468 4.095108471433098478e-04
5.55511 4.096460404793235617e-04
5.56342 4.098011616155320487e-04
5.57173 4.099763226298834139e-04
5.58003 4.101716364697655906e-04
5.58834 4.103872169386791106e-04
5.59665 4.106231787004342671e-04
5.60496 4.108796372669062990e-04
5.61327 4.111567089957478857e-04
5.62158 4.114545110880870617e-04
5.62989 4.117731615788082652e-04
5.6382 4.121127793368555892e-04
5.64651 4.124734840590861692e-04
5.65482 4.128553962634045802e-04
5.66313 4.132586372827366252e-04
5.67144 4.136833292634684088e-04
5.67975 4.141295951655851694e-04
5.68806 4.145975587429083335e-04
5.69637 4.150873445506443821e-04
5.70468 4.155990779385244525e-04
5.71299 4.161328850432538464e-04
5.7213 4.166888927840621927e-04
5.72961 4.172672288560234075e-04
5.73792 4.178680217316946819e-04
5.74623 4.184914006484667160e-04
5.75454 4.191374956078301479e-04
5.76285 4.198064373695889495e-04
5.77116 4.204983574470514481e-04
5.77947 4.212133880985607557e-04
5.78778 4.219516623283407178e-04
5.79609 4.227133138801134862e-04
5.8044 4.234984772261988421e-04
5.81271 4.243072875660744837e-04
5.82102 4.251398808269224645e-04
5.82933 4.259963936497654998e-04
5.83764 4.268769633897481547e-04
5.84595 4.277817281098660355e-04
5.85426 4.287108265706138818e-04
5.86257 4.296643982337800026e-04
5.87088 4.306425832525203517e-04
5.87919 4.316455224672738496e-04
5.8875 4.326733573972538368e-04
5.89581 4.337262302377248280e-04
5.90412 4.348042838615370385e-04
5.91243 4.359076618001058996e-04
5.92074 4.370365082468634539e-04
5.92905 4.381909680555210298e-04
5.93736 4.393711867248350079e-04
5.94567 4.405773104000059847e-04
5.95398 4.418094858651358146e-04
5.96229 4.430678605421990279e-04
5.9706 4.443525824801207403e-04
5.97891 4.456638003535008728e-04
5.98722 4.470016634527096389e-04
5.99553 4.483663216816702432e-04
6.00384 4.497579255559858136e-04
6.01215 4.511766261925204352e-04
6.02046 4.526225753040586416e-04
6.02877 4.540959251986043154e-04
6.03708 4.555968287695112500e-04
6.04539 4.571254394914842870e-04
6.0537 4.586819114176260577e-04
6.06201 4.602663991684339032e-04
6.07032 4.618790579346841231e-04
6.07863 4.635200434641961438e-04
6.08693 4.651895120617800436e-04
6.09524 4.668876205821730291e-04
6.10355 4.686145264237239036e-04
6.11186 4.703703875244637559e-04
6.12017 4.721553623542540596e-04
6.12848 4.739696099155822607e-04
6.13679 4.758132897318534242e-04
6.1451 4.776865618420575855e-04
6.15341 4.795895868020160955e-04
6.16172 4.815225256712692787e-04
6.17003 4.834855400134470686e-04
6.17834 4.854787918881953331e-04
6.18665 4.875024438425593944e-04
6.19496 4.895566589156722824e-04
6.20327 4.916416006253704210e-04
6.21158 4.937574329594781068e-04
6.21989 4.959043203809318815e-04
6.2282 4.980824278181537933e-04
6.23651 5.002919206520601604e-04
6.24482 5.025329647228858653e-04
6.25313 5.048057263198232848e-04
6.26144 5.071103721707983722e-04
6.26975 5.094470694449558653e-04
6.27806 5.118159857441119788e-04
6.28637 5.142172890946345972e-04
6.29468 5.166511479441031731e-04
6.30299 5.191177311614185571e-04
6.3113 5.216172080238685744e-04
6.31961 5.241497482136518553e-04
6.32792 5.267155218132022138e-04
6.33623 5.293146993039469107e-04
6.34454 5.319474515540239439e-04
6.35285 5.346139498165692261e-04
6.36116 5.373143657240493512e-04
6.36947 5.400488712860062376e-04
6.37778 5.428176388783217910e-04
6.38609 5.456208412398943922e-04
6.3944 5.484586514657269988e-04
6.40271 5.513312430115497502e-04
6.41102 5.542387896746178797e-04
6.41933 5.571814655954672544e-04
6.42764 5.601594452542446763e-04
6.43595 5.631729034614136676e-04
6.44426 5.662220153551297255e-04
6.45257 5.693069563941896474e-04
6.46088 5.724279023558067475e-04
6.46919 5.755850293260285702e-04
6.4775 5.787785136988213893e-04
6.48581 5.820085321686930798e-04
6.49412 5.852752617248816857e-04
6.50243 5.885788796470758574e-04
6.51074 5.919195635029348476e-04
6.51905 5.952974911395313368e-04
6.52736 5.987128406763586553e-04
6.53567 6.021657905039245725e-04
6.54398 6.056565192791822519e-04
6.55229 6.091852059207273446e-04
6.5606 6.127520295945911456e-04
6.56891 6.163571697231271483e-04
6.57722 6.200008059709165254e-04
6.58553 6.236831182425505013e-04
6.59384 6.274042866756029870e-04
6.60214 6.311644916390827739e-04
6.61045 6.349639137225719957e-04
6.61876 6.388027337387652219e-04
6.62707 6.426811327130273980e-04
6.63538 6.465992918806688118e-04
6.64369 6.505573926814543686e-04
6.652 6.545556167519531350e-04
6.66031 6.585941459249510270e-04
6.66862 6.626731622241430978e-04
6.67693 6.667928478544647318e-04
6.68524 6.709533852030561503e-04
6.69355 6.751549568291812832e-04
6.70186 6.793977454636339515e-04
6.71017 6.836819340026616728e-04
6.71848 6.880077055011500414e-04
6.72679 6.923752431661730263e-04
6.7351 6.967847303604330364e-04
6.74341 7.012363505931498275e-04
6.75172 7.057302875051194371e-04
6.76003 7.102667248801956693e-04
6.76834 7.148458466312605179e-04
6.77665 7.194678367993002097e-04
6.78496 7.241328795449785685e-04
6.79327 7.288411591435383372e-04
6.80158 7.335928599853809009e-04
6.80989 7.383881665686380926e-04
6.8182 7.432272634913223526e-04
6.82651 7.481103354502069641e-04
6.83482 7.530375672376052147e-04
6.84313 7.580091437294910091e-04
6.85144 7.630252498890415002e-04
6.85975 7.680860707622582132e-04
6.86806 7.731917914621228407e-04
6.87637 7.783425971754433280e-04
6.88468 7.835386731547446925e-04
6.89299 7.887802047149535326e-04
6.9013 7.940673772254608007e-04
6.90961 7.994003761056573841e-04
6.91792 8.047793868241469740e-04
6.92623 8.102045948961618697e-04
6.93454 8.156761858697192348e-04
6.94285 8.211943453265730265e-04
6.95116 8.267592588836643330e-04
6.95947 8.323711121787410582e-04
6.96778 8.380300908699157836e-04
6.97609 8.437363806311715337e-04
6.9844 8.494901671514717544e-04
6.99271 8.552916361268145208e-04
7.00102 8.611409732526488676e-04
7.00933 8.670383642269541410e-04
7.01764 8.729839947399907095e-04
7.02595 8.789780504736951963e-04
7.03426 8.850207170951011068e-04
7.04257 8.911121802540818452e-04
7.05088 8.972526255769031804e-04
7.05919 9.034422386633420878e-04
7.0675 9.096812050801315538e-04
7.07581 9.159697103646155308e-04
7.08412 9.223079400086680495e-04
7.09243 9.286960794637063536e-04
7.10074 9.351343141331425754e-04
7.10904 9.416228293693445009e-04
7.11735 9.481618104677130062e-04
7.12566 9.547514426642491085e-04
7.13397 9.613919111304920426e-04
7.14228 9.680834009716712384e-04
7.15059 9.748260972203044326e-04
7.1589 9.816201848303637931e-04
7.16721 9.884658486809063706e-04
7.17552 9.953632735623838771e-04
7.18383 1.002312644181336089e-03
7.19214 1.009314145148069650e-03
7.20045 1.016367960981898666e-03
7.20876 1.023474276098969337e-03
7.21707 1.030633274815667385e-03
7.22538 1.037845141335898844e-03
7.23369 1.045110059755537894e-03
7.242 1.052428214058347003e-03
7.25031 1.059799788104200981e-03
7.25862 1.067224965634119621e-03
7.26693 1.074703930259102158e-03
7.27524 1.082236865464279978e-03
7.28355 1.089823954600454853e-03
7.29186 1.097465380877143135e-03
7.30017 1.105161327368240493e-03
7.30848 1.112911976998881818e-03
7.31679 1.120717512547944866e-03
7.3251 1.128578116642008208e-03
7.33341 1.136493971750084618e-03
7.34172 1.144465260185537287e-03
7.35003 1.152492164096314197e-03
7.35834 1.160574865465360556e-03
7.36665 1.168713546105564459e-03
7.37496 1.176908387655239453e-03
7.38327 1.185159571577062889e-03
7.39158 1.193467279156139316e-03
7.39989 1.201831691490199078e-03
7.4082 1.210252989489387114e-03
7.41651 1.218731353874939792e-03
7.42482 1.227266965175868993e-03
7.43313 1.235860003721229138e-03
7.44144 1.244510649641636596e-03
7.44975 1.253219082861655766e-03
7.45806 1.261985483099175003e-03
7.46637 1.270810029863024852e-03
7.47468 1.279692902447103616e-03
7.48299 1.288634279927010481e-03
7.4913 1.297634341158935287e-03
7.49961 1.306693264779445161e-03
7.50792 1.315811229193018794e-03
7.51623 1.324988412574178631e-03
7.52454 1.334224992869381720e-03
7.53285 1.343521147785627567e-03
7.54116 1.352877054788552110e-03
7.54947 1.362292891105979994e-03
7.55778 1.371768833718894692e-03
7.56609 1.381305059357933055e-03
7.5744 1.390901744504019792e-03
7.58271 1.400559065381705914e-03
7.59102 1.410277197960098762e-03
7.59933 1.420056317946737350e-03
7.60764 1.429896600786460456e-03
7.61595 1.439798221655192844e-03
7.62425 1.449761355462740988e-03
7.63256 1.459786176845177417e-03
7.64087 1.469872860161987533e-03
7.64918 1.480021579497692655e-03
7.65749 1.490232508654619481e-03
7.6658 1.500505821147032817e-03
7.67411 1.510841690211710232e-03
7.68242 1.521240288790560785e-03
7.69073 1.531701789531227185e-03
7.69904 1.542226364791439300e-03
7.70735 1.552814186629389694e-03
7.71566 1.563465426800269599e-03
7.72397 1.574180256763194367e-03
7.73228 1.584958847663076043e-03
7.74059 1.595801370342811746e-03
7.7489 1.606707995332924774e-03
7.75721 1.617678892849959546e-03
7.76552 1.628714232792657620e-03
7.77383 1.639814184743099146e-03
7.78214 1.650978917960701804e-03
7.79045 1.662208601383632000e-03
7.79876 1.673503403620670970e-03
7.80707 1.684863492953114295e-03
7.81538 1.696289037328379233e-03
7.82369 1.707780204362978685e-03
7.832 1.719337161339430566e-03
7.84031 1.730960075195180081e-03
7.84862 1.742649112530322711e-03
7.85693 1.754404439600432434e-03
7.86524 1.766226222315879979e-03
7.87355 1.778114626237790484e-03
7.88186 1.790069816576042713e-03
7.89017 1.802091958189894205e-03
7.89848 1.814181215580681775e-03
7.90679 1.826337752891548077e-03
7.9151 1.838561733910726087e-03
7.92341 1.850853322060829788e-03
7.93172 1.863212680397127253e-03
7.94003 1.875639971611323207e-03
7.94834 1.888135358029259005e-03
7.95665 1.900699001599670101e-03
7.96496 1.913331063901010454e-03
7.97327 1.926031706138876679e-03
7.98158 1.938801089137466918e-03
7.98989 1.951639373343544469e-03
7.9982 1.964546718819737848e-03
8.00651 1.977523285246998459e-03
8.01482 1.990569231921463129e-03
8.02313 2.003684717748868086e-03
8.03144 2.016869901245946055e-03
8.03975 2.030124940535890828e-03
8.04806 2.043449993349608865e-03
8.05637 2.056845217026019405e-03
8.06468 2.070310768497553907e-03
8.07299 2.083846804300855393e-03
8.0813 2.097453480574123456e-03
8.08961 2.111130953047147835e-03
8.09792 2.124879377044467787e-03
8.10623 2.138698907487378720e-03
8.11454 2.152589698880922209e-03
8.12285 2.166551905325198122e-03
8.13115 2.180585680503379850e-03
8.13946 2.194691177686489136e-03
8.14777 2.208868549724911975e-03
8.15608 2.223117949053581097e-03
8.16439 2.237439527688410684e-03
8.1727 2.251833437219262490e-03
8.18101 2.266299828816303180e-03
8.18932 2.280838853220827200e-03
8.19763 2.295450660749803057e-03
8.20594 2.310135401287175417e-03
8.21425 2.324893224290287049e-03
8.22256 2.339724278784557996e-03
8.23087 2.354628713359320068e-03
8.23918 2.369606676166278580e-03
8.24749 2.384658314926711015e-03
8.2558 2.399783776917208036e-03
8.26411 2.414983208973692404e-03
8.27242 2.430256757497203414e-03
8.28073 2.445604568437645572e-03
8.28904 2.461026787303644426e-03
8.29735 2.476523559157567042e-03
8.30566 2.492095028610638325e-03
8.31397 2.507741339828828235e-03
8.32228 2.523462636524077558e-03
8.33059 2.539259061955239857e-03
8.3389 2.555130758933293455e-03
8.34721 2.571077869806299640e-03
8.35552 2.587100536469314448e-03
8.36383 2.603198900356543805e-03
8.37214 2.619373102447349576e-03
8.38045 2.635623283257423725e-03
8.38876 2.651949582837109971e-03
8.39707 2.668352140780250875e-03
8.40538 2.684831096210238063e-03
8.41369 2.701386587782622119e-03
8.422 2.718018753692249666e-03
8.43031 2.734727731657729793e-03
8.43862 2.751513658931413909e-03
8.44693 2.768376672297511408e-03
8.45524 2.785316908057109027e-03
8.46355 2.802334502046480852e-03
8.47186 2.819429589624220141e-03
8.48017 2.836602305671601879e-03
8.48848 2.853852784592249715e-03
8.49679 2.871181160312860636e-03
8.5051 2.888587566280180919e-03
8.51341 2.906072135453923681e-03
8.52172 2.923635000318513828e-03
8.53003 2.941276292873643353e-03
8.53834 2.958996144632411278e-03
8.54665 2.976794686622551405e-03
8.55496 2.994672049385614394e-03
8.56327 3.012628362977542388e-03
8.57158 3.030663756961833339e-03
8.57989 3.048778360410538905e-03
8.5882 3.066972301913278940e-03
8.59651 3.085245709560777670e-03
8.60482 3.103598710949622471e-03
8.61313 3.122031433184630032e-03
8.62144 3.140544002875580304e-03
8.62975 3.159136546137957663e-03
8.63806 3.177809188588407666e-03
8.64636 3.196562055346546805e-03
8.65467 3.215395271029823383e-03
8.66298 3.234308959759988038e-03
8.67129 3.253303245156346970e-03
8.6796 3.272378250336335694e-03
8.68791 3.291534097916411997e-03
8.69622 3.310770910005782740e-03
8.70453 3.330088808212261584e-03
8.71284 3.349487913640929789e-03
8.72115 3.368968346885667289e-03
8.72946 3.388530228035719922e-03
8.73777 3.408173676674106090e-03
8.74608 3.427898811872828917e-03
8.75439 3.447705752194280947e-03
8.7627 3.467594615695545387e-03
8.77101 3.487565519917564926e-03
8.77932 3.507618581890472546e-03
8.78763 3.527753918134723856e-03
8.79594 3.547971644653281301e-03
8.80425 3.568271876941113072e-03
8.81256 3.588654729972971108e-03
8.82087 3.609120318209734554e-03
8.82918 3.629668755598666492e-03
8.83749 3.650300155568634783e-03
8.8458 3.671014631029173147e-03
8.85411 3.691812294373048118e-03
8.86242 3.712693257477223552e-03
8.87073 3.733657631695051337e-03
8.87904 3.754705527860460745e-03
8.88735 3.775837056288363497e-03
8.89566 3.797052326770699888e-03
8.90397 3.818351448581577910e-03
8.91228 3.839734530463714650e-03
8.92059 3.861201680647302278e-03
8.9289 3.882753006829672317e-03
8.93721 3.904388616191052999e-03
8.94552 3.926108615382065820e-03
8.95383 3.947913110526814207e-03
8.96214 3.969802207232061078e-03
8.97045 3.991776010566268178e-03
8.97876 4.013834625082366922e-03
8.98707 4.035978154795659759e-03
8.99538 4.058206703197978112e-03
9.00369 4.080520373252832095e-03
9.012 4.102919267396069707e-03
9.02031 4.125403487533541892e-03
9.02862 4.147973135034530544e-03
9.03693 4.170628310746466762e-03
9.04524 4.193369114983810410e-03
9.05355 4.216195647527934756e-03
9.06186 4.239108007629117068e-03
9.07017 4.262106294005828244e-03
9.07848 4.285190604841638932e-03
9.08679 4.308361037790256302e-03
9.0951 4.331617689973049461e-03
9.10341 4.354960657975125507e-03
9.11172 4.378390037844739728e-03
9.12003 4.401905925100730622e-03
9.12834 4.425508414728048651e-03
9.13665 4.449197601169486808e-03
9.14496 4.472973578336117591e-03
9.15326 4.496836439609394609e-03
9.16157 4.520786277822332576e-03
9.16988 4.544823185279977910e-03
9.17819 4.568947253748298701e-03
9.1865 4.593158574455504829e-03
9.19481 4.617457238095985794e-03
9.20312 4.641843334818474692e-03
9.21143 4.666316954240855817e-03
9.21974 4.690878185443596131e-03
9.22805 4.715527116961524406e-03
9.23636 4.740263836796858136e-03
9.24467 4.765088432411284519e-03
9.25298 4.790000990723912618e-03
9.26129 4.815001598119913150e-03
9.2696 4.840090340444135573e-03
9.27791 4.865267302996236116e-03
9.28622 4.890532570539052153e-03
9.29453 4.915886227295172654e-03
9.30284 4.941328356948692865e-03
9.31115 4.966859042640710958e-03
9.31946 4.992478366972828707e-03
9.32777 5.018186412001263835e-03
9.33608 5.043983259244376113e-03
9.34439 5.069868989681609178e-03
9.3527 5.095843683750506808e-03
9.36101 5.121907421343472461e-03
9.36932 5.148060281808816176e-03
9.37763 5.174302343961325115e-03
9.38594 5.200633686071176945e-03
9.39425 5.227054385860515490e-03
9.40256 5.253564520515735178e-03
9.41087 5.280164166679006052e-03
9.41918 5.306853400447140122e-03
9.42749 5.333632297381588581e-03
9.4358 5.360500932494511109e-03
9.44411 5.387459380258522411e-03
9.45242 5.414507714604464839e-03
9.46073 5.441646008915919722e-03
9.46904 5.468874336038374515e-03
9.47735 5.496192768275925955e-03
9.48566 5.523601377381198718e-03
9.49397 5.551100234573571289e-03
9.50228 5.578689410528242867e-03
9.51059 5.606368975366799075e-03
9.5189 5.634138998681674157e-03
9.52721 5.661999549519290340e-03
9.53552 5.689950696375351523e-03
9.54383 5.717992507208872859e-03
9.55214 5.746125049438512676e-03
9.56045 5.774348389934890260e-03
9.56876 5.802662595025408383e-03
9.57707 5.831067730500378611e-03
9.58538 5.859563861601889585e-03
9.59369 5.888151053029724163e-03
9.602 5.916829368947476055e-03
9.61031 5.945598872969103978e-03
9.61862 5.974459628165924331e-03
9.62693 6.003411697071680056e-03
9.63524 6.032455141674259932e-03
9.64355 6.061590023419744823e-03
9.65186 6.090816403215084350e-03
9.66017 6.120134341419651396e-03
9.66847 6.149543897852482836e-03
9.67678 6.179045131797612084e-03
9.68509 6.208638101986964711e-03
9.6934 6.238322866614217158e-03
9.70171 6.268099483336453392e-03
9.71002 6.297968009265304812e-03
9.71833 6.327928500968955580e-03
9.72664 6.357981014476732709e-03
9.73495 6.388125605279742700e-03
9.74326 6.418362328323729687e-03
9.75157 6.448691238016024743e-03
9.75988 6.479112388222591640e-03
9.76819 6.509625832267702458e-03
9.7765 6.540231622941635424e-03
9.78481 6.570929812487162278e-03
9.79312 6.601720452608054492e-03
9.80143 6.632603594471376575e-03
9.80974 6.663579288708956251e-03
9.81805 6.694647585403012274e-03
9.82636 6.725808534100540491e-03
9.83467 6.757062183815350405e-03
9.84298 6.788408583014767655e-03
9.85129 6.819847779632965366e-03
9.8596 6.851379821064097243e-03
9.86791 6.883004754162862227e-03
9.87622 6.914722625247106576e-03
9.88453 6.946533480096367570e-03
9.89284 6.978437363961289587e-03
9.90115 7.010434321542470884e-03
9.90946 7.042524397005762993e-03
9.91777 7.074707633991644297e-03
9.92608 7.106984075591417024e-03
9.93439 7.139353764368716951e-03
9.9427 7.171816742347823098e-03
9.95101 7.204373051015067198e-03
9.95932 7.237022731328230686e-03
9.96763 7.269765823708172064e-03
9.97594 7.302602368033562878e-03
9.98425 7.335532403655729144e-03
9.99256 7.368555969395314612e-03
10.0009 7.401673103532815240e-03
10.0092 7.434883843814489406e-03
10.0175 7.468188227457005224e-03
10.0258 7.501586291142466230e-03
10.0341 7.535078071025512469e-03
10.0424 7.568663602721504430e-03
10.0507 7.602342921313916431e-03
10.059 7.636116061360918167e-03
10.0673 7.669983056884620287e-03
10.0757 7.703943941374774562e-03
10.084 7.737998747797309590e-03
10.0923 7.772147508582914581e-03
10.1006 7.806390255635843947e-03
10.1089 7.840727020324740615e-03
10.1172 7.875157833490468301e-03
10.1255 7.909682725452915966e-03
10.1338 7.944301725997530289e-03
10.1421 7.979014864378328881e-03
10.1504 8.013822169329038944e-03
10.1588 8.048723669051649834e-03
10.1671 8.083719391223711040e-03
10.1754 8.118809362988402625e-03
10.1837 8.153993610975676307e-03
10.192 8.189272161282777976e-03
10.2003 8.224645039479177785e-03
10.2086 8.260112270611465538e-03
10.2169 8.295673879205378576e-03
10.2252 8.331329889258828197e-03
10.2335 8.367080324243504272e-03
10.2419 8.402925207114955719e-03
10.2502 8.438864560298584352e-03
10.2585 8.474898405701635287e-03
10.2668 8.511026764708645026e-03
10.2751 8.547249658179304280e-03
10.2834 8.583567106458959983e-03
10.2917 8.619979129363837186e-03
10.3 8.656485746195284603e-03
10.3083 8.693086975736232305e-03
10.3166 8.729782836243503430e-03
10.325 8.766573345458309255e-03
10.3333 8.803458520605975113e-03
10.3416 8.840438378391548072e-03
10.3499 8.877512935002371264e-03
10.3582 8.914682206107410814e-03
10.3665 8.951946206860293340e-03
10.3748 8.989304951899543608e-03
10.3831 9.026758455345191418e-03
10.3914 9.064306730803642700e-03
10.3997 9.101949791367948406e-03
10.4081 9.139687649612598594e-03
10.4164 9.177520317601153485e-03
10.4247 9.215447806886500198e-03
10.433 9.253470128503428135e-03
10.4413 9.291587292975321544e-03
10.4496 9.329799310318088665e-03
10.4579 9.368106190030507999e-03
10.4662 9.406507941103607953e-03
10.4745 9.445004572017847919e-03
10.4828 9.483596090742974286e-03
10.4911 9.522282504741970410e-03
10.4995 9.561063820966012039e-03
10.5078 9.599940045858413804e-03
10.5161 9.638911185355423725e-03
10.5244 9.677977244886584035e-03
10.5327 9.717138229372855943e-03
10.541 9.756394143229684887e-03
10.5493 9.795744990370027633e-03
10.5576 9.835190774200253117e-03
10.5659 9.874731497614379697e-03
10.5742 9.914367163013936002e-03
10.5826 9.954097772290627574e-03
10.5909 9.993923326836910009e-03
10.5992 1.003384382753668910e-02
10.6075 1.007385927477850301e-02
10.6158 1.011396966844668385e-02
10.6241 1.015417500792397017e-02
10.6324 1.019447529209762358e-02
10.6407 1.023487051934410426e-02
10.649 1.027536068755571103e-02
10.6573 1.031594579411830581e-02
10.6657 1.035662583591958653e-02
10.674 1.039740080934913741e-02
10.6823 1.043827071030273626e-02
10.6906 1.047923553418021562e-02
10.6989 1.052029527588328392e-02
10.7072 1.056144992982293099e-02
10.7155 1.060269948990693288e-02
10.7238 1.064404394956054711e-02
10.7321 1.068548330171191670e-02
10.7404 1.072701753878911070e-02
10.7488 1.076864665273477920e-02
10.7571 1.081037063500486436e-02
10.7654 1.085218947655540965e-02
10.7737 1.089410316785799013e-02
10.782 1.093611169888996856e-02
10.7903 1.097821505914435732e-02
10.7986 1.102041323762433488e-02
10.8069 1.106270622284374373e-02
10.8152 1.110509400282888928e-02
10.8235 1.114757656512661843e-02
10.8319 1.119015389678708339e-02
10.8402 1.123282598438242290e-02
10.8485 1.127559281400006448e-02
10.8568 1.131845437123947529e-02
10.8651 1.136141064121857364e-02
10.8734 1.140446160857338208e-02
10.8817 1.144760725745771861e-02
10.89 1.149084757154413515e-02
10.8983 1.153418253402443971e-02
10.9066 1.157761212760857576e-02
10.915 1.162113633452639683e-02
10.9233 1.166475513653277528e-02
10.9316 1.170846851490437053e-02
10.9399 1.175227645043482733e-02
10.9482 1.179617892344316139e-02
10.9565 1.184017591377678653e-02
10.9648 1.188426740080296418e-02
10.9731 1.192845336341431979e-02
10.9814 1.197273378003022200e-02
10.9897 1.201710862859524907e-02
10.998 1.206157788658307126e-02
11.0064 1.210614153099450613e-02
11.0147 1.215079953835689064e-02
11.023 1.219555188473032958e-02
11.0313 1.224039854570134825e-02
11.0396 1.228533949638995620e-02
11.0479 1.233037471144211167e-02
11.0562 1.237550416503921565e-02
11.0645 1.242072783089623496e-02
11.0728 1.246604568226186878e-02
11.0811 1.251145769191469928e-02
11.0895 1.255696383217264067e-02
11.0978 1.260256407488504100e-02
11.1061 1.264825839143452792e-02
11.1144 1.269404675275157164e-02
11.1227 1.273992912929505783e-02
11.131 1.278590549106088485e-02
11.1393 1.283197580758894951e-02
11.1476 1.287814004795734615e-02
11.1559 1.292439818078134663e-02
11.1642 1.297075017421801119e-02
11.1726 1.301719599597389414e-02
11.1809 1.306373561328738955e-02
11.1892 1.311036899294126985e-02
11.1975 1.315709610126954143e-02
11.2058 1.320391690414112092e-02
11.2141 1.325083136698010193e-02
11.2224 1.329783945475220344e-02
11.2307 1.334494113196263779e-02
11.239 1.339213636267476588e-02
11.2473 1.343942511049461483e-02
11.2557 1.348680733857933293e-02
11.264 1.353428300963387121e-02
11.2723 1.358185208591706529e-02
11.2806 1.362951452923366440e-02
11.2889 1.367727030094003510e-02
11.2972 1.372511936195134653e-02
11.3055 1.377306167273363406e-02
11.3138 1.382109719330328577e-02
11.3221 1.386922588323537091e-02
11.3304 1.391744770165809567e-02
11.3388 1.396576260725802300e-02
11.3471 1.401417055827878025e-02
11.3554 1.406267151252166975e-02
11.3637 1.411126542734129040e-02
11.372 1.415995225965847350e-02
11.3803 1.420873196595507683e-02
11.3886 1.425760450226434307e-02
11.3969 1.430656982419327081e-02
11.4052 1.435562788690224190e-02
11.4135 1.440477864511748030e-02
11.4219 1.445402205313166440e-02
11.4302 1.450335806479805499e-02
11.4385 1.455278663353613139e-02
11.4468 1.460230771233705059e-02
11.4551 1.465192125374958042e-02
11.4634 1.470162720989769481e-02
11.4717 1.475142553247477985e-02
11.48 1.480131617273785366e-02
11.4883 1.485129908151200037e-02
11.4966 1.490137420920184877e-02
11.5049 1.495154150578204173e-02
11.5133 1.500180092079527600e-02
11.5216 1.505215240336003901e-02
11.5299 1.510259590216525907e-02
11.5382 1.515313136547948025e-02
11.5465 1.520375874114779542e-02
11.5548 1.525447797659055561e-02
11.5631 1.530528901879777207e-02
11.5714 1.535619181434415975e-02
11.5797 1.540718630939045923e-02
11.588 1.545827244966377877e-02
11.5964 1.550945018047741007e-02
11.6047 1.556071944672593292e-02
11.613 1.561208019288543546e-02
11.6213 1.566353236301748150e-02
11.6296 1.571507590076199820e-02
11.6379 1.576671074934892988e-02
11.6462 1.581843685159621191e-02
11.6545 1.587025414989117963e-02
11.6628 1.592216258622428451e-02
11.6711 1.597416210217151092e-02
11.6795 1.602625263889210713e-02
11.6878 1.607843413714371214e-02
11.6961 1.613070653726123710e-02
11.7044 1.618306977917634629e-02
11.7127 1.623552380241802262e-02
11.721 1.628806854610021643e-02
11.7293 1.634070394893255909e-02
11.7376 1.639342994922886321e-02
11.7459 1.644624648488046334e-02
11.7542 1.649915349338269832e-02
11.7626 1.655215091183475165e-02
11.7709 1.660523867692168670e-02
11.7792 1.665841672493507952e-02
11.7875 1.671168499176433481e-02
11.7958 1.676504341289232827e-02
11.8041 1.681849192341666396e-02
11.8124 1.687203045802536383e-02
11.8207 1.692565895100960754e-02
11.829 1.697937733626716031e-02
11.8373 1.703318554730364962e-02
11.8457 1.708708351722474164e-02
11.854 1.714107117874165420e-02
11.8623 1.719514846417600704e-02
11.8706 1.724931530545902036e-02
11.8789 1.730357163412016980e-02
11.8872 1.735791738130884609e-02
11.8955 1.741235247778303089e-02
11.9038 1.746687685390641703e-02
11.9121 1.752149043966365338e-02
11.9204 1.757619316464074932e-02
11.9288 1.763098495804587065e-02
11.9371 1.768586574870639402e-02
11.9454 1.774083546505219114e-02
11.9537 1.779589403513428397e-02
11.962 1.785104138662263126e-02
11.9703 1.790627744681430947e-02
11.9786 1.796160214260923357e-02
11.9869 1.801701540053080725e-02
11.9952 1.807251714672718917e-02
12.0035 1.812810730697592826e-02
12.0118 1.818378580665920563e-02
12.0202 1.823955257079184350e-02
12.0285 1.829540752402187415e-02
12.0368 1.835135059060442886e-02
12.0451 1.840738169442967392e-02
12.0534 1.846350075902133611e-02
12.0617 1.851970770751475842e-02
12.07 1.857600246268679631e-02
12.0783 1.863238494693867167e-02
12.0866 1.868885508230400463e-02
12.0949 1.874541279045075989e-02
12.1033 1.880205799266962061e-02
12.1116 1.885879060988945519e-02
12.1199 1.891561056267514890e-02
12.1282 1.897251777122747896e-02
12.1365 1.902951215537429172e-02
12.1448 1.908659363458449151e-02
12.1531 1.914376212797261334e-02
12.1614 1.920101755427993523e-02
12.1697 1.925835983189110381e-02
12.178 1.931578887883272574e-02
12.1864 1.937330461276982191e-02
12.1947 1.943090695101112875e-02
12.203 1.948859581050559758e-02
12.2113 1.954637110785292439e-02
12.2196 1.960423275929212492e-02
12.2279 1.966218068069748928e-02
12.2362 1.972021478761351934e-02
12.2445 1.977833499521771191e-02
12.2528 1.983654121832780295e-02
12.2611 1.989483337142204655e-02
12.2695 1.995321136863379557e-02
12.2778 2.001167512373688839e-02
12.2861 2.007022455016132384e-02
12.2944 2.012885956098198204e-02
12.3027 2.018758006894465565e-02
12.311 2.024638598643452997e-02
12.3193 2.030527722549371403e-02
12.3276 2.036425369783476796e-02
12.3359 2.042331531481189622e-02
12.3442 2.048246198743840230e-02
12.3526 2.054169362639825941e-02
12.3609 2.060101014202642480e-02
12.3692 2.066041144432238449e-02
12.3775 2.071989744294479296e-02
12.3858 2.077946804721587243e-02
12.3941 2.083912316612704374e-02
12.4024 2.089886270832719620e-02
12.4107 2.095868658213604491e-02
12.419 2.101859469553691434e-02
12.4273 2.107858695618041941e-02
12.4357 2.113866327139077642e-02
12.444 2.119882354814956252e-02
12.4523 2.125906769313011535e-02
12.4606 2.131939561265270427e-02
12.4689 2.137980721272005405e-02
12.4772 2.144030239901592236e-02
12.4855 2.150088107688834585e-02
12.4938 2.156154315136539837e-02
12.5021 2.162228852714553201e-02
12.5104 2.168311710860244129e-02
12.5187 2.174402879980007197e-02
12.5271 2.180502350447286949e-02
12.5354 2.186610112603504588e-02
12.5437 2.192726156758357386e-02
12.552 2.198850473188797977e-02
12.5603 2.204983052141399127e-02
12.5686 2.211123883830639486e-02
12.5769 2.217272958438889705e-02
12.5852 2.223430266117393944e-02
12.5935 2.229595796986187303e-02
12.6018 2.235769541134451782e-02
12.6102 2.241951488618751723e-02
12.6185 2.248141629465694180e-02
12.6268 2.254339953670909599e-02
12.6351 2.260546451198787790e-02
12.6434 2.266761111983198532e-02
12.6517 2.272983925926855275e-02
12.66 2.279214882901789418e-02
12.6683 2.285453972750625673e-02
12.6766 2.291701185284522949e-02
12.6849 2.297956510284267576e-02
12.6933 2.304219937501174320e-02
12.7016 2.310491456655461295e-02
12.7099 2.316771057438813883e-02
12.7182 2.323058729511046430e-02
12.7265 2.329354462503025955e-02
12.7348 2.335658246016763737e-02
12.7431 2.341970069623381875e-02
12.7514 2.348289922865042650e-02
12.7597 2.354617795253828930e-02
12.768 2.360953676272576837e-02
12.7764 2.367297555376359289e-02
12.7847 2.373649421989496716e-02
12.793 2.380009265506810578e-02
12.8013 2.386377075295530864e-02
12.8096 2.392752840693454855e-02
12.8179 2.399136551009412380e-02
12.8262 2.405528195524259810e-02
12.8345 2.411927763488993029e-02
12.8428 2.418335244126708014e-02
12.8511 2.424750626633467854e-02
12.8595 2.431173900174803809e-02
12.8678 2.437605053888451320e-02
12.8761 2.444044076885390840e-02
12.8844 2.450490958248029150e-02
12.8927 2.456945687030297198e-02
12.901 2.463408252259109005e-02
12.9093 2.469878642932965551e-02
12.9176 2.476356848022411017e-02
12.9259 2.482842856471243267e-02
12.9342 2.489336657196603367e-02
12.9426 2.495838239086346777e-02
12.9509 2.502347591002444457e-02
12.9592 2.508864701779179446e-02
12.9675 2.515389560224890256e-02
12.9758 2.521922155119109971e-02
12.9841 2.528462475215839320e-02
12.9924 2.535010509242157858e-02
13.0007 2.541566245897904086e-02
13.009 2.548129673857461516e-02
13.0173 2.554700781768319551e-02
13.0256 2.561279558250465979e-02
13.034 2.567865991899793976e-02
13.0423 2.574460071283874926e-02
13.0506 2.581061784945481996e-02
13.0589 2.587671121401969102e-02
13.0672 2.594288069142747927e-02
13.0755 2.600912616633664631e-02
13.0838 2.607544752313947431e-02
13.0921 2.614184464597393495e-02
13.1004 2.620831741871761100e-02
13.1087 2.627486572500174755e-02
13.1171 2.634148944820917035e-02
13.1254 2.640818847145268156e-02
13.1337 2.647496267761727251e-02
13.142 2.654181194932525925e-02
13.1503 2.660873616894346427e-02
13.1586 2.667573521861545463e-02
13.1669 2.674280898021088107e-02
13.1752 2.680995733536684425e-02
13.1835 2.687718016548004685e-02
13.1918 2.694447735169227393e-02
13.2002 2.701184877490417705e-02
13.2085 2.707929431579143842e-02
13.2168 2.714681385477537776e-02
13.2251 2.721440727202099549e-02
13.2334 2.728207444748464647e-02
13.2417 2.734981526087575804e-02
13.25 2.741762959165590721e-02
13.2583 2.748551731905483908e-02
13.2666 2.755347832207954983e-02
13.2749 2.762151247949093044e-02
13.2833 2.768961966981733566e-02
13.2916 2.775779977136826754e-02
13.2999 2.782605266220648105e-02
13.3082 2.789437822017280799e-02
13.3165 2.796277632287395495e-02
13.3248 2.803124684769837255e-02
13.3331 2.809978967179509873e-02
13.3414 2.816840467209962007e-02
13.3497 2.823709172532276948e-02
13.358 2.830585070793320904e-02
13.3664 2.837468149619632590e-02
13.3747 2.844358396615329423e-02
13.383 2.851255799361017071e-02
13.3913 2.858160345416784626e-02
13.3996 2.865072022320444556e-02
13.4079 2.871990817588104122e-02
13.4162 2.878916718713835435e-02
13.4245 2.885849713169806596e-02
13.4328 2.892789788408370311e-02
13.4411 2.899736931858454617e-02
13.4495 2.906691130928425529e-02
13.4578 2.913652373006746926e-02
13.4661 2.920620645458928827e-02
13.4744 2.927595935629615995e-02
13.4827 2.934578230844225172e-02
13.491 2.941567518406661141e-02
13.4993 2.948563785598574960e-02
13.5076 2.955567019683703195e-02
13.5159 2.962577207903323642e-02
13.5242 2.969594337477563309e-02
13.5325 2.976618395610160228e-02
13.5409 2.983649369480360913e-02
13.5492 2.990687246250054582e-02
13.5575 2.997732013060538589e-02
13.5658 3.004783657030588376e-02
13.5741 3.011842165263883125e-02
13.5824 3.018907524842548082e-02
13.5907 3.025979722826532131e-02
13.599 3.033058746258748134e-02
13.6073 3.040144582163360407e-02
13.6156 3.047237217544282450e-02
13.624 3.054336639385723390e-02
13.6323 3.061442834653782183e-02
13.6406 3.068555790295062619e-02
13.6489 3.075675493236783992e-02
13.6572 3.082801930388372885e-02
13.6655 3.089935088640606564e-02
13.6738 3.097074954864980148e-02
13.6821 3.104221515914873039e-02
13.6904 3.111374758624905340e-02
13.6987 3.118534669812208712e-02
13.7071 3.125701236275044842e-02
13.7154 3.132874444794074564e-02
13.7237 3.140054282130873980e-02
13.732 3.147240735030983755e-02
13.7403 3.154433790221690403e-02
13.7486 3.161633434411294241e-02
13.7569 3.168839654290576957e-02
13.7652 3.176052436534979040e-02
13.7735 3.183271767801566787e-02
13.7818 3.190497634727988002e-02
13.7902 3.197730023938089722e-02
13.7985 3.204968922036183915e-02
13.8068 3.212214315611197635e-02
13.8151 3.219466191234173630e-02
13.8234 3.226724535459819798e-02
13.8317 3.233989334826598699e-02
13.84 3.241260575854961606e-02
13.8483 3.248538245049926304e-02
13.8566 3.255822328900644796e-02
13.8649 3.263112813879161939e-02
13.8733 3.270409686441943381e-02
13.8816 3.277712933028021497e-02
13.8899 3.285022540062156743e-02
13.8982 3.292338493952578354e-02
13.9065 3.299660781092188938e-02
13.9148 3.306989387857028895e-02
13.9231 3.314324300607689178e-02
13.9314 3.321665505692249915e-02
13.9397 3.329012989439034120e-02
13.948 3.336366738164233542e-02
13.9564 3.343726738166699630e-02
13.9647 3.351092975732399698e-02
13.973 3.358465437131152864e-02
13.9813 3.365844108617425945e-02
13.9896 3.373228976431933562e-02
13.9979 3.380620026800715272e-02
14.0062 3.388017245934503430e-02
14.0145 3.395420620029119402e-02
14.0228 3.402830135268167938e-02
14.0311 3.410245777819190249e-02
14.0394 3.417667533835765104e-02
14.0478 3.425095389457183392e-02
14.0561 3.432529330809831747e-02
14.0644 3.439969344006765101e-02
14.0727 3.447415415144688966e-02
14.081 3.454867530307541984e-02
14.0893 3.462325675567663741e-02
14.0976 3.469789836981983233e-02
14.1059 3.477260000594188660e-02
14.1142 3.484736152435996548e-02
14.1225 3.492218278525141550e-02
14.1309 3.499706364865053099e-02
14.1392 3.507200397447712836e-02
14.1475 3.514700362252824728e-02
14.1558 3.522206245245227546e-02
14.1641 3.529718032379013104e-02
14.1724 3.537235709594840211e-02
14.1807 3.544759262820003365e-02
14.189 3.552288677971949388e-02
14.1973 3.559823940953727589e-02
14.2056 3.567365037655629428e-02
14.214 3.574911953958210403e-02
14.2223 3.582464675729205711e-02
14.2306 3.590023188823616290e-02
14.2389 3.597587479084548429e-02
14.2472 3.605157532345629884e-02
14.2555 3.612733334425904247e-02
14.2638 3.620314871134772822e-02
14.2721 3.627902128269623605e-02
14.2804 3.635495091617842178e-02
14.2887 3.643093746953667694e-02
14.2971 3.650698080041082233e-02
14.3054 3.658308076633570716e-02
14.3137 3.665923722472739371e-02
14.322 3.673545003291275868e-02
14.3303 3.681171904808665241e-02
14.3386 3.688804412735019467e-02
14.3469 3.696442512771320327e-02
14.3552 3.704086190605448969e-02
14.3635 3.711735431915989814e-02
14.3718 3.719390222373058358e-02
14.3802 3.727050547634039313e-02
14.3885 3.734716393347876917e-02
14.3968 3.742387745153577527e-02
14.4051 3.750064588679902222e-02
14.4134 3.757746909546369474e-02
14.4217 3.765434693361888879e-02
14.43 3.773127925726335596e-02
14.4383 3.780826592231650851e-02
14.4466 3.788530678458189999e-02
14.4549 3.796240169977727064e-02
14.4633 3.803955052353690663e-02
14.4716 3.811675311139798433e-02
14.4799 3.819400931882279554e-02
14.4882 3.827131900115494922e-02
14.4965 3.834868201367368223e-02
14.5048 3.842609821157262628e-02
14.5131 3.850356744995275110e-02
14.5214 3.858108958382953924e-02
14.5297 3.865866446813532448e-02
14.538 3.873629195773006795e-02
14.5463 3.881397190738592601e-02
14.5547 3.889170417178675759e-02
14.563 3.896948860553527821e-02
14.5713 3.904732506318139146e-02
14.5796 3.912521339916298635e-02
14.5879 3.920315346786702043e-02
14.5962 3.928114512359263955e-02
14.6045 3.935918822056659605e-02
14.6128 3.943728261294178472e-02
14.6211 3.951542815479766602e-02
14.6294 3.959362470015554553e-02
14.6378 3.967187210292533878e-02
14.6461 3.975017021700298636e-02
14.6544 3.982851889617671642e-02
14.6627 3.990691799415526514e-02
14.671 3.998536736464627234e-02
14.6793 4.006386686121705260e-02
14.6876 4.014241633739613901e-02
14.6959 4.022101564667342893e-02
14.7042 4.029966464244295193e-02
14.7125 4.037836317802804414e-02
14.7209 4.045711110673559652e-02
14.7292 4.053590828177683347e-02
14.7375 4.061475455632352488e-02
14.7458 4.069364978346536044e-02
14.7541 4.077259381623873913e-02
14.7624 4.085158650765319949e-02
14.7707 4.093062771063472188e-02
14.779 4.100971727805416411e-02
14.7873 4.108885506274111837e-02
14.7956 4.116804091746536359e-02
14.804 4.124727469495417798e-02
14.8123 4.132655624786477772e-02
14.8206 4.140588542882706752e-02
14.8289 4.148526209040325624e-02
14.8372 4.156468608511439816e-02
14.8455 4.164415726543251733e-02
14.8538 4.172367548379975200e-02
14.8621 4.180324059258828939e-02
14.8704 4.188285244412849606e-02
14.8787 4.196251089073143453e-02
14.8871 4.204221578464006209e-02
14.8954 4.212196697807670670e-02
14.9037 4.220176432320334181e-02
14.912 4.228160767213871157e-02
14.9203 4.236149687699678618e-02
14.9286 4.244143178982037745e-02
14.9369 4.252141226262847601e-02
14.9452 4.260143814740664087e-02
14.9535 4.268150929609047101e-02
14.9618 4.276162556060211090e-02
14.9702 4.284178679281062940e-02
14.9785 4.292199284457205721e-02
14.9868 4.300224356770915995e-02
14.9951 4.308253881398976110e-02
15.0034 4.316287843516478095e-02
15.0117 4.324326228298679131e-02
15.02 4.332369020913210550e-02
15.0283 4.340416206528601578e-02
15.0366 4.348467770308957897e-02
15.0449 4.356523697415815022e-02
15.0532 4.364583973011035983e-02
15.0616 4.372648582250281829e-02
15.0699 4.380717510288349020e-02
15.0782 4.388790742279966711e-02
15.0865 4.396868263376066399e-02
15.0948 4.404950058724237810e-02
15.1031 4.413036113472650762e-02
15.1114 4.421126412767195646e-02
15.1197 4.429220941751244034e-02
15.128 4.437319685568169580e-02
15.1363 4.445422629356431121e-02
15.1447 4.453529758257622484e-02
15.153 4.461641057409653638e-02
15.1613 4.469756511947203109e-02
15.1696 4.477876107008185724e-02
15.1779 4.485999827726099703e-02
15.1862 4.494127659235111483e-02
15.1945 4.502259586668936470e-02
15.2028 4.510395595158035731e-02
15.2111 4.518535669834323337e-02
15.2194 4.526679795829543357e-02
15.2278 4.534827958271783754e-02
15.2361 4.542980142293243095e-02
15.2444 4.551136333023663577e-02
15.2527 4.559296515589927878e-02
15.261 4.567460675122941155e-02
15.2693 4.575628796751095989e-02
15.2776 4.583800865603589181e-02
15.2859 4.591976866811343233e-02
15.2942 4.600156785501351847e-02
15.3025 4.608340606803867229e-02
15.3109 4.616528315849614122e-02
15.3192 4.624719897768682364e-02
15.3275 4.632915337693997715e-02
15.3358 4.641114620754326070e-02
15.3441 4.649317732083951826e-02
15.3524 4.657524656815861808e-02
15.3607 4.665735380084357758e-02
15.369 4.673949887024619193e-02
15.3773 4.682168162772806785e-02
15.3856 4.690390192466453029e-02
15.394 4.698615961243397116e-02
15.4023 4.706845454244685395e-02
15.4106 4.715078656611319807e-02
15.4189 4.723315553487172219e-02
15.4272 4.731556130015557998e-02
15.4355 4.739800371342824115e-02
15.4438 4.748048262616911402e-02
15.4521 4.756299788988269106e-02
15.4604 4.764554935608607961e-02
15.4687 4.772813687630960561e-02
15.4771 4.781076030210447414e-02
15.4854 4.789341948507951086e-02
15.4937 4.797611427682285656e-02
15.502 4.805884452895548692e-02
15.5103 4.814161009313681211e-02
15.5186 4.822441082103252202e-02
15.5269 4.830724656436619774e-02
15.5352 4.839011717484624497e-02
15.5435 4.847302250424189579e-02
15.5518 4.855596240434471161e-02
15.5601 4.863893672694792614e-02
15.5685 4.872194532392079558e-02
15.5768 4.880498804713724603e-02
15.5851 4.888806474849953509e-02
15.5934 4.897117527995521746e-02
15.6017 4.905431949347979770e-02
15.61 4.913749724106781375e-02
15.6183 4.922070837477879324e-02
15.6266 4.930395274670062306e-02
15.6349 4.938723020895347676e-02
15.6432 4.947054061368069688e-02
15.6516 4.955388381308668821e-02
15.6599 4.963725965939390361e-02
15.6682 4.972066800487415228e-02
15.6765 4.980410870187325367e-02
15.6848 4.988758160272803444e-02
15.6931 4.997108655983290709e-02
15.7014 5.005462342564845346e-02
15.7097 5.013819205264425510e-02
15.718 5.022179229336203726e-02
15.7263 5.030542400038415241e-02
15.7347 5.038908702634378040e-02
15.743 5.047278122390951721e-02
15.7513 5.055650644578442432e-02
15.7596 5.064026254475285926e-02
15.7679 5.072404937364739103e-02
15.7762 5.080786678533513734e-02
15.7845 5.089171463271521811e-02
15.7928 5.097559276878909501e-02
15.8011 5.105950104659438826e-02
15.8094 5.114343931917706559e-02
15.8178 5.122740743969953631e-02
15.8261 5.131140526134626151e-02
15.8344 5.139543263737799544e-02
15.8427 5.147948942109284443e-02
15.851 5.156357546585045581e-02
15.8593 5.164769062508035857e-02
15.8676 5.173183475225733019e-02
15.8759 5.181600770093169883e-02
15.8842 5.190020932470158083e-02
15.8925 5.198443947723844355e-02
15.9009 5.206869801226100131e-02
15.9092 5.215298478355756551e-02
15.9175 5.223729964499747996e-02
15.9258 5.232164245049397699e-02
15.9341 5.240601305402976112e-02
15.9424 5.249041130965428903e-02
15.9507 5.257483707148263158e-02
15.959 5.265929019370995529e-02
15.9673 5.274377053061025250e-02
15.9756 5.282827793648417480e-02
15.984 5.291281226569831408e-02
15.9923 5.299737337277518612e-02
16.0006 5.308196111223744545e-02
16.0089 5.316657533866719909e-02
16.0172 5.325121590676650668e-02
16.0255 5.333588267130991156e-02
16.0338 5.342057548708796511e-02
16.0421 5.350529420904451272e-02
16.0504 5.359003869215715060e-02
16.0587 5.367480879145609257e-02
16.067 5.375960436211815741e-02
16.0754 5.384442525934893253e-02
16.0837 5.392927133842931320e-02
16.092 5.401414245473878245e-02
16.1003 5.409903846374795183e-02
16.1086 5.418395922098548367e-02
16.1169 5.426890458206735240e-02
16.1252 5.435387440269114079e-02
16.1335 5.443886853866372610e-02
16.1418 5.452388684583776846e-02
16.1501 5.460892918017433428e-02
16.1585 5.469399539771285096e-02
16.1668 5.477908535456391809e-02
16.1751 5.486419890696254270e-02
16.1834 5.494933591121543837e-02
16.1917 5.503449622369994271e-02
16.2 5.511967970089906577e-02
16.2083 5.520488619938054148e-02
16.2166 5.529011557579876363e-02
16.2249 5.537536768692353367e-02
16.2332 5.546064238959678983e-02
16.2416 5.554593954074645706e-02
16.2499 5.563125899740169189e-02
16.2582 5.571660061668862879e-02
16.2665 5.580196425582921449e-02
16.2748 5.588734977214434435e-02
16.2831 5.597275702303178974e-02
16.2914 5.605818586600826853e-02
16.2997 5.614363615868725454e-02
16.308 5.622910775875979150e-02
16.3163 5.631460052402920136e-02
16.3247 5.640011431241848117e-02
16.333 5.648564898190535505e-02
16.3413 5.657120439062023748e-02
16.3496 5.665678039676218247e-02
16.3579 5.674237685861384384e-02
16.3662 5.682799363461265435e-02
16.3745 5.691363058327855023e-02
16.3828 5.699928756323341394e-02
16.3911 5.708496443319396874e-02
16.3994 5.717066105198370662e-02
16.4078 5.725637727856106030e-02
16.4161 5.734211297195481588e-02
16.4244 5.742786799132607034e-02
16.4327 5.751364219593314148e-02
16.441 5.759943544514937314e-02
16.4493 5.768524759846029720e-02
16.4576 5.777107851544340672e-02
16.4659 5.785692805582082904e-02
16.4742 5.794279607940401589e-02
16.4825 5.802868244609110659e-02
16.4909 5.811458701595143689e-02
16.4992 5.820050964912677066e-02
16.5075 5.828645020589819092e-02
16.5158 5.837240854663704182e-02
16.5241 5.845838453183686140e-02
16.5324 5.854437802213091624e-02
16.5407 5.863038887822861339e-02
16.549 5.871641696098802571e-02
16.5573 5.880246213139263267e-02
16.5656 5.888852425051702144e-02
16.5739 5.897460317952992609e-02
16.5823 5.906069877982658700e-02
16.5906 5.914681091282172898e-02
16.5989 5.923293944008199002e-02
16.6072 5.931908422328287939e-02
16.6155 5.940524512426342829e-02
16.6238 5.949142200494586530e-02
16.6321 5.957761472737589659e-02
16.6404 5.966382315377712769e-02
16.6487 5.975004714642526138e-02
16.657 5.983628656777106869e-02
16.6654 5.992254128037476785e-02
16.6737 6.000881114690045232e-02
16.682 6.009509603019575624e-02
16.6903 6.018139579320091331e-02
16.6986 6.026771029896304394e-02
16.7069 6.035403941070432293e-02
16.7152 6.044038299175672618e-02
16.7235 6.052674090557903092e-02
16.7318 6.061311301577115146e-02
16.7401 6.069949918602032118e-02
16.7485 6.078589928023106492e-02
16.7568 6.087231316238968931e-02
16.7651 6.095874069658414190e-02
16.7734 6.104518174710259898e-02
16.7817 6.113163617830670582e-02
16.79 6.121810385477791105e-02
16.7983 6.130458464112629319e-02
16.8066 6.139107840214804573e-02
16.8149 6.147758500282498456e-02
16.8232 6.156410430820435237e-02
16.8316 6.165063618350517805e-02
16.8399 6.173718049405665931e-02
16.8482 6.182373710536520628e-02
16.8565 6.191030588306131038e-02
16.8648 6.199688669290238235e-02
16.8731 6.208347940081999916e-02
16.8814 6.217008387285862664e-02
16.8897 6.225669997519797660e-02
16.898 6.234332757417496845e-02
16.9063 6.242996653627821968e-02
16.9147 6.251661672812032500e-02
16.923 6.260327801648468693e-02
16.9313 6.268995026828128037e-02
16.9396 6.277663335054123328e-02
16.9479 6.286332713050751808e-02
16.9562 6.295003147549721456e-02
16.9645 6.303674625300065282e-02
16.9728 6.312347133069762251e-02
16.9811 6.321020657635842421e-02
16.9894 6.329695185790698564e-02
16.9978 6.338370704345919204e-02
17.0061 6.347047200124859845e-02
17.0144 6.355724659964846757e-02
17.0227 6.364403070720713040e-02
17.031 6.373082419260955866e-02
17.0393 6.381762692470459297e-02
17.0476 6.390443877248037918e-02
17.0559 6.399125960509401134e-02
17.0642 6.407808929183347879e-02
17.0725 6.416492770215553865e-02
17.0808 6.425177470566928450e-02
17.0892 6.433863017211982616e-02
17.0975 6.442549397145846957e-02
17.1058 6.451236597373698201e-02
17.1141 6.459924604916988944e-02
17.1224 6.468613406818538025e-02
17.1307 6.477302990128229465e-02
17.139 6.485993341919162047e-02
17.1473 6.494684449278477489e-02
17.1556 6.503376299302517094e-02
17.1639 6.512068879110775865e-02
17.1723 6.520762175840764951e-02
17.1806 6.529456176640496823e-02
17.1889 6.538150868672759630e-02
17.1972 6.546846239121262290e-02
17.2055 6.555542275186587720e-02
17.2138 6.564238964078959737e-02
17.2221 6.572936293028931731e-02
17.2304 6.581634249287071636e-02
17.2387 6.590332820114873369e-02
17.247 6.599031992789571033e-02
17.2554 6.607731754608607566e-02
17.2637 6.616432092885109195e-02
17.272 6.625132994946264509e-02
17.2803 6.633834448138881124e-02
17.2886 6.642536439826708661e-02
17.2969 6.651238957386443329e-02
17.3052 6.659941988213799458e-02
17.3135 6.668645519720849124e-02
17.3218 6.677349539338089945e-02
17.3301 6.686054034508635835e-02
17.3385 6.694758992700051980e-02
17.3468 6.703464401389833127e-02
17.3551 6.712170248071466783e-02
17.3634 6.720876520263302512e-02
17.3717 6.729583205495168197e-02
17.38 6.738290291312785951e-02
17.3883 6.746997765284828974e-02
17.3966 6.755705614992685293e-02
17.4049 6.764413828033577492e-02
17.4132 6.773122392027580707e-02
17.4216 6.781831294606897875e-02
17.4299 6.790540523421328967e-02
17.4382 6.799250066144713056e-02
17.4465 6.807959910463223796e-02
17.4548 6.816670044075076595e-02
17.4631 6.825380454706353461e-02
17.4714 6.834091130096152378e-02
17.4797 6.842802057997895981e-02
17.488 6.851513226191700834e-02
17.4963 6.860224622466504218e-02
17.5047 6.868936234629108295e-02
17.513 6.877648050512896738e-02
17.5213 6.886360057958211545e-02
17.5296 6.895072244829858477e-02
17.5379 6.903784599012935397e-02
17.5462 6.912497108402783363e-02
17.5545 6.921209760913958620e-02
17.5628 6.929922544487887581e-02
17.5711 6.938635447075652829e-02
17.5794 6.947348456645914550e-02
17.5877 6.956061561191524689e-02
17.5961 6.964774748716467956e-02
17.6044 6.973488007250372434e-02
17.6127 6.982201324835975165e-02
17.621 6.990914689533687942e-02
17.6293 6.999628089428691635e-02
17.6376 7.008341512616646229e-02
17.6459 7.017054947213832716e-02
17.6542 7.025768381361698067e-02
17.6625 7.034481803206756034e-02
17.6708 7.043195200927200583e-02
17.6792 7.051908562717627837e-02
17.6875 7.060621876781193740e-02
17.6958 7.069335131349557821e-02
17.7041 7.078048314670189189e-02
17.7124 7.086761415007859777e-02
17.7207 7.095474420647890357e-02
17.729 7.104187319897359298e-02
17.7373 7.112900101072992809e-02
17.7456 7.121612752519243528e-02
17.7539 7.130325262595424429e-02
17.7623 7.139037619677435220e-02
17.7706 7.147749812169022776e-02
17.7789 7.156461828482911514e-02
17.7872 7.165173657055337597e-02
17.7955 7.173885286340724032e-02
17.8038 7.182596704814395161e-02
17.8121 7.191307900970543565e-02
17.8204 7.200018863319199158e-02
17.8287 7.208729580389190705e-02
17.837 7.217440040734811324e-02
17.8454 7.226150232926824291e-02
17.8537 7.234860145549455723e-02
17.862 7.243569767214490251e-02
17.8703 7.252279086547358533e-02
17.8786 7.260988092196740684e-02
17.8869 7.269696772828347642e-02
17.8952 7.278405117128333712e-02
17.9035 7.287113113801541031e-02
17.9118 7.295820751571202578e-02
17.9201 7.304528019183822996e-02
17.9285 7.313234905403238895e-02
17.9368 7.321941399010316320e-02
17.9451 7.330647488809075019e-02
17.9534 7.339353163620490617e-02
17.9617 7.348058412290059405e-02
17.97 7.356763223678923491e-02
17.9783 7.365467586664574406e-02
17.9866 7.374171490152801878e-02
17.9949 7.382874923063457995e-02
18.0032 7.391577874336029141e-02
18.0116 7.400280332932542005e-02
18.0199 7.408982287833350278e-02
18.0282 7.417683728038076962e-02
18.0365 7.426384642567757099e-02
18.0448 7.435085020463814975e-02
18.0531 7.443784850784380958e-02
18.0614 7.452484122609107087e-02
18.0697 7.461182825039590349e-02
18.078 7.469880947198852261e-02
18.0863 7.478578478221838133e-02
18.0946 7.487275407271606897e-02
18.103 7.495971723530069075e-02
18.1113 7.504667416196256213e-02
18.1196 7.513362474489911069e-02
18.1279 7.522056887655038937e-02
18.1362 7.530750644951191008e-02
18.1445 7.539443735659678847e-02
18.1528 7.548136149083042867e-02
18.1611 7.556827874543323165e-02
18.1694 7.565518901382015104e-02
18.1777 7.574209218964567114e-02
18.1861 7.582898816671235220e-02
18.1944 7.591587683905175188e-02
18.2027 7.600275810092398110e-02
18.211 7.608963184677154656e-02
18.2193 7.617649797124774469e-02
18.2276 7.626335636918278593e-02
18.2359 7.635020693565232330e-02
18.2442 7.643704956592450861e-02
18.2525 7.652388415541933053e-02
18.2608 7.661071059990019749e-02
18.2692 7.669752879519584066e-02
18.2775 7.678433863738497178e-02
18.2858 7.687114002276959623e-02
18.2941 7.695793284786019151e-02
18.3024 7.704471700935162926e-02
18.3107 7.713149240417703500e-02
18.319 7.721825892945523295e-02
18.3273 7.730501648248801205e-02
18.3356 7.739176496082089685e-02
18.3439 7.747850426221888909e-02
18.3523 7.756523428464007219e-02
18.3606 7.765195492618136297e-02
18.3689 7.773866608527731092e-02
18.3772 7.782536766049760746e-02
18.3855 7.791205955059163357e-02
18.3938 7.799874165459988462e-02
18.4021 7.808541387170378489e-02
18.4104 7.817207610131420015e-02
18.4187 7.825872824305203646e-02
18.427 7.834537019674303604e-02
18.4354 7.843200186247317740e-02
18.4437 7.851862314046237357e-02
18.452 7.860523393115249891e-02
18.4603 7.869183413527640336e-02
18.4686 7.877842365367160316e-02
18.4769 7.886500238745612623e-02
18.4852 7.895157023792591378e-02
18.4935 7.903812710659606500e-02
18.5018 7.912467289518632096e-02
18.5101 7.921120750565754931e-02
18.5185 7.929773084016010498e-02
18.5268 7.938424280102916730e-02
18.5351 7.947074329091276257e-02
18.5434 7.955723221251359556e-02
18.5517 7.964370946886455138e-02
18.56 7.973017496317637287e-02
18.5683 7.981662859888299932e-02
18.5766 7.990307027963165776e-02
18.5849 7.998949990921859488e-02
18.5932 8.007591739176216084e-02
18.6015 8.016232263151923387e-02
18.6099 8.024871553298527915e-02
18.6182 8.033509600087110347e-02
18.6265 8.042146394003360510e-02
18.6348 8.050781925568054054e-02
18.6431 8.059416185314194347e-02
18.6514 8.068049163792434531e-02
18.6597 8.076680851584674969e-02
18.668 8.085311239288979490e-02
18.6763 8.093940317523171113e-02
18.6846 8.102568076930215246e-02
18.693 8.111194508174071616e-02
18.7013 8.119819601936473230e-02
18.7096 8.128443348925921963e-02
18.7179 8.137065739867223313e-02
18.7262 8.145686765511370164e-02
18.7345 8.154306416627798981e-02
18.7428 8.162924684010215703e-02
18.7511 8.171541558468403688e-02
18.7594 8.180157030838991483e-02
18.7677 8.188771091980420747e-02
18.7761 8.197383732767059283e-02
18.7844 8.205994944102616706e-02
18.7927 8.214604716907496218e-02
18.801 8.223213042121008121e-02
18.8093 8.231819910710264088e-02
18.8176 8.240425313662926021e-02
18.8259 8.249029241983152350e-02
18.8342 8.257631686701355500e-02
18.8425 8.266232638869677740e-02
18.8508 8.274832089561928727e-02
18.8592 8.283430029869068290e-02
18.8675 8.292026450909391333e-02
18.8758 8.300621343819124254e-02
18.8841 8.309214699754141620e-02
18.8924 8.317806509905432966e-02
18.9007 8.326396765466675953e-02
18.909 8.334985457664741137e-02
18.9173 8.343572577748130381e-02
18.9256 8.352158116980271108e-02
18.9339 8.360742066654049121e-02
18.9423 8.369324418078925854e-02
18.9506 8.377905162590154609e-02
18.9589 8.386484291541647373e-02
18.9672 8.395061796306391155e-02
18.9755 8.403637668287787521e-02
18.9838 8.412211898904210783e-02
18.9921 8.420784479594238536e-02
19.0004 8.429355401824027705e-02
19.0087 8.437924657081118107e-02
19.017 8.446492236869114489e-02
19.0254 8.455058132719873998e-02
19.0337 8.463622336181220174e-02
19.042 8.472184838826024578e-02
19.0503 8.480745632250415167e-02
19.0586 8.489304708068923233e-02
19.0669 8.497862057921366785e-02
19.0752 8.506417673464096441e-02
19.0835 8.514971546382120449e-02
19.0918 8.523523668379023865e-02
19.1001 8.532074031178647766e-02
19.1085 8.540622626525481986e-02
19.1168 8.549169446191511035e-02
19.1251 8.557714481969649900e-02
19.1334 8.566257725663335709e-02
19.1417 8.574799169118400843e-02
19.15 8.583338804187184978e-02
19.1583 8.591876622742290748e-02
19.1666 8.600412616688588030e-02
19.1749 8.608946777946335782e-02
19.1832 8.617479098464028708e-02
19.1915 8.626009570201989551e-02
19.1999 8.634538185144809141e-02
19.2082 8.643064935309387187e-02
19.2165 8.651589812721276196e-02
19.2248 8.660112809433088976e-02
19.2331 8.668633917525676857e-02
19.2414 8.677153129090955930e-02
19.2497 8.685670436243848880e-02
19.258 8.694185831129444542e-02
19.2663 8.702699305912260652e-02
19.2746 8.711210852774058100e-02
19.283 8.719720463918896602e-02
19.2913 8.728228131572220161e-02
19.2996 8.736733847989286428e-02
19.3079 8.745237605441061324e-02
19.3162 8.753739396215881596e-02
19.3245 8.762239212634659324e-02
19.3328 8.770737047032561851e-02
19.3411 8.779232891766602931e-02
19.3494 8.787726739219367533e-02
19.3577 8.796218581792612790e-02
19.3661 8.804708411910565358e-02
19.3744 8.813196222021565940e-02
19.3827 8.821682004591657744e-02
19.391 8.830165752112530131e-02
19.3993 8.838647457093894155e-02
19.4076 8.847127112069291810e-02
19.4159 8.855604709598115243e-02
19.4242 8.864080242253803699e-02
19.4325 8.872553702635109507e-02
19.4408 8.881025083365175210e-02
19.4492 8.889494377086866461e-02
19.4575 8.897961576464383238e-02
19.4658 8.906426674180686898e-02
19.4741 8.914889662950375993e-02
19.4824 8.923350535499999236e-02
19.4907 8.931809284578855201e-02
19.499 8.940265902965978395e-02
19.5073 8.948720383453023786e-02
19.5156 8.957172718857504823e-02
19.5239 8.965622902018159646e-02
19.5323 8.974070925799855492e-02
19.5406 8.982516783081900824e-02
19.5489 8.990960466764237602e-02
19.5572 8.999401969779759203e-02
19.5655 9.007841285075610105e-02
19.5738 9.016278405616476310e-02
19.5821 9.024713324396464731e-02
19.5904 9.033146034433249538e-02
19.5987 9.041576528753597630e-02
19.607 9.050004800417604800e-02
19.6154 9.058430842504204550e-02
19.6237 9.066854648112758486e-02
19.632 9.075276210364631446e-02
19.6403 9.083695522404358624e-02
19.6486 9.092112577393827999e-02
19.6569 9.100527368522055849e-02
19.6652 9.108939888998977830e-02
19.6735 9.117350132048825107e-02
19.6818 9.125758090929697586e-02
19.6901 9.134163758914271014e-02
19.6984 9.142567129293834027e-02
19.7068 9.150968195387604309e-02
19.7151 9.159366950533266716e-02
19.7234 9.167763388090992283e-02
19.7317 9.176157501442146203e-02
19.74 9.184549283988008295e-02
19.7483 9.192938729156188704e-02
19.7566 9.201325830390028049e-02
19.7649 9.209710581161079102e-02
19.7732 9.218092974960530317e-02
19.7815 9.226473005290669605e-02
19.7899 9.234850665689063598e-02
19.7982 9.243225949710698330e-02
19.8065 9.251598850930747853e-02
19.8148 9.259969362946118832e-02
19.8231 9.268337479377802834e-02
19.8314 9.276703193859132945e-02
19.8397 9.285066500055842720e-02
19.848 9.293427391654306147e-02
19.8563 9.301785862355876899e-02
19.8646 9.310141905886040736e-02
19.873 9.318495515991552514e-02
19.8813 9.326846686446754742e-02
19.8896 9.335195411036713298e-02
19.8979 9.343541683572356704e-02
19.9062 9.351885497890792542e-02
19.9145 9.360226847843665376e-02
19.9228 9.368565727308651725e-02
19.9311 9.376902130184221196e-02
19.9394 9.385236050385181716e-02
19.9477 9.393567481853756784e-02
19.9561 9.401896418553155887e-02
19.9644 9.410222854463522191e-02
19.9727 9.418546783586256854e-02
19.981 9.426868199953845895e-02
19.9893 9.435187097608775664e-02
19.9976 9.443503470616178286e-02
20.0059 9.451817313069270365e-02
20.0142 9.460128619077037837e-02
20.0225 9.468437382771667521e-02
20.0308 9.476743598302969640e-02
20.0392 9.485047259848157497e-02
20.0475 9.493348361604285468e-02
20.0558 9.501646897778356915e-02
20.0641 9.509942862617934423e-02
20.0724 9.518236250378825369e-02
20.0807 9.526527055336810046e-02
20.089 9.534815271796613645e-02
20.0973 9.543100894082777452e-02
20.1056 9.551383916532582563e-02
20.1139 9.559664333511623535e-02
20.1223 9.567942139405530289e-02
20.1306 9.576217328623014280e-02
20.1389 9.584489895587609831e-02
20.1472 9.592759834751650450e-02
20.1555 9.601027140582563124e-02
20.1638 9.609291807565521759e-02
20.1721 9.617553830220505751e-02
20.1804 9.625813203077718261e-02
20.1887 9.634069920683374644e-02
20.197 9.642323977619808584e-02
20.2053 9.650575368477848359e-02
20.2137 9.658824087874608166e-02
20.222 9.667070130447195930e-02
20.2303 9.675313490848796993e-02
20.2386 9.683554163764841738e-02
20.2469 9.691792143892434541e-02
20.2552 9.700027425949596382e-02
20.2635 9.708260004676702581e-02
20.2718 9.716489874836062302e-02
20.2801 9.724717031213359064e-02
20.2884 9.732941468609519753e-02
20.2968 9.741163181847944941e-02
20.3051 9.749382165771385000e-02
20.3134 9.757598415244940482e-02
20.3217 9.765811925160948481e-02
20.33 9.774022690425132609e-02
20.3383 9.782230705955806405e-02
20.3466 9.790435966706348414e-02
20.3549 9.798638467646406114e-02
20.3632 9.806838203764106643e-02
20.3715 9.815035170069830173e-02
20.3799 9.823229361592319964e-02
20.3882 9.831420773380139533e-02
20.3965 9.839609400510357373e-02
20.4048 9.847795238069842472e-02
20.4131 9.855978281172304845e-02
20.4214 9.864158524951394114e-02
20.4297 9.872335964556448740e-02
20.438 9.880510595164190835e-02
20.4463 9.888682411968048591e-02
20.4546 9.896851410179229036e-02
20.463 9.905017585040626349e-02
20.4713 9.913180931799570050e-02
20.4796 9.921341445729277286e-02
20.4879 9.929499122132927347e-02
20.4962 9.937653956322103910e-02
20.5045 9.945805943632933521e-02
20.5128 9.953955079420374885e-02
20.5211 9.962101359065672623e-02
20.5294 9.970244777960868277e-02
20.5377 9.978385331523779989e-02
20.5461 9.986523015192663721e-02
20.5544 9.994657824426142478e-02
20.5627 1.000278975470052928e-01
20.571 1.001091880150790092e-01
20.5793 1.001904496037097358e-01
20.5876 1.002716822683032138e-01
20.5959 1.003528859643462307e-01
20.6042 1.004340606477080872e-01
20.6125 1.005152062742932090e-01
20.6208 1.005963228003012438e-01
20.6292 1.006774101821482220e-01
20.6375 1.007584683763543681e-01
20.6458 1.008394973396994909e-01
20.6541 1.009204970291555370e-01
20.6624 1.010014674019118069e-01
20.6707 1.010824084153298663e-01
20.679 1.011633200269945881e-01
20.6873 1.012442021946250020e-01
20.6956 1.013250548762066189e-01
20.7039 1.014058780299165879e-01
20.7122 1.014866716140865044e-01
20.7206 1.015674355873122658e-01
20.7289 1.016481699083058993e-01
20.7372 1.017288745360129948e-01
20.7455 1.018095494295897518e-01
20.7538 1.018901945484023824e-01
20.7621 1.019708098519382516e-01
20.7704 1.020513952999595603e-01
20.7787 1.021319508523924058e-01
20.787 1.022124764693775889e-01
20.7953 1.022929721112187246e-01
20.8037 1.023734377383814925e-01
20.812 1.024538733116101552e-01
20.8203 1.025342787918025328e-01
20.8286 1.026146541401259937e-01
20.8369 1.026949993177909137e-01
20.8452 1.027753142862469632e-01
20.8535 1.028555990072478193e-01
20.8618 1.029358534426538518e-01
20.8701 1.030160775544391033e-01
20.8784 1.030962713049738827e-01
20.8868 1.031764346566680368e-01
20.8951 1.032565675721232173e-01
20.9034 1.033366700142260702e-01
20.9117 1.034167419459666032e-01
20.92 1.034967833305318052e-01
20.9283 1.035767941313698870e-01
20.9366 1.036567743120956342e-01
20.9449 1.037367238364754335e-01
20.9532 1.038166426684700577e-01
20.9615 1.038965307722194836e-01
20.9699 1.039763881121287120e-01
20.9782 1.040562146527733295e-01
20.9865 1.041360103588272468e-01
20.9948 1.042157751952273032e-01
21.0031 1.042955091271007967e-01
21.0114 1.043752121198076033e-01
21.0197 1.044548841387464566e-01
21.028 1.045345251496263284e-01
21.0363 1.046141351183439427e-01
21.0446 1.046937140108975678e-01
21.053 1.047732617936006083e-01
21.0613 1.048527784328809331e-01
21.0696 1.049322638952378400e-01
21.0779 1.050117181476189210e-01
21.0862 1.050911411569777215e-01
21.0945 1.051705328904370407e-01
21.1028 1.052498933153879213e-01
21.1111 1.053292223993821386e-01
21.1194 1.054085201101601782e-01
21.1277 1.054877864156150841e-01
21.1361 1.055670212838768773e-01
21.1444 1.056462246832128027e-01
21.1527 1.057253965821256664e-01
21.161 1.058045369492402465e-01
21.1693 1.058836457533521014e-01
21.1776 1.059627229635610596e-01
21.1859 1.060417685490728096e-01
21.1942 1.061207824792127358e-01
21.2025 1.061997647236154058e-01
21.2108 1.062787152519703848e-01
21.2191 1.063576340342470145e-01
21.2275 1.064365210405948947e-01
21.2358 1.065153762412453797e-01
21.2441 1.065941996067073655e-01
21.2524 1.066729911076402942e-01
21.2607 1.067517507149516875e-01
21.269 1.068304783995515095e-01
21.2773 1.069091741326945733e-01
21.2856 1.069878378857767598e-01
21.2939 1.070664696302998931e-01
21.3022 1.071450693381080232e-01
21.3106 1.072236369810524031e-01
21.3189 1.073021725311859298e-01
21.3272 1.073806759609086670e-01
21.3355 1.074591472425983352e-01
21.3438 1.075375863488534367e-01
21.3521 1.076159932525410923e-01
21.3604 1.076943679266434556e-01
21.3687 1.077727103443337497e-01
21.377 1.078510204789545623e-01
21.3853 1.079292983039484011e-01
21.3937 1.080075437931266452e-01
21.402 1.080857569202541418e-01
21.4103 1.081639376594355911e-01
21.4186 1.082420859849213407e-01
21.4269 1.083202018710588549e-01
21.4352 1.083982852924092327e-01
21.4435 1.084763362237327611e-01
21.4518 1.085543546399813514e-01
21.4601 1.086323405162017142e-01
21.4684 1.087102938277066805e-01
21.4768 1.087882145499233233e-01
21.4851 1.088661026584200053e-01
21.4934 1.089439581290155279e-01
21.5017 1.090217809376755054e-01
21.51 1.090995710605460883e-01
21.5183 1.091773284739124272e-01
21.5266 1.092550531542867825e-01
21.5349 1.093327450782033416e-01
21.5432 1.094104042225587520e-01
21.5515 1.094880305643792795e-01
21.5599 1.095656240807524467e-01
21.5682 1.096431847490512007e-01
21.5765 1.097207125467357103e-01
21.5848 1.097982074515162637e-01
21.5931 1.098756694411826274e-01
21.6014 1.099530984937529959e-01
21.6097 1.100304945874663598e-01
21.618 1.101078577005448755e-01
21.6263 1.101851878115523847e-01
21.6346 1.102624848992512646e-01
21.643 1.103397489423925404e-01
21.6513 1.104169799199788693e-01
21.6596 1.104941778112436546e-01
21.6679 1.105713425954951284e-01
21.6762 1.106484742522643172e-01
21.6845 1.107255727612503071e-01
21.6928 1.108026381022526319e-01
21.7011 1.108796702552849595e-01
21.7094 1.109566692005609923e-01
21.7177 1.110336349183864285e-01
21.726 1.111105673892860135e-01
21.7344 1.111874665938755308e-01
21.7427 1.112643325130288074e-01
21.751 1.113411651277095293e-01
21.7593 1.114179644191581053e-01
21.7676 1.114947303686704139e-01
21.7759 1.115714629576243372e-01
21.7842 1.116481621676792962e-01
21.7925 1.117248279807619427e-01
21.8008 1.118014603787925582e-01
21.8091 1.118780593438378768e-01
21.8175 1.119546248582634351e-01
21.8258 1.120311569044935562e-01
21.8341 1.121076554651304208e-01
21.8424 1.121841205229536509e-01
21.8507 1.122605520608930402e-01
21.859 1.123369500620082367e-01
21.8673 1.124133145095676245e-01
21.8756 1.124896453870740110e-01
21.8839 1.125659426779799799e-01
21.8922 1.126422063660178219e-01
21.9006 1.127184364351063867e-01
21.9089 1.127946328692910199e-01
21.9172 1.128707956527761069e-01
21.9255 1.129469247698390300e-01
21.9338 1.130230202050861721e-01
21.9421 1.130990819431497152e-01
21.9504 1.131751099688253354e-01
21.9587 1.132511042671568297e-01
21.967 1.133270648232060501e-01
21.9753 1.134029916223015383e-01
21.9837 1.134788846499001636e-01
21.992 1.135547438915541080e-01
22.0003 1.136305693331129407e-01
22.0086 1.137063609603570363e-01
22.0169 1.137821187594022371e-01
22.0252 1.138578427165032741e-01
22.0335 1.139335328179683499e-01
22.0418 1.140091890503674293e-01
22.0501 1.140848114003166075e-01
22.0584 1.141603998546729531e-01
22.0668 1.142359544003841987e-01
22.0751 1.143114750245989297e-01
22.0834 1.143869617145813478e-01
22.0917 1.144624144577629926e-01
22.1 1.145378332417417017e-01
22.1083 1.146132180542298734e-01
22.1166 1.146885688830599492e-01
22.1249 1.147638857163329057e-01
22.1332 1.148391685421655539e-01
22.1415 1.149144173489030779e-01
22.1499 1.149896321250219039e-01
22.1582 1.150648128591418989e-01
22.1665 1.151399595400129788e-01
22.1748 1.152150721565662200e-01
22.1831 1.152901506978681739e-01
22.1914 1.153651951531138864e-01
22.1997 1.154402055116651310e-01
22.208 1.155151817630368782e-01
22.2163 1.155901238968325834e-01
22.2246 1.156650319028401791e-01
22.2329 1.157399057710631340e-01
22.2413 1.158147454915919444e-01
22.2496 1.158895510545975421e-01
22.2579 1.159643224503755649e-01
22.2662 1.160390596695754645e-01
22.2745 1.161137627028297481e-01
22.2828 1.161884315408878016e-01
22.2911 1.162630661747171140e-01
22.2994 1.163376665954390793e-01
22.3077 1.164122327942457152e-01
22.316 1.164867647624566876e-01
22.3244 1.165612624916900764e-01
22.3327 1.166357259735189694e-01
22.341 1.167101551998200731e-01
22.3493 1.167845501624371340e-01
22.3576 1.168589108534341114e-01
22.3659 1.169332372650942475e-01
22.3742 1.170075293897489266e-01
22.3825 1.170817872199225868e-01
22.3908 1.171560107481932483e-01
22.3991 1.172301999673374256e-01
22.4075 1.173043548702472766e-01
22.4158 1.173784754500563077e-01
22.4241 1.174525616998806504e-01
22.4324 1.175266136130326128e-01
22.4407 1.176006311829887602e-01
22.449 1.176746144033327390e-01
22.4573 1.177485632678302446e-01
22.4656 1.178224777703280324e-01
22.4739 1.178963579048224325e-01
22.4822 1.179702036654216024e-01
22.4906 1.180440150464571736e-01
22.4989 1.181177920423152061e-01
22.5072 1.181915346474857464e-01
22.5155 1.182652428567495251e-01
22.5238 1.183389166648279867e-01
22.5321 1.184125560666949434e-01
22.5404 1.184861610573950119e-01
22.5487 1.185597316321741479e-01
22.557 1.186332677863607549e-01
22.5653 1.187067695154585406e-01
22.5737 1.187802368150155524e-01
22.582 1.188536696807606097e-01
22.5903 1.189270681086209286e-01
22.5986 1.190004320945607097e-01
22.6069 1.190737616347293804e-01
22.6152 1.191470567253002238e-01
22.6235 1.192203173627604668e-01
22.6318 1.192935435436018460e-01
22.6401 1.193667352644251778e-01
22.6484 1.194398925220571811e-01
22.6568 1.195130153133278084e-01
22.6651 1.195861036353597640e-01
22.6734 1.196591574852659129e-01
22.6817 1.197321768603396702e-01
22.69 1.198051617579442285e-01
22.6983 1.198781121756653800e-01
22.7066 1.199510281111881571e-01
22.7149 1.200239095622659125e-01
22.7232 1.200967565267690162e-01
22.7315 1.201695690028434516e-01
22.7398 1.202423469886530760e-01
22.7482 1.203150904823368783e-01
22.7565 1.203877994825095221e-01
22.7648 1.204604739875825975e-01
22.7731 1.205331139962224352e-01
22.7814 1.206057195073188953e-01
22.7897 1.206782905196800426e-01
22.798 1.207508270323609662e-01
22.8063 1.208233290445474423e-01
22.8146 1.208957965554521286e-01
22.8229 1.209682295645513050e-01
22.8313 1.210406280713107185e-01
22.8396 1.211129920753981348e-01
22.8479 1.211853215766035136e-01
22.8562 1.212576165746935414e-01
22.8645 1.213298770698349460e-01
22.8728 1.214021030620673486e-01
22.8811 1.214742945515512318e-01
22.8894 1.215464515387908312e-01
22.8977 1.216185740242048535e-01
22.906 1.216906620083374330e-01
22.9144 1.217627154919602717e-01
22.9227 1.218347344759273115e-01
22.931 1.219067189611503510e-01
22.9393 1.219786689487130510e-01
22.9476 1.220505844397802714e-01
22.9559 1.221224654356816708e-01
22.9642 1.221943119378212650e-01
22.9725 1.222661239477190326e-01
22.9808 1.223379014670405024e-01
22.9891 1.224096444975303205e-01
22.9975 1.224813530410897716e-01
23.0058 1.225530270997641502e-01
23.0141 1.226246666755155673e-01
23.0224 1.226962717706286121e-01
23.0307 1.227678423874710711e-01
23.039 1.228393785284814244e-01
23.0473 1.229108801962520564e-01
23.0556 1.229823473933741029e-01
23.0639 1.230537801226333633e-01
23.0722 1.231251783869683897e-01
23.0806 1.231965421894160584e-01
23.0889 1.232678715330760011e-01
23.0972 1.233391664211516414e-01
23.1055 1.234104268569500146e-01
23.1138 1.234816528439579703e-01
23.1221 1.235528443857354941e-01
23.1304 1.236240014859978503e-01
23.1387 1.236951241484675890e-01
23.147 1.237662123770277151e-01
23.1553 1.238372661756683007e-01
23.1637 1.239082855485153789e-01
23.172 1.239792704998304018e-01
23.1803 1.240502210338746414e-01
23.1886 1.241211371550676457e-01
23.1969 1.241920188679104808e-01
23.2052 1.242628661770910914e-01
23.2135 1.243336790874013664e-01
23.2218 1.244044576036313493e-01
23.2301 1.244752017306980235e-01
23.2384 1.245459114737796219e-01
23.2467 1.246165868379576075e-01
23.2551 1.246872278285037633e-01
23.2634 1.247578344508324250e-01
23.2717 1.248284067103893891e-01
23.28 1.248989446127623110e-01
23.2883 1.249694481636570154e-01
23.2966 1.250399173688679921e-01
23.3049 1.251103522342838503e-01
23.3132 1.251807527658809760e-01
23.3215 1.252511189697524674e-01
23.3298 1.253214508521251214e-01
23.3382 1.253917484192369758e-01
23.3465 1.254620116775460592e-01
23.3548 1.255322406335616370e-01
23.3631 1.256024352938495958e-01
23.3714 1.256725956651075782e-01
23.3797 1.257427217541529918e-01
23.388 1.258128135679108528e-01
23.3963 1.258828711133558598e-01
23.4046 1.259528943975811999e-01
23.4129 1.260228834277694054e-01
23.4213 1.260928382112266322e-01
23.4296 1.261627587553130203e-01
23.4379 1.262326450676151124e-01
23.4462 1.263024971556691856e-01
23.4545 1.263723150270760487e-01
23.4628 1.264420986896963028e-01
23.4711 1.265118481514425353e-01
23.4794 1.265815634202336615e-01
23.4877 1.266512445040632040e-01
23.496 1.267208914112742391e-01
23.5044 1.267905041499740593e-01
23.5127 1.268600827285272237e-01
23.521 1.269296271554285482e-01
23.5293 1.269991374392570593e-01
23.5376 1.270686135885618073e-01
23.5459 1.271380556120666472e-01
23.5542 1.272074635185904412e-01
23.5625 1.272768373170918843e-01
23.5708 1.273461770166463003e-01
23.5791 1.274154826261723883e-01
23.5875 1.274847541549099239e-01
23.5958 1.275539916122596373e-01
23.6041 1.276231950075103483e-01
23.6124 1.276923643500433581e-01
23.6207 1.277614996494908506e-01
23.629 1.278306009155197043e-01
23.6373 1.278996681577975469e-01
23.6456 1.279687013861396105e-01
23.6539 1.280377006105534454e-01
23.6622 1.281066658409671377e-01
23.6706 1.281755970873990902e-01
23.6789 1.282444943601150356e-01
23.6872 1.283133576694249212e-01
23.6955 1.283821870255133779e-01
23.7038 1.284509824388903598e-01
23.7121 1.285197439201540004e-01
23.7204 1.285884714798438966e-01
23.7287 1.286571651286661788e-01
23.737 1.287258248774814373e-01
23.7453 1.287944507369791769e-01
23.7536 1.288630427182048677e-01
23.762 1.289316008322339002e-01
23.7703 1.290001250901718077e-01
23.7786 1.290686155031984250e-01
23.7869 1.291370720826461593e-01
23.7952 1.292054948398875525e-01
23.8035 1.292738837862682233e-01
23.8118 1.293422389334526468e-01
23.8201 1.294105602930329946e-01
23.8284 1.294788478766629447e-01
23.8367 1.295471016962242983e-01
23.8451 1.296153217635484245e-01
23.8534 1.296835080905716642e-01
23.8617 1.297516606892795688e-01
23.87 1.298197795718508962e-01
23.8783 1.298878647505127826e-01
23.8866 1.299559162374409049e-01
23.8949 1.300239340450695669e-01
23.9032 1.300919181857919105e-01
23.9115 1.301598686721483211e-01
23.9198 1.302277855167371379e-01
23.9282 1.302956687321484008e-01
23.9365 1.303635183311955270e-01
23.9448 1.304313343267048952e-01
23.9531 1.304991167316371103e-01
23.9614 1.305668655588661797e-01
23.9697 1.306345808214769699e-01
23.978 1.307022625326873799e-01
23.9863 1.307699107056062571e-01
23.9946 1.308375253535958294e-01
24.0029 1.309051064900187411e-01
24.0113 1.309726541282487944e-01
24.0196 1.310401682818681524e-01
24.0279 1.311076489644256715e-01
24.0362 1.311750961896448464e-01
24.0445 1.312425099712703769e-01
24.0528 1.313098903229910908e-01
24.0611 1.313772372588226378e-01
24.0694 1.314445507927134160e-01
24.0777 1.315118309386320572e-01
24.086 1.315790777107305465e-01
24.0944 1.316462911231804922e-01
24.1027 1.317134711902818167e-01
24.111 1.317806179263532051e-01
24.1193 1.318477313457216138e-01
24.1276 1.319148114628305446e-01
24.1359 1.319818582923371619e-01
24.1442 1.320488718488298518e-01
24.1525 1.321158521469258107e-01
24.1608 1.321827992013899500e-01
24.1691 1.322497130270804677e-01
24.1775 1.323165936388941977e-01
24.1858 1.323834410517341076e-01
24.1941 1.324502552806389177e-01
24.2024 1.325170363407393026e-01
24.2107 1.325837842471929151e-01
24.219 1.326504990152596597e-01
24.2273 1.327171806601935844e-01
24.2356 1.327838291974366702e-01
24.2439 1.328504446423169616e-01
24.2522 1.329170270103820495e-01
24.2605 1.329835763172158014e-01
24.2689 1.330500925785132738e-01
24.2772 1.331165758098979413e-01
24.2855 1.331830260271577027e-01
24.2938 1.332494432461051315e-01
24.3021 1.333158274826628797e-01
24.3104 1.333821787528419733e-01
24.3187 1.334484970726023123e-01
24.327 1.335147824580560638e-01
24.3353 1.335810349252960771e-01
24.3436 1.336472544907052751e-01
24.352 1.337134411704974102e-01
24.3603 1.337795949808879559e-01
24.3686 1.338457159383920347e-01
24.3769 1.339118040595681791e-01
24.3852 1.339778593609224355e-01
24.3935 1.340438818589297088e-01
24.4018 1.341098715702780386e-01
24.4101 1.341758285117830574e-01
24.4184 1.342417527001222022e-01
24.4267 1.343076441522274567e-01
24.4351 1.343735028849772084e-01
24.4434 1.344393289153023030e-01
24.4517 1.345051222602280105e-01
24.46 1.345708829368526815e-01
24.4683 1.346366109622839091e-01
24.4766 1.347023063538287380e-01
24.4849 1.347679691286233494e-01
24.4932 1.348335993040239433e-01
24.5015 1.348991968974795064e-01
24.5098 1.349647619263839304e-01
24.5182 1.350302944081289702e-01
24.5265 1.350957943603352529e-01
24.5348 1.351612618007150268e-01
24.5431 1.352266967467674053e-01
24.5514 1.352920992162929548e-01
24.5597 1.353574692270783641e-01
24.568 1.354228067969275584e-01
24.5763 1.354881119437665593e-01
24.5846 1.355533846854545810e-01
24.5929 1.356186250400561455e-01
24.6013 1.356838330256416314e-01
24.6096 1.357490086603188595e-01
24.6179 1.358141519622013960e-01
24.6262 1.358792629495126636e-01
24.6345 1.359443416405545502e-01
24.6428 1.360093880536236421e-01
24.6511 1.360744022071256609e-01
24.6594 1.361393841194815657e-01
24.6677 1.362043338091688260e-01
24.676 1.362692512947421553e-01
24.6844 1.363341365947086659e-01
24.6927 1.363989897277870511e-01
24.701 1.364638107127205957e-01
24.7093 1.365285995681939091e-01
24.7176 1.365933563128952921e-01
24.7259 1.366580809657856610e-01
24.7342 1.367227735457771376e-01
24.7425 1.367874340717434301e-01
24.7508 1.368520625627161202e-01
24.7591 1.369166590377292880e-01
24.7674 1.369812235158917035e-01
24.7758 1.370457560162834931e-01
24.7841 1.371102565581723554e-01
24.7924 1.371747251608791129e-01
24.8007 1.372391618434280480e-01
24.809 1.373035666253696607e-01
24.8173 1.373679395260910541e-01
24.8256 1.374322805649189905e-01
24.8339 1.374965897613866228e-01
24.8422 1.375608671349664580e-01
24.8505 1.376251127053571000e-01
24.8589 1.376893264920834026e-01
24.8672 1.377535085147833793e-01
24.8755 1.378176587932996577e-01
24.8838 1.378817773471785191e-01
24.8921 1.379458641963544896e-01
24.9004 1.380099193607919605e-01
24.9087 1.380739428601693020e-01
24.917 1.381379347144908454e-01
24.9253 1.382018949438310051e-01
24.9336 1.382658235681005210e-01
24.942 1.383297206074023122e-01
24.9503 1.383935860818380215e-01
24.9586 1.384574200116601705e-01
24.9669 1.385212224169977691e-01
24.9752 1.385849933180187954e-01
24.9835 1.386487327350313936e-01
24.9918 1.387124406885238137e-01
25.0001 1.387761171987389464e-01
25.0084 1.388397622860186864e-01
25.0167 1.389033759708946103e-01
25.0251 1.389669582739156140e-01
25.0334 1.390305092155974254e-01
25.0417 1.390940288163318439e-01
25.05 1.391575170969412412e-01
25.0583 1.392209740780832039e-01
25.0666 1.392843997803815959e-01
25.0749 1.393477942245675560e-01
25.0832 1.394111574313284807e-01
25.0915 1.394744894216893294e-01
25.0998 1.395377902163596751e-01
25.1082 1.396010598362156241e-01
25.1165 1.396642983022593487e-01
25.1248 1.397275056354384259e-01
25.1331 1.397906818568059040e-01
25.1414 1.398538269873100537e-01
25.1497 1.399169410479943754e-01
25.158 1.399800240601373202e-01
25.1663 1.400430760448619916e-01
25.1746 1.401060970232862468e-01
25.1829 1.401690870165626379e-01
25.1913 1.402320460461671248e-01
25.1996 1.402949741332907285e-01
25.2079 1.403578712992082367e-01
25.2162 1.404207375654075995e-01
25.2245 1.404835729532211697e-01
25.2328 1.405463774840944868e-01
25.2411 1.406091511795758142e-01
25.2494 1.406718940610976465e-01
25.2577 1.407346061501950629e-01
25.266 1.407972874685152476e-01
25.2743 1.408599380376487631e-01
25.2827 1.409225578791791778e-01
25.291 1.409851470149203478e-01
25.2993 1.410477054664611707e-01
25.3076 1.411102332555117245e-01
25.3159 1.411727304041100195e-01
25.3242 1.412351969337730662e-01
25.3325 1.412976328664344861e-01
25.3408 1.413600382240099429e-01
25.3491 1.414224130284068015e-01
25.3574 1.414847573015538262e-01
25.3658 1.415470710653420061e-01
25.3741 1.416093543419093548e-01
25.3824 1.416716071532182208e-01
25.3907 1.417338295212518806e-01
25.399 1.417960214682200681e-01
25.4073 1.418581830162157498e-01
25.4156 1.419203141873032481e-01
25.4239 1.419824150038020705e-01
25.4322 1.420444854878070151e-01
25.4405 1.421065256615698935e-01
25.4489 1.421685355474207879e-01
25.4572 1.422305151676214463e-01
25.4655 1.422924645444825498e-01
25.4738 1.423543837004022372e-01
25.4821 1.424162726576420901e-01
25.4904 1.424781314387457976e-01
25.4987 1.425399600660909039e-01
25.507 1.426017585620544537e-01
25.5153 1.426635269493336522e-01
25.5236 1.427252652503232244e-01
25.532 1.427869734874950280e-01
25.5403 1.428486516834266695e-01
25.5486 1.429102998608881847e-01
25.5569 1.429719180423768277e-01
25.5652 1.430335062504178856e-01
25.5735 1.430950645079220040e-01
25.5818 1.431565928374885777e-01
25.5901 1.432180912616670410e-01
25.5984 1.432795598034494466e-01
25.6067 1.433409984855261721e-01
25.6151 1.434024073306725267e-01
25.6234 1.434637863617580222e-01
25.6317 1.435251356014667634e-01
25.64 1.435864550727888322e-01
25.6483 1.436477447986439504e-01
25.6566 1.437090048018532518e-01
25.6649 1.437702351054657435e-01
25.6732 1.438314357323257908e-01
25.6815 1.438926067053902524e-01
25.6898 1.439537480478428610e-01
25.6982 1.440148597825861021e-01
25.7065 1.440759419325482460e-01
25.7148 1.441369945209319270e-01
25.7231 1.441980175709070833e-01
25.7314 1.442590111054395108e-01
25.7397 1.443199751477684256e-01
25.748 1.443809097209097225e-01
25.7563 1.444418148481331488e-01
25.7646 1.445026905525898242e-01
25.7729 1.445635368575508006e-01
25.7812 1.446243537861971462e-01
25.7896 1.446851413618199522e-01
25.7979 1.447458996076299020e-01
25.8062 1.448066285468997960e-01
25.8145 1.448673282031255338e-01
25.8228 1.449279985994664788e-01
25.8311 1.449886397591909071e-01
25.8394 1.450492517058469821e-01
25.8477 1.451098344627406445e-01
25.856 1.451703880532583812e-01
25.8643 1.452309125009988433e-01
25.8727 1.452914078290828415e-01
25.881 1.453518740611364768e-01
25.8893 1.454123112207046098e-01
25.8976 1.454727193310813016e-01
25.9059 1.455330984159701746e-01
25.9142 1.455934484987674027e-01
25.9225 1.456537696030425211e-01
25.9308 1.457140617523875747e-01
25.9391 1.457743249702755650e-01
25.9474 1.458345592803900470e-01
25.9558 1.458947647063237041e-01
25.9641 1.459549412716537875e-01
25.9724 1.460150890000356805e-01
25.9807 1.460752079150997584e-01
25.989 1.461352980404701241e-01
25.9973 1.461953593998484846e-01
26.0056 1.462553920170424626e-01
26.0139 1.463153959156281714e-01
26.0222 1.463753711193062912e-01
26.0305 1.464353176518920219e-01
26.0389 1.464952355371002546e-01
26.0472 1.465551247986668637e-01
26.0555 1.466149854603022995e-01
26.0638 1.466748175459705039e-01
26.0721 1.467346210793582795e-01
26.0804 1.467943960842288675e-01
26.0887 1.468541425845335813e-01
26.097 1.469138606039188111e-01
26.1053 1.469735501664043986e-01
26.1136 1.470332112958445681e-01
26.122 1.470928440160395312e-01
26.1303 1.471524483508192538e-01
26.1386 1.472120243241908100e-01
26.1469 1.472715719599961837e-01
26.1552 1.473310912820787744e-01
26.1635 1.473905823145419958e-01
26.1718 1.474500450811946362e-01
26.1801 1.475094796060590907e-01
26.1884 1.475688859129926922e-01
26.1967 1.476282640259828638e-01
26.2051 1.476876139690824485e-01
26.2134 1.477469357661882754e-01
26.2217 1.478062294413362288e-01
26.23 1.478654950185902817e-01
26.2383 1.479247325218494835e-01
26.2466 1.479839419751331209e-01
26.2549 1.480431234025800236e-01
26.2632 1.481022768281734237e-01
26.2715 1.481614022758969695e-01
26.2798 1.482204997698994275e-01
26.2881 1.482795693341740773e-01
26.2965 1.483386109928057639e-01
26.3048 1.483976247699708706e-01
26.3131 1.484566106895897353e-01
26.3214 1.485155687758475951e-01
26.3297 1.485744990528017340e-01
26.338 1.486334015445821832e-01
26.3463 1.486922762753094818e-01
26.3546 1.487511232690583163e-01
26.3629 1.488099425500304107e-01
26.3712 1.488687341422723076e-01
26.3796 1.489274980699481221e-01
26.3879 1.489862343572033176e-01
26.3962 1.490449430282099752e-01
26.4045 1.491036241070848034e-01
26.4128 1.491622776179529208e-01
26.4211 1.492209035850926846e-01
26.4294 1.492795020325730360e-01
26.4377 1.493380729845797950e-01
26.446 1.493966164652977824e-01
26.4543 1.494551324988292185e-01
26.4627 1.495136211095464684e-01
26.471 1.495720823215403172e-01
26.4793 1.496305161589638610e-01
26.4876 1.496889226460137723e-01
26.4959 1.497473018069035988e-01
26.5042 1.498056536658183557e-01
26.5125 1.498639782471034854e-01
26.5208 1.499222755748328972e-01
26.5291 1.499805456731330977e-01
26.5374 1.500387885663807541e-01
26.5458 1.500970042788065673e-01
26.5541 1.501551928344872500e-01
26.5624 1.502133542576771785e-01
26.5707 1.502714885727721716e-01
26.579 1.503295958037449420e-01
26.5873 1.503876759749427361e-01
26.5956 1.504457291106298666e-01
26.6039 1.505037552349523522e-01
26.6122 1.505617543722152230e-01
26.6205 1.506197265465871460e-01
26.6289 1.506776717822793932e-01
26.6372 1.507355901036614987e-01
26.6455 1.507934815348063728e-01
26.6538 1.508513461000074996e-01
26.6621 1.509091838235114835e-01
26.6704 1.509669947295356751e-01
26.6787 1.510247788423660364e-01
26.687 1.510825361861172222e-01
26.6953 1.511402667851678983e-01
26.7036 1.511979706636364384e-01
26.712 1.512556478457009745e-01
26.7203 1.513132983557762268e-01
26.7286 1.513709222178929725e-01
26.7369 1.514285194563717296e-01
26.7452 1.514860900955918854e-01
26.7535 1.515436341595317316e-01
26.7618 1.516011516724768138e-01
26.7701 1.516586426586824521e-01
26.7784 1.517161071423397123e-01
26.7867 1.517735451476980579e-01
26.795 1.518309566989424209e-01
26.8034 1.518883418202807700e-01
26.8117 1.519457005359621804e-01
26.82 1.520030328701708067e-01
26.8283 1.520603388470964934e-01
26.8366 1.521176184909521223e-01
26.8449 1.521748718258683353e-01
26.8532 1.522320988760690330e-01
26.8615 1.522892996658359865e-01
26.8698 1.523464742193336441e-01
26.8781 1.524036225606091033e-01
26.8865 1.524607447139075533e-01
26.8948 1.525178407033919159e-01
26.9031 1.525749105532826222e-01
26.9114 1.526319542877529745e-01
26.9197 1.526889719309287852e-01
26.928 1.527459635069237098e-01
26.9363 1.528029290398565387e-01
26.9446 1.528598685540428215e-01
26.9529 1.529167820734892158e-01
26.9612 1.529736696222598613e-01
26.9696 1.530305312246326155e-01
26.9779 1.530873669047682628e-01
26.9862 1.531441766866065146e-01
26.9945 1.532009605943353836e-01
27.0028 1.532577186520952539e-01
27.0111 1.533144508839272835e-01
27.0194 1.533711573139986961e-01
27.0277 1.534278379662908087e-01
27.036 1.534844928649800599e-01
27.0443 1.535411220340571203e-01
27.0527 1.535977254976211293e-01
27.061 1.536543032798446673e-01
27.0693 1.537108554046112130e-01
27.0776 1.537673818959988392e-01
27.0859 1.538238827780728790e-01
27.0942 1.538803580749543987e-01
27.1025 1.539368078105106397e-01
27.1108 1.539932320087855633e-01
27.1191 1.540496306938102244e-01
27.1274 1.541060038896370221e-01
27.1358 1.541623516202537958e-01
27.1441 1.542186739095669501e-01
27.1524 1.542749707815214977e-01
27.1607 1.543312422601524347e-01
27.169 1.543874883693787670e-01
27.1773 1.544437091332438172e-01
27.1856 1.544999045755377221e-01
27.1939 1.545560747202949503e-01
27.2022 1.546122195914166608e-01
27.2105 1.546683392126716183e-01
27.2189 1.547244336082254923e-01
27.2272 1.547805028017869289e-01
27.2355 1.548365468171538917e-01
27.2438 1.548925656785035132e-01
27.2521 1.549485594094032193e-01
27.2604 1.550045280337820075e-01
27.2687 1.550604715755561358e-01
27.277 1.551163900585088851e-01
27.2853 1.551722835064283934e-01
27.2936 1.552281519431225887e-01
27.3019 1.552839953924550209e-01
27.3103 1.553398138781904303e-01
27.3186 1.553956074240132323e-01
27.3269 1.554513760537806766e-01
27.3352 1.555071197912861747e-01
27.3435 1.555628386601233260e-01
27.3518 1.556185326840933414e-01
27.3601 1.556742018869829713e-01
27.3684 1.557298462924485150e-01
27.3767 1.557854659242165762e-01
27.385 1.558410608059000724e-01
27.3934 1.558966309610642642e-01
27.4017 1.559521764136833633e-01
27.41 1.560076971871612594e-01
27.4183 1.560631933051085662e-01
27.4266 1.561186647913068160e-01
27.4349 1.561741116692896003e-01
27.4432 1.562295339626602886e-01
27.4515 1.562849316949932454e-01
27.4598 1.563403048897982484e-01
27.4681 1.563956535707236306e-01
27.4765 1.564509777613029007e-01
27.4848 1.565062774849399208e-01
27.4931 1.565615527652922667e-01
27.5014 1.566168036258043517e-01
27.5097 1.566720300899898388e-01
27.518 1.567272321813165392e-01
27.5263 1.567824099232048018e-01
27.5346 1.568375633391293211e-01
27.5429 1.568926924525504973e-01
27.5512 1.569477972868329463e-01
27.5596 1.570028778654271318e-01
27.5679 1.570579342117208177e-01
27.5762 1.571129663490049566e-01
27.5845 1.571679743006572927e-01
27.5928 1.572229580901417234e-01
27.6011 1.572779177407095108e-01
27.6094 1.573328532756151921e-01
27.6177 1.573877647182992945e-01
27.626 1.574426520919067485e-01
27.6343 1.574975154197520433e-01
27.6427 1.575523547251027889e-01
27.651 1.576071700312134949e-01
27.6593 1.576619613611766058e-01
27.6676 1.577167287384511618e-01
27.6759 1.577714721860700720e-01
27.6842 1.578261917271189529e-01
27.6925 1.578808873848520367e-01
27.7008 1.579355591824109228e-01
27.7091 1.579902071429899191e-01
27.7174 1.580448312896054197e-01
27.7258 1.580994316452441761e-01
27.7341 1.581540082332087704e-01
27.7424 1.582085610764759065e-01
27.7507 1.582630901980255911e-01
27.759 1.583175956208739965e-01
27.7673 1.583720773681225047e-01
27.7756 1.584265354627934774e-01
27.7839 1.584809699276340522e-01
27.7922 1.585353807857877440e-01
27.8005 1.585897680602208759e-01
27.8088 1.586441317737231627e-01
27.8172 1.586984719492348095e-01
27.8255 1.587527886096826157e-01
27.8338 1.588070817779639321e-01
27.8421 1.588613514767672485e-01
27.8504 1.589155977290615251e-01
27.8587 1.589698205577210477e-01
27.867 1.590240199853786562e-01
27.8753 1.590781960349962609e-01
27.8836 1.591323487290833283e-01
27.8919 1.591864780905592192e-01
27.9003 1.592405841421511425e-01
27.9086 1.592946669064109755e-01
27.9169 1.593487264061861364e-01
27.9252 1.594027626640835416e-01
27.9335 1.594567757027621768e-01
27.9418 1.595107655447869366e-01
27.9501 1.595647322128393997e-01
27.9584 1.596186757295230685e-01
27.9667 1.596725961173318664e-01
27.975 1.597264933987788682e-01
27.9834 1.597803675964774850e-01
27.9917 1.598342187329957753e-01
28 1.598880468306466962e-01
28.0083 1.599418519121176829e-01
28.0166 1.599956339997122556e-01
28.0249 1.600493931158178673e-01
28.0332 1.601031292830670250e-01
28.0415 1.601568425236602478e-01
28.0498 1.602105328599469636e-01
28.0581 1.602642003143276983e-01
28.0665 1.603178449092865776e-01
28.0748 1.603714666669414923e-01
28.0831 1.604250656095425609e-01
28.0914 1.604786417595513992e-01
28.0997 1.605321951391762425e-01
28.108 1.605857257705329277e-01
28.1163 1.606392336758845074e-01
28.1246 1.606927188773535076e-01
28.1329 1.607461813972736464e-01
28.1412 1.607996212576941475e-01
28.1496 1.608530384806358127e-01
28.1579 1.609064330882348515e-01
28.1662 1.609598051027421040e-01
28.1745 1.610131545461089275e-01
28.1828 1.610664814401946976e-01
28.1911 1.611197858073876443e-01
28.1994 1.611730676693789166e-01
28.2077 1.612263270482133526e-01
28.216 1.612795639659233560e-01
28.2243 1.613327784443537583e-01
28.2327 1.613859705053692084e-01
28.241 1.614391401709329710e-01
28.2493 1.614922874629797223e-01
28.2576 1.615454124031468208e-01
28.2659 1.615985150134079673e-01
28.2742 1.616515953155973351e-01
28.2825 1.617046533313157286e-01
28.2908 1.617576890823889668e-01
28.2991 1.618107025905673180e-01
28.3074 1.618636938775729894e-01
28.3157 1.619166629650370670e-01
28.3241 1.619696098746416513e-01
28.3324 1.620225346280724787e-01
28.3407 1.620754372468140025e-01
28.349 1.621283177525749131e-01
28.3573 1.621811761668944529e-01
28.3656 1.622340125112211040e-01
28.3739 1.622868268072429343e-01
28.3822 1.623396190763845559e-01
28.3905 1.623923893399801532e-01
28.3988 1.624451376198070285e-01
28.4072 1.624978639369561162e-01
28.4155 1.625505683129926660e-01
28.4238 1.626032507693130624e-01
28.4321 1.626559113271923707e-01
28.4404 1.627085500079721581e-01
28.4487 1.627611668330135597e-01
28.457 1.628137618236811801e-01
28.4653 1.628663350010470245e-01
28.4736 1.629188863864680648e-01
28.4819 1.629714160010398427e-01
28.4903 1.630239238660647905e-01
28.4986 1.630764100027241315e-01
28.5069 1.631288744322033357e-01
28.5152 1.631813171753805358e-01
28.5235 1.632337382534647940e-01
28.5318 1.632861376876689474e-01
28.5401 1.633385154988990506e-01
28.5484 1.633908717081274664e-01
28.5567 1.634432063363929211e-01
28.565 1.634955194047999771e-01
28.5734 1.635478109340542940e-01
28.5817 1.636000809451758908e-01
28.59 1.636523294591885891e-01
28.5983 1.637045564967027078e-01
28.6066 1.637567620788585865e-01
28.6149 1.638089462262596885e-01
28.6232 1.638611089596994086e-01
28.6315 1.639132503000678143e-01
28.6398 1.639653702680125003e-01
28.6481 1.640174688843394901e-01
28.6565 1.640695461696432822e-01
28.6648 1.641216021446462447e-01
28.6731 1.641736368299517579e-01
28.6814 1.642256502462446366e-01
28.6897 1.642776424139372748e-01
28.698 1.643296133538615367e-01
28.7063 1.643815630863313393e-01
28.7146 1.644334916319570572e-01
28.7229 1.644853990112918884e-01
28.7312 1.645372852447249956e-01
28.7396 1.645891503526041300e-01
28.7479 1.646409943553891753e-01
28.7562 1.646928172735137308e-01
28.7645 1.647446191272935734e-01
28.7728 1.647963999372630550e-01
28.7811 1.648481597234113527e-01
28.7894 1.648998985060227129e-01
28.7977 1.649516163055995133e-01
28.806 1.650033131422064259e-01
28.8143 1.650549890360808181e-01
28.8226 1.651066440074037689e-01
28.831 1.651582780762698988e-01
28.8393 1.652098912628851834e-01
28.8476 1.652614835872323606e-01
28.8559 1.653130550694358603e-01
28.8642 1.653646057295794225e-01
28.8725 1.654161355875696515e-01
28.8808 1.654676446635303666e-01
28.8891 1.655191329772568998e-01
28.8974 1.655706005487619370e-01
28.9057 1.656220473980024310e-01
28.9141 1.656734735447435714e-01
28.9224 1.657248790089524970e-01
28.9307 1.657762638104349762e-01
28.939 1.658276279688509491e-01
28.9473 1.658789715041072699e-01
28.9556 1.659302944359045129e-01
28.9639 1.659815967839937956e-01
28.9722 1.660328785679204555e-01
28.9805 1.660841398075515729e-01
28.9888 1.661353805224131397e-01
28.9972 1.661866007320213778e-01
29.0055 1.662378004561237688e-01
29.0138 1.662889797141572368e-01
29.0221 1.663401385256994269e-01
29.0304 1.663912769101233424e-01
29.0387 1.664423948871674996e-01
29.047 1.664934924760207990e-01
29.0553 1.665445696960880240e-01
29.0636 1.665956265668692426e-01
29.0719 1.666466631077502814e-01
29.0803 1.666976793379876809e-01
29.0886 1.667486752767840807e-01
29.0969 1.667996509436170394e-01
29.1052 1.668506063576108978e-01
29.1135 1.669015415379556944e-01
29.1218 1.669524565038920383e-01
29.1301 1.670033512746215143e-01
29.1384 1.670542258691427862e-01
29.1467 1.671050803065947943e-01
29.155 1.671559146061667445e-01
29.1634 1.672067287868306551e-01
29.1717 1.672575228675644010e-01
29.18 1.673082968673372806e-01
29.1883 1.673590508052282544e-01
29.1966 1.674097847002334605e-01
29.2049 1.674604985709394755e-01
29.2132 1.675111924364878768e-01
29.2215 1.675618663157149857e-01
29.2298 1.676125202272116810e-01
29.2381 1.676631541900043543e-01
29.2465 1.677137682228886095e-01
29.2548 1.677643623444002030e-01
29.2631 1.678149365733032639e-01
29.2714 1.678654909282793484e-01
29.2797 1.679160254280459286e-01
29.288 1.679665400911939666e-01
29.2963 1.680170349362325732e-01
29.3046 1.680675099818539631e-01
29.3129 1.681179652463887508e-01
29.3212 1.681684007484981758e-01
29.3295 1.682188165067023677e-01
29.3379 1.682692125392344085e-01
29.3462 1.683195888646864535e-01
29.3545 1.683699455014077140e-01
29.3628 1.684202824676367116e-01
29.3711 1.684705997818826961e-01
29.3794 1.685208974623536859e-01
29.3877 1.685711755273524848e-01
29.396 1.686214339950421748e-01
29.4043 1.686716728836515078e-01
29.4126 1.687218922114596953e-01
29.421 1.687720919965190192e-01
29.4293 1.688222722569034107e-01
29.4376 1.688724330108106741e-01
29.4459 1.689225742762995031e-01
29.4542 1.689726960714793558e-01
29.4625 1.690227984141751683e-01
29.4708 1.690728813223358884e-01
29.4791 1.691229448141068348e-01
29.4874 1.691729889072618176e-01
29.4957 1.692230136198002721e-01
29.5041 1.692730189694236220e-01
29.5124 1.693230049740583609e-01
29.5207 1.693729716515804118e-01
29.529 1.694229190196259449e-01
29.5373 1.694728470959550315e-01
29.5456 1.695227558982914939e-01
29.5539 1.695726454442941789e-01
29.5622 1.696225157516004223e-01
29.5705 1.696723668378552763e-01
29.5788 1.697221987207111205e-01
29.5872 1.697720114177121709e-01
29.5955 1.698218049462516532e-01
29.6038 1.698715793238893268e-01
29.6121 1.699213345682069332e-01
29.6204 1.699710706965774365e-01
29.6287 1.700207877263961720e-01
29.637 1.700704856750230309e-01
29.6453 1.701201645596964185e-01
29.6536 1.701698243979934133e-01
29.6619 1.702194652071248593e-01
29.6703 1.702690870041802806e-01
29.6786 1.703186898065734978e-01
29.6869 1.703682736314245383e-01
29.6952 1.704178384959046944e-01
29.7035 1.704673844171074037e-01
29.7118 1.705169114123059604e-01
29.7201 1.705664194985096471e-01
29.7284 1.706159086925785884e-01
29.7367 1.706653790116962888e-01
29.745 1.707148304729110277e-01
29.7534 1.707642630931507088e-01
29.7617 1.708136768891517776e-01
29.77 1.708630718779877711e-01
29.7783 1.709124480765688292e-01
29.7866 1.709618055015856841e-01
29.7949 1.710111441699655732e-01
29.8032 1.710604640984019487e-01
29.8115 1.711097653036683097e-01
29.8198 1.711590478024752893e-01
29.8281 1.712083116115709069e-01
29.8365 1.712575567474841076e-01
29.8448 1.713067832268523605e-01
29.8531 1.713559910664494979e-01
29.8614 1.714051802826605797e-01
29.8697 1.714543508921351767e-01
29.878 1.715035029111911524e-01
29.8863 1.715526363564249257e-01
29.8946 1.716017512443848425e-01
29.9029 1.716508475912602860e-01
29.9112 1.716999254135609942e-01
29.9195 1.717489847276925385e-01
29.9279 1.717980255496600328e-01
29.9362 1.718470478961132142e-01
29.9445 1.718960517832588686e-01
29.9528 1.719450372272287586e-01
29.9611 1.719940042442060224e-01
29.9694 1.720429528502847583e-01
29.9777 1.720918830618357043e-01
29.986 1.721407948947602518e-01
29.9943 1.721896883652368482e-01
30.0026 1.722385634892843465e-01
30.011 1.722874202827486823e-01
30.0193 1.723362587619486075e-01
30.0276 1.723850789426366881e-01
30.0359 1.724338808406036538e-01
30.0442 1.724826644720141022e-01
30.0525 1.725314298525237877e-01
30.0608 1.725801769980364331e-01
30.0691 1.726289059243812929e-01
30.0774 1.726776166472438478e-01
30.0857 1.727263091823190155e-01
30.0941 1.727749835455355265e-01
30.1024 1.728236397524684220e-01
30.1107 1.728722778186052300e-01
30.119 1.729208977596808916e-01
30.1273 1.729694995913004518e-01
30.1356 1.730180833289539644e-01
30.1439 1.730666489881832193e-01
30.1522 1.731151965845260654e-01
30.1605 1.731637261333359157e-01
30.1688 1.732122376501155359e-01
30.1772 1.732607311503220615e-01
30.1855 1.733092066492284977e-01
30.1938 1.733576641621462355e-01
30.2021 1.734061037044522802e-01
30.2104 1.734545252913539393e-01
30.2187 1.735029289381657125e-01
30.227 1.735513146600742851e-01
30.2353 1.735996824721522669e-01
30.2436 1.736480323897733324e-01
30.2519 1.736963644279344021e-01
30.2603 1.737446786016432210e-01
30.2686 1.737929749260287149e-01
30.2769 1.738412534160649892e-01
30.2852 1.738895140869298195e-01
30.2935 1.739377569534117651e-01
30.3018 1.739859820304897609e-01
30.3101 1.740341893330156764e-01
30.3184 1.740823788759898738e-01
30.3267 1.741305506742448217e-01
30.335 1.741787047424452339e-01
30.3434 1.742268410953769497e-01
30.3517 1.742749597479741619e-01
30.36 1.743230607148113231e-01
30.3683 1.743711440105702171e-01
30.3766 1.744192096499301570e-01
30.3849 1.744672576475406189e-01
30.3932 1.745152880180482480e-01
30.4015 1.745633007758648769e-01
30.4098 1.746112959356463379e-01
30.4181 1.746592735119228135e-01
30.4264 1.747072335189218395e-01
30.4348 1.747551759713059372e-01
30.4431 1.748031008835166655e-01
30.4514 1.748510082698298274e-01
30.4597 1.748988981446284174e-01
30.468 1.749467705221569580e-01
30.4763 1.749946254166854787e-01
30.4846 1.750424628425774620e-01
30.4929 1.750902828140308287e-01
30.5012 1.751380853452962350e-01
30.5095 1.751858704503506947e-01
30.5179 1.752336381434684565e-01
30.5262 1.752813884387862953e-01
30.5345 1.753291213501813328e-01
30.5428 1.753768368917600629e-01
30.5511 1.754245350776814094e-01
30.5594 1.754722159218587707e-01
30.5677 1.755198794381365446e-01
30.576 1.755675256404389262e-01
30.5843 1.756151545427430127e-01
30.5926 1.756627661588621991e-01
30.601 1.757103605025410742e-01
30.6093 1.757579375877121597e-01
30.6176 1.758054974280637561e-01
30.6259 1.758530400372560476e-01
30.6342 1.759005654291101728e-01
30.6425 1.759480736172034099e-01
30.6508 1.759955646152469300e-01
30.6591 1.760430384367623613e-01
30.6674 1.760904950953783576e-01
30.6757 1.761379346046686445e-01
30.6841 1.761853569781121898e-01
30.6924 1.762327622292005902e-01
30.7007 1.762801503712371209e-01
30.709 1.763275214178060546e-01
30.7173 1.763748753824238291e-01
30.7256 1.764222122782040936e-01
30.7339 1.764695321184614474e-01
30.7422 1.765168349167775819e-01
30.7505 1.765641206861313650e-01
30.7588 1.766113894399698181e-01
30.7672 1.766586411912846877e-01
30.7755 1.767058759533754186e-01
30.7838 1.767530937393270718e-01
30.7921 1.768002945624381206e-01
30.8004 1.768474784357001728e-01
30.8087 1.768946453719314194e-01
30.817 1.769417953843901159e-01
30.8253 1.769889284861075884e-01
30.8336 1.770360446899424123e-01
30.8419 1.770831440087932140e-01
30.8503 1.771302264555721928e-01
30.8586 1.771772920432846954e-01
30.8669 1.772243407845774665e-01
30.8752 1.772713726923502431e-01
30.8835 1.773183877794363983e-01
30.8918 1.773653860584708808e-01
30.9001 1.774123675423409652e-01
30.9084 1.774593322434442622e-01
30.9167 1.775062801746424557e-01
30.925 1.775532113485462360e-01
30.9333 1.776001257777272413e-01
30.9417 1.776470234747445920e-01
30.95 1.776939044521450295e-01
30.9583 1.777407687224098476e-01
30.9666 1.777876162979554198e-01
30.9749 1.778344471914230784e-01
30.9832 1.778812614150199201e-01
30.9915 1.779280589810465774e-01
30.9998 1.779748399021865157e-01
31.0081 1.780216041906368118e-01
31.0164 1.780683518584512681e-01
31.0248 1.781150829180665474e-01
31.0331 1.781617973818540590e-01
31.0414 1.782084952617796203e-01
31.0497 1.782551765700075008e-01
31.058 1.783018413187687501e-01
31.0663 1.783484895203610865e-01
31.0746 1.783951211866250941e-01
31.0829 1.784417363294684700e-01
31.0912 1.784883349612325920e-01
31.0995 1.785349170936974261e-01
31.1079 1.785814827389716752e-01
31.1162 1.786280319087605595e-01
31.1245 1.786745646152281541e-01
31.1328 1.787210808701353015e-01
31.1411 1.787675806850494709e-01
31.1494 1.788140640721528341e-01
31.1577 1.788605310431466977e-01
31.166 1.789069816095912868e-01
31.1743 1.789534157834005434e-01
31.1826 1.789998335762949810e-01
31.191 1.790462349996199409e-01
31.1993 1.790926200652303846e-01
31.2076 1.791389887848659213e-01
31.2159 1.791853411696063825e-01
31.2242 1.792316772314297146e-01
31.2325 1.792779969817837327e-01
31.2408 1.793243004320798084e-01
31.2491 1.793705875936672245e-01
31.2574 1.794168584780142794e-01
31.2657 1.794631130966303223e-01
31.2741 1.795093514607298268e-01
31.2824 1.795555735816204979e-01
31.2907 1.796017794708062443e-01
31.299 1.796479691393417233e-01
31.3073 1.796941425983233087e-01
31.3156 1.797402998593788936e-01
31.3239 1.797864409335329927e-01
31.3322 1.798325658317741216e-01
31.3405 1.798786745652618257e-01
31.3488 1.799247671453255426e-01
31.3572 1.799708435827185316e-01
31.3655 1.800169038884419648e-01
31.3738 1.800629480737697963e-01
31.3821 1.801089761495805741e-01
31.3904 1.801549881267434372e-01
31.3987 1.802009840161692966e-01
31.407 1.802469638287849674e-01
31.4153 1.802929275754053817e-01
31.4236 1.803388752668105555e-01
31.4319 1.803848069140523425e-01
31.4402 1.804307225274568438e-01
31.4486 1.804766221180828800e-01
31.4569 1.805225056965706898e-01
31.4652 1.805683732735769709e-01
31.4735 1.806142248597236433e-01
31.4818 1.806600604655727027e-01
31.4901 1.807058801018045502e-01
31.4984 1.807516837788865904e-01
31.5067 1.807974715074813499e-01
31.515 1.808432432980129345e-01
31.5233 1.808889991609730075e-01
31.5317 1.809347391066920552e-01
31.54 1.809804631455934898e-01
31.5483 1.810261712882954566e-01
31.5566 1.810718635448481106e-01
31.5649 1.811175399257760887e-01
31.5732 1.811632004413158692e-01
31.5815 1.812088451017211110e-01
31.5898 1.812544739171355890e-01
31.5981 1.813000868979481039e-01
31.6064 1.813456840541845250e-01
31.6148 1.813912653960144672e-01
31.6231 1.814368309337004159e-01
31.6314 1.814823806771173054e-01
31.6397 1.815279146365113838e-01
31.648 1.815734328217668281e-01
31.6563 1.816189352430377935e-01
31.6646 1.816644219102180047e-01
31.6729 1.817098928331428997e-01
31.6812 1.817553480219426809e-01
31.6895 1.818007874863867834e-01
31.6979 1.818462112362369265e-01
31.7062 1.818916192815495103e-01
31.7145 1.819370116320206121e-01
31.7228 1.819823882973892470e-01
31.7311 1.820277492873618175e-01
31.7394 1.820730946117877780e-01
31.7477 1.821184242803585984e-01
31.756 1.821637383024822254e-01
31.7643 1.822090366880611823e-01
31.7726 1.822543194466644534e-01
31.781 1.822995865877035104e-01
31.7893 1.823448381207333213e-01
31.7976 1.823900740555265132e-01
31.8059 1.824352944014982769e-01
31.8142 1.824804991678320165e-01
31.8225 1.825256883640294370e-01
31.8308 1.825708619998092919e-01
31.8391 1.826160200842847914e-01
31.8474 1.826611626267866384e-01
31.8557 1.827062896367637468e-01
31.8641 1.827514011234086522e-01
31.8724 1.827964970961317437e-01
31.8807 1.828415775638385088e-01
31.889 1.828866425360503867e-01
31.8973 1.829316920219087594e-01
31.9056 1.829767260303497844e-01
31.9139 1.830217445706761592e-01
31.9222 1.830667476519602932e-01
31.9305 1.831117352832933309e-01
31.9388 1.831567074736108747e-01
31.9471 1.832016642319173050e-01
31.9555 1.832466055673095118e-01
31.9638 1.832915314887544611e-01
31.9721 1.833364420049406196e-01
31.9804 1.833813371249219115e-01
31.9887 1.834262168577212304e-01
31.997 1.834710812120093903e-01
32.0053 1.835159301964514600e-01
32.0136 1.835607638201514069e-01
32.0219 1.836055820917377179e-01
32.0302 1.836503850197352961e-01
32.0386 1.836951726131314244e-01
32.0469 1.837399448805378810e-01
32.0552 1.837847018304626934e-01
32.0635 1.838294434716789827e-01
32.0718 1.838741698127081547e-01
32.0801 1.839188808620910720e-01
32.0884 1.839635766285103446e-01
32.0967 1.840082571202746875e-01
32.105 1.840529223459335117e-01
32.1133 1.840975723140306497e-01
32.1217 1.841422070329082616e-01
32.13 1.841868265110261915e-01
32.1383 1.842314307566431664e-01
32.1466 1.842760197782088161e-01
32.1549 1.843205935839471454e-01
32.1632 1.843651521823710393e-01
32.1715 1.844096955814501781e-01
32.1798 1.844542237895409054e-01
32.1881 1.844987368149210716e-01
32.1964 1.845432346656684375e-01
32.2048 1.845877173500026225e-01
32.2131 1.846321848760895945e-01
32.2214 1.846766372518468535e-01
32.2297 1.847210744856262465e-01
32.238 1.847654965852631725e-01
32.2463 1.848099035588079420e-01
32.2546 1.848542954143791717e-01
32.2629 1.848986721597750127e-01
32.2712 1.849430338029839915e-01
32.2795 1.849873803520869497e-01
32.2879 1.850317118146753148e-01
32.2962 1.850760281987486877e-01
32.3045 1.851203295121813530e-01
32.3128 1.851646157627463429e-01
32.3211 1.852088869584303521e-01
32.3294 1.852531431066835321e-01
32.3377 1.852973842150252848e-01
32.346 1.853416102916478903e-01
32.3543 1.853858213442558800e-01
32.3626 1.854300173799943441e-01
32.371 1.854741984068743466e-01
32.3793 1.855183644323476766e-01
32.3876 1.855625154640314911e-01
32.3959 1.856066515094907665e-01
32.4042 1.856507725761907812e-01
32.4125 1.856948786715929556e-01
32.4208 1.857389698031795822e-01
32.4291 1.857830459784291788e-01
32.4374 1.858271072046246142e-01
32.4457 1.858711534893578987e-01
32.454 1.859151848398089002e-01
32.4624 1.859592012635387370e-01
32.4707 1.860032027675289634e-01
32.479 1.860471893591422177e-01
32.4873 1.860911610459294874e-01
32.4956 1.861351178347912805e-01
32.5039 1.861790597330088559e-01
32.5122 1.862229867478361889e-01
32.5205 1.862668988862133113e-01
32.5288 1.863107961555796055e-01
32.5371 1.863546785629408842e-01
32.5455 1.863985461151571044e-01
32.5538 1.864423988194676418e-01
32.5621 1.864862366828223816e-01
32.5704 1.865300597121926363e-01
32.5787 1.865738679147851409e-01
32.587 1.866176612972797466e-01
32.5953 1.866614398664495356e-01
32.6036 1.867052036296835693e-01
32.6119 1.867489525935116801e-01
32.6202 1.867926867646756695e-01
32.6286 1.868364061503664242e-01
32.6369 1.868801107570595144e-01
32.6452 1.869238005916322165e-01
32.6535 1.869674756608881994e-01
32.6618 1.870111359712966770e-01
32.6701 1.870547815298940209e-01
32.6784 1.870984123431453372e-01
32.6867 1.871420284175849269e-01
32.695 1.871856297600529018e-01
32.7033 1.872292163771031581e-01
32.7117 1.872727882751929196e-01
32.72 1.873163454608960388e-01
32.7283 1.873598879408080731e-01
32.7366 1.874034157212391694e-01
32.7449 1.874469288088990437e-01
32.7532 1.874904272100944846e-01
32.7615 1.875339109309894225e-01
32.7698 1.875773799784530016e-01
32.7781 1.876208343586694138e-01
32.7864 1.876642740778213525e-01
32.7948 1.877076991423019536e-01
32.8031 1.877511095584559198e-01
32.8114 1.877945053326496028e-01
32.8197 1.878378864709895624e-01
32.828 1.878812529795343411e-01
32.8363 1.879246048647637002e-01
32.8446 1.879679421328035727e-01
32.8529 1.880112647896386990e-01
32.8612 1.880545728414865780e-01
32.8695 1.880978662943997293e-01
32.8779 1.881411451544063584e-01
32.8862 1.881844094278138924e-01
32.8945 1.882276591203912164e-01
32.9028 1.882708942382098349e-01
32.9111 1.883141147871769672e-01
32.9194 1.883573207733390820e-01
32.9277 1.884005122026482792e-01
32.936 1.884436890807525133e-01
32.9443 1.884868514138357543e-01
32.9526 1.885299992077774378e-01
32.9609 1.885731324680142429e-01
32.9693 1.886162512006575309e-01
32.9776 1.886593554113989712e-01
32.9859 1.887024451061387886e-01
32.9942 1.887455202905676532e-01
33.0025 1.887885809701432271e-01
33.0108 1.888316271506715882e-01
33.0191 1.888746588381436942e-01
33.0274 1.889176760376451714e-01
33.0357 1.889606787551894040e-01
33.044 1.890036669963023330e-01
33.0524 1.890466407665558624e-01
33.0607 1.890896000712442571e-01
33.069 1.891325449161708194e-01
33.0773 1.891754753067912687e-01
33.0856 1.892183912484691477e-01
33.0939 1.892612927466835182e-01
33.1022 1.893041798070516646e-01
33.1105 1.893470524347063699e-01
33.1188 1.893899106350805106e-01
33.1271 1.894327544136764074e-01
33.1355 1.894755837757424177e-01
33.1438 1.895183987265046666e-01
33.1521 1.895611992715115490e-01
33.1604 1.896039854157134108e-01
33.1687 1.896467571643142280e-01
33.177 1.896895145230008128e-01
33.1853 1.897322574966329722e-01
33.1936 1.897749860903010233e-01
33.2019 1.898177003093023396e-01
33.2102 1.898604001587968770e-01
33.2186 1.899030856438991832e-01
33.2269 1.899457567694726456e-01
33.2352 1.899884135405874863e-01
33.2435 1.900310559626122442e-01
33.2518 1.900736840403892403e-01
33.2601 1.901162977788077302e-01
33.2684 1.901588971828948871e-01
33.2767 1.902014822576331421e-01
33.285 1.902440530079140546e-01
33.2933 1.902866094386077012e-01
33.3017 1.903291515546076118e-01
33.31 1.903716793607171942e-01
33.3183 1.904141928620143587e-01
33.3266 1.904566920630083871e-01
33.3349 1.904991769686653347e-01
33.3432 1.905416475837471424e-01
33.3515 1.905841039127443293e-01
33.3598 1.906265459607398294e-01
33.3681 1.906689737322264100e-01
33.3764 1.907113872318351167e-01
33.3848 1.907537864643567005e-01
33.3931 1.907961714344020010e-01
33.4014 1.908385421465830512e-01
33.4097 1.908808986054227053e-01
33.418 1.909232408154453997e-01
33.4263 1.909655687814486857e-01
33.4346 1.910078825077110576e-01
33.4429 1.910501819986709926e-01
33.4512 1.910924672590176565e-01
33.4595 1.911347382931474492e-01
33.4678 1.911769951054361760e-01
33.4762 1.912192377003517629e-01
33.4845 1.912614660823636070e-01
33.4928 1.913036802556499216e-01
33.5011 1.913458802247288704e-01
33.5094 1.913880659938949902e-01
33.5177 1.914302375672872758e-01
33.526 1.914723949494294697e-01
33.5343 1.915145381443069950e-01
33.5426 1.915566671564923051e-01
33.5509 1.915987819900875078e-01
33.5593 1.916408826491069750e-01
33.5676 1.916829691381514433e-01
33.5759 1.917250414608580311e-01
33.5842 1.917670996215175006e-01
33.5925 1.918091436245343839e-01
33.6008 1.918511734736655650e-01
33.6091 1.918931891732527095e-01
33.6174 1.919351907271920343e-01
33.6257 1.919771781394493115e-01
33.634 1.920191514141939837e-01
33.6424 1.920611105553519105e-01
33.6507 1.921030555668294115e-01
33.659 1.921449864526465767e-01
33.6673 1.921869032166925728e-01
33.6756 1.922288058629478824e-01
33.6839 1.922706943952175451e-01
33.6922 1.923125688173537295e-01
33.7005 1.923544291332113798e-01
33.7088 1.923962753466925968e-01
33.7171 1.924381074615019727e-01
33.7255 1.924799254814802407e-01
33.7338 1.925217294104044907e-01
33.7421 1.925635192520099570e-01
33.7504 1.926052950098794680e-01
33.7587 1.926470566879540380e-01
33.767 1.926888042896670317e-01
33.7753 1.927305378187213203e-01
33.7836 1.927722572790886435e-01
33.7919 1.928139626740122681e-01
33.8002 1.928556540071154901e-01
33.8086 1.928973312822019615e-01
33.8169 1.929389945027459863e-01
33.8252 1.929806436720486185e-01
33.8335 1.930222787939004925e-01
33.8418 1.930638998719406418e-01
33.8501 1.931055069090383547e-01
33.8584 1.931470999093029273e-01
33.8667 1.931886788761180973e-01
33.875 1.932302438122540378e-01
33.8833 1.932717947217191534e-01
33.8917 1.933133316079296282e-01
33.9 1.933548544738209751e-01
33.9083 1.933963633230147972e-01
33.9166 1.934378581588720725e-01
33.9249 1.934793389845374523e-01
33.9332 1.935208058033789924e-01
33.9415 1.935622586186369065e-01
33.9498 1.936036974335985650e-01
33.9581 1.936451222514237458e-01
33.9664 1.936865330753635150e-01
33.9747 1.937279299085194195e-01
33.9831 1.937693127541940674e-01
33.9914 1.938106816154308298e-01
33.9997 1.938520364953210950e-01
34.008 1.938933773972006946e-01
34.0163 1.939347043239063317e-01
34.0246 1.939760172785410242e-01
34.0329 1.940173162643649418e-01
34.0412 1.940586012841617192e-01
34.0495 1.940998723410463367e-01
34.0578 1.941411294381163999e-01
34.0662 1.941823725781679777e-01
34.0745 1.942236017642414436e-01
34.0828 1.942648169992504947e-01
34.0911 1.943060182861348351e-01
34.0994 1.943472056278384708e-01
34.1077 1.943883790271138112e-01
34.116 1.944295384870439736e-01
34.1243 1.944706840103030687e-01
34.1326 1.945118155995701203e-01
34.1409 1.945529332578977699e-01
34.1493 1.945940369882338816e-01
34.1576 1.946351267930538087e-01
34.1659 1.946762026749896402e-01
34.1742 1.947172646371546911e-01
34.1825 1.947583126819731891e-01
34.1908 1.947993468122427851e-01
34.1991 1.948403670306351476e-01
34.2074 1.948813733398921666e-01
34.2157 1.949223657427164580e-01
34.224 1.949633442414269724e-01
34.2324 1.950043088388009327e-01
34.2407 1.950452595374907172e-01
34.249 1.950861963400241095e-01
34.2573 1.951271192489335005e-01
34.2656 1.951680282666487520e-01
34.2739 1.952089233957769177e-01
34.2822 1.952498046390374054e-01
34.2905 1.952906719986809980e-01
34.2988 1.953315254770069120e-01
34.3071 1.953723650768137421e-01
34.3155 1.954131908003247931e-01
34.3238 1.954540026500477257e-01
34.3321 1.954948006282590245e-01
34.3404 1.955355847373478617e-01
34.3487 1.955763549798371914e-01
34.357 1.956171113578691334e-01
34.3653 1.956578538739124629e-01
34.3736 1.956985825301199855e-01
34.3819 1.957392973288854532e-01
34.3902 1.957799982725434984e-01
34.3986 1.958206853631985767e-01
34.4069 1.958613586031108245e-01
34.4152 1.959020179947160156e-01
34.4235 1.959426635397937821e-01
34.4318 1.959832952407481732e-01
34.4401 1.960239131000313939e-01
34.4484 1.960645171195884717e-01
34.4567 1.961051073012644030e-01
34.465 1.961456836473571552e-01
34.4733 1.961862461600423213e-01
34.4816 1.962267948415646612e-01
34.49 1.962673296936852663e-01
34.4983 1.963078507185753441e-01
34.5066 1.963483579182627170e-01
34.5149 1.963888512947598031e-01
34.5232 1.964293308500633106e-01
34.5315 1.964697965861124385e-01
34.5398 1.965102485049792791e-01
34.5481 1.965506866084871240e-01
34.5564 1.965911108987832556e-01
34.5647 1.966315213774698367e-01
34.5731 1.966719180466635353e-01
34.5814 1.967123009081902796e-01
34.5897 1.967526699638398047e-01
34.598 1.967930252156404325e-01
34.6063 1.968333666653515612e-01
34.6146 1.968736943147387786e-01
34.6229 1.969140081655316177e-01
34.6312 1.969543082195502337e-01
34.6395 1.969945944788526193e-01
34.6478 1.970348669448282464e-01
34.6562 1.970751256192943002e-01
34.6645 1.971153705040955828e-01
34.6728 1.971556016008929324e-01
34.6811 1.971958189112909543e-01
34.6894 1.972360224370054982e-01
34.6977 1.972762121796954593e-01
34.706 1.973163881411102993e-01
34.7143 1.973565503227956153e-01
34.7226 1.973966987261987771e-01
34.7309 1.974368333530041042e-01
34.7393 1.974769542050283377e-01
34.7476 1.975170612836959771e-01
34.7559 1.975571545902917447e-01
34.7642 1.975972341266304666e-01
34.7725 1.976372998941774706e-01
34.7808 1.976773518943418795e-01
34.7891 1.977173901287903601e-01
34.7974 1.977574145989034748e-01
34.8057 1.977974253060685028e-01
34.814 1.978374222517002012e-01
34.8224 1.978774054373454994e-01
34.8307 1.979173748642656383e-01
34.839 1.979573305339165090e-01
34.8473 1.979972724479063806e-01
34.8556 1.980372006072877999e-01
34.8639 1.980771150135159087e-01
34.8722 1.981170156679903371e-01
34.8805 1.981569025718883104e-01
34.8888 1.981967757265401531e-01
34.8971 1.982366351331994736e-01
34.9055 1.982764807935215035e-01
34.9138 1.983163127081923605e-01
34.9221 1.983561308786529198e-01
34.9304 1.983959353065165021e-01
34.9387 1.984357259925322858e-01
34.947 1.984755029379338398e-01
34.9553 1.985152661441065558e-01
34.9636 1.985550156122355692e-01
34.9719 1.985947513432029521e-01
34.9802 1.986344733382912342e-01
34.9885 1.986741815987894677e-01
34.9969 1.987138761256634356e-01
35.0052 1.987535569199689600e-01
35.0135 1.987932239828307523e-01
35.0218 1.988328773153191786e-01
35.0301 1.988725169184290820e-01
35.0384 1.989121427933895347e-01
35.0467 1.989517549409832720e-01
35.055 1.989913533623511033e-01
35.0633 1.990309380585992549e-01
35.0716 1.990705090304920322e-01
35.08 1.991100662790684650e-01
35.0883 1.991496098053543717e-01
35.0966 1.991891396101980460e-01
35.1049 1.992286556945169207e-01
35.1132 1.992681580595027369e-01
35.1215 1.993076467057185441e-01
35.1298 1.993471216340017560e-01
35.1381 1.993865828454435274e-01
35.1464 1.994260303408143808e-01
35.1547 1.994654641211995039e-01
35.1631 1.995048841870982470e-01
35.1714 1.995442905394269884e-01
35.1797 1.995836831790276378e-01
35.188 1.996230621064641608e-01
35.1963 1.996624273228186086e-01
35.2046 1.997017788289354723e-01
35.2129 1.997411166252179848e-01
35.2212 1.997804407124857962e-01
35.2295 1.998197510916473463e-01
35.2378 1.998590477633131191e-01
35.2462 1.998983307279998400e-01
35.2545 1.999375999866801201e-01
35.2628 1.999768555399268066e-01
35.2711 2.000160973881382476e-01
35.2794 2.000553255323913593e-01
35.2877 2.000945399730392482e-01
35.296 2.001337407106259236e-01
35.3043 2.001729277462110101e-01
35.3126 2.002121010799079448e-01
35.3209 2.002512607121631760e-01
35.3293 2.002904066441814346e-01
35.3376 2.003295388759994411e-01
35.3459 2.003686574082500504e-01
35.3542 2.004077622417155535e-01
35.3625 2.004468533765591531e-01
35.3708 2.004859308136194840e-01
35.3791 2.005249945529954392e-01
35.3874 2.005640445953804640e-01
35.3957 2.006030809412735760e-01
35.404 2.006421035908997896e-01
35.4124 2.006811125451379296e-01
35.4207 2.007201078040074804e-01
35.429 2.007590893680001876e-01
35.4373 2.007980572378176565e-01
35.4456 2.008370114133032625e-01
35.4539 2.008759518951750700e-01
35.4622 2.009148786838370060e-01
35.4705 2.009537917795404527e-01
35.4788 2.009926911825856422e-01
35.4871 2.010315768932206537e-01
35.4954 2.010704489119634619e-01
35.5038 2.011093072391994252e-01
35.5121 2.011481518748608754e-01
35.5204 2.011869828194307319e-01
35.5287 2.012258000732193852e-01
35.537 2.012646036362253921e-01
35.5453 2.013033935089966198e-01
35.5536 2.013421696916288528e-01
35.5619 2.013809321844464706e-01
35.5702 2.014196809875027361e-01
35.5785 2.014584161009990992e-01
35.5869 2.014971375251260466e-01
35.5952 2.015358452602621087e-01
35.6035 2.015745393062554625e-01
35.6118 2.016132196634021490e-01
35.6201 2.016518863317675325e-01
35.6284 2.016905393116049938e-01
35.6367 2.017291786029971890e-01
35.645 2.017678042058762278e-01
35.6533 2.018064161205216644e-01
35.6616 2.018450143469826541e-01
35.67 2.018835988851781504e-01
35.6783 2.019221697353738854e-01
35.6866 2.019607268974666081e-01
35.6949 2.019992703715210725e-01
35.7032 2.020378001576107752e-01
35.7115 2.020763162556196979e-01
35.7198 2.021148186655399304e-01
35.7281 2.021533073876102815e-01
35.7364 2.021917824217017712e-01
35.7447 2.022302437675360387e-01
35.7531 2.022686914251016210e-01
35.7614 2.023071253947515413e-01
35.7697 2.023455456762542903e-01
35.778 2.023839522690713821e-01
35.7863 2.024223451736815726e-01
35.7946 2.024607243898014219e-01
35.8029 2.024990899171768832e-01
35.8112 2.025374417558785667e-01
35.8195 2.025757799055523112e-01
35.8278 2.026141043662474106e-01
35.8362 2.026524151377462057e-01
35.8445 2.026907122200370670e-01
35.8528 2.027289956126844261e-01
35.8611 2.027672653154196092e-01
35.8694 2.028055213284550573e-01
35.8777 2.028437636513043818e-01
35.886 2.028819922838048795e-01
35.8943 2.029202072258818879e-01
35.9026 2.029584084768807084e-01
35.9109 2.029965960369412570e-01
35.9193 2.030347699056630484e-01
35.9276 2.030729300828120198e-01
35.9359 2.031110765680455288e-01
35.9442 2.031492093611090288e-01
35.9525 2.031873284617569664e-01
35.9608 2.032254338695966833e-01
35.9691 2.032635255842839272e-01
35.9774 2.033016036056013442e-01
35.9857 2.033396679331843648e-01
35.994 2.033777185666388043e-01
36.0023 2.034157555055408906e-01
36.0107 2.034537787495935834e-01
36.019 2.034917882983529602e-01
36.0273 2.035297841514628336e-01
36.0356 2.035677663087320233e-01
36.0439 2.036057347694723851e-01
36.0522 2.036436895333171015e-01
36.0605 2.036816305997919963e-01
36.0688 2.037195579686660041e-01
36.0771 2.037574716392893948e-01
36.0854 2.037953716113332647e-01
36.0938 2.038332578842451392e-01
36.1021 2.038711304575210603e-01
36.1104 2.039089893307441392e-01
36.1187 2.039468345034295693e-01
36.127 2.039846659750244873e-01
36.1353 2.040224837448309514e-01
36.1436 2.040602878126643038e-01
36.1519 2.040980781779230535e-01
36.1602 2.041358548398995998e-01
36.1685 2.041736177981670064e-01
36.1769 2.042113670520757374e-01
36.1852 2.042491026010249955e-01
36.1935 2.042868244445393000e-01
36.2018 2.043245325821143599e-01
36.2101 2.043622270129081264e-01
36.2184 2.043999077364746231e-01
36.2267 2.044375747521071096e-01
36.235 2.044752280591476401e-01
36.2433 2.045128676571406345e-01
36.2516 2.045504935454474094e-01
36.26 2.045881057232467881e-01
36.2683 2.046257041898817131e-01
36.2766 2.046632889446279024e-01
36.2849 2.047008599869246104e-01
36.2932 2.047384173162978549e-01
36.3015 2.047759609318223761e-01
36.3098 2.048134908326216808e-01
36.3181 2.048510070182510412e-01
36.3264 2.048885094878537816e-01
36.3347 2.049259982406601011e-01
36.3431 2.049634732760632350e-01
36.3514 2.050009345933895277e-01
36.3597 2.050383821916309801e-01
36.368 2.050758160699810706e-01
36.3763 2.051132362280640442e-01
36.3846 2.051506426647490000e-01
36.3929 2.051880353793359146e-01
36.4012 2.052254143711347012e-01
36.4095 2.052627796391597037e-01
36.4178 2.053001311827409858e-01
36.4262 2.053374690008367975e-01
36.4345 2.053747930930640841e-01
36.4428 2.054121034581346261e-01
36.4511 2.054494000952661881e-01
36.4594 2.054866830037625491e-01
36.4677 2.055239521827472160e-01
36.476 2.055612076312016701e-01
36.4843 2.055984493484219466e-01
36.4926 2.056356773334478139e-01
36.5009 2.056728915851397665e-01
36.5092 2.057100921030896867e-01
36.5176 2.057472788860644497e-01
36.5259 2.057844519329551647e-01
36.5342 2.058216112431943967e-01
36.5425 2.058587568159211123e-01
36.5508 2.058958886497918583e-01
36.5591 2.059330067442693701e-01
36.5674 2.059701110979933192e-01
36.5757 2.060072017101060027e-01
36.584 2.060442785798732579e-01
36.5923 2.060813417060039510e-01
36.6007 2.061183910879353376e-01
36.609 2.061554267243969896e-01
36.6173 2.061924486140163382e-01
36.6256 2.062294567564871839e-01
36.6339 2.062664511502314002e-01
36.6422 2.063034317946613461e-01
36.6505 2.063403986884460306e-01
36.6588 2.063773518305286325e-01
36.6671 2.064142912201261948e-01
36.6754 2.064512168559767546e-01
36.6838 2.064881287369796370e-01
36.6921 2.065250268621943719e-01
36.7004 2.065619112305036587e-01
36.7087 2.065987818408000498e-01
36.717 2.066356386920243926e-01
36.7253 2.066724817830903060e-01
36.7336 2.067093111127719096e-01
36.7419 2.067461266800787734e-01
36.7502 2.067829284838434145e-01
36.7585 2.068197165230587498e-01
36.7669 2.068564907965781685e-01
36.7752 2.068932513028916287e-01
36.7835 2.069299980413226436e-01
36.7918 2.069667310105692548e-01
36.8001 2.070034502093774931e-01
36.8084 2.070401556365414064e-01
36.8167 2.070768472910896607e-01
36.825 2.071135251717626247e-01
36.8333 2.071501892773486009e-01
36.8416 2.071868396065720264e-01
36.85 2.072234761583169604e-01
36.8583 2.072600989315896425e-01
36.8666 2.072967079248855538e-01
36.8749 2.073333031368970736e-01
36.8832 2.073698845666621660e-01
36.8915 2.074064522129686339e-01
36.8998 2.074430060743548965e-01
36.9081 2.074795461495560489e-01
36.9164 2.075160724375776089e-01
36.9247 2.075525849371384068e-01
36.9331 2.075890836468198553e-01
36.9414 2.076255685653622951e-01
36.9497 2.076620396915168643e-01
36.958 2.076984970240451644e-01
36.9663 2.077349405617197053e-01
36.9746 2.077713703030271419e-01
36.9829 2.078077862467245240e-01
36.9912 2.078441883917269972e-01
36.9995 2.078805767365906332e-01
37.0078 2.079169512800302100e-01
37.0161 2.079533120205497021e-01
37.0245 2.079896589569223408e-01
37.0328 2.080259920878582414e-01
37.0411 2.080623114119672934e-01
37.0494 2.080986169279442910e-01
37.0577 2.081349086344576604e-01
37.066 2.081711865301862918e-01
37.0743 2.082074506135260794e-01
37.0826 2.082437008833247782e-01
37.0909 2.082799373380366248e-01
37.0992 2.083161599766041872e-01
37.1076 2.083523687972828053e-01
37.1159 2.083885637987795691e-01
37.1242 2.084247449798122542e-01
37.1325 2.084609123389259411e-01
37.1408 2.084970658747497263e-01
37.1491 2.085332055856670141e-01
37.1574 2.085693314703654933e-01
37.1657 2.086054435274702912e-01
37.174 2.086415417555439744e-01
37.1823 2.086776261531965992e-01
37.1907 2.087136967190124925e-01
37.199 2.087497534512211261e-01
37.2073 2.087857963487211310e-01
37.2156 2.088218254099103444e-01
37.2239 2.088578406334526683e-01
37.2322 2.088938420176949251e-01
37.2405 2.089298295611771994e-01
37.2488 2.089658032626326156e-01
37.2571 2.090017631204043047e-01
37.2654 2.090377091329556347e-01
37.2738 2.090736412989430693e-01
37.2821 2.091095596167789339e-01
37.2904 2.091454640851050650e-01
37.2987 2.091813547021011688e-01
37.307 2.092172314663218180e-01
37.3153 2.092530943765142371e-01
37.3236 2.092889434313632002e-01
37.3319 2.093247786286207279e-01
37.3402 2.093605999670666296e-01
37.3485 2.093964074452011881e-01
37.3569 2.094322010617891694e-01
37.3652 2.094679808149175204e-01
37.3735 2.095037467029743639e-01
37.3818 2.095394987245400853e-01
37.3901 2.095752368781334252e-01
37.3984 2.096109611622114788e-01
37.4067 2.096466715749894238e-01
37.415 2.096823681149104501e-01
37.4233 2.097180507804650429e-01
37.4316 2.097537195701544566e-01
37.44 2.097893744825629625e-01
37.4483 2.098250155157084240e-01
37.4566 2.098606426681613180e-01
37.4649 2.098962559382506199e-01
37.4732 2.099318553244963192e-01
37.4815 2.099674408252134583e-01
37.4898 2.100030124387281538e-01
37.4981 2.100385701635935631e-01
37.5064 2.100741139980856764e-01
37.5147 2.101096439405638616e-01
37.523 2.101451599893987277e-01
37.5314 2.101806621429714583e-01
37.5397 2.102161503997104774e-01
37.548 2.102516247578400388e-01
37.5563 2.102870852159179904e-01
37.5646 2.103225317718323550e-01
37.5729 2.103579644244500668e-01
37.5812 2.103933831720036507e-01
37.5895 2.104287880126298194e-01
37.5978 2.104641789447624090e-01
37.6061 2.104995559669898819e-01
37.6145 2.105349190770885726e-01
37.6228 2.105702682736690923e-01
37.6311 2.106056035552095473e-01
37.6394 2.106409249198064604e-01
37.6477 2.106762323658886438e-01
37.656 2.107115258917177936e-01
37.6643 2.107468054956021519e-01
37.6726 2.107820711758613685e-01
37.6809 2.108173229307547247e-01
37.6892 2.108525607583392192e-01
37.6976 2.108877846571814985e-01
37.7059 2.109229946258234789e-01
37.7142 2.109581906621063596e-01
37.7225 2.109933727644875689e-01
37.7308 2.110285409311867255e-01
37.7391 2.110636951603636624e-01
37.7474 2.110988354506155296e-01
37.7557 2.111339618000177831e-01
37.764 2.111690742065862880e-01
37.7723 2.112041726689869170e-01
37.7807 2.112392571854351808e-01
37.789 2.112743277539451681e-01
37.7973 2.113093843727198162e-01
37.8056 2.113444270401500236e-01
37.8139 2.113794557547085673e-01
37.8222 2.114144705142776970e-01
37.8305 2.114494713173171447e-01
37.8388 2.114844581617673358e-01
37.8471 2.115194310460395688e-01
37.8554 2.115543899684852736e-01
37.8638 2.115893349273259283e-01
37.8721 2.116242659205471444e-01
37.8804 2.116591829463577712e-01
37.8887 2.116940860033652838e-01
37.897 2.117289750893424916e-01
37.9053 2.117638502025671887e-01
37.9136 2.117987113415038258e-01
37.9219 2.118335585042410429e-01
37.9302 2.118683916889841923e-01
37.9385 2.119032108935630654e-01
37.9469 2.119380161167329357e-01
37.9552 2.119728073563814652e-01
37.9635 2.120075846106182493e-01
37.9718 2.120423478779506210e-01
37.9801 2.120770971564405472e-01
37.9884 2.121118324439508762e-01
37.9967 2.121465537390571643e-01
38.005 2.121812610397151855e-01
38.0133 2.122159543441720364e-01
38.0216 2.122506336506513325e-01
38.0299 2.122852989572125426e-01
38.0383 2.123199502622064028e-01
38.0466 2.123545875634705038e-01
38.0549 2.123892108593081474e-01
38.0632 2.124238201480336541e-01
38.0715 2.124584154277628645e-01
38.0798 2.124929966964135275e-01
38.0881 2.125275639522988813e-01
38.0964 2.125621171936731002e-01
38.1047 2.125966564184531282e-01
38.113 2.126311816249158992e-01
38.1214 2.126656928112445888e-01
38.1297 2.127001899753903635e-01
38.138 2.127346731158373805e-01
38.1463 2.127691422303504554e-01
38.1546 2.128035973171233386e-01
38.1629 2.128380383745691329e-01
38.1712 2.128724654005563766e-01
38.1795 2.129068783930346265e-01
38.1878 2.129412773506239309e-01
38.1961 2.129756622712615510e-01
38.2045 2.130100331527920443e-01
38.2128 2.130443899933144314e-01
38.2211 2.130787327915964757e-01
38.2294 2.131130615452745680e-01
38.2377 2.131473762521003679e-01
38.246 2.131816769110133070e-01
38.2543 2.132159635195454706e-01
38.2626 2.132502360757248527e-01
38.2709 2.132844945782126911e-01
38.2792 2.133187390247824333e-01
38.2876 2.133529694132544619e-01
38.2959 2.133871857420468199e-01
38.3042 2.134213880092779569e-01
38.3125 2.134555762129399514e-01
38.3208 2.134897503512771799e-01
38.3291 2.135239104223041195e-01
38.3374 2.135580564239087931e-01
38.3457 2.135921883544726896e-01
38.354 2.136263062118032297e-01
38.3623 2.136604099940976886e-01
38.3707 2.136944996997018065e-01
38.379 2.137285753263198362e-01
38.3873 2.137626368722511938e-01
38.3956 2.137966843355660063e-01
38.4039 2.138307177141743065e-01
38.4122 2.138647370061691477e-01
38.4205 2.138987422100312175e-01
38.4288 2.139327333233618234e-01
38.4371 2.139667103442876306e-01
38.4454 2.140006732710831583e-01
38.4538 2.140346221018628314e-01
38.4621 2.140685568343763945e-01
38.4704 2.141024774667610320e-01
38.4787 2.141363839974042838e-01
38.487 2.141702764240896728e-01
38.4953 2.142041547448855221e-01
38.5036 2.142380189579737304e-01
38.5119 2.142718690613766852e-01
38.5202 2.143057050532302110e-01
38.5285 2.143395269313407292e-01
38.5368 2.143733346940031037e-01
38.5452 2.144071283391824345e-01
38.5535 2.144409078647871447e-01
38.5618 2.144746732692473512e-01
38.5701 2.145084245503578735e-01
38.5784 2.145421617061631092e-01
38.5867 2.145758847347524201e-01
38.595 2.146095936342265476e-01
38.6033 2.146432884026630850e-01
38.6116 2.146769690378800277e-01
38.6199 2.147106355381131482e-01
38.6283 2.147442879015418193e-01
38.6366 2.147779261260851780e-01
38.6449 2.148115502095383489e-01
38.6532 2.148451601503512109e-01
38.6615 2.148787559463074814e-01
38.6698 2.149123375953714277e-01
38.6781 2.149459050960938478e-01
38.6864 2.149794584459540359e-01
38.6947 2.150129976431191525e-01
38.703 2.150465226859699930e-01
38.7114 2.150800335720541023e-01
38.7197 2.151135302997744803e-01
38.728 2.151470128671402193e-01
38.7363 2.151804812719016469e-01
38.7446 2.152139355122590358e-01
38.7529 2.152473755864571514e-01
38.7612 2.152808014922129309e-01
38.7695 2.153142132277597876e-01
38.7778 2.153476107910393678e-01
38.7861 2.153809941801388961e-01
38.7945 2.154143633930561408e-01
38.8028 2.154477184277998891e-01
38.8111 2.154810592828603766e-01
38.8194 2.155143859554290164e-01
38.8277 2.155476984439513854e-01
38.836 2.155809967464810684e-01
38.8443 2.156142808611831441e-01
38.8526 2.156475507861667917e-01
38.8609 2.156808065189828316e-01
38.8692 2.157140480579638753e-01
38.8776 2.157472754011187377e-01
38.8859 2.157804885466344802e-01
38.8942 2.158136874921743331e-01
38.9025 2.158468722358808656e-01
38.9108 2.158800427763420959e-01
38.9191 2.159131991107203219e-01
38.9274 2.159463412373585356e-01
38.9357 2.159794691546105816e-01
38.944 2.160125828603071119e-01
38.9523 2.160456823523236036e-01
38.9607 2.160787676290133741e-01
38.969 2.161118386881075992e-01
38.9773 2.161448955275486750e-01
38.9856 2.161779381457895333e-01
38.9939 2.162109665407279946e-01
39.0022 2.162439807100072497e-01
39.0105 2.162769806520797033e-01
39.0188 2.163099663647440052e-01
39.0271 2.163429378461753649e-01
39.0354 2.163758950945599280e-01
39.0437 2.164088381076300638e-01
39.0521 2.164417668833620301e-01
39.0604 2.164746814200747549e-01
39.0687 2.165075817157992855e-01
39.077 2.165404677682137013e-01
39.0853 2.165733395756035962e-01
39.0936 2.166061971360003224e-01
39.1019 2.166390404474133891e-01
39.1102 2.166718695080287471e-01
39.1185 2.167046843156133218e-01
39.1268 2.167374848683751298e-01
39.1352 2.167702711642026936e-01
39.1435 2.168030432010948083e-01
39.1518 2.168358009773914963e-01
39.1601 2.168685444909483340e-01
39.1684 2.169012737397972845e-01
39.1767 2.169339887220141927e-01
39.185 2.169666894355871123e-01
39.1933 2.169993758783834437e-01
39.2016 2.170320480486110093e-01
39.2099 2.170647059448831961e-01
39.2183 2.170973495642449513e-01
39.2266 2.171299789052660301e-01
39.2349 2.171625939658689830e-01
39.2432 2.171951947438892083e-01
39.2515 2.172277812379613260e-01
39.2598 2.172603534456797325e-01
39.2681 2.172929113650443056e-01
39.2764 2.173254549944922120e-01
39.2847 2.173579843318154681e-01
39.293 2.173904993748174141e-01
39.3014 2.174230001218695196e-01
39.3097 2.174554865709609208e-01
39.318 2.174879587201244135e-01
39.3263 2.175204165673712553e-01
39.3346 2.175528601107888926e-01
39.3429 2.175852893485412110e-01
39.3512 2.176177042784760429e-01
39.3595 2.176501048985833020e-01
39.3678 2.176824912074511731e-01
39.3761 2.177148632024384078e-01
39.3845 2.177472208817962385e-01
39.3928 2.177795642439820101e-01
39.4011 2.178118932867791346e-01
39.4094 2.178442080081778587e-01
39.4177 2.178765084061468071e-01
39.426 2.179087944789260545e-01
39.4343 2.179410662246361596e-01
39.4426 2.179733236413759767e-01
39.4509 2.180055667266376229e-01
39.4592 2.180377954793221162e-01
39.4676 2.180700098971707357e-01
39.4759 2.181022099779688639e-01
39.4842 2.181343957200645722e-01
39.4925 2.181665671214598479e-01
39.5008 2.181987241801674471e-01
39.5091 2.182308668945675267e-01
39.5174 2.182629952622410219e-01
39.5257 2.182951092815573757e-01
39.534 2.183272089506375635e-01
39.5423 2.183592942675485760e-01
39.5506 2.183913652302066910e-01
39.559 2.184234218366684077e-01
39.5673 2.184554640851627816e-01
39.5756 2.184874919738970800e-01
39.5839 2.185195055006372289e-01
39.5922 2.185515046635153891e-01
39.6005 2.185834894609971490e-01
39.6088 2.186154598907198987e-01
39.6171 2.186474159508481618e-01
39.6254 2.186793576398148864e-01
39.6337 2.187112849553871086e-01
39.6421 2.187431978956648482e-01
39.6504 2.187750964589521840e-01
39.6587 2.188069806433703690e-01
39.667 2.188388504465051121e-01
39.6753 2.188707058668535876e-01
39.6836 2.189025469027619242e-01
39.6919 2.189343735518806400e-01
39.7002 2.189661858124495319e-01
39.7085 2.189979836829110682e-01
39.7168 2.190297671608844032e-01
39.7252 2.190615362443206482e-01
39.7335 2.190932909320148503e-01
39.7418 2.191250312219390761e-01
39.7501 2.191567571117882252e-01
39.7584 2.191884685998764792e-01
39.7667 2.192201656843365820e-01
39.775 2.192518483634396942e-01
39.7833 2.192835166352119503e-01
39.7916 2.193151704975303262e-01
39.7999 2.193468099489217227e-01
39.8083 2.193784349873164619e-01
39.8166 2.194100456107198616e-01
39.8249 2.194416418175304528e-01
39.8332 2.194732236056791685e-01
39.8415 2.195047909733943980e-01
39.8498 2.195363439187241195e-01
39.8581 2.195678824397907236e-01
39.8664 2.195994065350135305e-01
39.8747 2.196309162023449835e-01
39.883 2.196624114396212579e-01
39.8914 2.196938922454206022e-01
39.8997 2.197253586179498952e-01
39.908 2.197568105551726270e-01
39.9163 2.197882480549677997e-01
39.9246 2.198196711157013317e-01
39.9329 2.198510797357813573e-01
39.9412 2.198824739132770878e-01
39.9495 2.199138536461735516e-01
39.9578 2.199452189325617479e-01
39.9661 2.199765697707964651e-01
39.9745 2.200079061590528573e-01
39.9828 2.200392280954217850e-01
39.9911 2.200705355781628902e-01
39.9994 2.201018286051982242e-01
40.0077 2.201331071749350887e-01
40.016 2.201643712856011792e-01
40.0243 2.201956209351820792e-01
40.0326 2.202268561220530052e-01
40.0409 2.202580768442521375e-01
40.0492 2.202892831000808349e-01
40.0575 2.203204748875669805e-01
40.0659 2.203516522047806736e-01
40.0742 2.203828150505587058e-01
40.0825 2.204139634225822098e-01
40.0908 2.204450973187954965e-01
40.0991 2.204762167380346083e-01
40.1074 2.205073216783585976e-01
40.1157 2.205384121374290296e-01
40.124 2.205694881140493613e-01
40.1323 2.206005496062791449e-01
40.1406 2.206315966120627747e-01
40.149 2.206626291301087561e-01
40.1573 2.206936471581313064e-01
40.1656 2.207246506945771958e-01
40.1739 2.207556397378089563e-01
40.1822 2.207866142860428205e-01
40.1905 2.208175743370981714e-01
40.1988 2.208485198894316326e-01
40.2071 2.208794509415408225e-01
40.2154 2.209103674912768489e-01
40.2237 2.209412695370329138e-01
40.2321 2.209721570772437971e-01
40.2404 2.210030301100730232e-01
40.2487 2.210338886333824138e-01
40.257 2.210647326455127959e-01
40.2653 2.210955621450024500e-01
40.2736 2.211263771302747205e-01
40.2819 2.211571775992952904e-01
40.2902 2.211879635501341756e-01
40.2985 2.212187349813703185e-01
40.3068 2.212494918909386765e-01
40.3152 2.212802342775316289e-01
40.3235 2.213109621391048665e-01
40.3318 2.213416754740910597e-01
40.3401 2.213723742806843753e-01
40.3484 2.214030585571201970e-01
40.3567 2.214337283018928126e-01
40.365 2.214643835130407357e-01
40.3733 2.214950241889232507e-01
40.3816 2.215256503278789368e-01
40.3899 2.215562619279771994e-01
40.3983 2.215868589878250972e-01
40.4066 2.216174415057603486e-01
40.4149 2.216480094797594058e-01
40.4232 2.216785629080257891e-01
40.4315 2.217091017894853577e-01
40.4398 2.217396261221758480e-01
40.4481 2.217701359038985465e-01
40.4564 2.218006311335779801e-01
40.4647 2.218311118092521628e-01
40.473 2.218615779294327295e-01
40.4814 2.218920294924252301e-01
40.4897 2.219224664961748916e-01
40.498 2.219528889394089266e-01
40.5063 2.219832968204013546e-01
40.5146 2.220136901376522365e-01
40.5229 2.220440688889320779e-01
40.5312 2.220744330728846305e-01
40.5395 2.221047826881630549e-01
40.5478 2.221351177327841597e-01
40.5561 2.221654382049596255e-01
40.5645 2.221957441034649872e-01
40.5728 2.222260354263474735e-01
40.5811 2.222563121721872204e-01
40.5894 2.222865743391438942e-01
40.5977 2.223168219253569833e-01
40.606 2.223470549298660337e-01
40.6143 2.223772733506461097e-01
40.6226 2.224074771858668975e-01
40.6309 2.224376664342598287e-01
40.6392 2.224678410940758022e-01
40.6475 2.224980011637595068e-01
40.6559 2.225281466417655674e-01
40.6642 2.225582775259465906e-01
40.6725 2.225883938152972141e-01
40.6808 2.226184955081795258e-01
40.6891 2.226485826026597392e-01
40.6974 2.226786550973949841e-01
40.7057 2.227087129906854257e-01
40.714 2.227387562812380428e-01
40.7223 2.227687849669152398e-01
40.7306 2.227987990461999523e-01
40.739 2.228287985181332531e-01
40.7473 2.228587833807906537e-01
40.7556 2.228887536324098417e-01
40.7639 2.229187092715131102e-01
40.7722 2.229486502964799499e-01
40.7805 2.229785767060344370e-01
40.7888 2.230084884983628835e-01
40.7971 2.230383856720566660e-01
40.8054 2.230682682254739591e-01
40.8137 2.230981361568613042e-01
40.8221 2.231279894651127527e-01
40.8304 2.231578281484640214e-01
40.8387 2.231876522052820833e-01
40.847 2.232174616339441531e-01
40.8553 2.232472564332613485e-01
40.8636 2.232770366017207964e-01
40.8719 2.233068021375771706e-01
40.8802 2.233365530391255571e-01
40.8885 2.233662893050945564e-01
40.8968 2.233960109341009970e-01
40.9052 2.234257179244691915e-01
40.9135 2.234554102745935911e-01
40.9218 2.234850879830297121e-01
40.9301 2.235147510485236966e-01
40.9384 2.235443994693178948e-01
40.9467 2.235740332437854971e-01
40.955 2.236036523708221924e-01
40.9633 2.236332568488804684e-01
40.9716 2.236628466760309797e-01
40.9799 2.236924218509871165e-01
40.9883 2.237219823726823709e-01
40.9966 2.237515282394272331e-01
41.0049 2.237810594497527672e-01
41.0132 2.238105760020190349e-01
41.0215 2.238400778947163827e-01
41.0298 2.238695651266452424e-01
41.0381 2.238990376961646489e-01
41.0464 2.239284956020337891e-01
41.0547 2.239579388427510864e-01
41.063 2.239873674167944251e-01
41.0714 2.240167813228014226e-01
41.0797 2.240461805589694932e-01
41.088 2.240755651242851143e-01
41.0963 2.241049350173541788e-01
41.1046 2.241342902367024492e-01
41.1129 2.241636307805957851e-01
41.1212 2.241929566479381186e-01
41.1295 2.242222678372538525e-01
41.1378 2.242515643470469333e-01
41.1461 2.242808461759803196e-01
41.1544 2.243101133226666211e-01
41.1628 2.243393657859367452e-01
41.1711 2.243686035636459908e-01
41.1794 2.243978266550324119e-01
41.1877 2.244270350588355445e-01
41.196 2.244562287732677353e-01
41.2043 2.244854077972365247e-01
41.2126 2.245145721290330021e-01
41.2209 2.245437217676428676e-01
41.2292 2.245728567116142549e-01
41.2375 2.246019769596238336e-01
41.2459 2.246310825097926622e-01
41.2542 2.246601733614703444e-01
41.2625 2.246892495129750589e-01
41.2708 2.247183109630505327e-01
41.2791 2.247473577103309972e-01
41.2874 2.247763897534005573e-01
41.2957 2.248054070911197910e-01
41.304 2.248344097219727444e-01
41.3123 2.248633976446903215e-01
41.3206 2.248923708578345060e-01
41.329 2.249213293603324337e-01
41.3373 2.249502731508238873e-01
41.3456 2.249792022278100656e-01
41.3539 2.250081165900384705e-01
41.3622 2.250370162363246052e-01
41.3705 2.250659011654636277e-01
41.3788 2.250947713757575075e-01
41.3871 2.251236268663153739e-01
41.3954 2.251524676357825883e-01
41.4037 2.251812936826957656e-01
41.4121 2.252101050058665510e-01
41.4204 2.252389016040564629e-01
41.4287 2.252676834760067581e-01
41.437 2.252964506204383210e-01
41.4453 2.253252030359929603e-01
41.4536 2.253539407215570944e-01
41.4619 2.253826636759377333e-01
41.4702 2.254113718976863689e-01
41.4785 2.254400653855695991e-01
41.4868 2.254687441385982427e-01
41.4952 2.254974081552041654e-01
41.5035 2.255260574344162550e-01
41.5118 2.255546919747729029e-01
41.5201 2.255833117753502648e-01
41.5284 2.256119168347928972e-01
41.5367 2.256405071516374428e-01
41.545 2.256690827249868136e-01
41.5533 2.256976435537180192e-01
41.5616 2.257261896362191267e-01
41.5699 2.257547209717367109e-01
41.5783 2.257832375587064400e-01
41.5866 2.258117393962168484e-01
41.5949 2.258402264829558748e-01
41.6032 2.258686988178249810e-01
41.6115 2.258971563992087928e-01
41.6198 2.259255992266987478e-01
41.6281 2.259540272988138643e-01
41.6364 2.259824406140244490e-01
41.6447 2.260108391715684728e-01
41.653 2.260392229702839761e-01
41.6613 2.260675920091055335e-01
41.6697 2.260959462861896752e-01
41.678 2.261242858011881518e-01
41.6863 2.261526105527996433e-01
41.6946 2.261809205397321276e-01
41.7029 2.262092157608187326e-01
41.7112 2.262374962150181246e-01
41.7195 2.262657619012682642e-01
41.7278 2.262940128184288691e-01
41.7361 2.263222489654555525e-01
41.7444 2.263504703410514352e-01
41.7528 2.263786769441026581e-01
41.7611 2.264068687737944841e-01
41.7694 2.264350458289142165e-01
41.7777 2.264632081082584847e-01
41.786 2.264913556107194526e-01
41.7943 2.265194883353429944e-01
41.8026 2.265476062809808344e-01
41.8109 2.265757094468986155e-01
41.8192 2.266037978316471635e-01
41.8275 2.266318714340467000e-01
41.8359 2.266599302535042271e-01
41.8442 2.266879742885683779e-01
41.8525 2.267160035382010663e-01
41.8608 2.267440180016614959e-01
41.8691 2.267720176777266727e-01
41.8774 2.268000025654708096e-01
41.8857 2.268279726637461302e-01
41.894 2.268559279714422172e-01
41.9023 2.268838684878897172e-01
41.9106 2.269117942115057851e-01
41.919 2.269397051417819666e-01
41.9273 2.269676012775272700e-01
41.9356 2.269954826177031648e-01
41.9439 2.270233491617110466e-01
41.9522 2.270512009078968496e-01
41.9605 2.270790378555068711e-01
41.9688 2.271068600038526897e-01
41.9771 2.271346673515652059e-01
41.9854 2.271624598979155585e-01
41.9937 2.271902376420684433e-01
42.0021 2.272180005827380278e-01
42.0104 2.272457487186473890e-01
42.0187 2.272734820497032127e-01
42.027 2.273012005746164188e-01
42.0353 2.273289042920786374e-01
42.0436 2.273565932016483881e-01
42.0519 2.273842673020914362e-01
42.0602 2.274119265922965039e-01
42.0685 2.274395710719614438e-01
42.0768 2.274672007396485451e-01
42.0852 2.274948155941580175e-01
42.0935 2.275224156354404836e-01
42.1018 2.275500008621410830e-01
42.1101 2.275775712731993583e-01
42.1184 2.276051268681335560e-01
42.1267 2.276326676455004694e-01
42.135 2.276601936046640795e-01
42.1433 2.276877047448821745e-01
42.1516 2.277152010653636094e-01
42.1599 2.277426825648135034e-01
42.1682 2.277701492425144858e-01
42.1766 2.277976010978142452e-01
42.1849 2.278250381297273475e-01
42.1932 2.278524603372199253e-01
42.2015 2.278798677197210465e-01
42.2098 2.279072602760998378e-01
42.2181 2.279346380056880561e-01
42.2264 2.279620009077121257e-01
42.2347 2.279893489811794516e-01
42.243 2.280166822255029480e-01
42.2513 2.280440006395932084e-01
42.2597 2.280713042228792731e-01
42.268 2.280985929740618201e-01
42.2763 2.281258668926995636e-01
42.2846 2.281531259782454413e-01
42.2929 2.281803702295948366e-01
42.3012 2.282075996458209632e-01
42.3095 2.282348142260621493e-01
42.3178 2.282620139700862749e-01
42.3261 2.282891988767649649e-01
42.3344 2.283163689452605838e-01
42.3428 2.283435241749132150e-01
42.3511 2.283706645647885503e-01
42.3594 2.283977901145245182e-01
42.3677 2.284249008231463984e-01
42.376 2.284519966893501508e-01
42.3843 2.284790777132480744e-01
42.3926 2.285061438939462730e-01
42.4009 2.285331952301085656e-01
42.4092 2.285602317217016455e-01
42.4175 2.285872533677993645e-01
42.4259 2.286142601673153696e-01
42.4342 2.286412521198458725e-01
42.4425 2.286682292247700365e-01
42.4508 2.286951914813624698e-01
42.4591 2.287221388886813700e-01
42.4674 2.287490714458492169e-01
42.4757 2.287759891527816614e-01
42.484 2.288028920087288309e-01
42.4923 2.288297800125005943e-01
42.5006 2.288566531635874979e-01
42.509 2.288835114615997146e-01
42.5173 2.289103549056511755e-01
42.5256 2.289371834951996199e-01
42.5339 2.289639972294308656e-01
42.5422 2.289907961078740950e-01
42.5505 2.290175801297310298e-01
42.5588 2.290443492943228521e-01
42.5671 2.290711036012020030e-01
42.5754 2.290978430495378970e-01
42.5837 2.291245676388426189e-01
42.5921 2.291512773684684645e-01
42.6004 2.291779722378871342e-01
42.6087 2.292046522464106784e-01
42.617 2.292313173932477299e-01
42.6253 2.292579676779488151e-01
42.6336 2.292846030999607931e-01
42.6419 2.293112236587380171e-01
42.6502 2.293378293534089618e-01
42.6585 2.293644201838327401e-01
42.6668 2.293909961490974703e-01
42.6751 2.294175572484662695e-01
42.6835 2.294441034819874325e-01
42.6918 2.294706348486058034e-01
42.7001 2.294971513479959757e-01
42.7084 2.295236529792296920e-01
42.7167 2.295501397422184120e-01
42.725 2.295766116364927611e-01
42.7333 2.296030686608152016e-01
42.7416 2.296295108153963427e-01
42.7499 2.296559380994019905e-01
42.7582 2.296823505122269071e-01
42.7666 2.297087480534950044e-01
42.7749 2.297351307226161710e-01
42.7832 2.297614985191186177e-01
42.7915 2.297878514425933105e-01
42.7998 2.298141894924175255e-01
42.8081 2.298405126681419275e-01
42.8164 2.298668209692142361e-01
42.8247 2.298931143952001321e-01
42.833 2.299193929456724572e-01
42.8413 2.299456566202668362e-01
42.8497 2.299719054183505251e-01
42.858 2.299981393392434292e-01
42.8663 2.300243583830439698e-01
42.8746 2.300505625489215611e-01
42.8829 2.300767518363287523e-01
42.8912 2.301029262452753965e-01
42.8995 2.301290857748437002e-01
42.9078 2.301552304248931369e-01
42.9161 2.301813601947958476e-01
42.9244 2.302074750846452578e-01
42.9328 2.302335750932792691e-01
42.9411 2.302596602206961607e-01
42.9494 2.302857304666267313e-01
42.9577 2.303117858302059506e-01
42.966 2.303378263116726832e-01
42.9743 2.303638519103956839e-01
42.9826 2.303898626253680915e-01
42.9909 2.304158584567954915e-01
42.9992 2.304418394046161556e-01
43.0075 2.304678054681187915e-01
43.0159 2.304937566464906606e-01
43.0242 2.305196929401291950e-01
43.0325 2.305456143483997355e-01
43.0408 2.305715208704571528e-01
43.0491 2.305974125067742075e-01
43.0574 2.306232892567926795e-01
43.0657 2.306491511195258026e-01
43.074 2.306749980956304957e-01
43.0823 2.307008301842432829e-01
43.0906 2.307266473849444166e-01
43.099 2.307524496977574058e-01
43.1073 2.307782371221676621e-01
43.1156 2.308040096577226030e-01
43.1239 2.308297673044665266e-01
43.1322 2.308555100621239864e-01
43.1405 2.308812379302092321e-01
43.1488 2.309069509083526150e-01
43.1571 2.309326489966259666e-01
43.1654 2.309583321944021772e-01
43.1737 2.309840005014953679e-01
43.182 2.310096539180526987e-01
43.1904 2.310352924432510779e-01
43.1987 2.310609160769259984e-01
43.207 2.310865248192450760e-01
43.2153 2.311121186696236673e-01
43.2236 2.311376976280262452e-01
43.2319 2.311632616941532437e-01
43.2402 2.311888108676582732e-01
43.2485 2.312143451483099077e-01
43.2568 2.312398645362082616e-01
43.2651 2.312653690307033272e-01
43.2735 2.312908586321788806e-01
43.2818 2.313163333400528321e-01
43.2901 2.313417931540745487e-01
43.2984 2.313672380740540435e-01
43.3067 2.313926680999164598e-01
43.315 2.314180832314853831e-01
43.3233 2.314434834688610387e-01
43.3316 2.314688688115573156e-01
43.3399 2.314942392593108134e-01
43.3482 2.315195948122419634e-01
43.3566 2.315449354701009654e-01
43.3649 2.315702612326987209e-01
43.3732 2.315955720998529310e-01
43.3815 2.316208680717643520e-01
43.3898 2.316461491479415991e-01
43.3981 2.316714153282228850e-01
43.4064 2.316966666128825181e-01
43.4147 2.317219030015571779e-01
43.423 2.317471244939441066e-01
43.4313 2.317723310902303491e-01
43.4397 2.317975227905017810e-01
43.448 2.318226995942614943e-01
43.4563 2.318478615016625055e-01
43.4646 2.318730085123286155e-01
43.4729 2.318981406264261913e-01
43.4812 2.319232578440741654e-01
43.4895 2.319483601648096027e-01
43.4978 2.319734475887649250e-01
43.5061 2.319985201159719124e-01
43.5144 2.320235777462551219e-01
43.5228 2.320486204797130025e-01
43.5311 2.320736483161832953e-01
43.5394 2.320986612556174000e-01
43.5477 2.321236592979197821e-01
43.556 2.321486424432150364e-01
43.5643 2.321736106915273379e-01
43.5726 2.321985640428340936e-01
43.5809 2.322235024969061257e-01
43.5892 2.322484260540003675e-01
43.5975 2.322733347141137938e-01
43.6059 2.322982284770901129e-01
43.6142 2.323231073430457316e-01
43.6225 2.323479713119970813e-01
43.6308 2.323728203839138806e-01
43.6391 2.323976545587193576e-01
43.6474 2.324224738369803367e-01
43.6557 2.324472782180486141e-01
43.664 2.324720677022913962e-01
43.6723 2.324968422899228726e-01
43.6806 2.325216019806330414e-01
43.6889 2.325463467750729929e-01
43.6973 2.325710766727864531e-01
43.7056 2.325957916737482478e-01
43.7139 2.326204917783629977e-01
43.7222 2.326451769868297659e-01
43.7305 2.326698472988245614e-01
43.7388 2.326945027147705458e-01
43.7471 2.327191432346212840e-01
43.7554 2.327437688588121500e-01
43.7637 2.327683795867279970e-01
43.772 2.327929754190810052e-01
43.7804 2.328175563559554406e-01
43.7887 2.328421223971780529e-01
43.797 2.328666735432150803e-01
43.8053 2.328912097939587200e-01
43.8136 2.329157311498345762e-01
43.8219 2.329402376106946837e-01
43.8302 2.329647291768716932e-01
43.8385 2.329892058483881978e-01
43.8468 2.330136676254838390e-01
43.8551 2.330381145082462968e-01
43.8635 2.330625464970852156e-01
43.8718 2.330869635922581395e-01
43.8801 2.331113657933458760e-01
43.8884 2.331357531009339845e-01
43.8967 2.331601255154559516e-01
43.905 2.331844830366690824e-01
43.9133 2.332088256650715064e-01
43.9216 2.332331534008001972e-01
43.9299 2.332574662440506374e-01
43.9382 2.332817641951292209e-01
43.9466 2.333060472541911012e-01
43.9549 2.333303154212405806e-01
43.9632 2.333545686969686062e-01
43.9715 2.333788070814961091e-01
43.9798 2.334030305748455436e-01
43.9881 2.334272391772025390e-01
43.9964 2.334514328894381763e-01
44.0047 2.334756117114360763e-01
44.013 2.334997756429820770e-01
44.0213 2.335239246850690509e-01
44.0297 2.335480588380165201e-01
44.038 2.335721781015762111e-01
44.0463 2.335962824761843304e-01
44.0546 2.336203719625433717e-01
44.0629 2.336444465604232967e-01
44.0712 2.336685062706946037e-01
44.0795 2.336925510931913141e-01
44.0878 2.337165810281706946e-01
44.0961 2.337405960765201185e-01
44.1044 2.337645962380917875e-01
44.1128 2.337885815134203848e-01
44.1211 2.338125519027344223e-01
44.1294 2.338365074068914640e-01
44.1377 2.338604480253005102e-01
44.146 2.338843737588827687e-01
44.1543 2.339082846082014278e-01
44.1626 2.339321805730988357e-01
44.1709 2.339560616540980464e-01
44.1792 2.339799278520384995e-01
44.1875 2.340037791671431555e-01
44.1958 2.340276155992263574e-01
44.2042 2.340514371490412249e-01
44.2125 2.340752438172940542e-01
44.2208 2.340990356038687437e-01
44.2291 2.341228125095866641e-01
44.2374 2.341465745348086935e-01
44.2457 2.341703216798501352e-01
44.254 2.341940539452384284e-01
44.2623 2.342177713310420184e-01
44.2706 2.342414738380581007e-01
44.2789 2.342651614667793647e-01
44.2873 2.342888342176007999e-01
44.2956 2.343124920906654307e-01
44.3039 2.343361350868439497e-01
44.3122 2.343597632063420533e-01
44.3205 2.343833764497320060e-01
44.3288 2.344069748177974588e-01
44.3371 2.344305583100921297e-01
44.3454 2.344541269281827101e-01
44.3537 2.344776806717888407e-01
44.362 2.345012195418702539e-01
44.3704 2.345247435391862034e-01
44.3787 2.345482526631655074e-01
44.387 2.345717469151951950e-01
44.3953 2.345952262957938794e-01
44.4036 2.346186908050240660e-01
44.4119 2.346421404437747937e-01
44.4202 2.346655752126325656e-01
44.4285 2.346889951116766515e-01
44.4368 2.347124001419658434e-01
44.4451 2.347357903040003801e-01
44.4535 2.347591655979275327e-01
44.4618 2.347825260245146040e-01
44.4701 2.348058715845852407e-01
44.4784 2.348292022785589683e-01
44.4867 2.348525181066054568e-01
44.495 2.348758190696664527e-01
44.5033 2.348991051687910891e-01
44.5116 2.349223764039095330e-01
44.5199 2.349456327758771557e-01
44.5282 2.349688742850950529e-01
44.5366 2.349921009322759324e-01
44.5449 2.350153127181376089e-01
44.5532 2.350385096434540189e-01
44.5615 2.350616917082909429e-01
44.5698 2.350848589138406497e-01
44.5781 2.351080112606378780e-01
44.5864 2.351311487489176899e-01
44.5947 2.351542713799890105e-01
44.603 2.351773791537413172e-01
44.6113 2.352004720712903563e-01
44.6197 2.352235501336547852e-01
44.628 2.352466133408420701e-01
44.6363 2.352696616936274521e-01
44.6446 2.352926951928419330e-01
44.6529 2.353157138394735282e-01
44.6612 2.353387176338052611e-01
44.6695 2.353617065763282945e-01
44.6778 2.353846806682997062e-01
44.6861 2.354076399102714989e-01
44.6944 2.354305843025985279e-01
44.7027 2.354535138466029298e-01
44.7111 2.354764285422954739e-01
44.7194 2.354993283909071478e-01
44.7277 2.355222133930158224e-01
44.736 2.355450835494067863e-01
44.7443 2.355679388607694325e-01
44.7526 2.355907793280505869e-01
44.7609 2.356136049516971143e-01
44.7692 2.356364157324641051e-01
44.7775 2.356592116712124263e-01
44.7858 2.356819927689089433e-01
44.7942 2.357047590263737502e-01
44.8025 2.357275104440792191e-01
44.8108 2.357502470227548497e-01
44.8191 2.357729687631857918e-01
44.8274 2.357956756667156928e-01
44.8357 2.358183677335853323e-01
44.844 2.358410449646448359e-01
44.8523 2.358637073612017132e-01
44.8606 2.358863549235624968e-01
44.8689 2.359089876526422325e-01
44.8773 2.359316055493606012e-01
44.8856 2.359542086143912309e-01
44.8939 2.359767968485631251e-01
44.9022 2.359993702534629312e-01
44.9105 2.360219288288254169e-01
44.9188 2.360444725761462470e-01
44.9271 2.360670014964241503e-01
44.9354 2.360895155900110398e-01
44.9437 2.361120148576649480e-01
44.952 2.361344993011002258e-01
44.9604 2.361569689207834721e-01
44.9687 2.361794237171367938e-01
44.977 2.362018636917378733e-01
44.9853 2.362242888451184242e-01
44.9936 2.362466991781150549e-01
45.0019 2.362690946920189827e-01
45.0102 2.362914753873265883e-01
45.0185 2.363138412653382203e-01
45.0268 2.363361923264601372e-01
45.0351 2.363585285720518347e-01
45.0435 2.363808500029782322e-01
45.0518 2.364031566200094081e-01
45.0601 2.364254484244682208e-01
45.0684 2.364477254168351472e-01
45.0767 2.364699875979941190e-01
45.085 2.364922349697297921e-01
45.0933 2.365144675320390022e-01
45.1016 2.365366852865163072e-01
45.1099 2.365588882338649224e-01
45.1182 2.365810763750416101e-01
45.1266 2.366032497114050615e-01
45.1349 2.366254082435235440e-01
45.1432 2.366475519724173804e-01
45.1515 2.366696808991111678e-01
45.1598 2.366917950249812774e-01
45.1681 2.367138943506645887e-01
45.1764 2.367359788771990770e-01
45.1847 2.367580486058754319e-01
45.193 2.367801035375423913e-01
45.2013 2.368021436728554863e-01
45.2096 2.368241690133661703e-01
45.218 2.368461795601841946e-01
45.2263 2.368681753140778057e-01
45.2346 2.368901562759681001e-01
45.2429 2.369121224472751364e-01
45.2512 2.369340738290276471e-01
45.2595 2.369560104218638441e-01
45.2678 2.369779322272660693e-01
45.2761 2.369998392464245096e-01
45.2844 2.370217314802867403e-01
45.2927 2.370436089295585858e-01
45.3011 2.370654715955914649e-01
45.3094 2.370873194796916383e-01
45.3177 2.371091525827752344e-01
45.326 2.371309709060584192e-01
45.3343 2.371527744507124780e-01
45.3426 2.371745632176667506e-01
45.3509 2.371963372079536059e-01
45.3592 2.372180964228557398e-01
45.3675 2.372398408636598455e-01
45.3758 2.372615705314109480e-01
45.3842 2.372832854273060343e-01
45.3925 2.373049855522515739e-01
45.4008 2.373266709076984615e-01
45.4091 2.373483414943164949e-01
45.4174 2.373699973140556418e-01
45.4257 2.373916383675941377e-01
45.434 2.374132646561541993e-01
45.4423 2.374348761808154906e-01
45.4506 2.374564729428085552e-01
45.4589 2.374780549438089139e-01
45.4673 2.374996221843699573e-01
45.4756 2.375211746661263501e-01
45.4839 2.375427123900805959e-01
45.4922 2.375642353572396948e-01
45.5005 2.375857435692012576e-01
45.5088 2.376072370272736822e-01
45.5171 2.376287157322320154e-01
45.5254 2.376501796856859972e-01
45.5337 2.376716288885657169e-01
45.542 2.376930633420984429e-01
45.5504 2.377144830482469384e-01
45.5587 2.377358880076611003e-01
45.567 2.377572782214828762e-01
45.5753 2.377786536911506432e-01
45.5836 2.378000144179118758e-01
45.5919 2.378213604034074558e-01
45.6002 2.378426916484059350e-01
45.6085 2.378640081544103613e-01
45.6168 2.378853099226841405e-01
45.6251 2.379065969546404757e-01
45.6335 2.379278692515023053e-01
45.6418 2.379491268143992810e-01
45.6501 2.379703696448052241e-01
45.6584 2.379915977439549801e-01
45.6667 2.380128111133299196e-01
45.675 2.380340097541243649e-01
45.6833 2.380551936678758085e-01
45.6916 2.380763628559317835e-01
45.6999 2.380975173190622574e-01
45.7082 2.381186570593493146e-01
45.7165 2.381397820776194052e-01
45.7249 2.381608923753811280e-01
45.7332 2.381819879540012785e-01
45.7415 2.382030688149475717e-01
45.7498 2.382241349597395697e-01
45.7581 2.382451863893206012e-01
45.7664 2.382662231053630786e-01
45.7747 2.382872451091564148e-01
45.783 2.383082524021390147e-01
45.7913 2.383292449858490369e-01
45.7996 2.383502228612498497e-01
45.808 2.383711860305144370e-01
45.8163 2.383921344944689991e-01
45.8246 2.384130682540888113e-01
45.8329 2.384339873117983788e-01
45.8412 2.384548916683877084e-01
45.8495 2.384757813258062131e-01
45.8578 2.384966562850925342e-01
45.8661 2.385175165473856773e-01
45.8744 2.385383621149342881e-01
45.8827 2.385591929886921592e-01
45.8911 2.385800091700981118e-01
45.8994 2.386008106608342727e-01
45.9077 2.386215974620585212e-01
45.916 2.386423695755084395e-01
45.9243 2.386631270025891260e-01
45.9326 2.386838697450928692e-01
45.9409 2.387045978039048222e-01
45.9492 2.387253111808725070e-01
45.9575 2.387460098774635553e-01
45.9658 2.387666938950054885e-01
45.9742 2.387873632351648900e-01
45.9825 2.388080178995635461e-01
45.9908 2.388286578896833823e-01
45.9991 2.388492832069143701e-01
46.0074 2.388698938528889537e-01
46.0157 2.388904898290998002e-01
46.024 2.389110711368520878e-01
46.0323 2.389316377778367417e-01
46.0406 2.389521897540820283e-01
46.0489 2.389727270664264991e-01
46.0573 2.389932497169052483e-01
46.0656 2.390137577070319819e-01
46.0739 2.390342510380377983e-01
46.0822 2.390547297115866443e-01
46.0905 2.390751937296315133e-01
46.0988 2.390956430936044541e-01
46.1071 2.391160778047509983e-01
46.1154 2.391364978649866690e-01
46.1237 2.391569032758967539e-01
46.132 2.391772940389275959e-01
46.1404 2.391976701560043495e-01
46.1487 2.392180316282948582e-01
46.157 2.392383784576834482e-01
46.1653 2.392587106456776636e-01
46.1736 2.392790281939782548e-01
46.1819 2.392993311042893034e-01
46.1902 2.393196193781758907e-01
46.1985 2.393398930173013528e-01
46.2068 2.393601520232372937e-01
46.2151 2.393803963977012284e-01
46.2234 2.394006261423189674e-01
46.2318 2.394208412588615109e-01
46.2401 2.394410417488193610e-01
46.2484 2.394612276138283757e-01
46.2567 2.394813988557639994e-01
46.265 2.395015554761265875e-01
46.2733 2.395216974767981066e-01
46.2816 2.395418248595688471e-01
46.2899 2.395619376258072974e-01
46.2982 2.395820357771216991e-01
46.3065 2.396021193154065920e-01
46.3149 2.396221882427010119e-01
46.3232 2.396422425603866868e-01
46.3315 2.396622822701789390e-01
46.3398 2.396823073736547016e-01
46.3481 2.397023178728654724e-01
46.3564 2.397223137694416695e-01
46.3647 2.397422950652522422e-01
46.373 2.397622617616047003e-01
46.3813 2.397822138604214504e-01
46.3896 2.398021513639100599e-01
46.398 2.398220742731055066e-01
46.4063 2.398419825906911995e-01
46.4146 2.398618763174269752e-01
46.4229 2.398817554554386056e-01
46.4312 2.399016200069479521e-01
46.4395 2.399214699733822065e-01
46.4478 2.399413053564064535e-01
46.4561 2.399611261578765420e-01
46.4644 2.399809323798385019e-01
46.4727 2.400007240238259953e-01
46.4811 2.400205010917974280e-01
46.4894 2.400402635854332889e-01
46.4977 2.400600115066508222e-01
46.506 2.400797448573704918e-01
46.5143 2.400994636391881598e-01
46.5226 2.401191678538431573e-01
46.5309 2.401388575035452722e-01
46.5392 2.401585325899461554e-01
46.5475 2.401781931150740734e-01
46.5558 2.401978390802601282e-01
46.5642 2.402174704876320899e-01
46.5725 2.402370873394599482e-01
46.5808 2.402566896373171668e-01
46.5891 2.402762773828733822e-01
46.5974 2.402958505779412834e-01
46.6057 2.403154092248021567e-01
46.614 2.403349533249948822e-01
46.6223 2.403544828807594735e-01
46.6306 2.403739978937803612e-01
46.6389 2.403934983657913527e-01
46.6473 2.404129842986690579e-01
46.6556 2.404324556946644265e-01
46.6639 2.404519125558916559e-01
46.6722 2.404713548835384074e-01
46.6805 2.404907826798176607e-01
46.6888 2.405101959468519679e-01
46.6971 2.405295946864415002e-01
46.7054 2.405489789005287038e-01
46.7137 2.405683485910121988e-01
46.722 2.405877037599325474e-01
46.7303 2.406070444091940319e-01
46.7387 2.406263705405184417e-01
46.747 2.406456821561860082e-01
46.7553 2.406649792581555258e-01
46.7636 2.406842618482031571e-01
46.7719 2.407035299283858398e-01
46.7802 2.407227835006704175e-01
46.7885 2.407420225670264535e-01
46.7968 2.407612471295186019e-01
46.8051 2.407804571899832824e-01
46.8134 2.407996527505366358e-01
46.8218 2.408188338130665684e-01
46.8301 2.408380003797866431e-01
46.8384 2.408571524526363361e-01
46.8467 2.408762900334192603e-01
46.855 2.408954131243567776e-01
46.8633 2.409145217271657924e-01
46.8716 2.409336158443032005e-01
46.8799 2.409526954778594132e-01
46.8882 2.409717606291452985e-01
46.8965 2.409908113009928965e-01
46.9049 2.410098474955923442e-01
46.9132 2.410288692137570188e-01
46.9215 2.410478764583722511e-01
46.9298 2.410668692320949713e-01
46.9381 2.410858475358393094e-01
46.9464 2.411048113722215336e-01
46.9547 2.411237607433090735e-01
46.963 2.411426956510803188e-01
46.9713 2.411616160977453904e-01
46.9796 2.411805220853792120e-01
46.988 2.411994136160135194e-01
46.9963 2.412182906917739456e-01
47.0046 2.412371533145140912e-01
47.0129 2.412560014867309588e-01
47.0212 2.412748352103745442e-01
47.0295 2.412936544873973133e-01
47.0378 2.413124593201202428e-01
47.0461 2.413312497105922771e-01
47.0544 2.413500256610476014e-01
47.0627 2.413687871736767965e-01
47.0711 2.413875342501708987e-01
47.0794 2.414062668928624311e-01
47.0877 2.414249851042690187e-01
47.096 2.414436888862256381e-01
47.1043 2.414623782408893138e-01
47.1126 2.414810531703283358e-01
47.1209 2.414997136771146191e-01
47.1292 2.415183597629108059e-01
47.1375 2.415369914301566667e-01
47.1458 2.415556086812028491e-01
47.1542 2.415742115176286731e-01
47.1625 2.415927999420171834e-01
47.1708 2.416113739568621910e-01
47.1791 2.416299335640683110e-01
47.1874 2.416484787656795197e-01
47.1957 2.416670095636966886e-01
47.204 2.416855259610311280e-01
47.2123 2.417040279594608598e-01
47.2206 2.417225155612205967e-01
47.2289 2.417409887686831349e-01
47.2372 2.417594475838152901e-01
47.2456 2.417778920089037331e-01
47.2539 2.417963220464184049e-01
47.2622 2.418147376984688401e-01
47.2705 2.418331389673480936e-01
47.2788 2.418515258549892022e-01
47.2871 2.418698983639160083e-01
47.2954 2.418882564965634807e-01
47.3037 2.419066002548263539e-01
47.312 2.419249296411891959e-01
47.3203 2.419432446579126705e-01
47.3287 2.419615453072596067e-01
47.337 2.419798315914497566e-01
47.3453 2.419981035127049818e-01
47.3536 2.420163610732044834e-01
47.3619 2.420346042756706395e-01
47.3702 2.420528331221962759e-01
47.3785 2.420710476148314749e-01
47.3868 2.420892477562143208e-01
47.3951 2.421074335487145290e-01
47.4034 2.421256049942083211e-01
47.4118 2.421437620950697422e-01
47.4201 2.421619048542595909e-01
47.4284 2.421800332733907157e-01
47.4367 2.421981473548430741e-01
47.445 2.422162471014930873e-01
47.4533 2.422343325154546201e-01
47.4616 2.422524035987541069e-01
47.4699 2.422704603537345625e-01
47.4782 2.422885027832795135e-01
47.4865 2.423065308894663261e-01
47.4949 2.423245446744643761e-01
47.5032 2.423425441407140168e-01
47.5115 2.423605292907923536e-01
47.5198 2.423785001270089001e-01
47.5281 2.423964566516307595e-01
47.5364 2.424143988669715255e-01
47.5447 2.424323267755259526e-01
47.553 2.424502403797459960e-01
47.5613 2.424681396819958201e-01
47.5696 2.424860246846862188e-01
47.578 2.425038953901851868e-01
47.5863 2.425217518007287409e-01
47.5946 2.425395939189566585e-01
47.6029 2.425574217472426242e-01
47.6112 2.425752352877837692e-01
47.6195 2.425930345435374502e-01
47.6278 2.426108195164368986e-01
47.6361 2.426285902089523050e-01
47.6444 2.426463466236897792e-01
47.6527 2.426640887633011723e-01
47.6611 2.426818166298166934e-01
47.6694 2.426995302253577291e-01
47.6777 2.427172295536056956e-01
47.686 2.427349146162844640e-01
47.6943 2.427525854151207918e-01
47.7026 2.427702419536224843e-01
47.7109 2.427878842341421317e-01
47.7192 2.428055122588122783e-01
47.7275 2.428231260302558259e-01
47.7358 2.428407255509644758e-01
47.7441 2.428583108234756704e-01
47.7525 2.428758818501956518e-01
47.7608 2.428934386335323270e-01
47.7691 2.429109811759841697e-01
47.7774 2.429285094804944090e-01
47.7857 2.429460235488556108e-01
47.794 2.429635233842359909e-01
47.8023 2.429810089889188618e-01
47.8106 2.429984803651896452e-01
47.8189 2.430159375156897006e-01
47.8272 2.430333804431502320e-01
47.8356 2.430508091500386270e-01
47.8439 2.430682236387354811e-01
47.8522 2.430856239120210149e-01
47.8605 2.431030099719700688e-01
47.8688 2.431203818216307599e-01
47.8771 2.431377394633021383e-01
47.8854 2.431550828999029246e-01
47.8937 2.431724121332940747e-01
47.902 2.431897271666619287e-01
47.9103 2.432070280023122533e-01
47.9187 2.432243146427726654e-01
47.927 2.432415870911012745e-01
47.9353 2.432588453491681679e-01
47.9436 2.432760894197260049e-01
47.9519 2.432933193056609766e-01
47.9602 2.433105350095525754e-01
47.9685 2.433277365339817089e-01
47.9768 2.433449238812229465e-01
47.9851 2.433620970539047412e-01
47.9934 2.433792560550079309e-01
48.0018 2.433964008871195295e-01
48.0101 2.434135315527400367e-01
48.0184 2.434306480543278750e-01
48.0267 2.434477503942552856e-01
48.035 2.434648385758610700e-01
48.0433 2.434819126016953550e-01
48.0516 2.434989724740470873e-01
48.0599 2.435160181954260927e-01
48.0682 2.435330497684751461e-01
48.0765 2.435500671964948849e-01
48.0849 2.435670704816490784e-01
48.0932 2.435840596265844149e-01
48.1015 2.436010346340367061e-01
48.1098 2.436179955069175673e-01
48.1181 2.436349422473536308e-01
48.1264 2.436518748583030858e-01
48.1347 2.436687933425942532e-01
48.143 2.436856977026638504e-01
48.1513 2.437025879416047092e-01
48.1596 2.437194640613764007e-01
48.168 2.437363260653796493e-01
48.1763 2.437531739559259392e-01
48.1846 2.437700077355900163e-01
48.1929 2.437868274075141728e-01
48.2012 2.438036329743628328e-01
48.2095 2.438204244385401287e-01
48.2178 2.438372018028004962e-01
48.2261 2.438539650701166683e-01
48.2344 2.438707142431580932e-01
48.2427 2.438874493242478847e-01
48.251 2.439041703164062380e-01
48.2594 2.439208772224801813e-01
48.2677 2.439375700451009987e-01
48.276 2.439542487873352927e-01
48.2843 2.439709134512524913e-01
48.2926 2.439875640400953893e-01
48.3009 2.440042005562833849e-01
48.3092 2.440208230029743408e-01
48.3175 2.440374313829803410e-01
48.3258 2.440540256986379331e-01
48.3341 2.440706059524587190e-01
48.3425 2.440871721479081768e-01
48.3508 2.441037242878461300e-01
48.3591 2.441202623744412881e-01
48.3674 2.441367864110753072e-01
48.3757 2.441532963999629435e-01
48.384 2.441697923439689888e-01
48.3923 2.441862742463481450e-01
48.4006 2.442027421095784856e-01
48.4089 2.442191959364413134e-01
48.4172 2.442356357299354797e-01
48.4256 2.442520614926718958e-01
48.4339 2.442684732273062709e-01
48.4422 2.442848709374009497e-01
48.4505 2.443012546250959149e-01
48.4588 2.443176242930935604e-01
48.4671 2.443339799447863947e-01
48.4754 2.443503215827922126e-01
48.4837 2.443666492097303911e-01
48.492 2.443829628287377542e-01
48.5003 2.443992624423497184e-01
48.5087 2.444155480538768577e-01
48.517 2.444318196658138431e-01
48.5253 2.444480772808714786e-01
48.5336 2.444643209025348929e-01
48.5419 2.444805505329585293e-01
48.5502 2.444967661752857346e-01
48.5585 2.445129678327035427e-01
48.5668 2.445291555078418499e-01
48.5751 2.445453292032892245e-01
48.5834 2.445614889222351984e-01
48.5918 2.445776346673561308e-01
48.6001 2.445937664419719770e-01
48.6084 2.446098842487177683e-01
48.6167 2.446259880902730000e-01
48.625 2.446420779699171322e-01
48.6333 2.446581538902458108e-01
48.6416 2.446742158543689927e-01
48.6499 2.446902638649272876e-01
48.6582 2.447062979253742110e-01
48.6665 2.447223180383948093e-01
48.6749 2.447383242061201281e-01
48.6832 2.447543164322625031e-01
48.6915 2.447702947203632962e-01
48.6998 2.447862590722580389e-01
48.7081 2.448022094911060931e-01
48.7164 2.448181459803659976e-01
48.7247 2.448340685421754315e-01
48.733 2.448499771803352154e-01
48.7413 2.448658718971129522e-01
48.7496 2.448817526958421975e-01
48.7579 2.448976195792610944e-01
48.7663 2.449134725507894350e-01
48.7746 2.449293116128692660e-01
48.7829 2.449451367681565739e-01
48.7912 2.449609480208384260e-01
48.7995 2.449767453731045430e-01
48.8078 2.449925288276983693e-01
48.8161 2.450082983879590670e-01
48.8244 2.450240540570133851e-01
48.8327 2.450397958374377350e-01
48.841 2.450555237324032465e-01
48.8494 2.450712377449543455e-01
48.8577 2.450869378786023900e-01
48.866 2.451026241354608004e-01
48.8743 2.451182965186189944e-01
48.8826 2.451339550317594707e-01
48.8909 2.451495996774221420e-01
48.8992 2.451652304588250175e-01
48.9075 2.451808473785944686e-01
48.9158 2.451964504402883438e-01
48.9241 2.452120396467879770e-01
48.9325 2.452276150008491640e-01
48.9408 2.452431765059041868e-01
48.9491 2.452587241643723326e-01
48.9574 2.452742579800672729e-01
48.9657 2.452897779554520652e-01
48.974 2.453052840939611012e-01
48.9823 2.453207763984810719e-01
48.9906 2.453362548716465086e-01
48.9989 2.453517195173992582e-01
49.0072 2.453671703385013891e-01
49.0156 2.453826073375051930e-01
49.0239 2.453980305177222432e-01
49.0322 2.454134398828007324e-01
49.0405 2.454288354352531509e-01
49.0488 2.454442171778454529e-01
49.0571 2.454595851143956953e-01
49.0654 2.454749392475868153e-01
49.0737 2.454902795804388693e-01
49.082 2.455056061166026593e-01
49.0903 2.455209188587210989e-01
49.0987 2.455362178097320602e-01
49.107 2.455515029729518628e-01
49.1153 2.455667743515291823e-01
49.1236 2.455820319484874614e-01
49.1319 2.455972757671860407e-01
49.1402 2.456125058104816905e-01
49.1485 2.456277220815671902e-01
49.1568 2.456429245834682307e-01
49.1651 2.456581133192527466e-01
49.1734 2.456732882924079209e-01
49.1818 2.456884495059189488e-01
49.1901 2.457035969628971750e-01
49.1984 2.457187306661200166e-01
49.2067 2.457338506193267325e-01
49.215 2.457489568256299439e-01
49.2233 2.457640492876833893e-01
49.2316 2.457791280089349217e-01
49.2399 2.457941929924570001e-01
49.2482 2.458092442411974610e-01
49.2565 2.458242817591054508e-01
49.2648 2.458393055487124446e-01
49.2732 2.458543156132178553e-01
49.2815 2.458693119558630347e-01
49.2898 2.458842945800145952e-01
49.2981 2.458992634884149264e-01
49.3064 2.459142186846812184e-01
49.3147 2.459291601720145493e-01
49.323 2.459440879530757074e-01
49.3313 2.459590020315657322e-01
49.3396 2.459739024103959892e-01
49.3479 2.459887890934337740e-01
49.3563 2.460036620830511056e-01
49.3646 2.460185213825345774e-01
49.3729 2.460333669950880986e-01
49.3812 2.460481989245381085e-01
49.3895 2.460630171739228711e-01
49.3978 2.460778217459904937e-01
49.4061 2.460926126441121686e-01
49.4144 2.461073898717832942e-01
49.4227 2.461221534318364101e-01
49.431 2.461369033278091589e-01
49.4394 2.461516395631141996e-01
49.4477 2.461663621406684488e-01
49.456 2.461810710637614141e-01
49.4643 2.461957663353933345e-01
49.4726 2.462104479590198902e-01
49.4809 2.462251159382618237e-01
49.4892 2.462397702761202622e-01
49.4975 2.462544109755967769e-01
49.5058 2.462690380399825407e-01
49.5141 2.462836514731051862e-01
49.5225 2.462982512776783206e-01
49.5308 2.463128374568286927e-01
49.5391 2.463274100145078915e-01
49.5474 2.463419689534306622e-01
49.5557 2.463565142769718053e-01
49.564 2.463710459885471438e-01
49.5723 2.463855640914493494e-01
49.5806 2.464000685891357678e-01
49.5889 2.464145594843642484e-01
49.5972 2.464290367805514193e-01
49.6056 2.464435004813198549e-01
49.6139 2.464579505900859335e-01
49.6222 2.464723871098554731e-01
49.6305 2.464868100435115839e-01
49.6388 2.465012193950054664e-01
49.6471 2.465156151677129759e-01
49.6554 2.465299973645589116e-01
49.6637 2.465443659891656814e-01
49.672 2.465587210442536925e-01
49.6803 2.465730625337735626e-01
49.6887 2.465873904611427248e-01
49.697 2.466017048292051816e-01
49.7053 2.466160056415426793e-01
49.7136 2.466302929013271805e-01
49.7219 2.466445666120177238e-01
49.7302 2.466588267770729592e-01
49.7385 2.466730733999107639e-01
49.7468 2.466873064835402307e-01
49.7551 2.467015260311342661e-01
49.7634 2.467157320469282322e-01
49.7717 2.467299245334413083e-01
49.7801 2.467441034943367584e-01
49.7884 2.467582689332774859e-01
49.7967 2.467724208529470109e-01
49.805 2.467865592570086253e-01
49.8133 2.468006841492064452e-01
49.8216 2.468147955327139598e-01
49.8299 2.468288934105416776e-01
49.8382 2.468429777864338259e-01
49.8465 2.468570486638084482e-01
49.8548 2.468711060456763862e-01
49.8632 2.468851499357815060e-01
49.8715 2.468991803377856842e-01
49.8798 2.469131972545372533e-01
49.8881 2.469272006891292670e-01
49.8964 2.469411906461177197e-01
49.9047 2.469551671281073890e-01
49.913 2.469691301381101156e-01
49.9213 2.469830796805995432e-01
49.9296 2.469970157584247261e-01
49.9379 2.470109383749219678e-01
49.9463 2.470248475336713212e-01
49.9546 2.470387432380088955e-01
49.9629 2.470526254914331421e-01
49.9712 2.470664942971182720e-01
49.9795 2.470803496590486259e-01
49.9878 2.470941915803978317e-01
49.9961 2.471080200640164426e-01
50.0044 2.471218351141307723e-01
50.0127 2.471356367339145876e-01
50.021 2.471494249266228682e-01
50.0294 2.471631996964805122e-01
50.0377 2.471769610460954336e-01
50.046 2.471907089783991485e-01
50.0543 2.472044434984237982e-01
50.0626 2.472181646088578710e-01
50.0709 2.472318723126329942e-01
50.0792 2.472455666139721231e-01
50.0875 2.472592475160484415e-01
50.0958 2.472729150225998485e-01
50.1041 2.472865691364771745e-01
50.1125 2.473002098613374944e-01
50.1208 2.473138372014011543e-01
50.1291 2.473274511595994207e-01
50.1374 2.473410517391856911e-01
50.1457 2.473546389438159299e-01
50.154 2.473682127772259820e-01
50.1623 2.473817732426688565e-01
50.1706 2.473953203436386472e-01
50.1789 2.474088540839507189e-01
50.1872 2.474223744666969038e-01
50.1956 2.474358814952102026e-01
50.2039 2.474493751736260017e-01
50.2122 2.474628555052765522e-01
50.2205 2.474763224931731675e-01
50.2288 2.474897761414501240e-01
50.2371 2.475032164532784684e-01
50.2454 2.475166434323907982e-01
50.2537 2.475300570820381241e-01
50.262 2.475434574061123605e-01
50.2703 2.475568444078642127e-01
50.2786 2.475702180908645744e-01
50.287 2.475835784585238286e-01
50.2953 2.475969255143324055e-01
50.3036 2.476102592624198351e-01
50.3119 2.476235797059558319e-01
50.3202 2.476368868482696217e-01
50.3285 2.476501806930102301e-01
50.3368 2.476634612437461913e-01
50.3451 2.476767285046045652e-01
50.3534 2.476899824781950421e-01
50.3617 2.477032231683246599e-01
50.3701 2.477164505791191462e-01
50.3784 2.477296647137461061e-01
50.3867 2.477428655752938191e-01
50.395 2.477560531682847789e-01
50.4033 2.477692274958062935e-01
50.4116 2.477823885613438804e-01
50.4199 2.477955363683034817e-01
50.4282 2.478086709208066063e-01
50.4365 2.478217922224172642e-01
50.4448 2.478349002758240827e-01
50.4532 2.478479950853859082e-01
50.4615 2.478610766549833033e-01
50.4698 2.478741449875428160e-01
50.4781 2.478872000867855807e-01
50.4864 2.479002419567495064e-01
50.4947 2.479132706000434505e-01
50.503 2.479262860207838981e-01
50.5113 2.479392882237209939e-01
50.5196 2.479522772111451834e-01
50.5279 2.479652529863785870e-01
50.5363 2.479782155539315136e-01
50.5446 2.479911649172037158e-01
50.5529 2.480041010795158984e-01
50.5612 2.480170240449798003e-01
50.5695 2.480299338165196932e-01
50.5778 2.480428303984833494e-01
50.5861 2.480557137941106494e-01
50.5944 2.480685840067202996e-01
50.6027 2.480814410406582404e-01
50.611 2.480942848993998862e-01
50.6194 2.481071155860258559e-01
50.6277 2.481199331046428369e-01
50.636 2.481327374591198731e-01
50.6443 2.481455286522996073e-01
50.6526 2.481583066882079580e-01
50.6609 2.481710715704758541e-01
50.6692 2.481838233035216501e-01
50.6775 2.481965618901077475e-01
50.6858 2.482092873336274041e-01
50.6941 2.482219996389691263e-01
50.7025 2.482346988086585882e-01
50.7108 2.482473848466382749e-01
50.7191 2.482600577566925482e-01
50.7274 2.482727175427623112e-01
50.7357 2.482853642083157897e-01
50.744 2.482979977561139973e-01
50.7523 2.483106181915102906e-01
50.7606 2.483232255172643232e-01
50.7689 2.483358197368426001e-01
50.7772 2.483484008544176169e-01
50.7855 2.483609688732193177e-01
50.7939 2.483735237972616583e-01
50.8022 2.483860656304010261e-01
50.8105 2.483985943758658943e-01
50.8188 2.484111100377462966e-01
50.8271 2.484236126192699290e-01
50.8354 2.484361021244470835e-01
50.8437 2.484485785572873584e-01
50.852 2.484610419208601317e-01
50.8603 2.484734922190954820e-01
50.8686 2.484859294560004817e-01
50.877 2.484983536351906275e-01
50.8853 2.485107647598119029e-01
50.8936 2.485231628338695486e-01
50.9019 2.485355478621487368e-01
50.9102 2.485479198469345286e-01
50.9185 2.485602787923861523e-01
50.9268 2.485726247025052960e-01
50.9351 2.485849575804350009e-01
50.9434 2.485972774307214639e-01
50.9517 2.486095842564284564e-01
50.9601 2.486218780614771473e-01
50.9684 2.486341588498650612e-01
50.9767 2.486464266249661936e-01
50.985 2.486586813907769311e-01
50.9933 2.486709231508257567e-01
51.0016 2.486831519087182862e-01
51.0099 2.486953676687596315e-01
51.0182 2.487075704343983118e-01
51.0265 2.487197602092377224e-01
51.0348 2.487319369974245464e-01
51.0432 2.487441008024056377e-01
51.0515 2.487562516274718083e-01
51.0598 2.487683894770779947e-01
51.0681 2.487805143551341802e-01
51.0764 2.487926262653171738e-01
51.0847 2.488047252105272944e-01
51.093 2.488168111954480732e-01
51.1013 2.488288842235213683e-01
51.1096 2.488409442985760611e-01
51.1179 2.488529914241301155e-01
51.1263 2.488650256046303355e-01
51.1346 2.488770468435928251e-01
51.1429 2.488890551439920384e-01
51.1512 2.489010505107358828e-01
51.1595 2.489130329467972025e-01
51.1678 2.489250024563084418e-01
51.1761 2.489369590434778734e-01
51.1844 2.489489027112768982e-01
51.1927 2.489608334640667220e-01
51.201 2.489727513055893515e-01
51.2094 2.489846562392779017e-01
51.2177 2.489965482695672139e-01
51.226 2.490084273994259412e-01
51.2343 2.490202936332100991e-01
51.2426 2.490321469749658956e-01
51.2509 2.490439874279682109e-01
51.2592 2.490558149958767564e-01
51.2675 2.490676296833511660e-01
51.2758 2.490794314935871057e-01
51.2841 2.490912204304724653e-01
51.2925 2.491029964981248679e-01
51.3008 2.491147596999686575e-01
51.3091 2.491265100398890875e-01
51.3174 2.491382475220006720e-01
51.3257 2.491499721497256459e-01
51.334 2.491616839272535744e-01
51.3423 2.491733828584655475e-01
51.3506 2.491850689467046132e-01
51.3589 2.491967421964641216e-01
51.3672 2.492084026108553618e-01
51.3755 2.492200501940628754e-01
51.3839 2.492316849503463383e-01
51.3922 2.492433068828914799e-01
51.4005 2.492549159958029337e-01
51.4088 2.492665122934904220e-01
51.4171 2.492780957786779883e-01
51.4254 2.492896664558500730e-01
51.4337 2.493012243294127073e-01
51.442 2.493127694018589524e-01
51.4503 2.493243016780518351e-01
51.4586 2.493358211619355058e-01
51.467 2.493473278569180163e-01
51.4753 2.493588217670945906e-01
51.4836 2.493703028958719481e-01
51.4919 2.493817712478009208e-01
51.5002 2.493932268264391627e-01
51.5085 2.494046696356483073e-01
51.5168 2.494160996790606155e-01
51.5251 2.494275169612982790e-01
51.5334 2.494389214856863046e-01
51.5417 2.494503132558541225e-01
51.5501 2.494616922761916933e-01
51.5584 2.494730585502501763e-01
51.5667 2.494844120824171174e-01
51.575 2.494957528759373377e-01
51.5833 2.495070809351200847e-01
51.5916 2.495183962636647879e-01
51.5999 2.495296988654980008e-01
51.6082 2.495409887448492570e-01
51.6165 2.495522659051111480e-01
51.6248 2.495635303502831692e-01
51.6332 2.495747820845912179e-01
51.6415 2.495860211117288119e-01
51.6498 2.495972474355401538e-01
51.6581 2.496084610598686415e-01
51.6664 2.496196619887080803e-01
51.6747 2.496308502262026552e-01
51.683 2.496420257763437567e-01
51.6913 2.496531886425914781e-01
51.6996 2.496643388287081988e-01
51.7079 2.496754763394391785e-01
51.7163 2.496866011781656014e-01
51.7246 2.496977133484955258e-01
51.7329 2.497088128551698538e-01
51.7412 2.497198997016428224e-01
51.7495 2.497309738913681132e-01
51.7578 2.497420354292337330e-01
51.7661 2.497530843189174898e-01
51.7744 2.497641205637942674e-01
51.7827 2.497751441681442530e-01
51.791 2.497861551363211030e-01
51.7994 2.497971534714706066e-01
51.8077 2.498081391779445048e-01
51.816 2.498191122600172398e-01
51.8243 2.498300727211332783e-01
51.8326 2.498410205651883376e-01
51.8409 2.498519557965286075e-01
51.8492 2.498628784188966778e-01
51.8575 2.498737884361093564e-01
51.8658 2.498846858530355264e-01
51.8741 2.498955706720604186e-01
51.8824 2.499064428982760711e-01
51.8908 2.499173025352688371e-01
51.8991 2.499281495865497416e-01
51.9074 2.499389840573555122e-01
51.9157 2.499498059510441295e-01
51.924 2.499606152705975137e-01
51.9323 2.499714120211732893e-01
51.9406 2.499821962066514081e-01
51.9489 2.499929678305358727e-01
51.9572 2.500037268967048032e-01
51.9655 2.500144734096345633e-01
51.9739 2.500252073732753821e-01
51.9822 2.500359287912017892e-01
51.9905 2.500466376675867242e-01
51.9988 2.500573340064516370e-01
52.0071 2.500680178122656194e-01
52.0154 2.500786890879256319e-01
52.0237 2.500893478378237167e-01
52.032 2.500999940669479948e-01
52.0403 2.501106277778935572e-01
52.0486 2.501212489748244061e-01
52.057 2.501318576632465818e-01
52.0653 2.501424538453045909e-01
52.0736 2.501530375253076532e-01
52.0819 2.501636087086823723e-01
52.0902 2.501741673981676128e-01
52.0985 2.501847135977698366e-01
52.1068 2.501952473119415377e-01
52.1151 2.502057685444625257e-01
52.1234 2.502162772995587536e-01
52.1317 2.502267735809332039e-01
52.1401 2.502372573924369625e-01
52.1484 2.502477287385894700e-01
52.1567 2.502581876233134217e-01
52.165 2.502686340502326967e-01
52.1733 2.502790680234906473e-01
52.1816 2.502894895480464732e-01
52.1899 2.502998986265543291e-01
52.1982 2.503102952634509437e-01
52.2065 2.503206794629481147e-01
52.2148 2.503310512294048551e-01
52.2232 2.503414105662140066e-01
52.2315 2.503517574773607701e-01
52.2398 2.503620919678673507e-01
52.2481 2.503724140407522225e-01
52.2564 2.503827237002190231e-01
52.2647 2.503930209506181614e-01
52.273 2.504033057954836439e-01
52.2813 2.504135782396071930e-01
52.2896 2.504238382866681434e-01
52.2979 2.504340859404931008e-01
52.3063 2.504443212051291057e-01
52.3146 2.504545440847697479e-01
52.3229 2.504647545833855182e-01
52.3312 2.504749527057580916e-01
52.3395 2.504851384548202886e-01
52.3478 2.504953118348344221e-01
52.3561 2.505054728502821293e-01
52.3644 2.505156215052003477e-01
52.3727 2.505257578032561994e-01
52.381 2.505358817488528289e-01
52.3893 2.505459933458021871e-01
52.3977 2.505560925985780840e-01
52.406 2.505661795106948198e-01
52.4143 2.505762540862550569e-01
52.4226 2.505863163300962593e-01
52.4309 2.505963662452134200e-01
52.4392 2.506064038361466295e-01
52.4475 2.506164291072132677e-01
52.4558 2.506264420625082256e-01
52.4641 2.506364427055371435e-01
52.4724 2.506464310404659668e-01
52.4808 2.506564070718999560e-01
52.4891 2.506663708034877480e-01
52.4974 2.506763222396108381e-01
52.5057 2.506862613842822385e-01
52.514 2.506961882412198084e-01
52.5223 2.507061028147276049e-01
52.5306 2.507160051089606934e-01
52.5389 2.507258951275599390e-01
52.5472 2.507357728755572612e-01
52.5555 2.507456383563705926e-01
52.5639 2.507554915737831847e-01
52.5722 2.507653325328947913e-01
52.5805 2.507751612366804217e-01
52.5888 2.507849776902362215e-01
52.5971 2.507947818966811959e-01
52.6054 2.508045738605964026e-01
52.6137 2.508143535869257756e-01
52.622 2.508241210779807995e-01
52.6303 2.508338763391411708e-01
52.6386 2.508436193743961984e-01
52.647 2.508533501875147009e-01
52.6553 2.508630687824836558e-01
52.6636 2.508727751635069780e-01
52.6719 2.508824693351521251e-01
52.6802 2.508921513011090898e-01
52.6885 2.509018210653587433e-01
52.6968 2.509114786323903279e-01
52.7051 2.509211240063272119e-01
52.7134 2.509307571909267232e-01
52.7217 2.509403781902365127e-01
52.7301 2.509499870089576534e-01
52.7384 2.509595836509159184e-01
52.7467 2.509691681197176449e-01
52.755 2.509787404203498995e-01
52.7633 2.509883005565610170e-01
52.7716 2.509978485320261132e-01
52.7799 2.510073843512178882e-01
52.7882 2.510169080187524271e-01
52.7965 2.510264195383725139e-01
52.8048 2.510359189138922642e-01
52.8132 2.510454061497053302e-01
52.8215 2.510548812497678250e-01
52.8298 2.510643442186873409e-01
52.8381 2.510737950602718316e-01
52.8464 2.510832337785455226e-01
52.8547 2.510926603777485777e-01
52.863 2.511020748621191068e-01
52.8713 2.511114772358937208e-01
52.8796 2.511208675026560533e-01
52.8879 2.511302456668567662e-01
52.8962 2.511396117328721922e-01
52.9046 2.511489657051490521e-01
52.9129 2.511583075866146708e-01
52.9212 2.511676373826522424e-01
52.9295 2.511769550967642428e-01
52.9378 2.511862607330297426e-01
52.9461 2.511955542959594667e-01
52.9544 2.512048357897733730e-01
52.9627 2.512141052181848244e-01
52.971 2.512233625855549990e-01
52.9793 2.512326078960269715e-01
52.9877 2.512418411536699314e-01
52.996 2.512510623629119477e-01
53.0043 2.512602715279629306e-01
53.0126 2.512694686526711907e-01
53.0209 2.512786537405957699e-01
53.0292 2.512878267970934387e-01
53.0375 2.512969878257917955e-01
53.0458 2.513061368313239119e-01
53.0541 2.513152738168831224e-01
53.0624 2.513243987870274476e-01
53.0708 2.513335117466720114e-01
53.0791 2.513426126990774834e-01
53.0874 2.513517016482221811e-01
53.0957 2.513607785994463328e-01
53.104 2.513698435561497191e-01
53.1123 2.513788965222339966e-01
53.1206 2.513879375020289797e-01
53.1289 2.513969665005082454e-01
53.1372 2.514059835209944138e-01
53.1455 2.514149885680986296e-01
53.1539 2.514239816456423360e-01
53.1622 2.514329627575888626e-01
53.1705 2.514419319089019611e-01
53.1788 2.514508891035409643e-01
53.1871 2.514598343453923746e-01
53.1954 2.514687676383414727e-01
53.2037 2.514776889872725185e-01
53.212 2.514865983965671736e-01
53.2203 2.514954958693194076e-01
53.2286 2.515043814104793718e-01
53.237 2.515132550242091813e-01
53.2453 2.515221167145268444e-01
53.2536 2.515309664855198135e-01
53.2619 2.515398043417733098e-01
53.2702 2.515486302871572932e-01
53.2785 2.515574443257543868e-01
53.2868 2.515662464620016525e-01
53.2951 2.515750367001203802e-01
53.3034 2.515838150446150223e-01
53.3117 2.515925814989201648e-01
53.3201 2.516013360673232113e-01
53.3284 2.516100787549638285e-01
53.3367 2.516188095652004408e-01
53.345 2.516275285021017938e-01
53.3533 2.516362355703747333e-01
53.3616 2.516449307742262831e-01
53.3699 2.516536141172934227e-01
53.3782 2.516622856044193335e-01
53.3865 2.516709452398055991e-01
53.3948 2.516795930270843140e-01
53.4031 2.516882289710925535e-01
53.4115 2.516968530754591371e-01
53.4198 2.517054653447335366e-01
53.4281 2.517140657835338358e-01
53.4364 2.517226543951295303e-01
53.4447 2.517312311843479811e-01
53.453 2.517397961553764496e-01
53.4613 2.517483493121174809e-01
53.4696 2.517568906590378908e-01
53.4779 2.517654202006030517e-01
53.4862 2.517739379408512890e-01
53.4946 2.517824438833954348e-01
53.5029 2.517909380331899150e-01
53.5112 2.517994203943389464e-01
53.5195 2.518078909706619739e-01
53.5278 2.518163497673898688e-01
53.5361 2.518247967875615334e-01
53.5444 2.518332320356273524e-01
53.5527 2.518416555166705928e-01
53.561 2.518500672339374913e-01
53.5693 2.518584671921544338e-01
53.5777 2.518668553951293188e-01
53.586 2.518752318477252006e-01
53.5943 2.518835965543098077e-01
53.6026 2.518919495176993317e-01
53.6109 2.519002907435259342e-01
53.6192 2.519086202355883541e-01
53.6275 2.519169379979653844e-01
53.6358 2.519252440353669797e-01
53.6441 2.519335383513059967e-01
53.6524 2.519418209506288364e-01
53.6608 2.519500918374071863e-01
53.6691 2.519583510156404582e-01
53.6774 2.519665984902390021e-01
53.6857 2.519748342644264061e-01
53.694 2.519830583430393567e-01
53.7023 2.519912707306312116e-01
53.7106 2.519994714309112815e-01
53.7189 2.520076604482191507e-01
53.7272 2.520158377870322930e-01
53.7355 2.520240034513355210e-01
53.7439 2.520321574453220914e-01
53.7522 2.520402997736036488e-01
53.7605 2.520484304400199549e-01
53.7688 2.520565494491782688e-01
53.7771 2.520646568054041303e-01
53.7854 2.520727525125315838e-01
53.7937 2.520808365748127278e-01
53.802 2.520889089969869379e-01
53.8103 2.520969697828125411e-01
53.8186 2.521050189369550831e-01
53.827 2.521130564633795590e-01
53.8353 2.521210823662580203e-01
53.8436 2.521290966501799624e-01
53.8519 2.521370993190348853e-01
53.8602 2.521450903773385099e-01
53.8685 2.521530698296737261e-01
53.8768 2.521610376794363173e-01
53.8851 2.521689939317633966e-01
53.8934 2.521769385903260829e-01
53.9017 2.521848716594208839e-01
53.91 2.521927931436903081e-01
53.9184 2.522007030470092559e-01
53.9267 2.522086013742947941e-01
53.935 2.522164881287914939e-01
53.9433 2.522243633154818143e-01
53.9516 2.522322269387891613e-01
53.9599 2.522400790022317763e-01
53.9682 2.522479195103684568e-01
53.9765 2.522557484678945583e-01
53.9848 2.522635658790172708e-01
53.9931 2.522713717473867301e-01
54.0015 2.522791660778309075e-01
54.0098 2.522869488742735533e-01
54.0181 2.522947201416077534e-01
54.0264 2.523024798834763716e-01
54.0347 2.523102281037977179e-01
54.043 2.523179648079434956e-01
54.0513 2.523256899998279623e-01
54.0596 2.523334036833637661e-01
54.0679 2.523411058624619452e-01
54.0762 2.523487965424154322e-01
54.0846 2.523564757273386583e-01
54.0929 2.523641434206526646e-01
54.1012 2.523717996272978326e-01
54.1095 2.523794443516592101e-01
54.1178 2.523870775979817349e-01
54.1261 2.523946993698176211e-01
54.1344 2.524023096720987014e-01
54.1427 2.524099085094087536e-01
54.151 2.524174958854323858e-01
54.1593 2.524250718047498232e-01
54.1677 2.524326362716628469e-01
54.176 2.524401892899194588e-01
54.1843 2.524477308644382245e-01
54.1926 2.524552609993772068e-01
54.2009 2.524627796987544692e-01
54.2092 2.524702869674813610e-01
54.2175 2.524777828090901677e-01
54.2258 2.524852672281444055e-01
54.2341 2.524927402294797618e-01
54.2424 2.525002018166228046e-01
54.2508 2.525076519935118280e-01
54.2591 2.525150907659388655e-01
54.2674 2.525225181371499317e-01
54.2757 2.525299341114204954e-01
54.284 2.525373386932303621e-01
54.2923 2.525447318867131141e-01
54.3006 2.525521136968248426e-01
54.3089 2.525594841274889646e-01
54.3172 2.525668431824908411e-01
54.3255 2.525741908662992863e-01
54.3339 2.525815271836556186e-01
54.3422 2.525888521390922681e-01
54.3505 2.525961657361128210e-01
54.3588 2.526034679792459325e-01
54.3671 2.526107588726764774e-01
54.3754 2.526180384218182917e-01
54.3837 2.526253066292779570e-01
54.392 2.526325635001230863e-01
54.4003 2.526398090391454021e-01
54.4086 2.526470432501768393e-01
54.4169 2.526542661376631749e-01
54.4253 2.526614777054323469e-01
54.4336 2.526686779578580233e-01
54.4419 2.526758669001981650e-01
54.4502 2.526830445362754363e-01
54.4585 2.526902108697734461e-01
54.4668 2.526973659056712118e-01
54.4751 2.527045096475805663e-01
54.4834 2.527116421004077518e-01
54.4917 2.527187632689190111e-01
54.5 2.527258731561761174e-01
54.5084 2.527329717674182685e-01
54.5167 2.527400591066568669e-01
54.525 2.527471351781049869e-01
54.5333 2.527541999866548816e-01
54.5416 2.527612535362430690e-01
54.5499 2.527682958305331185e-01
54.5582 2.527753268743418436e-01
54.5665 2.527823466723486123e-01
54.5748 2.527893552284138923e-01
54.5831 2.527963525475519502e-01
54.5915 2.528033386331441923e-01
54.5998 2.528103134896571569e-01
54.6081 2.528172771218942239e-01
54.6164 2.528242295337743695e-01
54.6247 2.528311707297571931e-01
54.633 2.528381007145037440e-01
54.6413 2.528450194917230553e-01
54.6496 2.528519270658690088e-01
54.6579 2.528588234416629943e-01
54.6662 2.528657086230798323e-01
54.6746 2.528725826144304079e-01
54.6829 2.528794454201595543e-01
54.6912 2.528862970446411618e-01
54.6995 2.528931374917746111e-01
54.7078 2.528999667664031392e-01
54.7161 2.529067848727596379e-01
54.7244 2.529135918149394424e-01
54.7327 2.529203875971712256e-01
54.741 2.529271722242891762e-01
54.7493 2.529339457003149660e-01
54.7577 2.529407080296728894e-01
54.766 2.529474592163133972e-01
54.7743 2.529541992647239557e-01
54.7826 2.529609281795254239e-01
54.7909 2.529676459651327702e-01
54.7992 2.529743526250165520e-01
54.8075 2.529810481639925279e-01
54.8158 2.529877325872107452e-01
54.8241 2.529944058980677091e-01
54.8324 2.530010681006320539e-01
54.8408 2.530077191999791641e-01
54.8491 2.530143592001732333e-01
54.8574 2.530209881054775178e-01
54.8657 2.530276059202210548e-01
54.874 2.530342126486630483e-01
54.8823 2.530408082955309945e-01
54.8906 2.530473928645423642e-01
54.8989 2.530539663602860423e-01
54.9072 2.530605287872138009e-01
54.9155 2.530670801497755251e-01
54.9238 2.530736204523513777e-01
54.9322 2.530801496987160060e-01
54.9405 2.530866678931785185e-01
54.9488 2.530931750410513881e-01
54.9571 2.530996711455664738e-01
54.9654 2.531061562116293517e-01
54.9737 2.531126302437410325e-01
54.982 2.531190932456637288e-01
54.9903 2.531255452221618518e-01
54.9986 2.531319861771944013e-01
55.0069 2.531384161153872325e-01
55.0153 2.531448350414973181e-01
55.0236 2.531512429590093705e-01
55.0319 2.531576398723418553e-01
55.0402 2.531640257867127652e-01
55.0485 2.531704007057340444e-01
55.0568 2.531767646338175526e-01
55.0651 2.531831175749054696e-01
55.0734 2.531894595344059140e-01
55.0817 2.531957905160562294e-01
55.09 2.532021105236590963e-01
55.0984 2.532084195622149592e-01
55.1067 2.532147176363882535e-01
55.115 2.532210047495753735e-01
55.1233 2.532272809065696517e-01
55.1316 2.532335461119621933e-01
55.1399 2.532398003696758604e-01
55.1482 2.532460436842307594e-01
55.1565 2.532522760600777745e-01
55.1648 2.532584975015990114e-01
55.1731 2.532647080128419548e-01
55.1815 2.532709075979852620e-01
55.1898 2.532770962621351818e-01
55.1981 2.532832740088675760e-01
55.2064 2.532894408428855715e-01
55.2147 2.532955967688894638e-01
55.223 2.533017417901176627e-01
55.2313 2.533078759114651413e-01
55.2396 2.533139991380233824e-01
55.2479 2.533201114734221493e-01
55.2562 2.533262129219525649e-01
55.2646 2.533323034880359814e-01
55.2729 2.533383831762901495e-01
55.2812 2.533444519906681291e-01
55.2895 2.533505099357166723e-01
55.2978 2.533565570157155777e-01
55.3061 2.533625932352069343e-01
55.3144 2.533686185983335948e-01
55.3227 2.533746331093685300e-01
55.331 2.533806367727808873e-01
55.3393 2.533866295930371493e-01
55.3477 2.533926115742715091e-01
55.356 2.533985827209457309e-01
55.3643 2.534045430372557361e-01
55.3726 2.534104925275267872e-01
55.3809 2.534164311965440008e-01
55.3892 2.534223590486278654e-01
55.3975 2.534282760873714513e-01
55.4058 2.534341823171574748e-01
55.4141 2.534400777432224139e-01
55.4224 2.534459623697460362e-01
55.4307 2.534518362007081027e-01
55.4391 2.534576992400867090e-01
55.4474 2.534635514931083411e-01
55.4557 2.534693929636145371e-01
55.464 2.534752236556426785e-01
55.4723 2.534810435744770385e-01
55.4806 2.534868527236242008e-01
55.4889 2.534926511074433453e-01
55.4972 2.534984387310798559e-01
55.5055 2.535042155982965006e-01
55.5138 2.535099817131173383e-01
55.5222 2.535157370804830834e-01
55.5305 2.535214817046099189e-01
55.5388 2.535272155893181223e-01
55.5471 2.535329387399344880e-01
55.5554 2.535386511602747972e-01
55.5637 2.535443528545460179e-01
55.572 2.535500438272808021e-01
55.5803 2.535557240828126835e-01
55.5886 2.535613936252110734e-01
55.5969 2.535670524591976394e-01
55.6053 2.535727005892299268e-01
55.6136 2.535783380191741210e-01
55.6219 2.535839647539409047e-01
55.6302 2.535895807972611826e-01
55.6385 2.535951861538449092e-01
55.6468 2.536007808281374731e-01
55.6551 2.536063648241249635e-01
55.6634 2.536119381466402922e-01
55.6717 2.536175008000563502e-01
55.68 2.536230527881567220e-01
55.6884 2.536285941151144030e-01
55.6967 2.536341247859482118e-01
55.705 2.536396448055435182e-01
55.7133 2.536451541770879392e-01
55.7216 2.536506529049410430e-01
55.7299 2.536561409939812051e-01
55.7382 2.536616184486930048e-01
55.7465 2.536670852731678916e-01
55.7548 2.536725414714303684e-01
55.7631 2.536779870481533639e-01
55.7715 2.536834220085275593e-01
55.7798 2.536888463557896434e-01
55.7881 2.536942600940850223e-01
55.7964 2.536996632285971054e-01
55.8047 2.537050557630115000e-01
55.813 2.537104377023113311e-01
55.8213 2.537158090506974051e-01
55.8296 2.537211698119788972e-01
55.8379 2.537265199907418611e-01
55.8462 2.537318595918293673e-01
55.8546 2.537371886193678372e-01
55.8629 2.537425070773525193e-01
55.8712 2.537478149705537089e-01
55.8795 2.537531123032859548e-01
55.8878 2.537583990791484889e-01
55.8961 2.537636753035527049e-01
55.9044 2.537689409804166352e-01
55.9127 2.537741961133985757e-01
55.921 2.537794407084186243e-01
55.9293 2.537846747688712323e-01
55.9376 2.537898982984075347e-01
55.946 2.537951113026165606e-01
55.9543 2.538003137857908764e-01
55.9626 2.538055057510584800e-01
55.9709 2.538106872038704553e-01
55.9792 2.538158581484484810e-01
55.9875 2.538210185892048609e-01
55.9958 2.538261685299691983e-01
56.0041 2.538313079749561219e-01
56.0124 2.538364369292811507e-01
56.0207 2.538415553973467076e-01
56.0291 2.538466633828446173e-01
56.0374 2.538517608898510081e-01
56.0457 2.538568479237932052e-01
56.054 2.538619244889994686e-01
56.0623 2.538669905885733713e-01
56.0706 2.538720462274831058e-01
56.0789 2.538770914103726795e-01
56.0872 2.538821261415612485e-01
56.0955 2.538871504252374622e-01
56.1038 2.538921642659087152e-01
56.1122 2.538971676677589384e-01
56.1205 2.539021606349052829e-01
56.1288 2.539071431718484262e-01
56.1371 2.539121152834069584e-01
56.1454 2.539170769734344080e-01
56.1537 2.539220282466159162e-01
56.162 2.539269691066082246e-01
56.1703 2.539318995584124439e-01
56.1786 2.539368196063220284e-01
56.1869 2.539417292546912730e-01
56.1953 2.539466285077450203e-01
56.2036 2.539515173696406669e-01
56.2119 2.539563958451747094e-01
56.2202 2.539612639381796932e-01
56.2285 2.539661216535109567e-01
56.2368 2.539709689955722549e-01
56.2451 2.539758059677425517e-01
56.2534 2.539806325751887139e-01
56.2617 2.539854488223717843e-01
56.27 2.539902547134304522e-01
56.2784 2.539950502525015752e-01
56.2867 2.539998354441663775e-01
56.295 2.540046102924293780e-01
56.3033 2.540093748023772302e-01
56.3116 2.540141289778820588e-01
56.3199 2.540188728230045045e-01
56.3282 2.540236063426966617e-01
56.3365 2.540283295408231057e-01
56.3448 2.540330424218842365e-01
56.3531 2.540377449905049656e-01
56.3615 2.540424372501614569e-01
56.3698 2.540471192063017414e-01
56.3781 2.540517908631612642e-01
56.3864 2.540564522243360934e-01
56.3947 2.540611032940578995e-01
56.403 2.540657440776360465e-01
56.4113 2.540703745787879497e-01
56.4196 2.540749948026267413e-01
56.4279 2.540796047522296264e-01
56.4362 2.540842044327683569e-01
56.4445 2.540887938483325503e-01
56.4529 2.540933730033897997e-01
56.4612 2.540979419023422503e-01
56.4695 2.541025005495254896e-01
56.4778 2.541070489488927442e-01
56.4861 2.541115871054725472e-01
56.4944 2.541161150230865640e-01
56.5027 2.541206327059338244e-01
56.511 2.541251401590991499e-01
56.5193 2.541296373863329849e-01
56.5276 2.541341243921446114e-01
56.536 2.541386011803436484e-01
56.5443 2.541430677563840113e-01
56.5526 2.541475241237537985e-01
56.5609 2.541519702872054309e-01
56.5692 2.541564062508554489e-01
56.5775 2.541608320188817882e-01
56.5858 2.541652475961549418e-01
56.5941 2.541696529867214505e-01
56.6024 2.541740481947515895e-01
56.6107 2.541784332250450751e-01
56.6191 2.541828080813884894e-01
56.6274 2.541871727684504312e-01
56.6357 2.541915272904543555e-01
56.644 2.541958716517483396e-01
56.6523 2.542002058566772971e-01
56.6606 2.542045299098991684e-01
56.6689 2.542088438151237084e-01
56.6772 2.542131475770041948e-01
56.6855 2.542174412002534134e-01
56.6938 2.542217246888893722e-01
56.7022 2.542259980472422187e-01
56.7105 2.542302612794510308e-01
56.7188 2.542345143898415150e-01
56.7271 2.542387573830509062e-01
56.7354 2.542429902635256478e-01
56.7437 2.542472130353316540e-01
56.752 2.542514257028477553e-01
56.7603 2.542556282705121795e-01
56.7686 2.542598207425730839e-01
56.7769 2.542640031230242736e-01
56.7853 2.542681754167994135e-01
56.7936 2.542723376280757730e-01
56.8019 2.542764897610286789e-01
56.8102 2.542806318199560822e-01
56.8185 2.542847638094675178e-01
56.8268 2.542888857337304298e-01
56.8351 2.542929975969731582e-01
56.8434 2.542970994034213783e-01
56.8517 2.543011911578618167e-01
56.86 2.543052728647027250e-01
56.8684 2.543093445274741682e-01
56.8767 2.543134061509549904e-01
56.885 2.543174577399841541e-01
56.8933 2.543214992981469025e-01
56.9016 2.543255308295270800e-01
56.9099 2.543295523397052782e-01
56.9182 2.543335638323852010e-01
56.9265 2.543375653111430990e-01
56.9348 2.543415567815517364e-01
56.9431 2.543455382472447623e-01
56.9514 2.543495097119798376e-01
56.9598 2.543534711814449678e-01
56.9681 2.543574226595171073e-01
56.9764 2.543613641497588507e-01
56.9847 2.543652956571647028e-01
56.993 2.543692171861649531e-01
57.0013 2.543731287406274522e-01
57.0096 2.543770303246661313e-01
57.0179 2.543809219441984792e-01
57.0262 2.543848036019013548e-01
57.0345 2.543886753021937230e-01
57.0429 2.543925370501127214e-01
57.0512 2.543963888493874226e-01
57.0595 2.544002307051738132e-01
57.0678 2.544040626210720690e-01
57.0761 2.544078846014872219e-01
57.0844 2.544116966505740596e-01
57.0927 2.544154987733534545e-01
57.101 2.544192909739747543e-01
57.1093 2.544230732562122732e-01
57.1176 2.544268456243352072e-01
57.126 2.544306080834155548e-01
57.1343 2.544343606372211353e-01
57.1426 2.544381032902605089e-01
57.1509 2.544418360470405704e-01
57.1592 2.544455589113213678e-01
57.1675 2.544492718879143300e-01
57.1758 2.544529749813176922e-01
57.1841 2.544566681952232234e-01
57.1924 2.544603515341864464e-01
57.2007 2.544640250028220030e-01
57.2091 2.544676886051853715e-01
57.2174 2.544713423452683032e-01
57.2257 2.544749862280481500e-01
57.234 2.544786202576968526e-01
57.2423 2.544822444382600635e-01
57.2506 2.544858587740900235e-01
57.2589 2.544894632695980374e-01
57.2672 2.544930579289462202e-01
57.2755 2.544966427567256217e-01
57.2838 2.545002177577715408e-01
57.2922 2.545037829347584490e-01
57.3005 2.545073382928871863e-01
57.3088 2.545108838374772753e-01
57.3171 2.545144195715053348e-01
57.3254 2.545179454998549029e-01
57.3337 2.545214616266682217e-01
57.342 2.545249679558385103e-01
57.3503 2.545284644925495110e-01
57.3586 2.545319512405045947e-01
57.3669 2.545354282042054384e-01
57.3753 2.545388953882115612e-01
57.3836 2.545423527962203392e-01
57.3919 2.545458004333391866e-01
57.4002 2.545492383030764083e-01
57.4085 2.545526664101657177e-01
57.4168 2.545560847586631481e-01
57.4251 2.545594933531744597e-01
57.4334 2.545628921981801240e-01
57.4417 2.545662812975443834e-01
57.45 2.545696606557426578e-01
57.4583 2.545730302767572062e-01
57.4667 2.545763901651811323e-01
57.475 2.545797403256653824e-01
57.4833 2.545830807623074565e-01
57.4916 2.545864114792020239e-01
57.4999 2.545897324804419215e-01
57.5082 2.545930437707291660e-01
57.5165 2.545963453543348409e-01
57.5248 2.545996372355883719e-01
57.5331 2.546029194185115418e-01
57.5414 2.546061919076120228e-01
57.5498 2.546094547072733083e-01
57.5581 2.546127078216922635e-01
57.5664 2.546159512550031367e-01
57.5747 2.546191850117032196e-01
57.583 2.546224090961654030e-01
57.5913 2.546256235123330325e-01
57.5996 2.546288282647568568e-01
57.6079 2.546320233579240644e-01
57.6162 2.546352087965017552e-01
57.6245 2.546383845833873338e-01
57.6329 2.546415507236697295e-01
57.6412 2.546447072219475971e-01
57.6495 2.546478540820860115e-01
57.6578 2.546509913084957222e-01
57.6661 2.546541189060107513e-01
57.6744 2.546572368781237494e-01
57.6827 2.546603452292379721e-01
57.691 2.546634439639361980e-01
57.6993 2.546665330863122079e-01
57.7076 2.546696126007613192e-01
57.716 2.546726825119189908e-01
57.7243 2.546757428238712873e-01
57.7326 2.546787935397308300e-01
57.7409 2.546818346653397236e-01
57.7492 2.546848662048977752e-01
57.7575 2.546878881618746537e-01
57.7658 2.546909005408294902e-01
57.7741 2.546939033461369517e-01
57.7824 2.546968965824114028e-01
57.7907 2.546998802537190909e-01
57.7991 2.547028543636393194e-01
57.8074 2.547058189170817721e-01
57.8157 2.547087739190133093e-01
57.824 2.547117193729452334e-01
57.8323 2.547146552829921418e-01
57.8406 2.547175816532057935e-01
57.8489 2.547204984889050450e-01
57.8572 2.547234057935921503e-01
57.8655 2.547263035717946544e-01
57.8738 2.547291918277353462e-01
57.8822 2.547320705660571227e-01
57.8905 2.547349397904341006e-01
57.8988 2.547377995055644662e-01
57.9071 2.547406497151779026e-01
57.9154 2.547434904240880038e-01
57.9237 2.547463216367436001e-01
57.932 2.547491433569270547e-01
57.9403 2.547519555889616871e-01
57.9486 2.547547583369872970e-01
57.9569 2.547575516059842893e-01
57.9652 2.547603353999063902e-01
57.9736 2.547631097226446539e-01
57.9819 2.547658745788104473e-01
57.9902 2.547686299724704617e-01
57.9985 2.547713759081703389e-01
58.0068 2.547741123897913629e-01
58.0151 2.547768394221145427e-01
58.0234 2.547795570093165929e-01
58.0317 2.547822651550912809e-01
58.04 2.547849638639111958e-01
58.0483 2.547876531407264333e-01
58.0567 2.547903329892833302e-01
58.065 2.547930034139261890e-01
58.0733 2.547956644183969055e-01
58.0816 2.547983160077546549e-01
58.0899 2.548009581861560013e-01
58.0982 2.548035909572754498e-01
58.1065 2.548062143257442957e-01
58.1148 2.548088282961309958e-01
58.1231 2.548114328724621069e-01
58.1314 2.548140280587617990e-01
58.1398 2.548166138593515595e-01
58.1481 2.548191902784300300e-01
58.1564 2.548217573209713982e-01
58.1647 2.548243149908697713e-01
58.173 2.548268632916586562e-01
58.1813 2.548294022280651050e-01
58.1896 2.548319318044542370e-01
58.1979 2.548344520255473311e-01
58.2062 2.548369628951068777e-01
58.2145 2.548394644168932577e-01
58.2229 2.548419565957990018e-01
58.2312 2.548444394361166765e-01
58.2395 2.548469129418976520e-01
58.2478 2.548493771173695466e-01
58.2561 2.548518319669962340e-01
58.2644 2.548542774947619161e-01
58.2727 2.548567137050655185e-01
58.281 2.548591406015884853e-01
58.2893 2.548615581897372140e-01
58.2976 2.548639664728902243e-01
58.306 2.548663654552575375e-01
58.3143 2.548687551422366693e-01
58.3226 2.548711355365445019e-01
58.3309 2.548735066430379281e-01
58.3392 2.548758684663922636e-01
58.3475 2.548782210102099044e-01
58.3558 2.548805642787447812e-01
58.3641 2.548828982770801610e-01
58.3724 2.548852230088111126e-01
58.3807 2.548875384777682940e-01
58.3891 2.548898446890857095e-01
58.3974 2.548921416462923695e-01
58.4057 2.548944293540418293e-01
58.414 2.548967078162142075e-01
58.4223 2.548989770372207531e-01
58.4306 2.549012370217663137e-01
58.4389 2.549034877737232363e-01
58.4472 2.549057292969617583e-01
58.4555 2.549079615965930135e-01
58.4638 2.549101846755941758e-01
58.4721 2.549123985389525893e-01
58.4805 2.549146031914754085e-01
58.4888 2.549167986363690686e-01
58.4971 2.549189848784946810e-01
58.5054 2.549211619215273616e-01
58.5137 2.549233297700861933e-01
58.522 2.549254884284322675e-01
58.5303 2.549276379008248439e-01
58.5386 2.549297781915195182e-01
58.5469 2.549319093041211848e-01
58.5552 2.549340312437069489e-01
58.5636 2.549361440138174228e-01
58.5719 2.549382476193474134e-01
58.5802 2.549403420640093954e-01
58.5885 2.549424273523976381e-01
58.5968 2.549445034880435390e-01
58.6051 2.549465704761251228e-01
58.6134 2.549486283202863635e-01
58.6217 2.549506770245220655e-01
58.63 2.549527165938257345e-01
58.6383 2.549547470321865128e-01
58.6467 2.549567683431802623e-01
58.655 2.549587805310857824e-01
58.6633 2.549607836010618911e-01
58.6716 2.549627775567349652e-01
58.6799 2.549647624022588488e-01
58.6882 2.549667381421367729e-01
58.6965 2.549687047805760942e-01
58.7048 2.549706623209588852e-01
58.7131 2.549726107680164167e-01
58.7214 2.549745501270624937e-01
58.7298 2.549764804008857744e-01
58.7381 2.549784015935046555e-01
58.7464 2.549803137103427431e-01
58.7547 2.549822167550022112e-01
58.763 2.549841107318457367e-01
58.7713 2.549859956447055320e-01
58.7796 2.549878714981730909e-01
58.7879 2.549897382963684511e-01
58.7962 2.549915960436437423e-01
58.8045 2.549934447438793605e-01
58.8129 2.549952844010129893e-01
58.8212 2.549971150200317505e-01
58.8295 2.549989366050430806e-01
58.8378 2.550007491596253950e-01
58.8461 2.550025526882904181e-01
58.8544 2.550043471954298036e-01
58.8627 2.550061326849074606e-01
58.871 2.550079091611681115e-01
58.8793 2.550096766283623251e-01
58.8876 2.550114350910461791e-01
58.896 2.550131845523151419e-01
58.9043 2.550149250170702375e-01
58.9126 2.550166564904429167e-01
58.9209 2.550183789752294983e-01
58.9292 2.550200924760316901e-01
58.9375 2.550217969970980381e-01
58.9458 2.550234925422679155e-01
58.9541 2.550251791165999982e-01
58.9624 2.550268567242187645e-01
58.9707 2.550285253680822373e-01
58.979 2.550301850534743564e-01
58.9874 2.550318357839883032e-01
58.9957 2.550334775646109775e-01
59.004 2.550351103991631008e-01
59.0123 2.550367342909407586e-01
59.0206 2.550383492453871526e-01
59.0289 2.550399552663738523e-01
59.0372 2.550415523571896714e-01
59.0455 2.550431405232692073e-01
59.0538 2.550447197683601841e-01
59.0621 2.550462900964987067e-01
59.0705 2.550478515113121514e-01
59.0788 2.550494040178755695e-01
59.0871 2.550509476203327019e-01
59.0954 2.550524823223037640e-01
59.1037 2.550540081283333427e-01
59.112 2.550555250425580178e-01
59.1203 2.550570330690538068e-01
59.1286 2.550585322122414511e-01
59.1369 2.550600224759601020e-01
59.1452 2.550615038643943011e-01
59.1536 2.550629763817252593e-01
59.1619 2.550644400327681804e-01
59.1702 2.550658948208895382e-01
59.1785 2.550673407502058176e-01
59.1868 2.550687778256965910e-01
59.1951 2.550702060511839120e-01
59.2034 2.550716254299676411e-01
59.2117 2.550730359675389414e-01
59.22 2.550744376672504088e-01
59.2283 2.550758305334912546e-01
59.2367 2.550772145708204430e-01
59.245 2.550785897824111026e-01
59.2533 2.550799561736238896e-01
59.2616 2.550813137474543524e-01
59.2699 2.550826625088540855e-01
59.2782 2.550840024620236179e-01
59.2865 2.550853336102965052e-01
59.2948 2.550866559583865878e-01
59.3031 2.550879695110613854e-01
59.3114 2.550892742713601891e-01
59.3198 2.550905702442753942e-01
59.3281 2.550918574332443067e-01
59.3364 2.550931358432538820e-01
59.3447 2.550944054776787540e-01
59.353 2.550956663409835179e-01
59.3613 2.550969184371699727e-01
59.3696 2.550981617709268123e-01
59.3779 2.550993963463079606e-01
59.3862 2.551006221666766716e-01
59.3945 2.551018392368853416e-01
59.4029 2.551030475606366754e-01
59.4112 2.551042471422040325e-01
59.4195 2.551054379862597310e-01
59.4278 2.551066200966701225e-01
59.4361 2.551077934768422595e-01
59.4444 2.551089581315540977e-01
59.4527 2.551101140654670751e-01
59.461 2.551112612822087344e-01
59.4693 2.551123997852907110e-01
59.4776 2.551135295793658941e-01
59.4859 2.551146506691989724e-01
59.4943 2.551157630581792346e-01
59.5026 2.551168667509516319e-01
59.5109 2.551179617506720843e-01
59.5192 2.551190480626661095e-01
59.5275 2.551201256904274128e-01
59.5358 2.551211946376767403e-01
59.5441 2.551222549097300618e-01
59.5524 2.551233065100744768e-01
59.5607 2.551243494423084401e-01
59.569 2.551253837111697176e-01
59.5774 2.551264093208219230e-01
59.5857 2.551274262759966605e-01
59.594 2.551284345791428598e-01
59.6023 2.551294342353291333e-01
59.6106 2.551304252490504965e-01
59.6189 2.551314076238889172e-01
59.6272 2.551323813644479355e-01
59.6355 2.551333464739634072e-01
59.6438 2.551343029577163857e-01
59.6521 2.551352508188238777e-01
59.6605 2.551361900615378708e-01
59.6688 2.551371206913583545e-01
59.6771 2.551380427102583059e-01
59.6854 2.551389561236188097e-01
59.6937 2.551398609355671754e-01
59.702 2.551407571501153049e-01
59.7103 2.551416447708180213e-01
59.7186 2.551425238024766506e-01
59.7269 2.551433942492084550e-01
59.7352 2.551442561145612076e-01
59.7436 2.551451094024207444e-01
59.7519 2.551459541180305934e-01
59.7602 2.551467902649307562e-01
59.7685 2.551476178474527123e-01
59.7768 2.551484368690183357e-01
59.7851 2.551492473336147149e-01
59.7934 2.551500492463572023e-01
59.8017 2.551508426112270578e-01
59.81 2.551516274316365518e-01
59.8183 2.551524037122409605e-01
59.8267 2.551531714566740994e-01
59.835 2.551539306691333331e-01
59.8433 2.551546813540390146e-01
59.8516 2.551554235156960337e-01
59.8599 2.551561571575023946e-01
59.8682 2.551568822837582684e-01
59.8765 2.551575988988730170e-01
59.8848 2.551583070065769898e-01
59.8931 2.551590066110485666e-01
59.9014 2.551596977170282887e-01
59.9098 2.551603803275615534e-01
59.9181 2.551610544468200237e-01
59.9264 2.551617200802114849e-01
59.9347 2.551623772300989357e-01
59.943 2.551630259013217827e-01
59.9513 2.551636660988286787e-01
59.9596 2.551642978254263228e-01
59.9679 2.551649210859457950e-01
59.9762 2.551655358837518484e-01
59.9845 2.551661422231079612e-01
59.9928 2.551667401093982712e-01
60.0012 2.551673295451935553e-01
60.0095 2.551679105342993803e-01
60.0178 2.551684830822044669e-01
60.0261 2.551690471924836778e-01
60.0344 2.551696028687103768e-01
60.0427 2.551701501152410789e-01
60.051 2.551706889364301345e-01
60.0593 2.551712193358428582e-01
60.0676 2.551717413181650018e-01
60.0759 2.551722548869569396e-01
60.0843 2.551727600464503976e-01
60.0926 2.551732568006495616e-01
60.1009 2.551737451541167823e-01
60.1092 2.551742251102909198e-01
60.1175 2.551746966729453447e-01
60.1258 2.551751598471935778e-01
60.1341 2.551756146368035494e-01
60.1424 2.551760610454282818e-01
60.1507 2.551764990767192431e-01
60.159 2.551769287356670524e-01
60.1674 2.551773500264766792e-01
60.1757 2.551777629522325452e-01
60.184 2.551781675173584452e-01
60.1923 2.551785637264983864e-01
60.2006 2.551789515831766608e-01
60.2089 2.551793310911389390e-01
60.2172 2.551797022546865024e-01
60.2255 2.551800650784523672e-01
60.2338 2.551804195662860097e-01
60.2421 2.551807657216997871e-01
60.2505 2.551811035489843227e-01
60.2588 2.551814330520932317e-01
60.2671 2.551817542353118085e-01
60.2754 2.551820671030339271e-01
60.2837 2.551823716583144219e-01
60.292 2.551826679060989478e-01
60.3003 2.551829558503278528e-01
60.3086 2.551832354939382319e-01
60.3169 2.551835068423122799e-01
60.3252 2.551837698993829617e-01
60.3336 2.551840246687470115e-01
60.3419 2.551842711542215425e-01
60.3502 2.551845093599547365e-01
60.3585 2.551847392908694889e-01
60.3668 2.551849609504413530e-01
60.3751 2.551851743419225049e-01
60.3834 2.551853794698946687e-01
60.3917 2.551855763390475373e-01
60.4 2.551857649527365934e-01
60.4083 2.551859453150914780e-01
60.4167 2.551861174300176782e-01
60.425 2.551862813024156074e-01
60.4333 2.551864369348554873e-01
60.4416 2.551865843322324579e-01
60.4499 2.551867234986632260e-01
60.4582 2.551868544379297665e-01
60.4665 2.551869771542542020e-01
60.4748 2.551870916514135113e-01
60.4831 2.551871979332929752e-01
60.4914 2.551872960045493133e-01
60.4997 2.551873858686204422e-01
60.5081 2.551874675292732375e-01
60.5164 2.551875409913777482e-01
60.5247 2.551876062588061544e-01
60.533 2.551876633349866030e-01
60.5413 2.551877122241179574e-01
60.5496 2.551877529306172954e-01
60.5579 2.551877854580157923e-01
60.5662 2.551878098105046511e-01
60.5745 2.551878259923822667e-01
60.5828 2.551878340071728202e-01
60.5912 2.551878338593902007e-01
60.5995 2.551878255526637274e-01
60.6078 2.551878090908409336e-01
60.6161 2.551877844785377381e-01
60.6244 2.551877517194862111e-01
60.6327 2.551877108171960451e-01
60.641 2.551876617767152022e-01
60.6493 2.551876046009981525e-01
60.6576 2.551875392943174781e-01
60.6659 2.551874658608329627e-01
60.6743 2.551873843050314616e-01
60.6826 2.551872946302978784e-01
60.6909 2.551871968399053725e-01
60.6992 2.551870909399807652e-01
60.7075 2.551869769325837423e-01
60.7158 2.551868548221881694e-01
60.7241 2.551867246133745493e-01
60.7324 2.551865863098428666e-01
60.7407 2.551864399148518481e-01
60.749 2.551862854331937158e-01
60.7574 2.551861228687801186e-01
60.7657 2.551859522253012713e-01
60.774 2.551857735074312128e-01
60.7823 2.551855867185262028e-01
60.7906 2.551853918618310346e-01
60.7989 2.551851889427785847e-01
60.8072 2.551849779651553796e-01
60.8155 2.551847589319803378e-01
60.8238 2.551845318478018210e-01
60.8321 2.551842967170558918e-01
60.8405 2.551840535427543077e-01
60.8488 2.551838023298744762e-01
60.8571 2.551835430816421502e-01
60.8654 2.551832758018275915e-01
60.8737 2.551830004960546905e-01
60.882 2.551827171661226190e-01
60.8903 2.551824258168860493e-01
60.8986 2.551821264527595057e-01
60.9069 2.551818190776093953e-01
60.9152 2.551815036947543969e-01
60.9236 2.551811803086013741e-01
60.9319 2.551808489235543043e-01
60.9402 2.551805095427065462e-01
60.9485 2.551801621704572476e-01
60.9568 2.551798068104398909e-01
60.9651 2.551794434673748113e-01
60.9734 2.551790721449992416e-01
60.9817 2.551786928463952719e-01
60.99 2.551783055759488383e-01
60.9983 2.551779103379340774e-01
61.0066 2.551775071369482562e-01
61.015 2.551770959759553925e-01
61.0233 2.551766768588956125e-01
61.0316 2.551762497901415294e-01
61.0399 2.551758147731933435e-01
61.0482 2.551753718124181725e-01
61.0565 2.551749209117460948e-01
61.0648 2.551744620749958337e-01
61.0731 2.551739953058752564e-01
61.0814 2.551735206091747532e-01
61.0897 2.551730379877294452e-01
61.0981 2.551725474457824383e-01
61.1064 2.551720489883321785e-01
61.1147 2.551715426180988233e-01
61.123 2.551710283391005474e-01
61.1313 2.551705061560030074e-01
61.1396 2.551699760722774823e-01
61.1479 2.551694380918264060e-01
61.1562 2.551688922185493258e-01
61.1645 2.551683384563437906e-01
61.1728 2.551677768098612464e-01
61.1812 2.551672072822368520e-01
61.1895 2.551666298775764896e-01
61.1978 2.551660446000916793e-01
61.2061 2.551654514533424623e-01
61.2144 2.551648504412112883e-01
61.2227 2.551642415679016840e-01
61.231 2.551636248372907700e-01
61.2393 2.551630002536844355e-01
61.2476 2.551623678206310641e-01
61.2559 2.551617275415684616e-01
61.2643 2.551610794206878863e-01
61.2726 2.551604234621768774e-01
61.2809 2.551597596706520199e-01
61.2892 2.551590880485715140e-01
61.2975 2.551584086006546959e-01
61.3058 2.551577213309710879e-01
61.3141 2.551570262430497005e-01
61.3224 2.551563233407398434e-01
61.3307 2.551556126279966308e-01
61.339 2.551548941093095824e-01
61.3474 2.551541677884128778e-01
61.3557 2.551534336676410386e-01
61.364 2.551526917533035732e-01
61.3723 2.551519420483746026e-01
61.3806 2.551511845561491021e-01
61.3889 2.551504192809936900e-01
61.3972 2.551496462268427190e-01
61.4055 2.551488653976278775e-01
61.4138 2.551480767973858810e-01
61.4221 2.551472804292921892e-01
61.4305 2.551464762980225620e-01
61.4388 2.551456644078196057e-01
61.4471 2.551448447614235171e-01
61.4554 2.551440173633940378e-01
61.4637 2.551431822171099095e-01
61.472 2.551423393274466211e-01
61.4803 2.551414886977777519e-01
61.4886 2.551406303313675794e-01
61.4969 2.551397642329767401e-01
61.5052 2.551388904061857033e-01
61.5135 2.551380088554281445e-01
61.5219 2.551371195838517680e-01
61.5302 2.551362225954579843e-01
61.5385 2.551353178933900567e-01
61.5468 2.551344054831403141e-01
61.5551 2.551334853681672676e-01
61.5634 2.551325575517142674e-01
61.5717 2.551316220376628197e-01
61.58 2.551306788304258943e-01
61.5883 2.551297279334528989e-01
61.5966 2.551287693507248711e-01
61.605 2.551278030869659208e-01
61.6133 2.551268291449788062e-01
61.6216 2.551258475283105231e-01
61.6299 2.551248582416777988e-01
61.6382 2.551238612891548185e-01
61.6465 2.551228566741744475e-01
61.6548 2.551218444005931008e-01
61.6631 2.551208244718393137e-01
61.6714 2.551197968924030501e-01
61.6797 2.551187616664524760e-01
61.6881 2.551177187970890547e-01
61.6964 2.551166682883700410e-01
61.7047 2.551156101448806002e-01
61.713 2.551145443690782666e-01
61.7213 2.551134709658623989e-01
61.7296 2.551123899390667082e-01
61.7379 2.551113012919918321e-01
61.7462 2.551102050291038648e-01
61.7545 2.551091011540168596e-01
61.7628 2.551079896707672545e-01
61.7712 2.551068705825399463e-01
61.7795 2.551057438935787069e-01
61.7878 2.551046096081237557e-01
61.7961 2.551034677295656583e-01
61.8044 2.551023182618216700e-01
61.8127 2.551011612085953839e-01
61.821 2.550999965745404108e-01
61.8293 2.550988243624023877e-01
61.8376 2.550976445765120726e-01
61.8459 2.550964572209865056e-01
61.8543 2.550952622991988772e-01
61.8626 2.550940598156841155e-01
61.8709 2.550928497728591204e-01
61.8792 2.550916321760994254e-01
61.8875 2.550904070286629244e-01
61.8958 2.550891743341231477e-01
61.9041 2.550879340965784836e-01
61.9124 2.550866863201254886e-01
61.9207 2.550854310075908460e-01
61.929 2.550841681640158565e-01
61.9374 2.550828977930666430e-01
61.9457 2.550816198976688653e-01
61.954 2.550803344821173102e-01
61.9623 2.550790415508087938e-01
61.9706 2.550777411066626477e-01
61.9789 2.550764331537545559e-01
61.9872 2.550751176966847278e-01
61.9955 2.550737947384701387e-01
62.0038 2.550724642829688138e-01
62.0121 2.550711263342462787e-01
62.0205 2.550697808961552848e-01
62.0288 2.550684279721249781e-01
62.0371 2.550670675663188613e-01
62.0454 2.550656996824766098e-01
62.0537 2.550643243243360114e-01
62.062 2.550629414959474373e-01
62.0703 2.550615512008333474e-01
62.0786 2.550601534431439776e-01
62.0869 2.550587482261871819e-01
62.0952 2.550573355541080889e-01
62.1035 2.550559154301052511e-01
62.1119 2.550544878590528253e-01
62.1202 2.550530528447736978e-01
62.1285 2.550516103900392073e-01
62.1368 2.550501604988774651e-01
62.1451 2.550487031753132516e-01
62.1534 2.550472384233694045e-01
62.1617 2.550457662468559317e-01
62.17 2.550442866488483173e-01
62.1783 2.550427996339891257e-01
62.1866 2.550413052059771202e-01
62.195 2.550398033679845411e-01
62.2033 2.550382941242286261e-01
62.2116 2.550367774787137831e-01
62.2199 2.550352534346059241e-01
62.2282 2.550337219955915447e-01
62.2365 2.550321831666085282e-01
62.2448 2.550306369510242366e-01
62.2531 2.550290833523086720e-01
62.2614 2.550275223737206720e-01
62.2697 2.550259540196655461e-01
62.2781 2.550243782942316906e-01
62.2864 2.550227952006714482e-01
62.2947 2.550212047428596640e-01
62.303 2.550196069246696284e-01
62.3113 2.550180017497631346e-01
62.3196 2.550163892219038386e-01
62.3279 2.550147693452696762e-01
62.3362 2.550131421233068907e-01
62.3445 2.550115075598757830e-01
62.3528 2.550098656580018219e-01
62.3612 2.550082164225812575e-01
62.3695 2.550065598571549241e-01
62.3778 2.550048959650528801e-01
62.3861 2.550032247500196303e-01
62.3944 2.550015462164204605e-01
62.4027 2.549998603671631003e-01
62.411 2.549981672065037563e-01
62.4193 2.549964667389041928e-01
62.4276 2.549947589669531722e-01
62.4359 2.549930438946921285e-01
62.4443 2.549913215267819444e-01
62.4526 2.549895918649757176e-01
62.4609 2.549878549147592266e-01
62.4692 2.549861106799560240e-01
62.4775 2.549843591632457440e-01
62.4858 2.549826003690694454e-01
62.4941 2.549808343013462708e-01
62.5024 2.549790609631647498e-01
62.5107 2.549772803586463632e-01
62.519 2.549754924913931187e-01
62.5274 2.549736973652108052e-01
62.5357 2.549718949839034909e-01
62.544 2.549700853513752752e-01
62.5523 2.549682684711150893e-01
62.5606 2.549664443467120067e-01
62.5689 2.549646129824773566e-01
62.5772 2.549627743814784631e-01
62.5855 2.549609285480212706e-01
62.5938 2.549590754855819985e-01
62.6021 2.549572151971191136e-01
62.6104 2.549553476878594349e-01
62.6188 2.549534729612724093e-01
62.6271 2.549515910202053148e-01
62.6354 2.549497018680207394e-01
62.6437 2.549478055099342888e-01
62.652 2.549459019490965539e-01
62.6603 2.549439911885524879e-01
62.6686 2.549420732333039230e-01
62.6769 2.549401480857727553e-01
62.6852 2.549382157507492086e-01
62.6935 2.549362762313720498e-01
62.7019 2.549343295309846602e-01
62.7102 2.549323756541625463e-01
62.7185 2.549304146041410646e-01
62.7268 2.549284463843591308e-01
62.7351 2.549264709991788669e-01
62.7434 2.549244884521369436e-01
62.7517 2.549224987464597803e-01
62.76 2.549205018869123429e-01
62.7683 2.549184978764080789e-01
62.7766 2.549164867183714156e-01
62.785 2.549144684168413999e-01
62.7933 2.549124429756483567e-01
62.8016 2.549104103986206682e-01
62.8099 2.549083706892758538e-01
62.8182 2.549063238511296015e-01
62.8265 2.549042698881053837e-01
62.8348 2.549022088042262602e-01
62.8431 2.549001406021810801e-01
62.8514 2.548980652869102803e-01
62.8597 2.548959828614052459e-01
62.8681 2.548938933290648690e-01
62.8764 2.548917966939006075e-01
62.8847 2.548896929602272876e-01
62.893 2.548875821311301082e-01
62.9013 2.548854642099983026e-01
62.9096 2.548833392011400356e-01
62.9179 2.548812071080421293e-01
62.9262 2.548790679338830412e-01
62.9345 2.548769216831668905e-01
62.9428 2.548747683592718638e-01
62.9512 2.548726079653688137e-01
62.9595 2.548704405061590350e-01
62.9678 2.548682659846044363e-01
62.9761 2.548660844041761298e-01
62.9844 2.548638957691587437e-01
62.9927 2.548617000831199797e-01
63.001 2.548594973493195082e-01
63.0093 2.548572875713209229e-01
63.0176 2.548550707538059790e-01
63.0259 2.548528468997216523e-01
63.0343 2.548506160128276021e-01
63.0426 2.548483780965760670e-01
63.0509 2.548461331546201247e-01
63.0592 2.548438811911196145e-01
63.0675 2.548416222097226735e-01
63.0758 2.548393562132614809e-01
63.0841 2.548370832059900781e-01
63.0924 2.548348031921596202e-01
63.1007 2.548325161747985179e-01
63.109 2.548302221568322090e-01
63.1173 2.548279211430125035e-01
63.1257 2.548256131367677146e-01
63.134 2.548232981417268284e-01
63.1423 2.548209761616183067e-01
63.1506 2.548186471993561519e-01
63.1589 2.548163112592730095e-01
63.1672 2.548139683447857018e-01
63.1755 2.548116184601197931e-01
63.1838 2.548092616088898921e-01
63.1921 2.548068977930871837e-01
63.2004 2.548045270182472954e-01
63.2088 2.548021492875723881e-01
63.2171 2.547997646042628461e-01
63.2254 2.547973729719218428e-01
63.2337 2.547949743942514722e-01
63.242 2.547925688758617135e-01
63.2503 2.547901564189321566e-01
63.2586 2.547877370282699006e-01
63.2669 2.547853107068595024e-01
63.2752 2.547828774579865008e-01
63.2835 2.547804372865512534e-01
63.2919 2.547779901950260606e-01
63.3002 2.547755361874979863e-01
63.3085 2.547730752675461119e-01
63.3168 2.547706074385456820e-01
63.3251 2.547681327046767974e-01
63.3334 2.547656510690070042e-01
63.3417 2.547631625356107099e-01
63.35 2.547606671080550611e-01
63.3583 2.547581647890989065e-01
63.3666 2.547556555832124481e-01
63.375 2.547531394941574545e-01
63.3833 2.547506165251894883e-01
63.3916 2.547480866802672161e-01
63.3999 2.547455499624403652e-01
63.4082 2.547430063754614893e-01
63.4165 2.547404559231811194e-01
63.4248 2.547378986091454744e-01
63.4331 2.547353344370996142e-01
63.4414 2.547327634103838112e-01
63.4497 2.547301855324369257e-01
63.4581 2.547276008073990350e-01
63.4664 2.547250092389047871e-01
63.4747 2.547224108299839807e-01
63.483 2.547198055844678843e-01
63.4913 2.547171935054826086e-01
63.4996 2.547145745976575615e-01
63.5079 2.547119488642138885e-01
63.5162 2.547093163080704770e-01
63.5245 2.547066769337484882e-01
63.5328 2.547040307448635299e-01
63.5412 2.547013777441270999e-01
63.5495 2.546987179353511488e-01
63.5578 2.546960513225455802e-01
63.5661 2.546933779094168182e-01
63.5744 2.546906976989682381e-01
63.5827 2.546880106954024781e-01
63.591 2.546853169016182195e-01
63.5993 2.546826163217131289e-01
63.6076 2.546799089595819243e-01
63.6159 2.546771948175168832e-01
63.6242 2.546744739000080804e-01
63.6326 2.546717462111430796e-01
63.6409 2.546690117536073994e-01
63.6492 2.546662705313840203e-01
63.6575 2.546635225479534359e-01
63.6658 2.546607678065945235e-01
63.6741 2.546580063112826586e-01
63.6824 2.546552380656911252e-01
63.6907 2.546524630727923233e-01
63.699 2.546496813366542766e-01
63.7073 2.546468928606438475e-01
63.7157 2.546440976485249696e-01
63.724 2.546412957038589053e-01
63.7323 2.546384870297074277e-01
63.7406 2.546356716310219648e-01
63.7489 2.546328495093654887e-01
63.7572 2.546300206690874091e-01
63.7655 2.546271851147332566e-01
63.7738 2.546243428485568949e-01
63.7821 2.546214938748004308e-01
63.7904 2.546186381967085466e-01
63.7988 2.546157758182197584e-01
63.8071 2.546129067424748871e-01
63.8154 2.546100309733083100e-01
63.8237 2.546071485140548596e-01
63.832 2.546042593679484489e-01
63.8403 2.546013635396103258e-01
63.8486 2.545984610315746299e-01
63.8569 2.545955518479611213e-01
63.8652 2.545926359917959347e-01
63.8735 2.545897134667974848e-01
63.8819 2.545867842770783707e-01
63.8902 2.545838484250626532e-01
63.8985 2.545809059156516896e-01
63.9068 2.545779567511661234e-01
63.9151 2.545750009357091170e-01
63.9234 2.545720384728853425e-01
63.9317 2.545690693664954818e-01
63.94 2.545660936192484236e-01
63.9483 2.545631112344459157e-01
63.9566 2.545601222170686406e-01
63.965 2.545571265699182462e-01
63.9733 2.545541242956954608e-01
63.9816 2.545511153990768771e-01
63.9899 2.545480998835494280e-01
63.9982 2.545450777521041097e-01
64.0065 2.545420490080261278e-01
64.0148 2.545390136550925719e-01
64.0231 2.545359716972750985e-01
64.0314 2.545329231379508950e-01
64.0397 2.545298679802970865e-01
64.0481 2.545268062279826271e-01
64.0564 2.545237378845746634e-01
64.0647 2.545206629538359078e-01
64.073 2.545175814380474244e-01
64.0813 2.545144933422488487e-01
64.0896 2.545113986699976683e-01
64.0979 2.545082974229783135e-01
64.1062 2.545051896064189356e-01
64.1145 2.545020752233783101e-01
64.1228 2.544989542768146817e-01
64.1311 2.544958267711607269e-01
64.1395 2.544926927093699720e-01
64.1478 2.544895520944930878e-01
64.1561 2.544864049311511001e-01
64.1644 2.544832512219968312e-01
64.1727 2.544800909704668657e-01
64.181 2.544769241805855953e-01
64.1893 2.544737508558829187e-01
64.1976 2.544705709991998965e-01
64.2059 2.544673846141602969e-01
64.2142 2.544641917049750846e-01
64.2226 2.544609922746742803e-01
64.2309 2.544577863265807816e-01
64.2392 2.544545738643090305e-01
64.2475 2.544513548906874312e-01
64.2558 2.544481294106981650e-01
64.2641 2.544448974275565489e-01
64.2724 2.544416589426143904e-01
64.2807 2.544384139613365958e-01
64.289 2.544351624869315986e-01
64.2973 2.544319045229980203e-01
64.3057 2.544286400726420427e-01
64.314 2.544253691394575689e-01
64.3223 2.544220917267424609e-01
64.3306 2.544188078378903373e-01
64.3389 2.544155174769767158e-01
64.3472 2.544122206463154678e-01
64.3555 2.544089173511498991e-01
64.3638 2.544056075937896066e-01
64.3721 2.544022913768352323e-01
64.3804 2.543989687061082305e-01
64.3888 2.543956395829355954e-01
64.3971 2.543923040112788803e-01
64.4054 2.543889619952913739e-01
64.4137 2.543856135383440464e-01
64.422 2.543822586429274057e-01
64.4303 2.543788973129933462e-01
64.4386 2.543755295524905424e-01
64.4469 2.543721553648782829e-01
64.4552 2.543687747531257481e-01
64.4635 2.543653877204933300e-01
64.4719 2.543619942707256443e-01
64.4802 2.543585944072728200e-01
64.4885 2.543551881335825438e-01
64.4968 2.543517754533924369e-01
64.5051 2.543483563698536454e-01
64.5134 2.543449308863102720e-01
64.5217 2.543414990061036440e-01
64.53 2.543380607328649123e-01
64.5383 2.543346160701253078e-01
64.5466 2.543311650215112629e-01
64.555 2.543277075901607120e-01
64.5633 2.543242437795980027e-01
64.5716 2.543207735926663604e-01
64.5799 2.543172970332739369e-01
64.5882 2.543138141055203971e-01
64.5965 2.543103248118538384e-01
64.6048 2.543068291563694849e-01
64.6131 2.543033271422868724e-01
64.6214 2.542998187725331594e-01
64.6297 2.542963040510990980e-01
64.638 2.542927829812949847e-01
64.6464 2.542892555656537934e-01
64.6547 2.542857218096119531e-01
64.663 2.542821817151169062e-01
64.6713 2.542786352859540688e-01
64.6796 2.542750825251320901e-01
64.6879 2.542715234362384336e-01
64.6962 2.542679580230510772e-01
64.7045 2.542643862890556772e-01
64.7128 2.542608082374452350e-01
64.7211 2.542572238712181854e-01
64.7295 2.542536331942398253e-01
64.7378 2.542500362096971056e-01
64.7461 2.542464329213537932e-01
64.7544 2.542428233321032405e-01
64.7627 2.542392074460902984e-01
64.771 2.542355852657215420e-01
64.7793 2.542319567949444803e-01
64.7876 2.542283220375116670e-01
64.7959 2.542246809962084853e-01
64.8042 2.542210336746866250e-01
64.8126 2.542173800764021552e-01
64.8209 2.542137202044238431e-01
64.8292 2.542100540625887306e-01
64.8375 2.542063816540573451e-01
64.8458 2.542027029829502793e-01
64.8541 2.541990180508844066e-01
64.8624 2.541953268628417417e-01
64.8707 2.541916294214935923e-01
64.879 2.541879257303739092e-01
64.8873 2.541842157931112345e-01
64.8957 2.541804996129465866e-01
64.904 2.541767771930236175e-01
64.9123 2.541730485369632087e-01
64.9206 2.541693136480007165e-01
64.9289 2.541655725294645896e-01
64.9372 2.541618251854493304e-01
64.9455 2.541580716187027966e-01
64.9538 2.541543118321639150e-01
64.9621 2.541505458301113740e-01
64.9704 2.541467736154791601e-01
64.9788 2.541429951907200335e-01
64.9871 2.541392105610644214e-01
64.9954 2.541354197287685746e-01
65.0037 2.541316226970458114e-01
65.012 2.541278194699687631e-01
65.0203 2.541240100500759547e-01
65.0286 2.541201944417221248e-01
65.0369 2.541163726475373918e-01
65.0452 2.541125446712019786e-01
65.0535 2.541087105157246451e-01
65.0619 2.541048701845897706e-01
65.0702 2.541010236810889444e-01
65.0785 2.540971710087973623e-01
65.0868 2.540933121717661725e-01
65.0951 2.540894471716555469e-01
65.1034 2.540855760129898666e-01
65.1117 2.540816986988579940e-01
65.12 2.540778152328241890e-01
65.1283 2.540739256179731509e-01
65.1366 2.540700298572923232e-01
65.1449 2.540661279547207774e-01
65.1533 2.540622199136228776e-01
65.1616 2.540583057370745523e-01
65.1699 2.540543854286266834e-01
65.1782 2.540504589910652089e-01
65.1865 2.540465264280319935e-01
65.1948 2.540425877433561963e-01
65.2031 2.540386429398178714e-01
65.2114 2.540346920212415149e-01
65.2197 2.540307349896422928e-01
65.228 2.540267718500768823e-01
65.2364 2.540228026052217536e-01
65.2447 2.540188272578463580e-01
65.253 2.540148458120496944e-01
65.2613 2.540108582708817120e-01
65.2696 2.540068646372962147e-01
65.2779 2.540028649150994355e-01
65.2862 2.539988591077154689e-01
65.2945 2.539948472177116501e-01
65.3028 2.539908292495516862e-01
65.3111 2.539868052056089009e-01
65.3195 2.539827750892041935e-01
65.3278 2.539787389042242327e-01
65.3361 2.539746966538903861e-01
65.3444 2.539706483410422155e-01
65.3527 2.539665939693706020e-01
65.361 2.539625335418055352e-01
65.3693 2.539584670619390305e-01
65.3776 2.539543945337384145e-01
65.3859 2.539503159594648785e-01
65.3942 2.539462313427978124e-01
65.4026 2.539421406872249820e-01
65.4109 2.539380439951909874e-01
65.4192 2.539339412711253408e-01
65.4275 2.539298325184138339e-01
65.4358 2.539257177393061671e-01
65.4441 2.539215969376573123e-01
65.4524 2.539174701168467885e-01
65.4607 2.539133372798745847e-01
65.469 2.539091984299271521e-01
65.4773 2.539050535714160728e-01
65.4857 2.539009027062962831e-01
65.494 2.538967458378427744e-01
65.5023 2.538925829701766945e-01
65.5106 2.538884141065681499e-01
65.5189 2.538842392500015865e-01
65.5272 2.538800584034605068e-01
65.5355 2.538758715709619751e-01
65.5438 2.538716787546371756e-01
65.5521 2.538674799582163466e-01
65.5604 2.538632751866514714e-01
65.5688 2.538590644415962272e-01
65.5771 2.538548477253627089e-01
65.5854 2.538506250425192068e-01
65.5937 2.538463963968784487e-01
65.602 2.538421617911219008e-01
65.6103 2.538379212278356611e-01
65.6186 2.538336747112956426e-01
65.6269 2.538294222443658321e-01
65.6352 2.538251638299078849e-01
65.6435 2.538208994720028144e-01
65.6518 2.538166291734139657e-01
65.6602 2.538123529373730314e-01
65.6685 2.538080707678591064e-01
65.6768 2.538037826668796959e-01
65.6851 2.537994886383158621e-01
65.6934 2.537951886860470574e-01
65.7017 2.537908828119804783e-01
65.71 2.537865710202724112e-01
65.7183 2.537822533148879622e-01
65.7266 2.537779296977294430e-01
65.7349 2.537736001726643154e-01
65.7433 2.537692647419661496e-01
65.7516 2.537649234105276430e-01
65.7599 2.537605761808987004e-01
65.7682 2.537562230562822596e-01
65.7765 2.537518640395991509e-01
65.7848 2.537474991342351105e-01
65.7931 2.537431283438548735e-01
65.8014 2.537387516710917779e-01
65.8097 2.537343691197929130e-01
65.818 2.537299806931483381e-01
65.8264 2.537255863938792100e-01
65.8347 2.537211862249850736e-01
65.843 2.537167801910506504e-01
65.8513 2.537123682942304392e-01
65.8596 2.537079505376113042e-01
65.8679 2.537035269253036240e-01
65.8762 2.536990974599231397e-01
65.8845 2.536946621448296635e-01
65.8928 2.536902209830082522e-01
65.9011 2.536857739778142218e-01
65.9095 2.536813211327875184e-01
65.9178 2.536768624515581827e-01
65.9261 2.536723979357060621e-01
65.9344 2.536679275899745845e-01
65.9427 2.536634514168707444e-01
65.951 2.536589694201091261e-01
65.9593 2.536544816023787452e-01
65.9676 2.536499879672968194e-01
65.9759 2.536454885175484786e-01
65.9842 2.536409832568395917e-01
65.9926 2.536364721886876228e-01
66.0009 2.536319553153995598e-01
66.0092 2.536274326405820734e-01
66.0175 2.536229041683028540e-01
66.0258 2.536183698998423774e-01
66.0341 2.536138298400070767e-01
66.0424 2.536092839917442610e-01
66.0507 2.536047323574426859e-01
66.059 2.536001749416228468e-01
66.0673 2.535956117463909476e-01
66.0757 2.535910427755210805e-01
66.084 2.535864680316722852e-01
66.0923 2.535818875182434540e-01
66.1006 2.535773012390935555e-01
66.1089 2.535727091962279300e-01
66.1172 2.535681113938718090e-01
66.1255 2.535635078352295735e-01
66.1338 2.535588985226709946e-01
66.1421 2.535542834592118266e-01
66.1504 2.535496626496225314e-01
66.1587 2.535450360956198468e-01
66.1671 2.535404038004903104e-01
66.1754 2.535357657688124267e-01
66.1837 2.535311220019275114e-01
66.192 2.535264725040401457e-01
66.2003 2.535218172783354484e-01
66.2086 2.535171563269817963e-01
66.2169 2.535124896543605177e-01
66.2252 2.535078172636509031e-01
66.2335 2.535031391570151116e-01
66.2418 2.534984553387353290e-01
66.2502 2.534937658110620884e-01
66.2585 2.534890705775356690e-01
66.2668 2.534843696416929082e-01
66.2751 2.534796630061481038e-01
66.2834 2.534749506740655023e-01
66.2917 2.534702326487002222e-01
66.3 2.534655089339489797e-01
66.3083 2.534607795319572254e-01
66.3166 2.534560444463417328e-01
66.3249 2.534513036806243513e-01
66.3333 2.534465572369452580e-01
66.3416 2.534418051189144538e-01
66.3499 2.534370473305072036e-01
66.3582 2.534322838738579109e-01
66.3665 2.534275147519268190e-01
66.3748 2.534227399688660509e-01
66.3831 2.534179595279067443e-01
66.3914 2.534131734310841044e-01
66.3997 2.534083816819009960e-01
66.408 2.534035842841331765e-01
66.4164 2.533987812402693218e-01
66.4247 2.533939725536220600e-01
66.433 2.533891582275017429e-01
66.4413 2.533843382648499620e-01
66.4496 2.533795126690644439e-01
66.4579 2.533746814428077809e-01
66.4662 2.533698445898399099e-01
66.4745 2.533650021130025021e-01
66.4828 2.533601540152271014e-01
66.4911 2.533553002999922033e-01
66.4995 2.533504409696761273e-01
66.5078 2.533455760284852865e-01
66.5161 2.533407054795256408e-01
66.5244 2.533358293248036963e-01
66.5327 2.533309475678792166e-01
66.541 2.533260602125832484e-01
66.5493 2.533211672615565679e-01
66.5576 2.533162687178040495e-01
66.5659 2.533113645844193296e-01
66.5742 2.533064548649506809e-01
66.5826 2.533015395617574939e-01
66.5909 2.532966186786578255e-01
66.5992 2.532916922189193953e-01
66.6075 2.532867601846222616e-01
66.6158 2.532818225796690248e-01
66.6241 2.532768794075946350e-01
66.6324 2.532719306708380858e-01
66.6407 2.532669763722926182e-01
66.649 2.532620165149405689e-01
66.6573 2.532570511027640858e-01
66.6656 2.532520801391051624e-01
66.674 2.532471036257560315e-01
66.6823 2.532421215664191760e-01
66.6906 2.532371339639756247e-01
66.6989 2.532321408226688719e-01
66.7072 2.532271421444662329e-01
66.7155 2.532221379318788657e-01
66.7238 2.532171281896893889e-01
66.7321 2.532121129199501608e-01
66.7404 2.532070921259846341e-01
66.7487 2.532020658112955624e-01
66.7571 2.531970339777488421e-01
66.7654 2.531919966292974222e-01
66.7737 2.531869537693467453e-01
66.782 2.531819054008461189e-01
66.7903 2.531768515261084707e-01
66.7986 2.531717921484425426e-01
66.8069 2.531667272717894046e-01
66.8152 2.531616568985465832e-01
66.8235 2.531565810317445431e-01
66.8318 2.531514996748646662e-01
66.8402 2.531464128309330319e-01
66.8485 2.531413205020682233e-01
66.8568 2.531362226926508474e-01
66.8651 2.531311194056102276e-01
66.8734 2.531260106431498791e-01
66.8817 2.531208964091909430e-01
66.89 2.531157767057522490e-01
66.8983 2.531106515373837129e-01
66.9066 2.531055209060097955e-01
66.9149 2.531003848150907842e-01
66.9233 2.530952432676325525e-01
66.9316 2.530900962664586196e-01
66.9399 2.530849438151127617e-01
66.9482 2.530797859164142793e-01
66.9565 2.530746225737221522e-01
66.9648 2.530694537891297058e-01
66.9731 2.530642795669845180e-01
66.9814 2.530590999102781402e-01
66.9897 2.530539148206473188e-01
66.998 2.530487243018019750e-01
67.0064 2.530435283575390160e-01
67.0147 2.530383269904816212e-01
67.023 2.530331202031610993e-01
67.0313 2.530279079991879509e-01
67.0396 2.530226903819902118e-01
67.0479 2.530174673532829543e-01
67.0562 2.530122389173004582e-01
67.0645 2.530070050772843526e-01
67.0728 2.530017658352143872e-01
67.0811 2.529965211942385994e-01
67.0895 2.529912711578626294e-01
67.0978 2.529860157300387602e-01
67.1061 2.529807549114815868e-01
67.1144 2.529754887070385649e-01
67.1227 2.529702171195771787e-01
67.131 2.529649401516939067e-01
67.1393 2.529596578067016543e-01
67.1476 2.529543700868343015e-01
67.1559 2.529490769960289209e-01
67.1642 2.529437785374127334e-01
67.1725 2.529384747133034406e-01
67.1809 2.529331655268243773e-01
67.1892 2.529278509815452436e-01
67.1975 2.529225310804950611e-01
67.2058 2.529172058258055689e-01
67.2141 2.529118752209499887e-01
67.2224 2.529065392697581460e-01
67.2307 2.529011979745346972e-01
67.239 2.528958513376726724e-01
67.2473 2.528904993629057518e-01
67.2556 2.528851420533389516e-01
67.264 2.528797794123431308e-01
67.2723 2.528744114424824607e-01
67.2806 2.528690381456040748e-01
67.2889 2.528636595261464781e-01
67.2972 2.528582755871144894e-01
67.3055 2.528528863307077379e-01
67.3138 2.528474917613566242e-01
67.3221 2.528420918806315587e-01
67.3304 2.528366866916195166e-01
67.3387 2.528312761978519507e-01
67.3471 2.528258604025002687e-01
67.3554 2.528204393079318546e-01
67.3637 2.528150129174036587e-01
67.372 2.528095812343491566e-01
67.3803 2.528041442613079282e-01
67.3886 2.527987020009072050e-01
67.3969 2.527932544574649221e-01
67.4052 2.527878016323573673e-01
67.4135 2.527823435288293896e-01
67.4218 2.527768801513704533e-01
67.4302 2.527714115017073437e-01
67.4385 2.527659375826342703e-01
67.4468 2.527604583982772102e-01
67.4551 2.527549739502698012e-01
67.4634 2.527494842422892130e-01
67.4717 2.527439892772991858e-01
67.48 2.527384890584392640e-01
67.4883 2.527329835882248799e-01
67.4966 2.527274728699693829e-01
67.5049 2.527219569063622329e-01
67.5133 2.527164357008898077e-01
67.5216 2.527109092564154835e-01
67.5299 2.527053775753562714e-01
67.5382 2.526998406611042913e-01
67.5465 2.526942985166053535e-01
67.5548 2.526887511446263002e-01
67.5631 2.526831985483750098e-01
67.5714 2.526776407310576955e-01
67.5797 2.526720776952575687e-01
67.588 2.526665094434684677e-01
67.5964 2.526609359790672471e-01
67.6047 2.526553573060489888e-01
67.613 2.526497734259270933e-01
67.6213 2.526441843419843791e-01
67.6296 2.526385900575894849e-01
67.6379 2.526329905753131322e-01
67.6462 2.526273858984315890e-01
67.6545 2.526217760300420445e-01
67.6628 2.526161609725326440e-01
67.6711 2.526105407287318472e-01
67.6794 2.526049153024378935e-01
67.6878 2.525992846957686444e-01
67.6961 2.525936489119878781e-01
67.7044 2.525880079547111468e-01
67.7127 2.525823618259619430e-01
67.721 2.525767105283812097e-01
67.7293 2.525710540663714809e-01
67.7376 2.525653924418633789e-01
67.7459 2.525597256574034222e-01
67.7542 2.525540537166825472e-01
67.7625 2.525483766227718530e-01
67.7709 2.525426943777718813e-01
67.7792 2.525370069853666299e-01
67.7875 2.525313144481814431e-01
67.7958 2.525256167691917741e-01
67.8041 2.525199139511952184e-01
67.8124 2.525142059974271880e-01
67.8207 2.525084929105057552e-01
67.829 2.525027746933104500e-01
67.8373 2.524970513488952184e-01
67.8456 2.524913228809269605e-01
67.854 2.524855892908733357e-01
67.8623 2.524798505824850658e-01
67.8706 2.524741067592476407e-01
67.8789 2.524683578229743874e-01
67.8872 2.524626037767080389e-01
67.8955 2.524568446237515640e-01
67.9038 2.524510803676696669e-01
67.9121 2.524453110104448728e-01
67.9204 2.524395365544974124e-01
67.9287 2.524337570038243661e-01
67.9371 2.524279723611050352e-01
67.9454 2.524221826294547610e-01
67.9537 2.524163878106730485e-01
67.962 2.524105879086602222e-01
67.9703 2.524047829267014875e-01
67.9786 2.523989728665030352e-01
67.9869 2.523931577315214336e-01
67.9952 2.523873375245103134e-01
68.0035 2.523815122491843144e-01
68.0118 2.523756819071557578e-01
68.0202 2.523698465022228277e-01
68.0285 2.523640060372188132e-01
68.0368 2.523581605143636053e-01
68.0451 2.523523099377109058e-01
68.0534 2.523464543093891232e-01
68.0617 2.523405936311762243e-01
68.07 2.523347279075563443e-01
68.0783 2.523288571419627924e-01
68.0866 2.523229813363420670e-01
68.0949 2.523171004926404448e-01
68.1033 2.523112146153322910e-01
68.1116 2.523053237062726772e-01
68.1199 2.522994277678383690e-01
68.1282 2.522935268050204849e-01
68.1365 2.522876208195811154e-01
68.1448 2.522817098138045444e-01
68.1531 2.522757937911930259e-01
68.1614 2.522698727537659447e-01
68.1697 2.522639467058054863e-01
68.178 2.522580156493272052e-01
68.1863 2.522520795873897659e-01
68.1947 2.522461385229630704e-01
68.203 2.522401924583186350e-01
68.2113 2.522342413967708086e-01
68.2196 2.522282853416311643e-01
68.2279 2.522223242946446953e-01
68.2362 2.522163582599883935e-01
68.2445 2.522103872401857405e-01
68.2528 2.522044112373240110e-01
68.2611 2.521984302545317025e-01
68.2694 2.521924442951085088e-01
68.2778 2.521864533613106252e-01
68.2861 2.521804574567808599e-01
68.2944 2.521744565841186336e-01
68.3027 2.521684507457480073e-01
68.311 2.521624399446122933e-01
68.3193 2.521564241841724452e-01
68.3276 2.521504034670205008e-01
68.3359 2.521443777951403176e-01
68.3442 2.521383471722471459e-01
68.3525 2.521323116007543885e-01
68.3609 2.521262710841999377e-01
68.3692 2.521202256249066576e-01
68.3775 2.521141752258022617e-01
68.3858 2.521081198898988407e-01
68.3941 2.521020596198605968e-01
68.4024 2.520959944181765389e-01
68.4107 2.520899242880267344e-01
68.419 2.520838492325016555e-01
68.4273 2.520777692540853154e-01
68.4356 2.520716843556053965e-01
68.444 2.520655945401472087e-01
68.4523 2.520594998105345486e-01
68.4606 2.520534001688126136e-01
68.4689 2.520472956189240277e-01
68.4772 2.520411861636869810e-01
68.4855 2.520350718049686467e-01
68.4938 2.520289525458426771e-01
68.5021 2.520228283898982569e-01
68.5104 2.520166993389114096e-01
68.5187 2.520105653965533654e-01
68.5271 2.520044265652864324e-01
68.5354 2.519982828480880621e-01
68.5437 2.519921342476758586e-01
68.552 2.519859807666786633e-01
68.5603 2.519798224082410165e-01
68.5686 2.519736591748161225e-01
68.5769 2.519674910694584824e-01
68.5852 2.519613180947038455e-01
68.5935 2.519551402541188589e-01
68.6018 2.519489575495474920e-01
68.6102 2.519427699842085588e-01
68.6185 2.519365775613183200e-01
68.6268 2.519303802831459604e-01
68.6351 2.519241781523883783e-01
68.6434 2.519179711720848092e-01
68.6517 2.519117593455292847e-01
68.66 2.519055426751558024e-01
68.6683 2.518993211628814399e-01
68.6766 2.518930948123385694e-01
68.6849 2.518868636271565098e-01
68.6932 2.518806276087326990e-01
68.7016 2.518743867596641151e-01
68.7099 2.518681410840888368e-01
68.7182 2.518618905842567868e-01
68.7265 2.518556352631017847e-01
68.7348 2.518493751227848243e-01
68.7431 2.518431101660651428e-01
68.7514 2.518368403968128666e-01
68.7597 2.518305658172692585e-01
68.768 2.518242864289896299e-01
68.7763 2.518180022362662696e-01
68.7847 2.518117132427035165e-01
68.793 2.518054194485689901e-01
68.8013 2.517991208576351725e-01
68.8096 2.517928174738432445e-01
68.8179 2.517865092988237352e-01
68.8262 2.517801963352323535e-01
68.8345 2.517738785865761830e-01
68.8428 2.517675560552507519e-01
68.8511 2.517612287440760266e-01
68.8594 2.517548966560415602e-01
68.8678 2.517485597931103936e-01
68.8761 2.517422181585243779e-01
68.8844 2.517358717560344572e-01
68.8927 2.517295205869166663e-01
68.901 2.517231646544917933e-01
68.9093 2.517168039614824382e-01
68.9176 2.517104385104386166e-01
68.9259 2.517040683051008920e-01
68.9342 2.516976933474193157e-01
68.9425 2.516913136396832784e-01
68.9509 2.516849291858828663e-01
68.9592 2.516785399879632457e-01
68.9675 2.516721460486336936e-01
68.9758 2.516657473710275372e-01
68.9841 2.516593439575953162e-01
68.9924 2.516529358107860714e-01
69.0007 2.516465229345770105e-01
69.009 2.516401053308185420e-01
69.0173 2.516336830016994708e-01
69.0256 2.516272559511908979e-01
69.034 2.516208241811383473e-01
69.0423 2.516143876944898494e-01
69.0506 2.516079464943612454e-01
69.0589 2.516015005832720752e-01
69.0672 2.515950499635707938e-01
69.0755 2.515885946386218208e-01
69.0838 2.515821346112789292e-01
69.0921 2.515756698834610838e-01
69.1004 2.515692004578493068e-01
69.1087 2.515627263385626922e-01
69.1171 2.515562475270072262e-01
69.1254 2.515497640260273560e-01
69.1337 2.515432758391434875e-01
69.142 2.515367829686034340e-01
69.1503 2.515302854169076396e-01
69.1586 2.515237831863013640e-01
69.1669 2.515172762809735896e-01
69.1752 2.515107647034188210e-01
69.1835 2.515042484552850177e-01
69.1918 2.514977275392331069e-01
69.2001 2.514912019591900028e-01
69.2085 2.514846717173900292e-01
69.2168 2.514781368156438490e-01
69.2251 2.514715972582100001e-01
69.2334 2.514650530468955925e-01
69.2417 2.514585041841818080e-01
69.25 2.514519506740673371e-01
69.2583 2.514453925174264248e-01
69.2666 2.514388297178320464e-01
69.2749 2.514322622791076434e-01
69.2832 2.514256902020389206e-01
69.2916 2.514191134898558500e-01
69.2999 2.514125321465442431e-01
69.3082 2.514059461732230938e-01
69.3165 2.513993555730319462e-01
69.3248 2.513927603497819185e-01
69.3331 2.513861605048402503e-01
69.3414 2.513795560414250896e-01
69.3497 2.513729469617423384e-01
69.358 2.513663332687540164e-01
69.3663 2.513597149660085073e-01
69.3747 2.513530920549499892e-01
69.383 2.513464645393752028e-01
69.3913 2.513398324207253287e-01
69.3996 2.513331957025413677e-01
69.4079 2.513265543877735153e-01
69.4162 2.513199084779427772e-01
69.4245 2.513132579770874786e-01
69.4328 2.513066028870614144e-01
69.4411 2.512999432108074527e-01
69.4494 2.512932789505959441e-01
69.4578 2.512866101098694127e-01
69.4661 2.512799366912301657e-01
69.4744 2.512732586962721504e-01
69.4827 2.512665761288517818e-01
69.491 2.512598889910627187e-01
69.4993 2.512531972858356721e-01
69.5076 2.512465010158473344e-01
69.5159 2.512398001833545114e-01
69.5242 2.512330947918679502e-01
69.5325 2.512263848434735380e-01
69.5409 2.512196703399206532e-01
69.5492 2.512129512862207315e-01
69.5575 2.512062276833664787e-01
69.5658 2.511994995342738402e-01
69.5741 2.511927668412714532e-01
69.5824 2.511860296072713772e-01
69.5907 2.511792878361028825e-01
69.599 2.511725415285852581e-01
69.6073 2.511657906882935332e-01
69.6156 2.511590353182158730e-01
69.624 2.511522754205868790e-01
69.6323 2.511455109975564426e-01
69.6406 2.511387420522745995e-01
69.6489 2.511319685879719876e-01
69.6572 2.511251906065430917e-01
69.6655 2.511184081110485189e-01
69.6738 2.511116211033799228e-01
69.6821 2.511048295871774472e-01
69.6904 2.510980335644127925e-01
69.6987 2.510912330380557500e-01
69.707 2.510844280108243121e-01
69.7154 2.510776184849352055e-01
69.7237 2.510708044631863034e-01
69.732 2.510639859484568581e-01
69.7403 2.510571629438738128e-01
69.7486 2.510503354510645324e-01
69.7569 2.510435034727369619e-01
69.7652 2.510366670123450605e-01
69.7735 2.510298260711793517e-01
69.7818 2.510229806536879438e-01
69.7901 2.510161307612411297e-01
69.7985 2.510092763968698737e-01
69.8068 2.510024175624407938e-01
69.8151 2.509955542618115820e-01
69.8234 2.509886864971772602e-01
69.8317 2.509818142708973299e-01
69.84 2.509749375857448506e-01
69.8483 2.509680564445737061e-01
69.8566 2.509611708495724791e-01
69.8649 2.509542808030114092e-01
69.8732 2.509473863088169665e-01
69.8816 2.509404873686750803e-01
69.8899 2.509335839850171945e-01
69.8982 2.509266761614316055e-01
69.9065 2.509197638995177004e-01
69.9148 2.509128472024461098e-01
69.9231 2.509059260728893626e-01
69.9314 2.508990005126903178e-01
69.9397 2.508920705254283900e-01
69.948 2.508851361130255975e-01
69.9563 2.508781972790573578e-01
69.9647 2.508712540248638767e-01
69.973 2.508643063537689399e-01
69.9813 2.508573542681843405e-01
69.9896 2.508503977710164756e-01
69.9979 2.508434368645088286e-01
70.0062 2.508364715511512411e-01
70.0145 2.508295018345049199e-01
70.0228 2.508225277156529986e-01
70.0311 2.508155491980705865e-01
70.0394 2.508085662849830477e-01
70.0478 2.508015789774691862e-01
70.0561 2.507945872790809938e-01
70.0644 2.507875911924610790e-01
70.0727 2.507805907200030826e-01
70.081 2.507735858644286053e-01
70.0893 2.507665766279634223e-01
70.0976 2.507595630134080156e-01
70.1059 2.507525450236436915e-01
70.1142 2.507455226608084620e-01
70.1225 2.507384959272866420e-01
70.1309 2.507314648266942281e-01
70.1392 2.507244293605067065e-01
70.1475 2.507173895315141787e-01
70.1558 2.507103453432451556e-01
70.1641 2.507032967979097582e-01
70.1724 2.506962438965671947e-01
70.1807 2.506891866431511517e-01
70.189 2.506821250406070511e-01
70.1973 2.506750590906461351e-01
70.2056 2.506679887967032117e-01
70.2139 2.506609141601583990e-01
70.2223 2.506538351846890889e-01
70.2306 2.506467518719184828e-01
70.2389 2.506396642249459350e-01
70.2472 2.506325722467859785e-01
70.2555 2.506254759392221310e-01
70.2638 2.506183753049373575e-01
70.2721 2.506112703469416947e-01
70.2804 2.506041610680785348e-01
70.2887 2.505970474695516370e-01
70.297 2.505899295546111238e-01
70.3054 2.505828073263413613e-01
70.3137 2.505756807868419478e-01
70.322 2.505685499387843573e-01
70.3303 2.505614147841838668e-01
70.3386 2.505542753263628741e-01
70.3469 2.505471315679871913e-01
70.3552 2.505399835106585926e-01
70.3635 2.505328311576120459e-01
70.3718 2.505256745115904127e-01
70.3801 2.505185135744355529e-01
70.3885 2.505113483494589288e-01
70.3968 2.505041788380912848e-01
70.4051 2.504970050440485374e-01
70.4134 2.504898269699827873e-01
70.4217 2.504826446168312293e-01
70.43 2.504754579883034515e-01
70.4383 2.504682670876998141e-01
70.4466 2.504610719161970978e-01
70.4549 2.504538724763585300e-01
70.4632 2.504466687722116114e-01
70.4716 2.504394608048484683e-01
70.4799 2.504322485762562334e-01
70.4882 2.504250320906202254e-01
70.4965 2.504178113500051261e-01
70.5048 2.504105863568004686e-01
70.5131 2.504033571132311398e-01
70.5214 2.503961236220090814e-01
70.5297 2.503888858858440702e-01
70.538 2.503816439069564415e-01
70.5463 2.503743976882965017e-01
70.5547 2.503671472320813662e-01
70.563 2.503598925402825137e-01
70.5713 2.503526336160080690e-01
70.5796 2.503453704624450382e-01
70.5879 2.503381030813163211e-01
70.5962 2.503308314752369923e-01
70.6045 2.503235556466581468e-01
70.6128 2.503162755981103715e-01
70.6211 2.503089913325280969e-01
70.6294 2.503017028519515241e-01
70.6378 2.502944101589064663e-01
70.6461 2.502871132559165712e-01
70.6544 2.502798121456664693e-01
70.6627 2.502725068310815981e-01
70.671 2.502651973136271191e-01
70.6793 2.502578835969547222e-01
70.6876 2.502505656826076175e-01
70.6959 2.502432435731810068e-01
70.7042 2.502359172713490842e-01
70.7125 2.502285867803508146e-01
70.7208 2.502212521023707281e-01
70.7292 2.502139132387838361e-01
70.7375 2.502065701932278952e-01
70.7458 2.501992229678028368e-01
70.7541 2.501918715654955494e-01
70.7624 2.501845159879983460e-01
70.7707 2.501771562379718761e-01
70.779 2.501697923189639128e-01
70.7873 2.501624242316118352e-01
70.7956 2.501550519794599747e-01
70.8039 2.501476755658077478e-01
70.8123 2.501402949922577057e-01
70.8206 2.501329102607340316e-01
70.8289 2.501255213746925166e-01
70.8372 2.501181283362151619e-01
70.8455 2.501107311469801808e-01
70.8538 2.501033298117271708e-01
70.8621 2.500959243313246039e-01
70.8704 2.500885147072040571e-01
70.8787 2.500811009439383725e-01
70.887 2.500736830434389102e-01
70.8954 2.500662610072139080e-01
70.9037 2.500588348382994375e-01
70.912 2.500514045402934538e-01
70.9203 2.500439701141357607e-01
70.9286 2.500365315622947171e-01
70.9369 2.500290888890053798e-01
70.9452 2.500216420943198181e-01
70.9535 2.500141911820678020e-01
70.9618 2.500067361551926437e-01
70.9701 2.499992770153499355e-01
70.9785 2.499918137645960881e-01
70.9868 2.499843464061103360e-01
70.9951 2.499768749424276792e-01
71.0034 2.499693993758401733e-01
71.0117 2.499619197087993572e-01
71.02 2.499544359439152263e-01
71.0283 2.499469480822723855e-01
71.0366 2.499394561284830618e-01
71.0449 2.499319600841096167e-01
71.0532 2.499244599511143972e-01
71.0616 2.499169557328206615e-01
71.0699 2.499094474307868297e-01
71.0782 2.499019350480123913e-01
71.0865 2.498944185869337586e-01
71.0948 2.498868980493458292e-01
71.1031 2.498793734388826959e-01
71.1114 2.498718447574161394e-01
71.1197 2.498643120068159140e-01
71.128 2.498567751898314038e-01
71.1363 2.498492343098490387e-01
71.1447 2.498416893684945739e-01
71.153 2.498341403681915707e-01
71.1613 2.498265873114425273e-01
71.1696 2.498190301999488883e-01
71.1779 2.498114690384463932e-01
71.1862 2.498039038266366418e-01
71.1945 2.497963345676546820e-01
71.2028 2.497887612657504197e-01
71.2111 2.497811839215804686e-01
71.2194 2.497736025381142866e-01
71.2277 2.497660171172829124e-01
71.2361 2.497584276622913380e-01
71.2444 2.497508341753864325e-01
71.2527 2.497432366584144414e-01
71.261 2.497356351144163766e-01
71.2693 2.497280295457132981e-01
71.2776 2.497204199539886926e-01
71.2859 2.497128063429943368e-01
71.2942 2.497051887144099980e-01
71.3025 2.496975670704715822e-01
71.3108 2.496899414134133577e-01
71.3192 2.496823117465023778e-01
71.3275 2.496746780726059878e-01
71.3358 2.496670403922034709e-01
71.3441 2.496593987083984556e-01
71.3524 2.496517530251656236e-01
71.3607 2.496441033431402723e-01
71.369 2.496364496646254483e-01
71.3773 2.496287919934319088e-01
71.3856 2.496211303306674900e-01
71.3939 2.496134646797425471e-01
71.4023 2.496057950431115335e-01
71.4106 2.495981214222759148e-01
71.4189 2.495904438198465747e-01
71.4272 2.495827622385914379e-01
71.4355 2.495750766815933996e-01
71.4438 2.495673871495553420e-01
71.4521 2.495596936450818482e-01
71.4604 2.495519961722023339e-01
71.4687 2.495442947327246586e-01
71.477 2.495365893277431413e-01
71.4854 2.495288799608852137e-01
71.4937 2.495211666349844148e-01
71.502 2.495134493508931739e-01
71.5103 2.495057281118380488e-01
71.5186 2.494980029199350691e-01
71.5269 2.494902737780906876e-01
71.5352 2.494825406889713271e-01
71.5435 2.494748036538188829e-01
71.5518 2.494670626759298293e-01
71.5601 2.494593177568597830e-01
71.5685 2.494515688997430980e-01
71.5768 2.494438161071596827e-01
71.5851 2.494360593802657788e-01
71.5934 2.494282987224279713e-01
71.6017 2.494205341368524176e-01
71.61 2.494127656235865242e-01
71.6183 2.494049931865439107e-01
71.6266 2.493972168289254610e-01
71.6349 2.493894365509332633e-01
71.6432 2.493816523556869058e-01
71.6516 2.493738642466971911e-01
71.6599 2.493660722258181639e-01
71.6682 2.493582762948239051e-01
71.6765 2.493504764561959852e-01
71.6848 2.493426727120210407e-01
71.6931 2.493348650663522181e-01
71.7014 2.493270535200912963e-01
71.7097 2.493192380757137949e-01
71.718 2.493114187361653578e-01
71.7263 2.493035955028954087e-01
71.7346 2.492957683789249757e-01
71.743 2.492879373658581643e-01
71.7513 2.492801024668701015e-01
71.7596 2.492722636853691442e-01
71.7679 2.492644210209116751e-01
71.7762 2.492565744784749071e-01
71.7845 2.492487240587913933e-01
71.7928 2.492408697642421733e-01
71.8011 2.492330115984628947e-01
71.8094 2.492251495630460056e-01
71.8177 2.492172836599753083e-01
71.8261 2.492094138920963875e-01
71.8344 2.492015402615468944e-01
71.8427 2.491936627705414464e-01
71.851 2.491857814223124024e-01
71.8593 2.491778962178956558e-01
71.8676 2.491700071599714517e-01
71.8759 2.491621142520021315e-01
71.8842 2.491542174954893551e-01
71.8925 2.491463168920123872e-01
71.9008 2.491384124450281012e-01
71.9092 2.491305041567388467e-01
71.9175 2.491225920287196138e-01
71.9258 2.491146760642653779e-01
71.9341 2.491067562655738532e-01
71.9424 2.490988326340595471e-01
71.9507 2.490909051725430923e-01
71.959 2.490829738843121643e-01
71.9673 2.490750387709332880e-01
71.9756 2.490670998339718223e-01
71.9839 2.490591570762420714e-01
71.9923 2.490512105010247168e-01
72.0006 2.490432601098805376e-01
72.0089 2.490353059046820361e-01
72.0172 2.490273478887047309e-01
72.0255 2.490193860645978363e-01
72.0338 2.490114204325129532e-01
72.0421 2.490034509963448828e-01
72.0504 2.489954777585822454e-01
72.0587 2.489875007210883562e-01
72.067 2.489795198860372816e-01
72.0754 2.489715352563805495e-01
72.0837 2.489635468344446323e-01
72.092 2.489555546213086390e-01
72.1003 2.489475586206978952e-01
72.1086 2.489395588340000964e-01
72.1169 2.489315552640030960e-01
72.1252 2.489235479124033701e-01
72.1335 2.489155367822965259e-01
72.1418 2.489075218758428354e-01
72.1501 2.488995031947347225e-01
72.1585 2.488914807422180075e-01
72.1668 2.488834545201374648e-01
72.1751 2.488754245308032187e-01
72.1834 2.488673907759020587e-01
72.1917 2.488593532586731438e-01
72.2 2.488513119811107954e-01
72.2083 2.488432669452085855e-01
72.2166 2.488352181535791741e-01
72.2249 2.488271656089887374e-01
72.2332 2.488191093124952069e-01
72.2415 2.488110492671721519e-01
72.2499 2.488029854751608871e-01
72.2582 2.487949179393759147e-01
72.2665 2.487868466613352703e-01
72.2748 2.487787716431759388e-01
72.2831 2.487706928873431311e-01
72.2914 2.487626103968999247e-01
72.2997 2.487545241735136525e-01
72.308 2.487464342194702638e-01
72.3163 2.487383405373631562e-01
72.3246 2.487302431288560267e-01
72.333 2.487221419959207980e-01
72.3413 2.487140371423839369e-01
72.3496 2.487059285700591871e-01
72.3579 2.486978162798315628e-01
72.3662 2.486897002750587948e-01
72.3745 2.486815805583231509e-01
72.3828 2.486734571320509957e-01
72.3911 2.486653299969682762e-01
72.3994 2.486571991568885809e-01
72.4077 2.486490646136160776e-01
72.4161 2.486409263683364845e-01
72.4244 2.486327844251666475e-01
72.4327 2.486246387859060158e-01
72.441 2.486164894514282520e-01
72.4493 2.486083364255358419e-01
72.4576 2.486001797106411615e-01
72.4659 2.485920193073056228e-01
72.4742 2.485838552188640860e-01
72.4825 2.485756874484948975e-01
72.4908 2.485675159969099879e-01
72.4992 2.485593408672844840e-01
72.5075 2.485511620603288729e-01
72.5158 2.485429795806003983e-01
72.5241 2.485347934300371764e-01
72.5324 2.485266036090380826e-01
72.5407 2.485184101213854801e-01
72.549 2.485102129683985916e-01
72.5573 2.485020121538559501e-01
72.5656 2.484938076778443194e-01
72.5739 2.484855995435242548e-01
72.5823 2.484773877552825805e-01
72.5906 2.484691723125885821e-01
72.5989 2.484609532175224011e-01
72.6072 2.484527304743125165e-01
72.6155 2.484445040845744967e-01
72.6238 2.484362740499233280e-01
72.6321 2.484280403730467490e-01
72.6404 2.484198030555573311e-01
72.6487 2.484115621007528807e-01
72.657 2.484033175102431101e-01
72.6654 2.483950692859428488e-01
72.6737 2.483868174311451016e-01
72.682 2.483785619466890859e-01
72.6903 2.483703028358645870e-01
72.6986 2.483620401016526091e-01
72.7069 2.483537737442764737e-01
72.7152 2.483455037668676757e-01
72.7235 2.483372301716375019e-01
72.7318 2.483289529611018009e-01
72.7401 2.483206721377744786e-01
72.7485 2.483123877023328818e-01
72.7568 2.483040996585119120e-01
72.7651 2.482958080085149732e-01
72.7734 2.482875127540859761e-01
72.7817 2.482792138977311380e-01
72.79 2.482709114402754935e-01
72.7983 2.482626053860552684e-01
72.8066 2.482542957366561387e-01
72.8149 2.482459824932042869e-01
72.8232 2.482376656583517305e-01
72.8315 2.482293452356639785e-01
72.8399 2.482210212267210725e-01
72.8482 2.482126936320342980e-01
72.8565 2.482043624553172678e-01
72.8648 2.481960276998229908e-01
72.8731 2.481876893654498817e-01
72.8814 2.481793474563625534e-01
72.8897 2.481710019733718298e-01
72.898 2.481626529192675623e-01
72.9063 2.481543002963812194e-01
72.9146 2.481459441070422434e-01
72.923 2.481375843531228309e-01
72.9313 2.481292210358843342e-01
72.9396 2.481208541597829664e-01
72.9479 2.481124837256204752e-01
72.9562 2.481041097352637836e-01
72.9645 2.480957321916419378e-01
72.9728 2.480873510967704643e-01
72.9811 2.480789664526632521e-01
72.9894 2.480705782616373367e-01
72.9977 2.480621865261591896e-01
73.0061 2.480537912476315221e-01
73.0144 2.480453924288221479e-01
73.0227 2.480369900721934029e-01
73.031 2.480285841805093539e-01
73.0393 2.480201747542570001e-01
73.0476 2.480117617960461429e-01
73.0559 2.480033453092434226e-01
73.0642 2.479949252944839422e-01
73.0725 2.479865017548279760e-01
73.0808 2.479780746928786084e-01
73.0892 2.479696441104803084e-01
73.0975 2.479612100088696980e-01
73.1058 2.479527723912520742e-01
73.1141 2.479443312591648185e-01
73.1224 2.479358866161119057e-01
73.1307 2.479274384633251282e-01
73.139 2.479189868023381205e-01
73.1473 2.479105316361961686e-01
73.1556 2.479020729668841017e-01
73.1639 2.478936107963850832e-01
73.1723 2.478851451275880802e-01
73.1806 2.478766759618687698e-01
73.1889 2.478682033012067354e-01
73.1972 2.478597271487881504e-01
73.2055 2.478512475061362963e-01
73.2138 2.478427643758298882e-01
73.2221 2.478342777587860535e-01
73.2304 2.478257876578827679e-01
73.2387 2.478172940769018395e-01
73.247 2.478087970161522990e-01
73.2554 2.478002964776026829e-01
73.2637 2.477917924645771097e-01
73.272 2.477832849782868885e-01
73.2803 2.477747740219019001e-01
73.2886 2.477662595966307890e-01
73.2969 2.477577417054897535e-01
73.3052 2.477492203496849676e-01
73.3135 2.477406955320789472e-01
73.3218 2.477321672537251829e-01
73.3301 2.477236355182354521e-01
73.3384 2.477151003274131458e-01
73.3468 2.477065616836625905e-01
73.3551 2.476980195881827163e-01
73.3634 2.476894740426235642e-01
73.3717 2.476809250510390581e-01
73.38 2.476723726149253069e-01
73.3883 2.476638167353262809e-01
73.3966 2.476552574156899167e-01
73.4049 2.476466946576585948e-01
73.4132 2.476381284624236401e-01
73.4215 2.476295588338777443e-01
73.4299 2.476209857741099862e-01
73.4382 2.476124092840070179e-01
73.4465 2.476038293656561418e-01
73.4548 2.475952460215925244e-01
73.4631 2.475866592546499545e-01
73.4714 2.475780690666103956e-01
73.4797 2.475694754594052194e-01
73.488 2.475608784351134573e-01
73.4963 2.475522779956640107e-01
73.5046 2.475436741432833487e-01
73.513 2.475350668809456478e-01
73.5213 2.475264562104248778e-01
73.5296 2.475178421331949152e-01
73.5379 2.475092246507283877e-01
73.5462 2.475006037671907133e-01
73.5545 2.474919794839014198e-01
73.5628 2.474833518023295265e-01
73.5711 2.474747207252882830e-01
73.5794 2.474660862540946915e-01
73.5877 2.474574483918577927e-01
73.5961 2.474488071404898348e-01
73.6044 2.474401625013034900e-01
73.6127 2.474315144775529607e-01
73.621 2.474228630708470711e-01
73.6293 2.474142082827942568e-01
73.6376 2.474055501158967385e-01
73.6459 2.473968885728051459e-01
73.6542 2.473882236551230018e-01
73.6625 2.473795553651994272e-01
73.6708 2.473708837044868991e-01
73.6792 2.473622086759277861e-01
73.6875 2.473535302811210590e-01
73.6958 2.473448485221119986e-01
73.7041 2.473361634015400212e-01
73.7124 2.473274749212983348e-01
73.7207 2.473187830835764656e-01
73.729 2.473100878901162702e-01
73.7373 2.473013893428067933e-01
73.7456 2.472926874442806788e-01
73.7539 2.472839821965727436e-01
73.7623 2.472752736021636144e-01
73.7706 2.472665616623416218e-01
73.7789 2.472578463791387515e-01
73.7872 2.472491277563683421e-01
73.7955 2.472404057936808952e-01
73.8038 2.472316804945895730e-01
73.8121 2.472229518614174337e-01
73.8204 2.472142198954458692e-01
73.8287 2.472054845988469751e-01
73.837 2.471967459739389250e-01
73.8453 2.471880040231878295e-01
73.8537 2.471792587484636927e-01
73.862 2.471705101513393676e-01
73.8703 2.471617582341276154e-01
73.8786 2.471530030000300415e-01
73.8869 2.471442444491321888e-01
73.8952 2.471354825850773096e-01
73.9035 2.471267174092830476e-01
73.9118 2.471179489240555582e-01
73.9201 2.471091771312545482e-01
73.9284 2.471004020333313622e-01
73.9368 2.470916236316988424e-01
73.9451 2.470828419298417011e-01
73.9534 2.470740569281339727e-01
73.9617 2.470652686290218114e-01
73.97 2.470564770358361639e-01
73.9783 2.470476821496882525e-01
73.9866 2.470388839722794661e-01
73.9949 2.470300825054586868e-01
74.0032 2.470212777532893311e-01
74.0115 2.470124697158435911e-01
74.0199 2.470036583957044563e-01
74.0282 2.469948437963394305e-01
74.0365 2.469860259170793826e-01
74.0448 2.469772047621275057e-01
74.0531 2.469683803331746141e-01
74.0614 2.469595526317632517e-01
74.0697 2.469507216600248800e-01
74.078 2.469418874202373437e-01
74.0863 2.469330499146764057e-01
74.0946 2.469242091453221211e-01
74.103 2.469153651137105110e-01
74.1113 2.469065178222612789e-01
74.1196 2.468976672732445810e-01
74.1279 2.468888134684880109e-01
74.1362 2.468799564098171362e-01
74.1445 2.468710960997930193e-01
74.1528 2.468622325400915418e-01
74.1611 2.468533657328293163e-01
74.1694 2.468444956804153601e-01
74.1777 2.468356223843748143e-01
74.1861 2.468267458469672604e-01
74.1944 2.468178660704505034e-01
74.2027 2.468089830567869736e-01
74.211 2.468000968067623757e-01
74.2193 2.467912073242469750e-01
74.2276 2.467823146113459765e-01
74.2359 2.467734186691350196e-01
74.2442 2.467645194994232960e-01
74.2525 2.467556171046061120e-01
74.2608 2.467467114875173118e-01
74.2692 2.467378026492280663e-01
74.2775 2.467288905911025065e-01
74.2858 2.467199753174368071e-01
74.2941 2.467110568287121941e-01
74.3024 2.467021351264355178e-01
74.3107 2.466932102140183825e-01
74.319 2.466842820929646130e-01
74.3273 2.466753507656564703e-01
74.3356 2.466664162328635057e-01
74.3439 2.466574784976977297e-01
74.3522 2.466485375623904408e-01
74.3606 2.466395934278543256e-01
74.3689 2.466306460970503489e-01
74.3772 2.466216955719130188e-01
74.3855 2.466127418540833560e-01
74.3938 2.466037849465172183e-01
74.4021 2.465948248495368755e-01
74.4104 2.465858615663881204e-01
74.4187 2.465768950991451547e-01
74.427 2.465679254500269535e-01
74.4353 2.465589526193522063e-01
74.4437 2.465499766109443547e-01
74.452 2.465409974261421611e-01
74.4603 2.465320150671593824e-01
74.4686 2.465230295364999324e-01
74.4769 2.465140408346239154e-01
74.4852 2.465050489650539578e-01
74.4935 2.464960539295606712e-01
74.5018 2.464870557287467123e-01
74.5101 2.464780543664217560e-01
74.5184 2.464690498437692723e-01
74.5268 2.464600421632836824e-01
74.5351 2.464510313270202868e-01
74.5434 2.464420173349941567e-01
74.5517 2.464330001915893964e-01
74.56 2.464239798984201035e-01
74.5683 2.464149564563724026e-01
74.5766 2.464059298688052180e-01
74.5849 2.463969001367475598e-01
74.5932 2.463878672628277977e-01
74.6015 2.463788312486547560e-01
74.6099 2.463697920958359544e-01
74.6182 2.463607498072862834e-01
74.6265 2.463517043854824562e-01
74.6348 2.463426558297034663e-01
74.6431 2.463336041441676061e-01
74.6514 2.463245493312021805e-01
74.6597 2.463154913918262912e-01
74.668 2.463064303288003132e-01
74.6763 2.462973661422704907e-01
74.6846 2.462882988363009618e-01
74.693 2.462792284119061370e-01
74.7013 2.462701548715507116e-01
74.7096 2.462610782174072255e-01
74.7179 2.462519984497626713e-01
74.7262 2.462429155719472462e-01
74.7345 2.462338295865646731e-01
74.7428 2.462247404950577145e-01
74.7511 2.462156482988681616e-01
74.7594 2.462065530001611158e-01
74.7677 2.461974546012449250e-01
74.7761 2.461883531039923689e-01
74.7844 2.461792485099853767e-01
74.7927 2.461701408221067811e-01
74.801 2.461610300413575869e-01
74.8093 2.461519161703286107e-01
74.8176 2.461427992107413365e-01
74.8259 2.461336791647500133e-01
74.8342 2.461245560342183170e-01
74.8425 2.461154298207198499e-01
74.8508 2.461063005265494430e-01
74.8591 2.460971681542891698e-01
74.8675 2.460880327047865745e-01
74.8758 2.460788941811987429e-01
74.8841 2.460697525849483980e-01
74.8924 2.460606079173133509e-01
74.9007 2.460514601807244628e-01
74.909 2.460423093778997261e-01
74.9173 2.460331555101129830e-01
74.9256 2.460239985792139483e-01
74.9339 2.460148385873398569e-01
74.9422 2.460056755369142700e-01
74.9506 2.459965094284865261e-01
74.9589 2.459873402657741515e-01
74.9672 2.459781680497563350e-01
74.9755 2.459689927822755195e-01
74.9838 2.459598144657484664e-01
74.9921 2.459506331025905768e-01
75.0004 2.459414486937766542e-01
75.0087 2.459322612410003717e-01
75.017 2.459230707472483957e-01
75.0253 2.459138772140677942e-01
75.0337 2.459046806434356525e-01
75.042 2.458954810371843380e-01
75.0503 2.458862783974318511e-01
75.0586 2.458770727258645650e-01
75.0669 2.458678640243108504e-01
75.0752 2.458586522954595843e-01
75.0835 2.458494375412799415e-01
75.0918 2.458402197621612773e-01
75.1001 2.458309989616493940e-01
75.1084 2.458217751407056895e-01
75.1168 2.458125483017246093e-01
75.1251 2.458033184475301169e-01
75.1334 2.457940855790795298e-01
75.1417 2.457848496973305263e-01
75.15 2.457756108058189171e-01
75.1583 2.457663689063593893e-01
75.1666 2.457571239994758017e-01
75.1749 2.457478760888430203e-01
75.1832 2.457386251761281004e-01
75.1915 2.457293712617092396e-01
75.1999 2.457201143488264850e-01
75.2082 2.457108544392873628e-01
75.2165 2.457015915348974289e-01
75.2248 2.456923256378908682e-01
75.2331 2.456830567496418594e-01
75.2414 2.456737848723818396e-01
75.2497 2.456645100079118682e-01
75.258 2.456552321577460674e-01
75.2663 2.456459513249689142e-01
75.2746 2.456366675109492859e-01
75.283 2.456273807174826351e-01
75.2913 2.456180909459362294e-01
75.2996 2.456087981986745938e-01
75.3079 2.455995024782040292e-01
75.3162 2.455902037856018127e-01
75.3245 2.455809021233715250e-01
75.3328 2.455715974937296153e-01
75.3411 2.455622898970375445e-01
75.3494 2.455529793365075764e-01
75.3577 2.455436658140672523e-01
75.366 2.455343493312151792e-01
75.3744 2.455250298898765948e-01
75.3827 2.455157074928297767e-01
75.391 2.455063821404307733e-01
75.3993 2.454970538353128395e-01
75.4076 2.454877225801080642e-01
75.4159 2.454783883755961849e-01
75.4242 2.454690512238375533e-01
75.4325 2.454597111270328258e-01
75.4408 2.454503680880927297e-01
75.4491 2.454410221072242659e-01
75.4575 2.454316731870511414e-01
75.4658 2.454223213290583072e-01
75.4741 2.454129665361508006e-01
75.4824 2.454036088102364566e-01
75.4907 2.453942481512349227e-01
75.499 2.453848845627567277e-01
75.5073 2.453755180468488728e-01
75.5156 2.453661486045631002e-01
75.5239 2.453567762380861328e-01
75.5322 2.453474009496030284e-01
75.5406 2.453380227408718806e-01
75.5489 2.453286416132242076e-01
75.5572 2.453192575694086164e-01
75.5655 2.453098706107540994e-01
75.5738 2.453004807390142539e-01
75.5821 2.452910879567914981e-01
75.5904 2.452816922649867504e-01
75.5987 2.452722936659164632e-01
75.607 2.452628921628867698e-01
75.6153 2.452534877559454096e-01
75.6237 2.452440804466979318e-01
75.632 2.452346702390114930e-01
75.6403 2.452252571326490882e-01
75.6486 2.452158411309094121e-01
75.6569 2.452064222351095502e-01
75.6652 2.451970004469894437e-01
75.6735 2.451875757692776880e-01
75.6818 2.451781482025811587e-01
75.6901 2.451687177499083103e-01
75.6984 2.451592844124290960e-01
75.7068 2.451498481917369077e-01
75.7151 2.451404090912586431e-01
75.7234 2.451309671111733812e-01
75.7317 2.451215222534939009e-01
75.74 2.451120745213609398e-01
75.7483 2.451026239162199527e-01
75.7566 2.450931704392337040e-01
75.7649 2.450837140922691448e-01
75.7732 2.450742548773331142e-01
75.7815 2.450647927971354723e-01
75.7899 2.450553278526936551e-01
75.7982 2.450458600458697289e-01
75.8065 2.450363893796511094e-01
75.8148 2.450269158539254422e-01
75.8231 2.450174394723817206e-01
75.8314 2.450079602357504438e-01
75.8397 2.449984781458878491e-01
75.848 2.449889932050705876e-01
75.8563 2.449795054161365282e-01
75.8646 2.449700147791092075e-01
75.8729 2.449605212968242740e-01
75.8813 2.449510249709904719e-01
75.8896 2.449415258031755749e-01
75.8979 2.449320237962101798e-01
75.9062 2.449225189506759326e-01
75.9145 2.449130112685585225e-01
75.9228 2.449035007528247987e-01
75.9311 2.448939874046152099e-01
75.9394 2.448844712250690392e-01
75.9477 2.448749522177107452e-01
75.956 2.448654303831158119e-01
75.9644 2.448559057229818536e-01
75.9727 2.448463782399868116e-01
75.981 2.448368479356853866e-01
75.9893 2.448273148117711961e-01
75.9976 2.448177788699370250e-01
76.0059 2.448082401124347940e-01
76.0142 2.447986985405347926e-01
76.0225 2.447891541570461071e-01
76.0308 2.447796069630968074e-01
76.0391 2.447700569599535469e-01
76.0475 2.447605041508418011e-01
76.0558 2.447509485370258642e-01
76.0641 2.447413901196295316e-01
76.0724 2.447318289013140358e-01
76.0807 2.447222648836204217e-01
76.089 2.447126980685080111e-01
76.0973 2.447031284577952659e-01
76.1056 2.446935560532990939e-01
76.1139 2.446839808562768781e-01
76.1222 2.446744028691022199e-01
76.1306 2.446648220944265262e-01
76.1389 2.446552385326656587e-01
76.1472 2.446456521864685540e-01
76.1555 2.446360630569473782e-01
76.1638 2.446264711461902386e-01
76.1721 2.446168764562837716e-01
76.1804 2.446072789894528088e-01
76.1887 2.445976787468050473e-01
76.197 2.445880757302843489e-01
76.2053 2.445784699419719377e-01
76.2137 2.445688613831125124e-01
76.222 2.445592500563423255e-01
76.2303 2.445496359631821326e-01
76.2386 2.445400191052904126e-01
76.2469 2.445303994839077288e-01
76.2552 2.445207771015256992e-01
76.2635 2.445111519604957484e-01
76.2718 2.445015240620541652e-01
76.2801 2.444918934077152384e-01
76.2884 2.444822599998261459e-01
76.2968 2.444726238396207063e-01
76.3051 2.444629849288874612e-01
76.3134 2.444533432702483133e-01
76.3217 2.444436988650720011e-01
76.33 2.444340517151440684e-01
76.3383 2.444244018218314773e-01
76.3466 2.444147491874728850e-01
76.3549 2.444050938144048668e-01
76.3632 2.443954357032973590e-01
76.3715 2.443857748557909659e-01
76.3798 2.443761112751902664e-01
76.3882 2.443664449623005885e-01
76.3965 2.443567759187593724e-01
76.4048 2.443471041467569771e-01
76.4131 2.443374296480669283e-01
76.4214 2.443277524243226140e-01
76.4297 2.443180724772952561e-01
76.438 2.443083898091702455e-01
76.4463 2.442987044219933068e-01
76.4546 2.442890163161467454e-01
76.4629 2.442793254939515935e-01
76.4713 2.442696319584183318e-01
76.4796 2.442599357104807134e-01
76.4879 2.442502367514861883e-01
76.4962 2.442405350833354305e-01
76.5045 2.442308307084802843e-01
76.5128 2.442211236282653686e-01
76.5211 2.442114138450014460e-01
76.5294 2.442017013598929143e-01
76.5377 2.441919861742811171e-01
76.546 2.441822682911645448e-01
76.5544 2.441725477114673470e-01
76.5627 2.441628244372186229e-01
76.571 2.441530984704453344e-01
76.5793 2.441433698120696882e-01
76.5876 2.441336384646685398e-01
76.5959 2.441239044299898242e-01
76.6042 2.441141677089523343e-01
76.6125 2.441044283048188768e-01
76.6208 2.440946862186437749e-01
76.6291 2.440849414517568816e-01
76.6375 2.440751940061757497e-01
76.6458 2.440654438843304075e-01
76.6541 2.440556910868581786e-01
76.6624 2.440459356159112025e-01
76.6707 2.440361774739151501e-01
76.679 2.440264166620555730e-01
76.6873 2.440166531824804474e-01
76.6956 2.440068870367861076e-01
76.7039 2.439971182262924421e-01
76.7122 2.439873467530064566e-01
76.7206 2.439775726187962401e-01
76.7289 2.439677958256660784e-01
76.7372 2.439580163757563425e-01
76.7455 2.439482342692823880e-01
76.7538 2.439384495090695659e-01
76.7621 2.439286620973920572e-01
76.7704 2.439188720348746120e-01
76.7787 2.439090793242009447e-01
76.787 2.438992839665431456e-01
76.7953 2.438894859634843371e-01
76.8037 2.438796853171553147e-01
76.812 2.438698820296856251e-01
76.8203 2.438600761018316632e-01
76.8286 2.438502675361322591e-01
76.8369 2.438404563351241339e-01
76.8452 2.438306424984644227e-01
76.8535 2.438208260286880980e-01
76.8618 2.438110069288764448e-01
76.8701 2.438011851999168089e-01
76.8784 2.437913608421490574e-01
76.8867 2.437815338593348757e-01
76.8951 2.437717042529064515e-01
76.9034 2.437618720234747127e-01
76.9117 2.437520371738385316e-01
76.92 2.437421997052904854e-01
76.9283 2.437323596196696307e-01
76.9366 2.437225169184033258e-01
76.9449 2.437126716036015495e-01
76.9532 2.437028236775096446e-01
76.9615 2.436929731410048816e-01
76.9698 2.436831199963304662e-01
76.9782 2.436732642443618924e-01
76.9865 2.436634058878862086e-01
76.9948 2.436535449284595034e-01
77.0031 2.436436813675006974e-01
77.0114 2.436338152065640472e-01
77.0197 2.436239464481580186e-01
77.028 2.436140750928795784e-01
77.0363 2.436042011435075316e-01
77.0446 2.435943246014552199e-01
77.0529 2.435844454682712656e-01
77.0613 2.435745637455037083e-01
77.0696 2.435646794356529921e-01
77.0779 2.435547925398556246e-01
77.0862 2.435449030596563980e-01
77.0945 2.435350109968710541e-01
77.1028 2.435251163533142804e-01
77.1111 2.435152191317521142e-01
77.1194 2.435053193322274934e-01
77.1277 2.434954169579124084e-01
77.136 2.434855120088482150e-01
77.1444 2.434756044876602854e-01
77.1527 2.434656943966999887e-01
77.161 2.434557817369581434e-01
77.1693 2.434458665107838427e-01
77.1776 2.434359487193016591e-01
77.1859 2.434260283633639110e-01
77.1942 2.434161054462671836e-01
77.2025 2.434061799699476503e-01
77.2108 2.433962519338967456e-01
77.2191 2.433863213416784521e-01
77.2275 2.433763881950897767e-01
77.2358 2.433664524947057040e-01
77.2441 2.433565142431355910e-01
77.2524 2.433465734419021642e-01
77.2607 2.433366300921202818e-01
77.269 2.433266841963952209e-01
77.2773 2.433167357561109856e-01
77.2856 2.433067847726504140e-01
77.2939 2.432968312473956229e-01
77.3022 2.432868751834885435e-01
77.3106 2.432769165819023416e-01
77.3189 2.432669554432033976e-01
77.3272 2.432569917706651208e-01
77.3355 2.432470255652578461e-01
77.3438 2.432370568293044655e-01
77.3521 2.432270855635029760e-01
77.3604 2.432171117696330931e-01
77.3687 2.432071354504196925e-01
77.377 2.431971566068284185e-01
77.3853 2.431871752417164301e-01
77.3936 2.431771913540206609e-01
77.402 2.431672049476771291e-01
77.4103 2.431572160244580838e-01
77.4186 2.431472245847844660e-01
77.4269 2.431372306321819554e-01
77.4352 2.431272341666643744e-01
77.4435 2.431172351895954098e-01
77.4518 2.431072337038219233e-01
77.4601 2.430972297111093916e-01
77.4684 2.430872232133573507e-01
77.4767 2.430772142113851175e-01
77.4851 2.430672027062815987e-01
77.4934 2.430571887006171550e-01
77.5017 2.430471721968256171e-01
77.51 2.430371531958576137e-01
77.5183 2.430271316990671171e-01
77.5266 2.430171077084804510e-01
77.5349 2.430070812250458012e-01
77.5432 2.429970522519985798e-01
77.5515 2.429870207906882351e-01
77.5598 2.429769868412526013e-01
77.5682 2.429669504069229824e-01
77.5765 2.429569114879703007e-01
77.5848 2.429468700874885256e-01
77.5931 2.429368262065532691e-01
77.6014 2.429267798469114947e-01
77.6097 2.429167310108464040e-01
77.618 2.429066796987589261e-01
77.6263 2.428966259123931937e-01
77.6346 2.428865696545660646e-01
77.6429 2.428765109266160516e-01
77.6513 2.428664497297459701e-01
77.6596 2.428563860658297657e-01
77.6679 2.428463199355318791e-01
77.6762 2.428362513427362590e-01
77.6845 2.428261802878367293e-01
77.6928 2.428161067720320809e-01
77.7011 2.428060307981282917e-01
77.7094 2.427959523662497343e-01
77.7177 2.427858714800038842e-01
77.726 2.427757881399152107e-01
77.7344 2.427657023470429776e-01
77.7427 2.427556141043213378e-01
77.751 2.427455234128071682e-01
77.7593 2.427354302742269765e-01
77.7676 2.427253346895021369e-01
77.7759 2.427152366620967117e-01
77.7842 2.427051361918594885e-01
77.7925 2.426950332814491462e-01
77.8008 2.426849279317832009e-01
77.8091 2.426748201455175835e-01
77.8175 2.426647099237015937e-01
77.8258 2.426545972675184515e-01
77.8341 2.426444821797527629e-01
77.8424 2.426343646614518845e-01
77.8507 2.426242447132610225e-01
77.859 2.426141223387631163e-01
77.8673 2.426039975391349190e-01
77.8756 2.425938703140857466e-01
77.8839 2.425837406675935282e-01
77.8922 2.425736086005664816e-01
77.9005 2.425634741144447049e-01
77.9089 2.425533372112016195e-01
77.9172 2.425431978910756181e-01
77.9255 2.425330561577710986e-01
77.9338 2.425229120119240800e-01
77.9421 2.425127654553703160e-01
77.9504 2.425026164890110025e-01
77.9587 2.424924651158785194e-01
77.967 2.424823113371379901e-01
77.9753 2.424721551535556907e-01
77.9836 2.424619965669612409e-01
77.992 2.424518355790507840e-01
78.0003 2.424416721936466790e-01
78.0086 2.424315064093828798e-01
78.0169 2.424213382283507967e-01
78.0252 2.424111676542363703e-01
78.0335 2.424009946867349552e-01
78.0418 2.423908193279349643e-01
78.0501 2.423806415793910984e-01
78.0584 2.423704614427908133e-01
78.0667 2.423602789203506414e-01
78.0751 2.423500940133572201e-01
78.0834 2.423399067233609483e-01
78.0917 2.423297170519120858e-01
78.1 2.423195250001610734e-01
78.1083 2.423093305699216549e-01
78.1166 2.422991337643317922e-01
78.1249 2.422889345838761532e-01
78.1332 2.422787330289059016e-01
78.1415 2.422685291026887011e-01
78.1498 2.422583228061039595e-01
78.1582 2.422481141421510553e-01
78.1665 2.422379031113097991e-01
78.1748 2.422276897144579610e-01
78.1831 2.422174739537961419e-01
78.1914 2.422072558317887314e-01
78.1997 2.421970353495742356e-01
78.208 2.421868125080267886e-01
78.2163 2.421765873101356936e-01
78.2246 2.421663597565083537e-01
78.2329 2.421561298484121993e-01
78.2413 2.421458975877758546e-01
78.2496 2.421356629771864444e-01
78.2579 2.421254260175124129e-01
78.2662 2.421151867106776379e-01
78.2745 2.421049450575490924e-01
78.2828 2.420947010600487392e-01
78.2911 2.420844547199661190e-01
78.2994 2.420742060388247907e-01
78.3077 2.420639550182799582e-01
78.316 2.420537016603809266e-01
78.3244 2.420434459658571680e-01
78.3327 2.420331879368878558e-01
78.341 2.420229275745964526e-01
78.3493 2.420126648812915560e-01
78.3576 2.420023998578309798e-01
78.3659 2.419921325066527462e-01
78.3742 2.419818628282176531e-01
78.3825 2.419715908249614467e-01
78.3908 2.419613164985287557e-01
78.3991 2.419510398496406700e-01
78.4074 2.419407608815198896e-01
78.4158 2.419304795943588160e-01
78.4241 2.419201959901930710e-01
78.4324 2.419099100701350702e-01
78.4407 2.418996218364812267e-01
78.449 2.418893312909994042e-01
78.4573 2.418790384342740518e-01
78.4656 2.418687432687285643e-01
78.4739 2.418584457961286127e-01
78.4822 2.418481460169236985e-01
78.4905 2.418378439332719843e-01
78.4989 2.418275395471978506e-01
78.5072 2.418172328604624721e-01
78.5155 2.418069238735124638e-01
78.5238 2.417966125887633932e-01
78.5321 2.417862990079729657e-01
78.5404 2.417759831317169428e-01
78.5487 2.417656649630630372e-01
78.557 2.417553445028473025e-01
78.5653 2.417450217515122179e-01
78.5736 2.417346967121216383e-01
78.582 2.417243693859024434e-01
78.5903 2.417140397746049552e-01
78.5986 2.417037078799782746e-01
78.6069 2.416933737021986217e-01
78.6152 2.416830372435375685e-01
78.6235 2.416726985070504485e-01
78.6318 2.416623574926491658e-01
78.6401 2.416520142019470407e-01
78.6484 2.416416686374723011e-01
78.6567 2.416313208001814872e-01
78.6651 2.416209706918155120e-01
78.6734 2.416106183141139285e-01
78.6817 2.416002636675081416e-01
78.69 2.415899067547817303e-01
78.6983 2.415795475779324020e-01
78.7066 2.415691861369967941e-01
78.7149 2.415588224344934754e-01
78.7232 2.415484564720251914e-01
78.7315 2.415380882498879556e-01
78.7398 2.415277177725547175e-01
78.7482 2.415173450388835574e-01
78.7565 2.415069700508650496e-01
78.7648 2.414965928110102689e-01
78.7731 2.414862133192200444e-01
78.7814 2.414758315799593047e-01
78.7897 2.414654475926052701e-01
78.798 2.414550613577090832e-01
78.8063 2.414446728794703290e-01
78.8146 2.414342821585677978e-01
78.8229 2.414238891952892596e-01
78.8313 2.414134939926571577e-01
78.8396 2.414030965513482840e-01
78.8479 2.413926968737311884e-01
78.8562 2.413822949606112545e-01
78.8645 2.413718908134437902e-01
78.8728 2.413614844344639243e-01
78.8811 2.413510758248646193e-01
78.8894 2.413406649864882347e-01
78.8977 2.413302519205259844e-01
78.906 2.413198366288181462e-01
78.9143 2.413094191122941157e-01
78.9227 2.412989993730522698e-01
78.931 2.412885774125397564e-01
78.9393 2.412781532322029465e-01
78.9476 2.412677268338768999e-01
78.9559 2.412572982193953164e-01
78.9642 2.412468673885140025e-01
78.9725 2.412364343447524206e-01
78.9808 2.412259990895516126e-01
78.9891 2.412155616230545752e-01
78.9974 2.412051219481277931e-01
79.0058 2.411946800658205103e-01
79.0141 2.411842359773110345e-01
79.0224 2.411737896848135942e-01
79.0307 2.411633411883384037e-01
79.039 2.411528904919115479e-01
79.0473 2.411424375956707777e-01
79.0556 2.411319825005307227e-01
79.0639 2.411215252099948581e-01
79.0722 2.411110657231633758e-01
79.0805 2.411006040432784048e-01
79.0889 2.410901401715094261e-01
79.0972 2.410796741083788275e-01
79.1055 2.410692058566070162e-01
79.1138 2.410587354180075137e-01
79.1221 2.410482627932291344e-01
79.1304 2.410377879838251358e-01
79.1387 2.410273109913477763e-01
79.147 2.410168318176066915e-01
79.1553 2.410063504646684229e-01
79.1636 2.409958669331778713e-01
79.172 2.409853812242959414e-01
79.1803 2.409748933404737559e-01
79.1886 2.409644032835152883e-01
79.1969 2.409539110538040096e-01
79.2052 2.409434166537874344e-01
79.2135 2.409329200838476737e-01
79.2218 2.409224213465589459e-01
79.2301 2.409119204435911099e-01
79.2384 2.409014173759684574e-01
79.2467 2.408909121448436219e-01
79.2551 2.408804047523991076e-01
79.2634 2.408698951997855775e-01
79.2717 2.408593834884104889e-01
79.28 2.408488696204529600e-01
79.2883 2.408383535969320643e-01
79.2966 2.408278354195095838e-01
79.3049 2.408173150893318237e-01
79.3132 2.408067926080586785e-01
79.3215 2.407962679774778569e-01
79.3298 2.407857411991184693e-01
79.3382 2.407752122741230183e-01
79.3465 2.407646812044044460e-01
79.3548 2.407541479913604676e-01
79.3631 2.407436126356168882e-01
79.3714 2.407330751403685964e-01
79.3797 2.407225355055971350e-01
79.388 2.407119937333388193e-01
79.3963 2.407014498260139079e-01
79.4046 2.406909037836019172e-01
79.4129 2.406803556081359985e-01
79.4212 2.406698053025459749e-01
79.4296 2.406592528657832408e-01
79.4379 2.406486983005190761e-01
79.4462 2.406381416083974434e-01
79.4545 2.406275827917018217e-01
79.4628 2.406170218509200986e-01
79.4711 2.406064587876930172e-01
79.4794 2.405958936032759621e-01
79.4877 2.405853262994359643e-01
79.496 2.405747568778106860e-01
79.5043 2.405641853396526531e-01
79.5127 2.405536116865976681e-01
79.521 2.405430359206643387e-01
79.5293 2.405324580427182501e-01
79.5376 2.405218780536246270e-01
79.5459 2.405112959557829944e-01
79.5542 2.405007117503125125e-01
79.5625 2.404901254393542742e-01
79.5708 2.404795370237697849e-01
79.5791 2.404689465051868258e-01
79.5874 2.404583538849765501e-01
79.5958 2.404477591647648238e-01
79.6041 2.404371623457931539e-01
79.6124 2.404265634301961108e-01
79.6207 2.404159624188303146e-01
79.629 2.404053593133175237e-01
79.6373 2.403947541150233402e-01
79.6456 2.403841468255675795e-01
79.6539 2.403735374470792885e-01
79.6622 2.403629259800281193e-01
79.6705 2.403523124261585375e-01
79.6789 2.403416967877237687e-01
79.6872 2.403310790653186979e-01
79.6955 2.403204592599201550e-01
79.7038 2.403098373741606175e-01
79.7121 2.402992134092694909e-01
79.7204 2.402885873668574590e-01
79.7287 2.402779592470066228e-01
79.737 2.402673290534901585e-01
79.7453 2.402566967860065017e-01
79.7536 2.402460624459082650e-01
79.762 2.402354260370915540e-01
79.7703 2.402247875578536473e-01
79.7786 2.402141470111979482e-01
79.7869 2.402035043993629437e-01
79.7952 2.401928597221708317e-01
79.8035 2.401822129819853324e-01
79.8118 2.401715641805335644e-01
79.8201 2.401609133182711076e-01
79.8284 2.401502603980663342e-01
79.8367 2.401396054199922137e-01
79.8451 2.401289483858990992e-01
79.8534 2.401182892986513939e-01
79.8617 2.401076281578123084e-01
79.87 2.400969649653560689e-01
79.8783 2.400862997230017448e-01
79.8866 2.400756324318333301e-01
79.8949 2.400649630945823065e-01
79.9032 2.400542917120767339e-01
79.9115 2.400436182840038624e-01
79.9198 2.400329428138523458e-01
79.9281 2.400222653030816000e-01
79.9365 2.400115857518833606e-01
79.9448 2.400009041627288453e-01
79.9531 2.399902205368214247e-01
79.9614 2.399795348754904523e-01
79.9697 2.399688471805704604e-01
79.978 2.399581574527560879e-01
79.9863 2.399474656935006167e-01
79.9946 2.399367719052682424e-01
80.0029 2.399260760892567013e-01
80.0112 2.399153782462840612e-01
80.0196 2.399046783776733194e-01
80.0279 2.398939764853785517e-01
80.0362 2.398832725713523351e-01
80.0445 2.398725666365355280e-01
80.0528 2.398618586813634768e-01
80.0611 2.398511487091749272e-01
80.0694 2.398404367200245024e-01
80.0777 2.398297227153551869e-01
80.086 2.398190066976182977e-01
80.0943 2.398082886677497527e-01
80.1027 2.397975686269370743e-01
80.111 2.397868465766193335e-01
80.1193 2.397761225187389766e-01
80.1276 2.397653964543547400e-01
80.1359 2.397546683846506210e-01
80.1442 2.397439383119440437e-01
80.1525 2.397332062369132155e-01
80.1608 2.397224721606135700e-01
80.1691 2.397117360853593948e-01
80.1774 2.397009980128337603e-01
80.1858 2.396902579438374703e-01
80.1941 2.396795158795484992e-01
80.2024 2.396687718220248398e-01
80.2107 2.396580257718136098e-01
80.219 2.396472777314736513e-01
80.2273 2.396365277018020212e-01
80.2356 2.396257756840979858e-01
80.2439 2.396150216802883925e-01
80.2522 2.396042656919219194e-01
80.2605 2.395935077195411878e-01
80.2689 2.395827477651953918e-01
80.2772 2.395719858305563887e-01
80.2855 2.395612219159130307e-01
80.2938 2.395504560236888514e-01
80.3021 2.395396881558028157e-01
80.3104 2.395289183125422772e-01
80.3187 2.395181464958246464e-01
80.327 2.395073727061869662e-01
80.3353 2.394965969465480127e-01
80.3436 2.394858192180700507e-01
80.352 2.394750395217882244e-01
80.3603 2.394642578581115955e-01
80.3686 2.394534742294528451e-01
80.3769 2.394426886383489161e-01
80.3852 2.394319010842033135e-01
80.3935 2.394211115695512870e-01
80.4018 2.394103200956735622e-01
80.4101 2.393995266644767250e-01
80.4184 2.393887312753624763e-01
80.4267 2.393779339317375909e-01
80.435 2.393671346348790752e-01
80.4434 2.393563333853135910e-01
80.4517 2.393455301851921402e-01
80.46 2.393347250352899913e-01
80.4683 2.393239179373811421e-01
80.4766 2.393131088931140793e-01
80.4849 2.393022979040105025e-01
80.4932 2.392914849708426273e-01
80.5015 2.392806700945060705e-01
80.5098 2.392698532776449116e-01
80.5181 2.392590345215273029e-01
80.5265 2.392482138272966352e-01
80.5348 2.392373911954709664e-01
80.5431 2.392265666291886195e-01
80.5514 2.392157401283420415e-01
80.5597 2.392049116948199161e-01
80.568 2.391940813311322633e-01
80.5763 2.391832490370456865e-01
80.5846 2.391724148145698559e-01
80.5929 2.391615786654643916e-01
80.6012 2.391507405902414674e-01
80.6096 2.391399005914062459e-01
80.6179 2.391290586695938025e-01
80.6262 2.391182148264355822e-01
80.6345 2.391073690630631521e-01
80.6428 2.390965213811061529e-01
80.6511 2.390856717821921162e-01
80.6594 2.390748202675752609e-01
80.6677 2.390639668383837679e-01
80.676 2.390531114967407444e-01
80.6843 2.390422542427778629e-01
80.6927 2.390313950788650055e-01
80.701 2.390205340062510342e-01
80.7093 2.390096710260607993e-01
80.7176 2.389988061400385444e-01
80.7259 2.389879393490589587e-01
80.7342 2.389770706548643986e-01
80.7425 2.389662000587005342e-01
80.7508 2.389553275623076956e-01
80.7591 2.389444531668054317e-01
80.7674 2.389335768736840226e-01
80.7758 2.389226986841855582e-01
80.7841 2.389118185999224153e-01
80.7924 2.389009366215149310e-01
80.8007 2.388900527513178884e-01
80.809 2.388791669899497372e-01
80.8173 2.388682793393913095e-01
80.8256 2.388573898008791996e-01
80.8339 2.388464983758964433e-01
80.8422 2.388356050651825602e-01
80.8505 2.388247098713331962e-01
80.8589 2.388138127940960254e-01
80.8672 2.388029138363120252e-01
80.8755 2.387920129984703044e-01
80.8838 2.387811102820482645e-01
80.8921 2.387702056890181890e-01
80.9004 2.387592992197425656e-01
80.9087 2.387483908764389262e-01
80.917 2.387374806609516287e-01
80.9253 2.387265685737655074e-01
80.9336 2.387156546153640924e-01
80.9419 2.387047387894433159e-01
80.9503 2.386938210953731265e-01
80.9586 2.386829015353647554e-01
80.9669 2.386719801108865002e-01
80.9752 2.386610568231596063e-01
80.9835 2.386501316729101041e-01
80.9918 2.386392046624684071e-01
81.0001 2.386282757931755538e-01
81.0084 2.386173450655094397e-01
81.0167 2.386064124821661026e-01
81.025 2.385954780425122990e-01
81.0334 2.385845417496119392e-01
81.0417 2.385736036051721853e-01
81.05 2.385626636091733865e-01
81.0583 2.385517217631982212e-01
81.0666 2.385407780688274526e-01
81.0749 2.385298325276417331e-01
81.0832 2.385188851410963706e-01
81.0915 2.385079359104007868e-01
81.0998 2.384969848361475631e-01
81.1081 2.384860319217589064e-01
81.1165 2.384750771662264013e-01
81.1248 2.384641205718632806e-01
81.1331 2.384531621406116020e-01
81.1414 2.384422018729376314e-01
81.1497 2.384312397705361519e-01
81.158 2.384202758346093409e-01
81.1663 2.384093100669730236e-01
81.1746 2.383983424685817143e-01
81.1829 2.383873730411263936e-01
81.1912 2.383764017854373973e-01
81.1996 2.383654287023447005e-01
81.2079 2.383544537951320930e-01
81.2162 2.383434770638908073e-01
81.2245 2.383324985098165538e-01
81.2328 2.383215181344719158e-01
81.2411 2.383105359389281197e-01
81.2494 2.382995519257267436e-01
81.2577 2.382885660952013540e-01
81.266 2.382775784474405467e-01
81.2743 2.382665889868208209e-01
81.2827 2.382555977128159308e-01
81.291 2.382446046258799854e-01
81.2993 2.382336097295278676e-01
81.3076 2.382226130240890916e-01
81.3159 2.382116145106273897e-01
81.3242 2.382006141904506880e-01
81.3325 2.381896120656000759e-01
81.3408 2.381786081366474295e-01
81.3491 2.381676024052649110e-01
81.3574 2.381565948730013649e-01
81.3658 2.381455855407933753e-01
81.3741 2.381345744101880380e-01
81.3824 2.381235614828536573e-01
81.3907 2.381125467592356271e-01
81.399 2.381015302417335278e-01
81.4073 2.380905119307915041e-01
81.4156 2.380794918281962658e-01
81.4239 2.380684699348789846e-01
81.4322 2.380574462528687874e-01
81.4405 2.380464207833389578e-01
81.4488 2.380353935270962951e-01
81.4572 2.380243644854350138e-01
81.4655 2.380133336608677985e-01
81.4738 2.380023010529796479e-01
81.4821 2.379912666641595120e-01
81.4904 2.379802304958197334e-01
81.4987 2.379691925493717108e-01
81.507 2.379581528246423050e-01
81.5153 2.379471113247471903e-01
81.5236 2.379360680509730319e-01
81.5319 2.379250230030232338e-01
81.5403 2.379139761840095846e-01
81.5486 2.379029275937559473e-01
81.5569 2.378918772345198218e-01
81.5652 2.378808251083139591e-01
81.5735 2.378697712144738907e-01
81.5818 2.378587155558623267e-01
81.5901 2.378476581332729933e-01
81.5984 2.378365989481071308e-01
81.6067 2.378255380015217024e-01
81.615 2.378144752951592833e-01
81.6234 2.378034108300537686e-01
81.6317 2.377923446076027902e-01
81.64 2.377812766292030644e-01
81.6483 2.377702068963718218e-01
81.6566 2.377591354098970711e-01
81.6649 2.377480621708090158e-01
81.6732 2.377369871814718483e-01
81.6815 2.377259104429137182e-01
81.6898 2.377148319560408729e-01
81.6981 2.377037517218804352e-01
81.7065 2.376926697425496837e-01
81.7148 2.376815860194374797e-01
81.7231 2.376705005530832526e-01
81.7314 2.376594133447534063e-01
81.7397 2.376483243971667381e-01
81.748 2.376372337095283560e-01
81.7563 2.376261412846764343e-01
81.7646 2.376150471235102257e-01
81.7729 2.376039512269284559e-01
81.7812 2.375928535969183408e-01
81.7896 2.375817542341350230e-01
81.7979 2.375706531403219135e-01
81.8062 2.375595503171000766e-01
81.8145 2.375484457648807390e-01
81.8228 2.375373394860088028e-01
81.8311 2.375262314800481167e-01
81.8394 2.375151217494626821e-01
81.8477 2.375040102969565581e-01
81.856 2.374928971217290796e-01
81.8643 2.374817822253956490e-01
81.8727 2.374706656100534774e-01
81.881 2.374595472759875592e-01
81.8893 2.374484272249312022e-01
81.8976 2.374373054594610399e-01
81.9059 2.374261819786535610e-01
81.9142 2.374150567848425653e-01
81.9225 2.374039298801189357e-01
81.9308 2.373928012645226959e-01
81.9391 2.373816709397815194e-01
81.9474 2.373705389071397998e-01
81.9557 2.373594051684435324e-01
81.9641 2.373482697239715777e-01
81.9724 2.373371325754477790e-01
81.9807 2.373259937245949802e-01
81.989 2.373148531727736765e-01
81.9973 2.373037109207415951e-01
82.0056 2.372925669691355877e-01
82.0139 2.372814213205175493e-01
82.0222 2.372702739755225554e-01
82.0305 2.372591249358679544e-01
82.0388 2.372479742025484506e-01
82.0472 2.372368217760771059e-01
82.0555 2.372256676591305846e-01
82.0638 2.372145118529411512e-01
82.0721 2.372033543577794501e-01
82.0804 2.371921951745165902e-01
82.0887 2.371810343060647697e-01
82.097 2.371698717528126499e-01
82.1053 2.371587075163491820e-01
82.1136 2.371475415977821466e-01
82.1219 2.371363739983385899e-01
82.1303 2.371252047190049728e-01
82.1386 2.371140337611269411e-01
82.1469 2.371028611271284448e-01
82.1552 2.370916868169138936e-01
82.1635 2.370805108315867937e-01
82.1718 2.370693331734484988e-01
82.1801 2.370581538441993152e-01
82.1884 2.370469728431425227e-01
82.1967 2.370357901735349881e-01
82.205 2.370246058353974172e-01
82.2134 2.370134198299483630e-01
82.2217 2.370022321603207083e-01
82.23 2.369910428250971146e-01
82.2383 2.369798518270497534e-01
82.2466 2.369686591671539277e-01
82.2549 2.369574648474612188e-01
82.2632 2.369462688684668694e-01
82.2715 2.369350712306661222e-01
82.2798 2.369238719368251256e-01
82.2881 2.369126709873176917e-01
82.2965 2.369014683837125379e-01
82.3048 2.368902641270993759e-01
82.3131 2.368790582191644678e-01
82.3214 2.368678506602792666e-01
82.3297 2.368566414528450181e-01
82.338 2.368454305971123552e-01
82.3463 2.368342180953607878e-01
82.3546 2.368230039472433435e-01
82.3629 2.368117881555150683e-01
82.3712 2.368005707216169486e-01
82.3796 2.367893516454389058e-01
82.3879 2.367781309286594305e-01
82.3962 2.367669085741479218e-01
82.4045 2.367556845807196886e-01
82.4128 2.367444589501699059e-01
82.4211 2.367332316858412333e-01
82.4294 2.367220027867860677e-01
82.4377 2.367107722550347293e-01
82.446 2.366995400921400039e-01
82.4543 2.366883062979870944e-01
82.4626 2.366770708754365737e-01
82.471 2.366658338248484872e-01
82.4793 2.366545951484859689e-01
82.4876 2.366433548458751202e-01
82.4959 2.366321129197531403e-01
82.5042 2.366208693711907562e-01
82.5125 2.366096242000696181e-01
82.5208 2.365983774092423886e-01
82.5291 2.365871289997775462e-01
82.5374 2.365758789721489619e-01
82.5457 2.365646273282554224e-01
82.5541 2.365533740688071651e-01
82.5624 2.365421191951073143e-01
82.5707 2.365308627083397008e-01
82.579 2.365196046107553851e-01
82.5873 2.365083449029427576e-01
82.5956 2.364970835854898201e-01
82.6039 2.364858206602890589e-01
82.6122 2.364745561289944564e-01
82.6205 2.364632899923101994e-01
82.6288 2.364520222505848701e-01
82.6372 2.364407529060628677e-01
82.6455 2.364294819612238752e-01
82.6538 2.364182094147551927e-01
82.6621 2.364069352698460191e-01
82.6704 2.363956595262490246e-01
82.6787 2.363843821863219896e-01
82.687 2.363731032512371433e-01
82.6953 2.363618227214561995e-01
82.7036 2.363505405988602925e-01
82.7119 2.363392568850926079e-01
82.7203 2.363279715801396841e-01
82.7286 2.363166846851704750e-01
82.7369 2.363053962034812883e-01
82.7452 2.362941061349382033e-01
82.7535 2.362828144799985763e-01
82.7618 2.362715212407734966e-01
82.7701 2.362602264185457990e-01
82.7784 2.362489300144793303e-01
82.7867 2.362376320302095323e-01
82.795 2.362263324658360475e-01
82.8034 2.362150313232289633e-01
82.8117 2.362037286047292128e-01
82.82 2.361924243085466724e-01
82.8283 2.361811184384367823e-01
82.8366 2.361698109959113889e-01
82.8449 2.361585019805948760e-01
82.8532 2.361471913945877021e-01
82.8615 2.361358792391636541e-01
82.8698 2.361245655144175448e-01
82.8781 2.361132502229182362e-01
82.8865 2.361019333657013164e-01
82.8948 2.360906149433310008e-01
82.9031 2.360792949571950683e-01
82.9114 2.360679734091518100e-01
82.9197 2.360566503004689343e-01
82.928 2.360453256313551629e-01
82.9363 2.360339994024888421e-01
82.9446 2.360226716172544315e-01
82.9529 2.360113422766808855e-01
82.9612 2.360000113796807686e-01
82.9695 2.359886789291640863e-01
82.9779 2.359773449256885314e-01
82.9862 2.359660093705160111e-01
82.9945 2.359546722666706620e-01
83.0028 2.359433336134147130e-01
83.0111 2.359319934117736772e-01
83.0194 2.359206516634758943e-01
83.0277 2.359093083704844329e-01
83.036 2.358979635331167057e-01
83.0443 2.358866171523950894e-01
83.0526 2.358752692302790444e-01
83.061 2.358639197675544974e-01
83.0693 2.358525687657097858e-01
83.0776 2.358412162252949973e-01
83.0859 2.358298621483831403e-01
83.0942 2.358185065355228871e-01
83.1025 2.358071493887852199e-01
83.1108 2.357957907087173677e-01
83.1191 2.357844304960998172e-01
83.1274 2.357730687525332047e-01
83.1357 2.357617054792649214e-01
83.1441 2.357503406782448518e-01
83.1524 2.357389743491967726e-01
83.1607 2.357276064943032157e-01
83.169 2.357162371146912794e-01
83.1773 2.357048662116050519e-01
83.1856 2.356934937855855727e-01
83.1939 2.356821198383434457e-01
83.2022 2.356707443712366401e-01
83.2105 2.356593673852724335e-01
83.2188 2.356479888818072133e-01
83.2272 2.356366088611458465e-01
83.2355 2.356252273253442997e-01
83.2438 2.356138442763412444e-01
83.2521 2.356024597132709009e-01
83.2604 2.355910736394716265e-01
83.2687 2.355796860546604810e-01
83.277 2.355682969603060672e-01
83.2853 2.355569063581083034e-01
83.2936 2.355455142487173081e-01
83.3019 2.355341206342978777e-01
83.3103 2.355227255147987198e-01
83.3186 2.355113288916835801e-01
83.3269 2.354999307675813558e-01
83.3352 2.354885311412729387e-01
83.3435 2.354771300148031932e-01
83.3518 2.354657273909137039e-01
83.3601 2.354543232686180931e-01
83.3684 2.354429176508891219e-01
83.3767 2.354315105377876582e-01
83.385 2.354201019303051035e-01
83.3934 2.354086918310622223e-01
83.4017 2.353972802395356001e-01
83.41 2.353858671577625516e-01
83.4183 2.353744525866149073e-01
83.4266 2.353630365287090465e-01
83.4349 2.353516189841011463e-01
83.4432 2.353401999519183774e-01
83.4515 2.353287794361686169e-01
83.4598 2.353173574377206700e-01
83.4681 2.353059339568611963e-01
83.4765 2.352945089949228519e-01
83.4848 2.352830825537009785e-01
83.4931 2.352716546340618831e-01
83.5014 2.352602252371025215e-01
83.5097 2.352487943633398970e-01
83.518 2.352373620146821775e-01
83.5263 2.352259281923409495e-01
83.5346 2.352144928974101989e-01
83.5429 2.352030561304044587e-01
83.5512 2.351916178940395563e-01
83.5595 2.351801781888283316e-01
83.5679 2.351687370147027278e-01
83.5762 2.351572943733339638e-01
83.5845 2.351458502680129070e-01
83.5928 2.351344046971645119e-01
83.6011 2.351229576625724349e-01
83.6094 2.351115091662512868e-01
83.6177 2.351000592096348651e-01
83.626 2.350886077931151896e-01
83.6343 2.350771549167363361e-01
83.6426 2.350657005832037516e-01
83.651 2.350542447953358483e-01
83.6593 2.350427875506308772e-01
83.6676 2.350313288522528909e-01
83.6759 2.350198687013997922e-01
83.6842 2.350084070978810946e-01
83.6925 2.349969440455509928e-01
83.7008 2.349854795436398525e-01
83.7091 2.349740135921877249e-01
83.7174 2.349625461943518345e-01
83.7257 2.349510773515560147e-01
83.7341 2.349396070636065315e-01
83.7424 2.349281353318110610e-01
83.7507 2.349166621579370229e-01
83.759 2.349051875427129732e-01
83.7673 2.348937114875588872e-01
83.7756 2.348822339941242787e-01
83.7839 2.348707550623285456e-01
83.7922 2.348592746937047393e-01
83.8005 2.348477928903610623e-01
83.8088 2.348363096524457017e-01
83.8172 2.348248249818347677e-01
83.8255 2.348133388786752818e-01
83.8338 2.348018513450720046e-01
83.8421 2.347903623817467478e-01
83.8504 2.347788719904567445e-01
83.8587 2.347673801713468233e-01
83.867 2.347558869257126146e-01
83.8753 2.347443922558840601e-01
83.8836 2.347328961610841980e-01
83.8919 2.347213986442164557e-01
83.9003 2.347098997062275483e-01
83.9086 2.346983993474892616e-01
83.9169 2.346868975692922021e-01
83.9252 2.346753943730413017e-01
83.9335 2.346638897595661744e-01
83.9418 2.346523837308442106e-01
83.9501 2.346408762864402586e-01
83.9584 2.346293674295932830e-01
83.9667 2.346178571605557206e-01
83.975 2.346063454783173241e-01
83.9834 2.345948323870322150e-01
83.9917 2.345833178871803704e-01
84 2.345718019797005394e-01
84.0083 2.345602846648425777e-01
84.0166 2.345487659449201900e-01
84.0249 2.345372458204113830e-01
84.0332 2.345257242917938301e-01
84.0415 2.345142013617220467e-01
84.0498 2.345026770315886411e-01
84.0581 2.344911513003798964e-01
84.0664 2.344796241706329776e-01
84.0748 2.344680956438528197e-01
84.0831 2.344565657198262598e-01
84.0914 2.344450344000572617e-01
84.0997 2.344335016875360722e-01
84.108 2.344219675822765414e-01
84.1163 2.344104320834919097e-01
84.1246 2.343988951943986876e-01
84.1329 2.343873569164958703e-01
84.1412 2.343758172493384528e-01
84.1495 2.343642761946531095e-01
84.1579 2.343527337540511624e-01
84.1662 2.343411899283431854e-01
84.1745 2.343296447190245657e-01
84.1828 2.343180981265617635e-01
84.1911 2.343065501517637150e-01
84.1994 2.342950007966946302e-01
84.2077 2.342834500623897920e-01
84.216 2.342718979494275711e-01
84.2243 2.342603444597551599e-01
84.2326 2.342487895939494025e-01
84.241 2.342372333523590477e-01
84.2493 2.342256757373847864e-01
84.2576 2.342141167499436072e-01
84.2659 2.342025563906103558e-01
84.2742 2.341909946614406102e-01
84.2825 2.341794315620962241e-01
84.2908 2.341678670950868846e-01
84.2991 2.341563012604152838e-01
84.3074 2.341447340601335581e-01
84.3157 2.341331654952678865e-01
84.3241 2.341215955658196013e-01
84.3324 2.341100242745210169e-01
84.3407 2.340984516214858480e-01
84.349 2.340868776076241997e-01
84.3573 2.340753022352100587e-01
84.3656 2.340637255037872899e-01
84.3739 2.340521474157418735e-01
84.3822 2.340405679723217280e-01
84.3905 2.340289871738648886e-01
84.3988 2.340174050213908175e-01
84.4072 2.340058215163727529e-01
84.4155 2.339942366599423451e-01
84.4238 2.339826504530032603e-01
84.4321 2.339710628971397310e-01
84.4404 2.339594739928000378e-01
84.4487 2.339478837419073642e-01
84.457 2.339362921449086863e-01
84.4653 2.339246992031582817e-01
84.4736 2.339131049172154531e-01
84.4819 2.339015092893402537e-01
84.4903 2.338899123197503982e-01
84.4986 2.338783140099105207e-01
84.5069 2.338667143603775089e-01
84.5152 2.338551133734074472e-01
84.5235 2.338435110491027813e-01
84.5318 2.338319073888115163e-01
84.5401 2.338203023937678038e-01
84.5484 2.338086960652047963e-01
84.5567 2.337970884033361840e-01
84.565 2.337854794097336819e-01
84.5733 2.337738690869861358e-01
84.5817 2.337622574349655924e-01
84.59 2.337506444538838823e-01
84.5983 2.337390301457617225e-01
84.6066 2.337274145118271584e-01
84.6149 2.337157975533074861e-01
84.6232 2.337041792700729759e-01
84.6315 2.336925596650448744e-01
84.6398 2.336809387378662728e-01
84.6481 2.336693164901007258e-01
84.6564 2.336576929237624001e-01
84.6648 2.336460680387189293e-01
84.6731 2.336344418364185993e-01
84.6814 2.336228143180828498e-01
84.6897 2.336111854834655166e-01
84.698 2.335995553362691102e-01
84.7063 2.335879238769227595e-01
84.7146 2.335762911046147805e-01
84.7229 2.335646570218038454e-01
84.7312 2.335530216301577866e-01
84.7395 2.335413849292020949e-01
84.7479 2.335297469215050770e-01
84.7562 2.335181076068166828e-01
84.7645 2.335064669877030819e-01
84.7728 2.334948250644763579e-01
84.7811 2.334831818371107537e-01
84.7894 2.334715373090702761e-01
84.7977 2.334598914799898006e-01
84.806 2.334482443505173921e-01
84.8143 2.334365959236631982e-01
84.8226 2.334249461986109275e-01
84.831 2.334132951762319108e-01
84.8393 2.334016428590835746e-01
84.8476 2.333899892483722871e-01
84.8559 2.333783343432808410e-01
84.8642 2.333666781467007845e-01
84.8725 2.333550206590501996e-01
84.8808 2.333433618820946187e-01
84.8891 2.333317018152400169e-01
84.8974 2.333200404601387945e-01
84.9057 2.333083778192277802e-01
84.9141 2.332967138926973494e-01
84.9224 2.332850486815235824e-01
84.9307 2.332733821870182911e-01
84.939 2.332617144088099947e-01
84.9473 2.332500453503405236e-01
84.9556 2.332383750121340971e-01
84.9639 2.332267033940418899e-01
84.9722 2.332150304977087252e-01
84.9805 2.332033563251144637e-01
84.9888 2.331916808762207749e-01
84.9972 2.331800041521098765e-01
85.0055 2.331683261548710417e-01
85.0138 2.331566468850244656e-01
85.0221 2.331449663426424790e-01
85.0304 2.331332845304834589e-01
85.0387 2.331216014481707066e-01
85.047 2.331099170973416623e-01
85.0553 2.330982314806394617e-01
85.0636 2.330865445960080273e-01
85.0719 2.330748564467604589e-01
85.0802 2.330631670339711747e-01
85.0886 2.330514763575964599e-01
85.0969 2.330397844190452983e-01
85.1052 2.330280912202846721e-01
85.1135 2.330163967607105646e-01
85.1218 2.330047010421768261e-01
85.1301 2.329930040668710955e-01
85.1384 2.329813058350813093e-01
85.1467 2.329696063473187806e-01
85.155 2.329579056045407159e-01
85.1633 2.329462036093776223e-01
85.1717 2.329345003608881970e-01
85.18 2.329227958610318172e-01
85.1883 2.329110901112091403e-01
85.1966 2.328993831120392266e-01
85.2049 2.328876748650326733e-01
85.2132 2.328759653713646238e-01
85.2215 2.328642546309837857e-01
85.2298 2.328525426453987579e-01
85.2381 2.328408294166739168e-01
85.2464 2.328291149446450603e-01
85.2548 2.328173992314863938e-01
85.2631 2.328056822765873501e-01
85.2714 2.327939640826773016e-01
85.2797 2.327822446502577913e-01
85.288 2.327705239802752846e-01
85.2963 2.327588020740093966e-01
85.3046 2.327470789310705224e-01
85.3129 2.327353545550724656e-01
85.3212 2.327236289452908335e-01
85.3295 2.327119021033358937e-01
85.3379 2.327001740304835142e-01
85.3462 2.326884447260088862e-01
85.3545 2.326767141941864236e-01
85.3628 2.326649824338456185e-01
85.3711 2.326532494464816636e-01
85.3794 2.326415152330339187e-01
85.3877 2.326297797946630108e-01
85.396 2.326180431324178788e-01
85.4043 2.326063052470138115e-01
85.4126 2.325945661406079445e-01
85.421 2.325828258136920512e-01
85.4293 2.325710842660925481e-01
85.4376 2.325593415000750119e-01
85.4459 2.325475975180143484e-01
85.4542 2.325358523178506776e-01
85.4625 2.325241059026228740e-01
85.4708 2.325123582730412308e-01
85.4791 2.325006094298154857e-01
85.4874 2.324888593752054700e-01
85.4957 2.324771081088120028e-01
85.5041 2.324653556320074588e-01
85.5124 2.324536019454996327e-01
85.5207 2.324418470514338086e-01
85.529 2.324300909506266943e-01
85.5373 2.324183336428985169e-01
85.5456 2.324065751309456751e-01
85.5539 2.323948154146977529e-01
85.5622 2.323830544958539746e-01
85.5705 2.323712923744537528e-01
85.5788 2.323595290517528889e-01
85.5871 2.323477645306627759e-01
85.5955 2.323359988104484186e-01
85.6038 2.323242318923625371e-01
85.6121 2.323124637773264223e-01
85.6204 2.323006944659291306e-01
85.6287 2.322889239608569578e-01
85.637 2.322771522622555929e-01
85.6453 2.322653793701610347e-01
85.6536 2.322536052873664381e-01
85.6619 2.322418300142373992e-01
85.6702 2.322300535510281871e-01
85.6786 2.322182758985451290e-01
85.6869 2.322064970607896905e-01
85.6952 2.321947170357001600e-01
85.7035 2.321829358245210972e-01
85.7118 2.321711534301492408e-01
85.7201 2.321593698526152050e-01
85.7284 2.321475850913997663e-01
85.7367 2.321357991493961659e-01
85.745 2.321240120281757024e-01
85.7533 2.321122237274369504e-01
85.7617 2.321004342479797700e-01
85.77 2.320886435914829293e-01
85.7783 2.320768517592947666e-01
85.7866 2.320650587525420194e-01
85.7949 2.320532645710322583e-01
85.8032 2.320414692171005600e-01
85.8115 2.320296726906634632e-01
85.8198 2.320178749932850226e-01
85.8281 2.320060761259797044e-01
85.8364 2.319942760899803558e-01
85.8448 2.319824748860802588e-01
85.8531 2.319706725146324644e-01
85.8614 2.319588689785153646e-01
85.8697 2.319470642764339119e-01
85.878 2.319352584112648052e-01
85.8863 2.319234513834680655e-01
85.8946 2.319116431938335332e-01
85.9029 2.318998338430401096e-01
85.9112 2.318880233331923335e-01
85.9195 2.318762116640904203e-01
85.9279 2.318643988366317910e-01
85.9362 2.318525848543422641e-01
85.9445 2.318407697153775926e-01
85.9528 2.318289534211803726e-01
85.9611 2.318171359741787174e-01
85.9694 2.318053173747176010e-01
85.9777 2.317934976230334732e-01
85.986 2.317816767210034712e-01
85.9943 2.317698546690817041e-01
86.0026 2.317580314692530563e-01
86.011 2.317462071218607533e-01
86.0193 2.317343816281223767e-01
86.0276 2.317225549883804303e-01
86.0359 2.317107272031952159e-01
86.0442 2.316988982759694560e-01
86.0525 2.316870682060591380e-01
86.0608 2.316752369943512746e-01
86.0691 2.316634046421685023e-01
86.0774 2.316515711506150210e-01
86.0857 2.316397365213392623e-01
86.094 2.316279007536968526e-01
86.1024 2.316160638493353630e-01
86.1107 2.316042258113208407e-01
86.119 2.315923866372605056e-01
86.1273 2.315805463296736477e-01
86.1356 2.315687048908588175e-01
86.1439 2.315568623197328813e-01
86.1522 2.315450186184841996e-01
86.1605 2.315331737883188634e-01
86.1688 2.315213278286978038e-01
86.1771 2.315094807426791024e-01
86.1855 2.314976325298316318e-01
86.1938 2.314857831914681752e-01
86.2021 2.314739327289000170e-01
86.2104 2.314620811432203940e-01
86.2187 2.314502284344325256e-01
86.227 2.314383746052615098e-01
86.2353 2.314265196553828563e-01
86.2436 2.314146635854522627e-01
86.2519 2.314028063979735594e-01
86.2602 2.313909480926218398e-01
86.2686 2.313790886710291317e-01
86.2769 2.313672281339572423e-01
86.2852 2.313553664829277323e-01
86.2935 2.313435037176143350e-01
86.3018 2.313316398404068053e-01
86.3101 2.313197748516298557e-01
86.3184 2.313079087532365630e-01
86.3267 2.312960415451161267e-01
86.335 2.312841732275913720e-01
86.3433 2.312723038038081713e-01
86.3517 2.312604332728938061e-01
86.36 2.312485616364726437e-01
86.3683 2.312366888958419242e-01
86.3766 2.312248150513221689e-01
86.3849 2.312129401049686783e-01
86.3932 2.312010640573176068e-01
86.4015 2.311891869079290007e-01
86.4098 2.311773086602651184e-01
86.4181 2.311654293142098582e-01
86.4264 2.311535488693222395e-01
86.4348 2.311416673290613844e-01
86.4431 2.311297846926599064e-01
86.4514 2.311179009611922242e-01
86.4597 2.311060161374638711e-01
86.468 2.310941302207067949e-01
86.4763 2.310822432115602065e-01
86.4846 2.310703551122861577e-01
86.4929 2.310584659235222771e-01
86.5012 2.310465756462301568e-01
86.5095 2.310346842808304602e-01
86.5179 2.310227918278515424e-01
86.5262 2.310108982908479491e-01
86.5345 2.309990036691570992e-01
86.5428 2.309871079623328771e-01
86.5511 2.309752111730627444e-01
86.5594 2.309633133027359231e-01
86.5677 2.309514143509049378e-01
86.576 2.309395143194981070e-01
86.5843 2.309276132092548950e-01
86.5926 2.309157110211302877e-01
86.6009 2.309038077567259206e-01
86.6093 2.308919034151612482e-01
86.6176 2.308799979993313434e-01
86.6259 2.308680915094334929e-01
86.6342 2.308561839464194632e-01
86.6425 2.308442753117795343e-01
86.6508 2.308323656056018025e-01
86.6591 2.308204548299140901e-01
86.6674 2.308085429845878611e-01
86.6757 2.307966300708953200e-01
86.684 2.307847160912924467e-01
86.6924 2.307728010447877010e-01
86.7007 2.307608849324359890e-01
86.709 2.307489677563678288e-01
86.7173 2.307370495175286029e-01
86.7256 2.307251302162172113e-01
86.7339 2.307132098528402453e-01
86.7422 2.307012884295249200e-01
86.7505 2.306893659469990698e-01
86.7588 2.306774424060974438e-01
86.7671 2.306655178079768664e-01
86.7755 2.306535921528260757e-01
86.7838 2.306416654414786271e-01
86.7921 2.306297376761639040e-01
86.8004 2.306178088582505614e-01
86.8087 2.306058789878177862e-01
86.817 2.305939480646224948e-01
86.8253 2.305820160903541971e-01
86.8336 2.305700830672380852e-01
86.8419 2.305581489955658703e-01
86.8502 2.305462138756295409e-01
86.8586 2.305342777089005868e-01
86.8669 2.305223404960989597e-01
86.8752 2.305104022390163099e-01
86.8835 2.304984629376207461e-01
86.8918 2.304865225924161709e-01
86.9001 2.304745812062641008e-01
86.9084 2.304626387791307296e-01
86.9167 2.304506953118397872e-01
86.925 2.304387508048929001e-01
86.9333 2.304268052602907180e-01
86.9417 2.304148586775700003e-01
86.95 2.304029110595862406e-01
86.9583 2.303909624058752548e-01
86.9666 2.303790127171503055e-01
86.9749 2.303670619963707755e-01
86.9832 2.303551102424295782e-01
86.9915 2.303431574562522510e-01
86.9998 2.303312036405814056e-01
87.0081 2.303192487953783785e-01
87.0164 2.303072929211390507e-01
87.0248 2.302953360193205623e-01
87.0331 2.302833780903109639e-01
87.0414 2.302714191362068841e-01
87.0497 2.302594591573950134e-01
87.058 2.302474981543685406e-01
87.0663 2.302355361280472579e-01
87.0746 2.302235730804179092e-01
87.0829 2.302116090112246993e-01
87.0912 2.301996439217059709e-01
87.0995 2.301876778138458868e-01
87.1078 2.301757106882406645e-01
87.1162 2.301637425447398966e-01
87.1245 2.301517733847923963e-01
87.1328 2.301398032090999357e-01
87.1411 2.301278320196428195e-01
87.1494 2.301158598176539227e-01
87.1577 2.301038866012760364e-01
87.166 2.300919123741918537e-01
87.1743 2.300799371380582159e-01
87.1826 2.300679608898461292e-01
87.1909 2.300559836336610042e-01
87.1993 2.300440053708382171e-01
87.2076 2.300320261002647693e-01
87.2159 2.300200458229564315e-01
87.2242 2.300080645418427772e-01
87.2325 2.299960822576182229e-01
87.2408 2.299840989687436943e-01
87.2491 2.299721146780399350e-01
87.2574 2.299601293868379359e-01
87.2657 2.299481430946608840e-01
87.274 2.299361558034763997e-01
87.2824 2.299241675147193908e-01
87.2907 2.299121782273810810e-01
87.299 2.299001879436392282e-01
87.3073 2.298881966646082742e-01
87.3156 2.298762043908713359e-01
87.3239 2.298642111239662111e-01
87.3322 2.298522168639441088e-01
87.3405 2.298402216124477981e-01
87.3488 2.298282253698458455e-01
87.3571 2.298162281374612204e-01
87.3655 2.298042299160860114e-01
87.3738 2.297922307056633751e-01
87.3821 2.297802305099524434e-01
87.3904 2.297682293269872333e-01
87.3987 2.297562271578760251e-01
87.407 2.297442240058446550e-01
87.4153 2.297322198698804330e-01
87.4236 2.297202147515128856e-01
87.4319 2.297082086520586541e-01
87.4402 2.296962015710342642e-01
87.4486 2.296841935108137889e-01
87.4569 2.296721844726059558e-01
87.4652 2.296601744558200986e-01
87.4735 2.296481634617701106e-01
87.4818 2.296361514919803559e-01
87.4901 2.296241385477626740e-01
87.4984 2.296121246289482554e-01
87.5067 2.296001097369536614e-01
87.515 2.295880938733003140e-01
87.5233 2.295760770379237370e-01
87.5317 2.295640592317104156e-01
87.54 2.295520404558628047e-01
87.5483 2.295400207120051883e-01
87.5566 2.295280000004937537e-01
87.5649 2.295159783223179872e-01
87.5732 2.295039556781498236e-01
87.5815 2.294919320695052167e-01
87.5898 2.294799074964219698e-01
87.5981 2.294678819603092057e-01
87.6064 2.294558554624696045e-01
87.6147 2.294438280031505517e-01
87.6231 2.294317995840751967e-01
87.6314 2.294197702054901200e-01
87.6397 2.294077398679577884e-01
87.648 2.293957085734097678e-01
87.6563 2.293836763216700048e-01
87.6646 2.293716431153003665e-01
87.6729 2.293596089534920834e-01
87.6812 2.293475738377525053e-01
87.6895 2.293355377695882880e-01
87.6978 2.293235007489264066e-01
87.7062 2.293114627773774894e-01
87.7145 2.292994238553940078e-01
87.7228 2.292873839850055051e-01
87.7311 2.292753431654012963e-01
87.7394 2.292633013986097312e-01
87.7477 2.292512586856067514e-01
87.756 2.292392150263166672e-01
87.7643 2.292271704227654139e-01
87.7726 2.292151248757168802e-01
87.7809 2.292030783860393994e-01
87.7893 2.291910309536559776e-01
87.7976 2.291789825804841363e-01
87.8059 2.291669332670758785e-01
87.8142 2.291548830137727366e-01
87.8225 2.291428318237490047e-01
87.8308 2.291307796948267861e-01
87.8391 2.291187266304936243e-01
87.8474 2.291066726303543910e-01
87.8557 2.290946176951678126e-01
87.864 2.290825618269498876e-01
87.8724 2.290705050244663810e-01
87.8807 2.290584472907801483e-01
87.889 2.290463886262281701e-01
87.8973 2.290343290313564539e-01
87.9056 2.290222685075486431e-01
87.9139 2.290102070549310254e-01
87.9222 2.289981446747813565e-01
87.9305 2.289860813683765872e-01
87.9388 2.289740171363646992e-01
87.9471 2.289619519794983404e-01
87.9555 2.289498858989477414e-01
87.9638 2.289378188950457749e-01
87.9721 2.289257509695891701e-01
87.9804 2.289136821236414376e-01
87.9887 2.289016123563839822e-01
87.997 2.288895416690890083e-01
88.0053 2.288774700648042448e-01
88.0136 2.288653975434411236e-01
88.0219 2.288533241040756616e-01
88.0302 2.288412497489174524e-01
88.0386 2.288291744795482585e-01
88.0469 2.288170982968177336e-01
88.0552 2.288050212006359774e-01
88.0635 2.287929431912260614e-01
88.0718 2.287808642719410257e-01
88.0801 2.287687844419590277e-01
88.0884 2.287567037020232508e-01
88.0967 2.287446220540234609e-01
88.105 2.287325394983885929e-01
88.1133 2.287204560348176374e-01
88.1216 2.287083716659278065e-01
88.13 2.286962863935013135e-01
88.1383 2.286842002159848730e-01
88.1466 2.286721131347435321e-01
88.1549 2.286600251517654503e-01
88.1632 2.286479362677887872e-01
88.1715 2.286358464818849801e-01
88.1798 2.286237557968736345e-01
88.1881 2.286116642134905785e-01
88.1964 2.285995717326800014e-01
88.2047 2.285874783543444255e-01
88.2131 2.285753840796353742e-01
88.2214 2.285632889097028719e-01
88.2297 2.285511928459047215e-01
88.238 2.285390958885576973e-01
88.2463 2.285269980390185196e-01
88.2546 2.285148992976029914e-01
88.2629 2.285027996652509996e-01
88.2712 2.284906991424855704e-01
88.2795 2.284785977308685101e-01
88.2878 2.284664954323751551e-01
88.2962 2.284543922460738341e-01
88.3045 2.284422881724856302e-01
88.3128 2.284301832140000488e-01
88.3211 2.284180773715515922e-01
88.3294 2.284059706448303695e-01
88.3377 2.283938630349776622e-01
88.346 2.283817545433423912e-01
88.3543 2.283696451721010101e-01
88.3626 2.283575349184540915e-01
88.3709 2.283454237868576542e-01
88.3793 2.283333117763775011e-01
88.3876 2.283211988883585564e-01
88.3959 2.283090851241454944e-01
88.4042 2.282969704834245939e-01
88.4125 2.282848549685748407e-01
88.4208 2.282727385790746244e-01
88.4291 2.282606213168873466e-01
88.4374 2.282485031821117338e-01
88.4457 2.282363841760887135e-01
88.454 2.282242642997438231e-01
88.4624 2.282121435529686770e-01
88.4707 2.282000219383424067e-01
88.479 2.281878994549284556e-01
88.4873 2.281757761053044009e-01
88.4956 2.281636518895664989e-01
88.5039 2.281515268082236481e-01
88.5122 2.281394008626117242e-01
88.5205 2.281272740534449062e-01
88.5288 2.281151463808185897e-01
88.5371 2.281030178466852687e-01
88.5455 2.280908884529972425e-01
88.5538 2.280787581984019818e-01
88.5621 2.280666270846443411e-01
88.5704 2.280544951122293051e-01
88.5787 2.280423622824874486e-01
88.587 2.280302285967476250e-01
88.5953 2.280180940548950930e-01
88.6036 2.280059586576393127e-01
88.6119 2.279938224075450659e-01
88.6202 2.279816853038772462e-01
88.6285 2.279695473477564294e-01
88.6369 2.279574085405079165e-01
88.6452 2.279452688826328066e-01
88.6535 2.279331283744252257e-01
88.6618 2.279209870192685228e-01
88.6701 2.279088448149844404e-01
88.6784 2.278967017635138148e-01
88.6867 2.278845578665895377e-01
88.695 2.278724131234749484e-01
88.7033 2.278602675369304220e-01
88.7116 2.278481211060131573e-01
88.72 2.278359738324533257e-01
88.7283 2.278238257173642034e-01
88.7366 2.278116767602128556e-01
88.7449 2.277995269645780307e-01
88.7532 2.277873763297200704e-01
88.7615 2.277752248551062064e-01
88.7698 2.277630725428735903e-01
88.7781 2.277509193949530941e-01
88.7864 2.277387654103992798e-01
88.7947 2.277266105911419924e-01
88.8031 2.277144549378775362e-01
88.8114 2.277022984510972681e-01
88.8197 2.276901411323175584e-01
88.828 2.276779829816183431e-01
88.8363 2.276658240001045719e-01
88.8446 2.276536641892909218e-01
88.8529 2.276415035492554972e-01
88.8612 2.276293420811019153e-01
88.8695 2.276171797855225110e-01
88.8778 2.276050166630049498e-01
88.8862 2.275928527158796733e-01
88.8945 2.275806879440182839e-01
88.9028 2.275685223468824347e-01
88.9111 2.275563559276201908e-01
88.9194 2.275441886865108287e-01
88.9277 2.275320206242435472e-01
88.936 2.275198517417111044e-01
88.9443 2.275076820383741261e-01
88.9526 2.274955115165568087e-01
88.9609 2.274833401775598618e-01
88.9693 2.274711680210466380e-01
88.9776 2.274589950483168199e-01
88.9859 2.274468212608733164e-01
88.9942 2.274346466581744775e-01
89.0025 2.274224712419265770e-01
89.0108 2.274102950128135958e-01
89.0191 2.273981179709059774e-01
89.0274 2.273859401191334617e-01
89.0357 2.273737614567482024e-01
89.044 2.273615819852488340e-01
89.0524 2.273494017049082772e-01
89.0607 2.273372206166113796e-01
89.069 2.273250387212426005e-01
89.0773 2.273128560196856218e-01
89.0856 2.273006725134355255e-01
89.0939 2.272884882025590358e-01
89.1022 2.272763030883460100e-01
89.1105 2.272641171718816633e-01
89.1188 2.272519304530277451e-01
89.1271 2.272397429326648843e-01
89.1354 2.272275546124881140e-01
89.1438 2.272153654935802347e-01
89.1521 2.272031755760049176e-01
89.1604 2.271909848600297821e-01
89.1687 2.271787933473471965e-01
89.177 2.271666010400550662e-01
89.1853 2.271544079361806356e-01
89.1936 2.271422140384315447e-01
89.2019 2.271300193468694939e-01
89.2102 2.271178238637930336e-01
89.2185 2.271056275890593612e-01
89.2269 2.270934305215090709e-01
89.2352 2.270812326648621871e-01
89.2435 2.270690340193810830e-01
89.2518 2.270568345849218461e-01
89.2601 2.270446343627626207e-01
89.2684 2.270324333545868656e-01
89.2767 2.270202315600464149e-01
89.285 2.270080289802143547e-01
89.2933 2.269958256163662480e-01
89.3016 2.269836214683561282e-01
89.31 2.269714165384729976e-01
89.3183 2.269592108271785424e-01
89.3266 2.269470043345284127e-01
89.3349 2.269347970617951737e-01
89.3432 2.269225890096421283e-01
89.3515 2.269103801787322738e-01
89.3598 2.268981705703362883e-01
89.3681 2.268859601859264385e-01
89.3764 2.268737490251506728e-01
89.3847 2.268615370888726890e-01
89.3931 2.268493243783605007e-01
89.4014 2.268371108940715752e-01
89.4097 2.268248966384874554e-01
89.418 2.268126816102420396e-01
89.4263 2.268004658106013427e-01
89.4346 2.267882492420445484e-01
89.4429 2.267760319023958693e-01
89.4512 2.267638137951449306e-01
89.4595 2.267515949203409431e-01
89.4678 2.267393752778307792e-01
89.4762 2.267271548704939688e-01
89.4845 2.267149336973677543e-01
89.4928 2.267027117593088115e-01
89.5011 2.266904890591938115e-01
89.5094 2.266782655954530934e-01
89.5177 2.266660413691438947e-01
89.526 2.266538163823324792e-01
89.5343 2.266415906352664544e-01
89.5426 2.266293641283953220e-01
89.5509 2.266171368633792260e-01
89.5593 2.266049088406663636e-01
89.5676 2.265926800605029823e-01
89.5759 2.265804505239421562e-01
89.5842 2.265682202324394989e-01
89.5925 2.265559891860380592e-01
89.6008 2.265437573853859576e-01
89.6091 2.265315248333480969e-01
89.6174 2.265192915289581110e-01
89.6257 2.265070574722580776e-01
89.634 2.264948226655059682e-01
89.6423 2.264825871091455667e-01
89.6507 2.264703508042243962e-01
89.659 2.264581137515879750e-01
89.6673 2.264458759508735097e-01
89.6756 2.264336374043349753e-01
89.6839 2.264213981116087737e-01
89.6922 2.264091580743435861e-01
89.7005 2.263969172935834107e-01
89.7088 2.263846757691650446e-01
89.7171 2.263724335027349210e-01
89.7254 2.263601904947322996e-01
89.7338 2.263479467466010808e-01
89.7421 2.263357022577745237e-01
89.7504 2.263234570302986304e-01
89.7587 2.263112110642087615e-01
89.767 2.262989643607457857e-01
89.7753 2.262867169205469431e-01
89.7836 2.262744687452531434e-01
89.7919 2.262622198344967916e-01
89.8002 2.262499701887133174e-01
89.8085 2.262377198105453846e-01
89.8169 2.262254686994235875e-01
89.8252 2.262132168567849988e-01
89.8335 2.262009642826617317e-01
89.8418 2.261887109786902550e-01
89.8501 2.261764569459043250e-01
89.8584 2.261642021831322125e-01
89.8667 2.261519466932111200e-01
89.875 2.261396904771731386e-01
89.8833 2.261274335344467534e-01
89.8916 2.261151758654626753e-01
89.9 2.261029174730542213e-01
89.9083 2.260906583568492723e-01
89.9166 2.260783985168764998e-01
89.9249 2.260661379549658290e-01
89.9332 2.260538766721454929e-01
89.9415 2.260416146688428163e-01
89.9498 2.260293519458851097e-01
89.9581 2.260170885032988519e-01
89.9664 2.260048243433104009e-01
89.9747 2.259925594657453130e-01
89.9831 2.259802938714289555e-01
89.9914 2.259680275617854950e-01
89.9997 2.259557605376387723e-01
90.008 2.259434927980141228e-01
90.0163 2.259312243453332758e-01
90.0246 2.259189551808179208e-01
90.0329 2.259066853040917200e-01
90.0412 2.258944147165751759e-01
90.0495 2.258821434188897359e-01
90.0578 2.258698714118557160e-01
90.0662 2.258575986962929882e-01
90.0745 2.258453252732205707e-01
90.0828 2.258330511428586762e-01
90.0911 2.258207763060258721e-01
90.0994 2.258085007643376718e-01
90.1077 2.257962245184118588e-01
90.116 2.257839475676696739e-01
90.1243 2.257716699141238126e-01
90.1326 2.257593915595859924e-01
90.1409 2.257471125022812442e-01
90.1492 2.257348327442199876e-01
90.1576 2.257225522866146972e-01
90.1659 2.257102711306772092e-01
90.1742 2.256979892762249751e-01
90.1825 2.256857067244688597e-01
90.1908 2.256734234756239688e-01
90.1991 2.256611395309000567e-01
90.2074 2.256488548907104319e-01
90.2157 2.256365695572580821e-01
90.224 2.256242835295628468e-01
90.2323 2.256119968092300254e-01
90.2407 2.255997093972672840e-01
90.249 2.255874212932907907e-01
90.2573 2.255751324998971075e-01
90.2656 2.255628430170986964e-01
90.2739 2.255505528447094010e-01
90.2822 2.255382619843304959e-01
90.2905 2.255259704377605423e-01
90.2988 2.255136782038195675e-01
90.3071 2.255013852841068200e-01
90.3154 2.254890916798235889e-01
90.3238 2.254767973913770485e-01
90.3321 2.254645024199672665e-01
90.3404 2.254522067656037076e-01
90.3487 2.254399104298821510e-01
90.357 2.254276134136042886e-01
90.3653 2.254153157155892317e-01
90.3736 2.254030173392148895e-01
90.3819 2.253907182852810664e-01
90.3902 2.253784185516156668e-01
90.3985 2.253661181417918324e-01
90.4069 2.253538170556177722e-01
90.4152 2.253415152936939780e-01
90.4235 2.253292128576101505e-01
90.4318 2.253169097471737770e-01
90.4401 2.253046059639733922e-01
90.4484 2.252923015078157898e-01
90.4567 2.252799963804862915e-01
90.465 2.252676905821864861e-01
90.4733 2.252553841143044300e-01
90.4816 2.252430769766457785e-01
90.49 2.252307691700046188e-01
90.4983 2.252184606967552738e-01
90.5066 2.252061515563068828e-01
90.5149 2.251938417488591748e-01
90.5232 2.251815312767845578e-01
90.5315 2.251692201402812898e-01
90.5398 2.251569083393503423e-01
90.5481 2.251445958749796195e-01
90.5564 2.251322827491433198e-01
90.5647 2.251199689616434629e-01
90.5731 2.251076545130716589e-01
90.5814 2.250953394052025713e-01
90.5897 2.250830236376401283e-01
90.598 2.250707072113691254e-01
90.6063 2.250583901277678212e-01
90.6146 2.250460723868337454e-01
90.6229 2.250337539909295359e-01
90.6312 2.250214349386722434e-01
90.6395 2.250091152318322019e-01
90.6478 2.249967948711936172e-01
90.6561 2.249844738581309733e-01
90.6645 2.249721521926396073e-01
90.6728 2.249598298745178471e-01
90.6811 2.249475069067136956e-01
90.6894 2.249351832888275282e-01
90.6977 2.249228590216406365e-01
90.706 2.249105341059337293e-01
90.7143 2.248982085422903676e-01
90.7226 2.248858823318837241e-01
90.7309 2.248735554756896571e-01
90.7392 2.248612279735034969e-01
90.7476 2.248488998274799644e-01
90.7559 2.248365710370203996e-01
90.7642 2.248242416032957269e-01
90.7725 2.248119115280644564e-01
90.7808 2.247995808111209193e-01
90.7891 2.247872494522585030e-01
90.7974 2.247749174538242467e-01
90.8057 2.247625848171810603e-01
90.814 2.247502515407479584e-01
90.8223 2.247379176270648538e-01
90.8307 2.247255830763167372e-01
90.839 2.247132478892758245e-01
90.8473 2.247009120671071836e-01
90.8556 2.246885756096015652e-01
90.8639 2.246762385179230659e-01
90.8722 2.246639007942141941e-01
90.8805 2.246515624376772546e-01
90.8888 2.246392234490818540e-01
90.8971 2.246268838295897297e-01
90.9054 2.246145435799692114e-01
90.9138 2.246022027002057830e-01
90.9221 2.245898611928293376e-01
90.9304 2.245775190578239433e-01
90.9387 2.245651762947817598e-01
90.947 2.245528329052526029e-01
90.9553 2.245404888905889462e-01
90.9636 2.245281442511651016e-01
90.9719 2.245157989869631665e-01
90.9802 2.245034530999215072e-01
90.9885 2.244911065908033188e-01
90.9969 2.244787594588084356e-01
91.0052 2.244664117052861951e-01
91.0135 2.244540633327581636e-01
91.0218 2.244417143404223436e-01
91.0301 2.244293647278686188e-01
91.0384 2.244170144983971826e-01
91.0467 2.244046636515966697e-01
91.055 2.243923121870554371e-01
91.0633 2.243799601084615625e-01
91.0716 2.243676074130601661e-01
91.08 2.243552541047328652e-01
91.0883 2.243429001818955382e-01
91.0966 2.243305456455017000e-01
91.1049 2.243181904982584907e-01
91.1132 2.243058347393623864e-01
91.1215 2.242934783697641821e-01
91.1298 2.242811213902199119e-01
91.1381 2.242687638012895446e-01
91.1464 2.242564056045074639e-01
91.1547 2.242440468000428400e-01
91.163 2.242316873884549200e-01
91.1714 2.242193273704967682e-01
91.1797 2.242069667477001316e-01
91.188 2.241946055198434651e-01
91.1963 2.241822436882628389e-01
91.2046 2.241698812529307472e-01
91.2129 2.241575182159604163e-01
91.2212 2.241451545777123910e-01
91.2295 2.241327903375751329e-01
91.2378 2.241204254976594257e-01
91.2461 2.241080600579364035e-01
91.2545 2.240956940191544122e-01
91.2628 2.240833273828390093e-01
91.2711 2.240709601501256754e-01
91.2794 2.240585923200130170e-01
91.2877 2.240462238946069606e-01
91.296 2.240338548738768365e-01
91.3043 2.240214852581797200e-01
91.3126 2.240091150505907069e-01
91.3209 2.239967442499121442e-01
91.3292 2.239843728557243674e-01
91.3376 2.239720008712934862e-01
91.3459 2.239596282961985041e-01
91.3542 2.239472551309877602e-01
91.3625 2.239348813769855007e-01
91.3708 2.239225070347390101e-01
91.3791 2.239101321040206094e-01
91.3874 2.238977565869276765e-01
91.3957 2.238853804842002859e-01
91.404 2.238730037956090380e-01
91.4123 2.238606265222811698e-01
91.4207 2.238482486651486580e-01
91.429 2.238358702245628884e-01
91.4373 2.238234912008743027e-01
91.4456 2.238111115963692110e-01
91.4539 2.237987314112031279e-01
91.4622 2.237863506457257179e-01
91.4705 2.237739692991248253e-01
91.4788 2.237615873750383455e-01
91.4871 2.237492048718795756e-01
91.4954 2.237368217925106983e-01
91.5038 2.237244381365048329e-01
91.5121 2.237120539036295264e-01
91.5204 2.236996690963571899e-01
91.5287 2.236872837136814895e-01
91.537 2.236748977586527354e-01
91.5453 2.236625112294913509e-01
91.5536 2.236501241284737096e-01
91.5619 2.236377364561374648e-01
91.5702 2.236253482126333292e-01
91.5785 2.236129593994635456e-01
91.5869 2.236005700171639077e-01
91.5952 2.235881800654987428e-01
91.6035 2.235757895461610856e-01
91.6118 2.235633984598786594e-01
91.6201 2.235510068069931355e-01
91.6284 2.235386145884243336e-01
91.6367 2.235262218052840866e-01
91.645 2.235138284573347511e-01
91.6533 2.235014345454946205e-01
91.6616 2.234890400718375636e-01
91.6699 2.234766450355465395e-01
91.6783 2.234642494379239508e-01
91.6866 2.234518532795006507e-01
91.6949 2.234394565609999772e-01
91.7032 2.234270592841069436e-01
91.7115 2.234146614487737548e-01
91.7198 2.234022630545675903e-01
91.7281 2.233898641039417376e-01
91.7364 2.233774645970395822e-01
91.7447 2.233650645341970498e-01
91.753 2.233526639167107974e-01
91.7614 2.233402627453001665e-01
91.7697 2.233278610204917913e-01
91.778 2.233154587430041804e-01
91.7863 2.233030559127868464e-01
91.7946 2.232906525315181134e-01
91.8029 2.232782486002991285e-01
91.8112 2.232658441183099085e-01
91.8195 2.232534390879951092e-01
91.8278 2.232410335093020226e-01
91.8361 2.232286273827540912e-01
91.8445 2.232162207086824113e-01
91.8528 2.232038134889524905e-01
91.8611 2.231914057235107052e-01
91.8694 2.231789974126870135e-01
91.8777 2.231665885585366604e-01
91.886 2.231541791606215241e-01
91.8943 2.231417692202287417e-01
91.9026 2.231293587380697441e-01
91.9109 2.231169477140891033e-01
91.9192 2.231045361495722634e-01
91.9276 2.230921240452295451e-01
91.9359 2.230797114019619776e-01
91.9442 2.230672982210530619e-01
91.9525 2.230548845011055270e-01
91.9608 2.230424702447421081e-01
91.9691 2.230300554520964484e-01
91.9774 2.230176401238758155e-01
91.9857 2.230052242605958523e-01
91.994 2.229928078637280486e-01
92.0023 2.229803909328308409e-01
92.0107 2.229679734693748028e-01
92.019 2.229555554742559398e-01
92.0273 2.229431369474144109e-01
92.0356 2.229307178895544306e-01
92.0439 2.229182983025262965e-01
92.0522 2.229058781858866967e-01
92.0605 2.228934575418664021e-01
92.0688 2.228810363684939344e-01
92.0771 2.228686146676175650e-01
92.0854 2.228561924426111229e-01
92.0938 2.228437696911208521e-01
92.1021 2.228313464136568445e-01
92.1104 2.228189226126367217e-01
92.1187 2.228064982887595358e-01
92.127 2.227940734413892954e-01
92.1353 2.227816480710342051e-01
92.1436 2.227692221802993200e-01
92.1519 2.227567957685475664e-01
92.1602 2.227443688372387209e-01
92.1685 2.227319413864977116e-01
92.1768 2.227195134162590351e-01
92.1852 2.227070849279809139e-01
92.1935 2.226946559235014056e-01
92.2018 2.226822264025630771e-01
92.2101 2.226697963658604840e-01
92.2184 2.226573658133263467e-01
92.2267 2.226449347460352501e-01
92.235 2.226325031662026999e-01
92.2433 2.226200710728087895e-01
92.2516 2.226076384667363406e-01
92.2599 2.225952053494378857e-01
92.2683 2.225827717212245926e-01
92.2766 2.225703375827871311e-01
92.2849 2.225579029350061577e-01
92.2932 2.225454677780015766e-01
92.3015 2.225330321132230893e-01
92.3098 2.225205959400300693e-01
92.3181 2.225081592612007109e-01
92.3264 2.224957220757137200e-01
92.3347 2.224832843852064534e-01
92.343 2.224708461905558765e-01
92.3514 2.224584074914996989e-01
92.3597 2.224459682887247047e-01
92.368 2.224335285838655307e-01
92.3763 2.224210883768487357e-01
92.3846 2.224086476683597435e-01
92.3929 2.223962064600311650e-01
92.4012 2.223837647517886429e-01
92.4095 2.223713225448845920e-01
92.4178 2.223588798386755550e-01
92.4261 2.223464366347922272e-01
92.4345 2.223339929344851362e-01
92.4428 2.223215487372997290e-01
92.4511 2.223091040452431499e-01
92.4594 2.222966588578601799e-01
92.4677 2.222842131756422868e-01
92.476 2.222717670004054902e-01
92.4843 2.222593203315046950e-01
92.4926 2.222468731717005819e-01
92.5009 2.222344255201581520e-01
92.5092 2.222219773767992457e-01
92.5176 2.222095287440043199e-01
92.5259 2.221970796218832034e-01
92.5342 2.221846300107348238e-01
92.5425 2.221721799114250440e-01
92.5508 2.221597293250078264e-01
92.5591 2.221472782514031241e-01
92.5674 2.221348266922309189e-01
92.5757 2.221223746479769057e-01
92.584 2.221099221187488593e-01
92.5923 2.220974691061649020e-01
92.6007 2.220850156090105887e-01
92.609 2.220725616296581328e-01
92.6173 2.220601071693460993e-01
92.6256 2.220476522268595432e-01
92.6339 2.220351968045682356e-01
92.6422 2.220227409025774257e-01
92.6505 2.220102845202379660e-01
92.6588 2.219978276602945499e-01
92.6671 2.219853703220973640e-01
92.6754 2.219729125070697973e-01
92.6837 2.219604542158808980e-01
92.6921 2.219479954486340001e-01
92.7004 2.219355362054323266e-01
92.7087 2.219230764895806229e-01
92.717 2.219106162989210318e-01
92.7253 2.218981556352504492e-01
92.7336 2.218856944997998903e-01
92.7419 2.218732328913533558e-01
92.7502 2.218607708133992218e-01
92.7585 2.218483082643445403e-01
92.7668 2.218358452461708930e-01
92.7752 2.218233817587900725e-01
92.7835 2.218109178024899875e-01
92.7918 2.217984533792502488e-01
92.8001 2.217859884891694722e-01
92.8084 2.217735231319707123e-01
92.8167 2.217610573098193205e-01
92.825 2.217485910235645064e-01
92.8333 2.217361242727401704e-01
92.8416 2.217236570570683685e-01
92.8499 2.217111893788998034e-01
92.8583 2.216987212398325580e-01
92.8666 2.216862526384610621e-01
92.8749 2.216737835754447605e-01
92.8832 2.216613140529434256e-01
92.8915 2.216488440710520647e-01
92.8998 2.216363736306159737e-01
92.9081 2.216239027313545717e-01
92.9164 2.216114313746750386e-01
92.9247 2.215989595614211993e-01
92.933 2.215864872913117234e-01
92.9414 2.215740145666889038e-01
92.9497 2.215615413874580386e-01
92.958 2.215490677533371033e-01
92.9663 2.215365936653552748e-01
92.9746 2.215241191252899366e-01
92.9829 2.215116441334197550e-01
92.9912 2.214991686890872280e-01
92.9995 2.214866927948167252e-01
93.0078 2.214742164501373456e-01
93.0161 2.214617396555137174e-01
93.0245 2.214492624129065501e-01
93.0328 2.214367847222182550e-01
93.0411 2.214243065837251390e-01
93.0494 2.214118279975164638e-01
93.0577 2.213993489659244474e-01
93.066 2.213868694892239253e-01
93.0743 2.213743895676896778e-01
93.0826 2.213619092017831136e-01
93.0909 2.213494283927124329e-01
93.0992 2.213369471411247846e-01
93.1076 2.213244654463600580e-01
93.1159 2.213119833101852840e-01
93.1242 2.212995007339930154e-01
93.1325 2.212870177176819719e-01
93.1408 2.212745342611512067e-01
93.1491 2.212620503661649751e-01
93.1574 2.212495660335539183e-01
93.1657 2.212370812630293226e-01
93.174 2.212245960554213575e-01
93.1823 2.212121104117460435e-01
93.1906 2.211996243324595435e-01
93.199 2.211871378185767956e-01
93.2073 2.211746508707394254e-01
93.2156 2.211621634890298116e-01
93.2239 2.211496756746478831e-01
93.2322 2.211371874282338779e-01
93.2405 2.211246987500554984e-01
93.2488 2.211122096403803083e-01
93.2571 2.210997201011504487e-01
93.2654 2.210872301326323452e-01
93.2737 2.210747397347199439e-01
93.2821 2.210622489084234643e-01
93.2904 2.210497576551244681e-01
93.2987 2.210372659739721912e-01
93.307 2.210247738670910178e-01
93.3153 2.210122813345591908e-01
93.3236 2.209997883773844318e-01
93.3319 2.209872949960159649e-01
93.3402 2.209748011903457099e-01
93.3485 2.209623069615658519e-01
93.3568 2.209498123114245760e-01
93.3652 2.209373172383273520e-01
93.3735 2.209248217440215878e-01
93.3818 2.209123258311821991e-01
93.3901 2.208998294969145015e-01
93.3984 2.208873327446348178e-01
93.4067 2.208748355736753766e-01
93.415 2.208623379842967749e-01
93.4233 2.208498399787988120e-01
93.4316 2.208373415550304586e-01
93.4399 2.208248427169590133e-01
93.4483 2.208123434642868532e-01
93.4566 2.207998437961599392e-01
93.4649 2.207873437139487860e-01
93.4732 2.207748432190224930e-01
93.4815 2.207623423114531691e-01
93.4898 2.207498409914977477e-01
93.4981 2.207373392607094309e-01
93.5064 2.207248371193439862e-01
93.5147 2.207123345680278848e-01
93.523 2.206998316070163946e-01
93.5314 2.206873282373054412e-01
93.5397 2.206748244600744702e-01
93.548 2.206623202753932589e-01
93.5563 2.206498156835156321e-01
93.5646 2.206373106859902955e-01
93.5729 2.206248052825156847e-01
93.5812 2.206122994748240251e-01
93.5895 2.205997932633523562e-01
93.5978 2.205872866468752136e-01
93.6061 2.205747796287854390e-01
93.6145 2.205622722087804688e-01
93.6228 2.205497643858186085e-01
93.6311 2.205372561625520145e-01
93.6394 2.205247475401538038e-01
93.6477 2.205122385168438726e-01
93.656 2.204997290945332755e-01
93.6643 2.204872192740255921e-01
93.6726 2.204747090564919132e-01
93.6809 2.204621984408902668e-01
93.6892 2.204496874289446628e-01
93.6975 2.204371760218253040e-01
93.7059 2.204246642205169859e-01
93.7142 2.204121520226867970e-01
93.7225 2.203996394315310692e-01
93.7308 2.203871264474808467e-01
93.7391 2.203746130713348239e-01
93.7474 2.203620993029708486e-01
93.7557 2.203495851424505936e-01
93.764 2.203370705924135031e-01
93.7723 2.203245556510791403e-01
93.7806 2.203120403209016809e-01
93.789 2.202995246035970023e-01
93.7973 2.202870084964651809e-01
93.8056 2.202744920012220387e-01
93.8139 2.202619751199506870e-01
93.8222 2.202494578538128633e-01
93.8305 2.202369402008448329e-01
93.8388 2.202244221625759280e-01
93.8471 2.202119037410865399e-01
93.8554 2.201993849351474297e-01
93.8637 2.201868657464704782e-01
93.8721 2.201743461752961872e-01
93.8804 2.201618262222327926e-01
93.8887 2.201493058886222487e-01
93.897 2.201367851739700343e-01
93.9053 2.201242640794336125e-01
93.9136 2.201117426059866211e-01
93.9219 2.200992207546014212e-01
93.9302 2.200866985247829088e-01
93.9385 2.200741759165857625e-01
93.9468 2.200616529320827408e-01
93.9552 2.200491295724274765e-01
93.9635 2.200366058376738987e-01
93.9718 2.200240817267753446e-01
93.9801 2.200115572421684762e-01
93.9884 2.199990323848218521e-01
93.9967 2.199865071538720795e-01
94.005 2.199739815506537299e-01
94.0133 2.199614555763177715e-01
94.0216 2.199489292307324761e-01
94.0299 2.199364025144988632e-01
94.0383 2.199238754280339325e-01
94.0466 2.199113479735849697e-01
94.0549 2.198988201497380224e-01
94.0632 2.198862919580074349e-01
94.0715 2.198737634002718433e-01
94.0798 2.198612344753003989e-01
94.0881 2.198487051835082140e-01
94.0964 2.198361755267728979e-01
94.1047 2.198236455058737437e-01
94.113 2.198111151212246706e-01
94.1214 2.197985843719596488e-01
94.1297 2.197860532601367822e-01
94.138 2.197735217870815105e-01
94.1463 2.197609899511974441e-01
94.1546 2.197484577541747308e-01
94.1629 2.197359251977033801e-01
94.1712 2.197233922818287166e-01
94.1795 2.197108590056845445e-01
94.1878 2.196983253709587358e-01
94.1961 2.196857913791563366e-01
94.2045 2.196732570306863253e-01
94.2128 2.196607223248641105e-01
94.2211 2.196481872626458165e-01
94.2294 2.196356518458987273e-01
94.2377 2.196231160737548982e-01
94.246 2.196105799477160725e-01
94.2543 2.195980434681895910e-01
94.2626 2.195855066354004681e-01
94.2709 2.195729694504842677e-01
94.2792 2.195604319145758598e-01
94.2875 2.195478940273526414e-01
94.2959 2.195353557890385443e-01
94.3042 2.195228172013133083e-01
94.3125 2.195102782653095830e-01
94.3208 2.194977389805218282e-01
94.3291 2.194851993473545260e-01
94.3374 2.194726593662118252e-01
94.3457 2.194601190387704126e-01
94.354 2.194475783650697009e-01
94.3623 2.194350373462397030e-01
94.3706 2.194224959834096544e-01
94.379 2.194099542757091681e-01
94.3873 2.193974122239037428e-01
94.3956 2.193848698287583499e-01
94.4039 2.193723270926717095e-01
94.4122 2.193597840142281208e-01
94.4205 2.193472405940095349e-01
94.4288 2.193346968336868652e-01
94.4371 2.193221527336594590e-01
94.4454 2.193096082936005498e-01
94.4537 2.192970635153606573e-01
94.4621 2.192845183993380187e-01
94.4704 2.192719729459305655e-01
94.4787 2.192594271549921092e-01
94.487 2.192468810278266345e-01
94.4953 2.192343345646499686e-01
94.5036 2.192217877676712889e-01
94.5119 2.192092406361990653e-01
94.5202 2.191966931697234000e-01
94.5285 2.191841453709951759e-01
94.5368 2.191715972395037182e-01
94.5452 2.191590487758249273e-01
94.5535 2.191464999808965808e-01
94.5618 2.191339508547507364e-01
94.5701 2.191214013995911036e-01
94.5784 2.191088516140010933e-01
94.5867 2.190963014992787783e-01
94.595 2.190837510569021707e-01
94.6033 2.190712002876250286e-01
94.6116 2.190586491896691634e-01
94.6199 2.190460977659577646e-01
94.6283 2.190335460159781034e-01
94.6366 2.190209939404826889e-01
94.6449 2.190084415411270302e-01
94.6532 2.189958888172168772e-01
94.6615 2.189833357700454453e-01
94.6698 2.189707824003632453e-01
94.6781 2.189582287072953382e-01
94.6864 2.189456746933974018e-01
94.6947 2.189331203586963870e-01
94.703 2.189205657032192998e-01
94.7114 2.189080107280756693e-01
94.7197 2.188954554331115632e-01
94.728 2.188828998199768561e-01
94.7363 2.188703438894185616e-01
94.7446 2.188577876403802747e-01
94.7529 2.188452310750510776e-01
94.7612 2.188326741936360009e-01
94.7695 2.188201169961597747e-01
94.7778 2.188075594835480198e-01
94.7861 2.187950016572662304e-01
94.7944 2.187824435167974035e-01
94.8028 2.187698850628858604e-01
94.8111 2.187573262969952637e-01
94.8194 2.187447672187884107e-01
94.8277 2.187322078288280736e-01
94.836 2.187196481285765826e-01
94.8443 2.187070881178758974e-01
94.8526 2.186945277980072710e-01
94.8609 2.186819671677329158e-01
94.8692 2.186694062301321184e-01
94.8775 2.186568449850453677e-01
94.8859 2.186442834317741946e-01
94.8942 2.186317215728557639e-01
94.9025 2.186191594074112787e-01
94.9108 2.186065969367184392e-01
94.9191 2.185940341618745897e-01
94.9274 2.185814710812821471e-01
94.9357 2.185689076972953948e-01
94.944 2.185563440111897571e-01
94.9523 2.185437800228035576e-01
94.9606 2.185312157314369397e-01
94.969 2.185186511389028141e-01
94.9773 2.185060862475511623e-01
94.9856 2.184935210548867301e-01
94.9939 2.184809555618240362e-01
95.0022 2.184683897708906697e-01
95.0105 2.184558236815648258e-01
95.0188 2.184432572944002005e-01
95.0271 2.184306906095919987e-01
95.0354 2.184181236296649786e-01
95.0437 2.184055563530209187e-01
95.0521 2.183929887809293036e-01
95.0604 2.183804209150167486e-01
95.0687 2.183678527536855041e-01
95.077 2.183552842992778908e-01
95.0853 2.183427155528816221e-01
95.0936 2.183301465130778329e-01
95.1019 2.183175771809539312e-01
95.1102 2.183050075584913596e-01
95.1185 2.182924376465967820e-01
95.1268 2.182798674427779140e-01
95.1352 2.182672969495513815e-01
95.1435 2.182547261690747364e-01
95.1518 2.182421550988557502e-01
95.1601 2.182295837417663475e-01
95.1684 2.182170120979956551e-01
95.1767 2.182044401666608791e-01
95.185 2.181918679502738712e-01
95.1933 2.181792954486657943e-01
95.2016 2.181667226613106525e-01
95.2099 2.181541495907181050e-01
95.2183 2.181415762363614619e-01
95.2266 2.181290025993207482e-01
95.2349 2.181164286799613938e-01
95.2432 2.181038544779348443e-01
95.2515 2.180912799955689596e-01
95.2598 2.180787052325142694e-01
95.2681 2.180661301893134785e-01
95.2764 2.180535548661520495e-01
95.2847 2.180409792651766820e-01
95.293 2.180284033853239212e-01
95.3013 2.180158272274917153e-01
95.3097 2.180032507927553431e-01
95.318 2.179906740816549005e-01
95.3263 2.179780970950865870e-01
95.3346 2.179655198328774024e-01
95.3429 2.179529422952104778e-01
95.3512 2.179403644838711629e-01
95.3595 2.179277863986856245e-01
95.3678 2.179152080407260328e-01
95.3761 2.179026294099959682e-01
95.3844 2.178900505077447369e-01
95.3928 2.178774713343310521e-01
95.4011 2.178648918897579667e-01
95.4094 2.178523121752731218e-01
95.4177 2.178397321908789319e-01
95.426 2.178271519383551957e-01
95.4343 2.178145714168149560e-01
95.4426 2.178019906273262196e-01
95.4509 2.177894095711340183e-01
95.4592 2.177768282478839967e-01
95.4675 2.177642466586426351e-01
95.4759 2.177516648035881519e-01
95.4842 2.177390826837858895e-01
95.4925 2.177265003004784927e-01
95.5008 2.177139176529553355e-01
95.5091 2.177013347412159738e-01
95.5174 2.176887515677438933e-01
95.5257 2.176761681318279407e-01
95.534 2.176635844350630067e-01
95.5423 2.176510004770926543e-01
95.5506 2.176384162584467930e-01
95.559 2.176258317798324959e-01
95.5673 2.176132470430194588e-01
95.5756 2.176006620476501341e-01
95.5839 2.175880767930129245e-01
95.5922 2.175754912819389542e-01
95.6005 2.175629055140700374e-01
95.6088 2.175503194894023162e-01
95.6171 2.175377332088169746e-01
95.6254 2.175251466731948913e-01
95.6337 2.175125598834160290e-01
95.6421 2.174999728396521392e-01
95.6504 2.174873855422518598e-01
95.6587 2.174747979912098339e-01
95.667 2.174622101888195602e-01
95.6753 2.174496221340136981e-01
95.6836 2.174370338285541715e-01
95.6919 2.174244452733178623e-01
95.7002 2.174118564667068543e-01
95.7085 2.173992674101284939e-01
95.7168 2.173866781056953135e-01
95.7252 2.173740885535759004e-01
95.7335 2.173614987532321297e-01
95.7418 2.173489087046560353e-01
95.7501 2.173363184101347323e-01
95.7584 2.173237278698354757e-01
95.7667 2.173111370839256318e-01
95.775 2.172985460532782520e-01
95.7833 2.172859547775307099e-01
95.7916 2.172733632587903196e-01
95.7999 2.172607714970464510e-01
95.8082 2.172481794922886400e-01
95.8166 2.172355872450352776e-01
95.8249 2.172229947565094965e-01
95.8332 2.172104020272286606e-01
95.8415 2.171978090577097731e-01
95.8498 2.171852158481172301e-01
95.8581 2.171726223986152615e-01
95.8664 2.171600287114813788e-01
95.8747 2.171474347859981002e-01
95.883 2.171348406225048766e-01
95.8913 2.171222462225729788e-01
95.8997 2.171096515853088438e-01
95.908 2.170970567135145912e-01
95.9163 2.170844616059441901e-01
95.9246 2.170718662624077089e-01
95.9329 2.170592706857053245e-01
95.9412 2.170466748759975473e-01
95.9495 2.170340788320384851e-01
95.9578 2.170214825555712157e-01
95.9661 2.170088860481620696e-01
95.9744 2.169962893089159295e-01
95.9828 2.169836923386956606e-01
95.9911 2.169710951387142928e-01
95.9994 2.169584977093066691e-01
96.0077 2.169459000488750122e-01
96.016 2.169333021609148315e-01
96.0243 2.169207040457588886e-01
96.0326 2.169081057019853487e-01
96.0409 2.168955071322088424e-01
96.0492 2.168829083350073406e-01
96.0575 2.168703093129938086e-01
96.0659 2.168577100649217437e-01
96.0742 2.168451105928764222e-01
96.0825 2.168325108973644944e-01
96.0908 2.168199109771388189e-01
96.0991 2.168073108332321253e-01
96.1074 2.167947104677270531e-01
96.1157 2.167821098806031743e-01
96.124 2.167695090723650853e-01
96.1323 2.167569080424665839e-01
96.1406 2.167443067928129519e-01
96.149 2.167317053239081470e-01
96.1573 2.167191036352048017e-01
96.1656 2.167065017273818450e-01
96.1739 2.166938996025168374e-01
96.1822 2.166812972611120713e-01
96.1905 2.166686947012199382e-01
96.1988 2.166560919249173323e-01
96.2071 2.166434889330550728e-01
96.2154 2.166308857266588950e-01
96.2237 2.166182823050051831e-01
96.2321 2.166056786691191449e-01
96.2404 2.165930748198500178e-01
96.2487 2.165804707575229304e-01
96.257 2.165678664833354805e-01
96.2653 2.165552619958654723e-01
96.2736 2.165426572971833885e-01
96.2819 2.165300523891845463e-01
96.2902 2.165174472692234231e-01
96.2985 2.165048419402421931e-01
96.3068 2.164922364023884049e-01
96.3151 2.164796306556354410e-01
96.3235 2.164670247008286252e-01
96.3318 2.164544185374177865e-01
96.3401 2.164418121686889906e-01
96.3484 2.164292055926962943e-01
96.3567 2.164165988102833837e-01
96.365 2.164039918233399418e-01
96.3733 2.163913846306168010e-01
96.3816 2.163787772348740590e-01
96.3899 2.163661696353846864e-01
96.3982 2.163535618312492359e-01
96.4066 2.163409538262696385e-01
96.4149 2.163283456190226994e-01
96.4232 2.163157372087818608e-01
96.4315 2.163031285981287244e-01
96.4398 2.162905197880763408e-01
96.4481 2.162779107770278209e-01
96.4564 2.162653015672137413e-01
96.4647 2.162526921582550998e-01
96.473 2.162400825511636149e-01
96.4813 2.162274727455599233e-01
96.4897 2.162148627443674365e-01
96.498 2.162022525459889877e-01
96.5063 2.161896421510871580e-01
96.5146 2.161770315611934168e-01
96.5229 2.161644207755790414e-01
96.5312 2.161518097957747797e-01
96.5395 2.161391986220938533e-01
96.5478 2.161265872557180667e-01
96.5561 2.161139756955710589e-01
96.5644 2.161013639428342181e-01
96.5728 2.160887519995553507e-01
96.5811 2.160761398644846509e-01
96.5894 2.160635275388013143e-01
96.5977 2.160509150224702024e-01
96.606 2.160383023170165118e-01
96.6143 2.160256894236179948e-01
96.6226 2.160130763398106779e-01
96.6309 2.160004630686794269e-01
96.6392 2.159878496107066892e-01
96.6475 2.159752359651625764e-01
96.6559 2.159626221337423990e-01
96.6642 2.159500081160623253e-01
96.6725 2.159373939134699161e-01
96.6808 2.159247795262738689e-01
96.6891 2.159121649537430188e-01
96.6974 2.158995501987823473e-01
96.7057 2.158869352601408276e-01
96.714 2.158743201386451871e-01
96.7223 2.158617048358131563e-01
96.7306 2.158490893512592101e-01
96.739 2.158364736854623545e-01
96.7473 2.158238578392474571e-01
96.7556 2.158112418130928023e-01
96.7639 2.157986256079952314e-01
96.7722 2.157860092233950255e-01
96.7805 2.157733926608071118e-01
96.7888 2.157607759205352194e-01
96.7971 2.157481590025381868e-01
96.8054 2.157355419079830805e-01
96.8137 2.157229246373462694e-01
96.822 2.157103071919662385e-01
96.8304 2.156976895709372954e-01
96.8387 2.156850717747345325e-01
96.847 2.156724538041780159e-01
96.8553 2.156598356609501776e-01
96.8636 2.156472173446618290e-01
96.8719 2.156345988552693937e-01
96.8802 2.156219801951433923e-01
96.8885 2.156093613623423777e-01
96.8968 2.155967423590634535e-01
96.9051 2.155841231861235496e-01
96.9135 2.155715038429602270e-01
96.9218 2.155588843300453861e-01
96.9301 2.155462646487118772e-01
96.9384 2.155336447989137649e-01
96.9467 2.155210247823272085e-01
96.955 2.155084045978725438e-01
96.9633 2.154957842468806783e-01
96.9716 2.154831637301654890e-01
96.9799 2.154705430473355110e-01
96.9882 2.154579221992042326e-01
96.9966 2.154453011871002577e-01
97.0049 2.154326800109758744e-01
97.0132 2.154200586709548171e-01
97.0215 2.154074371683647182e-01
97.0298 2.153948155038445111e-01
97.0381 2.153821936766576461e-01
97.0464 2.153695716883022859e-01
97.0547 2.153569495392445576e-01
97.063 2.153443272297784206e-01
97.0713 2.153317047612283430e-01
97.0797 2.153190821323419657e-01
97.088 2.153064593451299302e-01
97.0963 2.152938363995415549e-01
97.1046 2.152812132965561676e-01
97.1129 2.152685900364659233e-01
97.1212 2.152559666192195298e-01
97.1295 2.152433430464813224e-01
97.1378 2.152307193175133360e-01
97.1461 2.152180954336357366e-01
97.1544 2.152054713956537413e-01
97.1628 2.151928472035146700e-01
97.1711 2.151802228583657994e-01
97.1794 2.151675983589541596e-01
97.1877 2.151549737069409218e-01
97.196 2.151423489043284842e-01
97.2043 2.151297239502061032e-01
97.2126 2.151170988443487364e-01
97.2209 2.151044735884148629e-01
97.2292 2.150918481828636708e-01
97.2375 2.150792226278114005e-01
97.2459 2.150665969247438358e-01
97.2542 2.150539710717229436e-01
97.2625 2.150413450717738872e-01
97.2708 2.150287189248406006e-01
97.2791 2.150160926301829534e-01
97.2874 2.150034661901393529e-01
97.2957 2.149908396044821479e-01
97.304 2.149782128731545228e-01
97.3123 2.149655859971255634e-01
97.3206 2.149529589775343030e-01
97.3289 2.149403318141523411e-01
97.3373 2.149277045074346193e-01
97.3456 2.149150770581773895e-01
97.3539 2.149024494664935336e-01
97.3622 2.148898217333490845e-01
97.3705 2.148771938593685982e-01
97.3788 2.148645658448343487e-01
97.3871 2.148519376903700873e-01
97.3954 2.148393093955751620e-01
97.4037 2.148266809639729213e-01
97.412 2.148140523922619227e-01
97.4204 2.148014236815767586e-01
97.4287 2.147887948352677490e-01
97.437 2.147761658507164328e-01
97.4453 2.147635367307604015e-01
97.4536 2.147509074748268909e-01
97.4619 2.147382780823435811e-01
97.4702 2.147256485559755068e-01
97.4785 2.147130188949790408e-01
97.4868 2.147003891001439957e-01
97.4951 2.146877591715786182e-01
97.5035 2.146751291116039406e-01
97.5118 2.146624989174332754e-01
97.5201 2.146498685918978577e-01
97.5284 2.146372381364658466e-01
97.5367 2.146246075488615623e-01
97.545 2.146119768308929754e-01
97.5533 2.145993459840272732e-01
97.5616 2.145867150073496044e-01
97.5699 2.145740839007959366e-01
97.5782 2.145614526683818912e-01
97.5866 2.145488213071524708e-01
97.5949 2.145361898182324423e-01
97.6032 2.145235582029161869e-01
97.6115 2.145109264606282762e-01
97.6198 2.144982945940210328e-01
97.6281 2.144856626016690970e-01
97.6364 2.144730304850347435e-01
97.6447 2.144603982435420442e-01
97.653 2.144477658776338391e-01
97.6613 2.144351333901284296e-01
97.6697 2.144225007794308413e-01
97.678 2.144098680458133566e-01
97.6863 2.143972351917527719e-01
97.6946 2.143846022161632336e-01
97.7029 2.143719691194853894e-01
97.7112 2.143593359030075418e-01
97.7195 2.143467025671692838e-01
97.7278 2.143340691120711738e-01
97.7361 2.143214355378137703e-01
97.7444 2.143088018455137911e-01
97.7528 2.142961680359487531e-01
97.7611 2.142835341093874135e-01
97.7694 2.142709000660983631e-01
97.7777 2.142582659066885886e-01
97.786 2.142456316312570108e-01
97.7943 2.142329972409177941e-01
97.8026 2.142203627367844365e-01
97.8109 2.142077281177701964e-01
97.8192 2.141950933858339789e-01
97.8275 2.141824585402273828e-01
97.8358 2.141698235820624630e-01
97.8442 2.141571885114362528e-01
97.8525 2.141445533299668469e-01
97.8608 2.141319180372434627e-01
97.8691 2.141192826337002808e-01
97.8774 2.141066471206160005e-01
97.8857 2.140940114977482045e-01
97.894 2.140813757648545868e-01
97.9023 2.140687399245637668e-01
97.9106 2.140561039762947371e-01
97.9189 2.140434679199731405e-01
97.9273 2.140308317556937900e-01
97.9356 2.140181954857447999e-01
97.9439 2.140055591103883215e-01
97.9522 2.139929226281993835e-01
97.9605 2.139802860412959307e-01
97.9688 2.139676493497708054e-01
97.9771 2.139550125547284576e-01
97.9854 2.139423756555868805e-01
97.9937 2.139297386531127387e-01
98.002 2.139171015489149952e-01
98.0104 2.139044643419053815e-01
98.0187 2.138918270328496185e-01
98.027 2.138791896236921231e-01
98.0353 2.138665521136811909e-01
98.0436 2.138539145029077215e-01
98.0519 2.138412767931460179e-01
98.0602 2.138286389838127688e-01
98.0685 2.138160010760076779e-01
98.0768 2.138033630701570986e-01
98.0851 2.137907249663503206e-01
98.0935 2.137780867663587880e-01
98.1018 2.137654484689254231e-01
98.1101 2.137528100748120885e-01
98.1184 2.137401715862928264e-01
98.1267 2.137275330016062125e-01
98.135 2.137148943221851283e-01
98.1433 2.137022555484533737e-01
98.1516 2.136896166823462895e-01
98.1599 2.136769777221028399e-01
98.1682 2.136643386684819179e-01
98.1766 2.136516995232498051e-01
98.1849 2.136390602868283306e-01
98.1932 2.136264209587996066e-01
98.2015 2.136137815397533835e-01
98.2098 2.136011420302786346e-01
98.2181 2.135885024314674308e-01
98.2264 2.135758627430693057e-01
98.2347 2.135632229661753589e-01
98.243 2.135505831008701616e-01
98.2513 2.135379431475733503e-01
98.2597 2.135253031072073260e-01
98.268 2.135126629795203734e-01
98.2763 2.135000227662722794e-01
98.2846 2.134873824670431575e-01
98.2929 2.134747420812460883e-01
98.3012 2.134621016113093517e-01
98.3095 2.134494610576500306e-01
98.3178 2.134368204193454743e-01
98.3261 2.134241796971476646e-01
98.3344 2.134115388926451085e-01
98.3427 2.133988980059189633e-01
98.3511 2.133862570375523182e-01
98.3594 2.133736159862877346e-01
98.3677 2.133609748550501783e-01
98.376 2.133483336430835597e-01
98.3843 2.133356923514712900e-01
98.3926 2.133230509797918728e-01
98.4009 2.133104095287938207e-01
98.4092 2.132977679997266340e-01
98.4175 2.132851263923351837e-01
98.4258 2.132724847078679986e-01
98.4342 2.132598429460695888e-01
98.4425 2.132472011066844086e-01
98.4508 2.132345591924629802e-01
98.4591 2.132219172019799991e-01
98.4674 2.132092751366489736e-01
98.4757 2.131966329968809915e-01
98.484 2.131839907817520141e-01
98.4923 2.131713484935084113e-01
98.5006 2.131587061318931386e-01
98.5089 2.131460636973161460e-01
98.5173 2.131334211911879717e-01
98.5256 2.131207786130839832e-01
98.5339 2.131081359629133365e-01
98.5422 2.130954932424185266e-01
98.5505 2.130828504513413435e-01
98.5588 2.130702075900900716e-01
98.5671 2.130575646607386353e-01
98.5754 2.130449216610290908e-01
98.5837 2.130322785928683016e-01
98.592 2.130196354584945606e-01
98.6004 2.130069922553174122e-01
98.6087 2.129943489844093873e-01
98.617 2.129817056485072413e-01
98.6253 2.129690622455196192e-01
98.6336 2.129564187778492934e-01
98.6419 2.129437752442372433e-01
98.6502 2.129311316459207293e-01
98.6585 2.129184879838027511e-01
98.6668 2.129058442582878741e-01
98.6751 2.128932004692808133e-01
98.6835 2.128805566173518349e-01
98.6918 2.128679127037350072e-01
98.7001 2.128552687288335077e-01
98.7084 2.128426246913881770e-01
98.7167 2.128299805932973576e-01
98.725 2.128173364354608299e-01
98.7333 2.128046922174503808e-01
98.7416 2.127920479404974141e-01
98.7499 2.127794036040072667e-01
98.7582 2.127667592090448645e-01
98.7666 2.127541147570065350e-01
98.7749 2.127414702467987917e-01
98.7832 2.127288256791541599e-01
98.7915 2.127161810557988975e-01
98.7998 2.127035363763032649e-01
98.8081 2.126908916407345140e-01
98.8164 2.126782468501550727e-01
98.8247 2.126656020054602525e-01
98.833 2.126529571062198698e-01
98.8413 2.126403121531630080e-01
98.8496 2.126276671466876267e-01
98.858 2.126150220880189401e-01
98.8663 2.126023769768915495e-01
98.8746 2.125897318140331782e-01
98.8829 2.125770865996749193e-01
98.8912 2.125644413343782124e-01
98.8995 2.125517960185391297e-01
98.9078 2.125391506527184726e-01
98.9161 2.125265052376424935e-01
98.9244 2.125138597743674584e-01
98.9327 2.125012142616340416e-01
98.9411 2.124885687013249314e-01
98.9494 2.124759230928422726e-01
98.9577 2.124632774369103472e-01
98.966 2.124506317362366004e-01
98.9743 2.124379859874126752e-01
98.9826 2.124253401934758922e-01
98.9909 2.124126943544879520e-01
98.9992 2.124000484706758951e-01
99.0075 2.123874025429268453e-01
99.0158 2.123747565709722951e-01
99.0242 2.123621105556985356e-01
99.0325 2.123494644971668788e-01
99.0408 2.123368183964279010e-01
99.0491 2.123241722543671994e-01
99.0574 2.123115260695598583e-01
99.0657 2.122988798448704473e-01
99.074 2.122862335793685717e-01
99.0823 2.122735872736086493e-01
99.0906 2.122609409276498826e-01
99.0989 2.122482945425405720e-01
99.1073 2.122356481199872691e-01
99.1156 2.122230016582358214e-01
99.1239 2.122103551583329750e-01
99.1322 2.121977086218197472e-01
99.1405 2.121850620485885852e-01
99.1488 2.121724154390265682e-01
99.1571 2.121597687931908727e-01
99.1654 2.121471221109743621e-01
99.1737 2.121344753944089945e-01
99.182 2.121218286440447742e-01
99.1904 2.121091818587861055e-01
99.1987 2.120965350406635308e-01
99.207 2.120838881897322281e-01
99.2153 2.120712413045683364e-01
99.2236 2.120585943873649071e-01
99.2319 2.120459474391634958e-01
99.2402 2.120333004595254256e-01
99.2485 2.120206534489987860e-01
99.2568 2.120080064086234117e-01
99.2651 2.119953593374681033e-01
99.2735 2.119827122369008499e-01
99.2818 2.119700651084535925e-01
99.2901 2.119574179495522237e-01
99.2984 2.119447707633700384e-01
99.3067 2.119321235504517953e-01
99.315 2.119194763095375300e-01
99.3233 2.119068290415002109e-01
99.3316 2.118941817480330669e-01
99.3399 2.118815344290235769e-01
99.3482 2.118688870838678906e-01
99.3565 2.118562397137653819e-01
99.3649 2.118435923205711502e-01
99.3732 2.118309449022045821e-01
99.3815 2.118182974603562696e-01
99.3898 2.118056499952405691e-01
99.3981 2.117930025088740897e-01
99.4064 2.117803549991768286e-01
99.4147 2.117677074680011928e-01
99.423 2.117550599163788849e-01
99.4313 2.117424123422311788e-01
99.4396 2.117297647487178525e-01
99.448 2.117171171360514859e-01
99.4563 2.117044695034623059e-01
99.4646 2.116918218523078377e-01
99.4729 2.116791741823092765e-01
99.4812 2.116665264940054969e-01
99.4895 2.116538787885892114e-01
99.4978 2.116412310657807549e-01
99.5061 2.116285833259547444e-01
99.5144 2.116159355704658740e-01
99.5227 2.116032877990341177e-01
99.5311 2.115906400121964903e-01
99.5394 2.115779922106527933e-01
99.5477 2.115653443947760060e-01
99.556 2.115526965649386082e-01
99.5643 2.115400487213497938e-01
99.5726 2.115274008645448012e-01
99.5809 2.115147529957116801e-01
99.5892 2.115021051144057029e-01
99.5975 2.114894572216507729e-01
99.6058 2.114768093171651986e-01
99.6142 2.114641614021353644e-01
99.6225 2.114515134772576022e-01
99.6308 2.114388655414342899e-01
99.6391 2.114262175965028190e-01
99.6474 2.114135696434846501e-01
99.6557 2.114009216816075953e-01
99.664 2.113882737105890197e-01
99.6723 2.113756257321013077e-01
99.6806 2.113629777478159555e-01
99.6889 2.113503297561457606e-01
99.6973 2.113376817574589561e-01
99.7056 2.113250337529372913e-01
99.7139 2.113123857439248299e-01
99.7222 2.112997377298112822e-01
99.7305 2.112870897104752732e-01
99.7388 2.112744416874223208e-01
99.7471 2.112617936610183544e-01
99.7554 2.112491456317917016e-01
99.7637 2.112364975988066662e-01
99.772 2.112238495632418889e-01
99.7804 2.112112015279009325e-01
99.7887 2.111985534908719375e-01
99.797 2.111859054512192357e-01
99.8053 2.111732574106076621e-01
99.8136 2.111606093715131249e-01
99.8219 2.111479613329989014e-01
99.8302 2.111353132946161837e-01
99.8385 2.111226652578648000e-01
99.8468 2.111100172221331561e-01
99.8551 2.110973691898942461e-01
99.8634 2.110847211595617556e-01
99.8718 2.110720731319849497e-01
99.8801 2.110594251083364459e-01
99.8884 2.110467770886529926e-01
99.8967 2.110341290732954678e-01
99.905 2.110214810621380832e-01
99.9133 2.110088330570008275e-01
99.9216 2.109961850577571074e-01
99.9299 2.109835370644425889e-01
99.9382 2.109708890777408641e-01
99.9465 2.109582410980112843e-01
99.9549 2.109455931257749051e-01
99.9632 2.109329451612284578e-01
99.9715 2.109202972055402581e-01
99.9798 2.109076492587442786e-01
99.9881 2.108950013200651397e-01
99.9964 2.108823533924508997e-01
100.005 2.108697054744779198e-01
100.013 2.108570575668270997e-01
100.021 2.108444096714731375e-01
100.03 2.108317617855367809e-01
100.038 2.108191139119628132e-01
100.046 2.108064660519155809e-01
100.055 2.107938182038099073e-01
100.063 2.107811703697796968e-01
100.071 2.107685225484017821e-01
100.08 2.107558747413242062e-01
100.088 2.107432269489014631e-01
100.096 2.107305791716491405e-01
100.104 2.107179314097596123e-01
100.113 2.107052836637481608e-01
100.121 2.106926359331608156e-01
100.129 2.106799882194811402e-01
100.138 2.106673405243532360e-01
100.146 2.106546928460308887e-01
100.154 2.106420451848668995e-01
100.163 2.106293975431496601e-01
100.171 2.106167499209078142e-01
100.179 2.106041023167183612e-01
100.188 2.105914547322233488e-01
100.196 2.105788071685796570e-01
100.204 2.105661596262989321e-01
100.212 2.105535121042804991e-01
100.221 2.105408646028749942e-01
100.229 2.105282171251715573e-01
100.237 2.105155696691024814e-01
100.246 2.105029222346954387e-01
100.254 2.104902748243931976e-01
100.262 2.104776274390271207e-01
100.271 2.104649800766913714e-01
100.279 2.104523327385393883e-01
100.287 2.104396854260456307e-01
100.296 2.104270381384311939e-01
100.304 2.104143908768479898e-01
100.312 2.104017436413212483e-01
100.32 2.103890964328411772e-01
100.329 2.103764492525581065e-01
100.337 2.103638020985668378e-01
100.345 2.103511549721787111e-01
100.354 2.103385078747035120e-01
100.362 2.103258608056833845e-01
100.37 2.103132137664272816e-01
100.379 2.103005667580832572e-01
100.387 2.102879197784253973e-01
100.395 2.102752728295653462e-01
100.404 2.102626259115256691e-01
100.412 2.102499790254531986e-01
100.42 2.102373321713698895e-01
100.429 2.102246853491376577e-01
100.437 2.102120385592599616e-01
100.445 2.101993918033633058e-01
100.453 2.101867450809873639e-01
100.462 2.101740983926350947e-01
100.47 2.101614517388082637e-01
100.478 2.101488051188869499e-01
100.487 2.101361585349758032e-01
100.495 2.101235119864541534e-01
100.503 2.101108654747844140e-01
100.512 2.100982189995059812e-01
100.52 2.100855725607986557e-01
100.528 2.100729261594834196e-01
100.537 2.100602797963800894e-01
100.545 2.100476334718282267e-01
100.553 2.100349871858463724e-01
100.561 2.100223409386137163e-01
100.57 2.100096947312689311e-01
100.578 2.099970485635104800e-01
100.586 2.099844024359963368e-01
100.595 2.099717563508239904e-01
100.603 2.099591103056113739e-01
100.611 2.099464643026154320e-01
100.62 2.099338183416929182e-01
100.628 2.099211724227015019e-01
100.636 2.099085265472559747e-01
100.645 2.098958807153730177e-01
100.653 2.098832349270687014e-01
100.661 2.098705891823595404e-01
100.67 2.098579434834975388e-01
100.678 2.098452978285818837e-01
100.686 2.098326522197038468e-01
100.694 2.098200066575174605e-01
100.703 2.098073611402813954e-01
100.711 2.097947156697668458e-01
100.719 2.097820702482220134e-01
100.728 2.097694248732678846e-01
100.736 2.097567795450782924e-01
100.744 2.097441342670172959e-01
100.753 2.097314890381406505e-01
100.761 2.097188438579840331e-01
100.769 2.097061987260826488e-01
100.778 2.096935536457972260e-01
100.786 2.096809086168211766e-01
100.794 2.096682636374145592e-01
100.802 2.096556187098204405e-01
100.811 2.096429738337327597e-01
100.819 2.096303290102779215e-01
100.827 2.096176842394679996e-01
100.836 2.096050395221102647e-01
100.844 2.095923948574206774e-01
100.852 2.095797502470016227e-01
100.861 2.095671056911826147e-01
100.869 2.095544611899740617e-01
100.877 2.095418167438640455e-01
100.886 2.095291723530217365e-01
100.894 2.095165280192066715e-01
100.902 2.095038837414743005e-01
100.91 2.094912395190400289e-01
100.919 2.094785953546155488e-01
100.927 2.094659512491634790e-01
100.935 2.094533072004678420e-01
100.944 2.094406632106034505e-01
100.952 2.094280192800549723e-01
100.96 2.094153754085133212e-01
100.969 2.094027315963043478e-01
100.977 2.093900878451826486e-01
100.985 2.093774441545204479e-01
100.994 2.093648005238497034e-01
101.002 2.093521569547645844e-01
101.01 2.093395134483830577e-01
101.019 2.093268700032837881e-01
101.027 2.093142266213774694e-01
101.035 2.093015833031456885e-01
101.043 2.092889400471680539e-01
101.052 2.092762968556701741e-01
101.06 2.092636537292918153e-01
101.068 2.092510106667704317e-01
101.077 2.092383676685875826e-01
101.085 2.092257247363326633e-01
101.093 2.092130818714361684e-01
101.102 2.092004390724770957e-01
101.11 2.091877963391438333e-01
101.118 2.091751536733407746e-01
101.127 2.091625110749139593e-01
101.135 2.091498685446585848e-01
101.143 2.091372260836860952e-01
101.151 2.091245836915250622e-01
101.16 2.091119413686535200e-01
101.168 2.090992991139676571e-01
101.176 2.090866569298429622e-01
101.185 2.090740148165980417e-01
101.193 2.090613727742355044e-01
101.201 2.090487308035477998e-01
101.21 2.090360889042209569e-01
101.218 2.090234470767310671e-01
101.226 2.090108053215539163e-01
101.235 2.089981636397966747e-01
101.243 2.089855220313026340e-01
101.251 2.089728804962308062e-01
101.26 2.089602390366344098e-01
101.268 2.089475976507773058e-01
101.276 2.089349563394497233e-01
101.284 2.089223151034408366e-01
101.293 2.089096739435396810e-01
101.301 2.088970328602191007e-01
101.309 2.088843918525325749e-01
101.318 2.088717509214259305e-01
101.326 2.088591100700516734e-01
101.334 2.088464692955706026e-01
101.343 2.088338285979820796e-01
101.351 2.088211879805942917e-01
101.359 2.088085474418295839e-01
101.368 2.087959069813713486e-01
101.376 2.087832666015806693e-01
101.384 2.087706263026123665e-01
101.392 2.087579860841489166e-01
101.401 2.087453459460305860e-01
101.409 2.087327058898285626e-01
101.417 2.087200659160120264e-01
101.426 2.087074260233187095e-01
101.434 2.086947862137909504e-01
101.442 2.086821464874248078e-01
101.451 2.086695068440593548e-01
101.459 2.086568672858918616e-01
101.467 2.086442278111884929e-01
101.476 2.086315884205738602e-01
101.484 2.086189491154580578e-01
101.492 2.086063098964645313e-01
101.5 2.085936707628026077e-01
101.509 2.085810317163521999e-01
101.517 2.085683927556939710e-01
101.525 2.085557538814510337e-01
101.534 2.085431150959726476e-01
101.542 2.085304763979965725e-01
101.55 2.085178377878305345e-01
101.559 2.085051992673516152e-01
101.567 2.084925608352973803e-01
101.575 2.084799224929163863e-01
101.584 2.084672842406720406e-01
101.592 2.084546460784001964e-01
101.6 2.084420080070342463e-01
101.609 2.084293700259395865e-01
101.617 2.084167321374597037e-01
101.625 2.084040943409592728e-01
101.633 2.083914566365867305e-01
101.642 2.083788190246469163e-01
101.65 2.083661815060713629e-01
101.658 2.083535440805376338e-01
101.667 2.083409067485069155e-01
101.675 2.083282695121618788e-01
101.683 2.083156323700835477e-01
101.692 2.083029953222625408e-01
101.7 2.082903583702543360e-01
101.708 2.082777215151437877e-01
101.717 2.082650847550430451e-01
101.725 2.082524480921319754e-01
101.733 2.082398115263997262e-01
101.741 2.082271750576789038e-01
101.75 2.082145386876785298e-01
101.758 2.082019024148237529e-01
101.766 2.081892662414478734e-01
101.775 2.081766301669138175e-01
101.783 2.081639941913661085e-01
101.791 2.081513583172922843e-01
101.8 2.081387225429610632e-01
101.808 2.081260868674235653e-01
101.816 2.081134512934783021e-01
101.825 2.081008158228291605e-01
101.833 2.080881804526529266e-01
101.841 2.080755451844974457e-01
101.85 2.080629100186614511e-01
101.858 2.080502749568474419e-01
101.866 2.080376399985731373e-01
101.874 2.080250051433566172e-01
101.883 2.080123703927432288e-01
101.891 2.079997357465623586e-01
101.899 2.079871012041760447e-01
101.908 2.079744667683752213e-01
101.916 2.079618324391443174e-01
101.924 2.079491982150654950e-01
101.933 2.079365640964352946e-01
101.941 2.079239300860422079e-01
101.949 2.079112961835581919e-01
101.958 2.078986623878770756e-01
101.966 2.078860287002285423e-01
101.974 2.078733951212187181e-01
101.982 2.078607616514533685e-01
101.991 2.078481282912268135e-01
101.999 2.078354950389661449e-01
102.007 2.078228618979214293e-01
102.016 2.078102288679191667e-01
102.024 2.077975959476974777e-01
102.032 2.077849631392602592e-01
102.041 2.077723304424337336e-01
102.049 2.077596978575105835e-01
102.057 2.077470653847832693e-01
102.066 2.077344330245441129e-01
102.074 2.077218007783277198e-01
102.082 2.077091686445616259e-01
102.09 2.076965366260224988e-01
102.099 2.076839047212928890e-01
102.107 2.076712729306640637e-01
102.115 2.076586412562894668e-01
102.124 2.076460096964415913e-01
102.132 2.076333782531178951e-01
102.14 2.076207469256771132e-01
102.149 2.076081157144092082e-01
102.157 2.075954846211547078e-01
102.165 2.075828536449618456e-01
102.174 2.075702227867400051e-01
102.182 2.075575920464676483e-01
102.19 2.075449614245884755e-01
102.199 2.075323309217007861e-01
102.207 2.075197005387120763e-01
102.215 2.075070702746707463e-01
102.223 2.074944401317232456e-01
102.232 2.074818101089174194e-01
102.24 2.074691802053017509e-01
102.248 2.074565504251890402e-01
102.257 2.074439207665429441e-01
102.265 2.074312912298045264e-01
102.273 2.074186618146409145e-01
102.282 2.074060325228854473e-01
102.29 2.073934033538953614e-01
102.298 2.073807743091932998e-01
102.307 2.073681453878270797e-01
102.315 2.073555165914731935e-01
102.323 2.073428879197975749e-01
102.331 2.073302593718481801e-01
102.34 2.073176309502277048e-01
102.348 2.073050026553740766e-01
102.356 2.072923744858712891e-01
102.365 2.072797464429298464e-01
102.373 2.072671185272960959e-01
102.381 2.072544907386353330e-01
102.39 2.072418630787741245e-01
102.398 2.072292355462964641e-01
102.406 2.072166081424109130e-01
102.415 2.072039808675536221e-01
102.423 2.071913537220062829e-01
102.431 2.071787267065131333e-01
102.439 2.071660998212008220e-01
102.448 2.071534730643456168e-01
102.456 2.071408464400838756e-01
102.464 2.071282199468451324e-01
102.473 2.071155935855263364e-01
102.481 2.071029673557909234e-01
102.489 2.070903412573024127e-01
102.498 2.070777152929599019e-01
102.506 2.070650894613475790e-01
102.514 2.070524637635146881e-01
102.523 2.070398381988160508e-01
102.531 2.070272127683002450e-01
102.539 2.070145874728614444e-01
102.548 2.070019623129313313e-01
102.556 2.069893372872486648e-01
102.564 2.069767123973225154e-01
102.572 2.069640876438917088e-01
102.581 2.069514630273869005e-01
102.589 2.069388385476235992e-01
102.597 2.069262142041095598e-01
102.606 2.069135899997351924e-01
102.614 2.069009659324702877e-01
102.622 2.068883420033596487e-01
102.631 2.068757182136009565e-01
102.639 2.068630945627013551e-01
102.647 2.068504710509360411e-01
102.656 2.068378476791945253e-01
102.664 2.068252244485193903e-01
102.672 2.068126013582633482e-01
102.68 2.067999784083938974e-01
102.689 2.067873555990318024e-01
102.697 2.067747329322928151e-01
102.705 2.067621104076828586e-01
102.714 2.067494880257821632e-01
102.722 2.067368657879372906e-01
102.73 2.067242436911999881e-01
102.739 2.067116217381439747e-01
102.747 2.066989999305745840e-01
102.755 2.066863782670771976e-01
102.764 2.066737567479237925e-01
102.772 2.066611353730797296e-01
102.78 2.066485141434296902e-01
102.789 2.066358930615427858e-01
102.797 2.066232721249321447e-01
102.805 2.066106513344815598e-01
102.813 2.065980306916865017e-01
102.822 2.065854101958984890e-01
102.83 2.065727898479997604e-01
102.838 2.065601696476480620e-01
102.847 2.065475495960311381e-01
102.855 2.065349296931122680e-01
102.863 2.065223099402312412e-01
102.872 2.065096903359742719e-01
102.88 2.064970708810690281e-01
102.888 2.064844515782304768e-01
102.897 2.064718324246685166e-01
102.905 2.064592134220274433e-01
102.913 2.064465945717973705e-01
102.921 2.064339758722590346e-01
102.93 2.064213573258188161e-01
102.938 2.064087389312158627e-01
102.946 2.063961206893280831e-01
102.955 2.063835026016436758e-01
102.963 2.063708846664436825e-01
102.971 2.063582668849104351e-01
102.98 2.063456492594468450e-01
102.988 2.063330317886387932e-01
102.996 2.063204144713787214e-01
103.005 2.063077973097628970e-01
103.013 2.062951803048189148e-01
103.021 2.062825634554382448e-01
103.029 2.062699467623432537e-01
103.038 2.062573302273225384e-01
103.046 2.062447138489629794e-01
103.054 2.062320976276808271e-01
103.063 2.062194815641971157e-01
103.071 2.062068656601461492e-01
103.079 2.061942499151815100e-01
103.088 2.061816343281945851e-01
103.096 2.061690189012762853e-01
103.104 2.061564036331657024e-01
103.113 2.061437885258002867e-01
103.121 2.061311735805067824e-01
103.129 2.061185587945027486e-01
103.138 2.061059441691151517e-01
103.146 2.060933297065836445e-01
103.154 2.060807154061033153e-01
103.162 2.060681012676310597e-01
103.171 2.060554872917315095e-01
103.179 2.060428734794252092e-01
103.187 2.060302598306678612e-01
103.196 2.060176463455673512e-01
103.204 2.060050330248389683e-01
103.212 2.059924198676787443e-01
103.221 2.059798068757131562e-01
103.229 2.059671940499605558e-01
103.237 2.059545813893121913e-01
103.246 2.059419688946343974e-01
103.254 2.059293565657295544e-01
103.262 2.059167444040705119e-01
103.27 2.059041324102180159e-01
103.279 2.058915205832156647e-01
103.287 2.058789089234722425e-01
103.295 2.058662974323073602e-01
103.304 2.058536861092189474e-01
103.312 2.058410749559804465e-01
103.32 2.058284639725442844e-01
103.329 2.058158531571959715e-01
103.337 2.058032425112527597e-01
103.345 2.057906320372440145e-01
103.354 2.057780217337574769e-01
103.362 2.057654116005941669e-01
103.37 2.057528016386150349e-01
103.379 2.057401918494383142e-01
103.387 2.057275822327119252e-01
103.395 2.057149727859653165e-01
103.403 2.057023635138432727e-01
103.412 2.056897544152368196e-01
103.42 2.056771454897939611e-01
103.428 2.056645367380710854e-01
103.437 2.056519281603212956e-01
103.445 2.056393197572516374e-01
103.453 2.056267115298705817e-01
103.462 2.056141034778258825e-01
103.47 2.056014956006136096e-01
103.478 2.055888878998468894e-01
103.487 2.055762803756259471e-01
103.495 2.055636730277491386e-01
103.503 2.055510658573744820e-01
103.511 2.055384588642998056e-01
103.52 2.055258520492291019e-01
103.528 2.055132454128662522e-01
103.536 2.055006389538002465e-01
103.545 2.054880326740937957e-01
103.553 2.054754265742984032e-01
103.561 2.054628206527017997e-01
103.57 2.054502149116664844e-01
103.578 2.054376093523468949e-01
103.586 2.054250039724269394e-01
103.595 2.054123987727596856e-01
103.603 2.053997937555541997e-01
103.611 2.053871889204555989e-01
103.619 2.053745842668071586e-01
103.628 2.053619797951589387e-01
103.636 2.053493755063614257e-01
103.644 2.053367714005116251e-01
103.653 2.053241674801164762e-01
103.661 2.053115637419581918e-01
103.669 2.052989601880911286e-01
103.678 2.052863568181600429e-01
103.686 2.052737536333146540e-01
103.694 2.052611506350054682e-01
103.703 2.052485478218221970e-01
103.711 2.052359451940110047e-01
103.719 2.052233427527202780e-01
103.728 2.052107404977440985e-01
103.736 2.051981384300795297e-01
103.744 2.051855365496707551e-01
103.752 2.051729348578148759e-01
103.761 2.051603333534030016e-01
103.769 2.051477320369800850e-01
103.777 2.051351309096922648e-01
103.786 2.051225299711819106e-01
103.794 2.051099292224440318e-01
103.802 2.050973286634212023e-01
103.811 2.050847282948073391e-01
103.819 2.050721281162442566e-01
103.827 2.050595281281254456e-01
103.836 2.050469283320442149e-01
103.844 2.050343287277921478e-01
103.852 2.050217293148607622e-01
103.86 2.050091300942424866e-01
103.869 2.049965310655787187e-01
103.877 2.049839322307609735e-01
103.885 2.049713335894300659e-01
103.894 2.049587351407771429e-01
103.902 2.049461368863927657e-01
103.91 2.049335388265171032e-01
103.919 2.049209409615403987e-01
103.927 2.049083432911029679e-01
103.935 2.048957458158944533e-01
103.944 2.048831485370531669e-01
103.952 2.048705514540693218e-01
103.96 2.048579545671822821e-01
103.969 2.048453578770802197e-01
103.977 2.048327613849000306e-01
103.985 2.048201650898320292e-01
103.993 2.048075689909174268e-01
104.002 2.047949730915372968e-01
104.01 2.047823773907320455e-01
104.018 2.047697818885895749e-01
104.027 2.047571865854968809e-01
104.035 2.047445914821399149e-01
104.043 2.047319965786058849e-01
104.052 2.047194018746831268e-01
104.06 2.047068073713557979e-01
104.068 2.046942130703546525e-01
104.077 2.046816189692254595e-01
104.085 2.046690250692505542e-01
104.093 2.046564313720100337e-01
104.101 2.046438378772910405e-01
104.11 2.046312445851793116e-01
104.118 2.046186514948646062e-01
104.126 2.046060586086722310e-01
104.135 2.045934659259409094e-01
104.143 2.045808734476510515e-01
104.151 2.045682811734398365e-01
104.16 2.045556891036904579e-01
104.168 2.045430972386368118e-01
104.176 2.045305055786614534e-01
104.185 2.045179141253398725e-01
104.193 2.045053228778610788e-01
104.201 2.044927318363088387e-01
104.209 2.044801410010651521e-01
104.218 2.044675503738526134e-01
104.226 2.044549599537111018e-01
104.234 2.044423697413195462e-01
104.243 2.044297797363139879e-01
104.251 2.044171899408622484e-01
104.259 2.044046003538550482e-01
104.268 2.043920109750769765e-01
104.276 2.043794218060989709e-01
104.284 2.043668328468539463e-01
104.293 2.043542440977210717e-01
104.301 2.043416555596745954e-01
104.309 2.043290672319028889e-01
104.318 2.043164791146360182e-01
104.326 2.043038912095909432e-01
104.334 2.042913035161047219e-01
104.342 2.042787160350010567e-01
104.351 2.042661287662116687e-01
104.359 2.042535417093709060e-01
104.367 2.042409548667878660e-01
104.376 2.042283682367591613e-01
104.384 2.042157818214442866e-01
104.392 2.042031956206250554e-01
104.401 2.041906096337866849e-01
104.409 2.041780238605629128e-01
104.417 2.041654383035567122e-01
104.426 2.041528529621041699e-01
104.434 2.041402678358383849e-01
104.442 2.041276829264701553e-01
104.45 2.041150982337803510e-01
104.459 2.041025137576984450e-01
104.467 2.040899294984505896e-01
104.475 2.040773454562626876e-01
104.484 2.040647616329913927e-01
104.492 2.040521780272308849e-01
104.5 2.040395946405405558e-01
104.509 2.040270114725522832e-01
104.517 2.040144285228981391e-01
104.525 2.040018457935807994e-01
104.534 2.039892632833429087e-01
104.542 2.039766809932975766e-01
104.55 2.039640989255934733e-01
104.559 2.039515170773443797e-01
104.567 2.039389354498106766e-01
104.575 2.039263540449917089e-01
104.583 2.039137728614821843e-01
104.592 2.039011918990613348e-01
104.6 2.038886111601712625e-01
104.608 2.038760306448857973e-01
104.617 2.038634503510608209e-01
104.625 2.038508702818762064e-01
104.633 2.038382904369618331e-01
104.642 2.038257108147652763e-01
104.65 2.038131314175776476e-01
104.658 2.038005522457675689e-01
104.667 2.037879732980782121e-01
104.675 2.037753945775375441e-01
104.683 2.037628160818543699e-01
104.691 2.037502378121354429e-01
104.7 2.037376597688963231e-01
104.708 2.037250819529473622e-01
104.716 2.037125043640651001e-01
104.725 2.036999270020263819e-01
104.733 2.036873498692639561e-01
104.741 2.036747729633407444e-01
104.75 2.036621962849185508e-01
104.758 2.036496198371662014e-01
104.766 2.036370436174994858e-01
104.775 2.036244676282011612e-01
104.783 2.036118918687517265e-01
104.791 2.035993163383371662e-01
104.799 2.035867410389440024e-01
104.808 2.035741659703472761e-01
104.816 2.035615911324695493e-01
104.824 2.035490165259696838e-01
104.833 2.035364421516536182e-01
104.841 2.035238680094432207e-01
104.849 2.035112940998492770e-01
104.858 2.034987204224988355e-01
104.866 2.034861469777553000e-01
104.874 2.034735737665704092e-01
104.883 2.034610007900423401e-01
104.891 2.034484280469148476e-01
104.899 2.034358555379915945e-01
104.908 2.034232832640758826e-01
104.916 2.034107112249410598e-01
104.924 2.033981394209486704e-01
104.932 2.033855678527541899e-01
104.941 2.033729965214531865e-01
104.949 2.033604254256429211e-01
104.957 2.033478545661248638e-01
104.966 2.033352839439942217e-01
104.974 2.033227135600515212e-01
104.982 2.033101434123063267e-01
104.991 2.032975735025875086e-01
104.999 2.032850038319882757e-01
105.007 2.032724343996933636e-01
105.016 2.032598652060616518e-01
105.024 2.032472962518923343e-01
105.032 2.032347275373970197e-01
105.04 2.032221590624938568e-01
105.049 2.032095908276877749e-01
105.057 2.031970228342163953e-01
105.065 2.031844550800910032e-01
105.074 2.031718875681619019e-01
105.082 2.031593202980528645e-01
105.09 2.031467532689481548e-01
105.099 2.031341864823771604e-01
105.107 2.031216199379635157e-01
105.115 2.031090536363565902e-01
105.124 2.030964875786447632e-01
105.132 2.030839217641582928e-01
105.14 2.030713561928135236e-01
105.149 2.030587908652588813e-01
105.157 2.030462257830206452e-01
105.165 2.030336609451359187e-01
105.173 2.030210963522523782e-01
105.182 2.030085320047243236e-01
105.19 2.029959679030521047e-01
105.198 2.029834040477361268e-01
105.207 2.029708404379598763e-01
105.215 2.029582770743696696e-01
105.223 2.029457139587809988e-01
105.232 2.029331510909615499e-01
105.24 2.029205884692181772e-01
105.248 2.029080260963880278e-01
105.257 2.028954639712161057e-01
105.265 2.028829020944929451e-01
105.273 2.028703404670086641e-01
105.281 2.028577790891148425e-01
105.29 2.028452179608707384e-01
105.298 2.028326570813137608e-01
105.306 2.028200964521090777e-01
105.315 2.028075360749206635e-01
105.323 2.027949759474721447e-01
105.331 2.027824160702601797e-01
105.34 2.027698564446563378e-01
105.348 2.027572970720313561e-01
105.356 2.027447379504012659e-01
105.365 2.027321790817196712e-01
105.373 2.027196204653151645e-01
105.381 2.027070621016828500e-01
105.389 2.026945039927742775e-01
105.398 2.026819461363149610e-01
105.406 2.026693885336734724e-01
105.414 2.026568311856349613e-01
105.423 2.026442740924014885e-01
105.431 2.026317172537382694e-01
105.439 2.026191606699928593e-01
105.448 2.026066043426770491e-01
105.456 2.025940482709732149e-01
105.464 2.025814924545005780e-01
105.473 2.025689368946245739e-01
105.481 2.025563815928552724e-01
105.489 2.025438265469201859e-01
105.498 2.025312717580381172e-01
105.506 2.025187172287361836e-01
105.514 2.025061629568873645e-01
105.522 2.024936089426918329e-01
105.531 2.024810551864950070e-01
105.539 2.024685016905307666e-01
105.547 2.024559484549980914e-01
105.556 2.024433954768995736e-01
105.564 2.024308427589041059e-01
105.572 2.024182903016460977e-01
105.581 2.024057381051786175e-01
105.589 2.023931861691188883e-01
105.597 2.023806344945363600e-01
105.606 2.023680830819188092e-01
105.614 2.023555319298678545e-01
105.622 2.023429810414827390e-01
105.63 2.023304304152197808e-01
105.639 2.023178800496805152e-01
105.647 2.023053299489782908e-01
105.655 2.022927801118588331e-01
105.664 2.022802305372141118e-01
105.672 2.022676812278497716e-01
105.68 2.022551321820774961e-01
105.689 2.022425834003831469e-01
105.697 2.022300348841218620e-01
105.705 2.022174866333438237e-01
105.714 2.022049386475203159e-01
105.722 2.021923909284394083e-01
105.73 2.021798434749927098e-01
105.739 2.021672962875197266e-01
105.747 2.021547493679523577e-01
105.755 2.021422027144581524e-01
105.763 2.021296563278106584e-01
105.772 2.021171102103740125e-01
105.78 2.021045643607502496e-01
105.788 2.020920187784096267e-01
105.797 2.020794734654261238e-01
105.805 2.020669284202573912e-01
105.813 2.020543836456991094e-01
105.822 2.020418391407868830e-01
105.83 2.020292949047019782e-01
105.838 2.020167509396597894e-01
105.847 2.020042072449854398e-01
105.855 2.019916638202931825e-01
105.863 2.019791206672194028e-01
105.871 2.019665777855222111e-01
105.88 2.019540351759705477e-01
105.888 2.019414928371675300e-01
105.896 2.019289507721913624e-01
105.905 2.019164089790674299e-01
105.913 2.019038674585641457e-01
105.921 2.018913262121700969e-01
105.93 2.018787852382002423e-01
105.938 2.018662445387197635e-01
105.946 2.018537041134859100e-01
105.955 2.018411639621112696e-01
105.963 2.018286240859390457e-01
105.971 2.018160844851580593e-01
105.979 2.018035451596693064e-01
105.988 2.017910061093732554e-01
105.996 2.017784673350352664e-01
106.004 2.017659288375638349e-01
106.013 2.017533906158510970e-01
106.021 2.017408526718132422e-01
106.029 2.017283150044862083e-01
106.038 2.017157776146335513e-01
106.046 2.017032405031626563e-01
106.054 2.016907036692530963e-01
106.063 2.016781671140995824e-01
106.071 2.016656308373132866e-01
106.079 2.016530948395127976e-01
106.088 2.016405591213159820e-01
106.096 2.016280236831968498e-01
106.104 2.016154885240472872e-01
106.112 2.016029536453476101e-01
106.121 2.015904190472832813e-01
106.129 2.015778847306149146e-01
106.137 2.015653506938032968e-01
106.146 2.015528169396201830e-01
106.154 2.015402834666699949e-01
106.162 2.015277502762868600e-01
106.171 2.015152173676497682e-01
106.179 2.015026847416616917e-01
106.187 2.014901523985064835e-01
106.196 2.014776203382250552e-01
106.204 2.014650885624362509e-01
106.212 2.014525570704625290e-01
106.22 2.014400258622004725e-01
106.229 2.014274949388378255e-01
106.237 2.014149642991230893e-01
106.245 2.014024339453907297e-01
106.254 2.013899038773926675e-01
106.262 2.013773740940216495e-01
106.27 2.013648445967499701e-01
106.279 2.013523153861899728e-01
106.287 2.013397864620932176e-01
106.295 2.013272578253581802e-01
106.304 2.013147294745902816e-01
106.312 2.013022014109744073e-01
106.32 2.012896736358369409e-01
106.329 2.012771461490725500e-01
106.337 2.012646189514342709e-01
106.345 2.012520920408127356e-01
106.353 2.012395654195353600e-01
106.362 2.012270390879255522e-01
106.37 2.012145130444462360e-01
106.378 2.012019872924250274e-01
106.387 2.011894618301812987e-01
106.395 2.011769366576092455e-01
106.403 2.011644117757459549e-01
106.412 2.011518871857713997e-01
106.42 2.011393628872922279e-01
106.428 2.011268388799157814e-01
106.437 2.011143151632492077e-01
106.445 2.011017917399000321e-01
106.453 2.010892686094744863e-01
106.461 2.010767457717220763e-01
106.47 2.010642232271061813e-01
106.478 2.010517009749479000e-01
106.486 2.010391790168524484e-01
106.495 2.010266573528543266e-01
106.503 2.010141359829877294e-01
106.511 2.010016149077149539e-01
106.52 2.009890941279259824e-01
106.528 2.009765736429413030e-01
106.536 2.009640534525095612e-01
106.545 2.009515335586609108e-01
106.553 2.009390139602878211e-01
106.561 2.009264946585641309e-01
106.569 2.009139756540927468e-01
106.578 2.009014569457664434e-01
106.586 2.008889385349004741e-01
106.594 2.008764204209576021e-01
106.603 2.008639026053946897e-01
106.611 2.008513850875316420e-01
106.619 2.008388678678280082e-01
106.628 2.008263509481664488e-01
106.636 2.008138343267275860e-01
106.644 2.008013180042551027e-01
106.653 2.007888019810649682e-01
106.661 2.007762862588959585e-01
106.669 2.007637708357871420e-01
106.678 2.007512557120543772e-01
106.686 2.007387408911418258e-01
106.694 2.007262263703777361e-01
106.702 2.007137121519252387e-01
106.711 2.007011982336822098e-01
106.719 2.006886846168162986e-01
106.727 2.006761713033469452e-01
106.736 2.006636582930193258e-01
106.744 2.006511455833058788e-01
106.752 2.006386331776457421e-01
106.761 2.006261210760676705e-01
106.769 2.006136092773226909e-01
106.777 2.006010977830016973e-01
106.786 2.005885865918559108e-01
106.794 2.005760757056173904e-01
106.802 2.005635651250239071e-01
106.81 2.005510548488267097e-01
106.819 2.005385448780470925e-01
106.827 2.005260352128549750e-01
106.835 2.005135258535617471e-01
106.844 2.005010168009042082e-01
106.852 2.004885080549094756e-01
106.86 2.004759996143294365e-01
106.869 2.004634914807507939e-01
106.877 2.004509836566093772e-01
106.885 2.004384761393810110e-01
106.894 2.004259689290929236e-01
106.902 2.004134620283214152e-01
106.91 2.004009554352512157e-01
106.919 2.003884491510419252e-01
106.927 2.003759431767103694e-01
106.935 2.003634375108668819e-01
106.943 2.003509321553773592e-01
106.952 2.003384271091350477e-01
106.96 2.003259223735804617e-01
106.968 2.003134179481730337e-01
106.977 2.003009138337864259e-01
106.985 2.002884100310114157e-01
106.993 2.002759065390240234e-01
107.002 2.002634033594043739e-01
107.01 2.002509004909046042e-01
107.018 2.002383979352451160e-01
107.027 2.002258956911781851e-01
107.035 2.002133937607062653e-01
107.043 2.002008921438525879e-01
107.051 2.001883908396523137e-01
107.06 2.001758898489762739e-01
107.068 2.001633891729776848e-01
107.076 2.001508888105499873e-01
107.085 2.001383887628458147e-01
107.093 2.001258890301700899e-01
107.101 2.001133896122634370e-01
107.11 2.001008905108412061e-01
107.118 2.000883917238098497e-01
107.126 2.000758932527433587e-01
107.135 2.000633950982280140e-01
107.143 2.000508972600037738e-01
107.151 2.000383997395019930e-01
107.159 2.000259025354754472e-01
107.168 2.000134056486505552e-01
107.176 2.000009090798940681e-01
107.184 1.999884128286635587e-01
107.193 1.999759168955434763e-01
107.201 1.999634212811182421e-01
107.209 1.999509259849860665e-01
107.218 1.999384310089978301e-01
107.226 1.999259363512027876e-01
107.234 1.999134420138735657e-01
107.243 1.999009479966075975e-01
107.251 1.998884542984399604e-01
107.259 1.998759609207976518e-01
107.268 1.998634678652475849e-01
107.276 1.998509751304022586e-01
107.284 1.998384827158590504e-01
107.292 1.998259906231841798e-01
107.301 1.998134988526777400e-01
107.309 1.998010074042176898e-01
107.317 1.997885162785255631e-01
107.326 1.997760254753385700e-01
107.334 1.997635349946752514e-01
107.342 1.997510448375372505e-01
107.351 1.997385550049255720e-01
107.359 1.997260654955937687e-01
107.367 1.997135763094196326e-01
107.376 1.997010874482458842e-01
107.384 1.996885989122299254e-01
107.392 1.996761107005471103e-01
107.4 1.996636228141968061e-01
107.409 1.996511352530557226e-01
107.417 1.996386480181225331e-01
107.425 1.996261611096943056e-01
107.434 1.996136745269459223e-01
107.442 1.996011882708753626e-01
107.45 1.995887023417792228e-01
107.459 1.995762167398137110e-01
107.467 1.995637314648542604e-01
107.475 1.995512465187388729e-01
107.484 1.995387618992404966e-01
107.492 1.995262776091769330e-01
107.5 1.995137936481427843e-01
107.508 1.995013100141923290e-01
107.517 1.994888267098614554e-01
107.525 1.994763437357247593e-01
107.533 1.994638610905367648e-01
107.542 1.994513787762716983e-01
107.55 1.994388967918237499e-01
107.558 1.994264151366478277e-01
107.567 1.994139338127168259e-01
107.575 1.994014528203239822e-01
107.583 1.993889721594828413e-01
107.592 1.993764918293679522e-01
107.6 1.993640118319502663e-01
107.608 1.993515321669631357e-01
107.617 1.993390528334412215e-01
107.625 1.993265738332142545e-01
107.633 1.993140951650375359e-01
107.641 1.993016168304606595e-01
107.65 1.992891388299147526e-01
107.658 1.992766611635518048e-01
107.666 1.992641838306854762e-01
107.675 1.992517068321658924e-01
107.683 1.992392301682839317e-01
107.691 1.992267538386325587e-01
107.7 1.992142778444795925e-01
107.708 1.992018021868128264e-01
107.716 1.991893268638295078e-01
107.725 1.991768518763782359e-01
107.733 1.991643772271197710e-01
107.741 1.991519029127174212e-01
107.749 1.991394289342981738e-01
107.758 1.991269552942423193e-01
107.766 1.991144819920022124e-01
107.774 1.991020090268909859e-01
107.783 1.990895363996156575e-01
107.791 1.990770641100467475e-01
107.799 1.990645921590299960e-01
107.808 1.990521205478280875e-01
107.816 1.990396492745006851e-01
107.824 1.990271783403107231e-01
107.833 1.990147077458238878e-01
107.841 1.990022374909098946e-01
107.849 1.989897675773868446e-01
107.858 1.989772980028975402e-01
107.866 1.989648287682856675e-01
107.874 1.989523598755071621e-01
107.882 1.989398913241526845e-01
107.891 1.989274231150643946e-01
107.899 1.989149552463035930e-01
107.907 1.989024877198244667e-01
107.916 1.988900205346618988e-01
107.924 1.988775536927690490e-01
107.932 1.988650871940141063e-01
107.941 1.988526210378481485e-01
107.949 1.988401552253897253e-01
107.957 1.988276897548402478e-01
107.966 1.988152246296784054e-01
107.974 1.988027598494934156e-01
107.982 1.987902954119318555e-01
107.99 1.987778313190823321e-01
107.999 1.987653675722001190e-01
108.007 1.987529041694867937e-01
108.015 1.987404411124746584e-01
108.024 1.987279784018629036e-01
108.032 1.987155160365473294e-01
108.04 1.987030540177812388e-01
108.049 1.986905923448768763e-01
108.057 1.986781310188098504e-01
108.065 1.986656700405552423e-01
108.074 1.986532094103944657e-01
108.082 1.986407491263923186e-01
108.09 1.986282891896621328e-01
108.098 1.986158296018706304e-01
108.107 1.986033703624675573e-01
108.115 1.985909114718724389e-01
108.123 1.985784529303660784e-01
108.132 1.985659947371215539e-01
108.14 1.985535368935268385e-01
108.148 1.985410794004155988e-01
108.157 1.985286222565456893e-01
108.165 1.985161654637189743e-01
108.173 1.985037090211079491e-01
108.182 1.984912529285776106e-01
108.19 1.984787971875137391e-01
108.198 1.984663417976421096e-01
108.207 1.984538867596562783e-01
108.215 1.984414320730056580e-01
108.223 1.984289777387980569e-01
108.231 1.984165237573117802e-01
108.24 1.984040701277194341e-01
108.248 1.983916168504374355e-01
108.256 1.983791639276774876e-01
108.265 1.983667113581973895e-01
108.273 1.983542591415843048e-01
108.281 1.983418072794961851e-01
108.29 1.983293557712437760e-01
108.298 1.983169046177939432e-01
108.306 1.983044538185952943e-01
108.315 1.982920033747521404e-01
108.323 1.982795532864027876e-01
108.331 1.982671035534093462e-01
108.339 1.982546541750825897e-01
108.348 1.982422051537665597e-01
108.356 1.982297564891851438e-01
108.364 1.982173081800973069e-01
108.373 1.982048602285700623e-01
108.381 1.981924126340512127e-01
108.389 1.981799653962647012e-01
108.398 1.981675185170005127e-01
108.406 1.981550719954306150e-01
108.414 1.981426258315539812e-01
108.423 1.981301800264709534e-01
108.431 1.981177345797668354e-01
108.439 1.981052894914399898e-01
108.448 1.980928447634155432e-01
108.456 1.980804003948654912e-01
108.464 1.980679563849623570e-01
108.472 1.980555127346671218e-01
108.481 1.980430694454903828e-01
108.489 1.980306265172918634e-01
108.497 1.980181839485562201e-01
108.506 1.980057417417555865e-01
108.514 1.979932998964741842e-01
108.522 1.979808584117470349e-01
108.531 1.979684172892200167e-01
108.539 1.979559765286147688e-01
108.547 1.979435361300652396e-01
108.556 1.979310960953533649e-01
108.564 1.979186564218655686e-01
108.572 1.979062171113833701e-01
108.58 1.978937781654129813e-01
108.589 1.978813395821651389e-01
108.597 1.978689013624593540e-01
108.605 1.978564635086238477e-01
108.614 1.978440260179090970e-01
108.622 1.978315888911340581e-01
108.63 1.978191521298027777e-01
108.639 1.978067157341840687e-01
108.647 1.977942797038610145e-01
108.655 1.977818440381429455e-01
108.664 1.977694087390808597e-01
108.672 1.977569738059832549e-01
108.68 1.977445392396667279e-01
108.688 1.977321050399881985e-01
108.697 1.977196712069415330e-01
108.705 1.977072377403835679e-01
108.713 1.976948046419514105e-01
108.722 1.976823719116385936e-01
108.73 1.976699395493012046e-01
108.738 1.976575075541109616e-01
108.747 1.976450759275669433e-01
108.755 1.976326446704830264e-01
108.763 1.976202137817571203e-01
108.772 1.976077832627499697e-01
108.78 1.975953531134538865e-01
108.788 1.975829233329037538e-01
108.797 1.975704939227332091e-01
108.805 1.975580648823870578e-01
108.813 1.975456362134977439e-01
108.821 1.975332079152367359e-01
108.83 1.975207799871856462e-01
108.838 1.975083524319322104e-01
108.846 1.974959252464616455e-01
108.855 1.974834984333613541e-01
108.863 1.974710719926220104e-01
108.871 1.974586459234149993e-01
108.88 1.974462202269602062e-01
108.888 1.974337949037942852e-01
108.896 1.974213699534981270e-01
108.905 1.974089453768806679e-01
108.913 1.973965211724311442e-01
108.921 1.973840973430053269e-01
108.929 1.973716738876376831e-01
108.938 1.973592508049540617e-01
108.946 1.973468280983540213e-01
108.954 1.973344057667355822e-01
108.963 1.973219838092701850e-01
108.971 1.973095622277192818e-01
108.979 1.972971410219354071e-01
108.988 1.972847201908173587e-01
108.996 1.972722997365344844e-01
109.004 1.972598796586660930e-01
109.013 1.972474599563836528e-01
109.021 1.972350406321272120e-01
109.029 1.972226216849315150e-01
109.038 1.972102031143759815e-01
109.046 1.971977849211295486e-01
109.054 1.971853671065411928e-01
109.062 1.971729496699178852e-01
109.071 1.971605326109750478e-01
109.079 1.971481159311967157e-01
109.087 1.971356996294817421e-01
109.096 1.971232837077217248e-01
109.104 1.971108681653591654e-01
109.112 1.970984530014293079e-01
109.121 1.970860382175505798e-01
109.129 1.970736238145249231e-01
109.137 1.970612097919305639e-01
109.146 1.970487961496180940e-01
109.154 1.970363828873020196e-01
109.162 1.970239700065988253e-01
109.17 1.970115575070864877e-01
109.179 1.969991453894299749e-01
109.187 1.969867336530714552e-01
109.195 1.969743222996257481e-01
109.204 1.969619113278562872e-01
109.212 1.969495007386984076e-01
109.22 1.969370905321371490e-01
109.229 1.969246807082933870e-01
109.237 1.969122712686438292e-01
109.245 1.968998622133084353e-01
109.254 1.968874535392882708e-01
109.262 1.968750452503650328e-01
109.27 1.968626373466579316e-01
109.278 1.968502298269308448e-01
109.287 1.968378226914390683e-01
109.295 1.968254159415216420e-01
109.303 1.968130095768910737e-01
109.312 1.968006035976663515e-01
109.32 1.967881980034244804e-01
109.328 1.967757927960452624e-01
109.337 1.967633879752403447e-01
109.345 1.967509835393682904e-01
109.353 1.967385794919316588e-01
109.362 1.967261758306120822e-01
109.37 1.967137725564747641e-01
109.378 1.967013696705847137e-01
109.387 1.966889671717063914e-01
109.395 1.966765650614453464e-01
109.403 1.966641633384310639e-01
109.411 1.966517620038627512e-01
109.42 1.966393610596147423e-01
109.428 1.966269605021539191e-01
109.436 1.966145603348411763e-01
109.445 1.966021605576574738e-01
109.453 1.965897611696380554e-01
109.461 1.965773621713047814e-01
109.47 1.965649635631787351e-01
109.478 1.965525653452408206e-01
109.486 1.965401675180119823e-01
109.495 1.965277700824177853e-01
109.503 1.965153730376284491e-01
109.511 1.965029763840293042e-01
109.519 1.964905801214655579e-01
109.528 1.964781842512669796e-01
109.536 1.964657887730083818e-01
109.544 1.964533936874788278e-01
109.553 1.964409989947926427e-01
109.561 1.964286046950642628e-01
109.569 1.964162107871943175e-01
109.578 1.964038172727801124e-01
109.586 1.963914241534179539e-01
109.594 1.963790314266607995e-01
109.603 1.963666390949130036e-01
109.611 1.963542471570751402e-01
109.619 1.963418556117790814e-01
109.628 1.963294644625057372e-01
109.636 1.963170737097712504e-01
109.644 1.963046833505913413e-01
109.652 1.962922933876369014e-01
109.661 1.962799038206165247e-01
109.669 1.962675146495077017e-01
109.677 1.962551258737499638e-01
109.686 1.962427374943974123e-01
109.694 1.962303495133106701e-01
109.702 1.962179619283143106e-01
109.711 1.962055747396548033e-01
109.719 1.961931879497294529e-01
109.727 1.961808015566328389e-01
109.736 1.961684155611480851e-01
109.744 1.961560299643272387e-01
109.752 1.961436447656088600e-01
109.76 1.961312599660443301e-01
109.769 1.961188755648035076e-01
109.777 1.961064915626684890e-01
109.785 1.960941079601523640e-01
109.794 1.960817247574993538e-01
109.802 1.960693419546848670e-01
109.81 1.960569595508790675e-01
109.819 1.960445775471315044e-01
109.827 1.960321959455644247e-01
109.835 1.960198147440055660e-01
109.844 1.960074339426985390e-01
109.852 1.959950535437644803e-01
109.86 1.959826735453002733e-01
109.868 1.959702939488898732e-01
109.877 1.959579147545074673e-01
109.885 1.959455359629316828e-01
109.893 1.959331575725283825e-01
109.902 1.959207795854158718e-01
109.91 1.959084020015680050e-01
109.918 1.958960248198866327e-01
109.927 1.958836480424890059e-01
109.935 1.958712716682767807e-01
109.943 1.958588956982948159e-01
109.952 1.958465201319807558e-01
109.96 1.958341449701108961e-01
109.968 1.958217702134614213e-01
109.977 1.958093958598636775e-01
109.985 1.957970219119673505e-01
109.993 1.957846483697444906e-01
110.001 1.957722752334352112e-01
110.01 1.957599025024765182e-01
110.018 1.957475301768410170e-01
110.026 1.957351582573030047e-01
110.035 1.957227867454388315e-01
110.043 1.957104156388139449e-01
110.051 1.956980449400734789e-01
110.06 1.956856746481194509e-01
110.068 1.956733047647939983e-01
110.076 1.956609352871290508e-01
110.085 1.956485662175009022e-01
110.093 1.956361975574827661e-01
110.101 1.956238293046416998e-01
110.109 1.956114614600169832e-01
110.118 1.955990940243803045e-01
110.126 1.955867269985026580e-01
110.134 1.955743603807531816e-01
110.143 1.955619941735040057e-01
110.151 1.955496283756577025e-01
110.159 1.955372629871842960e-01
110.168 1.955248980088542532e-01
110.176 1.955125334414373750e-01
110.184 1.955001692854362316e-01
110.193 1.954878055384206836e-01
110.201 1.954754422032931038e-01
110.209 1.954630792797557859e-01
110.218 1.954507167685773095e-01
110.226 1.954383546689268392e-01
110.234 1.954259929802406592e-01
110.242 1.954136317032870995e-01
110.251 1.954012708393666475e-01
110.259 1.953889103889797640e-01
110.267 1.953765503520946967e-01
110.276 1.953641907273485356e-01
110.284 1.953518315152420193e-01
110.292 1.953394727178723589e-01
110.301 1.953271143344086636e-01
110.309 1.953147563650848573e-01
110.317 1.953023988088044838e-01
110.326 1.952900416684608675e-01
110.334 1.952776849432232009e-01
110.342 1.952653286314632863e-01
110.35 1.952529727360731160e-01
110.359 1.952406172562215492e-01
110.367 1.952282621910783056e-01
110.375 1.952159075432676749e-01
110.384 1.952035533108959497e-01
110.392 1.951911994944608986e-01
110.4 1.951788460949916704e-01
110.409 1.951664931127198022e-01
110.417 1.951541405473457835e-01
110.425 1.951417883993663560e-01
110.434 1.951294366682166659e-01
110.442 1.951170853554549667e-01
110.45 1.951047344623734192e-01
110.458 1.950923839852221342e-01
110.467 1.950800339263551453e-01
110.475 1.950676842870636973e-01
110.483 1.950553350673125130e-01
110.492 1.950429862660056357e-01
110.5 1.950306378839035404e-01
110.508 1.950182899215010535e-01
110.517 1.950059423784978596e-01
110.525 1.949935952564482433e-01
110.533 1.949812485539915152e-01
110.542 1.949689022718869014e-01
110.55 1.949565564122175132e-01
110.558 1.949442109717683946e-01
110.567 1.949318659526226571e-01
110.575 1.949195213560675766e-01
110.583 1.949071771802132758e-01
110.591 1.948948334252880721e-01
110.6 1.948824900936376447e-01
110.608 1.948701471846952804e-01
110.616 1.948578046978948763e-01
110.625 1.948454626337284279e-01
110.633 1.948331209929523578e-01
110.641 1.948207797736780378e-01
110.65 1.948084389800992244e-01
110.658 1.947960986103266234e-01
110.666 1.947837586622082062e-01
110.675 1.947714191396711925e-01
110.683 1.947590800408274259e-01
110.691 1.947467413677524128e-01
110.699 1.947344031185586355e-01
110.708 1.947220652942645569e-01
110.716 1.947097278964162737e-01
110.724 1.946973909225982180e-01
110.733 1.946850543743565143e-01
110.741 1.946727182524441435e-01
110.749 1.946603825570860924e-01
110.758 1.946480472885067092e-01
110.766 1.946357124461391419e-01
110.774 1.946233780296804661e-01
110.783 1.946110440414654530e-01
110.791 1.945987104798715950e-01
110.799 1.945863773448596734e-01
110.808 1.945740446390265832e-01
110.816 1.945617123612774779e-01
110.824 1.945493805105177887e-01
110.832 1.945370490893431337e-01
110.841 1.945247180953414146e-01
110.849 1.945123875305804773e-01
110.857 1.945000573952828382e-01
110.866 1.944877276907244212e-01
110.874 1.944753984137041758e-01
110.882 1.944630695657615371e-01
110.891 1.944507411489617699e-01
110.899 1.944384131622103051e-01
110.907 1.944260856059923936e-01
110.916 1.944137584792140216e-01
110.924 1.944014317855173590e-01
110.932 1.943891055214400365e-01
110.94 1.943767796874671105e-01
110.949 1.943644542869758518e-01
110.957 1.943521293172938702e-01
110.965 1.943398047794310246e-01
110.974 1.943274806746595473e-01
110.982 1.943151570010968054e-01
110.99 1.943028337600147260e-01
110.999 1.942905109521589069e-01
111.007 1.942781885787999707e-01
111.015 1.942658666364797948e-01
111.024 1.942535451275199943e-01
111.032 1.942412240545032254e-01
111.04 1.942289034144973614e-01
111.048 1.942165832071970355e-01
111.057 1.942042634349213925e-01
111.065 1.941919440981514366e-01
111.073 1.941796251955311969e-01
111.082 1.941673067272794984e-01
111.09 1.941549886944018144e-01
111.098 1.941426710984273940e-01
111.107 1.941303539369516329e-01
111.115 1.941180372120282493e-01
111.123 1.941057209220394542e-01
111.132 1.940934050685138301e-01
111.14 1.940810896527170870e-01
111.148 1.940687746727697560e-01
111.157 1.940564601296751457e-01
111.165 1.940441460239120952e-01
111.173 1.940318323559594438e-01
111.181 1.940195191255097429e-01
111.19 1.940072063325175011e-01
111.198 1.939948939777229320e-01
111.206 1.939825820613420293e-01
111.215 1.939702705833291074e-01
111.223 1.939579595438997439e-01
111.231 1.939456489440546660e-01
111.24 1.939333387824395682e-01
111.248 1.939210290603164133e-01
111.256 1.939087197789462202e-01
111.265 1.938964109361902555e-01
111.273 1.938841025333095380e-01
111.281 1.938717945710419222e-01
111.289 1.938594870490786826e-01
111.298 1.938471799689409358e-01
111.306 1.938348733284909753e-01
111.314 1.938225671279433515e-01
111.323 1.938102613703855948e-01
111.331 1.937979560544637880e-01
111.339 1.937856511790858605e-01
111.348 1.937733467460323877e-01
111.356 1.937610427562992954e-01
111.364 1.937487392082722637e-01
111.373 1.937364361019037196e-01
111.381 1.937241334384505465e-01
111.389 1.937118312196905168e-01
111.398 1.936995294437486026e-01
111.406 1.936872281095332882e-01
111.414 1.936749272193437899e-01
111.422 1.936626267739132434e-01
111.431 1.936503267724103972e-01
111.439 1.936380272158289839e-01
111.447 1.936257281028166966e-01
111.456 1.936134294348879348e-01
111.464 1.936011312125144601e-01
111.472 1.935888334333021876e-01
111.481 1.935765361005883367e-01
111.489 1.935642392140622947e-01
111.497 1.935519427734135045e-01
111.506 1.935396467780716445e-01
111.514 1.935273512292882969e-01
111.522 1.935150561267530434e-01
111.53 1.935027614704154797e-01
111.539 1.934904672607460907e-01
111.547 1.934781735000357383e-01
111.555 1.934658801853716970e-01
111.564 1.934535873174839382e-01
111.572 1.934412948984023939e-01
111.58 1.934290029270356037e-01
111.589 1.934167114028125523e-01
111.597 1.934044203280217422e-01
111.605 1.933921297023516728e-01
111.614 1.933798395241915768e-01
111.622 1.933675497955688050e-01
111.63 1.933552605151325210e-01
111.638 1.933429716854289382e-01
111.647 1.933306833053666518e-01
111.655 1.933183953741146599e-01
111.663 1.933061078929194099e-01
111.672 1.932938208627669463e-01
111.68 1.932815342830855043e-01
111.688 1.932692481530440265e-01
111.697 1.932569624744066572e-01
111.705 1.932446772478985109e-01
111.713 1.932323924716510266e-01
111.722 1.932201081458707614e-01
111.73 1.932078242738761720e-01
111.738 1.931955408530203477e-01
111.747 1.931832578829914826e-01
111.755 1.931709753668467144e-01
111.763 1.931586933032361508e-01
111.771 1.931464116921061402e-01
111.78 1.931341305323668878e-01
111.788 1.931218498281097040e-01
111.796 1.931095695779845856e-01
111.805 1.930972897777938069e-01
111.813 1.930850104336988560e-01
111.821 1.930727315435733782e-01
111.83 1.930604531068452201e-01
111.838 1.930481751255305745e-01
111.846 1.930358975987981618e-01
111.855 1.930236205265931371e-01
111.863 1.930113439088607663e-01
111.871 1.929990677470981297e-01
111.879 1.929867920404741144e-01
111.888 1.929745167891920576e-01
111.896 1.929622419947479572e-01
111.904 1.929499676565689104e-01
111.913 1.929376937730487018e-01
111.921 1.929254203467163920e-01
111.929 1.929131473782909889e-01
111.938 1.929008748656492744e-01
111.946 1.928886028100273986e-01
111.954 1.928763312126604290e-01
111.963 1.928640600709094766e-01
111.971 1.928517893880753453e-01
111.979 1.928395191646175844e-01
111.988 1.928272493971232848e-01
111.996 1.928149800891497123e-01
112.004 1.928027112393494169e-01
112.012 1.927904428481817256e-01
112.021 1.927781749168792080e-01
112.029 1.927659074430631281e-01
112.037 1.927536404297715000e-01
112.046 1.927413738756573180e-01
112.054 1.927291077814364817e-01
112.062 1.927168421473092474e-01
112.071 1.927045769737330827e-01
112.079 1.926923122598772353e-01
112.087 1.926800480077449640e-01
112.096 1.926677842157321630e-01
112.104 1.926555208848111378e-01
112.112 1.926432580151813123e-01
112.12 1.926309956060115736e-01
112.129 1.926187336590460819e-01
112.137 1.926064721744832897e-01
112.145 1.925942111522644107e-01
112.154 1.925819505907861440e-01
112.162 1.925696904923061004e-01
112.17 1.925574308577938654e-01
112.179 1.925451716846175720e-01
112.187 1.925329129750331658e-01
112.195 1.925206547292381831e-01
112.204 1.925083969451157895e-01
112.212 1.924961396264636415e-01
112.22 1.924838827714215883e-01
112.228 1.924716263796729665e-01
112.237 1.924593704532137628e-01
112.245 1.924471149912129475e-01
112.253 1.924348599928392967e-01
112.262 1.924226054590605639e-01
112.27 1.924103513908436425e-01
112.278 1.923980977891550370e-01
112.287 1.923858446536765576e-01
112.295 1.923735919802400662e-01
112.303 1.923613397744328157e-01
112.312 1.923490880359364774e-01
112.32 1.923368367623801145e-01
112.328 1.923245859557554394e-01
112.337 1.923123356154880226e-01
112.345 1.923000857420295862e-01
112.353 1.922878363366005983e-01
112.361 1.922755873991391085e-01
112.37 1.922633389267630333e-01
112.378 1.922510909232565957e-01
112.386 1.922388433877882385e-01
112.395 1.922265963200396055e-01
112.403 1.922143497209734819e-01
112.411 1.922021035907837128e-01
112.42 1.921898579291513309e-01
112.428 1.921776127349896501e-01
112.436 1.921653680107970885e-01
112.445 1.921531237570227590e-01
112.453 1.921408799723231808e-01
112.461 1.921286366561238412e-01
112.469 1.921163938098973956e-01
112.478 1.921041514346043810e-01
112.486 1.920919095309484292e-01
112.494 1.920796680955402791e-01
112.503 1.920674271303633440e-01
112.511 1.920551866379115458e-01
112.519 1.920429466160747389e-01
112.528 1.920307070663232196e-01
112.536 1.920184679865477306e-01
112.544 1.920062293774517925e-01
112.553 1.919939912428043904e-01
112.561 1.919817535792187613e-01
112.569 1.919695163881637856e-01
112.578 1.919572796695745986e-01
112.586 1.919450434228760771e-01
112.594 1.919328076492804458e-01
112.602 1.919205723497440230e-01
112.611 1.919083375229249655e-01
112.619 1.918961031695243513e-01
112.627 1.918838692897321119e-01
112.636 1.918716358832278923e-01
112.644 1.918594029514771315e-01
112.652 1.918471704944142153e-01
112.661 1.918349385112080585e-01
112.669 1.918227070017934910e-01
112.677 1.918104759681444615e-01
112.686 1.917982454107046986e-01
112.694 1.917860153268586554e-01
112.702 1.917737857183250128e-01
112.71 1.917615565860567306e-01
112.719 1.917493279294776309e-01
112.727 1.917370997487761186e-01
112.735 1.917248720456685984e-01
112.744 1.917126448172863373e-01
112.752 1.917004180656004808e-01
112.76 1.916881917920714995e-01
112.769 1.916759659930682702e-01
112.777 1.916637406738692651e-01
112.785 1.916515158316071110e-01
112.794 1.916392914651968704e-01
112.802 1.916270675776247101e-01
112.81 1.916148441685681381e-01
112.818 1.916026212366878090e-01
112.827 1.915903987834420841e-01
112.835 1.915781768100343063e-01
112.843 1.915659553148704730e-01
112.852 1.915537342966119883e-01
112.86 1.915415137582412441e-01
112.868 1.915292937014683450e-01
112.877 1.915170741234290264e-01
112.885 1.915048550230392943e-01
112.893 1.914926364045490825e-01
112.902 1.914804182648415509e-01
112.91 1.914682006063873898e-01
112.918 1.914559834286096440e-01
112.927 1.914437667304238200e-01
112.935 1.914315505140454787e-01
112.943 1.914193347791511846e-01
112.951 1.914071195238953582e-01
112.96 1.913949047509997947e-01
112.968 1.913826904593799727e-01
112.976 1.913704766499808307e-01
112.985 1.913582633234930941e-01
112.993 1.913460504780718774e-01
113.001 1.913338381154220946e-01
113.01 1.913216262352200325e-01
113.018 1.913094148381558890e-01
113.026 1.912972039236525146e-01
113.035 1.912849934921463102e-01
113.043 1.912727835450866720e-01
113.051 1.912605740808829835e-01
113.059 1.912483651002244711e-01
113.068 1.912361566048129680e-01
113.076 1.912239485910323111e-01
113.084 1.912117410628630387e-01
113.093 1.911995340202331806e-01
113.101 1.911873274618059171e-01
113.109 1.911751213877629363e-01
113.118 1.911629157987921601e-01
113.126 1.911507106950748880e-01
113.134 1.911385060775512290e-01
113.143 1.911263019451373280e-01
113.151 1.911140982985202741e-01
113.159 1.911018951383864350e-01
113.167 1.910896924651691309e-01
113.176 1.910774902770266126e-01
113.184 1.910652885748981011e-01
113.192 1.910530873612379110e-01
113.201 1.910408866334467048e-01
113.209 1.910286863934728130e-01
113.217 1.910164866414959528e-01
113.226 1.910042873761804982e-01
113.234 1.909920885987162198e-01
113.242 1.909798903087776001e-01
113.251 1.909676925078059861e-01
113.259 1.909554951959802349e-01
113.267 1.909432983704511810e-01
113.276 1.909311020339211906e-01
113.284 1.909189061880825211e-01
113.292 1.909067108303386107e-01
113.3 1.908945159618770093e-01
113.309 1.908823215821194019e-01
113.317 1.908701276927570745e-01
113.325 1.908579342934633716e-01
113.334 1.908457413839121375e-01
113.342 1.908335489640291260e-01
113.35 1.908213570344960697e-01
113.359 1.908091655962460831e-01
113.367 1.907969746497082120e-01
113.375 1.907847841932960309e-01
113.384 1.907725942261799534e-01
113.392 1.907604047515587542e-01
113.4 1.907482157701121672e-01
113.408 1.907360272782405164e-01
113.417 1.907238392796444248e-01
113.425 1.907116517724867788e-01
113.433 1.906994647571955415e-01
113.442 1.906872782349530171e-01
113.45 1.906750922046772656e-01
113.458 1.906629066683047657e-01
113.467 1.906507216242506464e-01
113.475 1.906385370729418993e-01
113.483 1.906263530168162967e-01
113.492 1.906141694532838826e-01
113.5 1.906019863822688565e-01
113.508 1.905898038059564981e-01
113.517 1.905776217240187642e-01
113.525 1.905654401363792438e-01
113.533 1.905532590427101713e-01
113.541 1.905410784441903260e-01
113.55 1.905288983414958892e-01
113.558 1.905167187322903966e-01
113.566 1.905045396185054418e-01
113.575 1.904923610008164847e-01
113.583 1.904801828786440998e-01
113.591 1.904680052519111821e-01
113.6 1.904558281205404047e-01
113.608 1.904436514864608632e-01
113.616 1.904314753483405120e-01
113.625 1.904192997073554383e-01
113.633 1.904071245616729136e-01
113.641 1.903949499134711953e-01
113.649 1.903827757629226458e-01
113.658 1.903706021081948974e-01
113.666 1.903584289524674344e-01
113.674 1.903462562939075287e-01
113.683 1.903340841321864152e-01
113.691 1.903219124702313914e-01
113.699 1.903097413059597898e-01
113.708 1.902975706390425958e-01
113.716 1.902854004711536096e-01
113.724 1.902732308009623674e-01
113.733 1.902610616313933078e-01
113.741 1.902488929613655178e-01
113.749 1.902367247885479729e-01
113.757 1.902245571161140791e-01
113.766 1.902123899429837006e-01
113.774 1.902002232700774897e-01
113.782 1.901880570973155382e-01
113.791 1.901758914241182818e-01
113.799 1.901637262524056848e-01
113.807 1.901515615800979386e-01
113.816 1.901393974091143690e-01
113.824 1.901272337376259391e-01
113.832 1.901150705678011921e-01
113.841 1.901029079018074497e-01
113.849 1.900907457345682727e-01
113.857 1.900785840692505446e-01
113.866 1.900664229065225919e-01
113.874 1.900542622463030629e-01
113.882 1.900421020867638089e-01
113.89 1.900299424300706252e-01
113.899 1.900177832758927488e-01
113.907 1.900056246246478453e-01
113.915 1.899934664760051517e-01
113.924 1.899813088301329222e-01
113.932 1.899691516886955478e-01
113.94 1.899569950503641191e-01
113.949 1.899448389145584060e-01
113.957 1.899326832824437539e-01
113.965 1.899205281559321612e-01
113.974 1.899083735329471778e-01
113.982 1.898962194139055815e-01
113.99 1.898840657982270586e-01
113.998 1.898719126893171905e-01
114.007 1.898597600858472345e-01
114.015 1.898476079852444987e-01
114.023 1.898354563906642090e-01
114.032 1.898233053012764737e-01
114.04 1.898111547174963776e-01
114.048 1.897990046404855191e-01
114.057 1.897868550681698074e-01
114.065 1.897747060022084709e-01
114.073 1.897625574425181039e-01
114.082 1.897504093892642130e-01
114.09 1.897382618438557267e-01
114.098 1.897261148042195811e-01
114.107 1.897139682712669362e-01
114.115 1.897018222464058601e-01
114.123 1.896896767283096086e-01
114.131 1.896775317178887310e-01
114.14 1.896653872150590725e-01
114.148 1.896532432202335527e-01
114.156 1.896410997338250082e-01
114.165 1.896289567550038524e-01
114.173 1.896168142844311399e-01
114.181 1.896046723237603537e-01
114.19 1.895925308714171975e-01
114.198 1.895803899265725845e-01
114.206 1.895682494928650208e-01
114.215 1.895561095674793139e-01
114.223 1.895439701510753805e-01
114.231 1.895318312450569864e-01
114.239 1.895196928493385058e-01
114.248 1.895075549628426892e-01
114.256 1.894954175862285373e-01
114.264 1.894832807208984005e-01
114.273 1.894711443657748073e-01
114.281 1.894590085212679298e-01
114.289 1.894468731877880507e-01
114.298 1.894347383647536631e-01
114.306 1.894226040538133649e-01
114.314 1.894104702538900176e-01
114.323 1.893983369653931548e-01
114.331 1.893862041887320602e-01
114.339 1.893740719243155735e-01
114.347 1.893619401720571804e-01
114.356 1.893498089323655820e-01
114.364 1.893376782041642226e-01
114.372 1.893255479886041259e-01
114.381 1.893134182870830906e-01
114.389 1.893012890977820717e-01
114.397 1.892891604216040136e-01
114.406 1.892770322589564791e-01
114.414 1.892649046097522603e-01
114.422 1.892527774739041491e-01
114.431 1.892406508520668440e-01
114.439 1.892285247446470475e-01
114.447 1.892163991510629473e-01
114.456 1.892042740722153504e-01
114.464 1.891921495085108207e-01
114.472 1.891800254586259999e-01
114.48 1.891679019232144487e-01
114.489 1.891557789026823144e-01
114.497 1.891436563991640840e-01
114.505 1.891315344098548068e-01
114.514 1.891194129354075715e-01
114.522 1.891072919786958850e-01
114.53 1.890951715369162123e-01
114.539 1.890830516099801795e-01
114.547 1.890709322012537053e-01
114.555 1.890588133086738842e-01
114.564 1.890466949319055123e-01
114.572 1.890345770728326102e-01
114.58 1.890224597306262855e-01
114.588 1.890103429044577288e-01
114.597 1.889982265967034558e-01
114.605 1.889861108050552574e-01
114.613 1.889739955321351195e-01
114.622 1.889618807773603415e-01
114.63 1.889497665408876592e-01
114.638 1.889376528223808416e-01
114.647 1.889255396202725590e-01
114.655 1.889134269386599230e-01
114.663 1.889013147754826094e-01
114.672 1.888892031301582508e-01
114.68 1.888770920048123414e-01
114.688 1.888649813986159332e-01
114.697 1.888528713117249014e-01
114.705 1.888407617445408970e-01
114.713 1.888286526962352219e-01
114.721 1.888165441691773139e-01
114.73 1.888044361613086253e-01
114.738 1.887923286725385064e-01
114.746 1.887802217064644961e-01
114.755 1.887681152597988632e-01
114.763 1.887560093339259726e-01
114.771 1.887439039282629294e-01
114.78 1.887317990437016868e-01
114.788 1.887196946813791687e-01
114.796 1.887075908407123692e-01
114.805 1.886954875213640026e-01
114.813 1.886833847232424477e-01
114.821 1.886712824460107796e-01
114.829 1.886591806925236314e-01
114.838 1.886470794609700075e-01
114.846 1.886349787519943921e-01
114.854 1.886228785647684481e-01
114.863 1.886107789006725155e-01
114.871 1.885986797601047482e-01
114.879 1.885865811417461457e-01
114.888 1.885744830474665457e-01
114.896 1.885623854757018936e-01
114.904 1.885502884273405066e-01
114.913 1.885381919040056975e-01
114.921 1.885260959038884410e-01
114.929 1.885140004283666071e-01
114.937 1.885019054768568292e-01
114.946 1.884898110490210443e-01
114.954 1.884777171474609769e-01
114.962 1.884656237698784653e-01
114.971 1.884535309161802785e-01
114.979 1.884414385882322851e-01
114.987 1.884293467861853921e-01
114.996 1.884172555092115120e-01
115.004 1.884051647577063837e-01
115.012 1.883930745318210809e-01
115.021 1.883809848324402292e-01
115.029 1.883688956584912699e-01
115.037 1.883568070115924642e-01
115.046 1.883447188906709480e-01
115.054 1.883326312963663485e-01
115.062 1.883205442290732112e-01
115.07 1.883084576869857030e-01
115.079 1.882963716748986271e-01
115.087 1.882842861880724694e-01
115.095 1.882722012298346237e-01
115.104 1.882601167983791735e-01
115.112 1.882480328950775217e-01
115.12 1.882359495198342170e-01
115.129 1.882238666710890629e-01
115.137 1.882117843526542322e-01
115.145 1.881997025622364206e-01
115.154 1.881876212994960662e-01
115.162 1.881755405660468783e-01
115.17 1.881634603622810153e-01
115.178 1.881513806871264183e-01
115.187 1.881393015407316072e-01
115.195 1.881272229230007975e-01
115.203 1.881151448372531398e-01
115.212 1.881030672802213033e-01
115.22 1.880909902522973354e-01
115.228 1.880789137550917811e-01
115.237 1.880668377870456098e-01
115.245 1.880547623500126719e-01
115.253 1.880426874453585417e-01
115.262 1.880306130695743871e-01
115.27 1.880185392240262821e-01
115.278 1.880064659110536052e-01
115.287 1.879943931288540204e-01
115.295 1.879823208770871334e-01
115.303 1.879702491583347956e-01
115.311 1.879581779712820311e-01
115.32 1.879461073148579464e-01
115.328 1.879340371904260620e-01
115.336 1.879219675993490102e-01
115.345 1.879098985407990363e-01
115.353 1.878978300139486357e-01
115.361 1.878857620191869693e-01
115.37 1.878736945583621698e-01
115.378 1.878616276304033439e-01
115.386 1.878495612359420697e-01
115.395 1.878374953748800091e-01
115.403 1.878254300456609349e-01
115.411 1.878133652508605089e-01
115.419 1.878013009901372543e-01
115.428 1.877892372638784169e-01
115.436 1.877771740710138804e-01
115.444 1.877651114133883636e-01
115.453 1.877530492896887782e-01
115.461 1.877409876998163696e-01
115.469 1.877289266451296346e-01
115.478 1.877168661265004312e-01
115.486 1.877048061438292281e-01
115.494 1.876927466926484600e-01
115.503 1.876806877781987126e-01
115.511 1.876686294015932344e-01
115.519 1.876565715595783224e-01
115.527 1.876445142532675858e-01
115.536 1.876324574825618541e-01
115.544 1.876204012483313754e-01
115.552 1.876083455504766184e-01
115.561 1.875962903901095269e-01
115.569 1.875842357664029292e-01
115.577 1.875721816780451801e-01
115.586 1.875601281278445887e-01
115.594 1.875480751144889546e-01
115.602 1.875360226383629980e-01
115.611 1.875239707008193035e-01
115.619 1.875119192998200568e-01
115.627 1.874998684355071443e-01
115.636 1.874878181116541032e-01
115.644 1.874757683257385066e-01
115.652 1.874637190764497918e-01
115.66 1.874516703661075201e-01
115.669 1.874396221946107166e-01
115.677 1.874275745635515522e-01
115.685 1.874155274704095708e-01
115.694 1.874034809150839920e-01
115.702 1.873914348996503498e-01
115.71 1.873793894237651969e-01
115.719 1.873673444870855020e-01
115.727 1.873553000912016320e-01
115.735 1.873432562350448860e-01
115.744 1.873312129189969588e-01
115.752 1.873191701417481481e-01
115.76 1.873071279051294891e-01
115.768 1.872950862114542980e-01
115.777 1.872830450560311055e-01
115.785 1.872710044416564523e-01
115.793 1.872589643704005991e-01
115.802 1.872469248373327677e-01
115.81 1.872348858469374822e-01
115.818 1.872228473988704622e-01
115.827 1.872108094910984177e-01
115.835 1.871987721254492198e-01
115.843 1.871867353018200897e-01
115.852 1.871746990205906402e-01
115.86 1.871626632821397906e-01
115.868 1.871506280851590875e-01
115.877 1.871385934307510934e-01
115.885 1.871265593192948662e-01
115.893 1.871145257506868775e-01
115.901 1.871024927248238767e-01
115.91 1.870904602428073160e-01
115.918 1.870784283040516360e-01
115.926 1.870663969084530864e-01
115.935 1.870543660568717015e-01
115.943 1.870423357489626459e-01
115.951 1.870303059846221694e-01
115.96 1.870182767642279142e-01
115.968 1.870062480891201695e-01
115.976 1.869942199579910647e-01
115.985 1.869821923719399426e-01
115.993 1.869701653296589328e-01
116.001 1.869581388329689120e-01
116.009 1.869461128812840434e-01
116.018 1.869340874747403014e-01
116.026 1.869220626137138574e-01
116.034 1.869100382978596264e-01
116.043 1.868980145275538352e-01
116.051 1.868859913036529929e-01
116.059 1.868739686253308718e-01
116.068 1.868619464932035623e-01
116.076 1.868499249076463753e-01
116.084 1.868379038685540616e-01
116.093 1.868258833763016269e-01
116.101 1.868138634298228129e-01
116.109 1.868018440306936645e-01
116.117 1.867898251788083497e-01
116.126 1.867778068745411246e-01
116.134 1.867657891180261875e-01
116.142 1.867537719077177472e-01
116.151 1.867417552442303674e-01
116.159 1.867297391308169463e-01
116.167 1.867177235654516043e-01
116.176 1.867057085468289968e-01
116.184 1.866936940762823349e-01
116.192 1.866816801546644367e-01
116.201 1.866696667828275369e-01
116.209 1.866576539587472272e-01
116.217 1.866456416830363230e-01
116.226 1.866336299575054314e-01
116.234 1.866216187810888216e-01
116.242 1.866096081541591400e-01
116.25 1.865975980746930052e-01
116.259 1.865855885464162978e-01
116.267 1.865735795697001098e-01
116.275 1.865615711401270027e-01
116.284 1.865495632623787869e-01
116.292 1.865375559344325807e-01
116.3 1.865255491559416612e-01
116.309 1.865135429294313973e-01
116.317 1.865015372528795179e-01
116.325 1.864895321273747353e-01
116.334 1.864775275532875309e-01
116.342 1.864655235297927593e-01
116.35 1.864535200572607909e-01
116.358 1.864415171382138303e-01
116.367 1.864295147694351173e-01
116.375 1.864175129510563522e-01
116.383 1.864055116867935624e-01
116.392 1.863935109758205477e-01
116.4 1.863815108142057586e-01
116.408 1.863695112047086544e-01
116.417 1.863575121496092168e-01
116.425 1.863455136466486417e-01
116.433 1.863335156957184324e-01
116.442 1.863215182988588181e-01
116.45 1.863095214559605806e-01
116.458 1.862975251642887686e-01
116.467 1.862855294265989281e-01
116.475 1.862735342430204277e-01
116.483 1.862615396129667089e-01
116.491 1.862495455372825126e-01
116.5 1.862375520165738541e-01
116.508 1.862255590473923250e-01
116.516 1.862135666339213014e-01
116.525 1.862015747758122286e-01
116.533 1.861895834708096331e-01
116.541 1.861775927216644533e-01
116.55 1.861656025268365600e-01
116.558 1.861536128876457585e-01
116.566 1.861416238030288717e-01
116.575 1.861296352731143244e-01
116.583 1.861176473018410216e-01
116.591 1.861056598838582987e-01
116.599 1.860936730200093148e-01
116.608 1.860816867142314479e-01
116.616 1.860697009661752555e-01
116.624 1.860577157731113096e-01
116.633 1.860457311349296705e-01
116.641 1.860337470543752536e-01
116.649 1.860217635308610007e-01
116.658 1.860097805638000201e-01
116.666 1.859977981547463188e-01
116.674 1.859858163009727172e-01
116.683 1.859738350056973633e-01
116.691 1.859618542683330322e-01
116.699 1.859498740880551337e-01
116.707 1.859378944652277932e-01
116.716 1.859259153999772984e-01
116.724 1.859139368945679771e-01
116.732 1.859019589460367827e-01
116.741 1.858899815554600488e-01
116.749 1.858780047234388222e-01
116.757 1.858660284510481875e-01
116.766 1.858540527362763373e-01
116.774 1.858420775813858228e-01
116.782 1.858301029853144937e-01
116.791 1.858181289484248100e-01
116.799 1.858061554706045004e-01
116.807 1.857941825526903956e-01
116.816 1.857822101945698356e-01
116.824 1.857702383954185910e-01
116.832 1.857582671570215116e-01
116.84 1.857462964785543402e-01
116.849 1.857343263594302130e-01
116.857 1.857223568016699300e-01
116.865 1.857103878035009092e-01
116.874 1.856984193681286144e-01
116.882 1.856864514916475861e-01
116.89 1.856744841756040043e-01
116.899 1.856625174227271302e-01
116.907 1.856505512302977223e-01
116.915 1.856385855989130251e-01
116.924 1.856266205298802985e-01
116.932 1.856146560214283203e-01
116.94 1.856026920746275399e-01
116.948 1.855907286907844955e-01
116.957 1.855787658693113795e-01
116.965 1.855668036096210782e-01
116.973 1.855548419111266167e-01
116.982 1.855428807767896815e-01
116.99 1.855309202050761663e-01
116.998 1.855189601958719681e-01
117.007 1.855070007502449825e-01
117.015 1.854950418659531974e-01
117.023 1.854830835469010453e-01
117.032 1.854711257901370813e-01
117.04 1.854591685972013237e-01
117.048 1.854472119684516529e-01
117.057 1.854352559033004000e-01
117.065 1.854233004013966790e-01
117.073 1.854113454645152370e-01
117.081 1.853993910920685995e-01
117.09 1.853874372839413309e-01
117.098 1.853754840397822679e-01
117.106 1.853635313599485135e-01
117.115 1.853515792459770606e-01
117.123 1.853396276970440959e-01
117.131 1.853276767127980396e-01
117.14 1.853157262928877003e-01
117.148 1.853037764400284060e-01
117.156 1.852918271522168703e-01
117.165 1.852798784298091972e-01
117.173 1.852679302741041256e-01
117.181 1.852559826838069412e-01
117.189 1.852440356588015702e-01
117.198 1.852320892003863628e-01
117.206 1.852201433096232197e-01
117.214 1.852081979849817539e-01
117.223 1.851962532261101635e-01
117.231 1.851843090352477683e-01
117.239 1.851723654113354989e-01
117.248 1.851604223535506244e-01
117.256 1.851484798629538242e-01
117.264 1.851365379403701328e-01
117.273 1.851245965854469988e-01
117.281 1.851126557983030774e-01
117.289 1.851007155792917247e-01
117.297 1.850887759273546762e-01
117.306 1.850768368435514177e-01
117.314 1.850648983277648763e-01
117.322 1.850529603819942581e-01
117.331 1.850410230035349768e-01
117.339 1.850290861934457132e-01
117.347 1.850171499525493923e-01
117.356 1.850052142804931576e-01
117.364 1.849932791780993790e-01
117.372 1.849813446445451870e-01
117.381 1.849694106808877636e-01
117.389 1.849574772855993310e-01
117.397 1.849455444609112709e-01
117.406 1.849336122060005194e-01
117.414 1.849216805198098112e-01
117.422 1.849097494052733825e-01
117.43 1.848978188601597406e-01
117.439 1.848858888855243188e-01
117.447 1.848739594819527043e-01
117.455 1.848620306486221387e-01
117.464 1.848501023847104185e-01
117.472 1.848381746936180181e-01
117.48 1.848262475733491728e-01
117.489 1.848143210235505818e-01
117.497 1.848023950452759578e-01
117.505 1.847904696381718337e-01
117.514 1.847785448032914224e-01
117.522 1.847666205388745764e-01
117.53 1.847546968469118145e-01
117.538 1.847427737298608375e-01
117.547 1.847308511819787114e-01
117.555 1.847189292054895460e-01
117.563 1.847070078033188623e-01
117.572 1.846950869730046296e-01
117.58 1.846831667153640832e-01
117.588 1.846712470312139032e-01
117.597 1.846593279194976289e-01
117.605 1.846474093822020324e-01
117.613 1.846354914168666095e-01
117.622 1.846235740240737000e-01
117.63 1.846116572051072213e-01
117.638 1.845997409621859264e-01
117.647 1.845878252909789741e-01
117.655 1.845759101930035673e-01
117.663 1.845639956709454466e-01
117.671 1.845520817221115994e-01
117.68 1.845401683475509369e-01
117.688 1.845282555485449894e-01
117.696 1.845163433240377404e-01
117.705 1.845044316734412437e-01
117.713 1.844925205982703431e-01
117.721 1.844806100972359864e-01
117.73 1.844687001716187325e-01
117.738 1.844567908217644159e-01
117.746 1.844448820477853079e-01
117.755 1.844329738490929071e-01
117.763 1.844210662250993227e-01
117.771 1.844091591784840500e-01
117.779 1.843972527067917200e-01
117.788 1.843853468120008054e-01
117.796 1.843734414930564280e-01
117.804 1.843615367503035340e-01
117.813 1.843496325852528872e-01
117.821 1.843377289949840181e-01
117.829 1.843258259817073530e-01
117.838 1.843139235460001801e-01
117.846 1.843020216882061690e-01
117.854 1.842901204068047305e-01
117.863 1.842782197033050462e-01
117.871 1.842663195761867212e-01
117.879 1.842544200257936471e-01
117.887 1.842425210566623617e-01
117.896 1.842306226633123045e-01
117.904 1.842187248472519356e-01
117.912 1.842068276104540103e-01
117.921 1.841949309513989108e-01
117.929 1.841830348711276932e-01
117.937 1.841711393690519671e-01
117.946 1.841592444469103140e-01
117.954 1.841473501017873715e-01
117.962 1.841354563356545071e-01
117.971 1.841235631497840641e-01
117.979 1.841116705426567857e-01
117.987 1.840997785141497145e-01
117.996 1.840878870669296619e-01
118.004 1.840759961987803450e-01
118.012 1.840641059093458265e-01
118.02 1.840522162001297923e-01
118.029 1.840403270712408501e-01
118.037 1.840284385223227848e-01
118.045 1.840165505532517232e-01
118.054 1.840046631662267118e-01
118.062 1.839927763581039599e-01
118.07 1.839808901303856548e-01
118.079 1.839690044848050210e-01
118.087 1.839571194189159875e-01
118.095 1.839452349363084604e-01
118.104 1.839333510326799648e-01
118.112 1.839214677111554175e-01
118.12 1.839095849716100850e-01
118.128 1.838977028125274027e-01
118.137 1.838858212363345401e-01
118.145 1.838739402412828683e-01
118.153 1.838620598277117268e-01
118.162 1.838501799980468143e-01
118.17 1.838383007496125210e-01
118.178 1.838264220834430474e-01
118.187 1.838145440003405018e-01
118.195 1.838026664992526149e-01
118.203 1.837907895809812731e-01
118.212 1.837789132458642061e-01
118.22 1.837670374937762086e-01
118.228 1.837551623257496769e-01
118.236 1.837432877398064712e-01
118.245 1.837314137369788214e-01
118.253 1.837195403192248278e-01
118.261 1.837076674847979429e-01
118.27 1.836957952333410637e-01
118.278 1.836839235654228464e-01
118.286 1.836720524829997814e-01
118.295 1.836601819861766460e-01
118.303 1.836483120718198914e-01
118.311 1.836364427404979238e-01
118.32 1.836245739957848844e-01
118.328 1.836127058347792051e-01
118.336 1.836008382598978139e-01
118.345 1.835889712698579868e-01
118.353 1.835771048643023429e-01
118.361 1.835652390437975956e-01
118.369 1.835533738089104583e-01
118.378 1.835415091611309335e-01
118.386 1.835296450966362181e-01
118.394 1.835177816189953459e-01
118.403 1.835059187278500759e-01
118.411 1.834940564228421667e-01
118.419 1.834821947031520795e-01
118.428 1.834703335684222114e-01
118.436 1.834584730226798133e-01
118.444 1.834466130627968039e-01
118.453 1.834347536884155527e-01
118.461 1.834228949026384392e-01
118.469 1.834110367025697241e-01
118.477 1.833991790903880537e-01
118.486 1.833873220634294754e-01
118.494 1.833754656252555570e-01
118.502 1.833636097759686612e-01
118.511 1.833517545124438430e-01
118.519 1.833398998375498634e-01
118.527 1.833280457504671002e-01
118.536 1.833161922508371733e-01
118.544 1.833043393394533371e-01
118.552 1.832924870157269792e-01
118.561 1.832806352813721174e-01
118.569 1.832687841353391744e-01
118.577 1.832569335768087782e-01
118.586 1.832450836081853662e-01
118.594 1.832332342284190563e-01
118.602 1.832213854378415274e-01
118.61 1.832095372356336294e-01
118.619 1.831976896223572182e-01
118.627 1.831858425994935813e-01
118.635 1.831739961659936411e-01
118.644 1.831621503221881608e-01
118.652 1.831503050674883892e-01
118.66 1.831384604026849161e-01
118.669 1.831266163276487058e-01
118.677 1.831147728445488010e-01
118.685 1.831029299504974006e-01
118.694 1.830910876467444492e-01
118.702 1.830792459333902000e-01
118.71 1.830674048109942331e-01
118.718 1.830555642801157401e-01
118.727 1.830437243387876833e-01
118.735 1.830318849887178911e-01
118.743 1.830200462306944831e-01
118.752 1.830082080629804042e-01
118.76 1.829963704870528896e-01
118.768 1.829845335032406484e-01
118.777 1.829726971102659805e-01
118.785 1.829608613093755554e-01
118.793 1.829490260995216000e-01
118.802 1.829371914830970058e-01
118.81 1.829253574579068897e-01
118.818 1.829135240251968109e-01
118.826 1.829016911862118844e-01
118.835 1.828898589376118378e-01
118.843 1.828780272829338971e-01
118.851 1.828661962206717950e-01
118.86 1.828543657511533527e-01
118.868 1.828425358751639973e-01
118.876 1.828307065911982388e-01
118.885 1.828188779021029386e-01
118.893 1.828070498063724403e-01
118.901 1.827952223029598033e-01
118.91 1.827833953937945399e-01
118.918 1.827715690782874547e-01
118.926 1.827597433565361917e-01
118.935 1.827479182290958903e-01
118.943 1.827360936962924842e-01
118.951 1.827242697573078778e-01
118.959 1.827124464117820535e-01
118.968 1.827006236616420809e-01
118.976 1.826888015058410197e-01
118.984 1.826769799460763732e-01
118.993 1.826651589794724695e-01
119.001 1.826533386084124855e-01
119.009 1.826415188332212169e-01
119.018 1.826296996523949501e-01
119.026 1.826178810671732489e-01
119.034 1.826060630783373773e-01
119.043 1.825942456848408946e-01
119.051 1.825824288860948830e-01
119.059 1.825706126844793276e-01
119.067 1.825587970766646140e-01
119.076 1.825469820661717590e-01
119.084 1.825351676537806944e-01
119.092 1.825233538366192176e-01
119.101 1.825115406145550179e-01
119.109 1.824997279895093361e-01
119.117 1.824879159629459735e-01
119.126 1.824761045317660202e-01
119.134 1.824642936978897179e-01
119.142 1.824524834614117408e-01
119.151 1.824406738212866752e-01
119.159 1.824288647789777673e-01
119.167 1.824170563343513185e-01
119.176 1.824052484872739077e-01
119.184 1.823934412380678605e-01
119.192 1.823816345870552802e-01
119.2 1.823698285327356727e-01
119.209 1.823580230767980759e-01
119.217 1.823462182197918280e-01
119.225 1.823344139597612434e-01
119.234 1.823226102999884191e-01
119.242 1.823108072378343270e-01
119.25 1.822990047738482222e-01
119.259 1.822872029099447122e-01
119.267 1.822754016439411540e-01
119.275 1.822636009768413001e-01
119.284 1.822518009096485148e-01
119.292 1.822400014422283221e-01
119.3 1.822282025721715937e-01
119.308 1.822164043032106773e-01
119.317 1.822046066340734793e-01
119.325 1.821928095643981782e-01
119.333 1.821810130942774497e-01
119.342 1.821692172233494444e-01
119.35 1.821574219542066719e-01
119.358 1.821456272844415303e-01
119.367 1.821338332150553574e-01
119.375 1.821220397465946050e-01
119.383 1.821102468782427042e-01
119.392 1.820984546112272284e-01
119.4 1.820866629442775830e-01
119.408 1.820748718783939124e-01
119.416 1.820630814143487930e-01
119.425 1.820512915508718521e-01
119.433 1.820395022894164272e-01
119.441 1.820277136278044272e-01
119.45 1.820159255690772526e-01
119.458 1.820041381117377399e-01
119.466 1.819923512558771772e-01
119.475 1.819805650020400456e-01
119.483 1.819687793507707707e-01
119.491 1.819569943019332670e-01
119.5 1.819452098542580498e-01
119.508 1.819334260091961253e-01
119.516 1.819216427668378377e-01
119.525 1.819098601275001836e-01
119.533 1.818980780908202310e-01
119.541 1.818862966564351591e-01
119.549 1.818745158255678507e-01
119.558 1.818627355971756676e-01
119.566 1.818509559715754675e-01
119.574 1.818391769515739498e-01
119.583 1.818273985334115661e-01
119.591 1.818156207183104500e-01
119.599 1.818038435079445680e-01
119.608 1.817920669014976565e-01
119.616 1.817802908983804644e-01
119.624 1.817685154989086005e-01
119.633 1.817567407043024774e-01
119.641 1.817449665132937764e-01
119.649 1.817331929282330338e-01
119.657 1.817214199460432111e-01
119.666 1.817096475679441936e-01
119.674 1.816978757965110047e-01
119.682 1.816861046297975901e-01
119.691 1.816743340672145046e-01
119.699 1.816625641097544541e-01
119.707 1.816507947568277992e-01
119.716 1.816390260101042597e-01
119.724 1.816272578694455853e-01
119.732 1.816154903340365112e-01
119.741 1.816037234028361202e-01
119.749 1.815919570781902581e-01
119.757 1.815801913601862994e-01
119.766 1.815684262482346878e-01
119.774 1.815566617419715756e-01
119.782 1.815448978421613513e-01
119.79 1.815331345482146252e-01
119.799 1.815213718606700777e-01
119.807 1.815096097807422648e-01
119.815 1.814978483060376013e-01
119.824 1.814860874391236445e-01
119.832 1.814743271803124225e-01
119.84 1.814625675260837512e-01
119.849 1.814508084801313148e-01
119.857 1.814390500427663644e-01
119.865 1.814272922113716047e-01
119.874 1.814155349876105106e-01
119.882 1.814037783713443597e-01
119.89 1.813920223628845974e-01
119.898 1.813802669625425024e-01
119.907 1.813685121706290204e-01
119.915 1.813567579856541212e-01
119.923 1.813450044104052139e-01
119.932 1.813332514427168640e-01
119.94 1.813214990829000728e-01
119.948 1.813097473323904141e-01
119.957 1.812979961910481663e-01
119.965 1.812862456571591729e-01
119.973 1.812744957328331352e-01
119.982 1.812627464177053449e-01
119.99 1.812509977114109827e-01
119.998 1.812392496140353415e-01
120.006 1.812275021261128827e-01
120.015 1.812157552486274026e-01
120.023 1.812040089805394272e-01
120.031 1.811922633212598999e-01
120.04 1.811805182715474638e-01
120.048 1.811687738328343344e-01
120.056 1.811570300031832004e-01
120.065 1.811452867851487680e-01
120.073 1.811335441758956943e-01
120.081 1.811218021775291842e-01
120.09 1.811100607896839465e-01
120.098 1.810983200126682902e-01
120.106 1.810865798456683662e-01
120.115 1.810748402896655007e-01
120.123 1.810631013454161442e-01
120.131 1.810513630118821271e-01
120.139 1.810396252884740043e-01
120.148 1.810278881784149474e-01
120.156 1.810161516777513968e-01
120.164 1.810044157892576056e-01
120.173 1.809926805130162297e-01
120.181 1.809809458482134203e-01
120.189 1.809692117944839973e-01
120.198 1.809574783530313868e-01
120.206 1.809457455234898537e-01
120.214 1.809340133068381151e-01
120.223 1.809222817022623497e-01
120.231 1.809105507089495135e-01
120.239 1.808988203305645914e-01
120.247 1.808870905642785132e-01
120.256 1.808753614079350591e-01
120.264 1.808636328654223691e-01
120.272 1.808519049386119459e-01
120.281 1.808401776224383695e-01
120.289 1.808284509196688428e-01
120.297 1.808167248303851615e-01
120.306 1.808049993551157919e-01
120.314 1.807932744921530999e-01
120.322 1.807815502433675059e-01
120.331 1.807698266088402783e-01
120.339 1.807581035875345521e-01
120.347 1.807463811808726617e-01
120.356 1.807346593878179364e-01
120.364 1.807229382091218861e-01
120.372 1.807112176446416529e-01
120.38 1.806994976940113629e-01
120.389 1.806877783577583718e-01
120.397 1.806760596375266426e-01
120.405 1.806643415316096235e-01
120.414 1.806526240391949090e-01
120.422 1.806409071625953988e-01
120.43 1.806291909014445529e-01
120.439 1.806174752553759422e-01
120.447 1.806057602244695581e-01
120.455 1.805940458079130229e-01
120.464 1.805823320075708727e-01
120.472 1.805706188232996390e-01
120.48 1.805589062554018021e-01
120.488 1.805471943017266934e-01
120.497 1.805354829636920122e-01
120.505 1.805237722431607128e-01
120.513 1.805120621388739965e-01
120.522 1.805003526495739252e-01
120.53 1.804886437764540719e-01
120.538 1.804769355215987137e-01
120.547 1.804652278828583756e-01
120.555 1.804535208589756468e-01
120.563 1.804418144533702917e-01
120.572 1.804301086645618557e-01
120.58 1.804184034937419689e-01
120.588 1.804066989389852826e-01
120.596 1.803949950008154612e-01
120.605 1.803832916810916565e-01
120.613 1.803715889776663084e-01
120.621 1.803598868930653132e-01
120.63 1.803481854260312323e-01
120.638 1.803364845755300316e-01
120.646 1.803247843443086251e-01
120.655 1.803130847308877238e-01
120.663 1.803013857349001769e-01
120.671 1.802896873573130165e-01
120.68 1.802779895977591473e-01
120.688 1.802662924572049075e-01
120.696 1.802545959350606297e-01
120.705 1.802429000320701080e-01
120.713 1.802312047471994194e-01
120.721 1.802195100805258909e-01
120.729 1.802078160334590062e-01
120.738 1.801961226060753984e-01
120.746 1.801844297971194053e-01
120.754 1.801727376073339049e-01
120.763 1.801610460379050871e-01
120.771 1.801493550873557448e-01
120.779 1.801376647550966270e-01
120.788 1.801259750445326491e-01
120.796 1.801142859532987306e-01
120.804 1.801025974819149555e-01
120.813 1.800909096302355239e-01
120.821 1.800792223985581975e-01
120.829 1.800675357878455674e-01
120.837 1.800558497966214533e-01
120.846 1.800441644262916474e-01
120.854 1.800324796771532454e-01
120.862 1.800207955481732680e-01
120.871 1.800091120389842314e-01
120.879 1.799974291507695501e-01
120.887 1.799857468849333508e-01
120.896 1.799740652395567519e-01
120.904 1.799623842153795505e-01
120.912 1.799507038131407943e-01
120.921 1.799390240315867917e-01
120.929 1.799273448712351009e-01
120.937 1.799156663326033356e-01
120.946 1.799039884162085823e-01
120.954 1.798923111216824411e-01
120.962 1.798806344479931818e-01
120.97 1.798689583980911111e-01
120.979 1.798572829689534525e-01
120.987 1.798456081619816405e-01
120.995 1.798339339783552038e-01
121.004 1.798222604170423011e-01
121.012 1.798105874770117019e-01
121.02 1.797989151605479119e-01
121.029 1.797872434677239284e-01
121.037 1.797755723961827201e-01
121.045 1.797639019484285061e-01
121.054 1.797522321249762911e-01
121.062 1.797405629228064350e-01
121.07 1.797288943437599373e-01
121.078 1.797172263894556143e-01
121.087 1.797055590577581741e-01
121.095 1.796938923500652763e-01
121.103 1.796822262662291780e-01
121.112 1.796705608049981862e-01
121.12 1.796588959690936516e-01
121.128 1.796472317568224009e-01
121.137 1.796355681698013351e-01
121.145 1.796239052043528961e-01
121.153 1.796122428651817093e-01
121.162 1.796005811514770623e-01
121.17 1.795889200597833579e-01
121.178 1.795772595928188387e-01
121.186 1.795655997521985736e-01
121.195 1.795539405360101204e-01
121.203 1.795422819441052642e-01
121.211 1.795306239776575663e-01
121.22 1.795189666365183678e-01
121.228 1.795073099205385936e-01
121.236 1.794956538295698345e-01
121.245 1.794839983641238479e-01
121.253 1.794723435247123078e-01
121.261 1.794606893111860280e-01
121.27 1.794490357231759148e-01
121.278 1.794373827596526250e-01
121.286 1.794257304231082761e-01
121.295 1.794140787142733673e-01
121.303 1.794024276303580745e-01
121.311 1.793907771709937482e-01
121.319 1.793791273393307295e-01
121.328 1.793674781356589254e-01
121.336 1.793558295569697425e-01
121.344 1.793441816050931337e-01
121.353 1.793325342800992650e-01
121.361 1.793208875820581916e-01
121.369 1.793092415114793947e-01
121.378 1.792975960673343361e-01
121.386 1.792859512499127284e-01
121.394 1.792743070610418044e-01
121.403 1.792626634983748024e-01
121.411 1.792510205646173360e-01
121.419 1.792393782583012463e-01
121.427 1.792277365773006226e-01
121.436 1.792160955258564614e-01
121.444 1.792044551027206223e-01
121.452 1.791928153079621888e-01
121.461 1.791811761403334924e-01
121.469 1.791695376010008500e-01
121.477 1.791578996898140486e-01
121.486 1.791462624070613019e-01
121.494 1.791346257530305186e-01
121.502 1.791229897277903660e-01
121.511 1.791113543316287526e-01
121.519 1.790997195635179451e-01
121.527 1.790880854237458797e-01
121.536 1.790764519141342104e-01
121.544 1.790648190343126778e-01
121.552 1.790531867815010336e-01
121.56 1.790415551588349641e-01
121.569 1.790299241659440432e-01
121.577 1.790182938033343385e-01
121.585 1.790066640693213917e-01
121.594 1.789950349641923344e-01
121.602 1.789834064908609745e-01
121.61 1.789717786461110516e-01
121.619 1.789601514315423969e-01
121.627 1.789485248487542035e-01
121.635 1.789368988938747629e-01
121.644 1.789252735689412233e-01
121.652 1.789136488759894283e-01
121.66 1.789020248128988522e-01
121.668 1.788904013808298998e-01
121.677 1.788787785789750229e-01
121.685 1.788671564084941545e-01
121.693 1.788555348683608937e-01
121.702 1.788439139586420479e-01
121.71 1.788322936822453468e-01
121.718 1.788206740350849477e-01
121.727 1.788090550196311523e-01
121.735 1.787974366359499634e-01
121.743 1.787858188832340267e-01
121.752 1.787742017630783165e-01
121.76 1.787625852731465903e-01
121.768 1.787509694152519257e-01
121.776 1.787393541905516470e-01
121.785 1.787277395969284755e-01
121.793 1.787161256351030292e-01
121.801 1.787045123060138629e-01
121.81 1.786928996090719479e-01
121.818 1.786812875434702352e-01
121.826 1.786696761116735588e-01
121.835 1.786580653128743423e-01
121.843 1.786464551453935123e-01
121.851 1.786348456110407323e-01
121.86 1.786232367098808393e-01
121.868 1.786116284411068122e-01
121.876 1.786000208060914973e-01
121.885 1.785884138042455604e-01
121.893 1.785768074341087530e-01
121.901 1.785652016987958335e-01
121.909 1.785535965968463590e-01
121.918 1.785419921285424649e-01
121.926 1.785303882932952890e-01
121.934 1.785187850913869112e-01
121.943 1.785071825239703813e-01
121.951 1.784955805902388171e-01
121.959 1.784839792915620671e-01
121.968 1.784723786258277378e-01
121.976 1.784607785946231706e-01
121.984 1.784491791984471609e-01
121.993 1.784375804345353922e-01
122.001 1.784259823070844519e-01
122.009 1.784143848133303845e-01
122.017 1.784027879542066930e-01
122.026 1.783911917310809780e-01
122.034 1.783795961424945731e-01
122.042 1.783680011880761362e-01
122.051 1.783564068689757753e-01
122.059 1.783448131854735441e-01
122.067 1.783332201367633374e-01
122.076 1.783216277239942638e-01
122.084 1.783100359459258433e-01
122.092 1.782984448030553171e-01
122.101 1.782868542978338633e-01
122.109 1.782752644261983987e-01
122.117 1.782636751912512751e-01
122.126 1.782520865930543874e-01
122.134 1.782404986292826787e-01
122.142 1.782289113021688076e-01
122.15 1.782173246113409049e-01
122.159 1.782057385575115116e-01
122.167 1.781941531400918766e-01
122.175 1.781825683582761999e-01
122.184 1.781709842132110644e-01
122.192 1.781594007056084006e-01
122.2 1.781478178342288665e-01
122.209 1.781362355987008150e-01
122.217 1.781246540025536174e-01
122.225 1.781130730412972263e-01
122.234 1.781014927184603192e-01
122.242 1.780899130328038593e-01
122.25 1.780783339839559776e-01
122.258 1.780667555726274942e-01
122.267 1.780551777988793882e-01
122.275 1.780436006629889933e-01
122.283 1.780320241645843016e-01
122.292 1.780204483037259311e-01
122.3 1.780088730815568010e-01
122.308 1.779972984970552285e-01
122.317 1.779857245509310348e-01
122.325 1.779741512425953576e-01
122.333 1.779625785723250031e-01
122.342 1.779510065412617525e-01
122.35 1.779394351486004722e-01
122.358 1.779278643933201731e-01
122.366 1.779162942769946520e-01
122.375 1.779047247996835834e-01
122.383 1.778931559618791014e-01
122.391 1.778815877629924269e-01
122.4 1.778700202024349197e-01
122.408 1.778584532811306185e-01
122.416 1.778468869991390866e-01
122.425 1.778353213569516533e-01
122.433 1.778237563537636290e-01
122.441 1.778121919900661763e-01
122.45 1.778006282661346860e-01
122.458 1.777890651815962342e-01
122.466 1.777775027356466864e-01
122.475 1.777659409311508620e-01
122.483 1.777543797673040438e-01
122.491 1.777428192428701370e-01
122.499 1.777312593574766897e-01
122.508 1.777197001122611808e-01
122.516 1.777081415085762228e-01
122.524 1.776965835447546771e-01
122.533 1.776850262227955002e-01
122.541 1.776734695393074326e-01
122.549 1.776619134969360525e-01
122.558 1.776503580961702189e-01
122.566 1.776388033359903862e-01
122.574 1.776272492166699191e-01
122.583 1.776156957391288038e-01
122.591 1.776041429014856288e-01
122.599 1.775925907059524855e-01
122.607 1.775810391517252396e-01
122.616 1.775694882384310780e-01
122.624 1.775579379661275103e-01
122.632 1.775463883363788964e-01
122.641 1.775348393481661069e-01
122.649 1.775232910028376743e-01
122.657 1.775117432982986909e-01
122.666 1.775001962346067219e-01
122.674 1.774886498139701674e-01
122.682 1.774771040358004703e-01
122.691 1.774655589003693024e-01
122.699 1.774540144057981106e-01
122.707 1.774424705547240078e-01
122.716 1.774309273461284753e-01
122.724 1.774193847792083500e-01
122.732 1.774078428559544840e-01
122.74 1.773963015738444227e-01
122.749 1.773847609374468726e-01
122.757 1.773732209429501883e-01
122.765 1.773616815897666732e-01
122.774 1.773501428809594882e-01
122.782 1.773386048161549322e-01
122.79 1.773270673939055242e-01
122.799 1.773155306138381460e-01
122.807 1.773039944790138212e-01
122.815 1.772924589875563006e-01
122.824 1.772809241395210123e-01
122.832 1.772693899356073133e-01
122.84 1.772578563747977953e-01
122.848 1.772463234577918156e-01
122.857 1.772347911852879543e-01
122.865 1.772232595575555514e-01
122.873 1.772117285735774206e-01
122.882 1.772001982331946612e-01
122.89 1.771886685373197101e-01
122.898 1.771771394868645877e-01
122.907 1.771656110810267137e-01
122.915 1.771540833190037578e-01
122.923 1.771425562017075184e-01
122.932 1.771310297294067804e-01
122.94 1.771195039023700513e-01
122.948 1.771079787202235745e-01
122.956 1.770964541830215011e-01
122.965 1.770849302910322554e-01
122.973 1.770734070447380903e-01
122.981 1.770618844429089067e-01
122.99 1.770503624875248705e-01
122.998 1.770388411773558546e-01
123.006 1.770273205120277693e-01
123.015 1.770158004926645490e-01
123.023 1.770042811199611932e-01
123.031 1.769927623931156768e-01
123.04 1.769812443117538825e-01
123.048 1.769697268767845555e-01
123.056 1.769582100874059760e-01
123.065 1.769466939436717123e-01
123.073 1.769351784484134993e-01
123.081 1.769236635982645578e-01
123.089 1.769121493934922018e-01
123.098 1.769006358375678767e-01
123.106 1.768891229271262189e-01
123.114 1.768776106628610068e-01
123.123 1.768660990463200300e-01
123.131 1.768545880771288104e-01
123.139 1.768430777549126198e-01
123.148 1.768315680790837063e-01
123.156 1.768200590501216862e-01
123.164 1.768085506687192554e-01
123.173 1.767970429349286499e-01
123.181 1.767855358492284312e-01
123.189 1.767740294103909149e-01
123.197 1.767625236193214600e-01
123.206 1.767510184760720249e-01
123.214 1.767395139796281989e-01
123.222 1.767280101319611274e-01
123.231 1.767165069324826976e-01
123.239 1.767050043816707494e-01
123.247 1.766935024772324225e-01
123.256 1.766820012215638835e-01
123.264 1.766705006149293655e-01
123.272 1.766590006565278981e-01
123.281 1.766475013466237975e-01
123.289 1.766360026846293951e-01
123.297 1.766245046718736555e-01
123.306 1.766130073084076213e-01
123.314 1.766015105923658957e-01
123.322 1.765900145259285681e-01
123.33 1.765785191093590112e-01
123.339 1.765670243410053519e-01
123.347 1.765555302217695355e-01
123.355 1.765440367519149900e-01
123.364 1.765325439319176126e-01
123.372 1.765210517599136719e-01
123.38 1.765095602387182772e-01
123.389 1.764980693664677802e-01
123.397 1.764865791447008392e-01
123.405 1.764750895724044311e-01
123.414 1.764636006494161580e-01
123.422 1.764521123768487409e-01
123.43 1.764406247539020978e-01
123.438 1.764291377816884776e-01
123.447 1.764176514596199064e-01
123.455 1.764061657875339584e-01
123.463 1.763946807652678195e-01
123.472 1.763831963937207425e-01
123.48 1.763717126731542129e-01
123.488 1.763602296036175243e-01
123.497 1.763487471840985699e-01
123.505 1.763372654154957420e-01
123.513 1.763257842976458378e-01
123.522 1.763143038303859322e-01
123.53 1.763028240148257764e-01
123.538 1.762913448510141368e-01
123.546 1.762798663373028318e-01
123.555 1.762683884741653162e-01
123.563 1.762569112639827407e-01
123.571 1.762454347051071180e-01
123.58 1.762339587961033183e-01
123.588 1.762224835401995648e-01
123.596 1.762110089359602838e-01
123.605 1.761995349830101087e-01
123.613 1.761880616822446843e-01
123.621 1.761765890332886442e-01
123.63 1.761651170366135555e-01
123.638 1.761536456914205018e-01
123.646 1.761421749998747233e-01
123.655 1.761307049594832141e-01
123.663 1.761192355713526725e-01
123.671 1.761077668355308379e-01
123.679 1.760962987527000534e-01
123.688 1.760848313224847583e-01
123.696 1.760733645447208062e-01
123.704 1.760618984203018433e-01
123.713 1.760504329484288977e-01
123.721 1.760389681291495423e-01
123.729 1.760275039627223759e-01
123.738 1.760160404506746767e-01
123.746 1.760045775903046616e-01
123.754 1.759931153831397477e-01
123.763 1.759816538309173228e-01
123.771 1.759701929311480728e-01
123.779 1.759587326847239230e-01
123.787 1.759472730925369932e-01
123.796 1.759358141539996978e-01
123.804 1.759243558685252284e-01
123.812 1.759128982376381434e-01
123.821 1.759014412601180299e-01
123.829 1.758899849372778101e-01
123.837 1.758785292681082080e-01
123.846 1.758670742528665176e-01
123.854 1.758556198915988411e-01
123.862 1.758441661849844129e-01
123.871 1.758327131330690574e-01
123.879 1.758212607354764090e-01
123.887 1.758098089939398312e-01
123.895 1.757983579047084632e-01
123.904 1.757869074705699919e-01
123.912 1.757754576919914047e-01
123.92 1.757640085681747566e-01
123.929 1.757525600993763149e-01
123.937 1.757411122854307395e-01
123.945 1.757296651272260701e-01
123.954 1.757182186227004284e-01
123.962 1.757067727750594721e-01
123.97 1.756953275832943695e-01
123.979 1.756838830449227729e-01
123.987 1.756724391629383430e-01
123.995 1.756609959373855723e-01
124.004 1.756495533668354370e-01
124.012 1.756381114519640907e-01
124.02 1.756266701932371610e-01
124.028 1.756152295911200256e-01
124.037 1.756037896433424728e-01
124.045 1.755923503526842511e-01
124.053 1.755809117196099611e-01
124.062 1.755694737403777350e-01
124.07 1.755580364183973174e-01
124.078 1.755465997528710964e-01
124.087 1.755351637440535628e-01
124.095 1.755237283915681012e-01
124.103 1.755122936954587043e-01
124.112 1.755008596568200518e-01
124.12 1.754894262744346178e-01
124.128 1.754779935498171906e-01
124.136 1.754665614811203311e-01
124.145 1.754551300702782701e-01
124.153 1.754436993156539837e-01
124.161 1.754322692181312648e-01
124.17 1.754208397800628150e-01
124.178 1.754094109972925142e-01
124.186 1.753979828713335409e-01
124.195 1.753865554043280151e-01
124.203 1.753751285952691863e-01
124.211 1.753637024431505542e-01
124.22 1.753522769490642730e-01
124.228 1.753408521128434205e-01
124.236 1.753294279353695417e-01
124.245 1.753180044141683935e-01
124.253 1.753065815517992343e-01
124.261 1.752951593476755610e-01
124.269 1.752837378014204528e-01
124.278 1.752723169134954573e-01
124.286 1.752608966847811200e-01
124.294 1.752494771149002428e-01
124.303 1.752380582011714150e-01
124.311 1.752266399480363890e-01
124.319 1.752152223532324193e-01
124.328 1.752038054165923897e-01
124.336 1.751923891402521194e-01
124.344 1.751809735215311137e-01
124.353 1.751695585619368334e-01
124.361 1.751581442629761565e-01
124.369 1.751467306215508113e-01
124.377 1.751353176397953681e-01
124.386 1.751239053167048254e-01
124.394 1.751124936531578136e-01
124.402 1.751010826506596285e-01
124.411 1.750896723069501892e-01
124.419 1.750782626218618521e-01
124.427 1.750668535971087181e-01
124.436 1.750554452321044507e-01
124.444 1.750440375264717130e-01
124.452 1.750326304823417167e-01
124.461 1.750212240985006273e-01
124.469 1.750098183726908063e-01
124.477 1.749984133078783255e-01
124.485 1.749870089030589881e-01
124.494 1.749756051586911776e-01
124.502 1.749642020750240279e-01
124.51 1.749527996506361760e-01
124.519 1.749413978886998067e-01
124.527 1.749299967871670303e-01
124.535 1.749185963450345660e-01
124.544 1.749071965644296012e-01
124.552 1.748957974451833541e-01
124.56 1.748843989854577119e-01
124.569 1.748730011867534462e-01
124.577 1.748616040507787739e-01
124.585 1.748502075763214703e-01
124.594 1.748388117617528659e-01
124.602 1.748274166073216507e-01
124.61 1.748160221159860972e-01
124.618 1.748046282861174805e-01
124.627 1.747932351175467691e-01
124.635 1.747818426101050149e-01
124.643 1.747704507652898809e-01
124.652 1.747590595806402802e-01
124.66 1.747476690593204873e-01
124.668 1.747362792001191933e-01
124.677 1.747248900012010331e-01
124.685 1.747135014653121987e-01
124.693 1.747021135920749646e-01
124.702 1.746907263817359113e-01
124.71 1.746793398335007297e-01
124.718 1.746679539447026641e-01
124.726 1.746565687193349925e-01
124.735 1.746451841578518238e-01
124.743 1.746338002590428484e-01
124.751 1.746224170231540918e-01
124.76 1.746110344489760768e-01
124.768 1.745996525373791075e-01
124.776 1.745882712896487110e-01
124.785 1.745768907047830776e-01
124.793 1.745655107830279829e-01
124.801 1.745541315242136182e-01
124.81 1.745427529275464795e-01
124.818 1.745313749947269566e-01
124.826 1.745199977253768520e-01
124.835 1.745086211197415804e-01
124.843 1.744972451776506672e-01
124.851 1.744858698989339429e-01
124.859 1.744744952830059037e-01
124.868 1.744631213313575513e-01
124.876 1.744517480448561086e-01
124.884 1.744403754208400104e-01
124.893 1.744290034605919804e-01
124.901 1.744176321647717132e-01
124.909 1.744062615323785925e-01
124.918 1.743948915646943432e-01
124.926 1.743835222619630199e-01
124.934 1.743721536235989800e-01
124.943 1.743607856475651863e-01
124.951 1.743494183361795902e-01
124.959 1.743380516909299460e-01
124.967 1.743266857091575472e-01
124.976 1.743153203929715400e-01
124.984 1.743039557409573337e-01
124.992 1.742925917541873759e-01
125.001 1.742812284318691896e-01
125.009 1.742698657746602764e-01
125.017 1.742585037825966632e-01
125.026 1.742471424555072368e-01
125.034 1.742357817923927132e-01
125.042 1.742244217959806607e-01
125.051 1.742130624654784077e-01
125.059 1.742017037996793916e-01
125.067 1.741903457979989134e-01
125.075 1.741789884621282869e-01
125.084 1.741676317931373785e-01
125.092 1.741562757900266822e-01
125.1 1.741449204517974969e-01
125.109 1.741335657797261627e-01
125.117 1.741222117726070884e-01
125.125 1.741108584319230324e-01
125.134 1.740995057579158567e-01
125.142 1.740881537489665232e-01
125.15 1.740768024075904641e-01
125.159 1.740654517321688632e-01
125.167 1.740541017225301079e-01
125.175 1.740427523787090869e-01
125.184 1.740314037021866433e-01
125.192 1.740200556921708552e-01
125.2 1.740087083484899710e-01
125.208 1.739973616717977456e-01
125.217 1.739860156621286236e-01
125.225 1.739746703182781795e-01
125.233 1.739633256411067808e-01
125.242 1.739519816318868262e-01
125.25 1.739406382904457593e-01
125.258 1.739292956145478408e-01
125.267 1.739179536060843634e-01
125.275 1.739066122661203917e-01
125.283 1.738952715918019587e-01
125.292 1.738839315852256373e-01
125.3 1.738725922464250950e-01
125.308 1.738612535754336663e-01
125.316 1.738499155724910761e-01
125.325 1.738385782366000942e-01
125.333 1.738272415680006955e-01
125.341 1.738159055667262420e-01
125.35 1.738045702346643906e-01
125.358 1.737932355706119647e-01
125.366 1.737819015729545058e-01
125.375 1.737705682452264921e-01
125.383 1.737592355849894854e-01
125.391 1.737479035918649273e-01
125.4 1.737365722687681246e-01
125.408 1.737252416136729760e-01
125.416 1.737139116268181793e-01
125.425 1.737025823074133668e-01
125.433 1.736912536575492272e-01
125.441 1.736799256770520661e-01
125.449 1.736685983643086739e-01
125.458 1.736572717199688087e-01
125.466 1.736459457459158251e-01
125.474 1.736346204399196180e-01
125.483 1.736232958024240547e-01
125.491 1.736119718346946228e-01
125.499 1.736006485351193340e-01
125.508 1.735893259059906601e-01
125.516 1.735780039461075064e-01
125.524 1.735666826550907871e-01
125.533 1.735553620337943470e-01
125.541 1.735440420810173134e-01
125.549 1.735327227982293996e-01
125.557 1.735214041860780321e-01
125.566 1.735100862421307955e-01
125.574 1.734987689692935597e-01
125.582 1.734874523663657853e-01
125.591 1.734761364311212251e-01
125.599 1.734648211674909846e-01
125.607 1.734535065748900318e-01
125.616 1.734421926502720535e-01
125.624 1.734308793967455631e-01
125.632 1.734195668139313085e-01
125.641 1.734082549012447572e-01
125.649 1.733969436576916767e-01
125.657 1.733856330861736073e-01
125.665 1.733743231844657173e-01
125.674 1.733630139534189096e-01
125.682 1.733517053932688012e-01
125.69 1.733403975040458400e-01
125.699 1.733290902849607962e-01
125.707 1.733177837362493423e-01
125.715 1.733064778587612709e-01
125.724 1.732951726529364522e-01
125.732 1.732838681181903540e-01
125.74 1.732725642541438904e-01
125.749 1.732612610606225345e-01
125.757 1.732499585386799990e-01
125.765 1.732386566893694135e-01
125.774 1.732273555102646356e-01
125.782 1.732160550028281620e-01
125.79 1.732047551677035890e-01
125.798 1.731934560020563507e-01
125.807 1.731821575098030086e-01
125.815 1.731708596895410179e-01
125.823 1.731595625400730032e-01
125.832 1.731482660628597126e-01
125.84 1.731369702567041313e-01
125.848 1.731256751232708446e-01
125.857 1.731143806638150706e-01
125.865 1.731030868742785278e-01
125.873 1.730917937557127917e-01
125.882 1.730805013112115820e-01
125.89 1.730692095397819985e-01
125.898 1.730579184400228288e-01
125.906 1.730466280111466748e-01
125.915 1.730353382562454800e-01
125.923 1.730240491745308196e-01
125.931 1.730127607650104593e-01
125.94 1.730014730277133206e-01
125.948 1.729901859628720506e-01
125.956 1.729788995711275812e-01
125.965 1.729676138525080009e-01
125.973 1.729563288076535477e-01
125.981 1.729450444357765460e-01
125.99 1.729337607356815354e-01
125.998 1.729224777100478727e-01
126.006 1.729111953562528781e-01
126.015 1.728999136761597000e-01
126.023 1.728886326712228694e-01
126.031 1.728773523386164801e-01
126.039 1.728660726789801039e-01
126.048 1.728547936937678553e-01
126.056 1.728435153813775160e-01
126.064 1.728322377420405120e-01
126.073 1.728209607782287827e-01
126.081 1.728096844867108572e-01
126.089 1.727984088703654886e-01
126.098 1.727871339286084496e-01
126.106 1.727758596588210016e-01
126.114 1.727645860638803710e-01
126.123 1.727533131432030244e-01
126.131 1.727420408982401623e-01
126.139 1.727307693267805255e-01
126.147 1.727194984270205846e-01
126.156 1.727082282038697458e-01
126.164 1.726969586567438653e-01
126.172 1.726856897824157466e-01
126.181 1.726744215821326978e-01
126.189 1.726631540561248956e-01
126.197 1.726518872066548083e-01
126.206 1.726406210319193779e-01
126.214 1.726293555321481987e-01
126.222 1.726180907055390734e-01
126.231 1.726068265543536651e-01
126.239 1.725955630804462404e-01
126.247 1.725843002793741032e-01
126.255 1.725730381536010050e-01
126.264 1.725617767043712558e-01
126.272 1.725505159304924485e-01
126.28 1.725392558311783509e-01
126.289 1.725279964068613114e-01
126.297 1.725167376585818035e-01
126.305 1.725054795863655843e-01
126.314 1.724942221890208016e-01
126.322 1.724829654673848967e-01
126.33 1.724717094229031300e-01
126.339 1.724604540537753028e-01
126.347 1.724491993588104510e-01
126.355 1.724379453410758711e-01
126.364 1.724266920003934833e-01
126.372 1.724154393335452784e-01
126.38 1.724041873440025630e-01
126.388 1.723929360305742897e-01
126.397 1.723816853936906701e-01
126.405 1.723704354337818601e-01
126.413 1.723591861488467658e-01
126.422 1.723479375409364966e-01
126.43 1.723366896090629263e-01
126.438 1.723254423544658132e-01
126.447 1.723141957777771238e-01
126.455 1.723029498757820688e-01
126.463 1.722917046509347128e-01
126.472 1.722804601038667727e-01
126.48 1.722692162327809917e-01
126.488 1.722579730385115082e-01
126.496 1.722467305214872291e-01
126.505 1.722354886817324127e-01
126.513 1.722242475192710121e-01
126.521 1.722130070339250862e-01
126.53 1.722017672267295019e-01
126.538 1.721905280948776984e-01
126.546 1.721792896408201323e-01
126.555 1.721680518666015847e-01
126.563 1.721568147677990102e-01
126.571 1.721455783466596390e-01
126.58 1.721343426042173386e-01
126.588 1.721231075384753728e-01
126.596 1.721118731508713140e-01
126.605 1.721006394404188400e-01
126.613 1.720894064091610942e-01
126.621 1.720781740561113105e-01
126.629 1.720669423790720243e-01
126.638 1.720557113810950167e-01
126.646 1.720444810617995091e-01
126.654 1.720332514204013508e-01
126.663 1.720220224569235234e-01
126.671 1.720107941715909305e-01
126.679 1.719995665668472284e-01
126.688 1.719883396378739659e-01
126.696 1.719771133875181435e-01
126.704 1.719658878184237849e-01
126.713 1.719546629251691716e-01
126.721 1.719434387106000828e-01
126.729 1.719322151763515716e-01
126.737 1.719209923202286161e-01
126.746 1.719097701426571256e-01
126.754 1.718985486450698430e-01
126.762 1.718873278258770676e-01
126.771 1.718761076853025926e-01
126.779 1.718648882243760390e-01
126.787 1.718536694429178280e-01
126.796 1.718424513397418807e-01
126.804 1.718312339162797187e-01
126.812 1.718200171731570636e-01
126.821 1.718088011077791022e-01
126.829 1.717975857223817682e-01
126.837 1.717863710177914283e-01
126.845 1.717751569918164745e-01
126.854 1.717639436448811507e-01
126.862 1.717527309784151468e-01
126.87 1.717415189922386343e-01
126.879 1.717303076845632104e-01
126.887 1.717190970572202435e-01
126.895 1.717078871116380079e-01
126.904 1.716966778442190755e-01
126.912 1.716854692567942875e-01
126.92 1.716742613497866943e-01
126.929 1.716630541230162177e-01
126.937 1.716518475771066921e-01
126.945 1.716406417102709359e-01
126.954 1.716294365255431054e-01
126.962 1.716182320209351519e-01
126.97 1.716070281948615384e-01
126.978 1.715958250507569061e-01
126.987 1.715846225880391929e-01
126.995 1.715734208051228615e-01
127.003 1.715622197030321761e-01
127.012 1.715510192813864410e-01
127.02 1.715398195404068404e-01
127.028 1.715286204811167226e-01
127.037 1.715174221035360158e-01
127.045 1.715062244046765827e-01
127.053 1.714950273879683740e-01
127.062 1.714838310530300558e-01
127.07 1.714726353986785468e-01
127.078 1.714614404269386994e-01
127.086 1.714502461352244156e-01
127.095 1.714390525233555340e-01
127.103 1.714278595955603390e-01
127.111 1.714166673492531490e-01
127.12 1.714054757824504116e-01
127.128 1.713942848987777545e-01
127.136 1.713830946964518265e-01
127.145 1.713719051758927359e-01
127.153 1.713607163367195652e-01
127.161 1.713495281793521730e-01
127.17 1.713383407054111240e-01
127.178 1.713271539115129583e-01
127.186 1.713159678010794107e-01
127.195 1.713047823721282059e-01
127.203 1.712935976238783575e-01
127.211 1.712824135595501229e-01
127.219 1.712712301777618018e-01
127.228 1.712600474771322212e-01
127.236 1.712488654594801207e-01
127.244 1.712376841248242354e-01
127.253 1.712265034717838919e-01
127.261 1.712153234997782214e-01
127.269 1.712041442126235324e-01
127.278 1.711929656089389851e-01
127.286 1.711817876859454690e-01
127.294 1.711706104454601141e-01
127.303 1.711594338890992661e-01
127.311 1.711482580150834598e-01
127.319 1.711370828240301456e-01
127.327 1.711259083169558437e-01
127.336 1.711147344916821023e-01
127.344 1.711035613494254204e-01
127.352 1.710923888914013535e-01
127.361 1.710812171158312411e-01
127.369 1.710700460235314302e-01
127.377 1.710588756151183998e-01
127.386 1.710477058898117464e-01
127.394 1.710365368474297265e-01
127.402 1.710253684891869241e-01
127.411 1.710142008143029357e-01
127.419 1.710030338231944003e-01
127.427 1.709918675154797896e-01
127.435 1.709807018919739519e-01
127.444 1.709695369518968999e-01
127.452 1.709583726956647454e-01
127.46 1.709472091236931002e-01
127.469 1.709360462354013455e-01
127.477 1.709248840310058637e-01
127.485 1.709137225103247726e-01
127.494 1.709025616739724973e-01
127.502 1.708914015225632965e-01
127.51 1.708802420547201606e-01
127.519 1.708690832716545926e-01
127.527 1.708579251731839888e-01
127.535 1.708467677575340182e-01
127.544 1.708356110273085704e-01
127.552 1.708244549823252356e-01
127.56 1.708132996212074761e-01
127.568 1.708021449441709250e-01
127.577 1.707909909530222481e-01
127.585 1.707798376463854628e-01
127.593 1.707686850234814702e-01
127.602 1.707575330863149443e-01
127.61 1.707463818341066475e-01
127.618 1.707352312662766269e-01
127.627 1.707240813842319238e-01
127.635 1.707129321862001781e-01
127.643 1.707017836739856964e-01
127.652 1.706906358472069785e-01
127.66 1.706794887048865006e-01
127.668 1.706683422486290624e-01
127.676 1.706571964774573902e-01
127.685 1.706460513909900112e-01
127.693 1.706349069920222172e-01
127.701 1.706237632767972356e-01
127.71 1.706126202461250574e-01
127.718 1.706014779039905782e-01
127.726 1.705903362454474492e-01
127.735 1.705791952722973404e-01
127.743 1.705680549865391804e-01
127.751 1.705569153860061193e-01
127.76 1.705457764711098556e-01
127.768 1.705346382416673412e-01
127.776 1.705235006994781366e-01
127.785 1.705123638435657174e-01
127.793 1.705012276715661412e-01
127.801 1.704900921872607167e-01
127.809 1.704789573902672217e-01
127.818 1.704678232776281888e-01
127.826 1.704566898503493133e-01
127.834 1.704455571116151313e-01
127.843 1.704344250596565857e-01
127.851 1.704232936933001430e-01
127.859 1.704121630133524634e-01
127.868 1.704010330198278966e-01
127.876 1.703899037131367811e-01
127.884 1.703787750930955969e-01
127.893 1.703676471599162301e-01
127.901 1.703565199142065278e-01
127.909 1.703453933545952537e-01
127.917 1.703342674810969515e-01
127.926 1.703231422962971919e-01
127.934 1.703120177976381877e-01
127.942 1.703008939855295278e-01
127.951 1.702897708619625916e-01
127.959 1.702786484245782384e-01
127.967 1.702675266737857518e-01
127.976 1.702564056109826252e-01
127.984 1.702452852365774205e-01
127.992 1.702341655480145155e-01
128.001 1.702230465470860044e-01
128.009 1.702119282347930029e-01
128.017 1.702008106087783135e-01
128.025 1.701896936710305397e-01
128.034 1.701785774203778134e-01
128.042 1.701674618586105636e-01
128.05 1.701563469841621823e-01
128.059 1.701452327968484279e-01
128.067 1.701341192976694727e-01
128.075 1.701230064860460300e-01
128.084 1.701118943635697989e-01
128.092 1.701007829282801531e-01
128.1 1.700896721811766266e-01
128.109 1.700785621218772470e-01
128.117 1.700674527511839285e-01
128.125 1.700563440691088557e-01
128.134 1.700452360748759828e-01
128.142 1.700341287683006519e-01
128.15 1.700230221491987048e-01
128.158 1.700119162217214597e-01
128.167 1.700008109811506352e-01
128.175 1.699897064286812753e-01
128.183 1.699786025659019983e-01
128.192 1.699674993898697140e-01
128.2 1.699563969031576138e-01
128.208 1.699452951063683825e-01
128.217 1.699341939987259464e-01
128.225 1.699230935790607966e-01
128.233 1.699119938475819880e-01
128.242 1.699008948054825663e-01
128.25 1.698897964523807258e-01
128.258 1.698786987888782352e-01
128.266 1.698676018130191867e-01
128.275 1.698565055279633862e-01
128.283 1.698454099327380284e-01
128.291 1.698343150249944644e-01
128.3 1.698232208065146298e-01
128.308 1.698121272775065804e-01
128.316 1.698010344387677895e-01
128.325 1.697899422897195809e-01
128.333 1.697788508299800381e-01
128.341 1.697677600591674107e-01
128.35 1.697566699780787558e-01
128.358 1.697455805871182499e-01
128.366 1.697344918849214568e-01
128.375 1.697234038730711658e-01
128.383 1.697123165517741838e-01
128.391 1.697012299200595098e-01
128.399 1.696901439765633735e-01
128.408 1.696790587256162552e-01
128.416 1.696679741644795680e-01
128.424 1.696568902906127052e-01
128.433 1.696458071081481944e-01
128.441 1.696347246172924816e-01
128.449 1.696236428153083953e-01
128.458 1.696125617041688016e-01
128.466 1.696014812832952467e-01
128.474 1.695904015528941489e-01
128.483 1.695793225119951175e-01
128.491 1.695682441613930447e-01
128.499 1.695571665040387643e-01
128.507 1.695460895354327924e-01
128.516 1.695350132565656420e-01
128.524 1.695239376694075428e-01
128.532 1.695128627725961956e-01
128.541 1.695017885669252433e-01
128.549 1.694907150518165651e-01
128.557 1.694796422274760517e-01
128.566 1.694685700943047990e-01
128.574 1.694574986517251303e-01
128.582 1.694464279011169972e-01
128.591 1.694353578403362537e-01
128.599 1.694242884709587782e-01
128.607 1.694132197935809547e-01
128.615 1.694021518058633213e-01
128.624 1.693910845103596408e-01
128.632 1.693800179068829792e-01
128.64 1.693689519936817656e-01
128.649 1.693578867727211779e-01
128.657 1.693468222432280290e-01
128.665 1.693357584044290209e-01
128.674 1.693246952567244168e-01
128.682 1.693136328022735448e-01
128.69 1.693025710379573723e-01
128.699 1.692915099661303768e-01
128.707 1.692804495856286284e-01
128.715 1.692693898976330436e-01
128.724 1.692583309015661952e-01
128.732 1.692472725964597191e-01
128.74 1.692362149844710006e-01
128.748 1.692251580624833107e-01
128.757 1.692141018330443891e-01
128.765 1.692030462973336258e-01
128.773 1.691919914539923298e-01
128.782 1.691809373002959860e-01
128.79 1.691698838403521143e-01
128.798 1.691588310728023015e-01
128.807 1.691477789964840328e-01
128.815 1.691367276141367004e-01
128.823 1.691256769236221258e-01
128.832 1.691146269249484690e-01
128.84 1.691035776190989437e-01
128.848 1.690925290062759434e-01
128.856 1.690814810864872120e-01
128.865 1.690704338579860078e-01
128.873 1.690593873227293209e-01
128.881 1.690483414803349294e-01
128.89 1.690372963310050602e-01
128.898 1.690262518745523357e-01
128.906 1.690152081100102233e-01
128.915 1.690041650389444428e-01
128.923 1.689931226613624049e-01
128.931 1.689820809770763155e-01
128.94 1.689710399851197531e-01
128.948 1.689599996855000452e-01
128.956 1.689489600797820790e-01
128.964 1.689379211681671655e-01
128.973 1.689268829492996948e-01
128.981 1.689158454245487662e-01
128.989 1.689048085915864916e-01
128.998 1.688937724521709094e-01
129.006 1.688827370074759970e-01
129.014 1.688717022551739777e-01
129.023 1.688606681966332290e-01
129.031 1.688496348318603568e-01
129.039 1.688386021606674836e-01
129.048 1.688275701830609932e-01
129.056 1.688165388996305250e-01
129.064 1.688055083109653021e-01
129.073 1.687944784137682397e-01
129.081 1.687834492119318630e-01
129.089 1.687724207039080493e-01
129.097 1.687613928893145487e-01
129.106 1.687503657689344572e-01
129.114 1.687393393429679478e-01
129.122 1.687283136108384540e-01
129.131 1.687172885727462879e-01
129.139 1.687062642300561077e-01
129.147 1.686952405796680043e-01
129.156 1.686842176248874725e-01
129.164 1.686731953643616777e-01
129.172 1.686621737967382295e-01
129.181 1.686511529259029363e-01
129.189 1.686401327487573043e-01
129.197 1.686291132643374657e-01
129.205 1.686180944759461675e-01
129.214 1.686070763830064545e-01
129.222 1.685960589841664359e-01
129.23 1.685850422790440561e-01
129.239 1.685740262688079638e-01
129.247 1.685630109548195976e-01
129.255 1.685519963347585637e-01
129.264 1.685409824092115871e-01
129.272 1.685299691791525278e-01
129.28 1.685189566441985809e-01
129.289 1.685079448033865723e-01
129.297 1.684969336582707866e-01
129.305 1.684859232090494541e-01
129.314 1.684749134539848259e-01
129.322 1.684639043938562508e-01
129.33 1.684528960298298517e-01
129.338 1.684418883603619466e-01
129.347 1.684308813868115873e-01
129.355 1.684198751089896751e-01
129.363 1.684088695247730472e-01
129.372 1.683978646380348831e-01
129.38 1.683868604447177342e-01
129.388 1.683758569490805823e-01
129.397 1.683648541493870388e-01
129.405 1.683538520435148289e-01
129.413 1.683428506335948871e-01
129.422 1.683318499196312101e-01
129.43 1.683208499024008153e-01
129.438 1.683098505805549761e-01
129.446 1.682988519539045102e-01
129.455 1.682878540232262965e-01
129.463 1.682768567891037015e-01
129.471 1.682658602509608803e-01
129.48 1.682548644076431454e-01
129.488 1.682438692630158772e-01
129.496 1.682328748124489182e-01
129.505 1.682218810572977952e-01
129.513 1.682108880000751372e-01
129.521 1.681998956388541244e-01
129.53 1.681889039738313496e-01
129.538 1.681779130050103932e-01
129.546 1.681669227325872928e-01
129.554 1.681559331569511817e-01
129.563 1.681449442773340353e-01
129.571 1.681339560948959255e-01
129.579 1.681229686082902075e-01
129.588 1.681119818180985270e-01
129.596 1.681009957256734411e-01
129.604 1.680900103300537740e-01
129.613 1.680790256295082719e-01
129.621 1.680680416263523880e-01
129.629 1.680570583209740065e-01
129.638 1.680460757114496662e-01
129.646 1.680350937991302862e-01
129.654 1.680241125842110994e-01
129.663 1.680131320657320126e-01
129.671 1.680021522450434734e-01
129.679 1.679911731211850834e-01
129.687 1.679801946933896506e-01
129.696 1.679692169639693811e-01
129.704 1.679582399321565278e-01
129.712 1.679472635964140703e-01
129.721 1.679362879580912349e-01
129.729 1.679253130181521392e-01
129.737 1.679143387748676108e-01
129.746 1.679033652282400924e-01
129.754 1.678923923798099904e-01
129.762 1.678814202295792202e-01
129.771 1.678704487763961195e-01
129.779 1.678594780212236959e-01
129.787 1.678485079631029109e-01
129.795 1.678375386012672665e-01
129.804 1.678265699389850929e-01
129.812 1.678156019754890038e-01
129.82 1.678046347086674661e-01
129.829 1.677936681387146578e-01
129.837 1.677827022673607504e-01
129.845 1.677717370949909914e-01
129.854 1.677607726185346426e-01
129.862 1.677498088404895948e-01
129.87 1.677388457625842433e-01
129.879 1.677278833819405568e-01
129.887 1.677169216985601730e-01
129.895 1.677059607137876274e-01
129.904 1.676950004268566996e-01
129.912 1.676840408379602632e-01
129.92 1.676730819495926839e-01
129.928 1.676621237573438505e-01
129.937 1.676511662633245747e-01
129.945 1.676402094690694344e-01
129.953 1.676292533724703104e-01
129.962 1.676182979750616975e-01
129.97 1.676073432758858062e-01
129.978 1.675963892747519279e-01
129.987 1.675854359730019338e-01
129.995 1.675744833702531578e-01
130.003 1.675635314665060716e-01
130.012 1.675525802596543878e-01
130.02 1.675416297523801279e-01
130.028 1.675306799452576378e-01
130.036 1.675197308357984083e-01
130.045 1.675087824243858270e-01
130.053 1.674978347140827772e-01
130.061 1.674868877018267088e-01
130.07 1.674759413887663972e-01
130.078 1.674649957745191764e-01
130.086 1.674540508590852961e-01
130.095 1.674431066438035187e-01
130.103 1.674321631273350264e-01
130.111 1.674212203091061113e-01
130.12 1.674102781912202020e-01
130.128 1.673993367731029247e-01
130.136 1.673883960526518222e-01
130.144 1.673774560342626561e-01
130.153 1.673665167141122345e-01
130.161 1.673555780914362801e-01
130.169 1.673446401708204856e-01
130.178 1.673337029488248529e-01
130.186 1.673227664265952430e-01
130.194 1.673118306048947401e-01
130.203 1.673008954812403859e-01
130.211 1.672899610577320562e-01
130.219 1.672790273347507239e-01
130.228 1.672680943111499730e-01
130.236 1.672571619890286798e-01
130.244 1.672462303651412741e-01
130.253 1.672352994400597981e-01
130.261 1.672243692160730322e-01
130.269 1.672134396931795886e-01
130.277 1.672025108696613971e-01
130.286 1.671915827457082504e-01
130.294 1.671806553226539149e-01
130.302 1.671697285980185965e-01
130.311 1.671588025746609529e-01
130.319 1.671478772527698886e-01
130.327 1.671369526304376796e-01
130.336 1.671260287088066621e-01
130.344 1.671151054865415431e-01
130.352 1.671041829640220466e-01
130.361 1.670932611433422199e-01
130.369 1.670823400241191470e-01
130.377 1.670714196031133358e-01
130.385 1.670604998835607813e-01
130.394 1.670495808656498882e-01
130.402 1.670386625470942077e-01
130.41 1.670277449294149674e-01
130.419 1.670168280133715322e-01
130.427 1.670059117972487184e-01
130.435 1.669949962812354860e-01
130.444 1.669840814666614659e-01
130.452 1.669731673548560391e-01
130.46 1.669622539418220697e-01
130.469 1.669513412311716127e-01
130.477 1.669404292200495354e-01
130.485 1.669295179094049397e-01
130.494 1.669186073017064897e-01
130.502 1.669076973942905939e-01
130.51 1.668967881877249093e-01
130.518 1.668858796827674129e-01
130.527 1.668749718796050385e-01
130.535 1.668640647778554531e-01
130.543 1.668531583763760429e-01
130.552 1.668422526761142166e-01
130.56 1.668313476774469506e-01
130.568 1.668204433801816489e-01
130.577 1.668095397845053562e-01
130.585 1.667986368907947436e-01
130.593 1.667877346980976005e-01
130.602 1.667768332071704607e-01
130.61 1.667659324176306024e-01
130.618 1.667550323302340043e-01
130.626 1.667441329444081244e-01
130.635 1.667332342593913497e-01
130.643 1.667223362772668194e-01
130.651 1.667114389957554399e-01
130.66 1.667005424176981332e-01
130.668 1.666896465404372196e-01
130.676 1.666787513641589669e-01
130.685 1.666678568915138381e-01
130.693 1.666569631206024915e-01
130.701 1.666460700510427051e-01
130.71 1.666351776837782517e-01
130.718 1.666242860189950381e-01
130.726 1.666133950561206889e-01
130.734 1.666025047947730375e-01
130.743 1.665916152364633751e-01
130.751 1.665807263798622373e-01
130.759 1.665698382255336174e-01
130.768 1.665589507742311348e-01
130.776 1.665480640250039945e-01
130.784 1.665371779789838746e-01
130.793 1.665262926331385063e-01
130.801 1.665154079901137729e-01
130.809 1.665045240510402980e-01
130.818 1.664936408142110025e-01
130.826 1.664827582799998096e-01
130.834 1.664718764482135682e-01
130.843 1.664609953186586278e-01
130.851 1.664501148915200068e-01
130.859 1.664392351681164839e-01
130.867 1.664283561465531025e-01
130.876 1.664174778289044809e-01
130.884 1.664066002136540268e-01
130.892 1.663957233004192959e-01
130.901 1.663848470899514376e-01
130.909 1.663739715830015176e-01
130.917 1.663630967805088401e-01
130.926 1.663522226796353420e-01
130.934 1.663413492815095096e-01
130.942 1.663304765870706747e-01
130.951 1.663196045949921487e-01
130.959 1.663087333071566198e-01
130.967 1.662978627222375383e-01
130.975 1.662869928390978691e-01
130.984 1.662761236613176652e-01
130.992 1.662652551858725680e-01
131 1.662543874135122279e-01
131.009 1.662435203453629107e-01
131.017 1.662326539787791213e-01
131.025 1.662217883169613275e-01
131.034 1.662109233591494428e-01
131.042 1.662000591036414954e-01
131.05 1.661891955530709342e-01
131.059 1.661783327061125692e-01
131.067 1.661674705614416270e-01
131.075 1.661566091201834017e-01
131.084 1.661457483827091242e-01
131.092 1.661348883497664186e-01
131.1 1.661240290213490123e-01
131.108 1.661131703953795113e-01
131.117 1.661023124744884782e-01
131.125 1.660914552558455382e-01
131.133 1.660805987415158169e-01
131.142 1.660697429322461338e-01
131.15 1.660588878261480550e-01
131.158 1.660480334237801336e-01
131.167 1.660371797255126569e-01
131.175 1.660263267320918057e-01
131.183 1.660154744418182171e-01
131.192 1.660046228561904424e-01
131.2 1.659937719740735285e-01
131.208 1.659829217969657211e-01
131.216 1.659720723237322060e-01
131.225 1.659612235556823523e-01
131.233 1.659503754913057016e-01
131.241 1.659395281309717085e-01
131.25 1.659286814752375938e-01
131.258 1.659178355233451585e-01
131.266 1.659069902769783333e-01
131.275 1.658961457346274926e-01
131.283 1.658853018968493853e-01
131.291 1.658744587640125223e-01
131.3 1.658636163349834491e-01
131.308 1.658527746103185818e-01
131.316 1.658419335907620196e-01
131.324 1.658310932763063517e-01
131.333 1.658202536658183457e-01
131.341 1.658094147611676450e-01
131.349 1.657985765612210172e-01
131.358 1.657877390646578519e-01
131.366 1.657769022742850151e-01
131.374 1.657660661887819797e-01
131.383 1.657552308068286628e-01
131.391 1.657443961310430813e-01
131.399 1.657335621602924747e-01
131.408 1.657227288940069376e-01
131.416 1.657118963333038542e-01
131.424 1.657010644774256081e-01
131.433 1.656902333269268390e-01
131.441 1.656794028816124253e-01
131.449 1.656685731412872453e-01
131.457 1.656577441050069988e-01
131.466 1.656469157753864552e-01
131.474 1.656360881527916273e-01
131.482 1.656252612323456663e-01
131.491 1.656144350183478275e-01
131.499 1.656036095111640960e-01
131.507 1.655927847076038573e-01
131.516 1.655819606099056818e-01
131.524 1.655711372174996088e-01
131.532 1.655603145301905166e-01
131.541 1.655494925492799752e-01
131.549 1.655386712753205147e-01
131.557 1.655278507047495407e-01
131.565 1.655170308401777424e-01
131.574 1.655062116825314900e-01
131.582 1.654953932306800768e-01
131.59 1.654845754831194560e-01
131.599 1.654737584420844787e-01
131.607 1.654629421060712924e-01
131.615 1.654521264769401867e-01
131.624 1.654413115537477774e-01
131.632 1.654304973351775621e-01
131.64 1.654196838242101009e-01
131.649 1.654088710185946109e-01
131.657 1.653980589177621585e-01
131.665 1.653872475258122421e-01
131.674 1.653764368382541206e-01
131.682 1.653656268550793285e-01
131.69 1.653548175807590670e-01
131.698 1.653440090121106321e-01
131.707 1.653332011489383191e-01
131.715 1.653223939916066698e-01
131.723 1.653115875419718384e-01
131.732 1.653007817977857896e-01
131.74 1.652899767592259650e-01
131.748 1.652791724283347030e-01
131.757 1.652683688037968057e-01
131.765 1.652575658852299123e-01
131.773 1.652467636726246969e-01
131.782 1.652359621678358703e-01
131.79 1.652251613686167575e-01
131.798 1.652143612757035196e-01
131.806 1.652035618896454394e-01
131.815 1.651927632104329691e-01
131.823 1.651819652386148363e-01
131.831 1.651711679726909354e-01
131.84 1.651603714133966228e-01
131.848 1.651495755601636584e-01
131.856 1.651387804150300231e-01
131.865 1.651279859764962221e-01
131.873 1.651171922432491390e-01
131.881 1.651063992188156193e-01
131.89 1.650956069007654403e-01
131.898 1.650848152885306119e-01
131.906 1.650740243847058641e-01
131.914 1.650632341877922016e-01
131.923 1.650524446975934478e-01
131.931 1.650416559148432105e-01
131.939 1.650308678386011307e-01
131.948 1.650200804686712541e-01
131.956 1.650092938074600446e-01
131.964 1.649985078523540927e-01
131.973 1.649877226042724410e-01
131.981 1.649769380656205819e-01
131.989 1.649661542317415464e-01
131.998 1.649553711054125293e-01
132.006 1.649445886873656952e-01
132.014 1.649338069766613513e-01
132.023 1.649230259738455884e-01
132.031 1.649122456770506229e-01
132.039 1.649014660881225336e-01
132.047 1.648906872074218100e-01
132.056 1.648799090336375561e-01
132.064 1.648691315678727232e-01
132.072 1.648583548091879791e-01
132.081 1.648475787573870088e-01
132.089 1.648368034144995775e-01
132.097 1.648260287801431301e-01
132.106 1.648152548517091420e-01
132.114 1.648044816312272676e-01
132.122 1.647937091192421266e-01
132.131 1.647829373151859511e-01
132.139 1.647721662175640478e-01
132.147 1.647613958280338409e-01
132.155 1.647506261475104039e-01
132.164 1.647398571750550988e-01
132.172 1.647290889091738986e-01
132.18 1.647183213517084688e-01
132.189 1.647075545032026245e-01
132.197 1.646967883617920236e-01
132.205 1.646860229280207866e-01
132.214 1.646752582028032097e-01
132.222 1.646644941859420619e-01
132.23 1.646537308777955844e-01
132.239 1.646429682774260272e-01
132.247 1.646322063848216499e-01
132.255 1.646214452003406936e-01
132.264 1.646106847243410387e-01
132.272 1.645999249568105838e-01
132.28 1.645891658975521255e-01
132.288 1.645784075469233498e-01
132.297 1.645676499034322560e-01
132.305 1.645568929691013094e-01
132.313 1.645461367448423917e-01
132.322 1.645353812269447769e-01
132.33 1.645246264179849593e-01
132.338 1.645138723181349405e-01
132.347 1.645031189262734228e-01
132.355 1.644923662436812706e-01
132.363 1.644816142692371863e-01
132.372 1.644708630027439666e-01
132.38 1.644601124460363106e-01
132.388 1.644493625968847239e-01
132.396 1.644386134576776570e-01
132.405 1.644278650271092101e-01
132.413 1.644171173042435485e-01
132.421 1.644063702909141500e-01
132.43 1.643956239867385427e-01
132.438 1.643848783907809474e-01
132.446 1.643741335041357943e-01
132.455 1.643633893264207502e-01
132.463 1.643526458576227423e-01
132.471 1.643419030969907602e-01
132.48 1.643311610463564498e-01
132.488 1.643204197051526816e-01
132.496 1.643096790717067102e-01
132.504 1.642989391491398721e-01
132.513 1.642881999344886490e-01
132.521 1.642774614277400236e-01
132.529 1.642667236318298141e-01
132.538 1.642559865450854417e-01
132.546 1.642452501676777143e-01
132.554 1.642345144988559269e-01
132.563 1.642237795398962807e-01
132.571 1.642130452902322291e-01
132.579 1.642023117496660967e-01
132.588 1.641915789176316420e-01
132.596 1.641808467959565976e-01
132.604 1.641701153842586303e-01
132.613 1.641593846806829460e-01
132.621 1.641486546877927166e-01
132.629 1.641379254044694480e-01
132.637 1.641271968292271066e-01
132.646 1.641164689646278929e-01
132.654 1.641057418093696263e-01
132.662 1.640950153639899323e-01
132.671 1.640842896279231244e-01
132.679 1.640735646020742566e-01
132.687 1.640628402853258339e-01
132.696 1.640521166778476370e-01
132.704 1.640413937812798262e-01
132.712 1.640306715950561045e-01
132.721 1.640199501171405172e-01
132.729 1.640092293491727804e-01
132.737 1.639985092915059450e-01
132.745 1.639877899441251341e-01
132.754 1.639770713064647167e-01
132.762 1.639663533774081139e-01
132.77 1.639556361596957168e-01
132.779 1.639449196516596374e-01
132.787 1.639342038532854429e-01
132.795 1.639234887660269147e-01
132.804 1.639127743887676403e-01
132.812 1.639020607202079927e-01
132.82 1.638913477627191306e-01
132.829 1.638806355155518479e-01
132.837 1.638699239781407635e-01
132.845 1.638592131517548067e-01
132.854 1.638485030356451044e-01
132.862 1.638377936279627745e-01
132.87 1.638270849308935961e-01
132.878 1.638163769458887697e-01
132.887 1.638056696707327065e-01
132.895 1.637949631055937161e-01
132.903 1.637842572504565608e-01
132.912 1.637735521062220478e-01
132.92 1.637628476714090564e-01
132.928 1.637521439492999609e-01
132.937 1.637414409371308055e-01
132.945 1.637307386332378101e-01
132.953 1.637200370420015816e-01
132.962 1.637093361604757547e-01
132.97 1.636986359904759325e-01
132.978 1.636879365305216050e-01
132.986 1.636772377796820443e-01
132.995 1.636665397417852719e-01
133.003 1.636558424153507774e-01
133.011 1.636451457965200362e-01
133.02 1.636344498900349220e-01
133.028 1.636237546953300259e-01
133.036 1.636130602101943110e-01
133.045 1.636023664347950601e-01
133.053 1.635916733727736105e-01
133.061 1.635809810210048787e-01
133.07 1.635702893785588585e-01
133.078 1.635595984492583810e-01
133.086 1.635489082297967856e-01
133.094 1.635382187207064242e-01
133.103 1.635275299236155777e-01
133.111 1.635168418381421629e-01
133.119 1.635061544615294682e-01
133.128 1.634954677972322856e-01
133.136 1.634847818443205258e-01
133.144 1.634740966024122444e-01
133.153 1.634634120720388495e-01
133.161 1.634527282519055436e-01
133.169 1.634420451438215738e-01
133.178 1.634313627472221975e-01
133.186 1.634206810602658044e-01
133.194 1.634100000856732737e-01
133.203 1.633993198230624666e-01
133.211 1.633886402711392793e-01
133.219 1.633779614304344263e-01
133.227 1.633672833012956016e-01
133.236 1.633566058829765966e-01
133.244 1.633459291776483691e-01
133.252 1.633352531834702803e-01
133.261 1.633245778987848784e-01
133.269 1.633139033263096840e-01
133.277 1.633032294663916140e-01
133.286 1.632925563177376749e-01
133.294 1.632818838816060825e-01
133.302 1.632712121554289186e-01
133.311 1.632605411410106566e-01
133.319 1.632498708392448317e-01
133.327 1.632392012481103938e-01
133.335 1.632285323701394564e-01
133.344 1.632178642027649895e-01
133.352 1.632071967470623830e-01
133.36 1.631965300039239231e-01
133.369 1.631858639724219628e-01
133.377 1.631751986512650077e-01
133.385 1.631645340438929170e-01
133.394 1.631538701471945685e-01
133.402 1.631432069627897219e-01
133.41 1.631325444910240730e-01
133.419 1.631218827298794027e-01
133.427 1.631112216815200355e-01
133.435 1.631005613453824776e-01
133.444 1.630899017210849233e-01
133.452 1.630792428077007805e-01
133.46 1.630685846068480327e-01
133.468 1.630579271199621150e-01
133.477 1.630472703444804383e-01
133.485 1.630366142796586260e-01
133.493 1.630259589282035404e-01
133.502 1.630153042875538971e-01
133.51 1.630046503600526553e-01
133.518 1.629939971456810799e-01
133.527 1.629833446415156761e-01
133.535 1.629726928509880046e-01
133.543 1.629620417735343774e-01
133.552 1.629513914069582736e-01
133.56 1.629407417536008484e-01
133.568 1.629300928127173920e-01
133.576 1.629194445833821447e-01
133.585 1.629087970661209084e-01
133.593 1.628981502616407284e-01
133.601 1.628875041693787218e-01
133.61 1.628768587913107802e-01
133.618 1.628662141261482954e-01
133.626 1.628555701706092540e-01
133.635 1.628449269283010481e-01
133.643 1.628342843999295020e-01
133.651 1.628236425838441304e-01
133.66 1.628130014794826608e-01
133.668 1.628023610877320226e-01
133.676 1.627917214087544195e-01
133.684 1.627810824434363091e-01
133.693 1.627704441919393674e-01
133.701 1.627598066508033625e-01
133.709 1.627491698223637318e-01
133.718 1.627385337078684213e-01
133.726 1.627278983060307382e-01
133.734 1.627172636162883823e-01
133.743 1.627066296411557866e-01
133.751 1.626959963775366225e-01
133.759 1.626853638255930934e-01
133.768 1.626747319878387998e-01
133.776 1.626641008640725972e-01
133.784 1.626534704519235486e-01
133.793 1.626428407533616616e-01
133.801 1.626322117672822920e-01
133.809 1.626215834945697325e-01
133.817 1.626109559352042766e-01
133.826 1.626003290875391583e-01
133.834 1.625897029551696682e-01
133.842 1.625790775350032802e-01
133.851 1.625684528264781381e-01
133.859 1.625578288322850340e-01
133.867 1.625472055509583347e-01
133.876 1.625365829826587727e-01
133.884 1.625259611291722250e-01
133.892 1.625153399883112471e-01
133.901 1.625047195595144545e-01
133.909 1.624940998442061801e-01
133.917 1.624834808429075905e-01
133.925 1.624728625557787520e-01
133.934 1.624622449800922630e-01
133.942 1.624516281183546185e-01
133.95 1.624410119707254962e-01
133.959 1.624303965362824398e-01
133.967 1.624197818144640648e-01
133.975 1.624091678068731726e-01
133.984 1.623985545124070062e-01
133.992 1.623879419314059602e-01
134 1.623773300647507190e-01
134.009 1.623667189111585862e-01
134.017 1.623561084698881274e-01
134.025 1.623454987436222519e-01
134.034 1.623348897312586747e-01
134.042 1.623242814311549043e-01
134.05 1.623136738459928508e-01
134.058 1.623030669741301335e-01
134.067 1.622924608153658299e-01
134.075 1.622818553696793176e-01
134.083 1.622712506393904075e-01
134.092 1.622606466224973676e-01
134.1 1.622500433195191716e-01
134.108 1.622394407293547836e-01
134.117 1.622288388536030634e-01
134.125 1.622182376918829272e-01
134.133 1.622076372434533287e-01
134.142 1.621970375086531357e-01
134.15 1.621864384881804566e-01
134.158 1.621758401821938866e-01
134.166 1.621652425903121753e-01
134.175 1.621546457112551520e-01
134.183 1.621440495459008369e-01
134.191 1.621334540954861847e-01
134.2 1.621228593590906542e-01
134.208 1.621122653365129895e-01
134.216 1.621016720282707491e-01
134.225 1.620910794338032423e-01
134.233 1.620804875534483658e-01
134.241 1.620698963875434329e-01
134.25 1.620593059346299436e-01
134.258 1.620487161970211032e-01
134.266 1.620381271732582729e-01
134.274 1.620275388631401692e-01
134.283 1.620169512677220591e-01
134.291 1.620063643882385385e-01
134.299 1.619957782212570752e-01
134.308 1.619851927674739456e-01
134.316 1.619746080292002732e-01
134.324 1.619640240055164049e-01
134.333 1.619534406971178397e-01
134.341 1.619428581011121415e-01
134.349 1.619322762199886245e-01
134.358 1.619216950524698106e-01
134.366 1.619111146008645474e-01
134.374 1.619005348637157782e-01
134.383 1.618899558410011597e-01
134.391 1.618793775316229866e-01
134.399 1.618687999366346386e-01
134.407 1.618582230578054504e-01
134.416 1.618476468924249234e-01
134.424 1.618370714413666089e-01
134.432 1.618264967056829706e-01
134.441 1.618159226844553822e-01
134.449 1.618053493773033424e-01
134.457 1.617947767847414398e-01
134.466 1.617842049069260768e-01
134.474 1.617736337443714811e-01
134.482 1.617630632959808634e-01
134.491 1.617524935617314363e-01
134.499 1.617419245433901753e-01
134.507 1.617313562396811844e-01
134.515 1.617207886493293723e-01
134.524 1.617102217749954163e-01
134.532 1.616996556157616893e-01
134.54 1.616890901705319850e-01
134.549 1.616785254405352645e-01
134.557 1.616679614248543173e-01
134.565 1.616573981238237645e-01
134.574 1.616468355388505085e-01
134.582 1.616362736688384816e-01
134.59 1.616257125130496075e-01
134.599 1.616151520716397616e-01
134.607 1.616045923454789424e-01
134.615 1.615940333349009661e-01
134.623 1.615834750398822128e-01
134.632 1.615729174589704553e-01
134.64 1.615623605919639383e-01
134.648 1.615518044422318555e-01
134.657 1.615412490068935947e-01
134.665 1.615306942853902694e-01
134.673 1.615201402803759789e-01
134.682 1.615095869902205272e-01
134.69 1.614990344147216872e-01
134.698 1.614884825551049508e-01
134.707 1.614779314104543562e-01
134.715 1.614673809798543025e-01
134.723 1.614568312655999260e-01
134.732 1.614462822667754038e-01
134.74 1.614357339822867499e-01
134.748 1.614251864147847604e-01
134.756 1.614146395612142681e-01
134.765 1.614040934222649437e-01
134.773 1.613935479996949918e-01
134.781 1.613830032925889779e-01
134.79 1.613724593011009179e-01
134.798 1.613619160234252281e-01
134.806 1.613513734625662832e-01
134.815 1.613408316172525725e-01
134.823 1.613302904862133347e-01
134.831 1.613197500712053034e-01
134.84 1.613092103718477555e-01
134.848 1.612986713884723700e-01
134.856 1.612881331190965939e-01
134.864 1.612775955660102067e-01
134.873 1.612670587286545443e-01
134.881 1.612565226068271573e-01
134.889 1.612459872006813122e-01
134.898 1.612354525096588997e-01
134.906 1.612249185348025304e-01
134.914 1.612143852755538176e-01
134.923 1.612038527309989366e-01
134.931 1.611933209034250303e-01
134.939 1.611827897908511831e-01
134.948 1.611722593932529424e-01
134.956 1.611617297120274128e-01
134.964 1.611512007466165963e-01
134.973 1.611406724971730930e-01
134.981 1.611301449634942040e-01
134.989 1.611196181451996778e-01
134.997 1.611090920426199447e-01
135.006 1.610985666564403451e-01
135.014 1.610880419852149525e-01
135.022 1.610775180308719745e-01
135.031 1.610669947917883205e-01
135.039 1.610564722682938932e-01
135.047 1.610459504614284443e-01
135.056 1.610354293693918026e-01
135.064 1.610249089942885903e-01
135.072 1.610143893346734634e-01
135.081 1.610038703905213309e-01
135.089 1.609933521630486364e-01
135.097 1.609828346516976594e-01
135.105 1.609723178562653956e-01
135.114 1.609618017769038345e-01
135.122 1.609512864123461839e-01
135.13 1.609407717652266978e-01
135.139 1.609302578348098534e-01
135.147 1.609197446189433445e-01
135.155 1.609092321200827624e-01
135.164 1.608987203371390062e-01
135.172 1.608882092695549937e-01
135.18 1.608776989187221673e-01
135.189 1.608671892839060591e-01
135.197 1.608566803656123201e-01
135.205 1.608461721647000686e-01
135.213 1.608356646779560695e-01
135.222 1.608251579073025073e-01
135.23 1.608146518544834869e-01
135.238 1.608041465171715090e-01
135.247 1.607936418956947555e-01
135.255 1.607831379909119840e-01
135.263 1.607726348029738239e-01
135.272 1.607621323313231931e-01
135.28 1.607516305743419971e-01
135.288 1.607411295343037783e-01
135.297 1.607306292134808023e-01
135.305 1.607201296060109252e-01
135.313 1.607096307152280079e-01
135.322 1.606991325412822358e-01
135.33 1.606886350845005418e-01
135.338 1.606781383441492905e-01
135.346 1.606676423186116920e-01
135.355 1.606571470106887556e-01
135.363 1.606466524205300561e-01
135.371 1.606361585447525220e-01
135.38 1.606256653859795269e-01
135.388 1.606151729445374488e-01
135.396 1.606046812182802541e-01
135.405 1.605941902100067320e-01
135.413 1.605836999181007863e-01
135.421 1.605732103425356605e-01
135.43 1.605627214836374828e-01
135.438 1.605522333408501146e-01
135.446 1.605417459152054527e-01
135.454 1.605312592059706944e-01
135.463 1.605207732136480769e-01
135.471 1.605102879382105663e-01
135.479 1.604998033794547418e-01
135.488 1.604893195375298454e-01
135.496 1.604788364118796273e-01
135.504 1.604683540024772759e-01
135.513 1.604578723112347061e-01
135.521 1.604473913358329673e-01
135.529 1.604369110762451367e-01
135.538 1.604264315356160042e-01
135.546 1.604159527110985139e-01
135.554 1.604054746030178780e-01
135.563 1.603949972116991696e-01
135.571 1.603845205369387183e-01
135.579 1.603740445806465797e-01
135.587 1.603635693401532503e-01
135.596 1.603530948156076941e-01
135.604 1.603426210097993465e-01
135.612 1.603321479202357014e-01
135.621 1.603216755468895027e-01
135.629 1.603112038916688076e-01
135.637 1.603007329524342162e-01
135.646 1.602902627298621596e-01
135.654 1.602797932263875513e-01
135.662 1.602693244386401150e-01
135.671 1.602588563672957822e-01
135.679 1.602483890140855016e-01
135.687 1.602379223770469541e-01
135.695 1.602274564565039361e-01
135.704 1.602169912545381991e-01
135.712 1.602065267700665541e-01
135.72 1.601960630021823373e-01
135.729 1.601855999510330975e-01
135.737 1.601751376167667718e-01
135.745 1.601646759997066016e-01
135.754 1.601542150991217828e-01
135.762 1.601437549176187858e-01
135.77 1.601332954528857377e-01
135.779 1.601228367047190515e-01
135.787 1.601123786736173560e-01
135.795 1.601019213606054981e-01
135.803 1.600914647640751254e-01
135.812 1.600810088843492018e-01
135.82 1.600705537231541797e-01
135.828 1.600600992781800458e-01
135.837 1.600496455515041938e-01
135.845 1.600391925423958195e-01
135.853 1.600287402494232902e-01
135.862 1.600182886744873079e-01
135.87 1.600078378168577620e-01
135.878 1.599973876759799296e-01
135.887 1.599869382532279061e-01
135.895 1.599764895473453630e-01
135.903 1.599660415593556206e-01
135.912 1.599555942883533199e-01
135.92 1.599451477355363915e-01
135.928 1.599347018994739800e-01
135.936 1.599242567810134075e-01
135.945 1.599138123808263312e-01
135.953 1.599033686974823398e-01
135.961 1.598929257313028152e-01
135.97 1.598824834824341401e-01
135.978 1.598720419511971969e-01
135.986 1.598616011379131729e-01
135.995 1.598511610427275631e-01
136.003 1.598407216643860651e-01
136.011 1.598302830037347522e-01
136.02 1.598198450609192023e-01
136.028 1.598094078355600800e-01
136.036 1.597989713272783829e-01
136.044 1.597885355376190419e-01
136.053 1.597781004655031423e-01
136.061 1.597676661100267959e-01
136.069 1.597572324730842930e-01
136.078 1.597467995535969409e-01
136.086 1.597363673510109605e-01
136.094 1.597259358670446716e-01
136.103 1.597155051007944915e-01
136.111 1.597050750522308049e-01
136.119 1.596946457214987458e-01
136.128 1.596842171082192285e-01
136.136 1.596737892134104386e-01
136.144 1.596633620356455452e-01
136.153 1.596529355761172331e-01
136.161 1.596425098335733095e-01
136.169 1.596320848086825450e-01
136.177 1.596216605029862068e-01
136.186 1.596112369150576304e-01
136.194 1.596008140438196221e-01
136.202 1.595903918915112241e-01
136.211 1.595799704560083299e-01
136.219 1.595695497383280703e-01
136.227 1.595591297400101582e-01
136.236 1.595487104580589899e-01
136.244 1.595382918950608853e-01
136.252 1.595278740501135661e-01
136.261 1.595174569219661165e-01
136.269 1.595070405130293578e-01
136.277 1.594966248215296256e-01
136.285 1.594862098467397238e-01
136.294 1.594757955914177516e-01
136.302 1.594653820551844292e-01
136.31 1.594549692350472614e-01
136.319 1.594445571332411271e-01
136.327 1.594341457500838277e-01
136.335 1.594237350839770029e-01
136.344 1.594133251371545046e-01
136.352 1.594029159080183056e-01
136.36 1.593925073961895977e-01
136.369 1.593820996028565695e-01
136.377 1.593716925285106611e-01
136.385 1.593612861717286500e-01
136.393 1.593508805323059774e-01
136.402 1.593404756122998034e-01
136.41 1.593300714097656001e-01
136.418 1.593196679250204750e-01
136.427 1.593092651589033681e-01
136.435 1.592988631103397501e-01
136.443 1.592884617806901160e-01
136.452 1.592780611704447680e-01
136.46 1.592676612766170674e-01
136.468 1.592572620995242605e-01
136.477 1.592468636438282570e-01
136.485 1.592364659060215015e-01
136.493 1.592260688839879645e-01
136.502 1.592156725825617236e-01
136.51 1.592052769996263051e-01
136.518 1.591948821339347619e-01
136.526 1.591844879859770912e-01
136.535 1.591740945564168452e-01
136.543 1.591637018467852993e-01
136.551 1.591533098537521451e-01
136.56 1.591429185798903245e-01
136.568 1.591325280248210017e-01
136.576 1.591221381869507845e-01
136.585 1.591117490683308378e-01
136.593 1.591013606671943525e-01
136.601 1.590909729850713827e-01
136.61 1.590805860212365086e-01
136.618 1.590701997763517561e-01
136.626 1.590598142502119561e-01
136.634 1.590494294413981324e-01
136.643 1.590390453503992829e-01
136.651 1.590286619790906020e-01
136.659 1.590182793270933648e-01
136.668 1.590078973914291205e-01
136.676 1.589975161750128707e-01
136.684 1.589871356786787537e-01
136.693 1.589767558994491514e-01
136.701 1.589663768379855346e-01
136.709 1.589559984956418759e-01
136.718 1.589456208730788134e-01
136.726 1.589352439674932838e-01
136.734 1.589248677804119270e-01
136.743 1.589144923131878273e-01
136.751 1.589041175638843673e-01
136.759 1.588937435331619352e-01
136.767 1.588833702213342802e-01
136.776 1.588729976271581468e-01
136.784 1.588626257521587315e-01
136.792 1.588522545959575039e-01
136.801 1.588418841583491004e-01
136.809 1.588315144399931600e-01
136.817 1.588211454391277866e-01
136.826 1.588107771560668957e-01
136.834 1.588004095937172733e-01
136.842 1.587900427504901346e-01
136.851 1.587796766247972224e-01
136.859 1.587693112159150044e-01
136.867 1.587589465281319112e-01
136.875 1.587485825596866018e-01
136.884 1.587382193079548975e-01
136.892 1.587278567760141146e-01
136.9 1.587174949631404153e-01
136.909 1.587071338686101840e-01
136.917 1.586967734923908635e-01
136.925 1.586864138353131504e-01
136.934 1.586760548964809003e-01
136.942 1.586656966774151467e-01
136.95 1.586553391760114617e-01
136.959 1.586449823943082427e-01
136.967 1.586346263308918703e-01
136.975 1.586242709878000201e-01
136.983 1.586139163622390658e-01
136.992 1.586035624545213130e-01
137 1.585932092668562443e-01
137.008 1.585828567981756865e-01
137.017 1.585725050486189724e-01
137.025 1.585621540166011756e-01
137.033 1.585518037051926177e-01
137.042 1.585414541109121389e-01
137.05 1.585311052363123918e-01
137.058 1.585207570811874023e-01
137.067 1.585104096449869160e-01
137.075 1.585000629273329575e-01
137.083 1.584897169269866568e-01
137.092 1.584793716475321190e-01
137.1 1.584690270882463947e-01
137.108 1.584586832461683248e-01
137.116 1.584483401222981369e-01
137.125 1.584379977174632803e-01
137.133 1.584276560328352346e-01
137.141 1.584173150671752128e-01
137.15 1.584069748195891802e-01
137.158 1.583966352921087895e-01
137.166 1.583862964833234188e-01
137.175 1.583759583937156823e-01
137.183 1.583656210218758187e-01
137.191 1.583552843700063995e-01
137.2 1.583449484379012007e-01
137.208 1.583346132239787929e-01
137.216 1.583242787288934306e-01
137.224 1.583139449527830311e-01
137.233 1.583036118964733230e-01
137.241 1.582932795590707153e-01
137.249 1.582829479408851825e-01
137.258 1.582726170423979506e-01
137.266 1.582622868613415001e-01
137.274 1.582519573999154883e-01
137.283 1.582416286586010856e-01
137.291 1.582313006354745810e-01
137.299 1.582209733323910739e-01
137.308 1.582106467479424960e-01
137.316 1.582003208827817142e-01
137.324 1.581899957361876663e-01
137.333 1.581796713088128581e-01
137.341 1.581693476013095456e-01
137.349 1.581590246126136079e-01
137.357 1.581487023435486083e-01
137.366 1.581383807935654584e-01
137.374 1.581280599619435678e-01
137.382 1.581177398500210607e-01
137.391 1.581074204587921139e-01
137.399 1.580971017856496463e-01
137.407 1.580867838309025497e-01
137.416 1.580764665958879489e-01
137.424 1.580661500800568664e-01
137.432 1.580558342837175279e-01
137.441 1.580455192068350723e-01
137.449 1.580352048481755423e-01
137.457 1.580248912102743819e-01
137.465 1.580145782912119323e-01
137.474 1.580042660911249730e-01
137.482 1.579939546115202154e-01
137.49 1.579836438503073870e-01
137.499 1.579733338072808468e-01
137.507 1.579630244851452370e-01
137.515 1.579527158819822308e-01
137.524 1.579424079982704454e-01
137.532 1.579321008331190657e-01
137.54 1.579217943870069307e-01
137.549 1.579114886622943192e-01
137.557 1.579011836555239412e-01
137.565 1.578908793676877254e-01
137.573 1.578805758006317783e-01
137.582 1.578702729514134817e-01
137.59 1.578599708227340082e-01
137.598 1.578496694138738221e-01
137.607 1.578393687225750908e-01
137.615 1.578290687525639169e-01
137.623 1.578187695019241388e-01
137.632 1.578084709677154418e-01
137.64 1.577981731560546830e-01
137.648 1.577878760638302402e-01
137.657 1.577775796898107652e-01
137.665 1.577672840360110629e-01
137.673 1.577569891006874170e-01
137.682 1.577466948850001771e-01
137.69 1.577364013906210893e-01
137.698 1.577261086140994417e-01
137.706 1.577158165552295099e-01
137.715 1.577055252187555823e-01
137.723 1.576952346022515994e-01
137.731 1.576849447027807716e-01
137.74 1.576746555237207026e-01
137.748 1.576643670653766205e-01
137.756 1.576540793256652750e-01
137.765 1.576437923042101341e-01
137.773 1.576335060031927582e-01
137.781 1.576232204227475675e-01
137.79 1.576129355607923110e-01
137.798 1.576026514188257344e-01
137.806 1.575923679963003032e-01
137.814 1.575820852928393467e-01
137.823 1.575718033092590453e-01
137.831 1.575615220456936527e-01
137.839 1.575512415014253820e-01
137.848 1.575409616767591836e-01
137.856 1.575306825716586701e-01
137.864 1.575204041852362735e-01
137.873 1.575101265200105627e-01
137.881 1.574998495730500492e-01
137.889 1.574895733460214831e-01
137.898 1.574792978399099652e-01
137.906 1.574690230514447231e-01
137.914 1.574587489834832765e-01
137.923 1.574484756361592408e-01
137.931 1.574382030067134897e-01
137.939 1.574279310980023494e-01
137.947 1.574176599081178185e-01
137.956 1.574073894380443595e-01
137.964 1.573971196887657686e-01
137.972 1.573868506585445470e-01
137.981 1.573765823480245962e-01
137.989 1.573663147563192366e-01
137.997 1.573560478847521038e-01
138.006 1.573457817332863939e-01
138.014 1.573355163010354552e-01
138.022 1.573252515891523096e-01
138.031 1.573149875960709043e-01
138.039 1.573047243234536041e-01
138.047 1.572944617700742509e-01
138.055 1.572841999364058552e-01
138.064 1.572739388227511470e-01
138.072 1.572636784282242239e-01
138.08 1.572534187546557605e-01
138.089 1.572431597994622676e-01
138.097 1.572329015641348859e-01
138.105 1.572226440498245004e-01
138.114 1.572123872549663903e-01
138.122 1.572021311781661990e-01
138.13 1.571918758229503832e-01
138.139 1.571816211874151048e-01
138.147 1.571713672698271114e-01
138.155 1.571611140728633726e-01
138.163 1.571508615966561440e-01
138.172 1.571406098398112905e-01
138.18 1.571303588017831654e-01
138.188 1.571201084847384799e-01
138.197 1.571098588869446477e-01
138.205 1.570996100092119374e-01
138.213 1.570893618516722434e-01
138.222 1.570791144120854965e-01
138.23 1.570688676939726303e-01
138.238 1.570586216959403980e-01
138.247 1.570483764164269380e-01
138.255 1.570381318572581231e-01
138.263 1.570278880180575320e-01
138.272 1.570176448986183582e-01
138.28 1.570074024983949823e-01
138.288 1.569971608190429135e-01
138.296 1.569869198598471127e-01
138.305 1.569766796189082658e-01
138.313 1.569664400988964870e-01
138.321 1.569562012985895039e-01
138.33 1.569459632182879927e-01
138.338 1.569357258572773861e-01
138.346 1.569254892165349025e-01
138.355 1.569152532963607738e-01
138.363 1.569050180950261053e-01
138.371 1.568947836130006046e-01
138.38 1.568845498517678072e-01
138.388 1.568743168107824826e-01
138.396 1.568640844886545482e-01
138.404 1.568538528872051030e-01
138.413 1.568436220053820440e-01
138.421 1.568333918439922536e-01
138.429 1.568231624029973736e-01
138.438 1.568129336799945761e-01
138.446 1.568027056774793926e-01
138.454 1.567924783952449330e-01
138.463 1.567822518330838633e-01
138.471 1.567720259901138058e-01
138.479 1.567618008679846908e-01
138.488 1.567515764661517874e-01
138.496 1.567413527827201114e-01
138.504 1.567311298195081803e-01
138.513 1.567209075778271399e-01
138.521 1.567106860549389302e-01
138.529 1.567004652514802365e-01
138.537 1.566902451684249187e-01
138.546 1.566800258057340356e-01
138.554 1.566698071626946853e-01
138.562 1.566595892402800061e-01
138.571 1.566493720364282027e-01
138.579 1.566391555527868740e-01
138.587 1.566289397889802093e-01
138.596 1.566187247469918720e-01
138.604 1.566085104237495973e-01
138.612 1.565982968198888214e-01
138.621 1.565880839363820720e-01
138.629 1.565778717728534275e-01
138.637 1.565676603302747771e-01
138.645 1.565574496069228327e-01
138.654 1.565472396027591528e-01
138.662 1.565370303197653745e-01
138.67 1.565268217555456087e-01
138.679 1.565166139117443733e-01
138.687 1.565064067889959665e-01
138.695 1.564962003859146633e-01
138.704 1.564859947017886721e-01
138.712 1.564757897385980756e-01
138.72 1.564655854956308323e-01
138.729 1.564553819711656801e-01
138.737 1.564451791685275706e-01
138.745 1.564349770849863819e-01
138.753 1.564247757215118662e-01
138.762 1.564145750784012856e-01
138.77 1.564043751546067285e-01
138.778 1.563941759507613272e-01
138.787 1.563839774678343064e-01
138.795 1.563737797047778377e-01
138.803 1.563635826612166657e-01
138.812 1.563533863381195432e-01
138.82 1.563431907347750671e-01
138.828 1.563329958511439355e-01
138.837 1.563228016881945959e-01
138.845 1.563126082448797194e-01
138.853 1.563024155221672540e-01
138.862 1.562922235190105369e-01
138.87 1.562820322363770997e-01
138.878 1.562718416738916316e-01
138.886 1.562616518301719604e-01
138.895 1.562514627078636642e-01
138.903 1.562412743049134134e-01
138.911 1.562310866219527583e-01
138.92 1.562208996592774346e-01
138.928 1.562107134171830392e-01
138.936 1.562005278946236309e-01
138.945 1.561903430915595747e-01
138.953 1.561801590092924130e-01
138.961 1.561699756471116030e-01
138.97 1.561597930043068516e-01
138.978 1.561496110825144334e-01
138.986 1.561394298800183045e-01
138.994 1.561292493977842200e-01
139.003 1.561190696371124176e-01
139.011 1.561088905949471473e-01
139.019 1.560987122729237953e-01
139.028 1.560885346713373201e-01
139.036 1.560783577894777618e-01
139.044 1.560681816269701705e-01
139.053 1.560580061861185919e-01
139.061 1.560478314648734988e-01
139.069 1.560376574631950342e-01
139.078 1.560274841823817982e-01
139.086 1.560173116213894595e-01
139.094 1.560071397805124771e-01
139.103 1.559969686580375270e-01
139.111 1.559867982579395684e-01
139.119 1.559766285788393714e-01
139.127 1.559664596163482242e-01
139.136 1.559562913754433955e-01
139.144 1.559461238560839458e-01
139.152 1.559359570562227626e-01
139.161 1.559257909748167081e-01
139.169 1.559156256148344355e-01
139.177 1.559054609745635644e-01
139.186 1.558952970542980820e-01
139.194 1.558851338560021949e-01
139.202 1.558749713756255872e-01
139.211 1.558648096151325491e-01
139.219 1.558546485758187106e-01
139.227 1.558444882563071177e-01
139.235 1.558343286568911468e-01
139.244 1.558241697781978241e-01
139.252 1.558140116188507229e-01
139.26 1.558038541794770082e-01
139.269 1.557936974610373282e-01
139.277 1.557835414608204627e-01
139.285 1.557733861837919398e-01
139.294 1.557632316249047966e-01
139.302 1.557530777861204641e-01
139.31 1.557429246670645195e-01
139.319 1.557327722700309336e-01
139.327 1.557226205916429906e-01
139.335 1.557124696328606728e-01
139.343 1.557023193956435791e-01
139.352 1.556921698776163598e-01
139.36 1.556820210797384696e-01
139.368 1.556718730023020358e-01
139.377 1.556617256449324416e-01
139.385 1.556515790072553751e-01
139.393 1.556414330902293475e-01
139.402 1.556312878931467025e-01
139.41 1.556211434159661955e-01
139.418 1.556109996603119439e-01
139.427 1.556008566231450729e-01
139.435 1.555907143060895892e-01
139.443 1.555805727094371482e-01
139.452 1.555704318331462277e-01
139.46 1.555602916775083167e-01
139.468 1.555501522408176129e-01
139.476 1.555400135240314063e-01
139.485 1.555298755287720935e-01
139.493 1.555197382530014161e-01
139.501 1.555096016973434581e-01
139.51 1.554994658614238801e-01
139.518 1.554893307465316510e-01
139.526 1.554791963516272690e-01
139.535 1.554690626763366723e-01
139.543 1.554589297202857434e-01
139.551 1.554487974850953802e-01
139.56 1.554386659713883345e-01
139.568 1.554285351771284851e-01
139.576 1.554184051019416868e-01
139.584 1.554082757467834253e-01
139.593 1.553981471129410874e-01
139.601 1.553880191983789960e-01
139.609 1.553778920033877797e-01
139.618 1.553677655299186000e-01
139.626 1.553576397772646056e-01
139.634 1.553475147417315017e-01
139.643 1.553373904282581708e-01
139.651 1.553272668354741815e-01
139.659 1.553171439616776173e-01
139.668 1.553070218084864063e-01
139.676 1.552969003748626009e-01
139.684 1.552867796617598828e-01
139.692 1.552766596697993107e-01
139.701 1.552665403962848190e-01
139.709 1.552564218428331422e-01
139.717 1.552463040090704127e-01
139.726 1.552361868979390547e-01
139.734 1.552260705064119062e-01
139.742 1.552159548327891048e-01
139.751 1.552058398796810901e-01
139.759 1.551957256477083102e-01
139.767 1.551856121358339002e-01
139.776 1.551754993443467401e-01
139.784 1.551653872732044470e-01
139.792 1.551552759200453824e-01
139.801 1.551451652874778764e-01
139.809 1.551350553764530016e-01
139.817 1.551249461859341705e-01
139.825 1.551148377145541712e-01
139.834 1.551047299626019949e-01
139.842 1.550946229310282976e-01
139.85 1.550845166201215708e-01
139.859 1.550744110295077804e-01
139.867 1.550643061578208248e-01
139.875 1.550542020073344407e-01
139.884 1.550440985753587797e-01
139.892 1.550339958658215056e-01
139.9 1.550238938750403694e-01
139.909 1.550137926039655001e-01
139.917 1.550036920542074981e-01
139.925 1.549935922240699426e-01
139.933 1.549834931125183002e-01
139.942 1.549733947231465847e-01
139.95 1.549632970526056974e-01
139.958 1.549532001021752259e-01
139.967 1.549431038734646326e-01
139.975 1.549330083624650412e-01
139.983 1.549229135727686890e-01
139.992 1.549128195026803212e-01
140 1.549027261528178046e-01
140.008 1.548926335228076046e-01
140.017 1.548825416126067556e-01
140.025 1.548724504238231381e-01
140.033 1.548623599547624685e-01
140.042 1.548522702047213928e-01
140.05 1.548421811749774168e-01
140.058 1.548320928658172280e-01
140.066 1.548220052755475418e-01
140.075 1.548119184067650311e-01
140.083 1.548018322577763839e-01
140.091 1.547917468291980514e-01
140.1 1.547816621196673181e-01
140.108 1.547715781301305105e-01
140.116 1.547614948608739827e-01
140.125 1.547514123111948525e-01
140.133 1.547413304833576420e-01
140.141 1.547312493736921479e-01
140.15 1.547211689844627258e-01
140.158 1.547110893166145085e-01
140.166 1.547010103668081948e-01
140.174 1.546909321373072244e-01
140.183 1.546808546280681040e-01
140.191 1.546707778403646205e-01
140.199 1.546607017715177224e-01
140.208 1.546506264221428062e-01
140.216 1.546405517935135476e-01
140.224 1.546304778836105343e-01
140.233 1.546204046956825284e-01
140.241 1.546103322273809366e-01
140.249 1.546002604783328904e-01
140.258 1.545901894484948691e-01
140.266 1.545801191397978003e-01
140.274 1.545700495512102590e-01
140.282 1.545599806820303901e-01
140.291 1.545499125338591628e-01
140.299 1.545398451046789967e-01
140.307 1.545297783954328319e-01
140.316 1.545197124067343164e-01
140.324 1.545096471372240654e-01
140.332 1.544995825891597729e-01
140.341 1.544895187595383412e-01
140.349 1.544794556496309479e-01
140.357 1.544693932620226362e-01
140.366 1.544593315923968591e-01
140.374 1.544492706416957239e-01
140.382 1.544392104134891253e-01
140.391 1.544291509047756306e-01
140.399 1.544190921151829543e-01
140.407 1.544090340449953969e-01
140.415 1.543989766958107079e-01
140.424 1.543889200675841733e-01
140.432 1.543788641573167197e-01
140.44 1.543688089666058749e-01
140.449 1.543587544980329906e-01
140.457 1.543487007482713391e-01
140.465 1.543386477176050819e-01
140.474 1.543285954082865841e-01
140.482 1.543185438173184654e-01
140.49 1.543084929472809952e-01
140.499 1.542984427974732065e-01
140.507 1.542883933675226193e-01
140.515 1.542783446573847972e-01
140.523 1.542682966660315624e-01
140.532 1.542582493960411305e-01
140.54 1.542482028447463294e-01
140.548 1.542381570137415780e-01
140.557 1.542281119036375270e-01
140.565 1.542180675124229794e-01
140.573 1.542080238410365733e-01
140.582 1.541979808891060511e-01
140.59 1.541879386585519596e-01
140.598 1.541778971467090698e-01
140.607 1.541678563545152703e-01
140.615 1.541578162838904420e-01
140.623 1.541477769308604584e-01
140.632 1.541377382989820299e-01
140.64 1.541277003878825103e-01
140.648 1.541176631948986131e-01
140.656 1.541076267212947437e-01
140.665 1.540975909696437052e-01
140.673 1.540875559363011904e-01
140.681 1.540775216228580657e-01
140.69 1.540674880299235938e-01
140.698 1.540574551571253503e-01
140.706 1.540474230031101954e-01
140.715 1.540373915688142692e-01
140.723 1.540273608548463624e-01
140.731 1.540173308608340508e-01
140.74 1.540073015870591366e-01
140.748 1.539972730321689798e-01
140.756 1.539872451974257372e-01
140.764 1.539772180827840842e-01
140.773 1.539671916868917412e-01
140.781 1.539571660126438923e-01
140.789 1.539471410564015874e-01
140.798 1.539371168207327445e-01
140.806 1.539270933036326061e-01
140.814 1.539170705079945523e-01
140.823 1.539070484321405363e-01
140.831 1.538970270750454339e-01
140.839 1.538870064382963920e-01
140.848 1.538769865211948584e-01
140.856 1.538669673230428636e-01
140.864 1.538569488447738831e-01
140.872 1.538469310876473262e-01
140.881 1.538369140490074005e-01
140.889 1.538268977301137930e-01
140.897 1.538168821305945511e-01
140.906 1.538068672526868574e-01
140.914 1.537968530930838851e-01
140.922 1.537868396527185821e-01
140.931 1.537768269325230641e-01
140.939 1.537668149327775236e-01
140.947 1.537568036521323178e-01
140.956 1.537467930905419555e-01
140.964 1.537367832495897813e-01
140.972 1.537267741282524747e-01
140.981 1.537167657274612909e-01
140.989 1.537067580439131220e-01
140.997 1.536967510808194270e-01
141.005 1.536867448387853885e-01
141.014 1.536767393151598771e-01
141.022 1.536667345125016793e-01
141.03 1.536567304281602486e-01
141.039 1.536467270630665072e-01
141.047 1.536367244178254987e-01
141.055 1.536267224943432819e-01
141.064 1.536167212883434441e-01
141.072 1.536067208020580610e-01
141.08 1.535967210367418512e-01
141.089 1.535867219894211377e-01
141.097 1.535767236633022170e-01
141.105 1.535667260554120506e-01
141.113 1.535567291679806601e-01
141.122 1.535467329999862796e-01
141.13 1.535367375510576227e-01
141.138 1.535267428211486151e-01
141.147 1.535167488131378433e-01
141.155 1.535067555230791025e-01
141.163 1.534967629515761600e-01
141.172 1.534867711015069081e-01
141.18 1.534767799712001279e-01
141.188 1.534667895596349974e-01
141.197 1.534567998664405630e-01
141.205 1.534468108935190533e-01
141.213 1.534368226411483849e-01
141.222 1.534268351083078463e-01
141.23 1.534168482952753265e-01
141.238 1.534068621990834214e-01
141.246 1.533968768235804969e-01
141.255 1.533868921690441089e-01
141.263 1.533769082318582055e-01
141.271 1.533669250165185793e-01
141.28 1.533569425207071679e-01
141.288 1.533469607430800741e-01
141.296 1.533369796845637234e-01
141.305 1.533269993447873847e-01
141.313 1.533170197256497891e-01
141.321 1.533070408277520669e-01
141.33 1.532970626474812192e-01
141.338 1.532870851854395422e-01
141.346 1.532771084441728326e-01
141.354 1.532671324233098042e-01
141.363 1.532571571198874105e-01
141.371 1.532471825377466346e-01
141.379 1.532372086739249295e-01
141.388 1.532272355293472499e-01
141.396 1.532172631049381895e-01
141.404 1.532072913993551555e-01
141.413 1.531973204144940204e-01
141.421 1.531873501480413013e-01
141.429 1.531773805996264615e-01
141.438 1.531674117724392270e-01
141.446 1.531574436635196046e-01
141.454 1.531474762744386153e-01
141.462 1.531375096051487694e-01
141.471 1.531275436543089452e-01
141.479 1.531175784234895532e-01
141.487 1.531076139119961765e-01
141.496 1.530976501191349259e-01
141.504 1.530876870464753514e-01
141.512 1.530777246930000168e-01
141.521 1.530677630586617100e-01
141.529 1.530578021437363490e-01
141.537 1.530478419465605422e-01
141.546 1.530378824703190199e-01
141.554 1.530279237146406901e-01
141.562 1.530179656762469254e-01
141.571 1.530080083567061933e-01
141.579 1.529980517572631371e-01
141.587 1.529880958765782173e-01
141.595 1.529781407158956885e-01
141.604 1.529681862754905253e-01
141.612 1.529582325524095066e-01
141.62 1.529482795485424262e-01
141.629 1.529383272654554482e-01
141.637 1.529283757008414457e-01
141.645 1.529184248556210435e-01
141.654 1.529084747287785817e-01
141.662 1.528985253209118600e-01
141.67 1.528885766342313601e-01
141.679 1.528786286651406257e-01
141.687 1.528686814155276741e-01
141.695 1.528587348850219407e-01
141.703 1.528487890738981503e-01
141.712 1.528388439824308609e-01
141.72 1.528288996086380747e-01
141.728 1.528189559540837350e-01
141.737 1.528090130203313968e-01
141.745 1.527990708057214986e-01
141.753 1.527891293082729585e-01
141.762 1.527791885321264087e-01
141.77 1.527692484740119927e-01
141.778 1.527593091338822207e-01
141.787 1.527493705145877845e-01
141.795 1.527394326131819857e-01
141.803 1.527294954312269359e-01
141.812 1.527195589686746457e-01
141.82 1.527096232251549390e-01
141.828 1.526996882006196044e-01
141.836 1.526897538953424505e-01
141.845 1.526798203083099548e-01
141.853 1.526698874417263263e-01
141.861 1.526599552932909609e-01
141.87 1.526500238623126338e-01
141.878 1.526400931529247884e-01
141.886 1.526301631628271538e-01
141.895 1.526202338890774168e-01
141.903 1.526103053358077999e-01
141.911 1.526003775016835651e-01
141.92 1.525904503850492588e-01
141.928 1.525805239903564314e-01
141.936 1.525705983117712217e-01
141.944 1.525606733531021664e-01
141.953 1.525507491146217698e-01
141.961 1.525408255940323143e-01
141.969 1.525309027909644566e-01
141.978 1.525209807076185753e-01
141.986 1.525110593452302654e-01
141.994 1.525011387008605446e-01
142.003 1.524912187731767010e-01
142.011 1.524812995666254556e-01
142.019 1.524713810785895129e-01
142.028 1.524614633096621763e-01
142.036 1.524515462578692471e-01
142.044 1.524416299263714747e-01
142.052 1.524317143138363972e-01
142.061 1.524217994192527403e-01
142.069 1.524118852441759542e-01
142.077 1.524019717879155078e-01
142.086 1.523920590504228845e-01
142.094 1.523821470322903882e-01
142.102 1.523722357325071886e-01
142.111 1.523623251503835319e-01
142.119 1.523524152881147731e-01
142.127 1.523425061456515350e-01
142.136 1.523325977216627714e-01
142.144 1.523226900144976359e-01
142.152 1.523127830266708671e-01
142.161 1.523028767594146737e-01
142.169 1.522929712091560528e-01
142.177 1.522830663777682836e-01
142.185 1.522731622658427542e-01
142.194 1.522632588720493618e-01
142.202 1.522533561969794669e-01
142.21 1.522434542409043245e-01
142.219 1.522335530044147955e-01
142.227 1.522236524855411222e-01
142.235 1.522137526842344823e-01
142.244 1.522038536039659329e-01
142.252 1.521939552408461405e-01
142.26 1.521840575957861263e-01
142.269 1.521741606706560890e-01
142.277 1.521642644631674701e-01
142.285 1.521543689758297901e-01
142.293 1.521444742060350241e-01
142.302 1.521345801546935272e-01
142.31 1.521246868220756110e-01
142.318 1.521147942087712479e-01
142.327 1.521049023137719114e-01
142.335 1.520950111363892632e-01
142.343 1.520851206784912812e-01
142.352 1.520752309390698276e-01
142.36 1.520653419183948529e-01
142.368 1.520554536151392522e-01
142.377 1.520455660311700596e-01
142.385 1.520356791651602812e-01
142.393 1.520257930186569295e-01
142.402 1.520159075900138768e-01
142.41 1.520060228798201241e-01
142.418 1.519961388883454834e-01
142.426 1.519862556155400224e-01
142.435 1.519763730613541697e-01
142.443 1.519664912241426580e-01
142.451 1.519566101073660247e-01
142.46 1.519467297084217128e-01
142.468 1.519368500263032773e-01
142.476 1.519269710644697846e-01
142.485 1.519170928219141514e-01
142.493 1.519072152947600896e-01
142.501 1.518973384877410349e-01
142.51 1.518874624001689821e-01
142.518 1.518775870288063823e-01
142.526 1.518677123761536796e-01
142.534 1.518578384421609417e-01
142.543 1.518479652270967317e-01
142.551 1.518380927302737660e-01
142.559 1.518282209510050107e-01
142.568 1.518183498917888841e-01
142.576 1.518084795487530392e-01
142.584 1.517986099256697086e-01
142.593 1.517887410202591603e-01
142.601 1.517788728327900960e-01
142.609 1.517690053641675418e-01
142.618 1.517591386124314823e-01
142.626 1.517492725794417630e-01
142.634 1.517394072657845816e-01
142.642 1.517295426701366357e-01
142.651 1.517196787918116130e-01
142.659 1.517098156333043790e-01
142.667 1.516999531913836019e-01
142.676 1.516900914682257906e-01
142.684 1.516802304631445775e-01
142.692 1.516703701764075818e-01
142.701 1.516605106086003629e-01
142.709 1.516506517577649871e-01
142.717 1.516407936254409450e-01
142.726 1.516309362103063219e-01
142.734 1.516210795142177714e-01
142.742 1.516112235364892313e-01
142.751 1.516013682773878213e-01
142.759 1.515915137346393049e-01
142.767 1.515816599100995588e-01
142.775 1.515718068059412338e-01
142.784 1.515619544186200540e-01
142.792 1.515521027471333215e-01
142.8 1.515422517961934057e-01
142.809 1.515324015641617006e-01
142.817 1.515225520487656352e-01
142.825 1.515127032499549720e-01
142.834 1.515028551714876770e-01
142.842 1.514930078101393018e-01
142.85 1.514831611658595256e-01
142.859 1.514733152411357753e-01
142.867 1.514634700346480789e-01
142.875 1.514536255441255586e-01
142.883 1.514437817723723601e-01
142.892 1.514339387190201669e-01
142.9 1.514240963830671416e-01
142.908 1.514142547654134807e-01
142.917 1.514044138650575411e-01
142.925 1.513945736835332068e-01
142.933 1.513847342192048973e-01
142.942 1.513748954726558127e-01
142.95 1.513650574447854280e-01
142.958 1.513552201339586345e-01
142.967 1.513453835404417192e-01
142.975 1.513355476654505150e-01
142.983 1.513257125102007994e-01
142.992 1.513158780698911354e-01
143 1.513060443485875206e-01
143.008 1.512962113456051971e-01
143.016 1.512863790589939472e-01
143.025 1.512765474906020424e-01
143.033 1.512667166400618601e-01
143.041 1.512568865076386049e-01
143.05 1.512470570935975644e-01
143.058 1.512372283953565266e-01
143.066 1.512274004150791495e-01
143.075 1.512175731536629930e-01
143.083 1.512077466107403234e-01
143.091 1.511979207840461470e-01
143.1 1.511880956757429006e-01
143.108 1.511782712835663400e-01
143.116 1.511684476099942054e-01
143.124 1.511586246549750656e-01
143.133 1.511488024168771149e-01
143.141 1.511389808969132720e-01
143.149 1.511291600937681168e-01
143.158 1.511193400077066318e-01
143.166 1.511095206396250723e-01
143.174 1.510997019891562321e-01
143.183 1.510898840571958113e-01
143.191 1.510800668421134751e-01
143.199 1.510702503444893152e-01
143.208 1.510604345649033120e-01
143.216 1.510506195023567921e-01
143.224 1.510408051564828547e-01
143.232 1.510309915294391347e-01
143.241 1.510211786192806604e-01
143.249 1.510113664269022993e-01
143.257 1.510015549516215139e-01
143.266 1.509917441946486139e-01
143.274 1.509819341530930503e-01
143.282 1.509721248297420382e-01
143.291 1.509623162254896400e-01
143.299 1.509525083383919108e-01
143.307 1.509427011674515928e-01
143.316 1.509328947141931609e-01
143.324 1.509230889776194684e-01
143.332 1.509132839589394648e-01
143.341 1.509034796587313543e-01
143.349 1.508936760750525796e-01
143.357 1.508838732075366285e-01
143.365 1.508740710586518874e-01
143.374 1.508642696264564376e-01
143.382 1.508544689124730886e-01
143.39 1.508446689157049436e-01
143.399 1.508348696361002939e-01
143.407 1.508250710714034992e-01
143.415 1.508152732259700757e-01
143.424 1.508054760988033205e-01
143.432 1.507956796882773398e-01
143.44 1.507858839933964301e-01
143.449 1.507760890156819855e-01
143.457 1.507662947569697320e-01
143.465 1.507565012153194994e-01
143.473 1.507467083891068926e-01
143.482 1.507369162811104391e-01
143.49 1.507271248912777917e-01
143.498 1.507173342164123409e-01
143.507 1.507075442602352766e-01
143.515 1.506977550204932625e-01
143.523 1.506879664983916678e-01
143.532 1.506781786941923662e-01
143.54 1.506683916037580284e-01
143.548 1.506586052320642299e-01
143.557 1.506488195787442641e-01
143.565 1.506390346424886784e-01
143.573 1.506292504213609940e-01
143.582 1.506194669178215484e-01
143.59 1.506096841311899970e-01
143.598 1.505999020626697382e-01
143.606 1.505901207109523743e-01
143.615 1.505803400750437560e-01
143.623 1.505705601574028885e-01
143.631 1.505607809548385467e-01
143.64 1.505510024707505945e-01
143.648 1.505412247028897754e-01
143.656 1.505314476524586553e-01
143.665 1.505216713184635013e-01
143.673 1.505118957014792702e-01
143.681 1.505021208027077229e-01
143.69 1.504923466183329950e-01
143.698 1.504825731520658405e-01
143.706 1.504728004025991384e-01
143.714 1.504630283689399051e-01
143.723 1.504532570532298441e-01
143.731 1.504434864541622785e-01
143.739 1.504337165716846392e-01
143.748 1.504239474066842164e-01
143.756 1.504141789575416110e-01
143.764 1.504044112248310028e-01
143.773 1.503946442081864898e-01
143.781 1.503848779100607214e-01
143.789 1.503751123288347702e-01
143.798 1.503653474628903752e-01
143.806 1.503555833149926024e-01
143.814 1.503458198825838865e-01
143.822 1.503360571671768786e-01
143.831 1.503262951687183990e-01
143.839 1.503165338852781585e-01
143.847 1.503067733208709456e-01
143.856 1.502970134716891393e-01
143.864 1.502872543379929204e-01
143.872 1.502774959231702734e-01
143.881 1.502677382240399095e-01
143.889 1.502579812414873428e-01
143.897 1.502482249751468657e-01
143.906 1.502384694240277152e-01
143.914 1.502287145915155997e-01
143.922 1.502189604756815344e-01
143.931 1.502092070752222563e-01
143.939 1.501994543913350022e-01
143.947 1.501897024230290922e-01
143.955 1.501799511721263469e-01
143.964 1.501702006391978927e-01
143.972 1.501604508207543542e-01
143.98 1.501507017189293025e-01
143.989 1.501409533336692526e-01
143.997 1.501312056646089688e-01
144.005 1.501214587116951327e-01
144.014 1.501117124754988152e-01
144.022 1.501019669559665592e-01
144.03 1.500922221521088229e-01
144.039 1.500824780657447344e-01
144.047 1.500727346949483620e-01
144.055 1.500629920393546646e-01
144.063 1.500532501014062714e-01
144.072 1.500435088788659443e-01
144.08 1.500337683729278393e-01
144.088 1.500240285835385823e-01
144.097 1.500142895100209650e-01
144.105 1.500045511526334474e-01
144.113 1.499948135122576576e-01
144.122 1.499850765869696623e-01
144.13 1.499753403779629790e-01
144.138 1.499656048845608158e-01
144.147 1.499558701098254732e-01
144.155 1.499461360480948136e-01
144.163 1.499364027036773905e-01
144.172 1.499266700771421934e-01
144.18 1.499169381637632525e-01
144.188 1.499072069681590957e-01
144.196 1.498974764877845089e-01
144.205 1.498877467232087590e-01
144.213 1.498780176771798700e-01
144.221 1.498682893446630360e-01
144.23 1.498585617284064198e-01
144.238 1.498488348286675653e-01
144.246 1.498391086441475950e-01
144.255 1.498293831763486683e-01
144.263 1.498196584245946594e-01
144.271 1.498099343894537527e-01
144.28 1.498002110683837318e-01
144.288 1.497904884638192047e-01
144.296 1.497807665757060203e-01
144.304 1.497710454027465776e-01
144.313 1.497613249461306473e-01
144.321 1.497516052048715463e-01
144.329 1.497418861795372647e-01
144.338 1.497321678710059611e-01
144.346 1.497224502782911748e-01
144.354 1.497127333994746623e-01
144.363 1.497030172376097867e-01
144.371 1.496933017923313403e-01
144.379 1.496835870617215791e-01
144.388 1.496738730460372979e-01
144.396 1.496641597483297503e-01
144.404 1.496544471657498820e-01
144.412 1.496447352970019795e-01
144.421 1.496350241451365748e-01
144.429 1.496253137100989894e-01
144.437 1.496156039881109678e-01
144.446 1.496058949825321560e-01
144.454 1.495961866951696084e-01
144.462 1.495864791210049227e-01
144.471 1.495767722624660734e-01
144.479 1.495670661201189133e-01
144.487 1.495573606920484466e-01
144.496 1.495476559816116546e-01
144.504 1.495379519862731488e-01
144.512 1.495282487047386588e-01
144.521 1.495185461397442461e-01
144.529 1.495088442921650440e-01
144.537 1.494991431576073448e-01
144.545 1.494894427381866508e-01
144.554 1.494797430360173818e-01
144.562 1.494700440479466708e-01
144.57 1.494603457760888821e-01
144.579 1.494506482197696662e-01
144.587 1.494409513773861664e-01
144.595 1.494312552516711690e-01
144.604 1.494215598419506297e-01
144.612 1.494118651453833768e-01
144.62 1.494021711643920836e-01
144.629 1.493924779004696668e-01
144.637 1.493827853520135196e-01
144.645 1.493730935177312036e-01
144.653 1.493634023981872949e-01
144.662 1.493537119954929659e-01
144.67 1.493440223071184347e-01
144.678 1.493343333330091616e-01
144.687 1.493246450749664000e-01
144.695 1.493149575332445023e-01
144.703 1.493052707059331075e-01
144.712 1.492955845929778147e-01
144.72 1.492858991949422565e-01
144.728 1.492762145139355234e-01
144.737 1.492665305480477267e-01
144.745 1.492568472944430791e-01
144.753 1.492471647577021943e-01
144.762 1.492374829368429690e-01
144.77 1.492278018287212515e-01
144.778 1.492181214372980680e-01
144.786 1.492084417615915926e-01
144.795 1.491987627993852095e-01
144.803 1.491890845534031562e-01
144.811 1.491794070217377921e-01
144.82 1.491697302043344664e-01
144.828 1.491600541032989391e-01
144.836 1.491503787161069239e-01
144.845 1.491407040445551224e-01
144.853 1.491310300873542050e-01
144.861 1.491213568456832006e-01
144.87 1.491116843191785946e-01
144.878 1.491020125050090406e-01
144.886 1.490923414080549680e-01
144.894 1.490826710257933396e-01
144.903 1.490730013584776747e-01
144.911 1.490633324048193098e-01
144.919 1.490536641672297324e-01
144.928 1.490439966441120812e-01
144.936 1.490343298335622402e-01
144.944 1.490246637407644514e-01
144.953 1.490149983616567975e-01
144.961 1.490053336974166698e-01
144.969 1.489956697467567093e-01
144.978 1.489860065114700927e-01
144.986 1.489763439911931941e-01
144.994 1.489666821852548284e-01
145.002 1.489570210945235229e-01
145.011 1.489473607183278425e-01
145.019 1.489377010556891257e-01
145.027 1.489280421080911299e-01
145.036 1.489183838748631694e-01
145.044 1.489087263568727448e-01
145.052 1.488990695528336072e-01
145.061 1.488894134642287370e-01
145.069 1.488797580891566552e-01
145.077 1.488701034287926439e-01
145.086 1.488604494830810809e-01
145.094 1.488507962516587846e-01
145.102 1.488411437347779975e-01
145.111 1.488314919317681728e-01
145.119 1.488218408434960893e-01
145.127 1.488121904692913944e-01
145.135 1.488025408109427405e-01
145.144 1.487928918662427824e-01
145.152 1.487832436354434018e-01
145.16 1.487735961187963973e-01
145.169 1.487639493162462856e-01
145.177 1.487543032292731049e-01
145.185 1.487446578559781796e-01
145.194 1.487350131969199796e-01
145.202 1.487253692505076386e-01
145.21 1.487157260212914056e-01
145.219 1.487060835055305785e-01
145.227 1.486964417019417395e-01
145.235 1.486868006138461207e-01
145.243 1.486771602396529390e-01
145.252 1.486675205802270583e-01
145.26 1.486578816348987642e-01
145.268 1.486482434036122957e-01
145.277 1.486386058863118365e-01
145.285 1.486289690823280607e-01
145.293 1.486193329922187167e-01
145.302 1.486096976165413031e-01
145.31 1.486000629576925969e-01
145.318 1.485904290107105674e-01
145.327 1.485807957764594678e-01
145.335 1.485711632567230656e-01
145.343 1.485615314517514662e-01
145.351 1.485519003599562737e-01
145.36 1.485422699834264559e-01
145.368 1.485326403199611067e-01
145.376 1.485230113704233690e-01
145.385 1.485133831353698530e-01
145.393 1.485037556129066294e-01
145.401 1.484941288051216945e-01
145.41 1.484845027119585381e-01
145.418 1.484748773315239523e-01
145.426 1.484652526646803861e-01
145.435 1.484556287110658790e-01
145.443 1.484460054721546129e-01
145.451 1.484363829485019770e-01
145.46 1.484267611369915751e-01
145.468 1.484171400384855510e-01
145.476 1.484075196550692921e-01
145.484 1.483978999845449176e-01
145.493 1.483882810283856102e-01
145.501 1.483786627853117268e-01
145.509 1.483690452561843842e-01
145.518 1.483594284406414832e-01
145.526 1.483498123380151135e-01
145.534 1.483401969497778472e-01
145.543 1.483305822743445634e-01
145.551 1.483209683134928680e-01
145.559 1.483113550665548230e-01
145.568 1.483017425325574568e-01
145.576 1.482921307105279085e-01
145.584 1.482825196022430347e-01
145.592 1.482729092091734091e-01
145.601 1.482632995300405820e-01
145.609 1.482536905617340972e-01
145.617 1.482440823081675740e-01
145.626 1.482344747683682074e-01
145.634 1.482248679416688641e-01
145.642 1.482152618274026890e-01
145.651 1.482056564273444288e-01
145.659 1.481960517423526469e-01
145.667 1.481864477690139903e-01
145.676 1.481768445075774820e-01
145.684 1.481672419610373936e-01
145.692 1.481576401272013399e-01
145.701 1.481480390063180663e-01
145.709 1.481384386004653275e-01
145.717 1.481288389065369415e-01
145.725 1.481192399250863545e-01
145.734 1.481096416575811980e-01
145.742 1.481000441036596504e-01
145.75 1.480904472623506551e-01
145.759 1.480808511348164769e-01
145.767 1.480712557197812473e-01
145.775 1.480616610174931291e-01
145.784 1.480520670291138874e-01
145.792 1.480424737536727153e-01
145.8 1.480328811898944386e-01
145.809 1.480232893398544247e-01
145.817 1.480136982031910187e-01
145.825 1.480041077792384197e-01
145.833 1.479945180688528039e-01
145.842 1.479849290716728494e-01
145.85 1.479753407864242143e-01
145.858 1.479657532142673870e-01
145.867 1.479561663563624119e-01
145.875 1.479465802093053173e-01
145.883 1.479369947760817983e-01
145.892 1.479274100554179572e-01
145.9 1.479178260478648532e-01
145.908 1.479082427533655875e-01
145.917 1.478986601703426162e-01
145.925 1.478890783008675880e-01
145.933 1.478794971448829931e-01
145.941 1.478699167017236416e-01
145.95 1.478603369710284887e-01
145.958 1.478507579518289206e-01
145.966 1.478411796458910243e-01
145.975 1.478316020525500540e-01
145.983 1.478220251720525902e-01
145.991 1.478124490049488871e-01
146 1.478028735511813796e-01
146.008 1.477932988076557930e-01
146.016 1.477837247761376871e-01
146.025 1.477741514593024774e-01
146.033 1.477645788546634587e-01
146.041 1.477550069624670448e-01
146.05 1.477454357829595388e-01
146.058 1.477358653157800628e-01
146.066 1.477262955602643979e-01
146.074 1.477167265172657229e-01
146.083 1.477071581876367723e-01
146.091 1.476975905704099590e-01
146.099 1.476880236652243217e-01
146.108 1.476784574714163079e-01
146.116 1.476688919922643228e-01
146.124 1.476593272240717403e-01
146.133 1.476497631676909894e-01
146.141 1.476401998239743329e-01
146.149 1.476306371919547389e-01
146.158 1.476210752733934928e-01
146.166 1.476115140670202774e-01
146.174 1.476019535724748255e-01
146.182 1.475923937909115191e-01
146.191 1.475828347204549973e-01
146.199 1.475732763622595034e-01
146.207 1.475637187168733211e-01
146.216 1.475541617827243746e-01
146.224 1.475446055612694152e-01
146.232 1.475350500509367280e-01
146.241 1.475254952543935960e-01
146.249 1.475159411700683321e-01
146.257 1.475063877960872960e-01
146.266 1.474968351345116724e-01
146.274 1.474872831855861821e-01
146.282 1.474777319489504468e-01
146.291 1.474681814224289289e-01
146.299 1.474586316101992589e-01
146.307 1.474490825091785140e-01
146.315 1.474395341190067044e-01
146.324 1.474299864417430439e-01
146.332 1.474204394764222770e-01
146.34 1.474108932223820445e-01
146.349 1.474013476798669564e-01
146.357 1.473918028503305444e-01
146.365 1.473822587319011113e-01
146.374 1.473727153254278111e-01
146.382 1.473631726314567070e-01
146.39 1.473536306484193037e-01
146.399 1.473440893768619975e-01
146.407 1.473345488164249928e-01
146.415 1.473250089682585084e-01
146.423 1.473154698329082468e-01
146.432 1.473059314088062677e-01
146.44 1.472963936949889807e-01
146.448 1.472868566935119639e-01
146.457 1.472773204043168471e-01
146.465 1.472677848261381428e-01
146.473 1.472582499601251538e-01
146.482 1.472487158053143452e-01
146.49 1.472391823610445238e-01
146.498 1.472296496287659739e-01
146.507 1.472201176087221675e-01
146.515 1.472105862993468572e-01
146.523 1.472010557020898558e-01
146.531 1.471915258147821204e-01
146.54 1.471819966394764534e-01
146.548 1.471724681773202148e-01
146.556 1.471629404258434082e-01
146.565 1.471534133837823222e-01
146.573 1.471438870552984612e-01
146.581 1.471343614373195607e-01
146.59 1.471248365300889815e-01
146.598 1.471153123353561021e-01
146.606 1.471057888497488420e-01
146.615 1.470962660765226526e-01
146.623 1.470867440156188866e-01
146.631 1.470772226648709435e-01
146.64 1.470677020251241196e-01
146.648 1.470581820978253962e-01
146.656 1.470486628808088947e-01
146.664 1.470391443734145043e-01
146.673 1.470296265791955215e-01
146.681 1.470201094953849930e-01
146.689 1.470105931225262896e-01
146.698 1.470010774602600878e-01
146.706 1.469915625103330459e-01
146.714 1.469820482708815157e-01
146.723 1.469725347421481088e-01
146.731 1.469630219240742885e-01
146.739 1.469535098169022502e-01
146.748 1.469439984202730587e-01
146.756 1.469344877350299561e-01
146.764 1.469249777620160180e-01
146.772 1.469154684987678261e-01
146.781 1.469059599449268061e-01
146.789 1.468964521043408800e-01
146.797 1.468869449730449694e-01
146.806 1.468774385539849126e-01
146.814 1.468679328443984466e-01
146.822 1.468584278454286018e-01
146.831 1.468489235579175933e-01
146.839 1.468394199803051692e-01
146.847 1.468299171134337389e-01
146.856 1.468204149578448969e-01
146.864 1.468109135137799226e-01
146.872 1.468014127793788315e-01
146.881 1.467919127554837000e-01
146.889 1.467824134417357596e-01
146.897 1.467729148386762994e-01
146.905 1.467634169462465055e-01
146.914 1.467539197646875737e-01
146.922 1.467444232948403315e-01
146.93 1.467349275330467884e-01
146.939 1.467254324831471224e-01
146.947 1.467159381441825172e-01
146.955 1.467064445133959560e-01
146.964 1.466969515949255731e-01
146.972 1.466874593872134758e-01
146.98 1.466779678875034798e-01
146.989 1.466684770999324150e-01
146.997 1.466589870232423432e-01
147.005 1.466494976558762597e-01
147.013 1.466400089992731248e-01
147.022 1.466305210521759717e-01
147.03 1.466210338160232329e-01
147.038 1.466115472901569350e-01
147.047 1.466020614739191041e-01
147.055 1.465925763669516102e-01
147.063 1.465830919715904179e-01
147.072 1.465736082871772761e-01
147.08 1.465641253115580744e-01
147.088 1.465546430467688510e-01
147.097 1.465451614909548395e-01
147.105 1.465356806449549243e-01
147.113 1.465262005102057896e-01
147.121 1.465167210851523738e-01
147.13 1.465072423715300109e-01
147.138 1.464977643659895468e-01
147.146 1.464882870699676376e-01
147.155 1.464788104860959006e-01
147.163 1.464693346101291482e-01
147.171 1.464598594441011981e-01
147.18 1.464503849903439070e-01
147.188 1.464409112440157035e-01
147.196 1.464314382077474830e-01
147.205 1.464219658814796543e-01
147.213 1.464124942654518591e-01
147.221 1.464030233593058561e-01
147.23 1.463935531629822207e-01
147.238 1.463840836761229613e-01
147.246 1.463746148992660923e-01
147.254 1.463651468311579218e-01
147.263 1.463556794735305366e-01
147.271 1.463462128260257511e-01
147.279 1.463367468858978726e-01
147.288 1.463272816569678447e-01
147.296 1.463178171397725158e-01
147.304 1.463083533288810356e-01
147.313 1.462988902275169090e-01
147.321 1.462894278374103629e-01
147.329 1.462799661582029620e-01
147.338 1.462705051847649207e-01
147.346 1.462610449215109854e-01
147.354 1.462515853695740553e-01
147.362 1.462421265268069592e-01
147.371 1.462326683922559323e-01
147.379 1.462232109688425818e-01
147.387 1.462137542535263124e-01
147.396 1.462042982459500762e-01
147.404 1.461948429514179915e-01
147.412 1.461853883639107343e-01
147.421 1.461759344836674190e-01
147.429 1.461664813162882326e-01
147.437 1.461570288569471188e-01
147.446 1.461475771058827755e-01
147.454 1.461381260657155512e-01
147.462 1.461286757337056375e-01
147.471 1.461192261112821411e-01
147.479 1.461097771974922133e-01
147.487 1.461003289925739690e-01
147.495 1.460908814964676783e-01
147.504 1.460814347108990996e-01
147.512 1.460719886340227369e-01
147.52 1.460625432654815148e-01
147.529 1.460530986055132707e-01
147.537 1.460436546558428195e-01
147.545 1.460342114146256920e-01
147.554 1.460247688815047851e-01
147.562 1.460153270576098894e-01
147.57 1.460058859437727841e-01
147.579 1.459964455378524317e-01
147.587 1.459870058412755522e-01
147.595 1.459775668524959935e-01
147.603 1.459681285732370715e-01
147.612 1.459586910037359020e-01
147.62 1.459492541409612154e-01
147.628 1.459398179887154423e-01
147.637 1.459303825448589054e-01
147.645 1.459209478087378220e-01
147.653 1.459115137808863483e-01
147.662 1.459020804642139069e-01
147.67 1.458926478556906714e-01
147.678 1.458832159534756423e-01
147.687 1.458737847610715732e-01
147.695 1.458643542775274193e-01
147.703 1.458549245021895646e-01
147.711 1.458454954358882893e-01
147.72 1.458360670779699220e-01
147.728 1.458266394280777201e-01
147.736 1.458172124861516761e-01
147.745 1.458077862536148461e-01
147.753 1.457983607295170458e-01
147.761 1.457889359129085904e-01
147.77 1.457795118061014639e-01
147.778 1.457700884072563041e-01
147.786 1.457606657157202168e-01
147.795 1.457512437329153143e-01
147.803 1.457418224587810618e-01
147.811 1.457324018935536036e-01
147.82 1.457229820350984528e-01
147.828 1.457135628860220244e-01
147.836 1.457041444456712298e-01
147.844 1.456947267119123035e-01
147.853 1.456853096870548703e-01
147.861 1.456758933692614000e-01
147.869 1.456664777620251261e-01
147.878 1.456570628602519013e-01
147.886 1.456476486668425718e-01
147.894 1.456382351844005274e-01
147.903 1.456288224075371063e-01
147.911 1.456194103385602123e-01
147.919 1.456099989774095327e-01
147.928 1.456005883252080857e-01
147.936 1.455911783807117832e-01
147.944 1.455817691447476581e-01
147.952 1.455723606157763583e-01
147.961 1.455629527952161939e-01
147.969 1.455535456818238260e-01
147.977 1.455441392773129672e-01
147.986 1.455347335792577523e-01
147.994 1.455253285887804227e-01
148.002 1.455159243090717036e-01
148.011 1.455065207344550249e-01
148.019 1.454971178660528497e-01
148.027 1.454877157082368200e-01
148.036 1.454783142591728751e-01
148.044 1.454689135146646495e-01
148.052 1.454595134787875499e-01
148.061 1.454501141514806528e-01
148.069 1.454407155312065769e-01
148.077 1.454313176176094402e-01
148.085 1.454219204121052489e-01
148.094 1.454125239137474268e-01
148.102 1.454031281233609807e-01
148.11 1.453937330417703622e-01
148.119 1.453843386665537585e-01
148.127 1.453749449973557040e-01
148.135 1.453655520370662202e-01
148.144 1.453561597844441333e-01
148.152 1.453467682382487691e-01
148.16 1.453373773990094819e-01
148.169 1.453279872684349605e-01
148.177 1.453185978458742533e-01
148.185 1.453092091274337250e-01
148.193 1.452998211177701227e-01
148.202 1.452904338171169540e-01
148.21 1.452810472212865689e-01
148.218 1.452716613328711992e-01
148.227 1.452622761529885620e-01
148.235 1.452528916798095093e-01
148.243 1.452435079129787421e-01
148.252 1.452341248542029783e-01
148.26 1.452247425025374461e-01
148.268 1.452153608567431364e-01
148.277 1.452059799188207823e-01
148.285 1.451965996872370823e-01
148.293 1.451872201645807159e-01
148.301 1.451778413463747919e-01
148.31 1.451684632360909499e-01
148.318 1.451590858324908195e-01
148.326 1.451497091355133939e-01
148.335 1.451403331465689062e-01
148.343 1.451309578641249987e-01
148.351 1.451215832890031254e-01
148.36 1.451122094190832323e-01
148.368 1.451028362569516394e-01
148.376 1.450934638025470347e-01
148.385 1.450840920519853028e-01
148.393 1.450747210093225048e-01
148.401 1.450653506747911214e-01
148.41 1.450559810462719867e-01
148.418 1.450466121245858053e-01
148.426 1.450372439079081477e-01
148.434 1.450278763999982845e-01
148.443 1.450185095972687244e-01
148.451 1.450091434999523921e-01
148.459 1.449997781106321937e-01
148.468 1.449904134295401659e-01
148.476 1.449810494525030358e-01
148.484 1.449716861818093894e-01
148.493 1.449623236191598663e-01
148.501 1.449529617630246903e-01
148.509 1.449436006124619758e-01
148.518 1.449342401665300317e-01
148.526 1.449248804283965186e-01
148.534 1.449155213971193290e-01
148.542 1.449061630729303052e-01
148.551 1.448968054531273864e-01
148.559 1.448874485388234046e-01
148.567 1.448780923325969083e-01
148.576 1.448687368335062065e-01
148.584 1.448593820385569997e-01
148.592 1.448500279494479848e-01
148.601 1.448406745690495878e-01
148.609 1.448313218923160950e-01
148.617 1.448219699215317346e-01
148.626 1.448126186592729459e-01
148.634 1.448032681004954580e-01
148.642 1.447939182483619913e-01
148.651 1.447845691025177739e-01
148.659 1.447752206640731121e-01
148.667 1.447658729300368707e-01
148.675 1.447565259012265904e-01
148.684 1.447471795799238625e-01
148.692 1.447378339631384403e-01
148.7 1.447284890534442647e-01
148.709 1.447191448490229293e-01
148.717 1.447098013503983482e-01
148.725 1.447004585560456302e-01
148.734 1.446911164685375228e-01
148.742 1.446817750881047859e-01
148.75 1.446724344132223061e-01
148.759 1.446630944426582077e-01
148.767 1.446537551772290042e-01
148.775 1.446444166192132341e-01
148.783 1.446350787656238146e-01
148.792 1.446257416181542244e-01
148.8 1.446164051767425129e-01
148.808 1.446070694398650658e-01
148.817 1.445977344089220684e-01
148.825 1.445884000823902948e-01
148.833 1.445790664631309286e-01
148.842 1.445697335490361279e-01
148.85 1.445604013388752107e-01
148.858 1.445510698352166501e-01
148.867 1.445417390374139355e-01
148.875 1.445324089448208893e-01
148.883 1.445230795567915838e-01
148.891 1.445137508741406451e-01
148.9 1.445044228956382515e-01
148.908 1.444950956250184992e-01
148.916 1.444857690581315690e-01
148.925 1.444764431966674423e-01
148.933 1.444671180402724575e-01
148.941 1.444577935891765696e-01
148.95 1.444484698436094838e-01
148.958 1.444391468011752000e-01
148.966 1.444298244661884612e-01
148.975 1.444205028365446730e-01
148.983 1.444111819107233574e-01
148.991 1.444018616892462636e-01
149 1.443925421723432634e-01
149.008 1.443832233622851791e-01
149.016 1.443739052566770653e-01
149.024 1.443645878569146113e-01
149.033 1.443552711608951378e-01
149.041 1.443459551691399778e-01
149.049 1.443366398821700480e-01
149.058 1.443273253007975043e-01
149.066 1.443180114240860401e-01
149.074 1.443086982531389117e-01
149.083 1.442993857864371121e-01
149.091 1.442900740224626888e-01
149.099 1.442807629646488121e-01
149.108 1.442714526114768914e-01
149.116 1.442621429634670938e-01
149.124 1.442528340199749903e-01
149.132 1.442435257812295368e-01
149.141 1.442342182457132249e-01
149.149 1.442249114159834533e-01
149.157 1.442156052899409568e-01
149.166 1.442062998683965036e-01
149.174 1.441969951533244587e-01
149.182 1.441876911411712203e-01
149.191 1.441783878321658552e-01
149.199 1.441690852291550029e-01
149.207 1.441597833320759359e-01
149.216 1.441504821356318911e-01
149.224 1.441411816452859151e-01
149.232 1.441318818598123219e-01
149.241 1.441225827791486891e-01
149.249 1.441132844009074265e-01
149.257 1.441039867258985252e-01
149.265 1.440946897584188258e-01
149.274 1.440853934952088522e-01
149.282 1.440760979335915515e-01
149.29 1.440668030769912955e-01
149.299 1.440575089253453289e-01
149.307 1.440482154756869138e-01
149.315 1.440389227320197363e-01
149.324 1.440296306928289527e-01
149.332 1.440203393568907919e-01
149.34 1.440110487241430814e-01
149.349 1.440017587951041567e-01
149.357 1.439924695705822599e-01
149.365 1.439831810510952270e-01
149.373 1.439738932345491773e-01
149.382 1.439646061211719286e-01
149.39 1.439553197143824126e-01
149.398 1.439460340086060330e-01
149.407 1.439367490078417855e-01
149.415 1.439274647097065207e-01
149.423 1.439181811155881008e-01
149.432 1.439088982254237981e-01
149.44 1.438996160400208002e-01
149.448 1.438903345575769099e-01
149.457 1.438810537788991484e-01
149.465 1.438717737030558164e-01
149.473 1.438624943302741765e-01
149.481 1.438532156651275429e-01
149.49 1.438439376991505203e-01
149.498 1.438346604366271542e-01
149.506 1.438253838801015205e-01
149.515 1.438161080254556079e-01
149.523 1.438068328758126679e-01
149.531 1.437975584273454011e-01
149.54 1.437882846828870409e-01
149.548 1.437790116438220078e-01
149.556 1.437697393063241957e-01
149.565 1.437604676720679320e-01
149.573 1.437511967412800629e-01
149.581 1.437419265133188240e-01
149.59 1.437326569907256546e-01
149.598 1.437233881693870396e-01
149.606 1.437141200503979643e-01
149.614 1.437048526368772672e-01
149.623 1.436955859252911916e-01
149.631 1.436863199167339455e-01
149.639 1.436770546117210612e-01
149.648 1.436677900107675987e-01
149.656 1.436585261112090506e-01
149.664 1.436492629147171629e-01
149.673 1.436400004212291803e-01
149.681 1.436307386309711165e-01
149.689 1.436214775435910862e-01
149.698 1.436122171590262786e-01
149.706 1.436029574789470520e-01
149.714 1.435936984995350718e-01
149.722 1.435844402230385675e-01
149.731 1.435751826517047691e-01
149.739 1.435659257825826485e-01
149.747 1.435566696135884279e-01
149.756 1.435474141487014521e-01
149.764 1.435381593878584106e-01
149.772 1.435289053275324855e-01
149.781 1.435196519711243457e-01
149.789 1.435103993171278070e-01
149.797 1.435011473651915670e-01
149.806 1.434918961161181783e-01
149.814 1.434826455704213410e-01
149.822 1.434733957280378003e-01
149.831 1.434641465868855825e-01
149.839 1.434548981466136353e-01
149.847 1.434456504109076769e-01
149.855 1.434364033773974645e-01
149.864 1.434271570460202427e-01
149.872 1.434179114175775094e-01
149.88 1.434086664897003538e-01
149.889 1.433994222654961792e-01
149.897 1.433901787440368947e-01
149.905 1.433809359235307945e-01
149.914 1.433716938056434076e-01
149.922 1.433624523900234038e-01
149.93 1.433532116786237487e-01
149.939 1.433439716667729846e-01
149.947 1.433347323575761556e-01
149.955 1.433254937512576377e-01
149.963 1.433162558460268632e-01
149.972 1.433070186435480842e-01
149.98 1.432977821434698595e-01
149.988 1.432885463445777718e-01
149.997 1.432793112468088159e-01
150.005 1.432700768532649549e-01
150.013 1.432608431610053190e-01
150.022 1.432516101699667366e-01
150.03 1.432423778820996196e-01
150.038 1.432331462944642919e-01
150.047 1.432239154084357369e-01
150.055 1.432146852253883273e-01
150.063 1.432054557446833798e-01
150.071 1.431962269645326580e-01
150.08 1.431869988868851584e-01
150.088 1.431777715099527837e-01
150.096 1.431685448353967882e-01
150.105 1.431593188622915513e-01
150.113 1.431500935905737348e-01
150.121 1.431408690210417556e-01
150.13 1.431316451533448386e-01
150.138 1.431224219856962188e-01
150.146 1.431131995209046770e-01
150.155 1.431039777574706628e-01
150.163 1.430947566944693050e-01
150.171 1.430855363335601926e-01
150.18 1.430763166749664250e-01
150.188 1.430670977174762770e-01
150.196 1.430578794601653769e-01
150.204 1.430486619032576845e-01
150.213 1.430394450507066761e-01
150.221 1.430302288987183312e-01
150.229 1.430210134472293948e-01
150.238 1.430117986970370625e-01
150.246 1.430025846469304973e-01
150.254 1.429933713000009488e-01
150.263 1.429841586538903031e-01
150.271 1.429749467065282442e-01
150.279 1.429657354618652787e-01
150.288 1.429565249201238397e-01
150.296 1.429473150778005630e-01
150.304 1.429381059356920058e-01
150.312 1.429288974954541214e-01
150.321 1.429196897567363289e-01
150.329 1.429104827174695058e-01
150.337 1.429012763795957375e-01
150.346 1.428920707436238391e-01
150.354 1.428828658086307157e-01
150.362 1.428736615739798765e-01
150.371 1.428644580393215735e-01
150.379 1.428552552065962544e-01
150.387 1.428460530728773437e-01
150.396 1.428368516412500955e-01
150.404 1.428276509107917480e-01
150.412 1.428184508791491003e-01
150.42 1.428092515491203585e-01
150.429 1.428000529203552194e-01
150.437 1.427908549919316428e-01
150.445 1.427816577646438823e-01
150.454 1.427724612369979940e-01
150.462 1.427632654103603016e-01
150.47 1.427540702835230491e-01
150.479 1.427448758567085862e-01
150.487 1.427356821321402736e-01
150.495 1.427264891060374685e-01
150.504 1.427172967814811511e-01
150.512 1.427081051572637871e-01
150.52 1.426989142330357674e-01
150.529 1.426897240107333487e-01
150.537 1.426805344862925318e-01
150.545 1.426713456613641073e-01
150.553 1.426621575387405638e-01
150.562 1.426529701175005826e-01
150.57 1.426437833947243050e-01
150.578 1.426345973726324268e-01
150.587 1.426254120483058385e-01
150.595 1.426162274262489094e-01
150.603 1.426070435052551322e-01
150.612 1.425978602815499985e-01
150.62 1.425886777599216781e-01
150.628 1.425794959383081539e-01
150.637 1.425703148149335131e-01
150.645 1.425611343931576236e-01
150.653 1.425519546712045171e-01
150.661 1.425427756475838581e-01
150.67 1.425335973250842492e-01
150.678 1.425244197022151604e-01
150.686 1.425152427791979148e-01
150.695 1.425060665551129702e-01
150.703 1.424968910318920867e-01
150.711 1.424877162086155835e-01
150.72 1.424785420840793126e-01
150.728 1.424693686582194641e-01
150.736 1.424601959338216706e-01
150.745 1.424510239085418073e-01
150.753 1.424418525826008086e-01
150.761 1.424326819576436920e-01
150.77 1.424235120299032764e-01
150.778 1.424143428015942903e-01
150.786 1.424051742740763682e-01
150.794 1.423960064487084232e-01
150.803 1.423868393177389335e-01
150.811 1.423776728873677178e-01
150.819 1.423685071575300221e-01
150.828 1.423593421270229198e-01
150.836 1.423501777957822678e-01
150.844 1.423410141623210889e-01
150.853 1.423318512294205751e-01
150.861 1.423226889961626274e-01
150.869 1.423135274619139745e-01
150.878 1.423043666263260065e-01
150.886 1.422952064887658685e-01
150.894 1.422860470528658772e-01
150.902 1.422768883142964125e-01
150.911 1.422677302741308103e-01
150.919 1.422585729360000828e-01
150.927 1.422494162938704176e-01
150.936 1.422402603513728270e-01
150.944 1.422311051092952361e-01
150.952 1.422219505644473636e-01
150.961 1.422127967193222431e-01
150.969 1.422036435715827440e-01
150.977 1.421944911251413202e-01
150.986 1.421853393768087448e-01
150.994 1.421761883262369630e-01
151.002 1.421670379747814739e-01
151.01 1.421578883215260380e-01
151.019 1.421487393681096223e-01
151.027 1.421395911136158485e-01
151.035 1.421304435565610702e-01
151.044 1.421212966985840320e-01
151.052 1.421121505387686890e-01
151.06 1.421030050779018838e-01
151.069 1.420938603153516777e-01
151.077 1.420847162530391727e-01
151.085 1.420755728877793611e-01
151.094 1.420664302195083495e-01
151.102 1.420572882507138979e-01
151.11 1.420481469813312803e-01
151.119 1.420390064107284744e-01
151.127 1.420298665362897395e-01
151.135 1.420207273605020304e-01
151.143 1.420115888852844510e-01
151.152 1.420024511066045048e-01
151.16 1.419933140266649019e-01
151.168 1.419841776439841885e-01
151.177 1.419750419590647683e-01
151.185 1.419659069746744828e-01
151.193 1.419567726870661906e-01
151.202 1.419476390973083424e-01
151.21 1.419385062064690006e-01
151.218 1.419293740116520930e-01
151.227 1.419202425156244340e-01
151.235 1.419111117194532534e-01
151.243 1.419019816193939354e-01
151.251 1.418928522173634743e-01
151.26 1.418837235141458541e-01
151.268 1.418745955082613697e-01
151.276 1.418654682007771950e-01
151.285 1.418563415902139579e-01
151.293 1.418472156773558368e-01
151.301 1.418380904632692563e-01
151.31 1.418289659461923480e-01
151.318 1.418198421257780562e-01
151.326 1.418107190053543853e-01
151.335 1.418015965808982204e-01
151.343 1.417924748540412283e-01
151.351 1.417833538258490844e-01
151.36 1.417742334939959548e-01
151.368 1.417651138612428252e-01
151.376 1.417559949249817819e-01
151.384 1.417468766851482931e-01
151.393 1.417377591442200435e-01
151.401 1.417286423012842078e-01
151.409 1.417195261540167284e-01
151.418 1.417104107057415852e-01
151.426 1.417012959535700889e-01
151.434 1.416921818980022008e-01
151.443 1.416830685401025414e-01
151.451 1.416739558809349819e-01
151.459 1.416648439187407904e-01
151.468 1.416557326534550187e-01
151.476 1.416466220847308888e-01
151.484 1.416375122127855601e-01
151.492 1.416284030386827653e-01
151.501 1.416192945606647435e-01
151.509 1.416101867817692872e-01
151.517 1.416010796991106491e-01
151.526 1.415919733120602764e-01
151.534 1.415828676230908856e-01
151.542 1.415737626310096531e-01
151.551 1.415646583354696897e-01
151.559 1.415555547369696243e-01
151.567 1.415464518365717739e-01
151.576 1.415373496325198766e-01
151.584 1.415282481230585587e-01
151.592 1.415191473106590103e-01
151.6 1.415100471969461260e-01
151.609 1.415009477796009829e-01
151.617 1.414918490591218769e-01
151.625 1.414827510337539895e-01
151.634 1.414736537051221044e-01
151.642 1.414645570754135551e-01
151.65 1.414554611400581363e-01
151.659 1.414463659012433205e-01
151.667 1.414372713603111731e-01
151.675 1.414281775152262666e-01
151.684 1.414190843667677833e-01
151.692 1.414099919143077533e-01
151.7 1.414009001583437231e-01
151.709 1.413918090979667530e-01
151.717 1.413827187359243953e-01
151.725 1.413736290690573716e-01
151.733 1.413645400970195143e-01
151.742 1.413554518228390122e-01
151.75 1.413463642458878677e-01
151.758 1.413372773632894652e-01
151.767 1.413281911775086663e-01
151.775 1.413191056876370588e-01
151.783 1.413100208933283364e-01
151.792 1.413009367962034524e-01
151.8 1.412918533950728306e-01
151.808 1.412827706898711899e-01
151.817 1.412736886802524461e-01
151.825 1.412646073653088530e-01
151.833 1.412555267480646026e-01
151.841 1.412464468273305906e-01
151.85 1.412373676007952217e-01
151.858 1.412282890709203320e-01
151.866 1.412192112367981478e-01
151.875 1.412101340989245779e-01
151.883 1.412010576558311303e-01
151.891 1.411919819077332994e-01
151.9 1.411829068576523072e-01
151.908 1.411738325029970043e-01
151.916 1.411647588420189836e-01
151.925 1.411556858768975575e-01
151.933 1.411466136084084388e-01
151.941 1.411375420364858191e-01
151.95 1.411284711576993312e-01
151.958 1.411194009759094425e-01
151.966 1.411103314893681349e-01
151.974 1.411012626971690775e-01
151.983 1.410921946017697770e-01
151.991 1.410831272017030180e-01
151.999 1.410740604971835177e-01
152.008 1.410649944864646177e-01
152.016 1.410559291714425234e-01
152.024 1.410468645523316467e-01
152.033 1.410378006293463160e-01
152.041 1.410287373996201576e-01
152.049 1.410196748653284871e-01
152.058 1.410106130269658531e-01
152.066 1.410015518844662807e-01
152.074 1.409924914366441906e-01
152.082 1.409834316817548394e-01
152.091 1.409743726233717853e-01
152.099 1.409653142617086630e-01
152.107 1.409562565930618239e-01
152.116 1.409471996190450049e-01
152.124 1.409381433407118356e-01
152.132 1.409290877563179611e-01
152.141 1.409200328688747228e-01
152.149 1.409109786749599968e-01
152.157 1.409019251739491163e-01
152.166 1.408928723702509156e-01
152.174 1.408838202615620705e-01
152.182 1.408747688472579696e-01
152.19 1.408657181261549762e-01
152.199 1.408566681007032140e-01
152.207 1.408476187702776827e-01
152.215 1.408385701334156082e-01
152.224 1.408295221917278683e-01
152.232 1.408204749431931357e-01
152.24 1.408114283913773079e-01
152.249 1.408023825331417289e-01
152.257 1.407933373684210066e-01
152.265 1.407842928993835174e-01
152.274 1.407752491248463189e-01
152.282 1.407662060436269125e-01
152.29 1.407571636570556783e-01
152.299 1.407481219653456961e-01
152.307 1.407390809673147725e-01
152.315 1.407300406631764311e-01
152.323 1.407210010534229172e-01
152.332 1.407119621391044739e-01
152.34 1.407029239168071377e-01
152.348 1.406938863900921433e-01
152.357 1.406848495580563518e-01
152.365 1.406758134175661312e-01
152.373 1.406667779741333224e-01
152.382 1.406577432237877956e-01
152.39 1.406487091650700794e-01
152.398 1.406396758029324900e-01
152.407 1.406306431334062024e-01
152.415 1.406216111580980144e-01
152.423 1.406125798777779490e-01
152.431 1.406035492904292028e-01
152.44 1.405945193959861617e-01
152.448 1.405854901946618218e-01
152.456 1.405764616886189255e-01
152.465 1.405674338777907206e-01
152.473 1.405584067579338792e-01
152.481 1.405493803320461144e-01
152.49 1.405403546003398951e-01
152.498 1.405313295633058013e-01
152.506 1.405223052180939458e-01
152.515 1.405132815668655721e-01
152.523 1.405042586098328161e-01
152.531 1.404952363452598718e-01
152.54 1.404862147744722345e-01
152.548 1.404771938974037904e-01
152.556 1.404681737128757602e-01
152.564 1.404591542238819990e-01
152.573 1.404501354264620361e-01
152.581 1.404411173205505625e-01
152.589 1.404320999116431268e-01
152.598 1.404230831929999257e-01
152.606 1.404140671684477037e-01
152.614 1.404050518373642087e-01
152.623 1.403960371999613266e-01
152.631 1.403870232550610553e-01
152.639 1.403780100028753086e-01
152.648 1.403689974427825282e-01
152.656 1.403599855774951832e-01
152.664 1.403509744055573549e-01
152.672 1.403419639255142071e-01
152.681 1.403329541378555145e-01
152.689 1.403239450430705804e-01
152.697 1.403149366427592637e-01
152.706 1.403059289343561999e-01
152.714 1.402969219172402748e-01
152.722 1.402879155957870438e-01
152.731 1.402789099660438354e-01
152.739 1.402699050279446746e-01
152.747 1.402609007819788645e-01
152.756 1.402518972311322387e-01
152.764 1.402428943720088195e-01
152.772 1.402338922042651870e-01
152.78 1.402248907306092029e-01
152.789 1.402158899473688880e-01
152.797 1.402068898586380785e-01
152.805 1.401978904615773236e-01
152.814 1.401888917572294835e-01
152.822 1.401798937446966375e-01
152.83 1.401708964255758416e-01
152.839 1.401618997981375070e-01
152.847 1.401529038625927148e-01
152.855 1.401439086205379658e-01
152.864 1.401349140705210605e-01
152.872 1.401259202108138535e-01
152.88 1.401169270438434589e-01
152.889 1.401079345720361857e-01
152.897 1.400989427895090456e-01
152.905 1.400899516992425708e-01
152.913 1.400809613025548461e-01
152.922 1.400719715966105006e-01
152.93 1.400629825816204210e-01
152.938 1.400539942597329723e-01
152.947 1.400450066317115716e-01
152.955 1.400360196941686786e-01
152.963 1.400270334473149025e-01
152.972 1.400180478927443017e-01
152.98 1.400090630303903738e-01
152.988 1.400000788601866442e-01
152.997 1.399910953820664994e-01
153.005 1.399821125948572942e-01
153.013 1.399731304990458058e-01
153.021 1.399641490956717860e-01
153.03 1.399551683838391458e-01
153.038 1.399461883626521297e-01
153.046 1.399372090345321618e-01
153.055 1.399282303980306230e-01
153.063 1.399192524525281478e-01
153.071 1.399102751974060088e-01
153.08 1.399012986345318510e-01
153.088 1.398923227619053578e-01
153.096 1.398833475827749584e-01
153.105 1.398743730945877506e-01
153.113 1.398653992961727821e-01
153.121 1.398564261916058760e-01
153.13 1.398474537775066251e-01
153.138 1.398384820521523519e-01
153.146 1.398295110190657109e-01
153.154 1.398205406795599293e-01
153.163 1.398115710305319059e-01
153.171 1.398026020697077376e-01
153.179 1.397936338028160641e-01
153.188 1.397846662264787543e-01
153.196 1.397756993406293891e-01
153.204 1.397667331454773287e-01
153.213 1.397577676417834369e-01
153.221 1.397488028289296524e-01
153.229 1.397398387060218850e-01
153.238 1.397308752768539331e-01
153.246 1.397219125358446223e-01
153.254 1.397129504859603299e-01
153.262 1.397039891290636215e-01
153.271 1.396950284598509617e-01
153.279 1.396860684821145393e-01
153.287 1.396771091957874911e-01
153.296 1.396681505999763651e-01
153.304 1.396591926957163610e-01
153.312 1.396502354818387748e-01
153.321 1.396412789571754576e-01
153.329 1.396323231235876983e-01
153.337 1.396233679801826277e-01
153.346 1.396144135271688291e-01
153.354 1.396054597653056950e-01
153.362 1.395965066925992926e-01
153.37 1.395875543125614238e-01
153.379 1.395786026212716135e-01
153.387 1.395696516194893100e-01
153.395 1.395607013104497307e-01
153.404 1.395517516905087074e-01
153.412 1.395428027593249853e-01
153.42 1.395338545201326996e-01
153.429 1.395249069698393796e-01
153.437 1.395159601105785407e-01
153.445 1.395070139411831722e-01
153.454 1.394980684615866884e-01
153.462 1.394891236730967932e-01
153.47 1.394801795728976557e-01
153.479 1.394712361636713527e-01
153.487 1.394622934439767870e-01
153.495 1.394533514142967667e-01
153.503 1.394444100751138782e-01
153.512 1.394354694249875237e-01
153.52 1.394265294652246023e-01
153.528 1.394175901949339658e-01
153.537 1.394086516148729249e-01
153.545 1.393997137233266570e-01
153.553 1.393907765224253192e-01
153.562 1.393818400110035938e-01
153.57 1.393729041898180976e-01
153.578 1.393639690571549794e-01
153.587 1.393550346134963813e-01
153.595 1.393461008604222895e-01
153.603 1.393371677981397050e-01
153.611 1.393282354230147013e-01
153.62 1.393193037371755483e-01
153.628 1.393103727432986327e-01
153.636 1.393014424369276305e-01
153.645 1.392925128199160034e-01
153.653 1.392835838932935666e-01
153.661 1.392746556547995174e-01
153.67 1.392657281060122876e-01
153.678 1.392568012457682247e-01
153.686 1.392478750748226968e-01
153.695 1.392389495950272504e-01
153.703 1.392300248024778420e-01
153.711 1.392211006982038979e-01
153.72 1.392121772840565486e-01
153.728 1.392032545596945670e-01
153.736 1.391943325245028340e-01
153.744 1.391854111773186964e-01
153.753 1.391764905180752632e-01
153.761 1.391675705488966130e-01
153.769 1.391586512688939015e-01
153.778 1.391497326771786447e-01
153.786 1.391408147734101985e-01
153.794 1.391318975599851460e-01
153.803 1.391229810362885899e-01
153.811 1.391140651995166622e-01
153.819 1.391051500498762250e-01
153.828 1.390962355908575976e-01
153.836 1.390873218212987372e-01
153.844 1.390784087375763201e-01
153.852 1.390694963453676658e-01
153.861 1.390605846396821832e-01
153.869 1.390516736223675054e-01
153.877 1.390427632963640858e-01
153.886 1.390338536561361027e-01
153.894 1.390249447038040820e-01
153.902 1.390160364409411542e-01
153.911 1.390071288655665704e-01
153.919 1.389982219808926778e-01
153.927 1.389893157827529757e-01
153.936 1.389804102721735601e-01
153.944 1.389715054518194381e-01
153.952 1.389626013167058749e-01
153.96 1.389536978719559945e-01
153.969 1.389447951153172101e-01
153.977 1.389358930453568342e-01
153.985 1.389269916644654823e-01
153.994 1.389180909723025936e-01
154.002 1.389091909663438262e-01
154.01 1.389002916484333161e-01
154.019 1.388913930190494028e-01
154.027 1.388824950775789935e-01
154.035 1.388735978242276459e-01
154.044 1.388647012592008900e-01
154.052 1.388558053807942838e-01
154.06 1.388469101897594482e-01
154.069 1.388380156884838068e-01
154.077 1.388291218733541943e-01
154.085 1.388202287448490335e-01
154.093 1.388113363056280580e-01
154.102 1.388024445539875751e-01
154.11 1.387935534901329759e-01
154.118 1.387846631123612340e-01
154.127 1.387757734227859918e-01
154.135 1.387668844221571218e-01
154.143 1.387579961071371271e-01
154.152 1.387491084790213602e-01
154.16 1.387402215396497107e-01
154.168 1.387313352873198735e-01
154.177 1.387224497222371011e-01
154.185 1.387135648440614988e-01
154.193 1.387046806535429111e-01
154.201 1.386957971503414155e-01
154.21 1.386869143338451960e-01
154.218 1.386780322050757408e-01
154.226 1.386691507623324104e-01
154.235 1.386602700069088645e-01
154.243 1.386513899400983463e-01
154.251 1.386425105585675499e-01
154.26 1.386336318636102183e-01
154.268 1.386247538573351645e-01
154.276 1.386158765377703550e-01
154.285 1.386069999048483714e-01
154.293 1.385981239582300129e-01
154.301 1.385892486967601200e-01
154.31 1.385803741244503451e-01
154.318 1.385715002398729412e-01
154.326 1.385626270402418592e-01
154.334 1.385537545273928528e-01
154.343 1.385448827009865547e-01
154.351 1.385360115614990284e-01
154.359 1.385271411083192905e-01
154.368 1.385182713419232658e-01
154.376 1.385094022627866850e-01
154.384 1.385005338705700695e-01
154.393 1.384916661627615397e-01
154.401 1.384827991414666060e-01
154.409 1.384739328090617005e-01
154.418 1.384650671614056083e-01
154.426 1.384562021987029157e-01
154.434 1.384473379246868863e-01
154.442 1.384384743363035186e-01
154.451 1.384296114329424954e-01
154.459 1.384207492158935626e-01
154.467 1.384118876869884496e-01
154.476 1.384030268431745980e-01
154.484 1.383941666841133344e-01
154.492 1.383853072129926087e-01
154.501 1.383764484267606953e-01
154.509 1.383675903275199404e-01
154.517 1.383587329135753941e-01
154.526 1.383498761851307823e-01
154.534 1.383410201429319253e-01
154.542 1.383321647860978887e-01
154.55 1.383233101170005530e-01
154.559 1.383144561323194632e-01
154.567 1.383056028322583730e-01
154.575 1.382967502200016241e-01
154.584 1.382878982935842049e-01
154.592 1.382790470518548420e-01
154.6 1.382701964947461726e-01
154.609 1.382613466243576839e-01
154.617 1.382524974400796136e-01
154.625 1.382436489399485879e-01
154.634 1.382348011274171229e-01
154.642 1.382259539991682606e-01
154.65 1.382171075556759832e-01
154.659 1.382082617976847505e-01
154.667 1.381994167256681283e-01
154.675 1.381905723398288433e-01
154.683 1.381817286382047427e-01
154.692 1.381728856220812152e-01
154.7 1.381640432911199479e-01
154.708 1.381552016447122611e-01
154.717 1.381463606852246506e-01
154.725 1.381375204096140230e-01
154.733 1.381286808191652116e-01
154.742 1.381198419146213996e-01
154.75 1.381110036934815044e-01
154.758 1.381021661589218741e-01
154.767 1.380933293092527214e-01
154.775 1.380844931427846478e-01
154.783 1.380756576621526011e-01
154.791 1.380668228680991261e-01
154.8 1.380579887575840714e-01
154.808 1.380491553324308951e-01
154.816 1.380403225909510034e-01
154.825 1.380314905344272314e-01
154.833 1.380226591636019018e-01
154.841 1.380138284765167755e-01
154.85 1.380049984733741353e-01
154.858 1.379961691570759652e-01
154.866 1.379873405243145779e-01
154.875 1.379785125744825425e-01
154.883 1.379696853118305977e-01
154.891 1.379608587322421753e-01
154.9 1.379520328378084637e-01
154.908 1.379432076271124297e-01
154.916 1.379343831008956467e-01
154.924 1.379255592596296542e-01
154.933 1.379167361010885939e-01
154.941 1.379079136279020290e-01
154.949 1.378990918391926335e-01
154.958 1.378902707348923229e-01
154.966 1.378814503154724980e-01
154.974 1.378726305787083273e-01
154.983 1.378638115256105579e-01
154.991 1.378549931579978738e-01
154.999 1.378461754736461098e-01
155.008 1.378373584741041935e-01
155.016 1.378285421582262638e-01
155.024 1.378197265256749793e-01
155.032 1.378109115769214355e-01
155.041 1.378020973127055404e-01
155.049 1.377932837329591542e-01
155.057 1.377844708359984849e-01
155.066 1.377756586233712111e-01
155.074 1.377668470958169078e-01
155.082 1.377580362489601307e-01
155.091 1.377492260862328566e-01
155.099 1.377404166097199456e-01
155.107 1.377316078158542789e-01
155.116 1.377227997040299801e-01
155.124 1.377139922766008606e-01
155.132 1.377051855326915930e-01
155.14 1.376963794735790447e-01
155.149 1.376875740959672689e-01
155.157 1.376787694022091613e-01
155.165 1.376699653930432143e-01
155.174 1.376611620673254821e-01
155.182 1.376523594225683433e-01
155.19 1.376435574627365710e-01
155.199 1.376347561864176838e-01
155.207 1.376259555924684852e-01
155.215 1.376171556821647324e-01
155.224 1.376083564554382022e-01
155.232 1.375995579114146772e-01
155.24 1.375907600500261008e-01
155.249 1.375819628720103827e-01
155.257 1.375731663781050162e-01
155.265 1.375643705642132231e-01
155.273 1.375555754361753313e-01
155.282 1.375467809901633753e-01
155.29 1.375379872263779446e-01
155.298 1.375291941468985424e-01
155.307 1.375204017495093856e-01
155.315 1.375116100352159199e-01
155.323 1.375028190026082175e-01
155.332 1.374940286524233835e-01
155.34 1.374852389859348434e-01
155.348 1.374764500020009272e-01
155.357 1.374676617016264979e-01
155.365 1.374588740831337585e-01
155.373 1.374500871464547636e-01
155.381 1.374413008920578327e-01
155.39 1.374325153209473294e-01
155.398 1.374237304333228160e-01
155.406 1.374149462269712851e-01
155.415 1.374061627023609178e-01
155.423 1.373973798602276808e-01
155.431 1.373885977013072912e-01
155.44 1.373798162241913756e-01
155.448 1.373710354296156788e-01
155.456 1.373622553177797079e-01
155.465 1.373534758864721206e-01
155.473 1.373446971374999992e-01
155.481 1.373359190724019185e-01
155.49 1.373271416886989449e-01
155.498 1.373183649860553746e-01
155.506 1.373095889665449376e-01
155.514 1.373008136276897273e-01
155.523 1.372920389710279021e-01
155.531 1.372832649970262553e-01
155.539 1.372744917045459478e-01
155.548 1.372657190953917028e-01
155.556 1.372569471662842266e-01
155.564 1.372481759190283812e-01
155.573 1.372394053538232017e-01
155.581 1.372306354697980235e-01
155.589 1.372218662687566260e-01
155.598 1.372130977490257919e-01
155.606 1.372043299092004509e-01
155.614 1.371955627521535548e-01
155.622 1.371867962778164363e-01
155.631 1.371780304834473441e-01
155.639 1.371692653705821052e-01
155.647 1.371605009396866526e-01
155.656 1.371517371898909321e-01
155.664 1.371429741208593789e-01
155.672 1.371342117341267930e-01
155.681 1.371254500285559452e-01
155.689 1.371166890038112984e-01
155.697 1.371079286603588410e-01
155.706 1.370991689989311813e-01
155.714 1.370904100181246366e-01
155.722 1.370816517178709004e-01
155.73 1.370728940989026368e-01
155.739 1.370641371616851678e-01
155.747 1.370553809056160588e-01
155.755 1.370466253290256453e-01
155.764 1.370378704339806353e-01
155.772 1.370291162204123614e-01
155.78 1.370203626877186942e-01
155.789 1.370116098363646506e-01
155.797 1.370028576649479912e-01
155.805 1.369941061736672239e-01
155.814 1.369853553648540667e-01
155.822 1.369766052360397446e-01
155.83 1.369678557871560065e-01
155.839 1.369591070192009707e-01
155.847 1.369503589329056359e-01
155.855 1.369416115258024480e-01
155.863 1.369328647994223769e-01
155.872 1.369241187544962268e-01
155.88 1.369153733890901004e-01
155.888 1.369066287050006714e-01
155.897 1.368978847010935695e-01
155.905 1.368891413770340071e-01
155.913 1.368803987332863070e-01
155.922 1.368716567697818298e-01
155.93 1.368629154880497689e-01
155.938 1.368541748858911056e-01
155.947 1.368454349627051259e-01
155.955 1.368366957197545419e-01
155.963 1.368279571580353626e-01
155.971 1.368192192761480963e-01
155.98 1.368104820745563999e-01
155.988 1.368017455523934389e-01
155.996 1.367930097101228426e-01
156.005 1.367842745479421473e-01
156.013 1.367755400652507225e-01
156.021 1.367668062649055605e-01
156.03 1.367580731412529060e-01
156.038 1.367493406974158721e-01
156.046 1.367406089357187104e-01
156.055 1.367318778534336032e-01
156.063 1.367231474491630017e-01
156.071 1.367144177265597893e-01
156.079 1.367056886823656559e-01
156.088 1.366969603173094905e-01
156.096 1.366882326334484254e-01
156.104 1.366795056285879384e-01
156.113 1.366707793018626105e-01
156.121 1.366620536542666742e-01
156.129 1.366533286886530973e-01
156.138 1.366446044017656236e-01
156.146 1.366358807930047048e-01
156.154 1.366271578652227259e-01
156.163 1.366184356162265801e-01
156.171 1.366097140443550684e-01
156.179 1.366009931532561339e-01
156.188 1.365922729436566674e-01
156.196 1.365835534099146820e-01
156.204 1.365748345556771770e-01
156.212 1.365661163814058943e-01
156.221 1.365573988878277800e-01
156.229 1.365486820711600546e-01
156.237 1.365399659318650982e-01
156.246 1.365312504749133793e-01
156.254 1.365225356962575798e-01
156.262 1.365138215939732669e-01
156.271 1.365051081730295213e-01
156.279 1.364963954304409255e-01
156.287 1.364876833666689715e-01
156.296 1.364789719808499058e-01
156.304 1.364702612742400567e-01
156.312 1.364615512459756985e-01
156.32 1.364528418970478996e-01
156.329 1.364441332265929618e-01
156.337 1.364354252345421070e-01
156.345 1.364267179202968971e-01
156.354 1.364180112845832793e-01
156.362 1.364093053289212321e-01
156.37 1.364006000511233108e-01
156.379 1.363918954500618896e-01
156.387 1.363831915283158502e-01
156.395 1.363744882866101960e-01
156.404 1.363657857211702518e-01
156.412 1.363570838343096114e-01
156.42 1.363483826264884347e-01
156.429 1.363396820968440781e-01
156.437 1.363309822431911789e-01
156.445 1.363222830689004850e-01
156.453 1.363135845746960562e-01
156.462 1.363048867568060485e-01
156.47 1.362961896162198927e-01
156.478 1.362874931547197466e-01
156.487 1.362787973701214683e-01
156.495 1.362701022652642591e-01
156.503 1.362614078363782733e-01
156.512 1.362527140863024067e-01
156.52 1.362440210144389430e-01
156.528 1.362353286199261826e-01
156.537 1.362266369016385259e-01
156.545 1.362179458626777417e-01
156.553 1.362092555021819640e-01
156.561 1.362005658177048717e-01
156.57 1.361918768110268185e-01
156.578 1.361831884826069095e-01
156.586 1.361745008302636950e-01
156.595 1.361658138568328513e-01
156.603 1.361571275609251286e-01
156.611 1.361484419414157321e-01
156.62 1.361397570000835167e-01
156.628 1.361310727355398154e-01
156.636 1.361223891485074944e-01
156.645 1.361137062402367481e-01
156.653 1.361050240064371197e-01
156.661 1.360963424515249376e-01
156.669 1.360876615741119233e-01
156.678 1.360789813730740316e-01
156.686 1.360703018493973626e-01
156.694 1.360616230019582040e-01
156.703 1.360529448327970070e-01
156.711 1.360442673407899483e-01
156.719 1.360355905248135655e-01
156.728 1.360269143847992190e-01
156.736 1.360182389233135225e-01
156.744 1.360095641387060184e-01
156.753 1.360008900301171442e-01
156.761 1.359922165980050890e-01
156.769 1.359835438441449607e-01
156.778 1.359748717655698547e-01
156.786 1.359662003632647331e-01
156.794 1.359575296397940725e-01
156.802 1.359488595921916898e-01
156.811 1.359401902206521240e-01
156.819 1.359315215240534669e-01
156.827 1.359228535052226794e-01
156.836 1.359141861638271387e-01
156.844 1.359055194982184134e-01
156.852 1.358968535093803276e-01
156.861 1.358881881964542349e-01
156.869 1.358795235591082617e-01
156.877 1.358708595993779467e-01
156.886 1.358621963148265721e-01
156.894 1.358535337077524385e-01
156.902 1.358448717762452407e-01
156.91 1.358362105207619741e-01
156.919 1.358275499409706821e-01
156.927 1.358188900386426423e-01
156.935 1.358102308100282152e-01
156.944 1.358015722590016627e-01
156.952 1.357929143849676834e-01
156.96 1.357842571847034940e-01
156.969 1.357756006607682142e-01
156.977 1.357669448133553280e-01
156.985 1.357582896410820528e-01
156.994 1.357496351459807626e-01
157.002 1.357409813264061071e-01
157.01 1.357323281801880721e-01
157.019 1.357236757119848203e-01
157.027 1.357150239191009800e-01
157.035 1.357063728012049275e-01
157.043 1.356977223590151715e-01
157.052 1.356890725929875419e-01
157.06 1.356804235014779647e-01
157.068 1.356717750865170657e-01
157.077 1.356631273461983700e-01
157.085 1.356544802820273399e-01
157.093 1.356458338926227747e-01
157.102 1.356371881781781863e-01
157.11 1.356285431401979269e-01
157.118 1.356198987765145914e-01
157.127 1.356112550875837042e-01
157.135 1.356026120749095065e-01
157.143 1.355939697376357389e-01
157.151 1.355853280743825884e-01
157.16 1.355766870861296047e-01
157.168 1.355680467738560047e-01
157.176 1.355594071364439324e-01
157.185 1.355507681738243042e-01
157.193 1.355421298856659407e-01
157.201 1.355334922742576220e-01
157.21 1.355248553353381458e-01
157.218 1.355162190709346404e-01
157.226 1.355075834822873082e-01
157.235 1.354989485706360186e-01
157.243 1.354903143322449266e-01
157.251 1.354816807665218115e-01
157.259 1.354730478765393542e-01
157.268 1.354644156622280549e-01
157.276 1.354557841216860181e-01
157.284 1.354471532561529745e-01
157.293 1.354385230642509985e-01
157.301 1.354298935474811671e-01
157.309 1.354212647060352714e-01
157.318 1.354126365385360520e-01
157.326 1.354040090443912048e-01
157.334 1.353953822235318127e-01
157.343 1.353867560779807855e-01
157.351 1.353781306089761050e-01
157.359 1.353695058117415362e-01
157.368 1.353608816888228206e-01
157.376 1.353522582411960939e-01
157.384 1.353436354672236386e-01
157.392 1.353350133670975231e-01
157.401 1.353263919410098992e-01
157.409 1.353177711894138213e-01
157.417 1.353091511101499611e-01
157.426 1.353005317055004930e-01
157.434 1.352919129764407757e-01
157.442 1.352832949205501623e-01
157.451 1.352746775382819566e-01
157.459 1.352660608282613142e-01
157.467 1.352574447932914092e-01
157.476 1.352488294314748152e-01
157.484 1.352402147440477653e-01
157.492 1.352316007309405654e-01
157.5 1.352229873902568991e-01
157.509 1.352143747232323334e-01
157.517 1.352057627295366604e-01
157.525 1.351971514096224347e-01
157.534 1.351885407636810588e-01
157.542 1.351799307908602421e-01
157.55 1.351713214905692906e-01
157.559 1.351627128637822028e-01
157.567 1.351541049122548799e-01
157.575 1.351454976325275892e-01
157.584 1.351368910258351763e-01
157.592 1.351282850923688494e-01
157.6 1.351196798331019411e-01
157.609 1.351110752461401054e-01
157.617 1.351024713316749670e-01
157.625 1.350938680906795530e-01
157.633 1.350852655236054467e-01
157.642 1.350766636293407041e-01
157.65 1.350680624065137003e-01
157.658 1.350594618584413653e-01
157.667 1.350508619827099077e-01
157.675 1.350422627789894248e-01
157.683 1.350336642492939998e-01
157.692 1.350250663922519245e-01
157.7 1.350164692070129069e-01
157.708 1.350078726945488083e-01
157.717 1.349992768553108236e-01
157.725 1.349906816889690497e-01
157.733 1.349820871944130973e-01
157.741 1.349734933726144392e-01
157.75 1.349649002235035755e-01
157.758 1.349563077464907002e-01
157.766 1.349477159430671203e-01
157.775 1.349391248123826825e-01
157.783 1.349305343520274536e-01
157.791 1.349219445642727000e-01
157.8 1.349133554498289644e-01
157.808 1.349047670070663840e-01
157.816 1.348961792372155855e-01
157.825 1.348875921394269983e-01
157.833 1.348790057125916486e-01
157.841 1.348704199597586251e-01
157.849 1.348618348782596177e-01
157.858 1.348532504667262766e-01
157.866 1.348446667302852786e-01
157.874 1.348360836652295613e-01
157.883 1.348275012699315656e-01
157.891 1.348189195484775227e-01
157.899 1.348103384994989440e-01
157.908 1.348017581203296289e-01
157.916 1.347931784142757383e-01
157.924 1.347845993799693110e-01
157.933 1.347760210168217898e-01
157.941 1.347674433255422743e-01
157.949 1.347588663055420966e-01
157.958 1.347502899572708968e-01
157.966 1.347417142819563318e-01
157.974 1.347331392771934921e-01
157.982 1.347245649426536962e-01
157.991 1.347159912813803428e-01
157.999 1.347074182912285645e-01
158.007 1.346988459705727725e-01
158.016 1.346902743232334110e-01
158.024 1.346817033483624915e-01
158.032 1.346731330422609174e-01
158.041 1.346645634092661914e-01
158.049 1.346559944461979963e-01
158.057 1.346474261535056394e-01
158.066 1.346388585334516996e-01
158.074 1.346302915833751945e-01
158.082 1.346217253065746522e-01
158.09 1.346131596998713931e-01
158.099 1.346045947631961670e-01
158.107 1.345960304969974208e-01
158.115 1.345874669022415204e-01
158.124 1.345789039793767461e-01
158.132 1.345703417257439749e-01
158.14 1.345617801451571838e-01
158.149 1.345532192346987066e-01
158.157 1.345446589935226922e-01
158.165 1.345360994228539386e-01
158.174 1.345275405241754263e-01
158.182 1.345189822953470338e-01
158.19 1.345104247386279817e-01
158.199 1.345018678516199107e-01
158.207 1.344933116339946666e-01
158.215 1.344847560872347025e-01
158.223 1.344762012117876049e-01
158.232 1.344676470070661767e-01
158.24 1.344590934714493258e-01
158.248 1.344505406064188668e-01
158.257 1.344419884129391118e-01
158.265 1.344334368883553510e-01
158.273 1.344248860336319240e-01
158.282 1.344163358499913530e-01
158.29 1.344077863358134062e-01
158.298 1.343992374918037414e-01
158.307 1.343906893186674611e-01
158.315 1.343821418158180070e-01
158.323 1.343735949821526776e-01
158.331 1.343650488183766589e-01
158.34 1.343565033244202012e-01
158.348 1.343479585009882127e-01
158.356 1.343394143459455126e-01
158.365 1.343308708623205394e-01
158.373 1.343223280490104810e-01
158.381 1.343137859033645964e-01
158.39 1.343052444281525593e-01
158.398 1.342967036238204570e-01
158.406 1.342881634874600050e-01
158.415 1.342796240208078418e-01
158.423 1.342710852253419795e-01
158.431 1.342625470981550218e-01
158.439 1.342540096391774684e-01
158.448 1.342454728519501261e-01
158.456 1.342369367335664032e-01
158.464 1.342284012844723040e-01
158.473 1.342198665040824357e-01
158.481 1.342113323938737557e-01
158.489 1.342027989524876563e-01
158.498 1.341942661795968161e-01
158.506 1.341857340764199824e-01
158.514 1.341772026436602039e-01
158.523 1.341686718778981324e-01
158.531 1.341601417824135889e-01
158.539 1.341516123550756112e-01
158.548 1.341430835973599911e-01
158.556 1.341345555084243191e-01
158.564 1.341260280887137946e-01
158.572 1.341175013391883164e-01
158.581 1.341089752564309234e-01
158.589 1.341004498414022639e-01
158.597 1.340919250981509603e-01
158.606 1.340834010230032292e-01
158.614 1.340748776140880394e-01
158.622 1.340663548769972235e-01
158.631 1.340578328072861980e-01
158.639 1.340493114064289504e-01
158.647 1.340407906728122156e-01
158.656 1.340322706076526871e-01
158.664 1.340237512126807029e-01
158.672 1.340152324862829147e-01
158.68 1.340067144263325516e-01
158.689 1.339981970355884622e-01
158.697 1.339896803147516968e-01
158.705 1.339811642606673903e-01
158.714 1.339726488737802146e-01
158.722 1.339641341568474919e-01
158.73 1.339556201074863229e-01
158.739 1.339471067263975912e-01
158.747 1.339385940137683695e-01
158.755 1.339300819677306520e-01
158.764 1.339215705902698506e-01
158.772 1.339130598825998275e-01
158.78 1.339045498418254543e-01
158.789 1.338960404681340532e-01
158.797 1.338875317629964756e-01
158.805 1.338790237258290494e-01
158.813 1.338705163552784960e-01
158.822 1.338620096535851622e-01
158.83 1.338535036201657091e-01
158.838 1.338449982531536575e-01
158.847 1.338364935550453994e-01
158.855 1.338279895242312501e-01
158.863 1.338194861606415431e-01
158.872 1.338109834639498175e-01
158.88 1.338024814353688530e-01
158.888 1.337939800753412678e-01
158.897 1.337854793817457033e-01
158.905 1.337769793545123820e-01
158.913 1.337684799951099623e-01
158.921 1.337599813034682505e-01
158.93 1.337514832802863263e-01
158.938 1.337429859229308515e-01
158.946 1.337344892326137180e-01
158.955 1.337259932105461235e-01
158.963 1.337174978548645032e-01
158.971 1.337090031660113643e-01
158.98 1.337005091449414984e-01
158.988 1.336920157903040418e-01
158.996 1.336835231035660154e-01
159.005 1.336750310823523191e-01
159.013 1.336665397281298073e-01
159.021 1.336580490428765089e-01
159.029 1.336495590221702390e-01
159.038 1.336410696695250200e-01
159.046 1.336325809833348865e-01
159.054 1.336240929635299779e-01
159.063 1.336156056110640866e-01
159.071 1.336071189240758406e-01
159.079 1.335986329042865295e-01
159.088 1.335901475516258763e-01
159.096 1.335816628655124294e-01
159.104 1.335731788443414725e-01
159.113 1.335646954903450812e-01
159.121 1.335562128039643470e-01
159.129 1.335477307825724269e-01
159.138 1.335392494281446851e-01
159.146 1.335307687406109833e-01
159.154 1.335222887186231777e-01
159.162 1.335138093618560284e-01
159.171 1.335053306735616840e-01
159.179 1.334968526500923403e-01
159.187 1.334883752921448008e-01
159.196 1.334798986006711929e-01
159.204 1.334714225758566741e-01
159.212 1.334629472166094788e-01
159.221 1.334544725228596074e-01
159.229 1.334459984960695289e-01
159.237 1.334375251356579584e-01
159.246 1.334290524390019106e-01
159.254 1.334205804075635493e-01
159.262 1.334121090456122927e-01
159.27 1.334036383479724475e-01
159.279 1.333951683140641165e-01
159.287 1.333866989471348963e-01
159.295 1.333782302460940206e-01
159.304 1.333697622103608982e-01
159.312 1.333612948413961663e-01
159.32 1.333528281373438928e-01
159.329 1.333443620973693289e-01
159.337 1.333358967234426762e-01
159.345 1.333274320142188440e-01
159.354 1.333189679719225529e-01
159.362 1.333105045957185542e-01
159.37 1.333020418824776288e-01
159.379 1.332935798349340895e-01
159.387 1.332851184527628075e-01
159.395 1.332766577369130789e-01
159.403 1.332681976847663874e-01
159.412 1.332597382988007784e-01
159.42 1.332512795769079383e-01
159.428 1.332428215202917376e-01
159.437 1.332343641293912417e-01
159.445 1.332259074026082013e-01
159.453 1.332174513406366445e-01
159.462 1.332089959439158866e-01
159.47 1.332005412126300581e-01
159.478 1.331920871449271682e-01
159.487 1.331836337427735328e-01
159.495 1.331751810066080233e-01
159.503 1.331667289330517867e-01
159.511 1.331582775235621297e-01
159.52 1.331498267795955259e-01
159.528 1.331413767005729387e-01
159.536 1.331329272861696833e-01
159.545 1.331244785365699179e-01
159.553 1.331160304506861236e-01
159.561 1.331075830289571993e-01
159.57 1.330991362713128401e-01
159.578 1.330906901799712438e-01
159.586 1.330822447520652596e-01
159.595 1.330737999877794064e-01
159.603 1.330653558880601772e-01
159.611 1.330569124510584955e-01
159.619 1.330484696805160905e-01
159.628 1.330400275733134574e-01
159.636 1.330315861291263835e-01
159.644 1.330231453501713457e-01
159.653 1.330147052348537307e-01
159.661 1.330062657838656237e-01
159.669 1.329978269966287097e-01
159.678 1.329893888730728779e-01
159.686 1.329809514133819259e-01
159.694 1.329725146169779548e-01
159.703 1.329640784848063195e-01
159.711 1.329556430165429182e-01
159.719 1.329472082121174736e-01
159.728 1.329387740704447152e-01
159.736 1.329303405939921134e-01
159.744 1.329219077796445214e-01
159.752 1.329134756283468777e-01
159.761 1.329050441415511041e-01
159.769 1.328966133191867016e-01
159.777 1.328881831601687602e-01
159.786 1.328797536621449116e-01
159.794 1.328713248280883885e-01
159.802 1.328628966589427696e-01
159.811 1.328544691526094279e-01
159.819 1.328460423092718001e-01
159.827 1.328376161280994117e-01
159.836 1.328291906110496690e-01
159.844 1.328207657567852251e-01
159.852 1.328123415665026230e-01
159.86 1.328039180386114682e-01
159.869 1.327954951738016254e-01
159.877 1.327870729720029008e-01
159.885 1.327786514333982593e-01
159.894 1.327702305561448415e-01
159.902 1.327618103434644869e-01
159.91 1.327533907927546664e-01
159.919 1.327449719047049670e-01
159.927 1.327365536797512902e-01
159.935 1.327281361178233865e-01
159.944 1.327197192180916696e-01
159.952 1.327113029807390487e-01
159.96 1.327028874067075481e-01
159.969 1.326944724946616250e-01
159.977 1.326860582463020577e-01
159.985 1.326776446582698943e-01
159.993 1.326692317335306515e-01
160.002 1.326608194712550759e-01
160.01 1.326524078713728350e-01
160.018 1.326439969345722669e-01
160.027 1.326355866592660027e-01
160.035 1.326271770456367571e-01
160.043 1.326187680953837544e-01
160.052 1.326103598066672995e-01
160.06 1.326019521811861723e-01
160.068 1.325935452160903472e-01
160.077 1.325851389128260005e-01
160.085 1.325767332733439052e-01
160.093 1.325683282940368357e-01
160.101 1.325599239778659788e-01
160.11 1.325515203229928052e-01
160.118 1.325431173303573684e-01
160.126 1.325347149993841844e-01
160.135 1.325263133305080443e-01
160.143 1.325179123236585044e-01
160.151 1.325095119775031305e-01
160.16 1.325011122929814489e-01
160.168 1.324927132700232379e-01
160.176 1.324843149100722317e-01
160.185 1.324759172110391847e-01
160.193 1.324675201723493900e-01
160.201 1.324591237954464706e-01
160.209 1.324507280817734667e-01
160.218 1.324423330282330225e-01
160.226 1.324339386342508196e-01
160.234 1.324255449042959221e-01
160.243 1.324171518347673493e-01
160.251 1.324087594255950184e-01
160.259 1.324003676789776707e-01
160.268 1.323919765930801351e-01
160.276 1.323835861678322179e-01
160.284 1.323751964044237728e-01
160.293 1.323668073012724267e-01
160.301 1.323584188580560761e-01
160.309 1.323500310772239563e-01
160.318 1.323416439574458536e-01
160.326 1.323332574986513521e-01
160.334 1.323248717020293341e-01
160.342 1.323164865632281417e-01
160.351 1.323081020857034829e-01
160.359 1.322997182701401153e-01
160.367 1.322913351157120332e-01
160.376 1.322829526226005914e-01
160.384 1.322745707859531439e-01
160.392 1.322661896119921021e-01
160.401 1.322578091003948353e-01
160.409 1.322494292480712041e-01
160.417 1.322410500559574598e-01
160.426 1.322326715242349293e-01
160.434 1.322242936528332802e-01
160.442 1.322159164421851385e-01
160.45 1.322075398919685396e-01
160.459 1.321991640026160264e-01
160.467 1.321907887715427499e-01
160.475 1.321824142009415670e-01
160.484 1.321740402927529812e-01
160.492 1.321656670428843772e-01
160.5 1.321572944522712567e-01
160.509 1.321489225231050613e-01
160.517 1.321405512533048998e-01
160.525 1.321321806453129855e-01
160.534 1.321238106957925706e-01
160.542 1.321154414044224956e-01
160.55 1.321070727751516016e-01
160.559 1.320987048051462109e-01
160.567 1.320903374945872344e-01
160.575 1.320819708446598073e-01
160.583 1.320736048535358642e-01
160.592 1.320652395213963159e-01
160.6 1.320568748496769584e-01
160.608 1.320485108380562433e-01
160.617 1.320401474859616286e-01
160.625 1.320317847925699395e-01
160.633 1.320234227583128583e-01
160.642 1.320150613843744103e-01
160.65 1.320067006696805656e-01
160.658 1.319983406139100812e-01
160.667 1.319899812179958776e-01
160.675 1.319816224803627425e-01
160.683 1.319732644029465440e-01
160.691 1.319649069839214928e-01
160.7 1.319565502252229849e-01
160.708 1.319481941250255641e-01
160.716 1.319398386825069991e-01
160.725 1.319314839011060392e-01
160.733 1.319231297774938749e-01
160.741 1.319147763121015504e-01
160.75 1.319064235078653557e-01
160.758 1.318980713617080303e-01
160.766 1.318897198730583642e-01
160.775 1.318813690430986896e-01
160.783 1.318730188742629206e-01
160.791 1.318646693627237854e-01
160.799 1.318563205089119394e-01
160.808 1.318479723147602534e-01
160.816 1.318396247799475396e-01
160.824 1.318312779026509507e-01
160.833 1.318229316835513310e-01
160.841 1.318145861233289418e-01
160.849 1.318062412221635560e-01
160.858 1.317978969794840749e-01
160.866 1.317895533942192721e-01
160.874 1.317812104670495199e-01
160.883 1.317728681989049355e-01
160.891 1.317645265889644535e-01
160.899 1.317561856359072969e-01
160.908 1.317478453436642105e-01
160.916 1.317395057076634068e-01
160.924 1.317311667298351474e-01
160.932 1.317228284101088220e-01
160.941 1.317144907494137152e-01
160.949 1.317061537456797327e-01
160.957 1.316978173998362700e-01
160.966 1.316894817125625061e-01
160.974 1.316811466822886689e-01
160.982 1.316728123096939929e-01
160.991 1.316644785967063525e-01
160.999 1.316561455402575909e-01
161.007 1.316478131395282802e-01
161.016 1.316394813996926150e-01
161.024 1.316311503166840702e-01
161.032 1.316228198891840895e-01
161.04 1.316144901208674001e-01
161.049 1.316061610104149182e-01
161.057 1.315978325565081153e-01
161.065 1.315895047610732838e-01
161.074 1.315811776222928220e-01
161.082 1.315728511413440660e-01
161.09 1.315645253166594086e-01
161.099 1.315562001494159916e-01
161.107 1.315478756395432602e-01
161.115 1.315395517869706599e-01
161.124 1.315312285923757873e-01
161.132 1.315229060546904694e-01
161.14 1.315145841730962772e-01
161.148 1.315062629492680935e-01
161.157 1.314979423811410142e-01
161.165 1.314896224713866524e-01
161.173 1.314813032191864128e-01
161.182 1.314729846222267573e-01
161.19 1.314646666816835507e-01
161.198 1.314563493992304266e-01
161.207 1.314480327740491228e-01
161.215 1.314397168040761787e-01
161.223 1.314314014914831630e-01
161.232 1.314230868354522297e-01
161.24 1.314147728366598933e-01
161.248 1.314064594927945029e-01
161.257 1.313981468070226366e-01
161.265 1.313898347770327824e-01
161.273 1.313815234032524593e-01
161.281 1.313732126876022976e-01
161.29 1.313649026257805996e-01
161.298 1.313565932212012732e-01
161.306 1.313482844730471388e-01
161.315 1.313399763817451327e-01
161.323 1.313316689469758436e-01
161.331 1.313233621654349148e-01
161.34 1.313150560425244695e-01
161.348 1.313067505751889241e-01
161.356 1.312984457638551872e-01
161.365 1.312901416087014217e-01
161.373 1.312818381099055687e-01
161.381 1.312735352656569099e-01
161.389 1.312652330781223509e-01
161.398 1.312569315467339848e-01
161.406 1.312486306714211737e-01
161.414 1.312403304513678481e-01
161.423 1.312320308867520879e-01
161.431 1.312237319767581012e-01
161.439 1.312154337252900982e-01
161.448 1.312071361275574943e-01
161.456 1.311988391857254743e-01
161.464 1.311905428997233447e-01
161.473 1.311822472689838648e-01
161.481 1.311739522941813840e-01
161.489 1.311656579722660920e-01
161.498 1.311573643076363593e-01
161.506 1.311490712994763941e-01
161.514 1.311407789449853256e-01
161.522 1.311324872463264513e-01
161.531 1.311241962034289943e-01
161.539 1.311159058149817258e-01
161.547 1.311076160801701029e-01
161.556 1.310993270021486301e-01
161.564 1.310910385798540745e-01
161.572 1.310827508114796869e-01
161.581 1.310744636991869327e-01
161.589 1.310661772409213999e-01
161.597 1.310578914361169023e-01
161.606 1.310496062884216883e-01
161.614 1.310413217955337106e-01
161.622 1.310330379563909575e-01
161.63 1.310247547711709815e-01
161.639 1.310164722427770156e-01
161.647 1.310081903676689752e-01
161.655 1.309999091470154808e-01
161.664 1.309916285817368520e-01
161.672 1.309833486705237193e-01
161.68 1.309750694147916728e-01
161.689 1.309667908129839575e-01
161.697 1.309585128647825503e-01
161.705 1.309502355708598853e-01
161.714 1.309419589321355604e-01
161.722 1.309336829473010944e-01
161.73 1.309254076172760572e-01
161.738 1.309171329412471829e-01
161.747 1.309088589193913577e-01
161.755 1.309005855504008775e-01
161.763 1.308923128366795974e-01
161.772 1.308840407786512894e-01
161.78 1.308757693725345062e-01
161.788 1.308674986199905854e-01
161.797 1.308592285221855667e-01
161.805 1.308509590785540688e-01
161.813 1.308426902885308218e-01
161.822 1.308344221525397644e-01
161.83 1.308261546712518875e-01
161.838 1.308178878413829016e-01
161.847 1.308096216653344135e-01
161.855 1.308013561457542773e-01
161.863 1.307930912776288368e-01
161.871 1.307848270628648168e-01
161.88 1.307765635026268969e-01
161.888 1.307683005953620137e-01
161.896 1.307600383422347079e-01
161.905 1.307517767424331845e-01
161.913 1.307435157953929783e-01
161.921 1.307352555020313278e-01
161.93 1.307269958620305983e-01
161.938 1.307187368750732659e-01
161.946 1.307104785405950598e-01
161.955 1.307022208600065738e-01
161.963 1.306939638339773002e-01
161.971 1.306857074597216617e-01
161.979 1.306774517376628753e-01
161.988 1.306691966699511931e-01
161.996 1.306609422545418897e-01
162.004 1.306526884933379706e-01
162.013 1.306444353830619187e-01
162.021 1.306361829263566476e-01
162.029 1.306279311231511864e-01
162.038 1.306196799716487777e-01
162.046 1.306114294747375837e-01
162.054 1.306031796293881386e-01
162.063 1.305949304362697128e-01
162.071 1.305866818962976017e-01
162.079 1.305784340094010010e-01
162.088 1.305701867740305944e-01
162.096 1.305619401918408085e-01
162.104 1.305536942610362183e-01
162.112 1.305454489832708620e-01
162.121 1.305372043592128994e-01
162.129 1.305289603860819714e-01
162.137 1.305207170655318105e-01
162.146 1.305124743969991452e-01
162.154 1.305042323804133653e-01
162.162 1.304959910171811233e-01
162.171 1.304877503052619681e-01
162.179 1.304795102460624689e-01
162.187 1.304712708380349195e-01
162.196 1.304630320825855838e-01
162.204 1.304547939793975209e-01
162.212 1.304465565279079031e-01
162.22 1.304383197285381990e-01
162.229 1.304300835809716341e-01
162.237 1.304218480831698390e-01
162.245 1.304136132399816017e-01
162.254 1.304053790491221665e-01
162.262 1.303971455073240360e-01
162.27 1.303889126172219359e-01
162.279 1.303806803802202152e-01
162.287 1.303724487960018497e-01
162.295 1.303642178613006464e-01
162.304 1.303559875760464948e-01
162.312 1.303477579443468037e-01
162.32 1.303395289663761281e-01
162.328 1.303313006386234429e-01
162.337 1.303230729607726679e-01
162.345 1.303148459352098942e-01
162.353 1.303066195603906074e-01
162.362 1.302983938359985883e-01
162.37 1.302901687639279882e-01
162.378 1.302819443428799573e-01
162.387 1.302737205732749926e-01
162.395 1.302654974543057675e-01
162.403 1.302572749871291347e-01
162.412 1.302490531687286734e-01
162.42 1.302408320024703858e-01
162.428 1.302326114890193509e-01
162.437 1.302243916248692068e-01
162.445 1.302161724111762509e-01
162.453 1.302079538478700949e-01
162.461 1.301997359356159567e-01
162.47 1.301915186753241915e-01
162.478 1.301833020654520612e-01
162.486 1.301750861039674689e-01
162.495 1.301668707952136628e-01
162.503 1.301586561371580464e-01
162.511 1.301504421282589641e-01
162.52 1.301422287704070979e-01
162.528 1.301340160635315601e-01
162.536 1.301258040070713273e-01
162.545 1.301175925985052773e-01
162.553 1.301093818424187420e-01
162.561 1.301011717377603960e-01
162.569 1.300929622815196474e-01
162.578 1.300847534741161327e-01
162.586 1.300765453198880206e-01
162.594 1.300683378146006153e-01
162.603 1.300601309579387521e-01
162.611 1.300519247544838775e-01
162.619 1.300437191975545026e-01
162.628 1.300355142917319629e-01
162.636 1.300273100369451484e-01
162.644 1.300191064306755462e-01
162.653 1.300109034753000603e-01
162.661 1.300027011700136126e-01
162.669 1.299944995122987168e-01
162.678 1.299862985055101894e-01
162.686 1.299780981483539544e-01
162.694 1.299698984414930647e-01
162.702 1.299616993833892509e-01
162.711 1.299535009742163738e-01
162.719 1.299453032158602306e-01
162.727 1.299371061062936927e-01
162.736 1.299289096466686444e-01
162.744 1.299207138356918145e-01
162.752 1.299125186740261173e-01
162.761 1.299043241628227152e-01
162.769 1.298961302993226208e-01
162.777 1.298879370858987692e-01
162.786 1.298797445210144175e-01
162.794 1.298715526058204783e-01
162.802 1.298633613407346177e-01
162.81 1.298551707225105156e-01
162.819 1.298469807544972432e-01
162.827 1.298387914366237461e-01
162.835 1.298306027646680960e-01
162.844 1.298224147431989994e-01
162.852 1.298142273709248229e-01
162.86 1.298060406480188167e-01
162.869 1.297978545731897360e-01
162.877 1.297896691458788332e-01
162.885 1.297814843679680474e-01
162.894 1.297733002393863244e-01
162.902 1.297651167607946909e-01
162.91 1.297569339287067414e-01
162.918 1.297487517435401971e-01
162.927 1.297405702091271595e-01
162.935 1.297323893229574976e-01
162.943 1.297242090859357655e-01
162.952 1.297160294962844684e-01
162.96 1.297078505544206617e-01
162.968 1.296996722610050945e-01
162.977 1.296914946179167916e-01
162.985 1.296833176211850958e-01
162.993 1.296751412709833962e-01
163.002 1.296669655713838798e-01
163.01 1.296587905193911372e-01
163.018 1.296506161159092507e-01
163.027 1.296424423598928899e-01
163.035 1.296342692502972516e-01
163.043 1.296260967907050254e-01
163.051 1.296179249776357456e-01
163.06 1.296097538136974370e-01
163.068 1.296015832966277981e-01
163.076 1.295934134278168837e-01
163.085 1.295852442059768350e-01
163.093 1.295770756320106520e-01
163.101 1.295689077063343353e-01
163.11 1.295607404279033592e-01
163.118 1.295525737971339186e-01
163.126 1.295444078134685706e-01
163.135 1.295362424780530375e-01
163.143 1.295280777891135160e-01
163.151 1.295199137473093398e-01
163.159 1.295117503540289539e-01
163.168 1.295035876067695824e-01
163.176 1.294954255078922534e-01
163.184 1.294872640556239962e-01
163.193 1.294791032511098117e-01
163.201 1.294709430933065064e-01
163.209 1.294627835831154983e-01
163.218 1.294546247192508159e-01
163.226 1.294464665018849880e-01
163.234 1.294383089333771553e-01
163.243 1.294301520104975678e-01
163.251 1.294219957346334215e-01
163.259 1.294138401064426902e-01
163.268 1.294056851234256234e-01
163.276 1.293975307879403625e-01
163.284 1.293893771013728267e-01
163.292 1.293812240583101791e-01
163.301 1.293730716625669519e-01
163.309 1.293649199143148687e-01
163.317 1.293567688125119575e-01
163.326 1.293486183563595515e-01
163.334 1.293404685472431814e-01
163.342 1.293323193850917929e-01
163.351 1.293241708688639691e-01
163.359 1.293160229982466269e-01
163.367 1.293078757753523822e-01
163.376 1.292997291976843988e-01
163.384 1.292915832668700138e-01
163.392 1.292834379828383118e-01
163.4 1.292752933435785401e-01
163.409 1.292671493509598424e-01
163.417 1.292590060041840516e-01
163.425 1.292508633051198119e-01
163.434 1.292427212505448952e-01
163.442 1.292345798411159707e-01
163.45 1.292264390796704354e-01
163.459 1.292182989625025036e-01
163.467 1.292101594905109008e-01
163.475 1.292020206675011107e-01
163.484 1.291938824875878411e-01
163.492 1.291857449533654889e-01
163.5 1.291776080662164206e-01
163.508 1.291694718238898532e-01
163.517 1.291613362265574549e-01
163.525 1.291532012758434267e-01
163.533 1.291450669709504895e-01
163.542 1.291369333103553063e-01
163.55 1.291288002959236902e-01
163.558 1.291206679268588065e-01
163.567 1.291125362016379008e-01
163.575 1.291044051230940404e-01
163.583 1.290962746909141701e-01
163.592 1.290881449011566928e-01
163.6 1.290800157578637364e-01
163.608 1.290718872609640799e-01
163.617 1.290637594079681594e-01
163.625 1.290556322007401224e-01
163.633 1.290475056392090258e-01
163.641 1.290393797191937975e-01
163.65 1.290312544469099654e-01
163.658 1.290231298191436282e-01
163.666 1.290150058367909580e-01
163.675 1.290068824976058626e-01
163.683 1.289987598039344929e-01
163.691 1.289906377561892414e-01
163.7 1.289825163513997619e-01
163.708 1.289743955919114560e-01
163.716 1.289662754776532971e-01
163.725 1.289581560073468081e-01
163.733 1.289500371806799606e-01
163.741 1.289419190004797711e-01
163.749 1.289338014632945562e-01
163.758 1.289256845705026300e-01
163.766 1.289175683227574698e-01
163.774 1.289094527187810424e-01
163.783 1.289013377604335542e-01
163.791 1.288932234449893521e-01
163.799 1.288851097726193273e-01
163.808 1.288769967466308619e-01
163.816 1.288688843638161330e-01
163.824 1.288607726250697860e-01
163.833 1.288526615310444934e-01
163.841 1.288445510797398830e-01
163.849 1.288364412742203924e-01
163.858 1.288283321100746337e-01
163.866 1.288202235903668502e-01
163.874 1.288121157167135267e-01
163.882 1.288040084844632449e-01
163.891 1.287959018966793601e-01
163.899 1.287877959530498995e-01
163.907 1.287796906530218333e-01
163.916 1.287715859960425757e-01
163.924 1.287634819837280842e-01
163.932 1.287553786145617385e-01
163.941 1.287472758872685030e-01
163.949 1.287391738056316570e-01
163.957 1.287310723664491230e-01
163.966 1.287229715698912091e-01
163.974 1.287148714185358256e-01
163.982 1.287067719089410311e-01
163.99 1.286986730417588043e-01
163.999 1.286905748202885336e-01
164.007 1.286824772413297235e-01
164.015 1.286743803040896750e-01
164.024 1.286662840106640171e-01
164.032 1.286581883614628663e-01
164.04 1.286500933540091485e-01
164.049 1.286419989896758487e-01
164.057 1.286339052681515216e-01
164.065 1.286258121898467277e-01
164.074 1.286177197534878192e-01
164.082 1.286096279604471981e-01
164.09 1.286015368111347867e-01
164.098 1.285934463040370457e-01
164.107 1.285853564381217451e-01
164.115 1.285772672154818219e-01
164.123 1.285691786362866129e-01
164.132 1.285610907011862369e-01
164.14 1.285530034062644933e-01
164.148 1.285449167538540716e-01
164.157 1.285368307438841118e-01
164.165 1.285287453770047050e-01
164.173 1.285206606517034500e-01
164.182 1.285125765703116207e-01
164.19 1.285044931293957415e-01
164.198 1.284964103308068040e-01
164.207 1.284883281759143514e-01
164.215 1.284802466620063865e-01
164.223 1.284721657899726421e-01
164.231 1.284640855599825660e-01
164.24 1.284560059736452597e-01
164.248 1.284479270272897711e-01
164.256 1.284398487225255348e-01
164.265 1.284317710621612485e-01
164.273 1.284236940418068684e-01
164.281 1.284156176637910596e-01
164.29 1.284075419273232044e-01
164.298 1.283994668316132404e-01
164.306 1.283913923794681999e-01
164.315 1.283833185684190581e-01
164.323 1.283752453986347630e-01
164.331 1.283671728700448433e-01
164.339 1.283591009830578611e-01
164.348 1.283510297388015531e-01
164.356 1.283429591348079490e-01
164.364 1.283348891726844021e-01
164.373 1.283268198509220082e-01
164.381 1.283187511711275375e-01
164.389 1.283106831327507913e-01
164.398 1.283026157357211039e-01
164.406 1.282945489806860961e-01
164.414 1.282864828647007349e-01
164.423 1.282784173898501301e-01
164.431 1.282703525586975923e-01
164.439 1.282622883663828151e-01
164.448 1.282542248157085840e-01
164.456 1.282461619061251168e-01
164.464 1.282380996373223558e-01
164.472 1.282300380101867310e-01
164.481 1.282219770224935218e-01
164.489 1.282139166753686610e-01
164.497 1.282058569692201278e-01
164.506 1.281977979044554017e-01
164.514 1.281897394817210767e-01
164.522 1.281816816966406813e-01
164.531 1.281736245520143092e-01
164.539 1.281655680489668103e-01
164.547 1.281575121891008195e-01
164.556 1.281494569682802287e-01
164.564 1.281414023852396056e-01
164.572 1.281333484422990943e-01
164.58 1.281252951427342690e-01
164.589 1.281172424833664503e-01
164.597 1.281091904629302614e-01
164.605 1.281011390825498863e-01
164.614 1.280930883423934685e-01
164.622 1.280850382426290957e-01
164.63 1.280769887831860188e-01
164.639 1.280689399637544301e-01
164.647 1.280608917840247163e-01
164.655 1.280528442434485659e-01
164.664 1.280447973441045384e-01
164.672 1.280367510847275625e-01
164.68 1.280287054645306843e-01
164.688 1.280206604824884187e-01
164.697 1.280126161421108744e-01
164.705 1.280045724416558617e-01
164.713 1.279965293800981729e-01
164.722 1.279884869585600771e-01
164.73 1.279804451757780570e-01
164.738 1.279724040331126911e-01
164.747 1.279643635297774973e-01
164.755 1.279563236673711968e-01
164.763 1.279482844415300857e-01
164.772 1.279402458569532108e-01
164.78 1.279322079121386901e-01
164.788 1.279241706041546189e-01
164.797 1.279161339379372153e-01
164.805 1.279080979112695027e-01
164.813 1.279000625209822939e-01
164.821 1.278920277708186226e-01
164.83 1.278839936604692085e-01
164.838 1.278759601884333352e-01
164.846 1.278679273563081420e-01
164.855 1.278598951637844039e-01
164.863 1.278518636086474480e-01
164.871 1.278438326927321955e-01
164.88 1.278358024152533579e-01
164.888 1.278277727759021543e-01
164.896 1.278197437765128675e-01
164.905 1.278117154158238677e-01
164.913 1.278036876940024935e-01
164.921 1.277956606107397974e-01
164.929 1.277876341662031179e-01
164.938 1.277796083581797526e-01
164.946 1.277715831894550291e-01
164.954 1.277635586597199724e-01
164.963 1.277555347691415877e-01
164.971 1.277475115178866860e-01
164.979 1.277394889016028046e-01
164.988 1.277314669254525359e-01
164.996 1.277234455884132536e-01
165.004 1.277154248877983012e-01
165.013 1.277074048256773287e-01
165.021 1.276993854022171471e-01
165.029 1.276913666163959626e-01
165.038 1.276833484688562614e-01
165.046 1.276753309600024699e-01
165.054 1.276673140876248558e-01
165.062 1.276592978537915979e-01
165.071 1.276512822584318085e-01
165.079 1.276432673007617813e-01
165.087 1.276352529799981150e-01
165.096 1.276272392972579717e-01
165.104 1.276192262524704635e-01
165.112 1.276112138460396839e-01
165.121 1.276032020752827234e-01
165.129 1.275951909439281828e-01
165.137 1.275871804490559258e-01
165.146 1.275791705927319664e-01
165.154 1.275711613725115656e-01
165.162 1.275631527897483908e-01
165.17 1.275551448455581882e-01
165.179 1.275471375386834361e-01
165.187 1.275391308685788483e-01
165.195 1.275311248342247683e-01
165.204 1.275231194391092115e-01
165.212 1.275151146798400581e-01
165.22 1.275071105589557496e-01
165.229 1.274991070747251987e-01
165.237 1.274911042268406236e-01
165.245 1.274831020157056183e-01
165.254 1.274751004426719347e-01
165.262 1.274670995060091794e-01
165.27 1.274590992065947614e-01
165.278 1.274510995436468896e-01
165.287 1.274431005163838837e-01
165.295 1.274351021268679551e-01
165.303 1.274271043750279941e-01
165.312 1.274191072579501094e-01
165.32 1.274111107781697727e-01
165.328 1.274031149358529347e-01
165.337 1.273951197297442939e-01
165.345 1.273871251592996467e-01
165.353 1.273791312249220320e-01
165.362 1.273711379277246147e-01
165.37 1.273631452678731235e-01
165.378 1.273551532434027966e-01
165.387 1.273471618542431905e-01
165.395 1.273391711026904682e-01
165.403 1.273311809865436406e-01
165.411 1.273231915071519615e-01
165.42 1.273152026630249289e-01
165.428 1.273072144550382867e-01
165.436 1.272992268845405395e-01
165.445 1.272912399493318081e-01
165.453 1.272832536495780154e-01
165.461 1.272752679840261913e-01
165.47 1.272672829561528884e-01
165.478 1.272592985649410313e-01
165.486 1.272513148084284951e-01
165.495 1.272433316874902465e-01
165.503 1.272353492027646915e-01
165.511 1.272273673541809702e-01
165.519 1.272193861407228954e-01
165.528 1.272114055601933358e-01
165.536 1.272034256186650725e-01
165.544 1.271954463129952584e-01
165.553 1.271874676412233229e-01
165.561 1.271794896028066169e-01
165.569 1.271715122021621347e-01
165.578 1.271635354373292504e-01
165.586 1.271555593061120260e-01
165.594 1.271475838115094514e-01
165.603 1.271396089506174887e-01
165.611 1.271316347252542389e-01
165.619 1.271236611362928925e-01
165.628 1.271156881824823948e-01
165.636 1.271077158611561564e-01
165.644 1.270997441767273139e-01
165.652 1.270917731272371842e-01
165.661 1.270838027116713287e-01
165.669 1.270758329318463498e-01
165.677 1.270678637862761584e-01
165.686 1.270598952753617672e-01
165.694 1.270519274004474064e-01
165.702 1.270439601581608569e-01
165.711 1.270359935507897331e-01
165.719 1.270280275801490277e-01
165.727 1.270200622419245529e-01
165.736 1.270120975391101636e-01
165.744 1.270041334704565539e-01
165.752 1.269961700373069269e-01
165.76 1.269882072362915337e-01
165.769 1.269802450701674745e-01
165.777 1.269722835412196438e-01
165.785 1.269643226439587103e-01
165.794 1.269563623799634666e-01
165.802 1.269484027515184743e-01
165.81 1.269404437583170897e-01
165.819 1.269324853979337531e-01
165.827 1.269245276702980485e-01
165.835 1.269165705786353959e-01
165.844 1.269086141209914143e-01
165.852 1.269006582958831786e-01
165.86 1.268927031058290078e-01
165.868 1.268847485500520511e-01
165.877 1.268767946254225065e-01
165.885 1.268688413363406597e-01
165.893 1.268608886824999227e-01
165.902 1.268529366593599272e-01
165.91 1.268449852703788516e-01
165.918 1.268370345168967628e-01
165.927 1.268290843960206693e-01
165.935 1.268211349079152173e-01
165.943 1.268131860548608880e-01
165.952 1.268052378339656061e-01
165.96 1.267972902458641693e-01
165.968 1.267893432921312624e-01
165.977 1.267813969698757259e-01
165.985 1.267734512823172066e-01
165.993 1.267655062300894475e-01
166.001 1.267575618086572709e-01
166.01 1.267496180195950839e-01
166.018 1.267416748656510495e-01
166.026 1.267337323434656882e-01
166.035 1.267257904543777902e-01
166.043 1.267178491978470101e-01
166.051 1.267099085742722231e-01
166.06 1.267019685852262267e-01
166.068 1.266940292278207758e-01
166.076 1.266860905033938833e-01
166.085 1.266781524104665380e-01
166.093 1.266702149501418295e-01
166.101 1.266622781228184114e-01
166.109 1.266543419307717688e-01
166.118 1.266464063687690045e-01
166.126 1.266384714404935607e-01
166.134 1.266305371439978844e-01
166.143 1.266226034792114763e-01
166.151 1.266146704467673301e-01
166.159 1.266067380487053140e-01
166.168 1.265988062823748816e-01
166.176 1.265908751458299786e-01
166.184 1.265829446434546812e-01
166.193 1.265750147735368869e-01
166.201 1.265670855360058744e-01
166.209 1.265591569296190544e-01
166.218 1.265512289557120251e-01
166.226 1.265433016142139544e-01
166.234 1.265353749036483844e-01
166.242 1.265274488237106143e-01
166.251 1.265195233787808626e-01
166.259 1.265115985657427611e-01
166.267 1.265036743814810516e-01
166.276 1.264957508306094047e-01
166.284 1.264878279118858695e-01
166.292 1.264799056243031405e-01
166.301 1.264719839689611713e-01
166.309 1.264640629443846698e-01
166.317 1.264561425514394155e-01
166.326 1.264482227909908274e-01
166.334 1.264403036615638076e-01
166.342 1.264323851623860573e-01
166.35 1.264244672938549807e-01
166.359 1.264165500605787806e-01
166.367 1.264086334568718939e-01
166.375 1.264007174817285695e-01
166.384 1.263928021404577551e-01
166.392 1.263848874294803692e-01
166.4 1.263769733501290127e-01
166.409 1.263690599030340700e-01
166.417 1.263611470848518270e-01
166.425 1.263532348978497755e-01
166.434 1.263453233424245703e-01
166.442 1.263374124171031121e-01
166.45 1.263295021241518101e-01
166.458 1.263215924611629792e-01
166.467 1.263136834297016176e-01
166.475 1.263057750266600443e-01
166.483 1.262978672573405459e-01
166.492 1.262899601181682596e-01
166.5 1.262820536067373045e-01
166.508 1.262741477290491576e-01
166.517 1.262662424803625283e-01
166.525 1.262583378620079078e-01
166.533 1.262504338755487954e-01
166.542 1.262425305178796753e-01
166.55 1.262346277912643477e-01
166.558 1.262267256956318418e-01
166.567 1.262188242292780205e-01
166.575 1.262109233932990349e-01
166.583 1.262030231876242470e-01
166.591 1.261951236126495068e-01
166.6 1.261872246659714591e-01
166.608 1.261793263514849328e-01
166.616 1.261714286660868822e-01
166.625 1.261635316108729032e-01
166.633 1.261556351850728064e-01
166.641 1.261477393904812117e-01
166.65 1.261398442235303063e-01
166.658 1.261319496867142065e-01
166.666 1.261240557827588982e-01
166.675 1.261161625069319725e-01
166.683 1.261082698589301998e-01
166.691 1.261003778414795107e-01
166.699 1.260924864545089341e-01
166.708 1.260845956967828474e-01
166.716 1.260767055686966009e-01
166.724 1.260688160697136240e-01
166.733 1.260609271988319402e-01
166.741 1.260530389590084344e-01
166.749 1.260451513487749475e-01
166.758 1.260372643671295589e-01
166.766 1.260293780153985410e-01
166.774 1.260214922918817260e-01
166.783 1.260136071983707362e-01
166.791 1.260057227329328955e-01
166.799 1.259978388973595209e-01
166.807 1.259899556913470497e-01
166.816 1.259820731141267081e-01
166.824 1.259741911644648438e-01
166.832 1.259663098443846996e-01
166.841 1.259584291547456991e-01
166.849 1.259505490917559589e-01
166.857 1.259426696583683392e-01
166.866 1.259347908535820293e-01
166.874 1.259269126780238057e-01
166.882 1.259190351318554280e-01
166.891 1.259111582117518890e-01
166.899 1.259032819229889133e-01
166.907 1.258954062617767544e-01
166.916 1.258875312273479985e-01
166.924 1.258796568235824309e-01
166.932 1.258717830473886079e-01
166.94 1.258639098998575734e-01
166.949 1.258560373799896270e-01
166.957 1.258481654881788148e-01
166.965 1.258402942259802260e-01
166.974 1.258324235907685162e-01
166.982 1.258245535829378425e-01
166.99 1.258166842065967794e-01
166.999 1.258088154549416027e-01
167.007 1.258009473323130067e-01
167.015 1.257930798386400206e-01
167.024 1.257828880051998777e-01
