# Temperature_scaled  Cv
0.835118 3.332668616958760675e-07
0.843428 3.267362033748305718e-07
0.851737 3.203994764195552070e-07
0.860047 3.142453189331431716e-07
0.868357 3.082667842815716725e-07
0.876667 3.024572531103405048e-07
0.884977 2.968104150063015997e-07
0.893287 2.913202513611049698e-07
0.901596 2.859810193264914579e-07
0.909906 2.807872367916019406e-07
0.918216 2.757336682992073602e-07
0.926526 2.708153118531223431e-07
0.934836 2.660273865436427402e-07
0.943146 2.613653209039072202e-07
0.951455 2.568247420082057266e-07
0.959765 2.524014652204827596e-07
0.968075 2.480914845353028825e-07
0.976385 2.438909635053752147e-07
0.984695 2.397962267163005434e-07
0.993005 2.358037517289589715e-07
1.00131 2.319101615055727558e-07
1.00962 2.281122172713358520e-07
1.01793 2.244068117686874636e-07
1.02624 2.207909629074633509e-07
1.03455 2.172618077581109171e-07
1.04286 2.138165968910330052e-07
1.05117 2.104526890062518397e-07
1.05948 2.071675458785640232e-07
1.06779 2.039587275724880714e-07
1.0761 2.008238878975931769e-07
1.08441 1.977607701306984073e-07
1.09272 1.947672029542228007e-07
1.10103 1.918410965869769790e-07
1.10934 1.889804391617792097e-07
1.11765 1.861832932572615327e-07
1.12596 1.834477926054074842e-07
1.13427 1.807721389892867806e-07
1.14258 1.781545992941816339e-07
1.15089 1.755935026823929536e-07
1.1592 1.730872379378862631e-07
1.16751 1.706342509328788876e-07
1.17582 1.682330421995575893e-07
1.18413 1.658821646701394488e-07
1.19244 1.635802214689122455e-07
1.20075 1.613258638503966515e-07
1.20906 1.591177892167705656e-07
1.21737 1.569547392344355565e-07
1.22568 1.548354980532042335e-07
1.23399 1.527588905869127783e-07
1.2423 1.507237808770008832e-07
1.25061 1.487290705629860041e-07
1.25892 1.467736973745173388e-07
1.26723 1.448566337246422485e-07
1.27554 1.429768853741497293e-07
1.28385 1.411334901196048121e-07
1.29216 1.393255165783943347e-07
1.30047 1.375520630019932572e-07
1.30878 1.358122561605688339e-07
1.31709 1.341052502550872038e-07
1.3254 1.324302259061272572e-07
1.33371 1.307863891568805857e-07
1.34202 1.291729705279839438e-07
1.35033 1.275892241444660853e-07
1.35864 1.260344268386771912e-07
1.36695 1.245078773435174372e-07
1.37526 1.230088954991891823e-07
1.38357 1.215368214983684815e-07
1.39188 1.200910151518287380e-07
1.40019 1.186708551977754379e-07
1.4085 1.172757386333696406e-07
1.41681 1.159050800803871360e-07
1.42512 1.145583111527599989e-07
1.43343 1.132348798883664931e-07
1.44174 1.119342501726156617e-07
1.45005 1.106559012004310438e-07
1.45836 1.093993269467237526e-07
1.46667 1.081640356762414552e-07
1.47498 1.069495494516019090e-07
1.48329 1.057554036759251343e-07
1.49159 1.045811466598847519e-07
1.4999 1.034263391663176204e-07
1.50821 1.022905540254544346e-07
1.51652 1.011733757372928004e-07
1.52483 1.000744000774817914e-07
1.53314 9.899323373451783186e-08
1.54145 9.792949396939874600e-08
1.54976 9.688280827138707963e-08
1.55807 9.585281402486197048e-08
1.56638 9.483915820466025671e-08
1.57469 9.384149707327434794e-08
1.583 9.285949587531110930e-08
1.59131 9.189282857440244860e-08
1.59962 9.094117757622763376e-08
1.60793 9.000423345993288300e-08
1.61624 8.908169474246613926e-08
1.62455 8.817326762008204351e-08
1.63286 8.727866574317078565e-08
1.64117 8.639760999211138882e-08
1.64948 8.552982825154752713e-08
1.65779 8.467505519824220803e-08
1.6661 8.383303212026315790e-08
1.67441 8.300350670049286058e-08
1.68272 8.218623282247247260e-08
1.69103 8.138097040939030960e-08
1.69934 8.058748523307461966e-08
1.70765 7.980554874791419227e-08
1.71596 7.903493792210141666e-08
1.72427 7.827543508377790543e-08
1.73258 7.752682776969812226e-08
1.74089 7.678890856644265325e-08
1.7492 7.606147497290083306e-08
1.75751 7.534432926422211278e-08
1.76582 7.463727835533476616e-08
1.77413 7.394013366370611750e-08
1.78244 7.325271099381745167e-08
1.79075 7.257483041903763317e-08
1.79906 7.190631613974386981e-08
1.80737 7.124699639730411400e-08
1.81568 7.059670335085764471e-08
1.82399 6.995527296872089081e-08
1.8323 6.932254493539521751e-08
1.84061 6.869836253546568198e-08
1.84892 6.808257256839302612e-08
1.85723 6.747502525609418961e-08
1.86554 6.687557414123219504e-08
1.87385 6.628407600305386899e-08
1.88216 6.570039077956456072e-08
1.89047 6.512438147758241497e-08
1.89878 6.455591409321636450e-08
1.90709 6.399485753350245349e-08
1.9154 6.344108353343759563e-08
1.92371 6.289446660907630255e-08
1.93202 6.235488394968765337e-08
1.94033 6.182221538317770247e-08
1.94864 6.129634327830391975e-08
1.95695 6.077715249766728402e-08
1.96526 6.026453034157414207e-08
1.97357 5.975836647018210183e-08
1.98188 5.925855285129499626e-08
1.99019 5.876498369811707245e-08
1.99849 5.827755542174137833e-08
2.0068 5.779616657211324051e-08
2.01511 5.732071778672727854e-08
2.02342 5.685111174076542087e-08
2.03173 5.638725308183182510e-08
2.04004 5.592904840669854792e-08
2.04835 5.547640620299970137e-08
2.05666 5.502923679279220490e-08
2.06497 5.458745230690478887e-08
2.07328 5.415096662737259653e-08
2.08159 5.371969535193586926e-08
2.0899 5.329355575318651525e-08
2.09821 5.287246673610607650e-08
2.10652 5.245634880837738285e-08
2.11483 5.204512402774513361e-08
2.12314 5.163871596849613038e-08
2.13145 5.123704970273298003e-08
2.13976 5.084005175483669023e-08
2.14807 5.044765005409970029e-08
2.15638 5.005977392650142950e-08
2.16469 4.967635404635229112e-08
2.173 4.929732241060862264e-08
2.18131 4.892261230870385371e-08
2.18962 4.855215829443707085e-08
2.19793 4.818589615670793645e-08
2.20624 4.782376288669866193e-08
2.21455 4.746569665830322550e-08
2.22286 4.711163679550604218e-08
2.23117 4.676152375646933159e-08
2.23948 4.641529908960035126e-08
2.24779 4.607290543047945952e-08
2.2561 4.573428646886559485e-08
2.26441 4.539938691965283958e-08
2.27272 4.506815251568744154e-08
2.28103 4.474052995877273508e-08
2.28934 4.441646693049835805e-08
2.29765 4.409591206110381034e-08
2.30596 4.377881488626442772e-08
2.31427 4.346512585659186221e-08
2.32258 4.315479631005340548e-08
2.33089 4.284777844244565125e-08
2.3392 4.254402529917419924e-08
2.34751 4.224349075721217775e-08
2.35582 4.194612950587437577e-08
2.36413 4.165189702593516113e-08
2.37244 4.136074957253722830e-08
2.38075 4.107264417341867906e-08
2.38906 4.078753859365652014e-08
2.39737 4.050539133201900187e-08
2.40568 4.022616159740991643e-08
2.41399 3.994980930723440664e-08
2.4223 3.967629506194656557e-08
2.43061 3.940558012651441669e-08
2.43892 3.913762643875833126e-08
2.44723 3.887239657231901917e-08
2.45554 3.860985372939487652e-08
2.46385 3.834996173951507166e-08
2.47216 3.809268503595127902e-08
2.48047 3.783798864805434705e-08
2.48878 3.758583817812067698e-08
2.49709 3.733619981137616048e-08
2.5054 3.708904029223491816e-08
2.5137 3.684432690464702348e-08
2.52201 3.660202747910820991e-08
2.53032 3.636211036814226408e-08
2.53863 3.612454444315178371e-08
2.54694 3.588929908146580640e-08
2.55525 3.565634415972988878e-08
2.56356 3.542565003821857986e-08
2.57187 3.519718755744915533e-08
2.58018 3.497092802571836161e-08
2.58849 3.474684321146970924e-08
2.5968 3.452490533491533108e-08
2.60511 3.430508705672823806e-08
2.61342 3.408736146923518816e-08
2.62173 3.387170209833771752e-08
2.63004 3.365808287428696260e-08
2.63835 3.344647815107256199e-08
2.64666 3.323686267934246388e-08
2.65497 3.302921159732129018e-08
2.66328 3.282350043767826503e-08
2.67159 3.261970511417463371e-08
2.6799 3.241780190701422778e-08
2.68821 3.221776747032074113e-08
2.69652 3.201957880565093027e-08
2.70483 3.182321327717163156e-08
2.71314 3.162864859669463459e-08
2.72145 3.143586280345903803e-08
2.72976 3.124483428015675567e-08
2.73807 3.105554173450678367e-08
2.74638 3.086796419898941098e-08
2.75469 3.068208101619906744e-08
2.763 3.049787183806355136e-08
2.77131 3.031531662657766594e-08
2.77962 3.013439564116126572e-08
2.78793 2.995508943414339313e-08
2.79624 2.977737884478630216e-08
2.80455 2.960124499344437214e-08
2.81286 2.942666928957161311e-08
2.82117 2.925363340301019036e-08
2.82948 2.908211927838940218e-08
2.83779 2.891210912723960462e-08
2.8461 2.874358541361258976e-08
2.85441 2.857653085937641176e-08
2.86272 2.841092843896178422e-08
2.87103 2.824676137056868034e-08
2.87934 2.808401310979555992e-08
2.88765 2.792266736078181651e-08
2.89596 2.776270804952352305e-08
2.90427 2.760411933807369111e-08
2.91258 2.744688561830152404e-08
2.92089 2.729099148884588792e-08
2.9292 2.713642177706783139e-08
2.93751 2.698316152527207933e-08
2.94582 2.683119598776171737e-08
2.95413 2.668051061895941837e-08
2.96244 2.653109107287045988e-08
2.97075 2.638292322232955608e-08
2.97906 2.623599312388570402e-08
2.98737 2.609028702299266256e-08
2.99568 2.594579136704688715e-08
3.00399 2.580249278053284025e-08
3.0123 2.566037808413516148e-08
3.0206 2.551943426956569878e-08
3.02891 2.537964850869150937e-08
3.03722 2.524100814598479181e-08
3.04553 2.510350070873091683e-08
3.05384 2.496711388647866689e-08
3.06215 2.483183552526476848e-08
3.07046 2.469765365460684690e-08
3.07877 2.456455645888479030e-08
3.08708 2.443253227174916417e-08
3.09539 2.430156959458868364e-08
3.1037 2.417165707494031969e-08
3.11201 2.404278351668328113e-08
3.12032 2.391493787067935016e-08
3.12863 2.378810923553371644e-08
3.13694 2.366228684910986434e-08
3.14525 2.353746009734792365e-08
3.15356 2.341361850337451597e-08
3.16187 2.329075172536824486e-08
3.17018 2.316884956646288412e-08
3.17849 2.304790194372953089e-08
3.1868 2.292789892281187222e-08
3.19511 2.280883069771269664e-08
3.20342 2.269068757705435806e-08
3.21173 2.257346000990235523e-08
3.22004 2.245713855377963060e-08
3.22835 2.234171389339219897e-08
3.23666 2.222717683918834448e-08
3.24497 2.211351830875890863e-08
3.25328 2.200072934695119608e-08
3.26159 2.188880110113857387e-08
3.2699 2.177772483612833399e-08
3.27821 2.166749192615468437e-08
3.28652 2.155809385602352709e-08
3.29483 2.144952222053536426e-08
3.30314 2.134176871285235270e-08
3.31145 2.123482513243907892e-08
3.31976 2.112868338235177916e-08
3.32807 2.102333547094369127e-08
3.33638 2.091877350104208793e-08
3.34469 2.081498966966855067e-08
3.353 2.071197628115770031e-08
3.36131 2.060972572891800674e-08
3.36962 2.050823048886357122e-08
3.37793 2.040748314261485839e-08
3.38624 2.030747636950412138e-08
3.39455 2.020820292833128822e-08
3.40286 2.010965565734025484e-08
3.41117 2.001182750009018624e-08
3.41948 1.991471147796251121e-08
3.42779 1.981830069013230844e-08
3.4361 1.972258832016571053e-08
3.44441 1.962756764952798836e-08
3.45272 1.953323202415613370e-08
3.46103 1.943957487533132596e-08
3.46934 1.934658971188848894e-08
3.47765 1.925427012210675918e-08
3.48596 1.916260976809008078e-08
3.49427 1.907160239263998113e-08
3.50258 1.898124180724428635e-08
3.51089 1.889152188773030043e-08
3.5192 1.880243660313505299e-08
3.52751 1.871397997978848852e-08
3.53581 1.862614611558543212e-08
3.54412 1.853892918520662785e-08
3.55243 1.845232341269291039e-08
3.56074 1.836632309898648131e-08
3.56905 1.828092263733565906e-08
3.57736 1.819611645099087421e-08
3.58567 1.811189902640867202e-08
3.59398 1.802826494086269027e-08
3.60229 1.794520882097855428e-08
3.6106 1.786272534587389755e-08
3.61891 1.778080926907993506e-08
3.62722 1.769945539906600864e-08
3.63553 1.761865860218300657e-08
3.64384 1.753841380460947472e-08
3.65215 1.745871599152348966e-08
3.66046 1.737956020538773128e-08
3.66877 1.730094154337621321e-08
3.67708 1.722285515798339546e-08
3.68539 1.714529625272539962e-08
3.6937 1.706826009341622754e-08
3.70201 1.699174199449578274e-08
3.71032 1.691573731841700234e-08
3.71863 1.684024148637872401e-08
3.72694 1.676524996619225671e-08
3.73525 1.669075828120616970e-08
3.74356 1.661676200220746653e-08
3.75187 1.654325674424126743e-08
3.76018 1.647023818227125075e-08
3.76849 1.639770202481243718e-08
3.7768 1.632564403517014379e-08
3.78511 1.625406002854791912e-08
3.79342 1.618294585330139710e-08
3.80173 1.611229740688406949e-08
3.81004 1.604211064597180778e-08
3.81835 1.597238155992398761e-08
3.82666 1.590310617539695955e-08
3.83497 1.583428057190223447e-08
3.84328 1.576590086634120051e-08
3.85159 1.569796322638328383e-08
3.8599 1.563046384788066546e-08
3.86821 1.556339897315321788e-08
3.87652 1.549676490558986744e-08
3.88483 1.543055795035820052e-08
3.89314 1.536477447357961452e-08
3.90145 1.529941088631513106e-08
3.90976 1.523446362737316159e-08
3.91807 1.516992917561308115e-08
3.92638 1.510580404550640516e-08
3.93469 1.504208479370980813e-08
3.943 1.497876801848661996e-08
3.95131 1.491585034060040306e-08
3.95962 1.485332842544775446e-08
3.96793 1.479119897476182828e-08
3.97624 1.472945871317883645e-08
3.98455 1.466810441918889077e-08
3.99286 1.460713289707042477e-08
4.00117 1.454654098039925767e-08
4.00948 1.448632552946622087e-08
4.01779 1.442648346461211478e-08
4.0261 1.436701172136446152e-08
4.03441 1.430790725557249991e-08
4.04271 1.424916707423806473e-08
4.05102 1.419078821708801932e-08
4.05933 1.413276773859243437e-08
4.06764 1.407510273196197096e-08
4.07595 1.401779033368467507e-08
4.08426 1.396082768891054348e-08
4.09257 1.390421199111037735e-08
4.10088 1.384794045766917133e-08
4.10919 1.379201032749009398e-08
4.1175 1.373641887501290615e-08
4.12581 1.368116340547246086e-08
4.13412 1.362624125591167193e-08
4.14243 1.357164978211161366e-08
4.15074 1.351738636962913270e-08
4.15905 1.346344844596211225e-08
4.16736 1.340983344381515367e-08
4.17567 1.335653883647141426e-08
4.18398 1.330356213236799982e-08
4.19229 1.325090084646721053e-08
4.2006 1.319855253859384283e-08
4.20891 1.314651478415383109e-08
4.21722 1.309478518554371365e-08
4.22553 1.304336138396463312e-08
4.23384 1.299224102520986825e-08
4.24215 1.294142180197186822e-08
4.25046 1.289090142106739462e-08
4.25877 1.284067761597045262e-08
4.26708 1.279074814712991999e-08
4.27539 1.274111079304069491e-08
4.2837 1.269176337569168415e-08
4.29201 1.264270372977874786e-08
4.30032 1.259392970718666683e-08
4.30863 1.254543919370799794e-08
4.31694 1.249723010143232600e-08
4.32525 1.244930036517465824e-08
4.33356 1.240164794026722442e-08
4.34187 1.235427082150850872e-08
4.35018 1.230716700177682457e-08
4.35849 1.226033451093536676e-08
4.3668 1.221377142096592756e-08
4.37511 1.216747579743296424e-08
4.38342 1.212144575057918570e-08
4.39173 1.207567941086092986e-08
4.40004 1.203017492745583715e-08
4.40835 1.198493047735094495e-08
4.41666 1.193994426927832195e-08
4.42497 1.189521451984503949e-08
4.43328 1.185073948357610830e-08
4.44159 1.180651743582634158e-08
4.4499 1.176254667068651931e-08
4.45821 1.171882551713570437e-08
4.46652 1.167535231916807283e-08
4.47483 1.163212545249172839e-08
4.48314 1.158914332285523667e-08
4.49145 1.154640433870379853e-08
4.49976 1.150390695471456315e-08
4.50807 1.146164964435160412e-08
4.51638 1.141963090967547421e-08
4.52469 1.137784927149708422e-08
4.533 1.133630328674091232e-08
4.54131 1.129499153034230356e-08
4.54962 1.125391259967575148e-08
4.55792 1.121306513339614350e-08
4.56623 1.117244778302025961e-08
4.57454 1.113205923468076383e-08
4.58285 1.109189820801360332e-08
4.59116 1.105196342417344041e-08
4.59947 1.101225367429247999e-08
4.60778 1.097276774730676905e-08
4.61609 1.093350445554072924e-08
4.6244 1.089446266876285765e-08
4.63271 1.085564126828300965e-08
4.64102 1.081703917201213000e-08
4.64933 1.077865532216504342e-08
4.65764 1.074048869768120181e-08
4.66595 1.070253830532989031e-08
4.67426 1.066480318645551967e-08
4.68257 1.062728241697709343e-08
4.69088 1.058997511067262295e-08
4.69919 1.055288039399413293e-08
4.7075 1.051599745541792847e-08
4.71581 1.047932549831612523e-08
4.72412 1.044286376830232564e-08
4.73243 1.040661156061629363e-08
4.74074 1.037056818388848244e-08
4.74905 1.033473300165415491e-08
4.75736 1.029910540959197046e-08
4.76567 1.026368484827667483e-08
4.77398 1.022847079767288305e-08
4.78229 1.019346277015773653e-08
4.7906 1.015866033048285238e-08
4.79891 1.012406308913751925e-08
4.80722 1.008967068384291000e-08
4.81553 1.005548281758722608e-08
4.82384 1.002149923057589375e-08
4.83215 9.987719704774138901e-09
4.84046 9.954144081219730024e-09
4.84877 9.920772242610980206e-09
4.85708 9.887604125382923960e-09
4.86539 9.854639719306574693e-09
4.8737 9.821879065568636495e-09
4.88201 9.789322262475078247e-09
4.89032 9.756969460445084524e-09
4.89863 9.724820860619610425e-09
4.90694 9.692876739035796182e-09
4.91525 9.661137418397110999e-09
4.92356 9.629603300599831817e-09
4.93187 9.598274821753277707e-09
4.94018 9.567152498522385314e-09
4.94849 9.536236923304388927e-09
4.9568 9.505528751642767842e-09
4.96511 9.475028693311551264e-09
4.97342 9.444737536237212883e-09
4.98173 9.414656162649077853e-09
4.99004 9.384785503880921771e-09
4.99835 9.355126584395321172e-09
5.00666 9.325680495653123853e-09
5.01497 9.296448422278377676e-09
5.02328 9.267431624210239610e-09
5.03159 9.238631445874526052e-09
5.0399 9.210049334662841690e-09
5.04821 9.181686807935777418e-09
5.05652 9.153545479622221466e-09
5.06482 9.125627077828178439e-09
5.07313 9.097933409614487435e-09
5.08144 9.070466370822693746e-09
5.08975 9.043227994338293011e-09
5.09806 9.016220397184401517e-09
5.10637 8.989445799394624681e-09
5.11468 8.962906540667746422e-09
5.12299 8.936605076473521654e-09
5.1313 8.910543970560815455e-09
5.13961 8.884725909057682428e-09
5.14792 8.859153714290078922e-09
5.15623 8.833830319317129384e-09
5.16454 8.808758786801777998e-09
5.17285 8.783942316693564457e-09
5.18116 8.759384254202870065e-09
5.18947 8.735088065371575980e-09
5.19778 8.711057371125878814e-09
5.20609 8.687295949523566640e-09
5.2144 8.663807702466123790e-09
5.22271 8.640596708358335737e-09
5.23102 8.617667205888971354e-09
5.23933 8.595023583378094556e-09
5.24764 8.572670400719581841e-09
5.25595 8.550612396491212799e-09
5.26426 8.528854466633004566e-09
5.27257 8.507401715087807803e-09
5.28088 8.486259418722452959e-09
5.28919 8.465433028671634222e-09
5.2975 8.444928206449489972e-09
5.30581 8.424750814392870833e-09
5.31412 8.404906912246594182e-09
5.32243 8.385402772528075864e-09
5.33074 8.366244880737819542e-09
5.33905 8.347439936396600262e-09
5.34736 8.328994884412078842e-09
5.35567 8.310916888249226822e-09
5.36398 8.293213329566668090e-09
5.37229 8.275891874277402133e-09
5.3806 8.258960407413126794e-09
5.38891 8.242427068001345957e-09
5.39722 8.226300278315409069e-09
5.40553 8.210588707773861052e-09
5.41384 8.195301307016122816e-09
5.42215 8.180447308931030798e-09
5.43046 8.166036232918069466e-09
5.43877 8.152077895573481081e-09
5.44708 8.138582412219509234e-09
5.45539 8.125560208919930127e-09
5.4637 8.113022025368696314e-09
5.47201 8.100978928980902183e-09
5.48032 8.089442321478751330e-09
5.48863 8.078423934927769926e-09
5.49694 8.067935856556081414e-09
5.50525 8.057990537982426799e-09
5.51356 8.048600773311841352e-09
5.52187 8.039779747208208818e-09
5.53018 8.031541016623155249e-09
5.53849 8.023898532139323817e-09
5.5468 8.016866658905204391e-09
5.55511 8.010460147930723854e-09
5.56342 8.004694176439788176e-09
5.57173 7.999584350961659851e-09
5.58003 7.995146720408244974e-09
5.58834 7.991397779622461499e-09
5.59665 7.988354472834150201e-09
5.60496 7.986034220056197160e-09
5.61327 7.984454931501087458e-09
5.62158 7.983634981262772601e-09
5.62989 7.983593268937836010e-09
5.6382 7.984349201983740608e-09
5.64651 7.985922691970269622e-09
5.65482 7.988334202905489226e-09
5.66313 7.991604752054180892e-09
5.67144 7.995755900208940074e-09
5.67975 8.000809789943931110e-09
5.68806 8.006789142910264701e-09
5.69637 8.013717282412374022e-09
5.70468 8.021618142213502896e-09
5.71299 8.030516272193573203e-09
5.7213 8.040436866710666988e-09
5.72961 8.051405766717171187e-09
5.73792 8.063449477181898704e-09
5.74623 8.076595189282439309e-09
5.75454 8.090870778137439028e-09
5.76285 8.106304823047852001e-09
5.77116 8.122926649793937685e-09
5.77947 8.140766302843385237e-09
5.78778 8.159854582069012220e-09
5.79609 8.180223060843242898e-09
5.8044 8.201904097332832672e-09
5.81271 8.224930857687233773e-09
5.82102 8.249337324546687185e-09
5.82933 8.275158311743235485e-09
5.83764 8.302429484362972827e-09
5.84595 8.331187392530198884e-09
5.85426 8.361469465860967705e-09
5.86257 8.393314032517671230e-09
5.87088 8.426760369375286896e-09
5.87919 8.461848675925915461e-09
5.8875 8.498620123017505119e-09
5.89581 8.537116863247169104e-09
5.90412 8.577382052883258628e-09
5.91243 8.619459882328873056e-09
5.92074 8.663395550973636987e-09
5.92905 8.709235352864366166e-09
5.93736 8.757026670570770500e-09
5.94567 8.806817964314117062e-09
5.95398 8.858658843534947967e-09
5.96229 8.912600067322423508e-09
5.9706 8.968693554241466062e-09
5.97891 9.026992428361938305e-09
5.98722 9.087551030814548274e-09
5.99553 9.150424947187780979e-09
6.00384 9.215671021687561233e-09
6.01215 9.283347388339024180e-09
6.02046 9.353513507588453376e-09
6.02877 9.426230178338489042e-09
6.03708 9.501559547062379596e-09
6.04539 9.579565171465262390e-09
6.0537 9.660312015236329731e-09
6.06201 9.743866492686803457e-09
6.07032 9.830296481814198880e-09
6.07863 9.919671366443494392e-09
6.08693 1.001206206392685915e-08
6.09524 1.010754102114658567e-08
6.10355 1.020618229336511887e-08
6.11186 1.030806154293655849e-08
6.12017 1.041325605662296391e-08
6.12848 1.052184481519616813e-08
6.13679 1.063390850418353716e-08
6.1451 1.074952952243057483e-08
6.15341 1.086879204138757940e-08
6.16172 1.099178203539374328e-08
6.17003 1.111858731390977915e-08
6.17834 1.124929752154177092e-08
6.18665 1.138400421862126752e-08
6.19496 1.152280090068878113e-08
6.20327 1.166578300941334881e-08
6.21158 1.181304798198780968e-08
6.21989 1.196469530710935805e-08
6.2282 1.212082652213554420e-08
6.23651 1.228154528272688331e-08
6.24482 1.244695737870193412e-08
6.25313 1.261717076309700914e-08
6.26144 1.279229564093644185e-08
6.26975 1.297244444358809842e-08
6.27806 1.315773189764147316e-08
6.28637 1.334827506389355616e-08
6.29468 1.354419337742350062e-08
6.30299 1.374560868266247681e-08
6.3113 1.395264528110682459e-08
6.31961 1.416542995520611797e-08
6.32792 1.438409202547693076e-08
6.33623 1.460876341980627663e-08
6.34454 1.483957865645624863e-08
6.35285 1.507667491504651514e-08
6.36116 1.532019209914002091e-08
6.36947 1.557027286798988949e-08
6.37778 1.582706267417380845e-08
6.38609 1.609070981528563442e-08
6.3944 1.636136548467993919e-08
6.40271 1.663918380186855137e-08
6.41102 1.692432188454762253e-08
6.41933 1.721693989068111254e-08
6.42764 1.751720104810619582e-08
6.43595 1.782527172486830968e-08
6.44426 1.814132146869696275e-08
6.45257 1.846552307062376901e-08
6.46088 1.879805259452850882e-08
6.46919 1.913908944986733321e-08
6.4775 1.948881643955328978e-08
6.48581 1.984741980922973136e-08
6.49412 2.021508929333347322e-08
6.50243 2.059201818481095808e-08
6.51074 2.097840339164869903e-08
6.51905 2.137444548215111469e-08
6.52736 2.178034873274764118e-08
6.53567 2.219632121272304584e-08
6.54398 2.262257483087082740e-08
6.55229 2.305932538293921066e-08
6.5606 2.350679260265446896e-08
6.56891 2.396520027102932834e-08
6.57722 2.443477623016466790e-08
6.58553 2.491575245392802355e-08
6.59384 2.540836512569077120e-08
6.60214 2.591285468094385658e-08
6.61045 2.642946588273848356e-08
6.61876 2.695844789689094349e-08
6.62707 2.750005433564895043e-08
6.63538 2.805454332843173994e-08
6.64369 2.862217761097112163e-08
6.652 2.920322454968033915e-08
6.66031 2.979795625623882117e-08
6.66862 3.040664963462661064e-08
6.67693 3.102958643643305867e-08
6.68524 3.166705336476566816e-08
6.69355 3.231934211448330845e-08
6.70186 3.298674946207746879e-08
6.71017 3.366957733845567531e-08
6.71848 3.436813289560309642e-08
6.72679 3.508272857948262538e-08
6.7351 3.581368221916320083e-08
6.74341 3.656131708362832795e-08
6.75172 3.732596196977451004e-08
6.76003 3.810795128042142787e-08
6.76834 3.890762511250598949e-08
6.77665 3.972532930853939652e-08
6.78496 4.056141555839383610e-08
6.79327 4.141624148470481602e-08
6.80158 4.229017070538563068e-08
6.80989 4.318357293292661508e-08
6.8182 4.409682404811118475e-08
6.82651 4.503030619205109397e-08
6.83482 4.598440783802028250e-08
6.84313 4.695952391501318624e-08
6.85144 4.795605583058122856e-08
6.85975 4.897441162426182065e-08
6.86806 5.001500601828291181e-08
6.87637 5.107826051059727669e-08
6.88468 5.216460348663086400e-08
6.89299 5.327447028901987269e-08
6.9013 5.440830331186632175e-08
6.90961 5.556655210495113426e-08
6.91792 5.674967347815657747e-08
6.92623 5.795813155631662246e-08
6.93454 5.919239791271082558e-08
6.94285 6.045295166480360216e-08
6.95116 6.174027954682852458e-08
6.95947 6.305487602682199112e-08
6.96778 6.439724341072906759e-08
6.97609 6.576789192982562552e-08
6.9844 6.716733984930255290e-08
6.99271 6.859611358779085131e-08
7.00102 7.005474778022707131e-08
7.00933 7.154378541704208090e-08
7.01764 7.306377794527748974e-08
7.02595 7.461528536596255517e-08
7.03426 7.619887634535507221e-08
7.04257 7.781512832862703869e-08
7.05088 7.946462763460311993e-08
7.05919 8.114796959380716677e-08
7.0675 8.286575863156366517e-08
7.07581 8.461860840302611698e-08
7.08412 8.640714188363911326e-08
7.09243 8.823199150110029694e-08
7.10074 9.009379926652194572e-08
7.10904 9.199321684657810179e-08
7.11735 9.393090572089994294e-08
7.12566 9.590753728937653991e-08
7.13397 9.792379297992700075e-08
7.14228 9.998036438178696815e-08
7.15059 1.020779533878522018e-07
7.1589 1.042172722612169076e-07
7.16721 1.063990438153997433e-07
7.17552 1.086240015195130179e-07
7.18383 1.108928896066906375e-07
7.19214 1.132064632248802331e-07
7.20045 1.155654885823274746e-07
7.20876 1.179707430293518742e-07
7.21707 1.204230152112503022e-07
7.22538 1.229231052043283073e-07
7.23369 1.254718246620543952e-07
7.242 1.280699969238031101e-07
7.25031 1.307184571546802696e-07
7.25862 1.334180524944130658e-07
7.26693 1.361696421790719826e-07
7.27524 1.389740976948313890e-07
7.28355 1.418323029200615929e-07
7.29186 1.447451542364251791e-07
7.30017 1.477135606995229937e-07
7.30848 1.507384441733145402e-07
7.31679 1.538207394748318117e-07
7.3251 1.569613945177776864e-07
7.33341 1.601613704532254324e-07
7.34172 1.634216418423585038e-07
7.35003 1.667431967651987078e-07
7.35834 1.701270369995080067e-07
7.36665 1.735741781745325683e-07
7.37496 1.770856498871177481e-07
7.38327 1.806624959064254705e-07
7.39158 1.843057742989950701e-07
7.39989 1.880165575617134358e-07
7.4082 1.917959328443020838e-07
7.41651 1.956450020441847953e-07
7.42482 1.995648819822161423e-07
7.43313 2.035567045955805090e-07
7.44144 2.076216170569920741e-07
7.44975 2.117607819564870865e-07
7.45806 2.159753774719801430e-07
7.46637 2.202665975153393617e-07
7.47468 2.246356519130602030e-07
7.48299 2.290837665701675891e-07
7.4913 2.336121836476811654e-07
7.49961 2.382221617221209214e-07
7.50792 2.429149759478616751e-07
7.51623 2.476919182444810642e-07
7.52454 2.525542974771853728e-07
7.53285 2.575034396061859089e-07
7.54116 2.625406878987925079e-07
7.54947 2.676674030644573180e-07
7.55778 2.728849634579210953e-07
7.56609 2.781947652790542684e-07
7.5744 2.835982226996463366e-07
7.58271 2.890967680914938421e-07
7.59102 2.946918522027140907e-07
7.59933 3.003849443235778436e-07
7.60764 3.061775324920151812e-07
7.61595 3.120711236691592165e-07
7.62425 3.180672439293525258e-07
7.63256 3.241674386536233971e-07
7.64087 3.303732727364845833e-07
7.64918 3.366863307423626051e-07
7.65749 3.431082171218206993e-07
7.6658 3.496405564053981259e-07
7.67411 3.562849934056987830e-07
7.68242 3.630431933973564326e-07
7.69073 3.699168423233156513e-07
7.69904 3.769076470017963377e-07
7.70735 3.840173353266125042e-07
7.71566 3.912476564585065379e-07
7.72397 3.986003810375367827e-07
7.73228 4.060773013871515465e-07
7.74059 4.136802317205263267e-07
7.7489 4.214110083539442743e-07
7.75721 4.292714898990446149e-07
7.76552 4.372635574870404224e-07
7.77383 4.453891149861046485e-07
7.78214 4.536500891865280314e-07
7.79045 4.620484300550576782e-07
7.79876 4.705861109122404598e-07
7.80707 4.792651286700256515e-07
7.81538 4.880875040544911352e-07
7.82369 4.970552817973511428e-07
7.832 5.061705308989279584e-07
7.84031 5.154353448139940697e-07
7.84862 5.248518416775070843e-07
7.85693 5.344221645516627700e-07
7.86524 5.441484816401414517e-07
7.87355 5.540329865151509571e-07
7.88186 5.640778983376513715e-07
7.89017 5.742854620941019115e-07
7.89848 5.846579488378735730e-07
7.90679 5.951976558997601125e-07
7.9151 6.059069071396313240e-07
7.92341 6.167880531940545443e-07
7.93172 6.278434716585944610e-07
7.94003 6.390755673801790277e-07
7.94834 6.504867726815467838e-07
7.95665 6.620795475850365589e-07
7.96496 6.738563800744984248e-07
7.97327 6.858197863272309041e-07
7.98158 6.979723109640694592e-07
7.98989 7.103165272810864262e-07
7.9982 7.228550375212139405e-07
8.00651 7.355904730964117846e-07
8.01482 7.485254948549492703e-07
8.02313 7.616627933324343583e-07
8.03144 7.750050889763539394e-07
8.03975 7.885551324444850241e-07
8.04806 8.023157048204601812e-07
8.05637 8.162896179044787742e-07
8.06468 8.304797144304845147e-07
8.07299 8.448888683492535088e-07
8.0813 8.595199850974108618e-07
8.08961 8.743760018400315029e-07
8.09792 8.894598877453020525e-07
8.10623 9.047746442327858622e-07
8.11454 9.203233052542566819e-07
8.12285 9.361089375569183838e-07
8.13115 9.521346409438349827e-07
8.13946 9.684035485643679632e-07
8.14777 9.849188271586125187e-07
8.15608 1.001683677333337380e-06
8.16439 1.018701333849437199e-06
8.1727 1.035975065893989259e-06
8.18101 1.053508177347945961e-06
8.18932 1.071304007063884543e-06
8.19763 1.089365929141467071e-06
8.20594 1.107697353225700220e-06
8.21425 1.126301724770465008e-06
8.22256 1.145182525317030763e-06
8.23087 1.164343272797288469e-06
8.23918 1.183787521808769235e-06
8.24749 1.203518863891615810e-06
8.2558 1.223540927823733120e-06
8.26411 1.243857379916213454e-06
8.27242 1.264471924301954048e-06
8.28073 1.285388303213335871e-06
8.28904 1.306610297282807033e-06
8.29735 1.328141725852014868e-06
8.30566 1.349986447244617248e-06
8.31397 1.372148359075826963e-06
8.32228 1.394631398545252185e-06
8.33059 1.417439542734783769e-06
8.3389 1.440576808916315333e-06
8.34721 1.464047254850447101e-06
8.35552 1.487854979088032380e-06
8.36383 1.512004121271763434e-06
8.37214 1.536498862446717476e-06
8.38045 1.561343425371500882e-06
8.38876 1.586542074812132143e-06
8.39707 1.612099117860630012e-06
8.40538 1.638018904256784385e-06
8.41369 1.664305826678303407e-06
8.422 1.690964321071163738e-06
8.43031 1.717998866958515633e-06
8.43862 1.745413987741290698e-06
8.44693 1.773214251037944266e-06
8.45524 1.801404269009472526e-06
8.46355 1.829988698651043637e-06
8.47186 1.858972242120575149e-06
8.48017 1.888359647079607379e-06
8.48848 1.918155706997397978e-06
8.49679 1.948365261482896802e-06
8.5051 1.978993196602841727e-06
8.51341 2.010044445226754104e-06
8.52172 2.041523987340013573e-06
8.53003 2.073436850371824989e-06
8.53834 2.105788109547787412e-06
8.54665 2.138582888184849612e-06
8.55496 2.171826358055280556e-06
8.56327 2.205523739714137425e-06
8.57158 2.239680302841247115e-06
8.57989 2.274301366550330496e-06
8.5882 2.309392299745471139e-06
8.59651 2.344958521487731084e-06
8.60482 2.381005501293596968e-06
8.61313 2.417538759480566504e-06
8.62144 2.454563867536561573e-06
8.62975 2.492086448453852749e-06
8.63806 2.530112177058351410e-06
8.64636 2.568646780367895348e-06
8.65467 2.607696037959763247e-06
8.66298 2.647265782278545738e-06
8.67129 2.687361899016003686e-06
8.6796 2.727990327455019038e-06
8.68791 2.769157060823473339e-06
8.69622 2.810868146643248170e-06
8.70453 2.853129687084563596e-06
8.71284 2.895947839329410356e-06
8.72115 2.939328815934399300e-06
8.72946 2.983278885162033851e-06
8.73777 3.027804371351546540e-06
8.74608 3.072911655327520404e-06
8.75439 3.118607174674563556e-06
8.7627 3.164897424153096067e-06
8.77101 3.211788956078139703e-06
8.77932 3.259288380642218327e-06
8.78763 3.307402366304883781e-06
8.79594 3.356137640173153542e-06
8.80425 3.405500988318217604e-06
8.81256 3.455499256216191654e-06
8.82087 3.506139349065767128e-06
8.82918 3.557428232173094940e-06
8.83749 3.609372931355445807e-06
8.8458 3.661980533256129476e-06
8.85411 3.715258185774255523e-06
8.86242 3.769213098404522741e-06
8.87073 3.823852542642698043e-06
8.87904 3.879183852354934263e-06
8.88735 3.935214424132162391e-06
8.89566 3.991951717711420580e-06
8.90397 4.049403256334241413e-06
8.91228 4.107576627124895311e-06
8.92059 4.166479481486987452e-06
8.9289 4.226119535491564031e-06
8.93721 4.286504570245329345e-06
8.94552 4.347642432285014166e-06
8.95383 4.409541033989773212e-06
8.96214 4.472208353923625322e-06
8.97045 4.535652437247927165e-06
8.97876 4.599881396147319843e-06
8.98707 4.664903410163242192e-06
8.99538 4.730726726601302805e-06
9.00369 4.797359660977070083e-06
9.012 4.864810597341144848e-06
9.02031 4.933087988710384812e-06
9.02862 5.002200357467733780e-06
9.03693 5.072156295738230584e-06
9.04524 5.142964465821543066e-06
9.05355 5.214633600569785437e-06
9.06186 5.287172503781679970e-06
9.07017 5.360590050613514523e-06
9.07848 5.434895188000752334e-06
9.08679 5.510096935034103644e-06
9.0951 5.586204383366988351e-06
9.10341 5.663226697651653798e-06
9.11172 5.741173115904818562e-06
9.12003 5.820052949941132250e-06
9.12834 5.899875585773466329e-06
9.13665 5.980650484025489475e-06
9.14496 6.062387180347708983e-06
9.15326 6.145095285809880796e-06
9.16157 6.228784487331536880e-06
9.16988 6.313464548097936837e-06
9.17819 6.399145307953053084e-06
9.1865 6.485836683833844637e-06
9.19481 6.573548670182541936e-06
9.20312 6.662291339346315948e-06
9.21143 6.752074842015651599e-06
9.21974 6.842909407661174524e-06
9.22805 6.934805344894753919e-06
9.23636 7.027773041934493980e-06
9.24467 7.121822967022710785e-06
9.25298 7.216965668833545721e-06
9.26129 7.313211776907993983e-06
9.2696 7.410572002055936058e-06
9.27791 7.509057136811858390e-06
9.28622 7.608678055858008173e-06
9.29453 7.709445716402524101e-06
9.30284 7.811371158660206343e-06
9.31115 7.914465506274485487e-06
9.31946 8.018739966718389301e-06
9.32777 8.124205831727534120e-06
9.33608 8.230874477769115126e-06
9.34439 8.338757366430396320e-06
9.3527 8.447866044852913160e-06
9.36101 8.558212146196350156e-06
9.36932 8.669807390059228254e-06
9.37763 8.782663582881525003e-06
9.38594 8.896792618411142382e-06
9.39425 9.012206478145815743e-06
9.40256 9.128917231744358468e-06
9.41087 9.246937037478293169e-06
9.41918 9.366278142677745069e-06
9.42749 9.486952884142330915e-06
9.4358 9.608973688594409692e-06
9.44411 9.732353073143295644e-06
9.45242 9.857103645687441374e-06
9.46073 9.983238105367946063e-06
9.46904 1.011076924303188079e-05
9.47735 1.023970994165155801e-05
9.48566 1.037007317675447864e-05
9.49397 1.050187201691885828e-05
9.50228 1.063511962417154627e-05
9.51059 1.076982925443781886e-05
9.5189 1.090601425800981214e-05
9.52721 1.104368807998032490e-05
9.53552 1.118286426069752619e-05
9.54383 1.132355643618516674e-05
9.55214 1.146577833862396975e-05
9.56045 1.160954379680310966e-05
9.56876 1.175486673653427231e-05
9.57707 1.190176118112652028e-05
9.58538 1.205024125184670608e-05
9.59369 1.220032116834721196e-05
9.602 1.235201524913517906e-05
9.61031 1.250533791201378274e-05
9.61862 1.266030367454800419e-05
9.62693 1.281692715450043732e-05
9.63524 1.297522307031130740e-05
9.64355 1.313520624153601613e-05
9.65186 1.329689158929456375e-05
9.66017 1.346029413674148292e-05
9.66847 1.362542900951733607e-05
9.67678 1.379231143621443279e-05
9.68509 1.396095674881641445e-05
9.6934 1.413138038317166607e-05
9.70171 1.430359787943549794e-05
9.71002 1.447762488256222441e-05
9.71833 1.465347714272511257e-05
9.72664 1.483117051580212354e-05
9.73495 1.501072096382381666e-05
9.74326 1.519214455544181634e-05
9.75157 1.537545746639627428e-05
9.75988 1.556067597996609798e-05
9.76819 1.574781648743146461e-05
9.7765 1.593689548853233350e-05
9.78481 1.612792959196226804e-05
9.79312 1.632093551579601453e-05
9.80143 1.651593008796819434e-05
9.80974 1.671293024674917727e-05
9.81805 1.691195304118587063e-05
9.82636 1.711301563158301018e-05
9.83467 1.731613528997080702e-05
9.84298 1.752132940057039896e-05
9.85129 1.772861546024478039e-05
9.8596 1.793801107899338815e-05
9.86791 1.814953398039521166e-05
9.87622 1.836320200208259255e-05
9.88453 1.857903309622663902e-05
9.89284 1.879704532998227720e-05
9.90115 1.901725688596673670e-05
9.90946 1.923968606273576950e-05
9.91777 1.946435127523985507e-05
9.92608 1.969127105529933506e-05
9.93439 1.992046405209090500e-05
9.9427 2.015194903258584537e-05
9.95101 2.038574488205535814e-05
9.95932 2.062187060450430178e-05
9.96763 2.086034532317958048e-05
9.97594 2.110118828103133665e-05
9.98425 2.134441884116597461e-05
9.99256 2.159005648733387878e-05
10.0009 2.183812082440094677e-05
10.0092 2.208863157882844707e-05
10.0175 2.234160859914267514e-05
10.0258 2.259707185638303720e-05
10.0341 2.285504144460929422e-05
10.0424 2.311553758137254951e-05
10.0507 2.337858060816283789e-05
10.059 2.364419099091640691e-05
10.0673 2.391238932047083445e-05
10.0757 2.418319631302818972e-05
10.084 2.445663281066140312e-05
10.0923 2.473271978177427624e-05
10.1006 2.501147832157043664e-05
10.1089 2.529292965253681063e-05
10.1172 2.557709512490847839e-05
10.1255 2.586399621716970747e-05
10.1338 2.615365453650132517e-05
10.1421 2.644609181926815879e-05
10.1504 2.674132993150271864e-05
10.1588 2.703939086937696488e-05
10.1671 2.734029675967330860e-05
10.1754 2.764406986025959409e-05
10.1837 2.795073256058851284e-05
10.192 2.826030738214578217e-05
10.2003 2.857281697893216126e-05
10.2086 2.888828413796685294e-05
10.2169 2.920673177974358694e-05
10.2252 2.952818295869809391e-05
10.2335 2.985266086370152251e-05
10.2419 3.018018881854004978e-05
10.2502 3.051079028239991249e-05
10.2585 3.084448885030575353e-05
10.2668 3.118130825364077801e-05
10.2751 3.152127236061535564e-05
10.2834 3.186440517671925500e-05
10.2917 3.221073084524431369e-05
10.3 3.256027364771743479e-05
10.3083 3.291305800440306035e-05
10.3166 3.326910847478890755e-05
10.325 3.362844975803920582e-05
10.3333 3.399110669348848321e-05
10.3416 3.435710426112535768e-05
10.3499 3.472646758204638419e-05
10.3582 3.509922191895854170e-05
10.3665 3.547539267666170991e-05
10.3748 3.585500540248688352e-05
10.3831 3.623808578682505949e-05
10.3914 3.662465966357332536e-05
10.3997 3.701475301060953643e-05
10.4081 3.740839195029887538e-05
10.4164 3.780560274994756379e-05
10.4247 3.820641182228397682e-05
10.433 3.861084572595201619e-05
10.4413 3.901893116596507922e-05
10.4496 3.943069499419270290e-05
10.4579 3.984616420984865825e-05
10.4662 4.026536595996889367e-05
10.4745 4.068832753985851763e-05
10.4828 4.111507639360623232e-05
10.4911 4.154564011454738953e-05
10.4995 4.198004644573207470e-05
10.5078 4.241832328042166470e-05
10.5161 4.286049866253877170e-05
10.5244 4.330660078715795313e-05
10.5327 4.375665800101152586e-05
10.541 4.421069880290888135e-05
10.5493 4.466875184424602007e-05
10.5576 4.513084592948401666e-05
10.5659 4.559701001661692772e-05
10.5742 4.606727321765373320e-05
10.5826 4.654166479907584266e-05
10.5909 4.702021418233389024e-05
10.5992 4.750295094431456497e-05
10.6075 4.798990481781490185e-05
10.6158 4.848110569201778577e-05
10.6241 4.897658361296353206e-05
10.6324 4.947636878403720143e-05
10.6407 4.998049156642042775e-05
10.649 5.048898247959392535e-05
10.6573 5.100187220177476136e-05
10.6657 5.151919157042275942e-05
10.674 5.204097158271337446e-05
10.6823 5.256724339597844121e-05
10.6906 5.309803832819750077e-05
10.6989 5.363338785850004366e-05
10.7072 5.417332362758634293e-05
10.7155 5.471787743823367493e-05
10.7238 5.526708125575051871e-05
10.7321 5.582096720845386244e-05
10.7404 5.637956758816248156e-05
10.7488 5.694291485061844267e-05
10.7571 5.751104161601103070e-05
10.7654 5.808398066940878991e-05
10.7737 5.866176496124525324e-05
10.782 5.924442760779988763e-05
10.7903 5.983200189163090073e-05
10.7986 6.042452126208222064e-05
10.8069 6.102201933575147143e-05
10.8152 6.162452989691527853e-05
10.8235 6.223208689805304007e-05
10.8319 6.284472446027564749e-05
10.8402 6.346247687381655457e-05
10.8485 6.408537859846917854e-05
10.8568 6.471346426409686802e-05
10.8651 6.534676867106488992e-05
10.8734 6.598532679071190824e-05
10.8817 6.662917376583876955e-05
10.89 6.727834491111890061e-05
10.8983 6.793287571362871362e-05
10.9066 6.859280183329402646e-05
10.915 6.925815910333008615e-05
10.9233 6.992898353070700331e-05
10.9316 7.060531129663533915e-05
10.9399 7.128717875702575305e-05
10.9482 7.197462244292773847e-05
10.9565 7.266767906102091564e-05
10.9648 7.336638549406977305e-05
10.9731 7.407077880136420588e-05
10.9814 7.478089621919701223e-05
10.9897 7.549677516133707956e-05
10.998 7.621845321946756503e-05
11.0064 7.694596816364078604e-05
11.0147 7.767935794276260115e-05
11.023 7.841866068503284008e-05
11.0313 7.916391469841432956e-05
11.0396 7.991515847108213253e-05
11.0479 8.067243067187499634e-05
11.0562 8.143577015076019089e-05
11.0645 8.220521593931652072e-05
11.0728 8.298080725111050247e-05
11.0811 8.376258348225810362e-05
11.0895 8.455058421180865842e-05
11.0978 8.534484920219283319e-05
11.1061 8.614541839972466610e-05
11.1144 8.695233193502855307e-05
11.1227 8.776563012348309308e-05
11.131 8.858535346569178096e-05
11.1393 8.941154264792804530e-05
11.1476 9.024423854256989153e-05
11.1559 9.108348220858966313e-05
11.1642 9.192931489196984676e-05
11.1726 9.278177802614755447e-05
11.1809 9.364091323249349710e-05
11.1892 9.450676232075306486e-05
11.1975 9.537936728947229677e-05
11.2058 9.625877032648654419e-05
11.2141 9.714501380930609436e-05
11.2224 9.803814030561205743e-05
11.2307 9.893819257369712171e-05
11.239 9.984521356287630366e-05
11.2473 1.007592464140025945e-04
11.2557 1.016803344598314146e-04
11.264 1.026085212254792043e-04
11.2723 1.035438504289204757e-04
11.2806 1.044863659813847535e-04
11.2889 1.054361119878073719e-04
11.2972 1.063931327472521920e-04
11.3055 1.073574727533952101e-04
11.3138 1.083291766949148971e-04
11.3221 1.093082894559903361e-04
11.3304 1.102948561166897318e-04
11.3388 1.112889219533986303e-04
11.3471 1.122905324393209828e-04
11.3554 1.132997332448601615e-04
11.3637 1.143165702380786748e-04
11.372 1.153410894851211689e-04
11.3803 1.163733372506567414e-04
11.3886 1.174133599983030545e-04
11.3969 1.184612043910980437e-04
11.4052 1.195169172918857586e-04
11.4135 1.205805457637507756e-04
11.4219 1.216521370705015218e-04
11.4302 1.227317386770487016e-04
11.4385 1.238193982498205740e-04
11.4468 1.249151636572795609e-04
11.4551 1.260190829702613046e-04
11.4634 1.271312044624423650e-04
11.4717 1.282515766107728168e-04
11.48 1.293802480958887880e-04
11.4883 1.305172678025414519e-04
11.4966 1.316626848200051205e-04
11.5049 1.328165484425518545e-04
11.5133 1.339789081698295782e-04
11.5216 1.351498137073174990e-04
11.5299 1.363293149667062557e-04
11.5382 1.375174620663569696e-04
11.5465 1.387143053317160064e-04
11.5548 1.399198952957149379e-04
11.5631 1.411342826992337946e-04
11.5714 1.423575184914717005e-04
11.5797 1.435896538303934288e-04
11.588 1.448307400831383624e-04
11.5964 1.460808288264374519e-04
11.6047 1.473399718470373547e-04
11.613 1.486082211420965214e-04
11.6213 1.498856289196359801e-04
11.6296 1.511722475989231169e-04
11.6379 1.524681298108490320e-04
11.6462 1.537733283984682561e-04
11.6545 1.550878964172674698e-04
11.6628 1.564118871356360197e-04
11.6711 1.577453540353085718e-04
11.6795 1.590883508117130858e-04
11.6878 1.604409313744139284e-04
11.6961 1.618031498475299963e-04
11.7044 1.631750605701304496e-04
11.7127 1.645567180966080569e-04
11.721 1.659481771971183515e-04
11.7293 1.673494928580223653e-04
11.7376 1.687607202822122960e-04
11.7459 1.701819148895441038e-04
11.7542 1.716131323172814381e-04
11.7626 1.730544284204306557e-04
11.7709 1.745058592721883254e-04
11.7792 1.759674811643427623e-04
11.7875 1.774393506076310555e-04
11.7958 1.789215243321843772e-04
11.8041 1.804140592879001619e-04
11.8124 1.819170126448539952e-04
11.8207 1.834304417936699226e-04
11.829 1.849544043459442103e-04
11.8373 1.864889581346378534e-04
11.8457 1.880341612144434968e-04
11.854 1.895900718621948032e-04
11.8623 1.911567485772999167e-04
11.8706 1.927342500820554210e-04
11.8789 1.943226353220693951e-04
11.8872 1.959219634666908925e-04
11.8955 1.975322939093324104e-04
11.9038 1.991536862679082597e-04
11.9121 2.007862003852145505e-04
11.9204 2.024298963292542092e-04
11.9288 2.040848343937261430e-04
11.9371 2.057510750983664656e-04
11.9454 2.074286791892436988e-04
11.9537 2.091177076393039083e-04
11.962 2.108182216486386654e-04
11.9703 2.125302826448715915e-04
11.9786 2.142539522836213667e-04
11.9869 2.159892924487805599e-04
11.9952 2.177363652529420990e-04
12.0035 2.194952330378019986e-04
12.0118 2.212659583744867886e-04
12.0202 2.230486040639518229e-04
12.0285 2.248432331373545977e-04
12.0368 2.266499088564403477e-04
12.0451 2.284686947138994532e-04
12.0534 2.302996544337488629e-04
12.0617 2.321428519717161723e-04
12.07 2.339983515155816620e-04
12.0783 2.358662174855370611e-04
12.0866 2.377465145346384443e-04
12.0949 2.396393075490841414e-04
12.1033 2.415446616486126112e-04
12.1116 2.434626421868809644e-04
12.1199 2.453933147518422113e-04
12.1282 2.473367451660506817e-04
12.1365 2.492929994870638302e-04
12.1448 2.512621440078527694e-04
12.1531 2.532442452570969290e-04
12.1614 2.552393699995640685e-04
12.1697 2.572475852364653533e-04
12.178 2.592689582058287003e-04
12.1864 2.613035563828379156e-04
12.1947 2.633514474802716885e-04
12.203 2.654126994487111617e-04
12.2113 2.674873804770179562e-04
12.2196 2.695755589926386152e-04
12.2279 2.716773036619894418e-04
12.2362 2.737926833907646288e-04
12.2445 2.759217673243414800e-04
12.2528 2.780646248480717346e-04
12.2611 2.802213255877074967e-04
12.2695 2.823919394096599794e-04
12.2778 2.845765364214181158e-04
12.2861 2.867751869719562191e-04
12.2944 2.889879616518332408e-04
12.3027 2.912149312938362993e-04
12.311 2.934561669731601693e-04
12.3193 2.957117400077670746e-04
12.3276 2.979817219587688150e-04
12.3359 3.002661846307741445e-04
12.3442 3.025652000721766274e-04
12.3526 3.048788405754660207e-04
12.3609 3.072071786777363857e-04
12.3692 3.095502871608910565e-04
12.3775 3.119082390519622625e-04
12.3858 3.142811076234586156e-04
12.3941 3.166689663938431886e-04
12.4024 3.190718891276853042e-04
12.4107 3.214899498360565934e-04
12.419 3.239232227769065094e-04
12.4273 3.263717824553558750e-04
12.4357 3.288357036240561332e-04
12.444 3.313150612834427251e-04
12.4523 3.338099306821548933e-04
12.4606 3.363203873173453294e-04
12.4689 3.388465069349372934e-04
12.4772 3.413883655300901151e-04
12.4855 3.439460393473891468e-04
12.4938 3.465196048812051221e-04
12.5021 3.491091388760418591e-04
12.5104 3.517147183269171413e-04
12.5187 3.543364204795603129e-04
12.5271 3.569743228307625305e-04
12.5354 3.596285031288037220e-04
12.5437 3.622990393736431349e-04
12.552 3.649860098172857427e-04
12.5603 3.676894929641575413e-04
12.5686 3.704095675713515003e-04
12.5769 3.731463126488895605e-04
12.5852 3.758998074601864556e-04
12.5935 3.786701315222363033e-04
12.6018 3.814573646059630737e-04
12.6102 3.842615867366280325e-04
12.6185 3.870828781939655372e-04
12.6268 3.899213195125687424e-04
12.6351 3.927769914823004034e-04
12.6434 3.956499751484394067e-04
12.6517 3.985403518120165470e-04
12.66 4.014482030303122306e-04
12.6683 4.043736106168438981e-04
12.6766 4.073166566419425495e-04
12.6849 4.102774234329216625e-04
12.6933 4.132559935743837509e-04
12.7016 4.162524499085779343e-04
12.7099 4.192668755356722897e-04
12.7182 4.222993538140136808e-04
12.7265 4.253499683604552409e-04
12.7348 4.284188030506869463e-04
12.7431 4.315059420195366453e-04
12.7514 4.346114696611706892e-04
12.7597 4.377354706294268915e-04
12.768 4.408780298382173083e-04
12.7764 4.440392324617260518e-04
12.7847 4.472191639346072105e-04
12.793 4.504179099524468826e-04
12.8013 4.536355564720717399e-04
12.8096 4.568721897115835592e-04
12.8179 4.601278961508334527e-04
12.8262 4.634027625318116387e-04
12.8345 4.666968758587379724e-04
12.8428 4.700103233983852547e-04
12.8511 4.733431926804777855e-04
12.8595 4.766955714977461696e-04
12.8678 4.800675479064874158e-04
12.8761 4.834592102266840907e-04
12.8844 4.868706470423375481e-04
12.8927 4.903019472015825294e-04
12.901 4.937531998172691632e-04
12.9093 4.972244942670108869e-04
12.9176 5.007159201934773983e-04
12.9259 5.042275675048347875e-04
12.9342 5.077595263748376940e-04
12.9426 5.113118872430688069e-04
12.9509 5.148847408154467054e-04
12.9592 5.184781780643328694e-04
12.9675 5.220922902287891774e-04
12.9758 5.257271688149237673e-04
12.9841 5.293829055960959503e-04
12.9924 5.330595926132193543e-04
13.0007 5.367573221750375273e-04
13.009 5.404761868582857011e-04
13.0173 5.442162795081466982e-04
13.0256 5.479776932383828786e-04
13.034 5.517605214315779178e-04
13.0423 5.555648577394710656e-04
13.0506 5.593907960831933941e-04
13.0589 5.632384306535235608e-04
13.0672 5.671078559111214544e-04
13.0755 5.709991665868657069e-04
13.0838 5.749124576820125289e-04
13.0921 5.788478244685175012e-04
13.1004 5.828053624892173953e-04
13.1087 5.867851675581499046e-04
13.1171 5.907873357609128408e-04
13.1254 5.948119634546594715e-04
13.1337 5.988591472684798344e-04
13.142 6.029289841037123367e-04
13.1503 6.070215711340677884e-04
13.1586 6.111370058060430245e-04
13.1669 6.152753858390797416e-04
13.1752 6.194368092256279231e-04
13.1835 6.236213742316866395e-04
13.1918 6.278291793970012646e-04
13.2002 6.320603235350670535e-04
13.2085 6.363149057335390794e-04
13.2168 6.405930253546799008e-04
13.2251 6.448947820351804512e-04
13.2334 6.492202756866247279e-04
13.2417 6.535696064958332677e-04
13.25 6.579428749248212964e-04
13.2583 6.623401817113788856e-04
13.2666 6.667616278688781812e-04
13.2749 6.712073146869069031e-04
13.2833 6.756773437314148208e-04
13.2916 6.801718168446700599e-04
13.2999 6.846908361457936139e-04
13.3082 6.892345040309463692e-04
13.3165 6.938029231734261408e-04
13.3248 6.983961965240310975e-04
13.3331 7.030144273111616762e-04
13.3414 7.076577190411215568e-04
13.3497 7.123261754984121317e-04
13.358 7.170199007458905819e-04
13.3664 7.217389991247784428e-04
13.3747 7.264835752553216661e-04
13.383 7.312537340367874757e-04
13.3913 7.360495806474757520e-04
13.3996 7.408712205452167888e-04
13.4079 7.457187594677173710e-04
13.4162 7.505923034323404644e-04
13.4245 7.554919587365723985e-04
13.4328 7.604178319583444409e-04
13.4411 7.653700299560833213e-04
13.4495 7.703486598689817397e-04
13.4578 7.753538291170841267e-04
13.4661 7.803856454018013146e-04
13.4744 7.854442167058082970e-04
13.4827 7.905296512933879206e-04
13.491 7.956420577106923953e-04
13.4993 8.007815447858249343e-04
13.5076 8.059482216292839516e-04
13.5159 8.111421976336124313e-04
13.5242 8.163635824744270523e-04
13.5325 8.216124861100641960e-04
13.5409 8.268890187816203873e-04
13.5492 8.321932910137719514e-04
13.5575 8.375254136146606304e-04
13.5658 8.428854976757516613e-04
13.5741 8.482736545726224245e-04
13.5824 8.536899959649839114e-04
13.5907 8.591346337964620404e-04
13.599 8.646076802953990992e-04
13.6073 8.701092479746168470e-04
13.6156 8.756394496318569169e-04
13.624 8.811983983499603601e-04
13.6323 8.867862074967915349e-04
13.6406 8.924029907257729436e-04
13.6489 8.980488619758440327e-04
13.6572 9.037239354717618422e-04
13.6655 9.094283257243712974e-04
13.6738 9.151621475305840667e-04
13.6821 9.209255159735428185e-04
13.6904 9.267185464232241456e-04
13.6987 9.325413545361072335e-04
13.7071 9.383940562556197925e-04
13.7154 9.442767678123994588e-04
13.7237 9.501896057241791945e-04
13.732 9.561326867963341591e-04
13.7403 9.621061281216867697e-04
13.7486 9.681100470810425143e-04
13.7569 9.741445613431509200e-04
13.7652 9.802097888649212009e-04
13.7735 9.863058478915217881e-04
13.7818 9.924328569568888203e-04
13.7902 9.985909348834652848e-04
13.7985 1.004780200782508064e-03
13.8068 1.011000774054522915e-03
13.8151 1.017252774389036142e-03
13.8234 1.023536321765214753e-03
13.8317 1.029851536451540771e-03
13.84 1.036198539006342057e-03
13.8483 1.042577450277764771e-03
13.8566 1.048988391404060468e-03
13.8649 1.055431483813696475e-03
13.8733 1.061906849225633656e-03
13.8816 1.068414609649298878e-03
13.8899 1.074954887384773879e-03
13.8982 1.081527805023129200e-03
13.9065 1.088133485446413345e-03
13.9148 1.094772051827926865e-03
13.9231 1.101443627632284162e-03
13.9314 1.108148336615774740e-03
13.9397 1.114886302826019297e-03
13.948 1.121657650602879376e-03
13.9564 1.128462504577881645e-03
13.9647 1.135300989674957982e-03
13.973 1.142173231110168129e-03
13.9813 1.149079354391999369e-03
13.9896 1.156019485321777441e-03
13.9979 1.162993749993281208e-03
14.0062 1.170002274793283462e-03
14.0145 1.177045186401664981e-03
14.0228 1.184122611791661511e-03
14.0311 1.191234678229511615e-03
14.0394 1.198381513275124976e-03
14.0478 1.205563244782080446e-03
14.0561 1.212780000897593089e-03
14.0644 1.220031910063041096e-03
14.0727 1.227319101013656143e-03
14.081 1.234641702778962926e-03
14.0893 1.241999844682825345e-03
14.0976 1.249393656343436750e-03
14.1059 1.256823267673903887e-03
14.1142 1.264288808882027028e-03
14.1225 1.271790410470130615e-03
14.1309 1.279328203236139872e-03
14.1392 1.286902318272857863e-03
14.1475 1.294512886968153488e-03
14.1558 1.302160041005624583e-03
14.1641 1.309843912364741904e-03
14.1724 1.317564633320010168e-03
14.1807 1.325322336441937983e-03
14.189 1.333117154597375032e-03
14.1973 1.340949220948814283e-03
14.2056 1.348818668955283203e-03
14.214 1.356725632371770431e-03
14.2223 1.364670245249968239e-03
14.2306 1.372652641938299205e-03
14.2389 1.380672957081599409e-03
14.2472 1.388731325621533680e-03
14.2555 1.396827882796837809e-03
14.2638 1.404962764143479013e-03
14.2721 1.413136105494250221e-03
14.2804 1.421348042979322587e-03
14.2887 1.429598713026633636e-03
14.2971 1.437888252361355351e-03
14.3054 1.446216798006231576e-03
14.3137 1.454584487282001726e-03
14.322 1.462991457807118027e-03
14.3303 1.471437847498126500e-03
14.3386 1.479923794569692769e-03
14.3469 1.488449437534602494e-03
14.3552 1.497014915204061911e-03
14.3635 1.505620366687648393e-03
14.3718 1.514265931393407377e-03
14.3802 1.522951749028139245e-03
14.3885 1.531677959597506225e-03
14.3968 1.540444703405680245e-03
14.4051 1.549252121056175812e-03
14.4134 1.558100353451313987e-03
14.4217 1.566989541792581904e-03
14.43 1.575919827580910546e-03
14.4383 1.584891352616535744e-03
14.4466 1.593904258999102701e-03
14.4549 1.602958689127745567e-03
14.4633 1.612054785701379092e-03
14.4716 1.621192691718587606e-03
14.4799 1.630372550478045033e-03
14.4882 1.639594505578027654e-03
14.4965 1.648858700916959680e-03
14.5048 1.658165280693525354e-03
14.5131 1.667514389406495479e-03
14.5214 1.676906171855143757e-03
14.5297 1.686340773138817872e-03
14.538 1.695818338657435840e-03
14.5463 1.705339014111755111e-03
14.5547 1.714902945503049255e-03
14.563 1.724510279133245659e-03
14.5713 1.734161161605181399e-03
14.5796 1.743855739822478337e-03
14.5879 1.753594160990014751e-03
14.5962 1.763376572613719771e-03
14.6045 1.773203122500253536e-03
14.6128 1.783073958758015940e-03
14.6211 1.792989229796555523e-03
14.6294 1.802949084326732100e-03
14.6378 1.812953671360901511e-03
14.6461 1.823003140212925812e-03
14.6544 1.833097640498667670e-03
14.6627 1.843237322135159433e-03
14.671 1.853422335341492391e-03
14.6793 1.863652830638555264e-03
14.6876 1.873928958848998429e-03
14.6959 1.884250871097538143e-03
14.7042 1.894618718811226944e-03
14.7125 1.905032653718951013e-03
14.7209 1.915492827851527973e-03
14.7292 1.925999393542475154e-03
14.7375 1.936552503427561378e-03
14.7458 1.947152310444628508e-03
14.7541 1.957798967834332386e-03
14.7624 1.968492629139615910e-03
14.7707 1.979233448205988330e-03
14.779 1.990021579181563190e-03
14.7873 2.000857176517237875e-03
14.7956 2.011740394966790319e-03
14.804 2.022671389586482189e-03
14.8123 2.033650315735512949e-03
14.8206 2.044677329076022027e-03
14.8289 2.055752585573273131e-03
14.8372 2.066876241495199315e-03
14.8455 2.078048453413207462e-03
14.8538 2.089269378201682580e-03
14.8621 2.100539173037776174e-03
14.8704 2.111857995402364671e-03
14.8787 2.123226003079493884e-03
14.8871 2.134643354156378573e-03
14.8954 2.146110207023677833e-03
14.9037 2.157626720375633873e-03
14.912 2.169193053209279246e-03
14.9203 2.180809364826093947e-03
14.9286 2.192475814830548240e-03
14.9369 2.204192563130390192e-03
14.9452 2.215959769937675232e-03
14.9535 2.227777595767444722e-03
14.9618 2.239646201438885188e-03
14.9702 2.251565748075106711e-03
14.9785 2.263536397102474187e-03
14.9868 2.275558310251097390e-03
14.9951 2.287631649555286334e-03
15.0034 2.299756577352987056e-03
15.0117 2.311933256286643340e-03
15.02 2.324161849301805468e-03
15.0283 2.336442519648090389e-03
15.0366 2.348775430879491369e-03
15.0449 2.361160746854016300e-03
15.0532 2.373598631733462617e-03
15.0616 2.386089249983850552e-03
15.0699 2.398632766374920490e-03
15.0782 2.411229345981154727e-03
15.0865 2.423879154180943497e-03
15.0948 2.436582356656434058e-03
15.1031 2.449339119394319982e-03
15.1114 2.462149608685681567e-03
15.1197 2.475013991125632386e-03
15.128 2.487932433613290664e-03
15.1363 2.500905103352311400e-03
15.1447 2.513932167850477847e-03
15.153 2.527013794920004650e-03
15.1613 2.540150152677179193e-03
15.1696 2.553341409542773596e-03
15.1779 2.566587734242345258e-03
15.1862 2.579889295804764938e-03
15.1945 2.593246263563772375e-03
15.2028 2.606658807157576866e-03
15.2111 2.620127096528712847e-03
15.2194 2.633651301924091071e-03
15.2278 2.647231593894661637e-03
15.2361 2.660868143296024179e-03
15.2444 2.674561121288296893e-03
15.2527 2.688310699335678521e-03
15.261 2.702117049207006065e-03
15.2693 2.715980342975021864e-03
15.2776 2.729900753017456497e-03
15.2859 2.743878452016257699e-03
15.2942 2.757913612957506658e-03
15.3025 2.772006409131568504e-03
15.3109 2.786157014133746300e-03
15.3192 2.800365601862966122e-03
15.3275 2.814632346523405094e-03
15.3358 2.828957422622911059e-03
15.3441 2.843341004973303551e-03
15.3524 2.857783268691712134e-03
15.3607 2.872284389199033800e-03
15.369 2.886844542220444714e-03
15.3773 2.901463903785457890e-03
15.3856 2.916142650227751890e-03
15.394 2.930880958185790551e-03
15.4023 2.945679004601761339e-03
15.4106 2.960536966721672054e-03
15.4189 2.975455022096579021e-03
15.4272 2.990433348581468184e-03
15.4355 3.005472124335296317e-03
15.4438 3.020571527821106807e-03
15.4521 3.035731737806118997e-03
15.4604 3.050952933361794107e-03
15.4687 3.066235293863537291e-03
15.4771 3.081578998990577509e-03
15.4854 3.096984228726887799e-03
15.4937 3.112451163359357745e-03
15.502 3.127979983479338682e-03
15.5103 3.143570869982190499e-03
15.5186 3.159224004067127251e-03
15.5269 3.174939567237172050e-03
15.5352 3.190717741298795384e-03
15.5435 3.206558708362828008e-03
15.5518 3.222462650843495573e-03
15.5601 3.238429751458496691e-03
15.5685 3.254460193229875495e-03
15.5768 3.270554159482876293e-03
15.5851 3.286711833845927955e-03
15.5934 3.302933400251654387e-03
15.6017 3.319219042935926071e-03
15.61 3.335568946438001014e-03
15.6183 3.351983295600389004e-03
15.6266 3.368462275569338634e-03
15.6349 3.385006071794198924e-03
15.6432 3.401614870027180795e-03
15.6516 3.418288856324593929e-03
15.6599 3.435028217045186637e-03
15.6682 3.451833138850772965e-03
15.6765 3.468703808706583968e-03
15.6848 3.485640413880781129e-03
15.6931 3.502643141944156244e-03
15.7014 3.519712180770334826e-03
15.7097 3.536847718536330776e-03
15.718 3.554049943721588820e-03
15.7263 3.571319045107984938e-03
15.7347 3.588655211780467352e-03
15.743 3.606058633126100251e-03
15.7513 3.623529498835002284e-03
15.7596 3.641067998898940995e-03
15.7679 3.658674323612506364e-03
15.7762 3.676348663573099970e-03
15.7845 3.694091209679372430e-03
15.7928 3.711902153132444222e-03
15.8011 3.729781685436428691e-03
15.8094 3.747729998396126614e-03
15.8178 3.765747284118631678e-03
15.8261 3.783833735013650973e-03
15.8344 3.801989543791543021e-03
15.8427 3.820214903465110612e-03
15.851 3.838510007349123752e-03
15.8593 3.856875049058994340e-03
15.8676 3.875310222511832176e-03
15.8759 3.893815721926538204e-03
15.8842 3.912391741822982688e-03
15.8925 3.931038477022101921e-03
15.9009 3.949756122646880946e-03
15.9092 3.968544874119955303e-03
15.9175 3.987404927165617667e-03
15.9258 4.006336477809606215e-03
15.9341 4.025339722377301380e-03
15.9424 4.044414857495133575e-03
15.9507 4.063562080090756673e-03
15.959 4.082781587391827623e-03
15.9673 4.102073576925309960e-03
15.9756 4.121438246520466205e-03
15.984 4.140875794306124805e-03
15.9923 4.160386418709784151e-03
16.0006 4.179970318460406349e-03
16.0089 4.199627692586789182e-03
16.0172 4.219358740416866149e-03
16.0255 4.239163661578645818e-03
16.0338 4.259042655999315842e-03
16.0421 4.278995923906360119e-03
16.0504 4.299023665825612434e-03
16.0587 4.319126082581982440e-03
16.067 4.339303375301340436e-03
16.0754 4.359555745406450307e-03
16.0837 4.379883394620380857e-03
16.092 4.400286524964451898e-03
16.1003 4.420765338757761537e-03
16.1086 4.441320038619770046e-03
16.1169 4.461950827467044654e-03
16.1252 4.482657908515081877e-03
16.1335 4.503441485277346473e-03
16.1418 4.524301761564888079e-03
16.1501 4.545238941487617090e-03
16.1585 4.566253229452348766e-03
16.1668 4.587344830164078249e-03
16.1751 4.608513948625770663e-03
16.1834 4.629760790136886600e-03
16.1917 4.651085560294316266e-03
16.2 4.672488464992689133e-03
16.2083 4.693969710423973214e-03
16.2166 4.715529503075203445e-03
16.2249 4.737168049731513980e-03
16.2332 4.758885557475314200e-03
16.2416 4.780682233683875709e-03
16.2499 4.802558286032064527e-03
16.2582 4.824513922490112836e-03
16.2665 4.846549351324581749e-03
16.2748 4.868664781097899880e-03
16.2831 4.890860420668100526e-03
16.2914 4.913136479189576279e-03
16.2997 4.935493166110489945e-03
16.308 4.957930691176404454e-03
16.3163 4.980449264427038933e-03
16.3247 5.003049096196464721e-03
16.333 5.025730397113944113e-03
16.3413 5.048493378104203580e-03
16.3496 5.071338250385871646e-03
16.3579 5.094265225471106794e-03
16.3662 5.117274515168458889e-03
16.3745 5.140366331578339817e-03
16.3828 5.163540887096067927e-03
16.3911 5.186798394410572187e-03
16.3994 5.210139066503739064e-03
16.4078 5.233563116651694484e-03
16.4161 5.257070758423043090e-03
16.4244 5.280662205680055656e-03
16.4327 5.304337672577459986e-03
16.441 5.328097373562342039e-03
16.4493 5.351941523374948231e-03
16.4576 5.375870337047208326e-03
16.4659 5.399884029903907236e-03
16.4742 5.423982817561835874e-03
16.4825 5.448166915927781483e-03
16.4909 5.472436541202858364e-03
16.4992 5.496791909877408663e-03
16.5075 5.521233238733779664e-03
16.5158 5.545760744846217095e-03
16.5241 5.570374645578203207e-03
16.5324 5.595075158585240994e-03
16.5407 5.619862501812200074e-03
16.549 5.644736893494911763e-03
16.5573 5.669698552158874104e-03
16.5656 5.694747696620299643e-03
16.5739 5.719884545984106616e-03
16.5823 5.745109319645219127e-03
16.5906 5.770422237287469065e-03
16.5989 5.795823518883997695e-03
16.6072 5.821313384696856670e-03
16.6155 5.846892055277243087e-03
16.6238 5.872559751463222663e-03
16.6321 5.898316694382715192e-03
16.6404 5.924163105451146598e-03
16.6487 5.950099206371571234e-03
16.657 5.976125219134539174e-03
16.6654 6.002241366019300979e-03
16.6737 6.028447869590463151e-03
16.682 6.054744952699898930e-03
16.6903 6.081132838487064013e-03
16.6986 6.107611750377595766e-03
16.7069 6.134181912084248241e-03
16.7152 6.160843547603123485e-03
16.7235 6.187596881219185364e-03
16.7318 6.214442137501881118e-03
16.7401 6.241379541305171717e-03
16.7485 6.268409317769501644e-03
16.7568 6.295531692318932261e-03
16.7651 6.322746890663716139e-03
16.7734 6.350055138798217126e-03
16.7817 6.377456662999004752e-03
16.79 6.404951689828671489e-03
16.7983 6.432540446133381586e-03
16.8066 6.460223159041862326e-03
16.8149 6.488000055967519525e-03
16.8232 6.515871364604178782e-03
16.8316 6.543837312931099701e-03
16.8399 6.571898129209227148e-03
16.8482 6.600054041979485156e-03
16.8565 6.628305280068972488e-03
16.8648 6.656652072583324649e-03
16.8731 6.685094648909956083e-03
16.8814 6.713633238718857282e-03
16.8897 6.742268071959573762e-03
16.898 6.770999378863390081e-03
16.9063 6.799827389940920307e-03
16.9147 6.828752335983777691e-03
16.923 6.857774448063275359e-03
16.9313 6.886893957530105387e-03
16.9396 6.916111096014613754e-03
16.9479 6.945426095426623404e-03
16.9562 6.974839187952285718e-03
16.9645 7.004350606059234381e-03
16.9728 7.033960582492736029e-03
16.9811 7.063669350274659822e-03
16.9894 7.093477142705732590e-03
16.9978 7.123384193363650578e-03
17.0061 7.153390736102834858e-03
17.0144 7.183497005055724562e-03
17.0227 7.213703234630296224e-03
17.031 7.244009659509313519e-03
17.0393 7.274416514655097747e-03
17.0476 7.304924035303665339e-03
17.0559 7.335532456965826800e-03
17.0642 7.366242015426777319e-03
17.0725 7.397052946748474203e-03
17.0808 7.427965487267429445e-03
17.0892 7.458979873592260293e-03
17.0975 7.490096342606484756e-03
17.1058 7.521315131467081784e-03
17.1141 7.552636477605086281e-03
17.1224 7.584060618723054668e-03
17.1307 7.615587792796847319e-03
17.139 7.647218238074343991e-03
17.1473 7.678952193075544441e-03
17.1556 7.710789896592236230e-03
17.1639 7.742731587687381491e-03
17.1723 7.774777505694714479e-03
17.1806 7.806927890219156167e-03
17.1889 7.839182981135218303e-03
17.1972 7.871543018587419741e-03
17.2055 7.904008242991538910e-03
17.2138 7.936578895031177333e-03
17.2221 7.969255215657691099e-03
17.2304 8.002037446094765333e-03
17.2387 8.034925827832802361e-03
17.247 8.067920602627887822e-03
17.2554 8.101022012506146550e-03
17.2637 8.134230299760862939e-03
17.272 8.167545706952203388e-03
17.2803 8.200968476906480772e-03
17.2886 8.234498852716059039e-03
17.2969 8.268137077740262200e-03
17.3052 8.301883395602803473e-03
17.3135 8.335738050192371615e-03
17.3218 8.369701285664825352e-03
17.3301 8.403773346439498415e-03
17.3385 8.437954477196805622e-03
17.3468 8.472244922884402882e-03
17.3551 8.506644928712994366e-03
17.3634 8.541154740154746974e-03
17.3717 8.575774602945703332e-03
17.38 8.610504763084007168e-03
17.3883 8.645345466829032488e-03
17.3966 8.680296960702100009e-03
17.4049 8.715359491485578577e-03
17.4132 8.750533306223273744e-03
17.4216 8.785818652218065072e-03
17.4299 8.821215777034282710e-03
17.4382 8.856724928494964788e-03
17.4465 8.892346354681833140e-03
17.4548 8.928080303936623829e-03
17.4631 8.963927024858906606e-03
17.4714 8.999886766305512445e-03
17.4797 9.035959777392228373e-03
17.488 9.072146307494031656e-03
17.4963 9.108446606235940865e-03
17.5047 9.144860923505573544e-03
17.513 9.181389509446215985e-03
17.5213 9.218032614453241028e-03
17.5296 9.254790489179489169e-03
17.5379 9.291663384532114836e-03
17.5462 9.328651551673165787e-03
17.5545 9.365755242018670643e-03
17.5628 9.402974707237610197e-03
17.5711 9.440310199251830681e-03
17.5794 9.477761970235649980e-03
17.5877 9.515330272617028573e-03
17.5961 9.553015359074811322e-03
17.6044 9.590817482539561872e-03
17.6127 9.628736896191123634e-03
17.621 9.666773853462654748e-03
17.6293 9.704928608036910570e-03
17.6376 9.743201413843280770e-03
17.6459 9.781592525063120130e-03
17.6542 9.820102196127144731e-03
17.6625 9.858730681711050034e-03
17.6708 9.897478236741150473e-03
17.6792 9.936345116391446033e-03
17.6875 9.975331576080069540e-03
17.6958 1.001443787147380041e-02
17.7041 1.005366425848860240e-02
17.7124 1.009301099327741119e-02
17.7207 1.013247833224458633e-02
17.729 1.017206653204012767e-02
17.7373 1.021177584955317366e-02
17.7456 1.025160654192105135e-02
17.7539 1.029155886652227334e-02
17.7623 1.033163308097680144e-02
17.7706 1.037182944315053097e-02
17.7789 1.041214821114969623e-02
17.7872 1.045258964331710269e-02
17.7955 1.049315399824297425e-02
17.8038 1.053384153475612692e-02
17.8121 1.057465251192376762e-02
17.8204 1.061558718905251941e-02
17.8287 1.065664582568928188e-02
17.837 1.069782868161790225e-02
17.8454 1.073913601685990045e-02
17.8537 1.078056809167579969e-02
17.862 1.082212516656209066e-02
17.8703 1.086380750225153166e-02
17.8786 1.090561535971273574e-02
17.8869 1.094754900014936229e-02
17.8952 1.098960868500020380e-02
17.9035 1.103179467593805654e-02
17.9118 1.107410723487027571e-02
17.9201 1.111654662393640053e-02
17.9285 1.115911310550843707e-02
17.9368 1.120180694219307521e-02
17.9451 1.124462839682551646e-02
17.9534 1.128757773247401723e-02
17.9617 1.133065521243693287e-02
17.97 1.137386110024235335e-02
17.9783 1.141719565964851267e-02
17.9866 1.146065915464131689e-02
17.9949 1.150425184943732609e-02
18.0032 1.154797400847868034e-02
18.0116 1.159182589643536869e-02
18.0199 1.163580777820712349e-02
18.0282 1.167991991891459240e-02
18.0365 1.172416258390656524e-02
18.0448 1.176853603876102349e-02
18.0531 1.181304054927445786e-02
18.0614 1.185767638146881763e-02
18.0697 1.190244380158996668e-02
18.078 1.194734307610839479e-02
18.0863 1.199237447171509763e-02
18.0946 1.203753825532247017e-02
18.103 1.208283469406380706e-02
18.1113 1.212826405529629156e-02
18.1196 1.217382660659103132e-02
18.1279 1.221952261574281613e-02
18.1362 1.226535235076527813e-02
18.1445 1.231131607988679953e-02
18.1528 1.235741407155891737e-02
18.1611 1.240364659444607824e-02
18.1694 1.245001391742774771e-02
18.1777 1.249651630960196130e-02
18.1861 1.254315404028322894e-02
18.1944 1.258992737899562384e-02
18.2027 1.263683659547997461e-02
18.211 1.268388195969500504e-02
18.2193 1.273106374180569579e-02
18.2276 1.277838221218987984e-02
18.2359 1.282583764143639497e-02
18.2442 1.287343030034986645e-02
18.2525 1.292116045994147651e-02
18.2608 1.296902839143104606e-02
18.2692 1.301703436624969575e-02
18.2775 1.306517865603452726e-02
18.2858 1.311346153263246057e-02
18.2941 1.316188326809816615e-02
18.3024 1.321044413468816861e-02
18.3107 1.325914440486911441e-02
18.319 1.330798435131188770e-02
18.3273 1.335696424688866644e-02
18.3356 1.340608436468000535e-02
18.3439 1.345534497796778590e-02
18.3523 1.350474636023375231e-02
18.3606 1.355428878516513717e-02
18.3689 1.360397252664908088e-02
18.3772 1.365379785877030884e-02
18.3855 1.370376505581877985e-02
18.3938 1.375387439227946512e-02
18.4021 1.380412614283528516e-02
18.4104 1.385452058237213180e-02
18.4187 1.390505798596573112e-02
18.427 1.395573862889190261e-02
18.4354 1.400656278662396927e-02
18.4437 1.405753073482522535e-02
18.452 1.410864274935739321e-02
18.4603 1.415989910627545208e-02
18.4686 1.421130008182331858e-02
18.4769 1.426284595244344672e-02
18.4852 1.431453699476530061e-02
18.4935 1.436637348560684639e-02
18.5018 1.441835570198097063e-02
18.5101 1.447048392108859355e-02
18.5185 1.452275842031780680e-02
18.5268 1.457517947724489005e-02
18.5351 1.462774736963601448e-02
18.5434 1.468046237543756301e-02
18.5517 1.473332477278824562e-02
18.56 1.478633484000882285e-02
18.5683 1.483949285560075791e-02
18.5766 1.489279909825313303e-02
18.5849 1.494625384683988950e-02
18.5932 1.499985738041299289e-02
18.6015 1.505360997820453031e-02
18.6099 1.510751191962879207e-02
18.6182 1.516156348428121699e-02
18.6265 1.521576495193216125e-02
18.6348 1.527011660253642031e-02
18.6431 1.532461871621934070e-02
18.6514 1.537927157328630896e-02
18.6597 1.543407545421914516e-02
18.668 1.548903063967279302e-02
18.6763 1.554413741047624802e-02
18.6846 1.559939604763183399e-02
18.693 1.565480683232064671e-02
18.7013 1.571037004588598379e-02
18.7096 1.576608596984702473e-02
18.7179 1.582195488589469012e-02
18.7262 1.587797707588610441e-02
18.7345 1.593415282184922760e-02
18.7428 1.599048240598043708e-02
18.7511 1.604696611064038853e-02
18.7594 1.610360421835813419e-02
18.7677 1.616039701182950608e-02
18.7761 1.621734477390855342e-02
18.7844 1.627444778761891198e-02
18.7927 1.633170633614996342e-02
18.801 1.638912070284524736e-02
18.8093 1.644669117121182883e-02
18.8176 1.650441802492347634e-02
18.8259 1.656230154780575017e-02
18.8342 1.662034202384534212e-02
18.8425 1.667853973719079022e-02
18.8508 1.673689497214119609e-02
18.8592 1.679540801315500265e-02
18.8675 1.685407914485070185e-02
18.8758 1.691290865199172183e-02
18.8841 1.697189681950184506e-02
18.8924 1.703104393245732928e-02
18.9007 1.709035027608016982e-02
18.909 1.714981613575342762e-02
18.9173 1.720944179700238316e-02
18.9256 1.726922754550462222e-02
18.9339 1.732917366708498080e-02
18.9423 1.738928044771461193e-02
18.9506 1.744954817351670670e-02
18.9589 1.750997713075558640e-02
18.9672 1.757056760583809718e-02
18.9755 1.763131988532088204e-02
18.9838 1.769223425589766877e-02
18.9921 1.775331100441156912e-02
19.0004 1.781455041784207535e-02
19.0087 1.787595278330558410e-02
19.017 1.793751838806433713e-02
19.0254 1.799924751951786570e-02
19.0337 1.806114046519669003e-02
19.042 1.812319751277612773e-02
19.0503 1.818541895006644052e-02
19.0586 1.824780506500327942e-02
19.0669 1.831035614566747446e-02
19.0752 1.837307248026783316e-02
19.0835 1.843595435714171296e-02
19.0918 1.849900206476333756e-02
19.1001 1.856221589173672262e-02
19.1085 1.862559612678509752e-02
19.1168 1.868914305876739207e-02
19.1251 1.875285697667872231e-02
19.1334 1.881673816962254817e-02
19.1417 1.888078692683657633e-02
19.15 1.894500353768199460e-02
19.1583 1.900938829164284735e-02
19.1666 1.907394147832797149e-02
19.1749 1.913866338746022383e-02
19.1832 1.920355430888856171e-02
19.1915 1.926861453258051082e-02
19.1999 1.933384434861874779e-02
19.2082 1.939924404720882317e-02
19.2165 1.946481391866605737e-02
19.2248 1.953055425342469648e-02
19.2331 1.959646534203123708e-02
19.2414 1.966254747514681669e-02
19.2497 1.972880094354623887e-02
19.258 1.979522603811234571e-02
19.2663 1.986182304983689570e-02
19.2746 1.992859226982298185e-02
19.283 1.999553398928563888e-02
19.2913 2.006264849953958915e-02
19.2996 2.012993609201054954e-02
19.3079 2.019739705822248127e-02
19.3162 2.026503168981145728e-02
19.3245 2.033284027851514283e-02
19.3328 2.040082311616595381e-02
19.3411 2.046898049470332118e-02
19.3494 2.053731270616636004e-02
19.3577 2.060582004268865508e-02
19.3661 2.067450279650047407e-02
19.3744 2.074336125993835739e-02
19.3827 2.081239572542145644e-02
19.391 2.088160648547060169e-02
19.3993 2.095099383269898377e-02
19.4076 2.102055805980746622e-02
19.4159 2.109029945959207258e-02
19.4242 2.116021832494094715e-02
19.4325 2.123031494882607340e-02
19.4408 2.130058962430602873e-02
19.4492 2.137104264452822575e-02
19.4575 2.144167430272742383e-02
19.4658 2.151248489222432059e-02
19.4741 2.158347470641472018e-02
19.4824 2.165464403877960520e-02
19.4907 2.172599318288423453e-02
19.499 2.179752243237358111e-02
19.5073 2.186923208096524379e-02
19.5156 2.194112242246203798e-02
19.5239 2.201319375073455820e-02
19.5323 2.208544635973737694e-02
19.5406 2.215788054349523278e-02
19.5489 2.223049659610013343e-02
19.5572 2.230329481172548672e-02
19.5655 2.237627548461022797e-02
19.5738 2.244943890906111669e-02
19.5821 2.252278537945705955e-02
19.5904 2.259631519024101962e-02
19.5987 2.267002863592336437e-02
19.607 2.274392601107585662e-02
19.6154 2.281800761033905833e-02
19.6237 2.289227372841233510e-02
19.632 2.296672466005449803e-02
19.6403 2.304136070008770340e-02
19.6486 2.311618214339148172e-02
19.6569 2.319118928490553067e-02
19.6652 2.326638241961465070e-02
19.6735 2.334176184257246572e-02
19.6818 2.341732784888329866e-02
19.6901 2.349308073369371294e-02
19.6984 2.356902079221374902e-02
19.7068 2.364514831969980954e-02
19.7151 2.372146361145034688e-02
19.7234 2.379796696282243662e-02
19.7317 2.387465866921730309e-02
19.74 2.395153902606991445e-02
19.7483 2.402860832886910547e-02
19.7566 2.410586687314872703e-02
19.7649 2.418331495447473625e-02
19.7732 2.426095286846274152e-02
19.7815 2.433878091075908009e-02
19.7899 2.441679937705024464e-02
19.7982 2.449500856305962537e-02
19.8065 2.457340876454585862e-02
19.8148 2.465200027729857676e-02
19.8231 2.473078339714631854e-02
19.8314 2.480975841994324110e-02
19.8397 2.488892564156601137e-02
19.848 2.496828535793519169e-02
19.8563 2.504783786499101272e-02
19.8646 2.512758345869472304e-02
19.873 2.520752243503800866e-02
19.8813 2.528765509004028689e-02
19.8896 2.536798171973062704e-02
19.8979 2.544850262016261008e-02
19.9062 2.552921808741469983e-02
19.9145 2.561012841758064304e-02
19.9228 2.569123390676986141e-02
19.9311 2.577253485109941289e-02
19.9394 2.585403154671278916e-02
19.9477 2.593572428976287023e-02
19.9561 2.601761337640744881e-02
19.9644 2.609969910281456987e-02
19.9727 2.618198176516543449e-02
19.981 2.626446165965088189e-02
19.9893 2.634713908245790714e-02
19.9976 2.643001432978302895e-02
20.0059 2.651308769782184313e-02
20.0142 2.659635948277784545e-02
20.0225 2.667982998085399043e-02
20.0308 2.676349948824334121e-02
20.0392 2.684736830113934256e-02
20.0475 2.693143671574078218e-02
20.0558 2.701570502823002692e-02
20.0641 2.710017353478394106e-02
20.0724 2.718484253157235631e-02
20.0807 2.726971231475707955e-02
20.089 2.735478318049046689e-02
20.0973 2.744005542490461635e-02
20.1056 2.752552934411731447e-02
20.1139 2.761120523424083831e-02
20.1223 2.769708339136586414e-02
20.1306 2.778316411155659638e-02
20.1389 2.786944769086210569e-02
20.1472 2.795593442531923295e-02
20.1555 2.804262461093320197e-02
20.1638 2.812951854367666885e-02
20.1721 2.821661651951272443e-02
20.1804 2.830391883437058734e-02
20.1887 2.839142578414282844e-02
20.197 2.847913766469952965e-02
20.2053 2.856705477188493242e-02
20.2137 2.865517740150015646e-02
20.222 2.874350584930617653e-02
20.2303 2.883204041104523579e-02
20.2386 2.892078138240859048e-02
20.2469 2.900972905904916979e-02
20.2552 2.909888373658029576e-02
20.2635 2.918824571058345474e-02
20.2718 2.927781527657819308e-02
20.2801 2.936759273004533807e-02
20.2884 2.945757836642329611e-02
20.2968 2.954777248110196722e-02
20.3051 2.963817536941810646e-02
20.3134 2.972878732664787846e-02
20.3217 2.981960864803000211e-02
20.33 2.991063962874868781e-02
20.3383 3.000188056391184244e-02
20.3466 3.009333174858478191e-02
20.3549 3.018499347777700570e-02
20.3632 3.027686604642665716e-02
20.3715 3.036894974941225026e-02
20.3799 3.046124488155285345e-02
20.3882 3.055375173759404192e-02
20.3965 3.064647061222432189e-02
20.4048 3.073940180004688938e-02
20.4131 3.083254559560739266e-02
20.4214 3.092590229338187599e-02
20.4297 3.101947218776139256e-02
20.438 3.111325557307215509e-02
20.4463 3.120725274355409459e-02
20.4546 3.130146399336633523e-02
20.463 3.139588961660212674e-02
20.4713 3.149052990726364937e-02
20.4796 3.158538515926562207e-02
20.4879 3.168045566644647759e-02
20.4962 3.177574172254655355e-02
20.5045 3.187124362122956134e-02
20.5128 3.196696165606134621e-02
20.5211 3.206289612051863719e-02
20.5294 3.215904730798848504e-02
20.5377 3.225541551175171301e-02
20.5461 3.235200102499552477e-02
20.5544 3.244880414081943026e-02
20.5627 3.254582515221224326e-02
20.571 3.264306435206276030e-02
20.5793 3.274052203315362675e-02
20.5876 3.283819848817105813e-02
20.5959 3.293609400968377371e-02
20.6042 3.303420889015835915e-02
20.6125 3.313254342195125907e-02
20.6208 3.323109789729715435e-02
20.6292 3.332987260832333959e-02
20.6375 3.342886784705292186e-02
20.6458 3.352808390536720501e-02
20.6541 3.362752107504980020e-02
20.6624 3.372717964775550498e-02
20.6707 3.382705991500340598e-02
20.679 3.392716216821625025e-02
20.6873 3.402748669866905579e-02
20.6956 3.412803379751282867e-02
20.7039 3.422880375577769252e-02
20.7122 3.432979686434583372e-02
20.7206 3.443101341398333015e-02
20.7289 3.453245369530934250e-02
20.7372 3.463411799881411374e-02
20.7455 3.473600661484756852e-02
20.7538 3.483811983361254083e-02
20.7621 3.494045794517443987e-02
20.7704 3.504302123945912673e-02
20.7787 3.514581000623783619e-02
20.787 3.524882453514611991e-02
20.7953 3.535206511565784637e-02
20.8037 3.545553203709678192e-02
20.812 3.555922558863996302e-02
20.8203 3.566314605930365200e-02
20.8286 3.576729373796582595e-02
20.8369 3.587166891332123353e-02
20.8452 3.597627187390027570e-02
20.8535 3.608110290810422754e-02
20.8618 3.618616230414121310e-02
20.8701 3.629145035005518216e-02
20.8784 3.639696733374278570e-02
20.8868 3.650271354291775849e-02
20.8951 3.660868926511077343e-02
20.9034 3.671489478769088266e-02
20.9117 3.682133039786352618e-02
20.92 3.692799638263501161e-02
20.9283 3.703489302884489798e-02
20.9366 3.714202062314411745e-02
20.9449 3.724937945200919309e-02
20.9532 3.735696980173311421e-02
20.9615 3.746479195840978632e-02
20.9699 3.757284620794655583e-02
20.9782 3.768113283607391062e-02
20.9865 3.778965212832464254e-02
20.9948 3.789840437002296031e-02
21.0031 3.800738984630867845e-02
21.0114 3.811660884212262485e-02
21.0197 3.822606164221382247e-02
21.028 3.833574853111240688e-02
21.0363 3.844566979313862598e-02
21.0446 3.855582571243666712e-02
21.053 3.866621657293075470e-02
21.0613 3.877684265831002342e-02
21.0696 3.888770425207660475e-02
21.0779 3.899880163752146578e-02
21.0862 3.911013509770752683e-02
21.0945 3.922170491547934817e-02
21.1028 3.933351137347031179e-02
21.1111 3.944555475408390716e-02
21.1194 3.955783533950792824e-02
21.1277 3.967035341170031121e-02
21.1361 3.978310925237851792e-02
21.1444 3.989610314304620209e-02
21.1527 4.000933536497627147e-02
21.161 4.012280619918896785e-02
21.1693 4.023651592649696296e-02
21.1776 4.035046482745058283e-02
21.1859 4.046465318236273229e-02
21.1942 4.057908127131155257e-02
21.2025 4.069374937413696575e-02
21.2108 4.080865777041879638e-02
21.2191 4.092380673949096853e-02
21.2275 4.103919656044688336e-02
21.2358 4.115482751211407136e-02
21.2441 4.127069987307541848e-02
21.2524 4.138681392165526746e-02
21.2607 4.150316993591692677e-02
21.269 4.161976819366112329e-02
21.2773 4.173660897242967988e-02
21.2856 4.185369254950475904e-02
21.2939 4.197101920188207186e-02
21.3022 4.208858920631025624e-02
21.3106 4.220640283925893715e-02
21.3189 4.232446037691448004e-02
21.3272 4.244276209519860094e-02
21.3355 4.256130826976157328e-02
21.3438 4.268009917595552705e-02
21.3521 4.279913508885740264e-02
21.3604 4.291841628327340563e-02
21.3687 4.303794303370212654e-02
21.377 4.315771561437976162e-02
21.3853 4.327773429922422699e-02
21.3937 4.339799936187265644e-02
21.402 4.351851107567647481e-02
21.4103 4.363926971367932534e-02
21.4186 4.376027554862078894e-02
21.4269 4.388152885295836664e-02
21.4352 4.400302989883329852e-02
21.4435 4.412477895808127742e-02
21.4518 4.424677630222079161e-02
21.4601 4.436902220248103296e-02
21.4684 4.449151692976959643e-02
21.4768 4.461426075467546382e-02
21.4851 4.473725394747630341e-02
21.4934 4.486049677811575209e-02
21.5017 4.498398951625436765e-02
21.51 4.510773243119213516e-02
21.5183 4.523172579190321008e-02
21.5266 4.535596986706880857e-02
21.5349 4.548046492500762428e-02
21.5432 4.560521123371055752e-02
21.5515 4.573020906085381587e-02
21.5599 4.585545867375694085e-02
21.5682 4.598096033940118205e-02
21.5765 4.610671432444270190e-02
21.5848 4.623272089518345312e-02
21.5931 4.635898031756823662e-02
21.6014 4.648549285720911250e-02
21.6097 4.661225877937397871e-02
21.618 4.673927834896508121e-02
21.6263 4.686655183053413387e-02
21.6346 4.699407948827095949e-02
21.643 4.712186158600580738e-02
21.6513 4.724989838722090663e-02
21.6596 4.737819015502410525e-02
21.6679 4.750673715214951548e-02
21.6762 4.763553964097832355e-02
21.6845 4.776459788351924973e-02
21.6928 4.789391214139657182e-02
21.7011 4.802348267585001412e-02
21.7094 4.815330974777736611e-02
21.7177 4.828339361766632171e-02
21.726 4.841373454562293566e-02
21.7344 4.854433279138897772e-02
21.7427 4.867518861430005644e-02
21.751 4.880630227330716442e-02
21.7593 4.893767402696913571e-02
21.7676 4.906930413344919722e-02
21.7759 4.920119285052403091e-02
21.7842 4.933334043556617671e-02
21.7925 4.946574714552906538e-02
21.8008 4.959841323698192112e-02
21.8091 4.973133896608886162e-02
21.8175 4.986452458860058529e-02
21.8258 4.999797035985025645e-02
21.8341 5.013167653476421903e-02
21.8424 5.026564336785626502e-02
21.8507 5.039987111321683755e-02
21.859 5.053436002451389131e-02
21.8673 5.066911035498882637e-02
21.8756 5.080412235748216904e-02
21.8839 5.093939628438809430e-02
21.8922 5.107493238764557186e-02
21.9006 5.121073091881345879e-02
21.9089 5.134679212897903106e-02
21.9172 5.148311626880019282e-02
21.9255 5.161970358849815588e-02
21.9338 5.175655433785175674e-02
21.9421 5.189366876619194019e-02
21.9504 5.203104712240266827e-02
21.9587 5.216868965492679755e-02
21.967 5.230659661173438224e-02
21.9753 5.244476824035636947e-02
21.9837 5.258320478787577995e-02
21.992 5.272190650089442210e-02
22.0003 5.286087362556006475e-02
22.0086 5.300010640756909475e-02
22.0169 5.313960509212676403e-02
22.0252 5.327936992398098204e-02
22.0335 5.341940114741346862e-02
22.0418 5.355969900623114982e-02
22.0501 5.370026374375581890e-02
22.0584 5.384109560281068185e-02
22.0668 5.398219482579129369e-02
22.0751 5.412356165455952522e-02
22.0834 5.426519633049987218e-02
22.0917 5.440709909452717125e-02
22.1 5.454927018705029579e-02
22.1083 5.469170984797520896e-02
22.1166 5.483441831671730105e-02
22.1249 5.497739583220422055e-02
22.1332 5.512064263284326138e-02
22.1415 5.526415895654337995e-02
22.1499 5.540794504071663157e-02
22.1582 5.555200112225667369e-02
22.1665 5.569632743752075260e-02
22.1748 5.584092422239542858e-02
22.1831 5.598579171222853312e-02
22.1914 5.613093014184014629e-02
22.1997 5.627633974553201968e-02
22.208 5.642202075709037284e-02
22.2163 5.656797340975674299e-02
22.2246 5.671419793625825240e-02
22.2329 5.686069456878641015e-02
22.2413 5.700746353898093061e-02
22.2496 5.715450507795506729e-02
22.2579 5.730181941629217124e-02
22.2662 5.744940678401672801e-02
22.2745 5.759726741059895821e-02
22.2828 5.774540152497702195e-02
22.2911 5.789380935554712393e-02
22.2994 5.804249113012681371e-02
22.3077 5.819144707597873750e-02
22.316 5.834067741982634087e-02
22.3244 5.849018238780924472e-02
22.3327 5.863996220551813410e-02
22.341 5.879001709797231773e-02
22.3493 5.894034728961815989e-02
22.3576 5.909095300433526293e-02
22.3659 5.924183446541904374e-02
22.3742 5.939299189557911696e-02
22.3825 5.954442551697865932e-02
22.3908 5.969613555117443682e-02
22.3991 5.984812221912626934e-02
22.4075 6.000038574121432933e-02
22.4158 6.015292633725809884e-02
22.4241 6.030574422643444205e-02
22.4324 6.045883962735167094e-02
22.4407 6.061221275801493419e-02
22.449 6.076586383581845247e-02
22.4573 6.091979307757228179e-02
22.4656 6.107400069945840421e-02
22.4739 6.122848691705283508e-02
22.4822 6.138325194532573414e-02
22.4906 6.153829599862269129e-02
22.4989 6.169361929069928224e-02
22.5072 6.184922203464461588e-02
22.5155 6.200510444295025819e-02
22.5238 6.216126672749008181e-02
22.5321 6.231770909947987463e-02
22.5404 6.247443176954300265e-02
22.5487 6.263143494763898089e-02
22.557 6.278871884308705187e-02
22.5653 6.294628366458351887e-02
22.5737 6.310412962018173422e-02
22.582 6.326225691728312728e-02
22.5903 6.342066576262962718e-02
22.5986 6.357935636233653931e-02
22.6069 6.373832892185568588e-02
22.6152 6.389758364597100671e-02
22.6235 6.405712073881127122e-02
22.6318 6.421694040386288771e-02
22.6401 6.437704284392983811e-02
22.6484 6.453742826114201858e-02
22.6568 6.469809685696314983e-02
22.6651 6.485904883221590977e-02
22.6734 6.502028438700828417e-02
22.6817 6.518180372077408968e-02
22.69 6.534360703227340417e-02
22.6983 6.550569451958682121e-02
22.7066 6.566806638011581099e-02
22.7149 6.583072281054033748e-02
22.7232 6.599366400686837442e-02
22.7315 6.615689016443170034e-02
22.7398 6.632040147783285766e-02
22.7482 6.648419814096714897e-02
22.7565 6.664828034706588022e-02
22.7648 6.681264828862357175e-02
22.7731 6.697730215742295212e-02
22.7814 6.714224214457514828e-02
22.7897 6.730746844041053667e-02
22.798 6.747298123458141117e-02
22.8063 6.763878071603815489e-02
22.8146 6.780486707295987903e-02
22.8229 6.797124049284029856e-02
22.8313 6.813790116241215389e-02
22.8396 6.830484926770435949e-02
22.8479 6.847208499398324544e-02
22.8562 6.863960852579882588e-02
22.8645 6.880742004696874248e-02
22.8728 6.897551974052909540e-02
22.8811 6.914390778880472044e-02
22.8894 6.931258437334937572e-02
22.8977 6.948154967498891554e-02
22.906 6.965080387377058091e-02
22.9144 6.982034714899397476e-02
22.9227 6.999017967919234084e-02
22.931 7.016030164217079701e-02
22.9393 7.033071321490046157e-02
22.9476 7.050141457363658104e-02
22.9559 7.067240589384408966e-02
22.9642 7.084368735021806529e-02
22.9725 7.101525911667699864e-02
22.9808 7.118712136634879062e-02
22.9891 7.135927427159097225e-02
22.9975 7.153171800395879965e-02
23.0058 7.170445273422994259e-02
23.0141 7.187747863239060675e-02
23.0224 7.205079586763032951e-02
23.0307 7.222440460833857989e-02
23.039 7.239830502209369800e-02
23.0473 7.257249727568480802e-02
23.0556 7.274698153510526788e-02
23.0639 7.292175796550451339e-02
23.0722 7.309682673123545082e-02
23.0806 7.327218799585806519e-02
23.0889 7.344784192208718421e-02
23.0972 7.362378867181729181e-02
23.1055 7.380002840612209791e-02
23.1138 7.397656128527028974e-02
23.1221 7.415338746867054798e-02
23.1304 7.433050711490352125e-02
23.1387 7.450792038172464327e-02
23.147 7.468562742603991611e-02
23.1553 7.486362840394406026e-02
23.1637 7.504192347064053692e-02
23.172 7.522051278050605194e-02
23.1803 7.539939648707852382e-02
23.1886 7.557857474303465717e-02
23.1969 7.575804770018233769e-02
23.2052 7.593781550947810433e-02
23.2135 7.611787832103265872e-02
23.2218 7.629823628407685077e-02
23.2301 7.647888954696017982e-02
23.2384 7.665983825719002720e-02
23.2467 7.684108256136114312e-02
23.2551 7.702262260524925241e-02
23.2634 7.720445853369087286e-02
23.2717 7.738659049065636786e-02
23.28 7.756901861926719655e-02
23.2883 7.775174306170971883e-02
23.2966 7.793476395929935241e-02
23.3049 7.811808145245568991e-02
23.3132 7.830169568069210440e-02
23.3215 7.848560678263473422e-02
23.3298 7.866981489601074240e-02
23.3382 7.885432015759606672e-02
23.3465 7.903912270332560941e-02
23.3548 7.922422266816862846e-02
23.3631 7.940962018619519835e-02
23.3714 7.959531539057070060e-02
23.3797 7.978130841352382152e-02
23.388 7.996759938636113785e-02
23.3963 8.015418843946718608e-02
23.4046 8.034107570228148087e-02
23.4129 8.052826130333315402e-02
23.4213 8.071574537018336160e-02
23.4296 8.090352802952356648e-02
23.4379 8.109160940700828324e-02
23.4462 8.127998962739096944e-02
23.4545 8.146866881450662290e-02
23.4628 8.165764709118571163e-02
23.4711 8.184692457935212329e-02
23.4794 8.203650139994587975e-02
23.4877 8.222637767293761168e-02
23.496 8.241655351735477364e-02
23.5044 8.260702905126443563e-02
23.5127 8.279780439173654860e-02
23.521 8.298887965489847029e-02
23.5293 8.318025495589521923e-02
23.5376 8.337193040886420325e-02
23.5459 8.356390612701813936e-02
23.5542 8.375618222253136680e-02
23.5625 8.394875880662860945e-02
23.5708 8.414163598951968082e-02
23.5791 8.433481388042851634e-02
23.5875 8.452829258761049291e-02
23.5958 8.472207221829020085e-02
23.6041 8.491615287868194140e-02
23.6124 8.511053467403274786e-02
23.6207 8.530521770854881947e-02
23.629 8.550020208544727163e-02
23.6373 8.569548790692529949e-02
23.6456 8.589107527412959131e-02
23.6539 8.608696428726993199e-02
23.6622 8.628315504544445402e-02
23.6706 8.647964764675325489e-02
23.6789 8.667644218832985803e-02
23.6872 8.687353876618378323e-02
23.6955 8.707093747531688410e-02
23.7038 8.726863840973221598e-02
23.7121 8.746664166236149673e-02
23.7204 8.766494732511623256e-02
23.7287 8.786355548880976640e-02
23.737 8.806246624323393890e-02
23.7453 8.826167967715650708e-02
23.7536 8.846119587826038744e-02
23.762 8.866101493317503357e-02
23.7703 8.886113692746332171e-02
23.7786 8.906156194562481199e-02
23.7869 8.926229007110783598e-02
23.7952 8.946332138627378916e-02
23.8035 8.966465597240352858e-02
23.8118 8.986629390971766218e-02
23.8201 9.006823527735779988e-02
23.8284 9.027048015337889308e-02
23.8367 9.047302861474458557e-02
23.8451 9.067588073731967790e-02
23.8534 9.087903659590988725e-02
23.8617 9.108249626420142353e-02
23.87 9.128625981479536466e-02
23.8783 9.149032731917504380e-02
23.8866 9.169469884772374346e-02
23.8949 9.189937446977820834e-02
23.9032 9.210435425347147931e-02
23.9115 9.230963826585875109e-02
23.9198 9.251522657290138507e-02
23.9282 9.272111923944603706e-02
23.9365 9.292731632917007600e-02
23.9448 9.313381790467388510e-02
23.9531 9.334062402743761866e-02
23.9614 9.354773475775607361e-02
23.9697 9.375515015482792369e-02
23.978 9.396287027672087233e-02
23.9863 9.417089518034262030e-02
23.9946 9.437922492148830000e-02
24.0029 9.458785955475139395e-02
24.0113 9.479679913366442778e-02
24.0196 9.500604371052198682e-02
24.0279 9.521559333651599677e-02
24.0362 9.542544806168493099e-02
24.0445 9.563560793483839861e-02
24.0528 9.584607300372763317e-02
24.0611 9.605684331487737704e-02
24.0694 9.626791891361979880e-02
24.0777 9.647929984418590621e-02
24.086 9.669098614954822757e-02
24.0944 9.690297787156963716e-02
24.1027 9.711527505094438850e-02
24.111 9.732787772711490315e-02
24.1193 9.754078593835772970e-02
24.1276 9.775399972178731856e-02
24.1359 9.796751911331653961e-02
24.1442 9.818134414763360351e-02
24.1525 9.839547485827403184e-02
24.1608 9.860991127756210672e-02
24.1691 9.882465343658261570e-02
24.1775 9.903970136523902734e-02
24.1858 9.925505509222237732e-02
24.1941 9.947071464503430549e-02
24.2024 9.968668004990734188e-02
24.2107 9.990295133189290577e-02
24.219 1.001195285148435699e-01
24.2273 1.003364116212879797e-01
24.2356 1.005536006726560072e-01
24.2439 1.007710956890995324e-01
24.2522 1.009888966894537943e-01
24.2605 1.012070036914325677e-01
24.2689 1.014254167114789495e-01
24.2772 1.016441357647374227e-01
24.2855 1.018631608652031256e-01
24.2938 1.020824920255542362e-01
24.3021 1.023021292571966306e-01
24.3104 1.025220725703591268e-01
24.3187 1.027423219739717897e-01
24.327 1.029628774757025966e-01
24.3353 1.031837390819640987e-01
24.3436 1.034049067979286446e-01
24.352 1.036263806274364541e-01
24.3603 1.038481605730934842e-01
24.3686 1.040702466362675438e-01
24.3769 1.042926388169941460e-01
24.3852 1.045153371140475768e-01
24.3935 1.047383415249423105e-01
24.4018 1.049616520458712121e-01
24.4101 1.051852686717523189e-01
24.4184 1.054091913962252047e-01
24.4267 1.056334202116210319e-01
24.4351 1.058579551089748605e-01
24.4434 1.060827960780513224e-01
24.4517 1.063079431072589259e-01
24.46 1.065333961837394150e-01
24.4683 1.067591552933085247e-01
24.4766 1.069852204204898155e-01
24.4849 1.072115915484897486e-01
24.4932 1.074382686591602715e-01
24.5015 1.076652517330771303e-01
24.5098 1.078925407494837063e-01
24.5182 1.081201356863086688e-01
24.5265 1.083480365201232448e-01
24.5348 1.085762432261826449e-01
24.5431 1.088047557783989455e-01
24.5514 1.090335741493826116e-01
24.5597 1.092626983103656135e-01
24.568 1.094921282312532052e-01
24.5763 1.097218638806155555e-01
24.5846 1.099519052256451440e-01
24.5929 1.101822522322268988e-01
24.6013 1.104129048648824635e-01
24.6096 1.106438630867020573e-01
24.6179 1.108751268595292161e-01
24.6262 1.111066961438033074e-01
24.6345 1.113385708985594469e-01
24.6428 1.115707510815294595e-01
24.6511 1.118032366490423618e-01
24.6594 1.120360275560448177e-01
24.6677 1.122691237561369432e-01
24.676 1.125025252014940080e-01
24.6844 1.127362318429672855e-01
24.6927 1.129702436300055735e-01
24.701 1.132045605106446612e-01
24.7093 1.134391824315948011e-01
24.7176 1.136741093380824880e-01
24.7259 1.139093411739950656e-01
24.7342 1.141448778818544424e-01
24.7425 1.143807194027158525e-01
24.7508 1.146168656762555083e-01
24.7591 1.148533166407882528e-01
24.7674 1.150900722331511944e-01
24.7758 1.153271323888194339e-01
24.7841 1.155644970418310963e-01
24.7924 1.158021661248257311e-01
24.8007 1.160401395690155574e-01
24.809 1.162784173042009234e-01
24.8173 1.165169992587313658e-01
24.8256 1.167558853595415391e-01
24.8339 1.169950755321815805e-01
24.8422 1.172345697006940274e-01
24.8505 1.174743677877391618e-01
24.8589 1.177144697145615093e-01
24.8672 1.179548754008745981e-01
24.8755 1.181955847650399682e-01
24.8838 1.184365977239339451e-01
24.8921 1.186779141929809461e-01
24.9004 1.189195340861889660e-01
24.9087 1.191614573160782592e-01
24.917 1.194036837937321183e-01
24.9253 1.196462134287612222e-01
24.9336 1.198890461293647819e-01
24.942 1.201321818022183102e-01
24.9503 1.203756203524944529e-01
24.9586 1.206193616840278426e-01
24.9669 1.208634056991144123e-01
24.9752 1.211077522985522237e-01
24.9835 1.213524013816694586e-01
24.9918 1.215973528463800968e-01
25.0001 1.218426065890675231e-01
25.0084 1.220881625045695668e-01
25.0167 1.223340204863454794e-01
25.0251 1.225801804263546013e-01
25.0334 1.228266422149959930e-01
25.0417 1.230734057412247312e-01
25.05 1.233204708925065007e-01
25.0583 1.235678375547776403e-01
25.0666 1.238155056124804476e-01
25.0749 1.240634749485835520e-01
25.0832 1.243117454445218928e-01
25.0915 1.245603169802468185e-01
25.0998 1.248091894341515351e-01
25.1082 1.250583626831612283e-01
25.1165 1.253078366026684487e-01
25.1248 1.255576110665782008e-01
25.1331 1.258076859472083420e-01
25.1414 1.260580611154248631e-01
25.1497 1.263087364405371116e-01
25.158 1.265597117902982627e-01
25.1663 1.268109870310005771e-01
25.1746 1.270625620273507506e-01
25.1829 1.273144366425402463e-01
25.1913 1.275666107382108505e-01
25.1996 1.278190841744749617e-01
25.2079 1.280718568099108168e-01
25.2162 1.283249285015333196e-01
25.2245 1.285782991048390056e-01
25.2328 1.288319684737420645e-01
25.2411 1.290859364606143922e-01
25.2494 1.293402029163406852e-01
25.2577 1.295947676901254009e-01
25.266 1.298496306297214631e-01
25.2743 1.301047915812572064e-01
25.2827 1.303602503893359077e-01
25.291 1.306160068970067534e-01
25.2993 1.308720609456713313e-01
25.3076 1.311284123752868569e-01
25.3159 1.313850610241689143e-01
25.3242 1.316420067289874873e-01
25.3325 1.318992493249943332e-01
25.3408 1.321567886457769569e-01
25.3491 1.324146245232790120e-01
25.3574 1.326727567879979197e-01
25.3658 1.329311852687492801e-01
25.3741 1.331899097928051223e-01
25.3824 1.334489301858455268e-01
25.3907 1.337082462718954812e-01
25.399 1.339678578734776193e-01
25.4073 1.342277648115001165e-01
25.4156 1.344879669052133075e-01
25.4239 1.347484639723181832e-01
25.4322 1.350092558289523459e-01
25.4405 1.352703422895392693e-01
25.4489 1.355317231669746769e-01
25.4572 1.357933982725637589e-01
25.4655 1.360553674159050430e-01
25.4738 1.363176304051103849e-01
25.4821 1.365801870465962464e-01
25.4904 1.368430371451236915e-01
25.4987 1.371061805039839321e-01
25.507 1.373696169246683696e-01
25.5153 1.376333462071905600e-01
25.5236 1.378973681498971426e-01
25.532 1.381616825494254019e-01
25.5403 1.384262892008885359e-01
25.5486 1.386911878977549195e-01
25.5569 1.389563784317912054e-01
25.5652 1.392218605931552222e-01
25.5735 1.394876341704984479e-01
25.5818 1.397536989506184824e-01
25.5901 1.400200547187795408e-01
25.5984 1.402867012586550832e-01
25.6067 1.405536383522030808e-01
25.6151 1.408208657797638819e-01
25.6234 1.410883833199501336e-01
25.6317 1.413561907498357417e-01
25.64 1.416242878448557008e-01
25.6483 1.418926743786481370e-01
25.6566 1.421613501233154053e-01
25.6649 1.424303148492807869e-01
25.6732 1.426995683252653135e-01
25.6815 1.429691103183804157e-01
25.6898 1.432389405940471261e-01
25.6982 1.435090589160356311e-01
25.7065 1.437794650464423452e-01
25.7148 1.440501587456577415e-01
25.7231 1.443211397724628586e-01
25.7314 1.445924078839779248e-01
25.7397 1.448639628355869180e-01
25.748 1.451358043809916343e-01
25.7563 1.454079322722460210e-01
25.7646 1.456803462597761611e-01
25.7729 1.459530460923387785e-01
25.7812 1.462260315168175395e-01
25.7896 1.464993022785531229e-01
25.7979 1.467728581213152417e-01
25.8062 1.470466987869237796e-01
25.8145 1.473208240157251603e-01
25.8228 1.475952335462851206e-01
25.8311 1.478699271154748918e-01
25.8394 1.481449044585014252e-01
25.8477 1.484201653088325079e-01
25.856 1.486957093983023726e-01
25.8643 1.489715364569661193e-01
25.8727 1.492476462132667492e-01
25.881 1.495240383939132334e-01
25.8893 1.498007127238210057e-01
25.8976 1.500776689263250419e-01
25.9059 1.503549067230258995e-01
25.9142 1.506324258337486954e-01
25.9225 1.509102259767041709e-01
25.9308 1.511883068683117226e-01
25.9391 1.514666682233461459e-01
25.9474 1.517453097547794283e-01
25.9558 1.520242311739560537e-01
25.9641 1.523034321904719324e-01
25.9724 1.525829125121855312e-01
25.9807 1.528626718452190947e-01
25.989 1.531427098940681963e-01
25.9973 1.534230263614291545e-01
26.0056 1.537036209482387783e-01
26.0139 1.539844933537921345e-01
26.0222 1.542656432756226992e-01
26.0305 1.545470704095552872e-01
26.0389 1.548287744496092133e-01
26.0472 1.551107550881726249e-01
26.0555 1.553930120158408812e-01
26.0638 1.556755449214968501e-01
26.0721 1.559583534922804604e-01
26.0804 1.562414374135522310e-01
26.0887 1.565247963690769295e-01
26.097 1.568084300407176779e-01
26.1053 1.570923381086608561e-01
26.1136 1.573765202514315897e-01
26.122 1.576609761456907177e-01
26.1303 1.579457054663390980e-01
26.1386 1.582307078866807826e-01
26.1469 1.585159830781422974e-01
26.1552 1.588015307104917728e-01
26.1635 1.590873504516924775e-01
26.1718 1.593734419679460335e-01
26.1801 1.596598049237403227e-01
26.1884 1.599464389818140986e-01
26.1967 1.602333438031814938e-01
26.2051 1.605205190469635723e-01
26.2134 1.608079643707165107e-01
26.2217 1.610956794301204864e-01
26.23 1.613836638791102396e-01
26.2383 1.616719173699131817e-01
26.2466 1.619604395529183061e-01
26.2549 1.622492300768518247e-01
26.2632 1.625382885886232087e-01
26.2715 1.628276147333634349e-01
26.2798 1.631172081544816632e-01
26.2881 1.634070684935892415e-01
26.2965 1.636971953905468902e-01
26.3048 1.639875884834805786e-01
26.3131 1.642782474086684485e-01
26.3214 1.645691718007167292e-01
26.3297 1.648603612924559314e-01
26.338 1.651518155148424816e-01
26.3463 1.654435340971384394e-01
26.3546 1.657355166668766921e-01
26.3629 1.660277628497122959e-01
26.3712 1.663202722696519031e-01
26.3796 1.666130445488235856e-01
26.3879 1.669060793075833882e-01
26.3962 1.671993761646395904e-01
26.4045 1.674929347367819232e-01
26.4128 1.677867546390652276e-01
26.4211 1.680808354848518094e-01
26.4294 1.683751768855913655e-01
26.4377 1.686697784510130249e-01
26.446 1.689646397891090834e-01
26.4543 1.692597605060552346e-01
26.4627 1.695551402062578372e-01
26.471 1.698507784922654029e-01
26.4793 1.701466749650052124e-01
26.4876 1.704428292234782261e-01
26.4959 1.707392408649459903e-01
26.5042 1.710359094849460415e-01
26.5125 1.713328346771179900e-01
26.5208 1.716300160334262859e-01
26.5291 1.719274531440221354e-01
26.5374 1.722251455972054757e-01
26.5458 1.725230929795524559e-01
26.5541 1.728212948758679202e-01
26.5624 1.731197508691020570e-01
26.5707 1.734184605405409696e-01
26.579 1.737174234694897346e-01
26.5873 1.740166392336336687e-01
26.5956 1.743161074088735996e-01
26.6039 1.746158275691315209e-01
26.6122 1.749157992867551581e-01
26.6205 1.752160221322287825e-01
26.6289 1.755164956741936677e-01
26.6372 1.758172194795970256e-01
26.6455 1.761181931134576661e-01
26.6538 1.764194161391755278e-01
26.6621 1.767208881182307789e-01
26.6704 1.770226086103460217e-01
26.6787 1.773245771735061094e-01
26.687 1.776267933638088214e-01
26.6953 1.779292567356450250e-01
26.7036 1.782319668415935088e-01
26.712 1.785349232323923119e-01
26.7203 1.788381254570162726e-01
26.7286 1.791415730627006764e-01
26.7369 1.794452655947887665e-01
26.7452 1.797492025968975282e-01
26.7535 1.800533836109057262e-01
26.7618 1.803578081767713004e-01
26.7701 1.806624758327048108e-01
26.7784 1.809673861151723795e-01
26.7867 1.812725385587556914e-01
26.795 1.815779326964279961e-01
26.8034 1.818835680591369686e-01
26.8117 1.821894441761510164e-01
26.82 1.824955605750299414e-01
26.8283 1.828019167813193790e-01
26.8366 1.831085123189660768e-01
26.8449 1.834153467101177215e-01
26.8532 1.837224194749889350e-01
26.8615 1.840297301321136003e-01
26.8698 1.843372781982549058e-01
26.8781 1.846450631882801119e-01
26.8865 1.849530846153333852e-01
26.8948 1.852613419907115644e-01
26.9031 1.855698348240361617e-01
26.9114 1.858785626230328447e-01
26.9197 1.861875248937298610e-01
26.928 1.864967211402204228e-01
26.9363 1.868061508648783675e-01
26.9446 1.871158135683561596e-01
26.9529 1.874257087494775875e-01
26.9612 1.877358359051835845e-01
26.9696 1.880461945307389526e-01
26.9779 1.883567841196516768e-01
26.9862 1.886676041635055312e-01
26.9945 1.889786541521578656e-01
27.0028 1.892899335736938915e-01
27.0111 1.896014419144070873e-01
27.0194 1.899131786588142412e-01
27.0277 1.902251432896016337e-01
27.036 1.905373352877781645e-01
27.0443 1.908497541324052915e-01
27.0527 1.911623993008543521e-01
27.061 1.914752702687609887e-01
27.0693 1.917883665098931989e-01
27.0776 1.921016874962705179e-01
27.0859 1.924152326980753669e-01
27.0942 1.927290015838059312e-01
27.1025 1.930429936201621677e-01
27.1108 1.933572082719660634e-01
27.1191 1.936716450023405200e-01
27.1274 1.939863032726378278e-01
27.1358 1.943011825423864580e-01
27.1441 1.946162822694176286e-01
27.1524 1.949316019096912211e-01
27.1607 1.952471409174143246e-01
27.169 1.955628987450556966e-01
27.1773 1.958788748432670757e-01
27.1856 1.961950686609575112e-01
27.1939 1.965114796452919477e-01
27.2022 1.968281072415687116e-01
27.2105 1.971449508934400019e-01
27.2189 1.974620100426364433e-01
27.2272 1.977792841292810577e-01
27.2355 1.980967725916304711e-01
27.2438 1.984144748661845759e-01
27.2521 1.987323903876925535e-01
27.2604 1.990505185890907580e-01
27.2687 1.993688589016551493e-01
27.277 1.996874107548271271e-01
27.2853 2.000061735763242476e-01
27.2936 2.003251467919827666e-01
27.3019 2.006443298260552899e-01
27.3103 2.009637221009433761e-01
27.3186 2.012833230372482185e-01
27.3269 2.016031320539619642e-01
27.3352 2.019231485681366456e-01
27.3435 2.022433719951602926e-01
27.3518 2.025638017486633691e-01
27.3601 2.028844372406412577e-01
27.3684 2.032052778811167248e-01
27.3767 2.035263230784566668e-01
27.385 2.038475722393721101e-01
27.3934 2.041690247686606952e-01
27.4017 2.044906800695613924e-01
27.41 2.048125375433792472e-01
27.4183 2.051345965898474788e-01
27.4266 2.054568566068878943e-01
27.4349 2.057793169905522135e-01
27.4432 2.061019771353622965e-01
27.4515 2.064248364339661690e-01
27.4598 2.067478942773852690e-01
27.4681 2.070711500548803319e-01
27.4765 2.073946031538637935e-01
27.4848 2.077182529600674343e-01
27.4931 2.080420988575713837e-01
27.5014 2.083661402287210473e-01
27.5097 2.086903764540469219e-01
27.518 2.090148069123991814e-01
27.5263 2.093394309808765397e-01
27.5346 2.096642480349598103e-01
27.5429 2.099892574483240293e-01
27.5512 2.103144585928556076e-01
27.5596 2.106398508388899471e-01
27.5679 2.109654335549276116e-01
27.5762 2.112912061077647230e-01
27.5845 2.116171678625413666e-01
27.5928 2.119433181826478607e-01
27.6011 2.122696564297808508e-01
27.6094 2.125961819639248518e-01
27.6177 2.129228941433503053e-01
27.626 2.132497923246526594e-01
27.6343 2.135768758626432895e-01
27.6427 2.139041441105788699e-01
27.651 2.142315964199111300e-01
27.6593 2.145592321403595182e-01
27.6676 2.148870506201155939e-01
27.6759 2.152150512054943066e-01
27.6842 2.155432332412619834e-01
27.6925 2.158715960704283565e-01
27.7008 2.162001390342855323e-01
27.7091 2.165288614724883431e-01
27.7174 2.168577627230200422e-01
27.7258 2.171868421222634127e-01
27.7341 2.175160990046537124e-01
27.7424 2.178455327032361721e-01
27.7507 2.181751425493263230e-01
27.759 2.185049278723851518e-01
27.7673 2.188348880003950225e-01
27.7756 2.191650222596355502e-01
27.7839 2.194953299746739139e-01
27.7922 2.198258104684441272e-01
27.8005 2.201564630622294683e-01
27.8088 2.204872870756190151e-01
27.8172 2.208182818265712055e-01
27.8255 2.211494466314118668e-01
27.8338 2.214807808047911108e-01
27.8421 2.218122836596329306e-01
27.8504 2.221439545074017641e-01
27.8587 2.224757926578153355e-01
27.867 2.228077974188426846e-01
27.8753 2.231399680970035382e-01
27.8836 2.234723039970487324e-01
27.8919 2.238048044221778443e-01
27.9003 2.241374686738907829e-01
27.9086 2.244702960520996715e-01
27.9169 2.248032858551267110e-01
27.9252 2.251364373795314566e-01
27.9335 2.254697499203366373e-01
27.9418 2.258032227710741191e-01
27.9501 2.261368552234829243e-01
27.9584 2.264706465677020220e-01
27.9667 2.268045960923089355e-01
27.975 2.271387030843006749e-01
27.9834 2.274729668290278450e-01
27.9917 2.278073866102162670e-01
28 2.281419617100380048e-01
28.0083 2.284766914090203271e-01
28.0166 2.288115749861806270e-01
28.0249 2.291466117187586915e-01
28.0332 2.294818008826496891e-01
28.0415 2.298171417521194249e-01
28.0498 2.301526335996345041e-01
28.0581 2.304882756961893209e-01
28.0665 2.308240673113123309e-01
28.0748 2.311600077128947439e-01
28.0831 2.314960961672611617e-01
28.0914 2.318323319390149795e-01
28.0997 2.321687142914292123e-01
28.108 2.325052424860675759e-01
28.1163 2.328419157830307062e-01
28.1246 2.331787334407301460e-01
28.1329 2.335156947161259877e-01
28.1412 2.338527988646052491e-01
28.1496 2.341900451399949179e-01
28.1579 2.345274327946245962e-01
28.1662 2.348649610791882780e-01
28.1745 2.352026292428857357e-01
28.1828 2.355404365333810812e-01
28.1911 2.358783821968793160e-01
28.1994 2.362164654779579931e-01
28.2077 2.365546856197313363e-01
28.216 2.368930418636580604e-01
28.2243 2.372315334498565631e-01
28.2327 2.375701596169200736e-01
28.241 2.379089196017481755e-01
28.2493 2.382478126399090734e-01
28.2576 2.385868379653447169e-01
28.2659 2.389259948106058351e-01
28.2742 2.392652824066754669e-01
28.2825 2.396046999830463708e-01
28.2908 2.399442467676553836e-01
28.2991 2.402839219871498733e-01
28.3074 2.406237248664983841e-01
28.3157 2.409636546292963921e-01
28.3241 2.413037104975120084e-01
28.3324 2.416438916917752200e-01
28.3407 2.419841974313122479e-01
28.349 2.423246269336682690e-01
28.3573 2.426651794150435637e-01
28.3656 2.430058540902358399e-01
28.3739 2.433466501724496356e-01
28.3822 2.436875668735769829e-01
28.3905 2.440286034038649798e-01
28.3988 2.443697589723613506e-01
28.4072 2.447110327865273660e-01
28.4155 2.450524240523223873e-01
28.4238 2.453939319743577985e-01
28.4321 2.457355557558558723e-01
28.4404 2.460772945986626214e-01
28.4487 2.464191477029489263e-01
28.457 2.467611142676145175e-01
28.4653 2.471031934902934990e-01
28.4736 2.474453845668599383e-01
28.4819 2.477876866920423471e-01
28.4903 2.481300990592962830e-01
28.4986 2.484726208602561770e-01
28.5069 2.488152512853884502e-01
28.5152 2.491579895238944242e-01
28.5235 2.495008347633352885e-01
28.5318 2.498437861899795720e-01
28.5401 2.501868429889792522e-01
28.5484 2.505300043436217705e-01
28.5567 2.508732694361663906e-01
28.565 2.512166374473993602e-01
28.5734 2.515601075567168166e-01
28.5817 2.519036789422464118e-01
28.59 2.522473507806821669e-01
28.5983 2.525911222474446216e-01
28.6066 2.529349925163768553e-01
28.6149 2.532789607602679571e-01
28.6232 2.536230261504792693e-01
28.6315 2.539671878569882968e-01
28.6398 2.543114450483250355e-01
28.6481 2.546557968919626047e-01
28.6565 2.550002425539057982e-01
28.6648 2.553447811987896165e-01
28.6731 2.556894119900068874e-01
28.6814 2.560341340896601925e-01
28.6897 2.563789466584513455e-01
28.698 2.567238488559017706e-01
28.7063 2.570688398402045105e-01
28.7146 2.574139187681289132e-01
28.7229 2.577590847953103448e-01
28.7312 2.581043370760785494e-01
28.7396 2.584496747633706071e-01
28.7479 2.587950970090200364e-01
28.7562 2.591406029635777153e-01
28.7645 2.594861917760951098e-01
28.7728 2.598318625945043037e-01
28.7811 2.601776145655926298e-01
28.7894 2.605234468348160970e-01
28.7977 2.608693585463809916e-01
28.806 2.612153488431805393e-01
28.8143 2.615614168669143091e-01
28.8226 2.619075617580777227e-01
28.831 2.622537826559593888e-01
28.8393 2.626000786985852042e-01
28.8476 2.629464490227158557e-01
28.8559 2.632928927640493244e-01
28.8642 2.636394090567850124e-01
28.8725 2.639859970342443574e-01
28.8808 2.643326558283965455e-01
28.8891 2.646793845699474956e-01
28.8974 2.650261823885573520e-01
28.9057 2.653730484126246569e-01
28.9141 2.657199817693600696e-01
28.9224 2.660669815848514808e-01
28.9307 2.664140469839176850e-01
28.939 2.667611770902416635e-01
28.9473 2.671083710264735567e-01
28.9556 2.674556279138955439e-01
28.9639 2.678029468728945761e-01
28.9722 2.681503270224543378e-01
28.9805 2.684977674804764902e-01
28.9888 2.688452673639061818e-01
28.9972 2.691928257883897113e-01
29.0055 2.695404418684455017e-01
29.0138 2.698881147175737905e-01
29.0221 2.702358434480356397e-01
29.0304 2.705836271710382879e-01
29.0387 2.709314649967243249e-01
29.047 2.712793560340114873e-01
29.0553 2.716272993910021638e-01
29.0636 2.719752941743281416e-01
29.0719 2.723233394897403015e-01
29.0803 2.726714344419623459e-01
29.0886 2.730195781344716965e-01
29.0969 2.733677696698477710e-01
29.1052 2.737160081495966790e-01
29.1135 2.740642926739920715e-01
29.1218 2.744126223423182798e-01
29.1301 2.747609962529493632e-01
29.1384 2.751094135030998644e-01
29.1467 2.754578731889786303e-01
29.155 2.758063744056884481e-01
29.1634 2.761549162474100094e-01
29.1717 2.765034978073011018e-01
29.18 2.768521181773380135e-01
29.1883 2.772007764487210979e-01
29.1966 2.775494717115226662e-01
29.2049 2.778982030547653137e-01
29.2132 2.782469695666487386e-01
29.2215 2.785957703340949387e-01
29.2298 2.789446044432857819e-01
29.2381 2.792934709794592241e-01
29.2465 2.796423690266775508e-01
29.2548 2.799912976681715460e-01
29.2631 2.803402559862560595e-01
29.2714 2.806892430619793988e-01
29.2797 2.810382579757927379e-01
29.288 2.813872998072876053e-01
29.2963 2.817363676346399948e-01
29.3046 2.820854605353665945e-01
29.3129 2.824345775861815677e-01
29.3212 2.827837178627498060e-01
29.3295 2.831328804397208465e-01
29.3379 2.834820643909242155e-01
29.3462 2.838312687893734254e-01
29.3545 2.841804927071079900e-01
29.3628 2.845297352152126868e-01
29.3711 2.848789953838362088e-01
29.3794 2.852282722825471573e-01
29.3877 2.855775649798387716e-01
29.396 2.859268725431780012e-01
29.4043 2.862761940393312998e-01
29.4126 2.866255285342950709e-01
29.421 2.869748750931531700e-01
29.4293 2.873242327799351292e-01
29.4376 2.876736006581021576e-01
29.4459 2.880229777902000854e-01
29.4542 2.883723632379217583e-01
29.4625 2.887217560621546664e-01
29.4708 2.890711553229119435e-01
29.4791 2.894205600794384492e-01
29.4874 2.897699693901263363e-01
29.4957 2.901193823127234395e-01
29.5041 2.904687979040890267e-01
29.5124 2.908182152202122284e-01
29.5207 2.911676333163618624e-01
29.529 2.915170512470887654e-01
29.5373 2.918664680661143263e-01
29.5456 2.922158828263486940e-01
29.5539 2.925652945801544558e-01
29.5622 2.929147023789597792e-01
29.5705 2.932641052733633846e-01
29.5788 2.936135023135286182e-01
29.5872 2.939628925485073818e-01
29.5955 2.943122750270097954e-01
29.6038 2.946616487968873876e-01
29.6121 2.950110129049349217e-01
29.6204 2.953603663977018567e-01
29.6287 2.957097083210771804e-01
29.637 2.960590377198030199e-01
29.6453 2.964083536382420836e-01
29.6536 2.967576551200636348e-01
29.6619 2.971069412081608907e-01
29.6703 2.974562109448558034e-01
29.6786 2.978054633717153732e-01
29.6869 2.981546975296844870e-01
29.6952 2.985039124592039350e-01
29.7035 2.988531071997979072e-01
29.7118 2.992022807904782256e-01
29.7201 2.995514322696767873e-01
29.7284 2.999005606752483399e-01
29.7367 3.002496650441585646e-01
29.745 3.005987444131460462e-01
29.7534 3.009477978181098745e-01
29.7617 3.012968242940992636e-01
29.77 3.016458228761451643e-01
29.7783 3.019947925984630133e-01
29.7866 3.023437324943283877e-01
29.7949 3.026926415969356521e-01
29.8032 3.030415189387876684e-01
29.8115 3.033903635514857977e-01
29.8198 3.037391744665584037e-01
29.8281 3.040879507147810634e-01
29.8365 3.044366913263211183e-01
29.8448 3.047853953307987918e-01
29.8531 3.051340617574454517e-01
29.8614 3.054826896349791543e-01
29.8697 3.058312779914655333e-01
29.878 3.061798258545901374e-01
29.8863 3.065283322513923103e-01
29.8946 3.068767962084805734e-01
29.9029 3.072252167519787802e-01
29.9112 3.075735929077267339e-01
29.9195 3.079219237007742582e-01
29.9279 3.082702081558081342e-01
29.9362 3.086184452971544867e-01
29.9445 3.089666341485702294e-01
29.9528 3.093147737333868941e-01
29.9611 3.096628630745832944e-01
29.9694 3.100109011946902693e-01
29.9777 3.103588871155534279e-01
29.986 3.107068198589699737e-01
29.9943 3.110546984460434983e-01
30.0026 3.114025218976510523e-01
30.011 3.117502892342347010e-01
30.0193 3.120979994757058784e-01
30.0276 3.124456516417289942e-01
30.0359 3.127932447514853442e-01
30.0442 3.131407778239839734e-01
30.0525 3.134882498776996318e-01
30.0608 3.138356599306602046e-01
30.0691 3.141830070007281539e-01
30.0774 3.145302901053941835e-01
30.0857 3.148775082617500942e-01
30.0941 3.152246604865768798e-01
30.1024 3.155717457961226269e-01
30.1107 3.159187632067477769e-01
30.119 3.162657117343402602e-01
30.1273 3.166125903941096054e-01
30.1356 3.169593982014539124e-01
30.1439 3.173061341713480643e-01
30.1522 3.176527973183739251e-01
30.1605 3.179993866568072147e-01
30.1688 3.183459012009109967e-01
30.1772 3.186923399645346655e-01
30.1855 3.190387019609635666e-01
30.1938 3.193849862037830278e-01
30.2021 3.197311917060182695e-01
30.2104 3.200773174804846799e-01
30.2187 3.204233625399278140e-01
30.227 3.207693258964304794e-01
30.2353 3.211152065625362817e-01
30.2436 3.214610035501296870e-01
30.2519 3.218067158708267095e-01
30.2603 3.221523425364464233e-01
30.2686 3.224978825582250908e-01
30.2769 3.228433349474540415e-01
30.2852 3.231886987151638690e-01
30.2935 3.235339728721673969e-01
30.3018 3.238791564293659886e-01
30.3101 3.242242483972126998e-01
30.3184 3.245692477861419345e-01
30.3267 3.249141536064475422e-01
30.335 3.252589648683669732e-01
30.3434 3.256036805819861324e-01
30.3517 3.259482997571463980e-01
30.36 3.262928214036927010e-01
30.3683 3.266372445312559769e-01
30.3766 3.269815681495294446e-01
30.3849 3.273257912682286941e-01
30.3932 3.276699128966684138e-01
30.4015 3.280139320442310158e-01
30.4098 3.283578477202848678e-01
30.4181 3.287016589340225892e-01
30.4264 3.290453646947767430e-01
30.4348 3.293889640116933193e-01
30.4431 3.297324558938567463e-01
30.4514 3.300758393505232591e-01
30.4597 3.304191133905491906e-01
30.468 3.307622770231977150e-01
30.4763 3.311053292575534268e-01
30.4846 3.314482691025109617e-01
30.4929 3.317910955672798701e-01
30.5012 3.321338076610863554e-01
30.5095 3.324764043927673218e-01
30.5179 3.328188847715463083e-01
30.5262 3.331612478066954819e-01
30.5345 3.335034925074411016e-01
30.5428 3.338456178829657950e-01
30.5511 3.341876229426130607e-01
30.5594 3.345295066957935659e-01
30.5677 3.348712681520406576e-01
30.576 3.352129063208488247e-01
30.5843 3.355544202118785901e-01
30.5926 3.358958088348356075e-01
30.601 3.362370711994315253e-01
30.6093 3.365782063159249993e-01
30.6176 3.369192131940972335e-01
30.6259 3.372600908441166778e-01
30.6342 3.376008382764728033e-01
30.6425 3.379414545015723137e-01
30.6508 3.382819385299964399e-01
30.6591 3.386222893724215588e-01
30.6674 3.389625060397412626e-01
30.6757 3.393025875431206484e-01
30.6841 3.396425328938096344e-01
30.6924 3.399823411032776299e-01
30.7007 3.403220111830140837e-01
30.709 3.406615421448241365e-01
30.7173 3.410009330009365902e-01
30.7256 3.413401827634952590e-01
30.7339 3.416792904448285872e-01
30.7422 3.420182550577313130e-01
30.7505 3.423570756151037564e-01
30.7588 3.426957511301400028e-01
30.7672 3.430342806160610047e-01
30.7755 3.433726630866911766e-01
30.7838 3.437108975559097224e-01
30.7921 3.440489830378127278e-01
30.8004 3.443869185471942207e-01
30.8087 3.447247030983455196e-01
30.817 3.450623357064841468e-01
30.8253 3.453998153872190890e-01
30.8336 3.457371411557942920e-01
30.8419 3.460743120284726082e-01
30.8503 3.464113270214058127e-01
30.8586 3.467481851511406976e-01
30.8669 3.470848854347516887e-01
30.8752 3.474214268893776048e-01
30.8835 3.477578085328981161e-01
30.8918 3.480940293832709420e-01
30.9001 3.484300884586526426e-01
30.9084 3.487659847778753486e-01
30.9167 3.491017173601689838e-01
30.925 3.494372852250161032e-01
30.9333 3.497726873921922497e-01
30.9417 3.501079228820042077e-01
30.95 3.504429907154619217e-01
30.9583 3.507778899135253203e-01
30.9666 3.511126194974891201e-01
30.9749 3.514471784896945339e-01
30.9832 3.517815659123819105e-01
30.9915 3.521157807885086366e-01
30.9998 3.524498221414987809e-01
31.0081 3.527836889949934052e-01
31.0164 3.531173803732057248e-01
31.0248 3.534508953009221077e-01
31.0331 3.537842328035265549e-01
31.0414 3.541173919065298548e-01
31.0497 3.544503716362383816e-01
31.058 3.547831710193210530e-01
31.0663 3.551157890829668151e-01
31.0746 3.554482248551342760e-01
31.0829 3.557804773638168494e-01
31.0912 3.561125456378168574e-01
31.0995 3.564444287067441430e-01
31.1079 3.567761256003753600e-01
31.1162 3.571076353490728050e-01
31.1245 3.574389569840057956e-01
31.1328 3.577700895366283662e-01
31.1411 3.581010320391364576e-01
31.1494 3.584317835244407724e-01
31.1577 3.587623430257365076e-01
31.166 3.590927095769078092e-01
31.1743 3.594228822126964706e-01
31.1826 3.597528599682455197e-01
31.191 3.600826418792426042e-01
31.1993 3.604122269820890789e-01
31.2076 3.607416143140547704e-01
31.2159 3.610708029126287189e-01
31.2242 3.613997918163109890e-01
31.2325 3.617285800640274718e-01
31.2408 3.620571666954547352e-01
31.2491 3.623855507511358209e-01
31.2574 3.627137312719221907e-01
31.2657 3.630417072995699157e-01
31.2741 3.633694778764023359e-01
31.2824 3.636970420458136566e-01
31.2907 3.640243988515053375e-01
31.299 3.643515473378877156e-01
31.3073 3.646784865504138495e-01
31.3156 3.650052155349592931e-01
31.3239 3.653317333384417664e-01
31.3322 3.656580390082904142e-01
31.3405 3.659841315926141703e-01
31.3488 3.663100101405611375e-01
31.3572 3.666356737019441092e-01
31.3655 3.669611213271761763e-01
31.3738 3.672863520676555305e-01
31.3821 3.676113649754692569e-01
31.3904 3.679361591035466006e-01
31.3987 3.682607335056964915e-01
31.407 3.685850872363245490e-01
31.4153 3.689092193509840301e-01
31.4236 3.692331289055286736e-01
31.4319 3.695568149571497596e-01
31.4402 3.698802765637607681e-01
31.4486 3.702035127839183870e-01
31.4569 3.705265226772840870e-01
31.4652 3.708493053043148135e-01
31.4735 3.711718597260579289e-01
31.4818 3.714941850048664174e-01
31.4901 3.718162802037576764e-01
31.4984 3.721381443863635008e-01
31.5067 3.724597766179734704e-01
31.515 3.727811759641572742e-01
31.5233 3.731023414913754999e-01
31.5317 3.734232722673102023e-01
31.54 3.737439673604806556e-01
31.5483 3.740644258402175404e-01
31.5566 3.743846467768399688e-01
31.5649 3.747046292417554048e-01
31.5732 3.750243723072551605e-01
31.5815 3.753438750463111151e-01
31.5898 3.756631365332835371e-01
31.5981 3.759821558433373290e-01
31.6064 3.763009320526433665e-01
31.6148 3.766194642381996971e-01
31.6231 3.769377514780333782e-01
31.6314 3.772557928515524739e-01
31.6397 3.775735874386602076e-01
31.648 3.778911343205872408e-01
31.6563 3.782084325795620483e-01
31.6646 3.785254812985826556e-01
31.6729 3.788422795620454142e-01
31.6812 3.791588264552643861e-01
31.6895 3.794751210645208039e-01
31.6979 3.797911624771867500e-01
31.7062 3.801069497817246012e-01
31.7145 3.804224820676595509e-01
31.7228 3.807377584255031144e-01
31.7311 3.810527779470024856e-01
31.7394 3.813675397251891641e-01
31.7477 3.816820428535991905e-01
31.756 3.819962864273256931e-01
31.7643 3.823102695425401043e-01
31.7726 3.826239912963159129e-01
31.781 3.829374507873272160e-01
31.7893 3.832506471147462124e-01
31.7976 3.835635793791671300e-01
31.8059 3.838762466825048070e-01
31.8142 3.841886481277172471e-01
31.8225 3.845007828188541921e-01
31.8308 3.848126498608298030e-01
31.8391 3.851242483605964440e-01
31.8474 3.854355774256172928e-01
31.8557 3.857466361644157349e-01
31.8641 3.860574236871711640e-01
31.8724 3.863679391050938161e-01
31.8807 3.866781815304727310e-01
31.889 3.869881500769478122e-01
31.8973 3.872978438594081863e-01
31.9056 3.876072619939154307e-01
31.9139 3.879164035976028768e-01
31.9222 3.882252677892191195e-01
31.9305 3.885338536885061256e-01
31.9388 3.888421604162456968e-01
31.9471 3.891501870950034303e-01
31.9555 3.894579328481576619e-01
31.9638 3.897653968007163128e-01
31.9721 3.900725780786454822e-01
31.9804 3.903794758094863426e-01
31.9887 3.906860891218335574e-01
31.997 3.909924171457038744e-01
32.0053 3.912984590122619566e-01
32.0136 3.916042138543621154e-01
32.0219 3.919096808059520654e-01
32.0302 3.922148590019494119e-01
32.0386 3.925197475791258328e-01
32.0469 3.928243456756118079e-01
32.0552 3.931286524304513086e-01
32.0635 3.934326669842149182e-01
32.0718 3.937363884790712754e-01
32.0801 3.940398160583418186e-01
32.0884 3.943429488667195559e-01
32.0967 3.946457860501687565e-01
32.105 3.949483267563647648e-01
32.1133 3.952505701340036648e-01
32.1217 3.955525153332416499e-01
32.13 3.958541615062809993e-01
32.1383 3.961555078056764878e-01
32.1466 3.964565533860479052e-01
32.1549 3.967572974034404565e-01
32.1632 3.970577390150289432e-01
32.1715 3.973578773795554686e-01
32.1798 3.976577116573756232e-01
32.1881 3.979572410101621105e-01
32.1964 3.982564646009272846e-01
32.2048 3.985553815942404210e-01
32.2131 3.988539911561024276e-01
32.2214 3.991522924539919193e-01
32.2297 3.994502846571799104e-01
32.238 3.997479669357278387e-01
32.2463 4.000453384617998487e-01
32.2546 4.003423984088812504e-01
32.2629 4.006391459517270603e-01
32.2712 4.009355802669676838e-01
32.2795 4.012317005325212182e-01
32.2879 4.015275059277872427e-01
32.2962 4.018229956338603692e-01
32.3045 4.021181688332621240e-01
32.3128 4.024130247100580760e-01
32.3211 4.027075624498557826e-01
32.3294 4.030017812399225297e-01
32.3377 4.032956802688681397e-01
32.346 4.035892587270286658e-01
32.3543 4.038825158061254972e-01
32.3626 4.041754506998178620e-01
32.371 4.044680626030472403e-01
32.3793 4.047603507121560473e-01
32.3876 4.050523142256563514e-01
32.3959 4.053439523431169311e-01
32.4042 4.056352642658604402e-01
32.4125 4.059262491971998843e-01
32.4208 4.062169063413528236e-01
32.4291 4.065072349046416345e-01
32.4374 4.067972340950330445e-01
32.4457 4.070869031218227185e-01
32.454 4.073762411963526286e-01
32.4624 4.076652475311195456e-01
32.4707 4.079539213404921871e-01
32.479 4.082422618405401882e-01
32.4873 4.085302682492698567e-01
32.4956 4.088179397859019182e-01
32.5039 4.091052756712051930e-01
32.5122 4.093922751281144357e-01
32.5205 4.096789373809379686e-01
32.5288 4.099652616558322471e-01
32.5371 4.102512471806554761e-01
32.5455 4.105368931847013236e-01
32.5538 4.108221988990782281e-01
32.5621 4.111071635569201188e-01
32.5704 4.113917863926198071e-01
32.5787 4.116760666424937321e-01
32.587 4.119600035447303354e-01
32.5953 4.122435963389821101e-01
32.6036 4.125268442666949475e-01
32.6119 4.128097465711531577e-01
32.6202 4.130923024973803259e-01
32.6286 4.133745112921590747e-01
32.6369 4.136563722038384960e-01
32.6452 4.139378844827343862e-01
32.6535 4.142190473809349016e-01
32.6618 4.144998601519180315e-01
32.6701 4.147803220518287426e-01
32.6784 4.150604323376494986e-01
32.6867 4.153401902683350189e-01
32.695 4.156195951052109039e-01
32.7033 4.158986461108092891e-01
32.7117 4.161773425496942957e-01
32.72 4.164556836881981861e-01
32.7283 4.167336687944884210e-01
32.7366 4.170112971384927758e-01
32.7449 4.172885679918728608e-01
32.7532 4.175654806287511511e-01
32.7615 4.178420343241742718e-01
32.7698 4.181182283552886680e-01
32.7781 4.183940620015019207e-01
32.7864 4.186695345437944638e-01
32.7948 4.189446452649525643e-01
32.8031 4.192193934496821206e-01
32.8114 4.194937783845805734e-01
32.8197 4.197677993578285416e-01
32.828 4.200414556600313154e-01
32.8363 4.203147465832752783e-01
32.8446 4.205876714214060175e-01
32.8529 4.208602294706824121e-01
32.8612 4.211324200285982422e-01
32.8695 4.214042423952391592e-01
32.8779 4.216756958721071258e-01
32.8862 4.219467797625845451e-01
32.8945 4.222174933723055745e-01
32.9028 4.224878360084023399e-01
32.9111 4.227578069804373007e-01
32.9194 4.230274055994873716e-01
32.9277 4.232966311784440716e-01
32.936 4.235654830327786891e-01
32.9443 4.238339604793034399e-01
32.9526 4.241020628369818191e-01
32.9609 4.243697894266697523e-01
32.9693 4.246371395711570074e-01
32.9776 4.249041125953501585e-01
32.9859 4.251707078259885919e-01
32.9942 4.254369245916180264e-01
33.0025 4.257027622231898123e-01
33.0108 4.259682200532438623e-01
33.0191 4.262332974164626531e-01
33.0274 4.264979936493180634e-01
33.0357 4.267623080905086352e-01
33.044 4.270262400807229297e-01
33.0524 4.272897889624267531e-01
33.0607 4.275529540802534556e-01
33.069 4.278157347808605460e-01
33.0773 4.280781304126701770e-01
33.0856 4.283401403265600371e-01
33.0939 4.286017638748179648e-01
33.1022 4.288630004123393791e-01
33.1105 4.291238492956992445e-01
33.1188 4.293843098836327421e-01
33.1271 4.296443815368465868e-01
33.1355 4.299040636180365138e-01
33.1438 4.301633554921155955e-01
33.1521 4.304222565259082089e-01
33.1604 4.306807660881936672e-01
33.1687 4.309388835501146708e-01
33.177 4.311966082845983816e-01
33.1853 4.314539396665365012e-01
33.1936 4.317108770732861478e-01
33.2019 4.319674198838381329e-01
33.2102 4.322235674796622296e-01
33.2186 4.324793192440373191e-01
33.2269 4.327346745621166724e-01
33.2352 4.329896328217244239e-01
33.2435 4.332441934123207328e-01
33.2518 4.334983557254782904e-01
33.2601 4.337521191552438093e-01
33.2684 4.340054830971729616e-01
33.2767 4.342584469493551702e-01
33.285 4.345110101118822565e-01
33.2933 4.347631719869140543e-01
33.3017 4.350149319787408042e-01
33.31 4.352662894935974691e-01
33.3183 4.355172439402515416e-01
33.3266 4.357677947293140952e-01
33.3349 4.360179412733274362e-01
33.3432 4.362676829874657103e-01
33.3515 4.365170192886198008e-01
33.3598 4.367659495959169691e-01
33.3681 4.370144733307149143e-01
33.3764 4.372625899165302754e-01
33.3848 4.375102987786465558e-01
33.3931 4.377575993450871228e-01
33.4014 4.380044910458604224e-01
33.4097 4.382509733128195362e-01
33.418 4.384970455799533373e-01
33.4263 4.387427072840149878e-01
33.4346 4.389879578634079405e-01
33.4429 4.392327967587922877e-01
33.4512 4.394772234129903365e-01
33.4595 4.397212372712066553e-01
33.4678 4.399648377807079958e-01
33.4762 4.402080243905473478e-01
33.4845 4.404507965525073510e-01
33.4928 4.406931537204862304e-01
33.5011 4.409350953504249104e-01
33.5094 4.411766209004155948e-01
33.5177 4.414177298307646047e-01
33.526 4.416584216040326250e-01
33.5343 4.418986956850744496e-01
33.5426 4.421385515407644795e-01
33.5509 4.423779886403294004e-01
33.5593 4.426170064552528149e-01
33.5676 4.428556044588673468e-01
33.5759 4.430937821270670152e-01
33.5842 4.433315389379438587e-01
33.5925 4.435688743717382532e-01
33.6008 4.438057879108787684e-01
33.6091 4.440422790402236974e-01
33.6174 4.442783472464963967e-01
33.6257 4.445139920186839122e-01
33.634 4.447492128486572605e-01
33.6424 4.449840092297584482e-01
33.6507 4.452183806578243197e-01
33.659 4.454523266311353757e-01
33.6673 4.456858466499213911e-01
33.6756 4.459189402167791361e-01
33.6839 4.461516068366683241e-01
33.6922 4.463838460166829059e-01
33.7005 4.466156572660022750e-01
33.7088 4.468470400964208999e-01
33.7171 4.470779940218306270e-01
33.7255 4.473085185581713863e-01
33.7338 4.475386132241609416e-01
33.7421 4.477682775401992665e-01
33.7504 4.479975110292093721e-01
33.7587 4.482263132166091624e-01
33.767 4.484546836297511607e-01
33.7753 4.486826217983845289e-01
33.7836 4.489101272545382715e-01
33.7919 4.491371995327160804e-01
33.8002 4.493638381691596462e-01
33.8086 4.495900427030405933e-01
33.8169 4.498158126755242292e-01
33.8252 4.500411476297653812e-01
33.8335 4.502660471117221896e-01
33.8418 4.504905106694203631e-01
33.8501 4.507145378532353419e-01
33.8584 4.509381282156894599e-01
33.8667 4.511612813117108489e-01
33.875 4.513839966987611141e-01
33.8833 4.516062739359480438e-01
33.8917 4.518281125851671409e-01
33.9 4.520495122109850494e-01
33.9083 4.522704723793363191e-01
33.9166 4.524909926589711917e-01
33.9249 4.527110726215153313e-01
33.9332 4.529307118397056242e-01
33.9415 4.531499098896946687e-01
33.9498 4.533686663492628721e-01
33.9581 4.535869807983444746e-01
33.9664 4.538048528200284149e-01
33.9747 4.540222819995451409e-01
33.9831 4.542392679236039732e-01
33.9914 4.544558101818126361e-01
33.9997 4.546719083666058703e-01
34.008 4.548875620718387802e-01
34.0163 4.551027708942704253e-01
34.0246 4.553175344324423834e-01
34.0329 4.555318522880518750e-01
34.0412 4.557457240644594565e-01
34.0495 4.559591493674267637e-01
34.0578 4.561721278055266282e-01
34.0662 4.563846589891549232e-01
34.0745 4.565967425312243422e-01
34.0828 4.568083780470056920e-01
34.0911 4.570195651539925574e-01
34.0994 4.572303034721570958e-01
34.1077 4.574405926240965869e-01
34.116 4.576504322338545427e-01
34.1243 4.578598219288494975e-01
34.1326 4.580687613383058188e-01
34.1409 4.582772500936392879e-01
34.1493 4.584852878291026945e-01
34.1576 4.586928741811079902e-01
34.1659 4.589000087883295942e-01
34.1742 4.591066912914179010e-01
34.1825 4.593129213340546579e-01
34.1908 4.595186985622338738e-01
34.1991 4.597240226239732719e-01
34.2074 4.599288931696360883e-01
34.2157 4.601333098517945697e-01
34.224 4.603372723260900634e-01
34.2324 4.605407802499079106e-01
34.2407 4.607438332831731431e-01
34.249 4.609464310878919613e-01
34.2573 4.611485733288136490e-01
34.2656 4.613502596733611849e-01
34.2739 4.615514897902683877e-01
34.2822 4.617522633513198027e-01
34.2905 4.619525800310217423e-01
34.2988 4.621524395053914769e-01
34.3071 4.623518414532864496e-01
34.3155 4.625507855561190040e-01
34.3238 4.627492714968840515e-01
34.3321 4.629472989618932943e-01
34.3404 4.631448676394817054e-01
34.3487 4.633419772200241260e-01
34.357 4.635386273964872128e-01
34.3653 4.637348178644239427e-01
34.3736 4.639305483213259085e-01
34.3819 4.641258184675169374e-01
34.3902 4.643206280053985835e-01
34.3986 4.645149766398937174e-01
34.4069 4.647088640776942392e-01
34.4152 4.649022900288358184e-01
34.4235 4.650952542052403937e-01
34.4318 4.652877563211366696e-01
34.4401 4.654797960932706702e-01
34.4484 4.656713732404919592e-01
34.4567 4.658624874843057539e-01
34.465 4.660531385487372003e-01
34.4733 4.662433261596028444e-01
34.4816 4.664330500455272643e-01
34.49 4.666223099376816119e-01
34.4983 4.668111055690555844e-01
34.5066 4.669994366753872916e-01
34.5149 4.671873029946058686e-01
34.5232 4.673747042672070084e-01
34.5315 4.675616402359097923e-01
34.5398 4.677481106459466798e-01
34.5481 4.679341152445497531e-01
34.5564 4.681196537820055958e-01
34.5647 4.683047260104196141e-01
34.5731 4.684893316838825150e-01
34.5814 4.686734705600292816e-01
34.5897 4.688571423980447683e-01
34.598 4.690403469595477715e-01
34.6063 4.692230840087540655e-01
34.6146 4.694053533120062238e-01
34.6229 4.695871546381060746e-01
34.6312 4.697684877583519492e-01
34.6395 4.699493524465320204e-01
34.6478 4.701297484781188363e-01
34.6562 4.703096756316543781e-01
34.6645 4.704891336879867825e-01
34.6728 4.706681224298004951e-01
34.6811 4.708466416427068979e-01
34.6894 4.710246911145224424e-01
34.6977 4.712022706353891643e-01
34.706 4.713793799976023213e-01
34.7143 4.715560189961925941e-01
34.7226 4.717321874282067173e-01
34.7309 4.719078850935409797e-01
34.7393 4.720831117939719435e-01
34.7476 4.722578673336953470e-01
34.7559 4.724321515196980847e-01
34.7642 4.726059641607058270e-01
34.7725 4.727793050683076759e-01
34.7808 4.729521740561140608e-01
34.7891 4.731245709404620636e-01
34.7974 4.732964955396993800e-01
34.8057 4.734679476745554116e-01
34.814 4.736389271682185376e-01
34.8224 4.738094338463739175e-01
34.8307 4.739794675368202426e-01
34.839 4.741490280698001936e-01
34.8473 4.743181152779105125e-01
34.8556 4.744867289961797185e-01
34.8639 4.746548690618553890e-01
34.8722 4.748225353143151195e-01
34.8805 4.749897275959756859e-01
34.8888 4.751564457510412676e-01
34.8971 4.753226896262863210e-01
34.9055 4.754884590703457037e-01
34.9138 4.756537539346216148e-01
34.9221 4.758185740734863223e-01
34.9304 4.759829193426158844e-01
34.9387 4.761467896001474465e-01
34.947 4.763101847067985339e-01
34.9553 4.764731045260671149e-01
34.9636 4.766355489233155551e-01
34.9719 4.767975177661384900e-01
34.9802 4.769590109245642195e-01
34.9885 4.771200282708421558e-01
34.9969 4.772805696801402653e-01
35.0052 4.774406350293825541e-01
35.0135 4.776002241976980422e-01
35.0218 4.777593370672417739e-01
35.0301 4.779179735217852221e-01
35.0384 4.780761334474957214e-01
35.0467 4.782338167336309676e-01
35.055 4.783910232710507082e-01
35.0633 4.785477529524582163e-01
35.0716 4.787040056745777150e-01
35.08 4.788597813347316157e-01
35.0883 4.790150798330587434e-01
35.0966 4.791699010724660979e-01
35.1049 4.793242449580483733e-01
35.1132 4.794781113967545028e-01
35.1215 4.796315002981212383e-01
35.1298 4.797844115741850546e-01
35.1381 4.799368451385758738e-01
35.1464 4.800888009081913377e-01
35.1547 4.802402788020025959e-01
35.1631 4.803912787407225715e-01
35.1714 4.805418006475374870e-01
35.1797 4.806918444485506203e-01
35.188 4.808414100715505124e-01
35.1963 4.809904974462106964e-01
35.2046 4.811391065059221761e-01
35.2129 4.812872371847248254e-01
35.2212 4.814348894204467655e-01
35.2295 4.815820631522483852e-01
35.2378 4.817287583212722102e-01
35.2462 4.818749748720634885e-01
35.2545 4.820207127506896394e-01
35.2628 4.821659719054686710e-01
35.2711 4.823107522874528486e-01
35.2794 4.824550538496492624e-01
35.2877 4.825988765472189468e-01
35.296 4.827422203378366472e-01
35.3043 4.828850851814423528e-01
35.3126 4.830274710400729310e-01
35.3209 4.831693778781004367e-01
35.3293 4.833108056622279491e-01
35.3376 4.834517543614825774e-01
35.3459 4.835922239467655426e-01
35.3542 4.837322143915758210e-01
35.3625 4.838717256716003057e-01
35.3708 4.840107577649498949e-01
35.3791 4.841493106515493139e-01
35.3874 4.842873843138185141e-01
35.3957 4.844249787363437143e-01
35.404 4.845620939063574606e-01
35.4124 4.846987298126828048e-01
35.4207 4.848348864466982544e-01
35.429 4.849705638022090426e-01
35.4373 4.851057618746787425e-01
35.4456 4.852404806625111866e-01
35.4539 4.853747201660794097e-01
35.4622 4.855084803872378729e-01
35.4705 4.856417613312487003e-01
35.4788 4.857745630050861463e-01
35.4871 4.859068854175523366e-01
35.4954 4.860387285803585145e-01
35.5038 4.861700925068322965e-01
35.5121 4.863009772129578412e-01
35.5204 4.864313827166079629e-01
35.5287 4.865613090378594907e-01
35.537 4.866907561991891673e-01
35.5453 4.868197242254672097e-01
35.5536 4.869482131431922545e-01
35.5619 4.870762229813667687e-01
35.5702 4.872037537710124377e-01
35.5785 4.873308055458027699e-01
35.5869 4.874573783413402861e-01
35.5952 4.875834721948311135e-01
35.6035 4.877090871464384580e-01
35.6118 4.878342232383977572e-01
35.6201 4.879588805146937713e-01
35.6284 4.880830590219719101e-01
35.6367 4.882067588084174070e-01
35.645 4.883299799250253037e-01
35.6533 4.884527224249576305e-01
35.6616 4.885749863629012535e-01
35.67 4.886967717961778757e-01
35.6783 4.888180787840625263e-01
35.6866 4.889389073882547398e-01
35.6949 4.890592576723971074e-01
35.7032 4.891791297019519313e-01
35.7115 4.892985235451874915e-01
35.7198 4.894174392721415412e-01
35.7281 4.895358769551318989e-01
35.7364 4.896538366681968402e-01
35.7447 4.897713184879216031e-01
35.7531 4.898883224929591051e-01
35.7614 4.900048487639835915e-01
35.7697 4.901208973842013372e-01
35.778 4.902364684380394744e-01
35.7863 4.903515620126060459e-01
35.7946 4.904661781973655987e-01
35.8029 4.905803170831889992e-01
35.8112 4.906939787639257311e-01
35.8195 4.908071633348213281e-01
35.8278 4.909198708935378352e-01
35.8362 4.910321015397545730e-01
35.8445 4.911438553747302094e-01
35.8528 4.912551325029906879e-01
35.8611 4.913659330300409467e-01
35.8694 4.914762570640526240e-01
35.8777 4.915861047151899310e-01
35.886 4.916954760953687331e-01
35.8943 4.918043713189210742e-01
35.9026 4.919127905022346314e-01
35.9109 4.920207337637096945e-01
35.9193 4.921282012233227365e-01
35.9276 4.922351930041123369e-01
35.9359 4.923417092300553799e-01
35.9442 4.924477500280244335e-01
35.9525 4.925533155264876783e-01
35.9608 4.926584058563667212e-01
35.9691 4.927630211503651880e-01
35.9774 4.928671615427313024e-01
35.9857 4.929708271704247857e-01
35.994 4.930740181724083127e-01
36.0023 4.931767346894862514e-01
36.0107 4.932789768644959549e-01
36.019 4.933807448420292618e-01
36.0273 4.934820387688186316e-01
36.0356 4.935828587942379109e-01
36.0439 4.936832050688944595e-01
36.0522 4.937830777457943854e-01
36.0605 4.938824769796355540e-01
36.0688 4.939814029273880691e-01
36.0771 4.940798557478600084e-01
36.0854 4.941778356019267959e-01
36.0938 4.942753426523713300e-01
36.1021 4.943723770641505477e-01
36.1104 4.944689390039244681e-01
36.1187 4.945650286404018048e-01
36.127 4.946606461443734393e-01
36.1353 4.947557916887074803e-01
36.1436 4.948504654477250408e-01
36.1519 4.949446675982796529e-01
36.1602 4.950383983190171922e-01
36.1685 4.951316577902165061e-01
36.1769 4.952244461941714970e-01
36.1852 4.953167637156122849e-01
36.1935 4.954086105409644669e-01
36.2018 4.954999868583462308e-01
36.2101 4.955908928580651240e-01
36.2184 4.956813287319192796e-01
36.2267 4.957712946742334759e-01
36.235 4.958607908810063747e-01
36.2433 4.959498175498297523e-01
36.2516 4.960383748808843141e-01
36.26 4.961264630757800664e-01
36.2683 4.962140823379762589e-01
36.2766 4.963012328731219447e-01
36.2849 4.963879148884360881e-01
36.2932 4.964741285932427473e-01
36.3015 4.965598741988874743e-01
36.3098 4.966451519181582230e-01
36.3181 4.967299619665079824e-01
36.3264 4.968143045602094743e-01
36.3347 4.968981799179238990e-01
36.3431 4.969815882606944957e-01
36.3514 4.970645298105247356e-01
36.3597 4.971470047916394797e-01
36.368 4.972290134304397924e-01
36.3763 4.973105559547351673e-01
36.3846 4.973916325943110728e-01
36.3929 4.974722435807731324e-01
36.4012 4.975523891479622374e-01
36.4095 4.976320695307654973e-01
36.4178 4.977112849665261685e-01
36.4262 4.977900356939686244e-01
36.4345 4.978683219543023619e-01
36.4428 4.979461439900707553e-01
36.4511 4.980235020454164552e-01
36.4594 4.981003963666472689e-01
36.4677 4.981768272018884947e-01
36.476 4.982527948011552521e-01
36.4843 4.983282994157396395e-01
36.4926 4.984033412992325274e-01
36.5009 4.984779207067218665e-01
36.5092 4.985520378951674991e-01
36.5176 4.986256931236627277e-01
36.5259 4.986988866522912844e-01
36.5342 4.987716187434143023e-01
36.5425 4.988438896614746931e-01
36.5508 4.989156996719311676e-01
36.5591 4.989870490426202565e-01
36.5674 4.990579380425760325e-01
36.5757 4.991283669430107706e-01
36.584 4.991983360170460515e-01
36.5923 4.992678455387621339e-01
36.6007 4.993368957845185085e-01
36.609 4.994054870325698725e-01
36.6173 4.994736195623837305e-01
36.6256 4.995412936559179284e-01
36.6339 4.996085095958071043e-01
36.6422 4.996752676672434057e-01
36.6505 4.997415681565025580e-01
36.6588 4.998074113523326978e-01
36.6671 4.998727975444450244e-01
36.6754 4.999377270244129146e-01
36.6838 5.000022000860435689e-01
36.6921 5.000662170239443816e-01
36.7004 5.001297781349118843e-01
36.7087 5.001928837177364029e-01
36.717 5.002555340721867028e-01
36.7253 5.003177294999433533e-01
36.7336 5.003794703046696712e-01
36.7419 5.004407567913323751e-01
36.7502 5.005015892664234078e-01
36.7585 5.005619680387040082e-01
36.7669 5.006218934181151381e-01
36.7752 5.006813657159608910e-01
36.7835 5.007403852455407645e-01
36.7918 5.007989523225562234e-01
36.8001 5.008570672627138398e-01
36.8084 5.009147303840401078e-01
36.8167 5.009719420070624096e-01
36.825 5.010287024526397515e-01
36.8333 5.010850120439374056e-01
36.8416 5.011408711054156084e-01
36.85 5.011962799635705235e-01
36.8583 5.012512389457016715e-01
36.8666 5.013057483812491943e-01
36.8749 5.013598086015644828e-01
36.8832 5.014134199389036484e-01
36.8915 5.014665827273893095e-01
36.8998 5.015192973024876766e-01
36.9081 5.015715640017839316e-01
36.9164 5.016233831639753671e-01
36.9247 5.016747551292392027e-01
36.9331 5.017256802394525206e-01
36.9414 5.017761588382603222e-01
36.9497 5.018261912704431449e-01
36.958 5.018757778825427840e-01
36.9663 5.019249190227473845e-01
36.9746 5.019736150403686370e-01
36.9829 5.020218662868020099e-01
36.9912 5.020696731142998415e-01
36.9995 5.021170358772266695e-01
37.0078 5.021639549312042483e-01
37.0161 5.022104306331824919e-01
37.0245 5.022564633418787894e-01
37.0328 5.023020534173677776e-01
37.0411 5.023472012212620852e-01
37.0494 5.023919071170779294e-01
37.0577 5.024361714685721125e-01
37.066 5.024799946419497010e-01
37.0743 5.025233770053452176e-01
37.0826 5.025663189269020670e-01
37.0909 5.026088207772753114e-01
37.0992 5.026508829291080893e-01
37.1076 5.026925057551199227e-01
37.1159 5.027336896295356850e-01
37.1242 5.027744349290735881e-01
37.1325 5.028147420316556593e-01
37.1408 5.028546113161840303e-01
37.1491 5.028940431626485186e-01
37.1574 5.029330379534430184e-01
37.1657 5.029715960722241919e-01
37.174 5.030097179028835130e-01
37.1823 5.030474038316316010e-01
37.1907 5.030846542469201710e-01
37.199 5.031214695371325485e-01
37.2073 5.031578500924115405e-01
37.2156 5.031937963045086670e-01
37.2239 5.032293085667061128e-01
37.2322 5.032643872733406631e-01
37.2405 5.032990328202733288e-01
37.2488 5.033332456049223191e-01
37.2571 5.033670260256043472e-01
37.2654 5.034003744822955762e-01
37.2738 5.034332913762279427e-01
37.2821 5.034657771099587675e-01
37.2904 5.034978320876219993e-01
37.2987 5.035294567141238575e-01
37.307 5.035606513965950048e-01
37.3153 5.035914165430409595e-01
37.3236 5.036217525621218272e-01
37.3319 5.036516598648199672e-01
37.3402 5.036811388631282638e-01
37.3485 5.037101899696130314e-01
37.3569 5.037388135994772531e-01
37.3652 5.037670101684901258e-01
37.3735 5.037947800934192699e-01
37.3818 5.038221237926803209e-01
37.3901 5.038490416858983911e-01
37.3984 5.038755341941575372e-01
37.4067 5.039016017400346215e-01
37.415 5.039272447463292171e-01
37.4233 5.039524636376895295e-01
37.4316 5.039772588406068454e-01
37.44 5.040016307826178377e-01
37.4483 5.040255798912910423e-01
37.4566 5.040491065968590867e-01
37.4649 5.040722113304823004e-01
37.4732 5.040948945239940304e-01
37.4815 5.041171566106186219e-01
37.4898 5.041389980257241499e-01
37.4981 5.041604192048022570e-01
37.5064 5.041814205847623409e-01
37.5147 5.042020026038914748e-01
37.523 5.042221657022114556e-01
37.5314 5.042419103196771335e-01
37.5397 5.042612368981517212e-01
37.548 5.042801458814378801e-01
37.5563 5.042986377134431875e-01
37.5646 5.043167128392204157e-01
37.5729 5.043343717055718267e-01
37.5812 5.043516147606167399e-01
37.5895 5.043684424527856702e-01
37.5978 5.043848552321411605e-01
37.6061 5.044008535502696455e-01
37.6145 5.044164378592024267e-01
37.6228 5.044316086127735854e-01
37.6311 5.044463662652576286e-01
37.6394 5.044607112725111309e-01
37.6477 5.044746440918967956e-01
37.656 5.044881651810674272e-01
37.6643 5.045012749989266077e-01
37.6726 5.045139740059835232e-01
37.6809 5.045262626638841175e-01
37.6892 5.045381414346261639e-01
37.6976 5.045496107818380205e-01
37.7059 5.045606711704914149e-01
37.7142 5.045713230657591364e-01
37.7225 5.045815669351464416e-01
37.7308 5.045914032461776833e-01
37.7391 5.046008324677794254e-01
37.7474 5.046098550701706431e-01
37.7557 5.046184715240796814e-01
37.764 5.046266823018403791e-01
37.7723 5.046344878768939113e-01
37.7807 5.046418887235011308e-01
37.789 5.046488853165274069e-01
37.7973 5.046554781323983052e-01
37.8056 5.046616676485631281e-01
37.8139 5.046674543439180205e-01
37.8222 5.046728386968923896e-01
37.8305 5.046778211884535015e-01
37.8388 5.046824023000162640e-01
37.8471 5.046865825140779416e-01
37.8554 5.046903623138609962e-01
37.8638 5.046937421838069149e-01
37.8721 5.046967226097119896e-01
37.8804 5.046993040774566675e-01
37.8887 5.047014870747302817e-01
37.897 5.047032720897237645e-01
37.9053 5.047046596120793316e-01
37.9136 5.047056501320761335e-01
37.9219 5.047062441404889244e-01
37.9302 5.047064421304141568e-01
37.9385 5.047062445940307951e-01
37.9469 5.047056520259401990e-01
37.9552 5.047046649214043113e-01
37.9635 5.047032837763771873e-01
37.9718 5.047015090873658849e-01
37.9801 5.046993413525130423e-01
37.9884 5.046967810706473045e-01
37.9967 5.046938287412469082e-01
38.005 5.046904848653827047e-01
38.0133 5.046867499441739513e-01
38.0216 5.046826244798033878e-01
38.0299 5.046781089760020711e-01
38.0383 5.046732039371386591e-01
38.0466 5.046679098680771913e-01
38.0549 5.046622272745237003e-01
38.0632 5.046561566634095719e-01
38.0715 5.046496985428523541e-01
38.0798 5.046428534212106243e-01
38.0881 5.046356218078170697e-01
38.0964 5.046280042130432131e-01
38.1047 5.046200011479495817e-01
38.113 5.046116131248413739e-01
38.1214 5.046028406565671309e-01
38.1297 5.045936842564500147e-01
38.138 5.045841444393625030e-01
38.1463 5.045742217202976443e-01
38.1546 5.045639166156202782e-01
38.1629 5.045532296424020124e-01
38.1712 5.045421613184898346e-01
38.1795 5.045307121621218638e-01
38.1878 5.045188826929314363e-01
38.1961 5.045066734313208290e-01
38.2045 5.044940848983879844e-01
38.2128 5.044811176153372045e-01
38.2211 5.044677721047927665e-01
38.2294 5.044540488907972575e-01
38.2377 5.044399484969720460e-01
38.246 5.044254714480411739e-01
38.2543 5.044106182700003327e-01
38.2626 5.043953894892848622e-01
38.2709 5.043797856329756968e-01
38.2792 5.043638072291409813e-01
38.2876 5.043474548060425944e-01
38.2959 5.043307288933402965e-01
38.3042 5.043136300211229495e-01
38.3125 5.042961587201155726e-01
38.3208 5.042783155225709635e-01
38.3291 5.042601009603048245e-01
38.3374 5.042415155658651615e-01
38.3457 5.042225598737700709e-01
38.354 5.042032344184038672e-01
38.3623 5.041835397344305303e-01
38.3707 5.041634763580973289e-01
38.379 5.041430448255491692e-01
38.3873 5.041222456745431124e-01
38.3956 5.041010794427641661e-01
38.4039 5.040795466685457082e-01
38.4122 5.040576478914147174e-01
38.4205 5.040353836511982655e-01
38.4288 5.040127544884340782e-01
38.4371 5.039897609444361493e-01
38.4454 5.039664035610189607e-01
38.4538 5.039426828808376557e-01
38.4621 5.039185994469085328e-01
38.4704 5.038941538032207790e-01
38.4787 5.038693464941887967e-01
38.487 5.038441780646503165e-01
38.4953 5.038186490607521328e-01
38.5036 5.037927600288555352e-01
38.5119 5.037665115153303619e-01
38.5202 5.037399040678498530e-01
38.5285 5.037129382349787576e-01
38.5368 5.036856145655576045e-01
38.5452 5.036579336082248615e-01
38.5535 5.036298959134585251e-01
38.5618 5.036015020320754321e-01
38.5701 5.035727525144819694e-01
38.5784 5.035436479127134435e-01
38.5867 5.035141887790707260e-01
38.595 5.034843756663920367e-01
38.6033 5.034542091280492793e-01
38.6116 5.034236897179494852e-01
38.6199 5.033928179905294842e-01
38.6283 5.033615945009606296e-01
38.6366 5.033300198048064056e-01
38.6449 5.032980944584274363e-01
38.6532 5.032658190183705305e-01
38.6615 5.032331940414352944e-01
38.6698 5.032002200858899377e-01
38.6781 5.031668977096437345e-01
38.6864 5.031332274718673947e-01
38.6947 5.030992099318422062e-01
38.703 5.030648456486217501e-01
38.7114 5.030301351829894463e-01
38.7197 5.029950790961719154e-01
38.728 5.029596779492310210e-01
38.7363 5.029239323032653752e-01
38.7446 5.028878427206906476e-01
38.7529 5.028514097653036252e-01
38.7612 5.028146339995172021e-01
38.7695 5.027775159867197141e-01
38.7778 5.027400562918771243e-01
38.7861 5.027022554791753528e-01
38.7945 5.026641141135681501e-01
38.8028 5.026256327605723717e-01
38.8111 5.025868119864016492e-01
38.8194 5.025476523574933241e-01
38.8277 5.025081544407098422e-01
38.836 5.024683188032025294e-01
38.8443 5.024281460124776499e-01
38.8526 5.023876366369981472e-01
38.8609 5.023467912453779549e-01
38.8692 5.023056104067143979e-01
38.8776 5.022640946897853897e-01
38.8859 5.022222446649211580e-01
38.8942 5.021800609024636985e-01
38.9025 5.021375439725646039e-01
38.9108 5.020946944466554429e-01
38.9191 5.020515128955744810e-01
38.9274 5.020079998915701891e-01
38.9357 5.019641560070293718e-01
38.944 5.019199818140769320e-01
38.9523 5.018754778853753429e-01
38.9607 5.018306447947895599e-01
38.969 5.017854831158521378e-01
38.9773 5.017399934219626267e-01
38.9856 5.016941762886506506e-01
38.9939 5.016480322894459887e-01
39.0022 5.016015619998061004e-01
39.0105 5.015547659955151838e-01
39.0188 5.015076448520865426e-01
39.0271 5.014601991454252783e-01
39.0354 5.014124294518942371e-01
39.0437 5.013643363483121229e-01
39.0521 5.013159204119522760e-01
39.0604 5.012671822198119242e-01
39.0687 5.012181223501355198e-01
39.077 5.011687413800284263e-01
39.0853 5.011190398884374231e-01
39.0936 5.010690184538957315e-01
39.1019 5.010186776548550824e-01
39.1102 5.009680180710075481e-01
39.1185 5.009170402816293111e-01
39.1268 5.008657448663744738e-01
39.1352 5.008141324052078902e-01
39.1435 5.007622034786013421e-01
39.1518 5.007099586666088342e-01
39.1601 5.006573985511088010e-01
39.1684 5.006045237121744540e-01
39.1767 5.005513347314372030e-01
39.185 5.004978321907659344e-01
39.1933 5.004440166716730420e-01
39.2016 5.003898887563678066e-01
39.2099 5.003354490271627597e-01
39.2183 5.002806980666696379e-01
39.2266 5.002256364578639980e-01
39.2349 5.001702647831641757e-01
39.2432 5.001145836264025979e-01
39.2515 5.000585935708522500e-01
39.2598 5.000022952000806598e-01
39.2681 4.999456890980144563e-01
39.2764 4.998887758490034861e-01
39.2847 4.998315560373604582e-01
39.293 4.997740302468368645e-01
39.3014 4.997161990629151451e-01
39.3097 4.996580630703831849e-01
39.318 4.995996228541194073e-01
39.3263 4.995408789993549536e-01
39.3346 4.994818320916709631e-01
39.3429 4.994224827167376146e-01
39.3512 4.993628314598546059e-01
39.3595 4.993028789073234441e-01
39.3678 4.992426256458571410e-01
39.3761 4.991820722604262128e-01
39.3845 4.991212193382392193e-01
39.3928 4.990600674661307412e-01
39.4011 4.989986172302352530e-01
39.4094 4.989368692176170961e-01
39.4177 4.988748240152905411e-01
39.426 4.988124822103503497e-01
39.4343 4.987498443902957379e-01
39.4426 4.986869111423142265e-01
39.4509 4.986236830536711628e-01
39.4592 4.985601607125544898e-01
39.4676 4.984963447063826547e-01
39.4759 4.984322356232999685e-01
39.4842 4.983678340504864024e-01
39.4925 4.983031405768841848e-01
39.5008 4.982381557904698166e-01
39.5091 4.981728802792928512e-01
39.5174 4.981073146319285327e-01
39.5257 4.980414594366345260e-01
39.534 4.979753152819984541e-01
39.5423 4.979088827569360109e-01
39.5506 4.978421624497852971e-01
39.559 4.977751549492764327e-01
39.5673 4.977078608446597885e-01
39.5756 4.976402807242188975e-01
39.5839 4.975724151773375237e-01
39.5922 4.975042647932710893e-01
39.6005 4.974358301605659172e-01
39.6088 4.973671118686072701e-01
39.6171 4.972981105063283835e-01
39.6254 4.972288266633703713e-01
39.6337 4.971592609284705144e-01
39.6421 4.970894138915873950e-01
39.6504 4.970192861417753738e-01
39.6587 4.969488782680206440e-01
39.667 4.968781908597568187e-01
39.6753 4.968072245067983728e-01
39.6836 4.967359797986319325e-01
39.6919 4.966644573241613125e-01
39.7002 4.965926576730550490e-01
39.7085 4.965205814345895474e-01
39.7168 4.964482291986112017e-01
39.7252 4.963756015544455447e-01
39.7335 4.963026990913456671e-01
39.7418 4.962295223985563331e-01
39.7501 4.961560720661455370e-01
39.7584 4.960823486832744988e-01
39.7667 4.960083528389028218e-01
39.775 4.959340851226832769e-01
39.7833 4.958595461240652980e-01
39.7916 4.957847364324863837e-01
39.7999 4.957096566367332202e-01
39.8083 4.956343073262826637e-01
39.8166 4.955586890909176589e-01
39.8249 4.954828025190027296e-01
39.8332 4.954066481994643945e-01
39.8415 4.953302267222979838e-01
39.8498 4.952535386756992120e-01
39.8581 4.951765846492506840e-01
39.8664 4.950993652316907911e-01
39.8747 4.950218810111061685e-01
39.883 4.949441325770945199e-01
39.8914 4.948661205185360679e-01
39.8997 4.947878454230862366e-01
39.908 4.947093078798455168e-01
39.9163 4.946305084773874317e-01
39.9246 4.945514478038227080e-01
39.9329 4.944721264474979394e-01
39.9412 4.943925449964233221e-01
39.9495 4.943127040392870652e-01
39.9578 4.942326041638068213e-01
39.9661 4.941522459574901327e-01
39.9745 4.940716300079517342e-01
39.9828 4.939907569040514757e-01
39.9911 4.939096272324757786e-01
39.9994 4.938282415803335601e-01
40.0077 4.937466005361663690e-01
40.016 4.936647046861545318e-01
40.0243 4.935825546173416289e-01
40.0326 4.935001509178856272e-01
40.0409 4.934174941736473308e-01
40.0492 4.933345849707823083e-01
40.0575 4.932514238969992748e-01
40.0659 4.931680115383430540e-01
40.0742 4.930843484813393629e-01
40.0825 4.930004353116074767e-01
40.0908 4.929162726150580487e-01
40.0991 4.928318609781437432e-01
40.1074 4.927472009861585400e-01
40.1157 4.926622932245614539e-01
40.124 4.925771382787855202e-01
40.1323 4.924917367341130614e-01
40.1406 4.924060891753605507e-01
40.149 4.923201961875072752e-01
40.1573 4.922340583551295667e-01
40.1656 4.921476762629658497e-01
40.1739 4.920610504952260267e-01
40.1822 4.919741816356548170e-01
40.1905 4.918870702685342877e-01
40.1988 4.917997169774301902e-01
40.2071 4.917121223462564972e-01
40.2154 4.916242869581491370e-01
40.2237 4.915362113960908830e-01
40.2321 4.914478962433501685e-01
40.2404 4.913593420822296998e-01
40.2487 4.912705494956290386e-01
40.257 4.911815190659198360e-01
40.2653 4.910922513750084484e-01
40.2736 4.910027470048356490e-01
40.2819 4.909130065368768059e-01
40.2902 4.908230305531398607e-01
40.2985 4.907328196342326532e-01
40.3068 4.906423743614200528e-01
40.3152 4.905516953156880411e-01
40.3235 4.904607830769982524e-01
40.3318 4.903696382260918640e-01
40.3401 4.902782613428725567e-01
40.3484 4.901866530071519179e-01
40.3567 4.900948137986503861e-01
40.365 4.900027442961892854e-01
40.3733 4.899104450793057008e-01
40.3816 4.898179167265137579e-01
40.3899 4.897251598163600561e-01
40.3983 4.896321749273618851e-01
40.4066 4.895389626373243819e-01
40.4149 4.894455235240229851e-01
40.4232 4.893518581648318988e-01
40.4315 4.892579671372813688e-01
40.4398 4.891638510181902655e-01
40.4481 4.890695103836678048e-01
40.4564 4.889749458109064473e-01
40.4647 4.888801578754608523e-01
40.473 4.887851471530418324e-01
40.4814 4.886899142197008716e-01
40.4897 4.885944596505325532e-01
40.498 4.884987840201085452e-01
40.5063 4.884028879030324899e-01
40.5146 4.883067718740630170e-01
40.5229 4.882104365066958218e-01
40.5312 4.881138823748904509e-01
40.5395 4.880171100525756978e-01
40.5478 4.879201201123579135e-01
40.5561 4.878229131266909602e-01
40.5645 4.877254896687989172e-01
40.5728 4.876278503101540984e-01
40.5811 4.875299956231217702e-01
40.5894 4.874319261789312741e-01
40.5977 4.873336425482303058e-01
40.606 4.872351453033559876e-01
40.6143 4.871364350142830535e-01
40.6226 4.870375122500381626e-01
40.6309 4.869383775812138881e-01
40.6392 4.868390315778209354e-01
40.6475 4.867394748085543399e-01
40.6559 4.866397078428768008e-01
40.6642 4.865397312478346725e-01
40.6725 4.864395455927719158e-01
40.6808 4.863391514458403342e-01
40.6891 4.862385493731460340e-01
40.6974 4.861377399424792189e-01
40.7057 4.860367237208064184e-01
40.714 4.859355012741505830e-01
40.7223 4.858340731680796387e-01
40.7306 4.857324399691101413e-01
40.739 4.856306022422052782e-01
40.7473 4.855285605520575642e-01
40.7556 4.854263154633319810e-01
40.7639 4.853238675401793101e-01
40.7722 4.852212173458094746e-01
40.7805 4.851183654443801951e-01
40.7888 4.850153123988044657e-01
40.7971 4.849120587713610098e-01
40.8054 4.848086051244239747e-01
40.8137 4.847049520197335148e-01
40.8221 4.846011000188216178e-01
40.8304 4.844970496828907569e-01
40.8387 4.843928015727530512e-01
40.847 4.842883562476792414e-01
40.8553 4.841837142685523898e-01
40.8636 4.840788761947140695e-01
40.8719 4.839738425848146841e-01
40.8802 4.838686139979043177e-01
40.8885 4.837631909914346662e-01
40.8968 4.836575741241037063e-01
40.9052 4.835517639531336509e-01
40.9135 4.834457610353596890e-01
40.9218 4.833395659271708666e-01
40.9301 4.832331791843895719e-01
40.9384 4.831266013639620716e-01
40.9467 4.830198330204564794e-01
40.955 4.829128747086003925e-01
40.9633 4.828057269829780784e-01
40.9716 4.826983903977901669e-01
40.9799 4.825908655061904584e-01
40.9883 4.824831528614319520e-01
40.9966 4.823752530165056340e-01
41.0049 4.822671665237785454e-01
41.0132 4.821588939344539915e-01
41.0215 4.820504358001965750e-01
41.0298 4.819417926723493228e-01
41.0381 4.818329651007928760e-01
41.0464 4.817239536357490470e-01
41.0547 4.816147588270596747e-01
41.063 4.815053812233469066e-01
41.0714 4.813958213735144431e-01
41.0797 4.812860798259672723e-01
41.088 4.811761571280130378e-01
41.0963 4.810660538273012765e-01
41.1046 4.809557704708046777e-01
41.1129 4.808453076041012686e-01
41.1212 4.807346657741890517e-01
41.1295 4.806238455255358311e-01
41.1378 4.805128474029529140e-01
41.1461 4.804016719517730793e-01
41.1544 4.802903197154607118e-01
41.1628 4.801787912375843903e-01
41.1711 4.800670870612798735e-01
41.1794 4.799552077287727037e-01
41.1877 4.798431537823938386e-01
41.196 4.797309257636847568e-01
41.2043 4.796185242136367100e-01
41.2126 4.795059496732869131e-01
41.2209 4.793932026820516556e-01
41.2292 4.792802837795137605e-01
41.2375 4.791671935058387510e-01
41.2459 4.790539323982644926e-01
41.2542 4.789405009957430348e-01
41.2625 4.788268998359659911e-01
41.2708 4.787131294554858862e-01
41.2791 4.785991903913793255e-01
41.2874 4.784850831792880066e-01
41.2957 4.783708083553188661e-01
41.304 4.782563664544421944e-01
41.3123 4.781417580107303333e-01
41.3206 4.780269835589584515e-01
41.329 4.779120436322343846e-01
41.3373 4.777969387635993548e-01
41.3456 4.776816694856729772e-01
41.3539 4.775662363304171154e-01
41.3622 4.774506398293136833e-01
41.3705 4.773348805133066919e-01
41.3788 4.772189589126840104e-01
41.3871 4.771028755574927560e-01
41.3954 4.769866309771839119e-01
41.4037 4.768702257000826394e-01
41.4121 4.767536602549831137e-01
41.4204 4.766369351697900547e-01
41.4287 4.765200509710492693e-01
41.437 4.764030081857762444e-01
41.4453 4.762858073404537262e-01
41.4536 4.761684489606783921e-01
41.4619 4.760509335709866563e-01
41.4702 4.759332616962676510e-01
41.4785 4.758154338601156552e-01
41.4868 4.756974505867133107e-01
41.4952 4.755793123985970761e-01
41.5035 4.754610198175416302e-01
41.5118 4.753425733659692454e-01
41.5201 4.752239735650707897e-01
41.5284 4.751052209355112188e-01
41.5367 4.749863159973718441e-01
41.545 4.748672592702100070e-01
41.5533 4.747480512728832203e-01
41.5616 4.746286925233164089e-01
41.5699 4.745091835410786829e-01
41.5783 4.743895248422897448e-01
41.5866 4.742697169438947480e-01
41.5949 4.741497603619095891e-01
41.6032 4.740296556118308025e-01
41.6115 4.739094032092787123e-01
41.6198 4.737890036685956652e-01
41.6281 4.736684575034899036e-01
41.6364 4.735477652272699900e-01
41.6447 4.734269273529037592e-01
41.653 4.733059443925514698e-01
41.6613 4.731848168580341518e-01
41.6697 4.730635452597844459e-01
41.678 4.729421301087710638e-01
41.6863 4.728205719150420649e-01
41.6946 4.726988711868537196e-01
41.7029 4.725770284338717264e-01
41.7112 4.724550441644947418e-01
41.7195 4.723329188849259563e-01
41.7278 4.722106531031273202e-01
41.7361 4.720882473256804990e-01
41.7444 4.719657020578465478e-01
41.7528 4.718430178047868795e-01
41.7611 4.717201950713895142e-01
41.7694 4.715972343612826467e-01
41.7777 4.714741361777071704e-01
41.786 4.713509010243271957e-01
41.7943 4.712275294023338668e-01
41.8026 4.711040218134019408e-01
41.8109 4.709803787600356229e-01
41.8192 4.708566007410548426e-01
41.8275 4.707326882562277715e-01
41.8359 4.706086418054591380e-01
41.8442 4.704844618873458839e-01
41.8525 4.703601489994674312e-01
41.8608 4.702357036390800160e-01
41.8691 4.701111263032907717e-01
41.8774 4.699864174884223478e-01
41.8857 4.698615776896111762e-01
41.894 4.697366074019037052e-01
41.9023 4.696115071198536661e-01
41.9106 4.694862773365431341e-01
41.919 4.693609185455999699e-01
41.9273 4.692354312390676352e-01
41.9356 4.691098159094781450e-01
41.9439 4.689840730477809472e-01
41.9522 4.688582031439206266e-01
41.9605 4.687322066886770444e-01
41.9688 4.686060841709635549e-01
41.9771 4.684798360796679217e-01
41.9854 4.683534629033072050e-01
41.9937 4.682269651288243351e-01
42.0021 4.681003432431377620e-01
42.0104 4.679735977322824203e-01
42.0187 4.678467290826712199e-01
42.027 4.677197377788598898e-01
42.0353 4.675926243048682540e-01
42.0436 4.674653891446368115e-01
42.0519 4.673380327813419499e-01
42.0602 4.672105556973958351e-01
42.0685 4.670829583744482427e-01
42.0768 4.669552412938443031e-01
42.0852 4.668274049363393963e-01
42.0935 4.666994497812435583e-01
42.1018 4.665713763084213261e-01
42.1101 4.664431849961225840e-01
42.1184 4.663148763221829363e-01
42.1267 4.661864507644793987e-01
42.135 4.660579087997351322e-01
42.1433 4.659292509034623775e-01
42.1516 4.658004775512750162e-01
42.1599 4.656715892179778549e-01
42.1682 4.655425863779078521e-01
42.1766 4.654134695039121583e-01
42.1849 4.652842390694537089e-01
42.1932 4.651548955471887514e-01
42.2015 4.650254394073779496e-01
42.2098 4.648958711210702810e-01
42.2181 4.647661911593629624e-01
42.2264 4.646363999916430232e-01
42.2347 4.645064980864400117e-01
42.243 4.643764859119949850e-01
42.2513 4.642463639364303729e-01
42.2597 4.641161326261634690e-01
42.268 4.639857924473824169e-01
42.2763 4.638553438665553030e-01
42.2846 4.637247873483352767e-01
42.2929 4.635941233567525965e-01
42.3012 4.634633523552706968e-01
42.3095 4.633324748076357857e-01
42.3178 4.632014911759548825e-01
42.3261 4.630704019217713463e-01
42.3344 4.629392075061784517e-01
42.3428 4.628079083893691936e-01
42.3511 4.626765050314265437e-01
42.3594 4.625449978909706439e-01
42.3677 4.624133874268517297e-01
42.376 4.622816740966289029e-01
42.3843 4.621498583566840401e-01
42.3926 4.620179406645888442e-01
42.4009 4.618859214751063202e-01
42.4092 4.617538012434588834e-01
42.4175 4.616215804245954457e-01
42.4259 4.614892594716189511e-01
42.4342 4.613568388374179041e-01
42.4425 4.612243189751162875e-01
42.4508 4.610917003357147825e-01
42.4591 4.609589833705075579e-01
42.4674 4.608261685304641531e-01
42.4757 4.606932562637072182e-01
42.484 4.605602470203369325e-01
42.4923 4.604271412489541748e-01
42.5006 4.602939393959342707e-01
42.509 4.601606419098538958e-01
42.5173 4.600272492362822985e-01
42.5256 4.598937618202479372e-01
42.5339 4.597601801074691075e-01
42.5422 4.596265045417256001e-01
42.5505 4.594927355674325309e-01
42.5588 4.593588736267894546e-01
42.5671 4.592249191616275539e-01
42.5754 4.590908726142468033e-01
42.5837 4.589567344255737202e-01
42.5921 4.588225050357773172e-01
42.6004 4.586881848834898912e-01
42.6087 4.585537744082049949e-01
42.617 4.584192740484386297e-01
42.6253 4.582846842406716470e-01
42.6336 4.581500054227492513e-01
42.6419 4.580152380304837179e-01
42.6502 4.578803824981592663e-01
42.6585 4.577454392617583134e-01
42.6668 4.576104087554014876e-01
42.6751 4.574752914115735036e-01
42.6835 4.573400876632356948e-01
42.6918 4.572047979426592801e-01
42.7001 4.570694226809824401e-01
42.7084 4.569339623081567492e-01
42.7167 4.567984172553883893e-01
42.725 4.566627879514227883e-01
42.7333 4.565270748239890763e-01
42.7416 4.563912783016288444e-01
42.7499 4.562553988116468395e-01
42.7582 4.561194367803337313e-01
42.7666 4.559833926327468423e-01
42.7749 4.558472667949790003e-01
42.7832 4.557110596916139622e-01
42.7915 4.555747717451765766e-01
42.7998 4.554384033794496300e-01
42.8081 4.553019550164906781e-01
42.8164 4.551654270782898859e-01
42.8247 4.550288199852812188e-01
42.833 4.548921341579983957e-01
42.8413 4.547553700158627477e-01
42.8497 4.546185279778456323e-01
42.858 4.544816084622488872e-01
42.8663 4.543446118862652927e-01
42.8746 4.542075386667508985e-01
42.8829 4.540703892192353153e-01
42.8912 4.539331639600682200e-01
42.8995 4.537958633034495648e-01
42.9078 4.536584876636310937e-01
42.9161 4.535210374533777955e-01
42.9244 4.533835130851239792e-01
42.9328 4.532459149715220570e-01
42.9411 4.531082435236863937e-01
42.9494 4.529704991517990442e-01
42.9577 4.528326822657692818e-01
42.966 4.526947932746310799e-01
42.9743 4.525568325865441666e-01
42.9826 4.524188006096717118e-01
42.9909 4.522806977509212789e-01
42.9992 4.521425244167129320e-01
43.0075 4.520042810120492582e-01
43.0159 4.518659679420501951e-01
43.0242 4.517275856116229615e-01
43.0325 4.515891344241521055e-01
43.0408 4.514506147814473236e-01
43.0491 4.513120270862571171e-01
43.0574 4.511733717403562660e-01
43.0657 4.510346491437307592e-01
43.074 4.508958596969239729e-01
43.0823 4.507570037995097256e-01
43.0906 4.506180818492769302e-01
43.099 4.504790942442475910e-01
43.1073 4.503400413824580339e-01
43.1156 4.502009236597821484e-01
43.1239 4.500617414718935949e-01
43.1322 4.499224952142111267e-01
43.1405 4.497831852813013453e-01
43.1488 4.496438120662278881e-01
43.1571 4.495043759625090285e-01
43.1654 4.493648773629229098e-01
43.1737 4.492253166578245582e-01
43.182 4.490856942386247108e-01
43.1904 4.489460104960497633e-01
43.1987 4.488062658191687149e-01
43.207 4.486664605962081276e-01
43.2153 4.485265952162869607e-01
43.2236 4.483866700666529481e-01
43.2319 4.482466855331734279e-01
43.2402 4.481066420023935293e-01
43.2485 4.479665398594247505e-01
43.2568 4.478263794892999861e-01
43.2651 4.476861612753515463e-01
43.2735 4.475458856007805131e-01
43.2818 4.474055528484953692e-01
43.2901 4.472651633996005960e-01
43.2984 4.471247176353958519e-01
43.3067 4.469842159369445955e-01
43.315 4.468436586825395018e-01
43.3233 4.467030462522891820e-01
43.3316 4.465623790243427038e-01
43.3399 4.464216573754318795e-01
43.3482 4.462808816831885239e-01
43.3566 4.461400523236670468e-01
43.3649 4.459991696720466137e-01
43.3732 4.458582341027934048e-01
43.3815 4.457172459906834638e-01
43.3898 4.455762057084374228e-01
43.3981 4.454351136287118540e-01
43.4064 4.452939701241520054e-01
43.4147 4.451527755653530982e-01
43.423 4.450115303229016939e-01
43.4313 4.448702347664109658e-01
43.4397 4.447288892652182524e-01
43.448 4.445874941880650355e-01
43.4563 4.444460499022930833e-01
43.4646 4.443045567747577196e-01
43.4729 4.441630151720428188e-01
43.4812 4.440214254601393407e-01
43.4895 4.438797880028423348e-01
43.4978 4.437381031654436536e-01
43.5061 4.435963713109341011e-01
43.5144 4.434545928018776006e-01
43.5228 4.433127680012662886e-01
43.5311 4.431708972701167704e-01
43.5394 4.430289809682748103e-01
43.5477 4.428870194564435425e-01
43.556 4.427450130944222684e-01
43.5643 4.426029622400419750e-01
43.5726 4.424608672510870755e-01
43.5809 4.423187284852945766e-01
43.5892 4.421765462993431095e-01
43.5975 4.420343210482688967e-01
43.6059 4.418920530873838293e-01
43.6142 4.417497427713708014e-01
43.6225 4.416073904538057038e-01
43.6308 4.414649964879039934e-01
43.6391 4.413225612252990038e-01
43.6474 4.411800850179027900e-01
43.6557 4.410375682172161249e-01
43.664 4.408950111728423549e-01
43.6723 4.407524142339772077e-01
43.6806 4.406097777499911605e-01
43.6889 4.404671020691576788e-01
43.6973 4.403243875384956763e-01
43.7056 4.401816345044076151e-01
43.7139 4.400388433135271615e-01
43.7222 4.398960143106546705e-01
43.7305 4.397531478407178951e-01
43.7388 4.396102442479776218e-01
43.7471 4.394673038748668215e-01
43.7554 4.393243270643181764e-01
43.7637 4.391813141584421376e-01
43.772 4.390382654976842658e-01
43.7804 4.388951814230968584e-01
43.7887 4.387520622744389698e-01
43.797 4.386089083901777430e-01
43.8053 4.384657201092310719e-01
43.8136 4.383224977689109680e-01
43.8219 4.381792417064538925e-01
43.8302 4.380359522579153064e-01
43.8385 4.378926297590132743e-01
43.8468 4.377492745446032729e-01
43.8551 4.376058869486788017e-01
43.8635 4.374624673053729706e-01
43.8718 4.373190159466964211e-01
43.8801 4.371755332052221221e-01
43.8884 4.370320194121924406e-01
43.8967 4.368884748985714106e-01
43.905 4.367448999940486409e-01
43.9133 4.366012950281422111e-01
43.9216 4.364576603296224100e-01
43.9299 4.363139962263556937e-01
43.9382 4.361703030458304320e-01
43.9466 4.360265811143183567e-01
43.9549 4.358828307576106398e-01
43.9632 4.357390523012795169e-01
43.9715 4.355952460700515116e-01
43.9798 4.354514123870757425e-01
43.9881 4.353075515757569014e-01
43.9964 4.351636639588659650e-01
44.0047 4.350197498577578203e-01
44.013 4.348758095935745249e-01
44.0213 4.347318434871931259e-01
44.0297 4.345878518581827166e-01
44.038 4.344438350249107406e-01
44.0463 4.342997933059009608e-01
44.0546 4.341557270198325158e-01
44.0629 4.340116364826219764e-01
44.0712 4.338675220102409802e-01
44.0795 4.337233839195480667e-01
44.0878 4.335792225247490639e-01
44.0961 4.334350381401061991e-01
44.1044 4.332908310788977646e-01
44.1128 4.331466016543559228e-01
44.1211 4.330023501790427609e-01
44.1294 4.328580769639157610e-01
44.1377 4.327137823190588817e-01
44.146 4.325694665563815100e-01
44.1543 4.324251299844273921e-01
44.1626 4.322807729113883335e-01
44.1709 4.321363956462458411e-01
44.1792 4.319919984964882831e-01
44.1875 4.318475817680105799e-01
44.1958 4.317031457673949912e-01
44.2042 4.315586908002539412e-01
44.2125 4.314142171708163498e-01
44.2208 4.312697251834829992e-01
44.2291 4.311252151414812772e-01
44.2374 4.309806873477971534e-01
44.2457 4.308361421036258632e-01
44.254 4.306915797111636190e-01
44.2623 4.305470004703018660e-01
44.2706 4.304024046817274685e-01
44.2789 4.302577926445479983e-01
44.2873 4.301131646572225464e-01
44.2956 4.299685210175632766e-01
44.3039 4.298238620232515128e-01
44.3122 4.296791879710131767e-01
44.3205 4.295344991558998071e-01
44.3288 4.293897958741741960e-01
44.3371 4.292450784202204717e-01
44.3454 4.291003470878842485e-01
44.3537 4.289556021698575083e-01
44.362 4.288108439598379285e-01
44.3704 4.286660727492400125e-01
44.3787 4.285212888286358268e-01
44.387 4.283764924895029913e-01
44.3953 4.282316840213480358e-01
44.4036 4.280868637142759003e-01
44.4119 4.279420318556028113e-01
44.4202 4.277971887338607448e-01
44.4285 4.276523346365397327e-01
44.4368 4.275074698497824399e-01
44.4451 4.273625946599228786e-01
44.4535 4.272177093518473301e-01
44.4618 4.270728142104299740e-01
44.4701 4.269279095197140994e-01
44.4784 4.267829955624023452e-01
44.4867 4.266380726215968644e-01
44.495 4.264931409794693873e-01
44.5033 4.263482009174680010e-01
44.5116 4.262032527151941030e-01
44.5199 4.260582966532644456e-01
44.5282 4.259133330114720506e-01
44.5366 4.257683620674616032e-01
44.5449 4.256233840998943641e-01
44.5532 4.254783993865087210e-01
44.5615 4.253334082032058094e-01
44.5698 4.251884108256816508e-01
44.5781 4.250434075305470905e-01
44.5864 4.248983985922735185e-01
44.5947 4.247533842840097718e-01
44.603 4.246083648799236498e-01
44.6113 4.244633406531670428e-01
44.6197 4.243183118746575722e-01
44.628 4.241732788163336543e-01
44.6363 4.240282417499336431e-01
44.6446 4.238832009453720184e-01
44.6529 4.237381566704379598e-01
44.6612 4.235931091951612437e-01
44.6695 4.234480587890694370e-01
44.6778 4.233030057178446270e-01
44.6861 4.231579502486998989e-01
44.6944 4.230128926485533514e-01
44.7027 4.228678331831168813e-01
44.7111 4.227227721167977625e-01
44.7194 4.225777097140156480e-01
44.7277 4.224326462386966408e-01
44.736 4.222875819534654407e-01
44.7443 4.221425171215677508e-01
44.7526 4.219974520039388444e-01
44.7609 4.218523868617331529e-01
44.7692 4.217073219557170294e-01
44.7775 4.215622575458662924e-01
44.7858 4.214171938913672810e-01
44.7942 4.212721312505176008e-01
44.8025 4.211270698812308866e-01
44.8108 4.209820100408365739e-01
44.8191 4.208369519857782515e-01
44.8274 4.206918959725212681e-01
44.8357 4.205468422562444464e-01
44.844 4.204017910913447342e-01
44.8523 4.202567427323441462e-01
44.8606 4.201116974328840126e-01
44.8689 4.199666554449220657e-01
44.8773 4.198216170217494159e-01
44.8856 4.196765824140716306e-01
44.8939 4.195315518725225012e-01
44.9022 4.193865256487681048e-01
44.9105 4.192415039914927921e-01
44.9188 4.190964871499126554e-01
44.9271 4.189514753722726748e-01
44.9354 4.188064689066486324e-01
44.9437 4.186614680000459998e-01
44.952 4.185164728991033756e-01
44.9604 4.183714838492912924e-01
44.9687 4.182265010964154595e-01
44.977 4.180815248846158627e-01
44.9853 4.179365554586688125e-01
44.9936 4.177915930611871831e-01
45.0019 4.176466379353223624e-01
45.0102 4.175016903231641430e-01
45.0185 4.173567504659433380e-01
45.0268 4.172118186051295696e-01
45.0351 4.170668949805367842e-01
45.0435 4.169219798324190207e-01
45.0518 4.167770733989784038e-01
45.0601 4.166321759188587048e-01
45.0684 4.164872876304483440e-01
45.0767 4.163424087701870779e-01
45.085 4.161975395755559415e-01
45.0933 4.160526802811946312e-01
45.1016 4.159078311232828340e-01
45.1099 4.157629923373496461e-01
45.1182 4.156181641562877171e-01
45.1266 4.154733468133372520e-01
45.1349 4.153285405424834154e-01
45.1432 4.151837455752776518e-01
45.1515 4.150389621436206822e-01
45.1598 4.148941904786700441e-01
45.1681 4.147494308108426453e-01
45.1764 4.146046833696156453e-01
45.1847 4.144599483845211596e-01
45.193 4.143152260841538315e-01
45.2013 4.141705166966681562e-01
45.2096 4.140258204489872251e-01
45.218 4.138811375684867122e-01
45.2263 4.137364682815108385e-01
45.2346 4.135918128124833060e-01
45.2429 4.134471713873708043e-01
45.2512 4.133025442303203123e-01
45.2595 4.131579315649464568e-01
45.2678 4.130133336152208567e-01
45.2761 4.128687506026092469e-01
45.2844 4.127241827499232851e-01
45.2927 4.125796302781624125e-01
45.3011 4.124350934077984920e-01
45.3094 4.122905723594666449e-01
45.3177 4.121460673530777385e-01
45.326 4.120015786069335384e-01
45.3343 4.118571063397971632e-01
45.3426 4.117126507698087856e-01
45.3509 4.115682121133068527e-01
45.3592 4.114237905873878165e-01
45.3675 4.112793864082334161e-01
45.3758 4.111349997908173570e-01
45.3842 4.109906309507737610e-01
45.3925 4.108462801019411303e-01
45.4008 4.107019474570525741e-01
45.4091 4.105576332304847198e-01
45.4174 4.104133376350183604e-01
45.4257 4.102690608812524231e-01
45.434 4.101248031806463135e-01
45.4423 4.099805647445387002e-01
45.4506 4.098363457833637535e-01
45.4589 4.096921465058696588e-01
45.4673 4.095479671212744477e-01
45.4756 4.094038078384826806e-01
45.4839 4.092596688645205316e-01
45.4922 4.091155504069839410e-01
45.5005 4.089714526724728128e-01
45.5088 4.088273758676684300e-01
45.5171 4.086833201971837859e-01
45.5254 4.085392858659105397e-01
45.5337 4.083952730784329854e-01
45.542 4.082512820392231179e-01
45.5504 4.081073129508858699e-01
45.5587 4.079633660158194508e-01
45.567 4.078194414359230802e-01
45.5753 4.076755394130849308e-01
45.5836 4.075316601483054968e-01
45.5919 4.073878038416994252e-01
45.6002 4.072439706927886705e-01
45.6085 4.071001609012814826e-01
45.6168 4.069563746653220848e-01
45.6251 4.068126121828536390e-01
45.6335 4.066688736520076564e-01
45.6418 4.065251592689663185e-01
45.6501 4.063814692302964993e-01
45.6584 4.062378037318810642e-01
45.6667 4.060941629695988819e-01
45.675 4.059505471365128515e-01
45.6833 4.058069564275275654e-01
45.6916 4.056633910373515506e-01
45.6999 4.055198511567185138e-01
45.7082 4.053763369790769344e-01
45.7165 4.052328486966159660e-01
45.7249 4.050893864999770555e-01
45.7332 4.049459505807715964e-01
45.7415 4.048025411282922259e-01
45.7498 4.046591583323189134e-01
45.7581 4.045158023819588888e-01
45.7664 4.043724734660346654e-01
45.7747 4.042291717721177569e-01
45.783 4.040858974873043907e-01
45.7913 4.039426507989864468e-01
45.7996 4.037994318929232218e-01
45.808 4.036562409556542219e-01
45.8163 4.035130781717986004e-01
45.8246 4.033699437256967890e-01
45.8329 4.032268378017960786e-01
45.8412 4.030837605837836457e-01
45.8495 4.029407122545877185e-01
45.8578 4.027976929957060581e-01
45.8661 4.026547029903812525e-01
45.8744 4.025117424195600035e-01
45.8827 4.023688114636271851e-01
45.8911 4.022259103033675176e-01
45.8994 4.020830391175631013e-01
45.9077 4.019401980865499047e-01
45.916 4.017973873880877900e-01
45.9243 4.016546072006267898e-01
45.9326 4.015118577017710577e-01
45.9409 4.013691390683772342e-01
45.9492 4.012264514771290980e-01
45.9575 4.010837951037726778e-01
45.9658 4.009411701239792292e-01
45.9742 4.007985767119092158e-01
45.9825 4.006560150426072830e-01
45.9908 4.005134852896092834e-01
45.9991 4.003709876262837586e-01
46.0074 4.002285222252576768e-01
46.0157 4.000860892588012363e-01
46.024 3.999436888980632543e-01
46.0323 3.998013213146965339e-01
46.0406 3.996589866800934199e-01
46.0489 3.995166851629053384e-01
46.0573 3.993744169333395266e-01
46.0656 3.992321821601053644e-01
46.0739 3.990899810121322777e-01
46.0822 3.989478136574260425e-01
46.0905 3.988056802632610198e-01
46.0988 3.986635809961807664e-01
46.1071 3.985215160231420084e-01
46.1154 3.983794855100866728e-01
46.1237 3.982374896219426086e-01
46.132 3.980955285234824559e-01
46.1404 3.979536023793226462e-01
46.1487 3.978117113535439842e-01
46.157 3.976698556092176373e-01
46.1653 3.975280353085969831e-01
46.1736 3.973862506148265195e-01
46.1819 3.972445016890949199e-01
46.1902 3.971027886924399231e-01
46.1985 3.969611117861273075e-01
46.2068 3.968194711300399025e-01
46.2151 3.966778668834380350e-01
46.2234 3.965362992065696313e-01
46.2318 3.963947682575448273e-01
46.2401 3.962532741944216896e-01
46.2484 3.961118171749226646e-01
46.2567 3.959703973555830370e-01
46.265 3.958290148943061637e-01
46.2733 3.956876699466753688e-01
46.2816 3.955463626678470401e-01
46.2899 3.954050932131181195e-01
46.2982 3.952638617377365882e-01
46.3065 3.951226683950146423e-01
46.3149 3.949815133387846733e-01
46.3232 3.948403967225488365e-01
46.3315 3.946993186989149471e-01
46.3398 3.945582794192202813e-01
46.3481 3.944172790356065827e-01
46.3564 3.942763176995114360e-01
46.3647 3.941353955611052728e-01
46.373 3.939945127704222450e-01
46.3813 3.938536694769841362e-01
46.3896 3.937128658306476847e-01
46.398 3.935721019798175124e-01
46.4063 3.934313780721073184e-01
46.4146 3.932906942553731633e-01
46.4229 3.931500506773383252e-01
46.4312 3.930094474837158014e-01
46.4395 3.928688848213080509e-01
46.4478 3.927283628355665024e-01
46.4561 3.925878816722817577e-01
46.4644 3.924474414758012952e-01
46.4727 3.923070423895017034e-01
46.4811 3.921666845581304184e-01
46.4894 3.920263681251827670e-01
46.4977 3.918860932328095403e-01
46.506 3.917458600230366295e-01
46.5143 3.916056686385125940e-01
46.5226 3.914655192202637357e-01
46.5309 3.913254119084451643e-01
46.5392 3.911853468438360459e-01
46.5475 3.910453241671855706e-01
46.5558 3.909053440172519656e-01
46.5642 3.907654065327659798e-01
46.5725 3.906255118520574054e-01
46.5808 3.904856601137087213e-01
46.5891 3.903458514548766578e-01
46.5974 3.902060860124123565e-01
46.6057 3.900663639235145697e-01
46.614 3.899266853238663177e-01
46.6223 3.897870503481026816e-01
46.6306 3.896474591335350457e-01
46.6389 3.895079118135415519e-01
46.6473 3.893684085217589130e-01
46.6556 3.892289493931037070e-01
46.6639 3.890895345603322952e-01
46.6722 3.889501641561811662e-01
46.6805 3.888108383130877699e-01
46.6888 3.886715571630989796e-01
46.6971 3.885323208374067971e-01
46.7054 3.883931294670927015e-01
46.7137 3.882539831821070209e-01
46.722 3.881148821134034477e-01
46.7303 3.879758263899718007e-01
46.7387 3.878368161407865222e-01
46.747 3.876978514951768262e-01
46.7553 3.875589325806053087e-01
46.7636 3.874200595250756329e-01
46.7719 3.872812324557455832e-01
46.7802 3.871424514993894728e-01
46.7885 3.870037167831387181e-01
46.7968 3.868650284320789834e-01
46.8051 3.867263865717475158e-01
46.8134 3.865877913271162369e-01
46.8218 3.864492428232388921e-01
46.8301 3.863107411836827487e-01
46.8384 3.861722865323753417e-01
46.8467 3.860338789923131175e-01
46.855 3.858955186863923803e-01
46.8633 3.857572057372253282e-01
46.8716 3.856189402660353260e-01
46.8799 3.854807223942241512e-01
46.8882 3.853425522435557915e-01
46.8965 3.852044299341315647e-01
46.9049 3.850663555856811415e-01
46.9132 3.849283293183896060e-01
46.9215 3.847903512508756840e-01
46.9298 3.846524215022146254e-01
46.9381 3.845145401906525096e-01
46.9464 3.843767074343414913e-01
46.9547 3.842389233509727053e-01
46.963 3.841011880565851078e-01
46.9713 3.839635016682271806e-01
46.9796 3.838258643015715621e-01
46.988 3.836882760733005271e-01
46.9963 3.835507370984469477e-01
47.0046 3.834132474911302046e-01
47.0129 3.832758073660220699e-01
47.0212 3.831384168374309396e-01
47.0295 3.830010760184784924e-01
47.0378 3.828637850225655170e-01
47.0461 3.827265439621826415e-01
47.0544 3.825893529496427470e-01
47.0627 3.824522120968075756e-01
47.0711 3.823151215147230775e-01
47.0794 3.821780813147156453e-01
47.0877 3.820410916072062846e-01
47.096 3.819041525018936345e-01
47.1043 3.817672641097616948e-01
47.1126 3.816304265385201955e-01
47.1209 3.814936398975298237e-01
47.1292 3.813569042957962729e-01
47.1375 3.812202198404224252e-01
47.1458 3.810835866396152793e-01
47.1542 3.809470048004094389e-01
47.1625 3.808104744300336852e-01
47.1708 3.806739956331820496e-01
47.1791 3.805375685169270494e-01
47.1874 3.804011931873536034e-01
47.1957 3.802648697484704576e-01
47.204 3.801285983056640339e-01
47.2123 3.799923789625194170e-01
47.2206 3.798562118228198115e-01
47.2289 3.797200969905453194e-01
47.2372 3.795840345688759054e-01
47.2456 3.794480246600110407e-01
47.2539 3.793120673656248387e-01
47.2622 3.791761627885872343e-01
47.2705 3.790403110297028699e-01
47.2788 3.789045121893433454e-01
47.2871 3.787687663697102969e-01
47.2954 3.786330736697667843e-01
47.3037 3.784974341886790938e-01
47.312 3.783618480273521767e-01
47.3203 3.782263152838193920e-01
47.3287 3.780908360564983473e-01
47.337 3.779554104439198370e-01
47.3453 3.778200385440949050e-01
47.3536 3.776847204539756642e-01
47.3619 3.775494562700874024e-01
47.3702 3.774142460898821105e-01
47.3785 3.772790900083116128e-01
47.3868 3.771439881226072988e-01
47.3951 3.770089405273227556e-01
47.4034 3.768739473174885779e-01
47.4118 3.767390085876226591e-01
47.4201 3.766041244316403747e-01
47.4284 3.764692949441146852e-01
47.4367 3.763345202179373961e-01
47.445 3.761998003460303441e-01
47.4533 3.760651354208949249e-01
47.4616 3.759305255350628427e-01
47.4699 3.757959707809157002e-01
47.4782 3.756614712490701780e-01
47.4865 3.755270270303547320e-01
47.4949 3.753926382156298480e-01
47.5032 3.752583048959668433e-01
47.5115 3.751240271611246957e-01
47.5198 3.749898050994616705e-01
47.5281 3.748556388014314678e-01
47.5364 3.747215283552813303e-01
47.5447 3.745874738492043776e-01
47.553 3.744534753712500108e-01
47.5613 3.743195330091450557e-01
47.5696 3.741856468507417932e-01
47.578 3.740518169816930971e-01
47.5863 3.739180434887629523e-01
47.5946 3.737843264590195447e-01
47.6029 3.736506659776930861e-01
47.6112 3.735170621293384396e-01
47.6195 3.733835149994421676e-01
47.6278 3.732500246733512217e-01
47.6361 3.731165912346676716e-01
47.6444 3.729832147669455145e-01
47.6527 3.728498953542247474e-01
47.6611 3.727166330795171900e-01
47.6694 3.725834280252526831e-01
47.6777 3.724502802743483998e-01
47.686 3.723171899081614278e-01
47.6943 3.721841570080925976e-01
47.7026 3.720511816568309316e-01
47.7109 3.719182639347962671e-01
47.7192 3.717854039214757988e-01
47.7275 3.716526016980901126e-01
47.7358 3.715198573439503771e-01
47.7441 3.713871709389459097e-01
47.7525 3.712545425618579698e-01
47.7608 3.711219722915148345e-01
47.7691 3.709894602060814228e-01
47.7774 3.708570063839479736e-01
47.7857 3.707246109027537151e-01
47.794 3.705922738399209937e-01
47.8023 3.704599952716801647e-01
47.8106 3.703277752749312701e-01
47.8189 3.701956139262694290e-01
47.8272 3.700635113016311761e-01
47.8356 3.699314674757653854e-01
47.8439 3.697994825243564043e-01
47.8522 3.696675565225205906e-01
47.8605 3.695356895441885836e-01
47.8688 3.694038816637850720e-01
47.8771 3.692721329546392872e-01
47.8854 3.691404434909281163e-01
47.8937 3.690088133452040786e-01
47.902 3.688772425899863316e-01
47.9103 3.687457312984650515e-01
47.9187 3.686142795419452556e-01
47.927 3.684828873917879166e-01
47.9353 3.683515549202020511e-01
47.9436 3.682202821970743112e-01
47.9519 3.680890692947250686e-01
47.9602 3.679579162828019445e-01
47.9685 3.678268232303950613e-01
47.9768 3.676957902071800732e-01
47.9851 3.675648172834177219e-01
47.9934 3.674339045278444682e-01
48.0018 3.673030520085531769e-01
48.0101 3.671722597943105071e-01
48.0184 3.670415279520995444e-01
48.0267 3.669108565503674813e-01
48.035 3.667802456566563452e-01
48.0433 3.666496953371653489e-01
48.0516 3.665192056586819014e-01
48.0599 3.663887766875287277e-01
48.0682 3.662584084897398951e-01
48.0765 3.661281011307112032e-01
48.0849 3.659978546755517370e-01
48.0932 3.658676691890829780e-01
48.1015 3.657375447367154919e-01
48.1098 3.656074813823482206e-01
48.1181 3.654774791894211949e-01
48.1264 3.653475382217012957e-01
48.1347 3.652176585425834787e-01
48.143 3.650878402151789270e-01
48.1513 3.649580833024895776e-01
48.1596 3.648283878660131263e-01
48.168 3.646987539673145484e-01
48.1763 3.645691816698570231e-01
48.1846 3.644396710337699519e-01
48.1929 3.643102221194262080e-01
48.2012 3.641808349886610507e-01
48.2095 3.640515097017223978e-01
48.2178 3.639222463182312794e-01
48.2261 3.637930448981390730e-01
48.2344 3.636639055008579202e-01
48.2427 3.635348281854352548e-01
48.251 3.634058130104675932e-01
48.2594 3.632768600343613818e-01
48.2677 3.631479693160289401e-01
48.276 3.630191409127161983e-01
48.2843 3.628903748815687780e-01
48.2926 3.627616712808454658e-01
48.3009 3.626330301666219613e-01
48.3092 3.625044515951340585e-01
48.3175 3.623759356236450624e-01
48.3258 3.622474823079311901e-01
48.3341 3.621190917028035416e-01
48.3425 3.619907638647072989e-01
48.3508 3.618624988478241211e-01
48.3591 3.617342967071039972e-01
48.3674 3.616061574973130077e-01
48.3757 3.614780812720818637e-01
48.384 3.613500680854639935e-01
48.3923 3.612221179912436519e-01
48.4006 3.610942310425045432e-01
48.4089 3.609664072918890576e-01
48.4172 3.608386467920322582e-01
48.4256 3.607109495946112521e-01
48.4339 3.605833157526761590e-01
48.4422 3.604557453184064619e-01
48.4505 3.603282383411289813e-01
48.4588 3.602007948731826281e-01
48.4671 3.600734149659509664e-01
48.4754 3.599460986695189324e-01
48.4837 3.598188460328480276e-01
48.492 3.596916571072189539e-01
48.5003 3.595645319425296860e-01
48.5087 3.594374705866097974e-01
48.517 3.593104730894357557e-01
48.5253 3.591835395001195530e-01
48.5336 3.590566698665673129e-01
48.5419 3.589298642362532821e-01
48.5502 3.588031226582809041e-01
48.5585 3.586764451794330344e-01
48.5668 3.585498318476070256e-01
48.5751 3.584232827095831242e-01
48.5834 3.582967978106834095e-01
48.5918 3.581703771989733776e-01
48.6001 3.580440209206313118e-01
48.6084 3.579177290206366768e-01
48.6167 3.577915015451689218e-01
48.625 3.576653385388669504e-01
48.6333 3.575392400467994891e-01
48.6416 3.574132061143785455e-01
48.6499 3.572872367854784681e-01
48.6582 3.571613321041472444e-01
48.6665 3.570354921146919880e-01
48.6749 3.569097168597994418e-01
48.6832 3.567840063836974496e-01
48.6915 3.566583607288240088e-01
48.6998 3.565327799382192464e-01
48.7081 3.564072640544154180e-01
48.7164 3.562818131193526416e-01
48.7247 3.561564271750614630e-01
48.733 3.560311062629814560e-01
48.7413 3.559058504242174625e-01
48.7496 3.557806597008172922e-01
48.7579 3.556555341330464581e-01
48.7663 3.555304737604976784e-01
48.7746 3.554054786247279885e-01
48.7829 3.552805487653444283e-01
48.7912 3.551556842218779875e-01
48.7995 3.550308850344622846e-01
48.8078 3.549061512414550812e-01
48.8161 3.547814828812242971e-01
48.8244 3.546568799936750116e-01
48.8327 3.545323426168540681e-01
48.841 3.544078707885638946e-01
48.8494 3.542834645466173549e-01
48.8577 3.541591239285839521e-01
48.866 3.540348489723826875e-01
48.8743 3.539106397142492977e-01
48.8826 3.537864961909396033e-01
48.8909 3.536624184397297310e-01
48.8992 3.535384064957913797e-01
48.9075 3.534144603966785092e-01
48.9158 3.532905801765739984e-01
48.9241 3.531667658714506830e-01
48.9325 3.530430175172098450e-01
48.9408 3.529193351474850804e-01
48.9491 3.527957187980368392e-01
48.9574 3.526721685026973363e-01
48.9657 3.525486842955675715e-01
48.974 3.524252662113538381e-01
48.9823 3.523019142833438422e-01
48.9906 3.521786285443357367e-01
48.9989 3.520554090276498127e-01
49.0072 3.519322557668758122e-01
49.0156 3.518091687944399637e-01
49.0239 3.516861481425336833e-01
49.0322 3.515631938428607217e-01
49.0405 3.514403059277321772e-01
49.0488 3.513174844288879939e-01
49.0571 3.511947293773298728e-01
49.0654 3.510720408049186059e-01
49.0737 3.509494187414332056e-01
49.082 3.508268632186047897e-01
49.0903 3.507043742665035269e-01
49.0987 3.505819519143806851e-01
49.107 3.504595961937744253e-01
49.1153 3.503373071327182120e-01
49.1236 3.502150847611975037e-01
49.1319 3.500929291091338103e-01
49.1402 3.499708402041233346e-01
49.1485 3.498488180757122756e-01
49.1568 3.497268627518767548e-01
49.1651 3.496049742613689948e-01
49.1734 3.494831526319595039e-01
49.1818 3.493613978912745166e-01
49.1901 3.492397100664619281e-01
49.1984 3.491180891840250933e-01
49.2067 3.489965352724972991e-01
49.215 3.488750483581790074e-01
49.2233 3.487536284678964815e-01
49.2316 3.486322756267477008e-01
49.2399 3.485109898613589774e-01
49.2482 3.483897711979643819e-01
49.2565 3.482686196615720209e-01
49.2648 3.481475352783005017e-01
49.2732 3.480265180722938445e-01
49.2815 3.479055680682232587e-01
49.2898 3.477846852917033660e-01
49.2981 3.476638697670427214e-01
49.3064 3.475431215178281241e-01
49.3147 3.474224405676752947e-01
49.323 3.473018269410595993e-01
49.3313 3.471812806619019032e-01
49.3396 3.470608017526550793e-01
49.3479 3.469403902363003001e-01
49.3563 3.468200461355159248e-01
49.3646 3.466997694730927226e-01
49.3729 3.465795602717679502e-01
49.3812 3.464594185533125259e-01
49.3895 3.463393443392797089e-01
49.3978 3.462193376515847465e-01
49.4061 3.460993985118424043e-01
49.4144 3.459795269414495111e-01
49.4227 3.458597229605915313e-01
49.431 3.457399865902322511e-01
49.4394 3.456203178523597486e-01
49.4477 3.455007167660969492e-01
49.456 3.453811833507660078e-01
49.4643 3.452617176269631161e-01
49.4726 3.451423196146556349e-01
49.4809 3.450229893335128306e-01
49.4892 3.449037268018333990e-01
49.4975 3.447845320393547186e-01
49.5058 3.446654050651042356e-01
49.5141 3.445463458967408799e-01
49.5225 3.444273545529491498e-01
49.5308 3.443084310526132730e-01
49.5391 3.441895754125902651e-01
49.5474 3.440707876504337515e-01
49.5557 3.439520677848864616e-01
49.564 3.438334158326664114e-01
49.5723 3.437148318111052370e-01
49.5806 3.435963157365830023e-01
49.5889 3.434778676251881713e-01
49.5972 3.433594874944448372e-01
49.6056 3.432411753604335813e-01
49.6139 3.431229312395187581e-01
49.6222 3.430047551462127586e-01
49.6305 3.428866470972031233e-01
49.6388 3.427686071072436613e-01
49.6471 3.426506351921946858e-01
49.6554 3.425327313667238527e-01
49.6637 3.424148956454559634e-01
49.672 3.422971280428918073e-01
49.6803 3.421794285737355112e-01
49.6887 3.420617972520749728e-01
49.697 3.419442340913014799e-01
49.7053 3.418267391064850336e-01
49.7136 3.417093123100325980e-01
49.7219 3.415919537151308472e-01
49.7302 3.414746633354162619e-01
49.7385 3.413574411850568424e-01
49.7468 3.412402872751540972e-01
49.7551 3.411232016178342152e-01
49.7634 3.410061842265730836e-01
49.7717 3.408892351135811016e-01
49.7801 3.407723542902126312e-01
49.7884 3.406555417686003562e-01
49.7967 3.405387975600223105e-01
49.805 3.404221216761261215e-01
49.8133 3.403055141286843166e-01
49.8216 3.401889749264967455e-01
49.8299 3.400725040827283219e-01
49.8382 3.399561016068385344e-01
49.8465 3.398397675088212777e-01
49.8548 3.397235018003436635e-01
49.8632 3.396073044899426407e-01
49.8715 3.394911755879914117e-01
49.8798 3.393751151043391534e-01
49.8881 3.392591230480672126e-01
49.8964 3.391431994279785478e-01
49.9047 3.390273442544660676e-01
49.913 3.389115575356935750e-01
49.9213 3.387958392793041784e-01
49.9296 3.386801894946124269e-01
49.9379 3.385646081905727134e-01
49.9463 3.384490953748078845e-01
49.9546 3.383336510549072029e-01
49.9629 3.382182752387518643e-01
49.9712 3.381029679339463967e-01
49.9795 3.379877291481438450e-01
49.9878 3.378725588878302433e-01
49.9961 3.377574571598657149e-01
50.0044 3.376424239726152354e-01
50.0127 3.375274593315794602e-01
50.021 3.374125632426331345e-01
50.0294 3.372977357132370124e-01
50.0377 3.371829767489611385e-01
50.046 3.370682863559101294e-01
50.0543 3.369536645387862794e-01
50.0626 3.368391113044411633e-01
50.0709 3.367246266574361324e-01
50.0792 3.366102106035133157e-01
50.0875 3.364958631473364270e-01
50.0958 3.363815842934596012e-01
50.1041 3.362673740478590023e-01
50.1125 3.361532324130964700e-01
50.1208 3.360391593940433297e-01
50.1291 3.359251549959447747e-01
50.1374 3.358112192218428715e-01
50.1457 3.356973520755580087e-01
50.154 3.355835535607216702e-01
50.1623 3.354698236805361833e-01
50.1706 3.353561624388198825e-01
50.1789 3.352425698387208053e-01
50.1872 3.351290458818341200e-01
50.1956 3.350155905721391436e-01
50.2039 3.349022039124633365e-01
50.2122 3.347888859040032417e-01
50.2205 3.346756365496159624e-01
50.2288 3.345624558518914271e-01
50.2371 3.344493438116299955e-01
50.2454 3.343363004308909092e-01
50.2537 3.342233257118679690e-01
50.262 3.341104196554485206e-01
50.2703 3.339975822622559543e-01
50.2786 3.338848135350512281e-01
50.287 3.337721134728888206e-01
50.2953 3.336594820771213721e-01
50.3036 3.335469193486773620e-01
50.3119 3.334344252875030001e-01
50.3202 3.333219998943202644e-01
50.3285 3.332096431683905791e-01
50.3368 3.330973551103910690e-01
50.3451 3.329851357196184636e-01
50.3534 3.328729849959066178e-01
50.3617 3.327609029386678907e-01
50.3701 3.326488895466558349e-01
50.3784 3.325369448190809152e-01
50.3867 3.324250687550527883e-01
50.395 3.323132613538192781e-01
50.4033 3.322015226138101962e-01
50.4116 3.320898525327982687e-01
50.4199 3.319782511094918065e-01
50.4282 3.318667183418624322e-01
50.4365 3.317552542284984418e-01
50.4448 3.316438587666156734e-01
50.4532 3.315325319537297255e-01
50.4615 3.314212737882107906e-01
50.4698 3.313100842666613088e-01
50.4781 3.311989633866190830e-01
50.4864 3.310879111445708123e-01
50.4947 3.309769275378582898e-01
50.503 3.308660125637251093e-01
50.5113 3.307551662178106477e-01
50.5196 3.306443884975605041e-01
50.5279 3.305336793978657095e-01
50.5363 3.304230389157409298e-01
50.5446 3.303124670478651548e-01
50.5529 3.302019637884458514e-01
50.5612 3.300915291346037117e-01
50.5695 3.299811630812262142e-01
50.5778 3.298708656235012082e-01
50.5861 3.297606367568380881e-01
50.5944 3.296504764762346884e-01
50.6027 3.295403847775427719e-01
50.611 3.294303616544642099e-01
50.6194 3.293204071013981493e-01
50.6277 3.292105211139913501e-01
50.636 3.291007036857441226e-01
50.6443 3.289909548110894200e-01
50.6526 3.288812744840509117e-01
50.6609 3.287716626987960966e-01
50.6692 3.286621194493201115e-01
50.6775 3.285526447285010421e-01
50.6858 3.284432385303066582e-01
50.6941 3.283339008475884557e-01
50.7025 3.282246316738149372e-01
50.7108 3.281154310025982124e-01
50.7191 3.280062988264357271e-01
50.7274 3.278972351380485262e-01
50.7357 3.277882399297521454e-01
50.744 3.276793131940860526e-01
50.7523 3.275704549242056118e-01
50.7606 3.274616651119968136e-01
50.7689 3.273529437490204086e-01
50.7772 3.272442908278461737e-01
50.7855 3.271357063404042309e-01
50.7939 3.270271902771230699e-01
50.8022 3.269187426304603905e-01
50.8105 3.268103633917642248e-01
50.8188 3.267020525524503838e-01
50.8271 3.265938101035325558e-01
50.8354 3.264856360360141596e-01
50.8437 3.263775303403407269e-01
50.852 3.262694930070264565e-01
50.8603 3.261615240274365890e-01
50.8686 3.260536233925342975e-01
50.877 3.259457910913973744e-01
50.8853 3.258380271141116946e-01
50.8936 3.257303314516911685e-01
50.9019 3.256227040942030748e-01
50.9102 3.255151450304565319e-01
50.9185 3.254076542501120328e-01
50.9268 3.253002317437574953e-01
50.9351 3.251928774996323268e-01
50.9434 3.250855915076061864e-01
50.9517 3.249783737574621911e-01
50.9601 3.248712242367163272e-01
50.9684 3.247641429353705922e-01
50.9767 3.246571298418614027e-01
50.985 3.245501849446185139e-01
50.9933 3.244433082329987728e-01
51.0016 3.243364996939399614e-01
51.0099 3.242297593163189773e-01
51.0182 3.241230870892388150e-01
51.0265 3.240164829998520291e-01
51.0348 3.239099470356949784e-01
51.0432 3.238034791850751271e-01
51.0515 3.236970794354392944e-01
51.0598 3.235907477739190519e-01
51.0681 3.234844841884162436e-01
51.0764 3.233782886665948486e-01
51.0847 3.232721611943296658e-01
51.093 3.231661017598948527e-01
51.1013 3.230601103498539906e-01
51.1096 3.229541869497598028e-01
51.1179 3.228483315479489524e-01
51.1263 3.227425441299659470e-01
51.1346 3.226368246828223429e-01
51.1429 3.225311731925967207e-01
51.1512 3.224255896455193171e-01
51.1595 3.223200740269658859e-01
51.1678 3.222146263233920949e-01
51.1761 3.221092465213263867e-01
51.1844 3.220039346052858686e-01
51.1927 3.218986905614073524e-01
51.201 3.217935143751292082e-01
51.2094 3.216884060315794436e-01
51.2177 3.215833655165772909e-01
51.226 3.214783928149370640e-01
51.2343 3.213734879113943621e-01
51.2426 3.212686507908369959e-01
51.2509 3.211638814379970674e-01
51.2592 3.210591798383752304e-01
51.2675 3.209545459760068109e-01
51.2758 3.208499798349268017e-01
51.2841 3.207454814000153531e-01
51.2925 3.206410506549978168e-01
51.3008 3.205366875837524221e-01
51.3091 3.204323921717715518e-01
51.3174 3.203281644015484320e-01
51.3257 3.202240042567299216e-01
51.334 3.201199117219605816e-01
51.3423 3.200158867801956020e-01
51.3506 3.199119294146972048e-01
51.3589 3.198080396093421762e-01
51.3672 3.197042173468567783e-01
51.3755 3.196004626103514656e-01
51.3839 3.194967753832437252e-01
51.3922 3.193931556485687384e-01
51.4005 3.192896033886728491e-01
51.4088 3.191861185853685501e-01
51.4171 3.190827012232253512e-01
51.4254 3.189793512836751055e-01
51.4337 3.188760687487646184e-01
51.442 3.187728536011538716e-01
51.4503 3.186697058226639068e-01
51.4586 3.185666253956528915e-01
51.467 3.184636123019456422e-01
51.4753 3.183606665237518896e-01
51.4836 3.182577880423667627e-01
51.4919 3.181549768393936994e-01
51.5002 3.180522328962105960e-01
51.5085 3.179495561954177041e-01
51.5168 3.178469467171778917e-01
51.5251 3.177444044428014980e-01
51.5334 3.176419293535259758e-01
51.5417 3.175395214307438763e-01
51.5501 3.174371806549377562e-01
51.5584 3.173349070069746980e-01
51.5667 3.172327004674212469e-01
51.575 3.171305610182930113e-01
51.5833 3.170284886387949586e-01
51.5916 3.169264833080615018e-01
51.5999 3.168245450091087267e-01
51.6082 3.167226737213074128e-01
51.6165 3.166208694240340016e-01
51.6248 3.165191320975060396e-01
51.6332 3.164174617220210650e-01
51.6415 3.163158582773505367e-01
51.6498 3.162143217428916575e-01
51.6581 3.161128520990335034e-01
51.6664 3.160114493246530265e-01
51.6747 3.159101133994675625e-01
51.683 3.158088443029723469e-01
51.6913 3.157076420139869888e-01
51.6996 3.156065065116401835e-01
51.7079 3.155054377761261630e-01
51.7163 3.154044357859042136e-01
51.7246 3.153035005183062456e-01
51.7329 3.152026319539987242e-01
51.7412 3.151018300716121323e-01
51.7495 3.150010948491036022e-01
51.7578 3.149004262648912311e-01
51.7661 3.147998242980797889e-01
51.7744 3.146992889261194248e-01
51.7827 3.145988201278271390e-01
51.791 3.144984178818756582e-01
51.7994 3.143980821651347624e-01
51.8077 3.142978129563679945e-01
51.816 3.141976102340437449e-01
51.8243 3.140974739743028765e-01
51.8326 3.139974041559316920e-01
51.8409 3.138974007569703129e-01
51.8492 3.137974637542626510e-01
51.8575 3.136975931253388472e-01
51.8658 3.135977888472861741e-01
51.8741 3.134980508979524627e-01
51.8824 3.133983792545926295e-01
51.8908 3.132987738935682498e-01
51.8991 3.131992347925280362e-01
51.9074 3.130997619286779443e-01
51.9157 3.130003552787078980e-01
51.924 3.129010148180410567e-01
51.9323 3.128017405245127613e-01
51.9406 3.127025323750660113e-01
51.9489 3.126033903458285690e-01
51.9572 3.125043144131632311e-01
51.9655 3.124053045534427864e-01
51.9739 3.123063607429749644e-01
51.9822 3.122074829575534061e-01
51.9905 3.121086711737312558e-01
51.9988 3.120099253671730910e-01
52.0071 3.119112455143024931e-01
52.0154 3.118126315908802404e-01
52.0237 3.117140835723784531e-01
52.032 3.116156014343555158e-01
52.0403 3.115171851521565394e-01
52.0486 3.114188347027810888e-01
52.057 3.113205500605501497e-01
52.0653 3.112223312008421949e-01
52.0736 3.111241780988980299e-01
52.0819 3.110260907307158540e-01
52.0902 3.109280690705145678e-01
52.0985 3.108301130931224732e-01
52.1068 3.107322227745721865e-01
52.1151 3.106343980893424006e-01
52.1234 3.105366390122968334e-01
52.1317 3.104389455182365309e-01
52.1401 3.103413175810820213e-01
52.1484 3.102437551763288504e-01
52.1567 3.101462582782946176e-01
52.165 3.100488268610859244e-01
52.1733 3.099514608990459608e-01
52.1816 3.098541603669759392e-01
52.1899 3.097569252388727712e-01
52.1982 3.096597554887463022e-01
52.2065 3.095626510909162410e-01
52.2148 3.094656120192703641e-01
52.2232 3.093686382473388452e-01
52.2315 3.092717297490359951e-01
52.2398 3.091748864988091428e-01
52.2481 3.090781084700802150e-01
52.2564 3.089813956361371905e-01
52.2647 3.088847479708007326e-01
52.273 3.087881654471644199e-01
52.2813 3.086916480397428053e-01
52.2896 3.085951957206952145e-01
52.2979 3.084988084630844174e-01
52.3063 3.084024862412445001e-01
52.3146 3.083062290284138696e-01
52.3229 3.082100367964410448e-01
52.3312 3.081139095184465826e-01
52.3395 3.080178471683777119e-01
52.3478 3.079218497189404324e-01
52.3561 3.078259171416744544e-01
52.3644 3.077300494105709716e-01
52.3727 3.076342464981593472e-01
52.381 3.075385083758046534e-01
52.3893 3.074428350173948332e-01
52.3977 3.073472263953573869e-01
52.406 3.072516824807359770e-01
52.4143 3.071562032468741488e-01
52.4226 3.070607886663200281e-01
52.4309 3.069654387106802162e-01
52.4392 3.068701533516514646e-01
52.4475 3.067749325623445045e-01
52.4558 3.066797763144871736e-01
52.4641 3.065846845787218999e-01
52.4724 3.064896573283533709e-01
52.4808 3.063946945351587736e-01
52.4891 3.062997961699031602e-01
52.4974 3.062049622044704655e-01
52.5057 3.061101926111279847e-01
52.514 3.060154873611312665e-01
52.5223 3.059208464256800708e-01
52.5306 3.058262697762839100e-01
52.5389 3.057317573841033531e-01
52.5472 3.056373092205352249e-01
52.5555 3.055429252574334287e-01
52.5639 3.054486054652030824e-01
52.5722 3.053543498149997593e-01
52.5805 3.052601582781427347e-01
52.5888 3.051660308256022858e-01
52.5971 3.050719674282202365e-01
52.6054 3.049779680564902451e-01
52.6137 3.048840326816550372e-01
52.622 3.047901612745362310e-01
52.6303 3.046963538052424036e-01
52.6386 3.046026102441933836e-01
52.647 3.045089305632864285e-01
52.6553 3.044153147323926389e-01
52.6636 3.043217627214016008e-01
52.6719 3.042282745008055844e-01
52.6802 3.041348500414063349e-01
52.6885 3.040414893132947216e-01
52.6968 3.039481922865803210e-01
52.7051 3.038549589311002608e-01
52.7134 3.037617892172926326e-01
52.7217 3.036686831159057243e-01
52.7301 3.035756405956678283e-01
52.7384 3.034826616272189859e-01
52.7467 3.033897461801994266e-01
52.755 3.032968942242686983e-01
52.7633 3.032041057295415398e-01
52.7716 3.031113806652798726e-01
52.7799 3.030187190014916321e-01
52.7882 3.029261207083487339e-01
52.7965 3.028335857537194364e-01
52.8048 3.027411141083956037e-01
52.8132 3.026487057420269577e-01
52.8215 3.025563606231220781e-01
52.8298 3.024640787210802761e-01
52.8381 3.023718600060454342e-01
52.8464 3.022797044461514870e-01
52.8547 3.021876120110025821e-01
52.863 3.020955826699324165e-01
52.8713 3.020036163915708061e-01
52.8796 3.019117131452920266e-01
52.8879 3.018198729002005698e-01
52.8962 3.017280956242644474e-01
52.9046 3.016363812874970907e-01
52.9129 3.015447298580521962e-01
52.9212 3.014531413049715836e-01
52.9295 3.013616155964509158e-01
52.9378 3.012701527022954018e-01
52.9461 3.011787525897314244e-01
52.9544 3.010874152271623139e-01
52.9627 3.009961405848878280e-01
52.971 3.009049286301981319e-01
52.9793 3.008137793311267405e-01
52.9877 3.007226926573136616e-01
52.996 3.006316685753936957e-01
53.0043 3.005407070544729442e-01
53.0126 3.004498080631020085e-01
53.0209 3.003589715688451123e-01
53.0292 3.002681975404393189e-01
53.0375 3.001774859457800315e-01
53.0458 3.000868367524965885e-01
53.0541 2.999962499285280249e-01
53.0624 2.999057254424097874e-01
53.0708 2.998152632618369950e-01
53.0791 2.997248633539517093e-01
53.0874 2.996345256872115503e-01
53.0957 2.995442502286597697e-01
53.104 2.994540369478017050e-01
53.1123 2.993638858108638723e-01
53.1206 2.992737967843830393e-01
53.1289 2.991837698386471955e-01
53.1372 2.990938049390907683e-01
53.1455 2.990039020537516024e-01
53.1539 2.989140611501167055e-01
53.1622 2.988242821961250573e-01
53.1705 2.987345651580201600e-01
53.1788 2.986449100035000748e-01
53.1871 2.985553167002852337e-01
53.1954 2.984657852154035118e-01
53.2037 2.983763155161913705e-01
53.212 2.982869075691509941e-01
53.2203 2.981975613415222548e-01
53.2286 2.981082768009966077e-01
53.237 2.980190539137171357e-01
53.2453 2.979298926475641984e-01
53.2536 2.978407929687274525e-01
53.2619 2.977517548442771833e-01
53.2702 2.976627782411637724e-01
53.2785 2.975738631263611378e-01
53.2868 2.974850094664389655e-01
53.2951 2.973962172275629867e-01
53.3034 2.973074863772051102e-01
53.3117 2.972188168817211928e-01
53.3201 2.971302087080599508e-01
53.3284 2.970416618223402638e-01
53.3367 2.969531761914162016e-01
53.345 2.968647517811699998e-01
53.3533 2.967763885580772532e-01
53.3616 2.966880864890636960e-01
53.3699 2.965998455409366019e-01
53.3782 2.965116656792484151e-01
53.3865 2.964235468701447163e-01
53.3948 2.963354890799375640e-01
53.4031 2.962474922755303219e-01
53.4115 2.961595564232827882e-01
53.4198 2.960716814881609871e-01
53.4281 2.959838674368576172e-01
53.4364 2.958961142350974294e-01
53.4447 2.958084218494799744e-01
53.453 2.957207902462039018e-01
53.4613 2.956332193900765293e-01
53.4696 2.955457092483369519e-01
53.4779 2.954582597859843895e-01
53.4862 2.953708709694576329e-01
53.4946 2.952835427649373456e-01
53.5029 2.951962751362250947e-01
53.5112 2.951090680505420449e-01
53.5195 2.950219214740016915e-01
53.5278 2.949348353723190153e-01
53.5361 2.948478097096805528e-01
53.5444 2.947608444528406202e-01
53.5527 2.946739395674488060e-01
53.561 2.945870950184741321e-01
53.5693 2.945003107714758150e-01
53.5777 2.944135867926025996e-01
53.586 2.943269230467591147e-01
53.5943 2.942403194995807936e-01
53.6026 2.941537761160240017e-01
53.6109 2.940672928620567395e-01
53.6192 2.939808697024051676e-01
53.6275 2.938945066032290776e-01
53.6358 2.938082035287430949e-01
53.6441 2.937219604443146448e-01
53.6524 2.936357773154765760e-01
53.6608 2.935496541082093791e-01
53.6691 2.934635907864107107e-01
53.6774 2.933775873149888080e-01
53.6857 2.932916436601420984e-01
53.694 2.932057597866898901e-01
53.7023 2.931199356583554794e-01
53.7106 2.930341712418349509e-01
53.7189 2.929484665009046140e-01
53.7272 2.928628214006295805e-01
53.7355 2.927772359073623210e-01
53.7439 2.926917099843975856e-01
53.7522 2.926062435961792052e-01
53.7605 2.925208367085781469e-01
53.7688 2.924354892856703136e-01
53.7771 2.923502012930982441e-01
53.7854 2.922649726956910166e-01
53.7937 2.921798034563464208e-01
53.802 2.920946935412060408e-01
53.8103 2.920096429148988926e-01
53.8186 2.919246515416621390e-01
53.827 2.918397193860394201e-01
53.8353 2.917548464124610219e-01
53.8436 2.916700325855242082e-01
53.8519 2.915852778705507187e-01
53.8602 2.915005822310749450e-01
53.8685 2.914159456314957541e-01
53.8768 2.913313680367967118e-01
53.8851 2.912468494111518647e-01
53.8934 2.911623897186232379e-01
53.9017 2.910779889242750551e-01
53.91 2.909936469915270219e-01
53.9184 2.909093638853584851e-01
53.9267 2.908251395698013275e-01
53.935 2.907409740089144101e-01
53.9433 2.906568671670625714e-01
53.9516 2.905728190079428508e-01
53.9599 2.904888294973649865e-01
53.9682 2.904048985975516972e-01
53.9765 2.903210262731164004e-01
53.9848 2.902372124896719363e-01
53.9931 2.901534572093867337e-01
54.0015 2.900697603957075321e-01
54.0098 2.899861220155772745e-01
54.0181 2.899025420316646007e-01
54.0264 2.898190204058358477e-01
54.0347 2.897355571051147827e-01
54.043 2.896521520918388659e-01
54.0513 2.895688053297607589e-01
54.0596 2.894855167840453269e-01
54.0679 2.894022864169772391e-01
54.0762 2.893191141939149280e-01
54.0846 2.892360000778916862e-01
54.0929 2.891529440321081168e-01
54.1012 2.890699460207607485e-01
54.1095 2.889870060083503667e-01
54.1178 2.889041239587143983e-01
54.1261 2.888212998341988524e-01
54.1344 2.887385335991123902e-01
54.1427 2.886558252172390926e-01
54.151 2.885731746522531282e-01
54.1593 2.884905818681332001e-01
54.1677 2.884080468275064812e-01
54.176 2.883255694952351345e-01
54.1843 2.882431498340036757e-01
54.1926 2.881607878070771012e-01
54.2009 2.880784833795393962e-01
54.2092 2.879962365127834989e-01
54.2175 2.879140471718124594e-01
54.2258 2.878319153198675706e-01
54.2341 2.877498409200806018e-01
54.2424 2.876678239357499667e-01
54.2508 2.875858643299283313e-01
54.2591 2.875039620680339136e-01
54.2674 2.874221171112514850e-01
54.2757 2.873403294238189853e-01
54.284 2.872585989690413788e-01
54.2923 2.871769257101144945e-01
54.3006 2.870953096105383628e-01
54.3089 2.870137506328805377e-01
54.3172 2.869322487417963474e-01
54.3255 2.868508038996365195e-01
54.3339 2.867694160697423222e-01
54.3422 2.866880852152088321e-01
54.3505 2.866068112995722728e-01
54.3588 2.865255942855747251e-01
54.3671 2.864444341363996394e-01
54.3754 2.863633308163532898e-01
54.3837 2.862822842870343387e-01
54.392 2.862012945122602292e-01
54.4003 2.861203614553299301e-01
54.4086 2.860394850786145415e-01
54.4169 2.859586653454722072e-01
54.4253 2.858779022202452280e-01
54.4336 2.857971956641637834e-01
54.4419 2.857165456410824533e-01
54.4502 2.856359521140662827e-01
54.4585 2.855554150457991769e-01
54.4668 2.854749344000870326e-01
54.4751 2.853945101384453009e-01
54.4834 2.853141422243296588e-01
54.4917 2.852338306213602070e-01
54.5 2.851535752922328415e-01
54.5084 2.850733762000812188e-01
54.5167 2.849932333069795098e-01
54.525 2.849131465765291082e-01
54.5333 2.848331159708640814e-01
54.5416 2.847531414537805561e-01
54.5499 2.846732229874721631e-01
54.5582 2.845933605349776907e-01
54.5665 2.845135540597740209e-01
54.5748 2.844338035230564166e-01
54.5831 2.843541088883616008e-01
54.5915 2.842744701200691226e-01
54.5998 2.841948871789218845e-01
54.6081 2.841153600278660263e-01
54.6164 2.840358886305556219e-01
54.6247 2.839564729490459682e-01
54.633 2.838771129466435283e-01
54.6413 2.837978085854635513e-01
54.6496 2.837185598281948273e-01
54.6579 2.836393666379614653e-01
54.6662 2.835602289776467666e-01
54.6746 2.834811468093513254e-01
54.6829 2.834021200954774944e-01
54.6912 2.833231487991335062e-01
54.6995 2.832442328830523381e-01
54.7078 2.831653723098608300e-01
54.7161 2.830865670422166303e-01
54.7244 2.830078170426717499e-01
54.7327 2.829291222728633759e-01
54.741 2.828504826963498253e-01
54.7493 2.827718982755041965e-01
54.7577 2.826933689735389721e-01
54.766 2.826148947520779053e-01
54.7743 2.825364755737194700e-01
54.7826 2.824581114017671868e-01
54.7909 2.823798021980702400e-01
54.7992 2.823015479246448467e-01
54.8075 2.822233485450188484e-01
54.8158 2.821452040215379764e-01
54.8241 2.820671143157701399e-01
54.8324 2.819890793917376737e-01
54.8408 2.819110992110692160e-01
54.8491 2.818331737358288902e-01
54.8574 2.817553029285145283e-01
54.8657 2.816774867529989179e-01
54.874 2.815997251696895076e-01
54.8823 2.815220181414449518e-01
54.8906 2.814443656324965293e-01
54.8989 2.813667676033451137e-01
54.9072 2.812892240176106950e-01
54.9155 2.812117348361255487e-01
54.9238 2.811343000221679933e-01
54.9322 2.810569195390463237e-01
54.9405 2.809795933482213681e-01
54.9488 2.809023214122580159e-01
54.9571 2.808251036924113708e-01
54.9654 2.807479401525135310e-01
54.9737 2.806708307549527492e-01
54.982 2.805937754606751544e-01
54.9903 2.805167742336034942e-01
54.9986 2.804398270358163803e-01
55.0069 2.803629338283534222e-01
55.0153 2.802860945737573051e-01
55.0236 2.802093092360712911e-01
55.0319 2.801325777768285397e-01
55.0402 2.800559001563923123e-01
55.0485 2.799792763395648199e-01
55.0568 2.799027062882397665e-01
55.0651 2.798261899631409033e-01
55.0734 2.797497273282265606e-01
55.0817 2.796733183450831883e-01
55.09 2.795969629759957886e-01
55.0984 2.795206611835464039e-01
55.1067 2.794444129292820711e-01
55.115 2.793682181755804961e-01
55.1233 2.792920768856492209e-01
55.1316 2.792159890215274998e-01
55.1399 2.791399545444872565e-01
55.1482 2.790639734170300423e-01
55.1565 2.789880456016877730e-01
55.1648 2.789121710607572746e-01
55.1731 2.788363497574967154e-01
55.1815 2.787605816521376290e-01
55.1898 2.786848667077349573e-01
55.1981 2.786092048871076643e-01
55.2064 2.785335961509809444e-01
55.2147 2.784580404629001249e-01
55.223 2.783825377852460203e-01
55.2313 2.783070880796338908e-01
55.2396 2.782316913077113596e-01
55.2479 2.781563474323505702e-01
55.2562 2.780810564165865362e-01
55.2646 2.780058182203048456e-01
55.2729 2.779306328083254174e-01
55.2812 2.778555001419211745e-01
55.2895 2.777804201814707552e-01
55.2978 2.777053928910911962e-01
55.3061 2.776304182333411141e-01
55.3144 2.775554961694871592e-01
55.3227 2.774806266610929106e-01
55.331 2.774058096712075927e-01
55.3393 2.773310451625142226e-01
55.3477 2.772563330964057382e-01
55.356 2.771816734348350186e-01
55.3643 2.771070661411070279e-01
55.3726 2.770325111753889069e-01
55.3809 2.769580085017079862e-01
55.3892 2.768835580820096509e-01
55.3975 2.768091598782714824e-01
55.4058 2.767348138517114475e-01
55.4141 2.766605199652928393e-01
55.4224 2.765862781814825699e-01
55.4307 2.765120884623833986e-01
55.4391 2.764379507697344862e-01
55.4474 2.763638650651751849e-01
55.4557 2.762898313119556137e-01
55.464 2.762158494725671654e-01
55.4723 2.761419195080850875e-01
55.4806 2.760680413804065259e-01
55.4889 2.759942150534313021e-01
55.4972 2.759204404879356809e-01
55.5055 2.758467176456481096e-01
55.5138 2.757730464900360334e-01
55.5222 2.756994269828900723e-01
55.5305 2.756258590862956104e-01
55.5388 2.755523427615820253e-01
55.5471 2.754788779724717807e-01
55.5554 2.754054646800949691e-01
55.5637 2.753321028466626519e-01
55.572 2.752587924350725634e-01
55.5803 2.751855334068122327e-01
55.5886 2.751123257247107268e-01
55.5969 2.750391693494023126e-01
55.6053 2.749660642441722480e-01
55.6136 2.748930103724664953e-01
55.6219 2.748200076943604908e-01
55.6302 2.747470561731015226e-01
55.6385 2.746741557709218573e-01
55.6468 2.746013064493005862e-01
55.6551 2.745285081710558406e-01
55.6634 2.744557608981222918e-01
55.6717 2.743830645928578282e-01
55.68 2.743104192171300082e-01
55.6884 2.742378247342731057e-01
55.6967 2.741652811046517146e-01
55.705 2.740927882920544123e-01
55.7133 2.740203462584745453e-01
55.7216 2.739479549646337553e-01
55.7299 2.738756143742838156e-01
55.7382 2.738033244496428931e-01
55.7465 2.737310851525702748e-01
55.7548 2.736588964446969863e-01
55.7631 2.735867582892476668e-01
55.7715 2.735146706477860068e-01
55.7798 2.734426334829490601e-01
55.7881 2.733706467571440091e-01
55.7964 2.732987104315105498e-01
55.8047 2.732268244691696824e-01
55.813 2.731549888330133125e-01
55.8213 2.730832034841462197e-01
55.8296 2.730114683847445489e-01
55.8379 2.729397834983139370e-01
55.8462 2.728681487868332978e-01
55.8546 2.727965642114052458e-01
55.8629 2.727250297348515762e-01
55.8712 2.726535453198946635e-01
55.8795 2.725821109286406529e-01
55.8878 2.725107265233564502e-01
55.8961 2.724393920663412128e-01
55.9044 2.723681075201838109e-01
55.9127 2.722968728463403543e-01
55.921 2.722256880077219554e-01
55.9293 2.721545529663659813e-01
55.9376 2.720834676857635803e-01
55.946 2.720124321271094603e-01
55.9543 2.719414462518894293e-01
55.9626 2.718705100243355433e-01
55.9709 2.717996234056084814e-01
55.9792 2.717287863581943630e-01
55.9875 2.716579988455131711e-01
55.9958 2.715872608283059209e-01
56.0041 2.715165722696689654e-01
56.0124 2.714459331323429425e-01
56.0207 2.713753433781962432e-01
56.0291 2.713048029699037800e-01
56.0374 2.712343118696555755e-01
56.0457 2.711638700401892699e-01
56.054 2.710934774432429140e-01
56.0623 2.710231340417462165e-01
56.0706 2.709528397980158210e-01
56.0789 2.708825946745290758e-01
56.0872 2.708123986339232570e-01
56.0955 2.707422516383528599e-01
56.1038 2.706721536496182745e-01
56.1122 2.706021046312233613e-01
56.1205 2.705321045456741680e-01
56.1288 2.704621533543526413e-01
56.1371 2.703922510211126951e-01
56.1454 2.703223975071432639e-01
56.1537 2.702525927758471225e-01
56.162 2.701828367891188076e-01
56.1703 2.701131295095258733e-01
56.1786 2.700434708997960231e-01
56.1869 2.699738609228158337e-01
56.1953 2.699042995406069623e-01
56.2036 2.698347867153502722e-01
56.2119 2.697653224102841141e-01
56.2202 2.696959065881644468e-01
56.2285 2.696265392107556891e-01
56.2368 2.695572202404936113e-01
56.2451 2.694879496404860020e-01
56.2534 2.694187273739987454e-01
56.2617 2.693495534026672522e-01
56.27 2.692804276890535253e-01
56.2784 2.692113501956240884e-01
56.2867 2.691423208861537519e-01
56.295 2.690733397220221312e-01
56.3033 2.690044066659175725e-01
56.3116 2.689355216815815242e-01
56.3199 2.688666847307437657e-01
56.3282 2.687978957759327159e-01
56.3365 2.687291547804726566e-01
56.3448 2.686604617072093082e-01
56.3531 2.685918165178725614e-01
56.3615 2.685232191752444653e-01
56.3698 2.684546696421378220e-01
56.3781 2.683861678824160379e-01
56.3864 2.683177138576808840e-01
56.3947 2.682493075300770302e-01
56.403 2.681809488641967443e-01
56.4113 2.681126378213567474e-01
56.4196 2.680443743654481459e-01
56.4279 2.679761584574704703e-01
56.4362 2.679079900613776655e-01
56.4445 2.678398691396308151e-01
56.4529 2.677717956557376100e-01
56.4612 2.677037695714601373e-01
56.4695 2.676357908501151850e-01
56.4778 2.675678594558120738e-01
56.4861 2.674999753490120424e-01
56.4944 2.674321384931268031e-01
56.5027 2.673643488517251088e-01
56.511 2.672966063885335863e-01
56.5193 2.672289110655353128e-01
56.5276 2.671612628441133452e-01
56.536 2.670936616883416992e-01
56.5443 2.670261075630844805e-01
56.5526 2.669586004282998859e-01
56.5609 2.668911402480291795e-01
56.5692 2.668237269859636274e-01
56.5775 2.667563606035504020e-01
56.5858 2.666890410649229715e-01
56.5941 2.666217683333609312e-01
56.6024 2.665545423705326100e-01
56.6107 2.664873631406649568e-01
56.6191 2.664202306049848756e-01
56.6274 2.663531447286651144e-01
56.6357 2.662861054736266886e-01
56.644 2.662191128032111442e-01
56.6523 2.661521666801601183e-01
56.6606 2.660852670674993536e-01
56.6689 2.660184139291676408e-01
56.6772 2.659516072267410491e-01
56.6855 2.658848469243471069e-01
56.6938 2.658181329860176412e-01
56.7022 2.657514653726681941e-01
56.7105 2.656848440481420770e-01
56.7188 2.656182689770676952e-01
56.7271 2.655517401213365880e-01
56.7354 2.654852574435019319e-01
56.7437 2.654188209081586591e-01
56.752 2.653524304780481291e-01
56.7603 2.652860861153141792e-01
56.7686 2.652197877846453333e-01
56.7769 2.651535354486249663e-01
56.7853 2.650873290704965357e-01
56.7936 2.650211686137849409e-01
56.8019 2.649550540415449018e-01
56.8102 2.648889853169874020e-01
56.8185 2.648229624027286233e-01
56.8268 2.647569852631702081e-01
56.8351 2.646910538616170094e-01
56.8434 2.646251681606531792e-01
56.8517 2.645593281240218864e-01
56.86 2.644935337157470756e-01
56.8684 2.644277848983819235e-01
56.8767 2.643620816338858592e-01
56.885 2.642964238885031625e-01
56.8933 2.642308116242549909e-01
56.9016 2.641652448038205314e-01
56.9099 2.640997233924094467e-01
56.9182 2.640342473520133071e-01
56.9265 2.639688166462789698e-01
56.9348 2.639034312391347892e-01
56.9431 2.638380910941642843e-01
56.9514 2.637727961747332595e-01
56.9598 2.637075464434895933e-01
56.9681 2.636423418651089867e-01
56.9764 2.635771824026755250e-01
56.9847 2.635120680194301679e-01
56.993 2.634469986791430074e-01
57.0013 2.633819743461136564e-01
57.0096 2.633169949830524992e-01
57.0179 2.632520605534496294e-01
57.0262 2.631871710220697325e-01
57.0345 2.631223263514686495e-01
57.0429 2.630575265047315203e-01
57.0512 2.629927714477102718e-01
57.0595 2.629280611420591884e-01
57.0678 2.628633955517030718e-01
57.0761 2.627987746413417702e-01
57.0844 2.627341983738427644e-01
57.0927 2.626696667135947072e-01
57.101 2.626051796242722669e-01
57.1093 2.625407370690841513e-01
57.1176 2.624763390118913797e-01
57.126 2.624119854164611021e-01
57.1343 2.623476762469638679e-01
57.1426 2.622834114672279449e-01
57.1509 2.622191910408656623e-01
57.1592 2.621550149316433931e-01
57.1675 2.620908831028638808e-01
57.1758 2.620267955198410381e-01
57.1841 2.619627521458148256e-01
57.1924 2.618987529444274931e-01
57.2007 2.618347978798472586e-01
57.2091 2.617708869151598727e-01
57.2174 2.617070200157078919e-01
57.2257 2.616431971446382954e-01
57.234 2.615794182658714995e-01
57.2423 2.615156833439757356e-01
57.2506 2.614519923421914083e-01
57.2589 2.613883452253947803e-01
57.2672 2.613247419567648056e-01
57.2755 2.612611825009917288e-01
57.2838 2.611976668215629793e-01
57.2922 2.611341948838460936e-01
57.3005 2.610707666502805613e-01
57.3088 2.610073820849392878e-01
57.3171 2.609440411541434912e-01
57.3254 2.608807438196860118e-01
57.3337 2.608174900472096103e-01
57.342 2.607542798007852491e-01
57.3503 2.606911130431623924e-01
57.3586 2.606279897394582767e-01
57.3669 2.605649098545747555e-01
57.3753 2.605018733519676721e-01
57.3836 2.604388801962307376e-01
57.3919 2.603759303512501178e-01
57.4002 2.603130237814347825e-01
57.4085 2.602501604518373535e-01
57.4168 2.601873403258220807e-01
57.4251 2.601245633676433355e-01
57.4334 2.600618295418317683e-01
57.4417 2.599991388139287762e-01
57.45 2.599364911471760409e-01
57.4583 2.598738865054590064e-01
57.4667 2.598113248546554677e-01
57.475 2.597488061579760754e-01
57.4833 2.596863303798886968e-01
57.4916 2.596238974863598337e-01
57.4999 2.595615074400807742e-01
57.5082 2.594991602056099800e-01
57.5165 2.594368557488819227e-01
57.5248 2.593745940345142387e-01
57.5331 2.593123750251994930e-01
57.5414 2.592501986859839236e-01
57.5498 2.591880649821883820e-01
57.5581 2.591259738791623635e-01
57.5664 2.590639253399657504e-01
57.5747 2.590019193297647404e-01
57.583 2.589399558130232593e-01
57.5913 2.588780347543576110e-01
57.5996 2.588161561190240878e-01
57.6079 2.587543198712111137e-01
57.6162 2.586925259766005847e-01
57.6245 2.586307743981008933e-01
57.6329 2.585690651023067055e-01
57.6412 2.585073980526749193e-01
57.6495 2.584457732136675734e-01
57.6578 2.583841905519681514e-01
57.6661 2.583226500311244234e-01
57.6744 2.582611516159320497e-01
57.6827 2.581996952717031113e-01
57.691 2.581382809624421237e-01
57.6993 2.580769086542503699e-01
57.7076 2.580155783114355672e-01
57.716 2.579542898983357979e-01
57.7243 2.578930433806557176e-01
57.7326 2.578318387232791387e-01
57.7409 2.577706758908772655e-01
57.7492 2.577095548486368348e-01
57.7575 2.576484755615317535e-01
57.7658 2.575874379942018066e-01
57.7741 2.575264421125295633e-01
57.7824 2.574654878802452029e-01
57.7907 2.574045752640177764e-01
57.7991 2.573437042282429865e-01
57.8074 2.572828747373475111e-01
57.8157 2.572220867573619119e-01
57.824 2.571613402531354731e-01
57.8323 2.571006351902735965e-01
57.8406 2.570399715332013502e-01
57.8489 2.569793492463744444e-01
57.8572 2.569187682971802444e-01
57.8655 2.568582286502539280e-01
57.8738 2.567977302688114749e-01
57.8822 2.567372731205693204e-01
57.8905 2.566768571696488865e-01
57.8988 2.566164823816507456e-01
57.9071 2.565561487217222214e-01
57.9154 2.564958561552816985e-01
57.9237 2.564356046475361750e-01
57.932 2.563753941640836143e-01
57.9403 2.563152246710339033e-01
57.9486 2.562550961322360155e-01
57.9569 2.561950085136180943e-01
57.9652 2.561349617813782342e-01
57.9736 2.560749559007799991e-01
57.9819 2.560149908369964145e-01
57.9902 2.559550665553505522e-01
57.9985 2.558951830211952938e-01
58.0068 2.558353402006345867e-01
58.0151 2.557755380601620110e-01
58.0234 2.557157765634149316e-01
58.0317 2.556560556767056291e-01
58.04 2.555963753661349425e-01
58.0483 2.555367355969918042e-01
58.0567 2.554771363344749413e-01
58.065 2.554175775445329810e-01
58.0733 2.553580591937434918e-01
58.0816 2.552985812473928529e-01
58.0899 2.552391436699582017e-01
58.0982 2.551797464282246630e-01
58.1065 2.551203894884064294e-01
58.1148 2.550610728150691786e-01
58.1231 2.550017963752045369e-01
58.1314 2.549425601345149395e-01
58.1398 2.548833640574155734e-01
58.1481 2.548242081111046220e-01
58.1564 2.547650922613725055e-01
58.1647 2.547060164737994792e-01
58.173 2.546469807147129227e-01
58.1813 2.545879849491540226e-01
58.1896 2.545290291436278496e-01
58.1979 2.544701132645488251e-01
58.2062 2.544112372765681140e-01
58.2145 2.543524011473526913e-01
58.2229 2.542936048424480622e-01
58.2312 2.542348483271907322e-01
58.2395 2.541761315677820154e-01
58.2478 2.541174545309290989e-01
58.2561 2.540588171825329811e-01
58.2644 2.540002194879278918e-01
58.2727 2.539416614149800910e-01
58.281 2.538831429278901042e-01
58.2893 2.538246639937477567e-01
58.2976 2.537662245789565341e-01
58.306 2.537078246499482881e-01
58.3143 2.536494641721129262e-01
58.3226 2.535911431120594361e-01
58.3309 2.535328614366632594e-01
58.3392 2.534746191105692881e-01
58.3475 2.534164161017806727e-01
58.3558 2.533582523765451899e-01
58.3641 2.533001279005459017e-01
58.3724 2.532420426398513391e-01
58.3807 2.531839965618650212e-01
58.3891 2.531259896324752900e-01
58.3974 2.530680218178371077e-01
58.4057 2.530100930849645824e-01
58.414 2.529522033994770491e-01
58.4223 2.528943527289201354e-01
58.4306 2.528365410394448620e-01
58.4389 2.527787682972311156e-01
58.4472 2.527210344693172073e-01
58.4555 2.526633395218216838e-01
58.4638 2.526056834216031666e-01
58.4721 2.525480661356659939e-01
58.4805 2.524904876293870282e-01
58.4888 2.524329478704199214e-01
58.4971 2.523754468255001160e-01
58.5054 2.523179844609180211e-01
58.5137 2.522605607433480723e-01
58.522 2.522031756400834879e-01
58.5303 2.521458291170285415e-01
58.5386 2.520885211420053063e-01
58.5469 2.520312516807391989e-01
58.5552 2.519740206999283028e-01
58.5636 2.519168281674799004e-01
58.5719 2.518596740503842302e-01
58.5802 2.518025583142452506e-01
58.5885 2.517454809269356608e-01
58.5968 2.516884418538815060e-01
58.6051 2.516314410640723698e-01
58.6134 2.515744785231086578e-01
58.6217 2.515175541987396124e-01
58.63 2.514606680579182796e-01
58.6383 2.514038200665662526e-01
58.6467 2.513470101925176503e-01
58.655 2.512902384031625580e-01
58.6633 2.512335046645086667e-01
58.6716 2.511768089444730845e-01
58.6799 2.511201512111181922e-01
58.6882 2.510635314292434250e-01
58.6965 2.510069495675552598e-01
58.7048 2.509504055929072108e-01
58.7131 2.508938994721819360e-01
58.7214 2.508374311733458928e-01
58.7298 2.507810006627509414e-01
58.7381 2.507246079081847379e-01
58.7464 2.506682528768766072e-01
58.7547 2.506119355362005363e-01
58.763 2.505556558529730138e-01
58.7713 2.504994137952101796e-01
58.7796 2.504432093300184015e-01
58.7879 2.503870424233615166e-01
58.7962 2.503309130452125997e-01
58.8045 2.502748211619415519e-01
58.8129 2.502187667402992477e-01
58.8212 2.501627497478828843e-01
58.8295 2.501067701527857068e-01
58.8378 2.500508279224260555e-01
58.8461 2.499949230241337583e-01
58.8544 2.499390554247991059e-01
58.8627 2.498832250930929366e-01
58.871 2.498274319963110501e-01
58.8793 2.497716761016608999e-01
58.8876 2.497159573774280217e-01
58.896 2.496602757898254143e-01
58.9043 2.496046313078937040e-01
58.9126 2.495490238988348208e-01
58.9209 2.494934535304610124e-01
58.9292 2.494379201704959026e-01
58.9375 2.493824237869231852e-01
58.9458 2.493269643471722474e-01
58.9541 2.492715418189326015e-01
58.9624 2.492161561701545514e-01
58.9707 2.491608073684663249e-01
58.979 2.491054953822221529e-01
58.9874 2.490502201785237124e-01
58.9957 2.489949817269425103e-01
59.004 2.489397799933562583e-01
59.0123 2.488846149463448953e-01
59.0206 2.488294865546311629e-01
59.0289 2.487743947852223414e-01
59.0372 2.487193396070116747e-01
59.0455 2.486643209872940463e-01
59.0538 2.486093388937400672e-01
59.0621 2.485543932952085922e-01
59.0705 2.484994841602364002e-01
59.0788 2.484446114555327323e-01
59.0871 2.483897751506165819e-01
59.0954 2.483349752125998122e-01
59.1037 2.482802116096648470e-01
59.112 2.482254843112954301e-01
59.1203 2.481707932838749242e-01
59.1286 2.481161384962465577e-01
59.1369 2.480615199178581587e-01
59.1452 2.480069375157548384e-01
59.1536 2.479523912585127332e-01
59.1619 2.478978811141574479e-01
59.1702 2.478434070510878717e-01
59.1785 2.477889690381928633e-01
59.1868 2.477345670434626945e-01
59.1951 2.476802010358397643e-01
59.2034 2.476258709827914573e-01
59.2117 2.475715768526212668e-01
59.22 2.475173186156211791e-01
59.2283 2.474630962385324096e-01
59.2367 2.474089096899697027e-01
59.245 2.473547589390362733e-01
59.2533 2.473006439541693413e-01
59.2616 2.472465647047554504e-01
59.2699 2.471925211570964454e-01
59.2782 2.471385132815546726e-01
59.2865 2.470845410467894521e-01
59.2948 2.470306044205672347e-01
59.3031 2.469767033727522376e-01
59.3114 2.469228378703592630e-01
59.3198 2.468690078839957669e-01
59.3281 2.468152133807304249e-01
59.3364 2.467614543301889229e-01
59.3447 2.467077307011029952e-01
59.353 2.466540424625762451e-01
59.3613 2.466003895832786230e-01
59.3696 2.465467720312186639e-01
59.3779 2.464931897758090296e-01
59.3862 2.464396427859151528e-01
59.3945 2.463861310311166730e-01
59.4029 2.463326544796435869e-01
59.4112 2.462792131000964002e-01
59.4195 2.462258068619055662e-01
59.4278 2.461724357344118319e-01
59.4361 2.461190996862959168e-01
59.4444 2.460657986863787616e-01
59.4527 2.460125327039666410e-01
59.461 2.459593017079337030e-01
59.4693 2.459061056676386525e-01
59.4776 2.458529445521227264e-01
59.4859 2.457998183295391492e-01
59.4943 2.457467269713834723e-01
59.5026 2.456936704458609344e-01
59.5109 2.456406487209751022e-01
59.5192 2.455876617661286732e-01
59.5275 2.455347095513203126e-01
59.5358 2.454817920466889902e-01
59.5441 2.454289092205723666e-01
59.5524 2.453760610412217269e-01
59.5607 2.453232474794244111e-01
59.569 2.452704685041685595e-01
59.5774 2.452177240846960815e-01
59.5857 2.451650141909595959e-01
59.594 2.451123387911135487e-01
59.6023 2.450596978558464145e-01
59.6106 2.450070913543903328e-01
59.6189 2.449545192563457596e-01
59.6272 2.449019815306557879e-01
59.6355 2.448494781461765524e-01
59.6438 2.447970090742932203e-01
59.6521 2.447445742834583327e-01
59.6605 2.446921737428335020e-01
59.6688 2.446398074237664810e-01
59.6771 2.445874752946743114e-01
59.6854 2.445351773246833560e-01
59.6937 2.444829134844220819e-01
59.702 2.444306837436361346e-01
59.7103 2.443784880713018026e-01
59.7186 2.443263264375571397e-01
59.7269 2.442741988122248964e-01
59.7352 2.442221051662876452e-01
59.7436 2.441700454672380005e-01
59.7519 2.441180196854300655e-01
59.7602 2.440660277922628019e-01
59.7685 2.440140697562144800e-01
59.7768 2.439621455479412948e-01
59.7851 2.439102551367665905e-01
59.7934 2.438583984930577930e-01
59.8017 2.438065755866425377e-01
59.81 2.437547863879387933e-01
59.8183 2.437030308661466138e-01
59.8267 2.436513089910569974e-01
59.835 2.435996207340695163e-01
59.8433 2.435479660644604138e-01
59.8516 2.434963449526624246e-01
59.8599 2.434447573677777088e-01
59.8682 2.433932032810805501e-01
59.8765 2.433416826621757623e-01
59.8848 2.432901954812589640e-01
59.8931 2.432387417091144699e-01
59.9014 2.431873213158754210e-01
59.9098 2.431359342704595139e-01
59.9181 2.430845805440659813e-01
59.9264 2.430332601075797516e-01
59.9347 2.429819729311224197e-01
59.943 2.429307189841648229e-01
59.9513 2.428794982374427591e-01
59.9596 2.428283106613788600e-01
59.9679 2.427771562263087990e-01
59.9762 2.427260349036052256e-01
59.9845 2.426749466629788132e-01
59.9928 2.426238914736033037e-01
60.0012 2.425728693085009158e-01
60.0095 2.425218801365583432e-01
60.0178 2.424709239271389816e-01
60.0261 2.424200006538993479e-01
60.0344 2.423691102859149293e-01
60.0427 2.423182527929610697e-01
60.051 2.422674281454004486e-01
60.0593 2.422166363164247327e-01
60.0676 2.421658772749870348e-01
60.0759 2.421151509906269428e-01
60.0843 2.420644574364976542e-01
60.0926 2.420137965810678637e-01
60.1009 2.419631683969787894e-01
60.1092 2.419125728544301857e-01
60.1175 2.418620099227522247e-01
60.1258 2.418114795743226408e-01
60.1341 2.417609817802004735e-01
60.1424 2.417105165100142672e-01
60.1507 2.416600837356558118e-01
60.159 2.416096834276985905e-01
60.1674 2.415593155569650541e-01
60.1757 2.415089800940784515e-01
60.184 2.414586770104695246e-01
60.1923 2.414084062769228656e-01
60.2006 2.413581678648059892e-01
60.2089 2.413079617455110848e-01
60.2172 2.412577878887803562e-01
60.2255 2.412076462660552867e-01
60.2338 2.411575368495827154e-01
60.2421 2.411074596094023026e-01
60.2505 2.410574145168057347e-01
60.2588 2.410074015434433836e-01
60.2671 2.409574206592070555e-01
60.2754 2.409074718367986145e-01
60.2837 2.408575550470501703e-01
60.292 2.408076702607070685e-01
60.3003 2.407578174496526058e-01
60.3086 2.407079965851262882e-01
60.3169 2.406582076373909029e-01
60.3252 2.406084505794035822e-01
60.3336 2.405587253815868465e-01
60.3419 2.405090320152779848e-01
60.3502 2.404593704525050668e-01
60.3585 2.404097406635427037e-01
60.3668 2.403601426214667103e-01
60.3751 2.403105762962674252e-01
60.3834 2.402610416598473797e-01
60.3917 2.402115386843549083e-01
60.4 2.401620673410743423e-01
60.4083 2.401126276010926985e-01
60.4167 2.400632194355215854e-01
60.425 2.400138428178246186e-01
60.4333 2.399644977179419825e-01
60.4416 2.399151841081657577e-01
60.4499 2.398659019600361819e-01
60.4582 2.398166512456713639e-01
60.4665 2.397674319355526940e-01
60.4748 2.397182440026210115e-01
60.4831 2.396690874186230835e-01
60.4914 2.396199621549977288e-01
60.4997 2.395708681827662945e-01
60.5081 2.395218054751847014e-01
60.5164 2.394727740032112084e-01
60.5247 2.394237737384916909e-01
60.533 2.393748046540210561e-01
60.5413 2.393258667209401946e-01
60.5496 2.392769599110768086e-01
60.5579 2.392280841962822757e-01
60.5662 2.391792395496455947e-01
60.5745 2.391304259416313360e-01
60.5828 2.390816433446037170e-01
60.5912 2.390328917319423097e-01
60.5995 2.389841710736330949e-01
60.6078 2.389354813435433655e-01
60.6161 2.388868225133595202e-01
60.6244 2.388381945545720308e-01
60.6327 2.387895974391358311e-01
60.641 2.387410311402399510e-01
60.6493 2.386924956307658885e-01
60.6576 2.386439908798790033e-01
60.6659 2.385955168623782874e-01
60.6743 2.385470735504457152e-01
60.6826 2.384986609147484449e-01
60.6909 2.384502789288349689e-01
60.6992 2.384019275653972980e-01
60.7075 2.383536067961622984e-01
60.7158 2.383053165925516914e-01
60.7241 2.382570569287547624e-01
60.7324 2.382088277772271001e-01
60.7407 2.381606291075960835e-01
60.749 2.381124608954360566e-01
60.7574 2.380643231117376135e-01
60.7657 2.380162157289407165e-01
60.774 2.379681387199471532e-01
60.7823 2.379200920579001288e-01
60.7906 2.378720757148707621e-01
60.7989 2.378240896625161138e-01
60.8072 2.377761338744869557e-01
60.8155 2.377282083230340681e-01
60.8238 2.376803129810878545e-01
60.8321 2.376324478212736846e-01
60.8405 2.375846128171144600e-01
60.8488 2.375368079386580844e-01
60.8571 2.374890331607859284e-01
60.8654 2.374412884558875225e-01
60.8737 2.373935737971402948e-01
60.882 2.373458891567619689e-01
60.8903 2.372982345079758526e-01
60.8986 2.372506098232640415e-01
60.9069 2.372030150745867705e-01
60.9152 2.371554502368722894e-01
60.9236 2.371079152820170510e-01
60.9319 2.370604101828134302e-01
60.9402 2.370129349124036333e-01
60.9485 2.369654894435169745e-01
60.9568 2.369180737493411515e-01
60.9651 2.368706878031955343e-01
60.9734 2.368233315777688863e-01
60.9817 2.367760050459906673e-01
60.99 2.367287081811395300e-01
60.9983 2.366814409565168587e-01
61.0066 2.366342033452286941e-01
61.015 2.365869953195346431e-01
61.0233 2.365398168539995238e-01
61.0316 2.364926679210369864e-01
61.0399 2.364455484941697661e-01
61.0482 2.363984585462916288e-01
61.0565 2.363513980510793255e-01
61.0648 2.363043669810376002e-01
61.0731 2.362573653098881399e-01
61.0814 2.362103930120255102e-01
61.0897 2.361634500591547614e-01
61.0981 2.361165364250650822e-01
61.1064 2.360696520834588141e-01
61.1147 2.360227970082774962e-01
61.123 2.359759711721844677e-01
61.1313 2.359291745484081715e-01
61.1396 2.358824071109567599e-01
61.1479 2.358356688338608120e-01
61.1562 2.357889596896575179e-01
61.1645 2.357422796518813812e-01
61.1728 2.356956286941967460e-01
61.1812 2.356490067910473885e-01
61.1895 2.356024139152770036e-01
61.1978 2.355558500404008049e-01
61.2061 2.355093151404961671e-01
61.2144 2.354628091893385400e-01
61.2227 2.354163321604014203e-01
61.231 2.353698840263173664e-01
61.2393 2.353234647627631682e-01
61.2476 2.352770743424157096e-01
61.2559 2.352307127390529662e-01
61.2643 2.351843799270147695e-01
61.2726 2.351380758791528081e-01
61.2809 2.350918005706052749e-01
61.2892 2.350455539741604649e-01
61.2975 2.349993360637074591e-01
61.3058 2.349531468140178547e-01
61.3141 2.349069861988086483e-01
61.3224 2.348608541908500102e-01
61.3307 2.348147507657328270e-01
61.339 2.347686758971317122e-01
61.3474 2.347226295582064137e-01
61.3557 2.346766117224616532e-01
61.364 2.346306223660037660e-01
61.3723 2.345846614631321436e-01
61.3806 2.345387289851608714e-01
61.3889 2.344928249071865922e-01
61.3972 2.344469492049707782e-01
61.4055 2.344011018510754607e-01
61.4138 2.343552828207684235e-01
61.4221 2.343094920872997866e-01
61.4305 2.342637296254441448e-01
61.4388 2.342179954097820538e-01
61.4471 2.341722894130941202e-01
61.4554 2.341266116113979445e-01
61.4637 2.340809619789102625e-01
61.472 2.340353404884774335e-01
61.4803 2.339897471155381325e-01
61.4886 2.339441818343741541e-01
61.4969 2.338986446195030766e-01
61.5052 2.338531354452497990e-01
61.5135 2.338076542855332673e-01
61.5219 2.337622011162183155e-01
61.5302 2.337167759101979048e-01
61.5385 2.336713786422037475e-01
61.5468 2.336260092878440497e-01
61.5551 2.335806678214651100e-01
61.5634 2.335353542160474583e-01
61.5717 2.334900684479029875e-01
61.58 2.334448104911226174e-01
61.5883 2.333995803197121410e-01
61.5966 2.333543779096194926e-01
61.605 2.333092032348926259e-01
61.6133 2.332640562699218878e-01
61.6216 2.332189369896516817e-01
61.6299 2.331738453690475055e-01
61.6382 2.331287813829890365e-01
61.6465 2.330837450052061777e-01
61.6548 2.330387362114733074e-01
61.6631 2.329937549769467708e-01
61.6714 2.329488012748880954e-01
61.6797 2.329038750819857895e-01
61.6881 2.328589763725011919e-01
61.6964 2.328141051211433388e-01
61.7047 2.327692613028544411e-01
61.713 2.327244448920669229e-01
61.7213 2.326796558651463842e-01
61.7296 2.326348941961420003e-01
61.7379 2.325901598593370923e-01
61.7462 2.325454528320085590e-01
61.7545 2.325007730875257861e-01
61.7628 2.324561206006601766e-01
61.7712 2.324114953475825973e-01
61.7795 2.323668973029996976e-01
61.7878 2.323223264424869317e-01
61.7961 2.322777827404752526e-01
61.8044 2.322332661720520608e-01
61.8127 2.321887767138088310e-01
61.821 2.321443143396031694e-01
61.8293 2.320998790245855925e-01
61.8376 2.320554707451966403e-01
61.8459 2.320110894764157716e-01
61.8543 2.319667351926086862e-01
61.8626 2.319224078694316904e-01
61.8709 2.318781074834067313e-01
61.8792 2.318338340093847594e-01
61.8875 2.317895874208641405e-01
61.8958 2.317453676961191977e-01
61.9041 2.317011748090062329e-01
61.9124 2.316570087354102581e-01
61.9207 2.316128694500749485e-01
61.929 2.315687569299812454e-01
61.9374 2.315246711502302601e-01
61.9457 2.314806120849949300e-01
61.954 2.314365797104734057e-01
61.9623 2.313925740040425061e-01
61.9706 2.313485949390942931e-01
61.9789 2.313046424917817590e-01
61.9872 2.312607166383835178e-01
61.9955 2.312168173541445659e-01
62.0038 2.311729446149627110e-01
62.0121 2.311290983963346646e-01
62.0205 2.310852786736727893e-01
62.0288 2.310414854235664783e-01
62.0371 2.309977186216787270e-01
62.0454 2.309539782428516042e-01
62.0537 2.309102642643656722e-01
62.062 2.308665766608936354e-01
62.0703 2.308229154078648149e-01
62.0786 2.307792804828291411e-01
62.0869 2.307356718605207968e-01
62.0952 2.306920895171643560e-01
62.1035 2.306485334287947109e-01
62.1119 2.306050035717808477e-01
62.1202 2.305614999208344673e-01
62.1285 2.305180224532037969e-01
62.1368 2.304745711445844725e-01
62.1451 2.304311459702726994e-01
62.1534 2.303877469074715467e-01
62.1617 2.303443739320410744e-01
62.17 2.303010270191292452e-01
62.1783 2.302577061455787777e-01
62.1866 2.302144112882525406e-01
62.195 2.301711424232993908e-01
62.2033 2.301278995245881753e-01
62.2116 2.300846825704005727e-01
62.2199 2.300414915366322532e-01
62.2282 2.299983263994079541e-01
62.2365 2.299551871358126443e-01
62.2448 2.299120737204436438e-01
62.2531 2.298689861309477778e-01
62.2614 2.298259243437374977e-01
62.2697 2.297828883340974071e-01
62.2781 2.297398780790015638e-01
62.2864 2.296968935555482039e-01
62.2947 2.296539347386639396e-01
62.303 2.296110016062161974e-01
62.3113 2.295680941337973624e-01
62.3196 2.295252122980623866e-01
62.3279 2.294823560761021508e-01
62.3362 2.294395254436731035e-01
62.3445 2.293967203779050112e-01
62.3528 2.293539408551144021e-01
62.3612 2.293111868513249829e-01
62.3695 2.292684583438293344e-01
62.3778 2.292257553096263001e-01
62.3861 2.291830777243827055e-01
62.3944 2.291404255653446409e-01
62.4027 2.290977988089459572e-01
62.411 2.290551974324709084e-01
62.4193 2.290126214117691739e-01
62.4276 2.289700707239559763e-01
62.4359 2.289275453463736343e-01
62.4443 2.288850452554490045e-01
62.4526 2.288425704274213990e-01
62.4609 2.288001208395867014e-01
62.4692 2.287576964688455561e-01
62.4775 2.287152972924281213e-01
62.4858 2.286729232867549810e-01
62.4941 2.286305744282657593e-01
62.5024 2.285882506953886284e-01
62.5107 2.285459520635654829e-01
62.519 2.285036785104339052e-01
62.5274 2.284614300130280995e-01
62.5357 2.284192065474709155e-01
62.544 2.283770080922836732e-01
62.5523 2.283348346237308868e-01
62.5606 2.282926861187164758e-01
62.5689 2.282505625559217155e-01
62.5772 2.282084639103242329e-01
62.5855 2.281663901584733978e-01
62.5938 2.281243412803456994e-01
62.6021 2.280823172525269782e-01
62.6104 2.280403180495577387e-01
62.6188 2.279983436511603678e-01
62.6271 2.279563940348033335e-01
62.6354 2.279144691762212127e-01
62.6437 2.278725690528180525e-01
62.652 2.278306936431512553e-01
62.6603 2.277888429240430834e-01
62.6686 2.277470168717179166e-01
62.6769 2.277052154649941706e-01
62.6852 2.276634386806488664e-01
62.6935 2.276216864955807884e-01
62.7019 2.275799588888699210e-01
62.7102 2.275382558364230368e-01
62.7185 2.274965773160191607e-01
62.7268 2.274549233050441599e-01
62.7351 2.274132937809028865e-01
62.7434 2.273716887219438265e-01
62.7517 2.273301081051976869e-01
62.76 2.272885519082275263e-01
62.7683 2.272470201086157771e-01
62.7766 2.272055126837571604e-01
62.785 2.271640296117846680e-01
62.7933 2.271225708699250445e-01
62.8016 2.270811364357323558e-01
62.8099 2.270397262871890753e-01
62.8182 2.269983404022960782e-01
62.8265 2.269569787579449605e-01
62.8348 2.269156413325835175e-01
62.8431 2.268743281040631332e-01
62.8514 2.268330390490237991e-01
62.8597 2.267917741461734638e-01
62.8681 2.267505333734183837e-01
62.8764 2.267093167088881922e-01
62.8847 2.266681241304228656e-01
62.893 2.266269556143472030e-01
62.9013 2.265858111396641394e-01
62.9096 2.265446906851900644e-01
62.9179 2.265035942271003966e-01
62.9262 2.264625217450657313e-01
62.9345 2.264214732159119392e-01
62.9428 2.263804486182213749e-01
62.9512 2.263394479289594918e-01
62.9595 2.262984711277660210e-01
62.9678 2.262575181919490586e-01
62.9761 2.262165890990404382e-01
62.9844 2.261756838282223125e-01
62.9927 2.261348023562467224e-01
63.001 2.260939446634530614e-01
63.0093 2.260531107257124361e-01
63.0176 2.260123005219728531e-01
63.0259 2.259715140316073123e-01
63.0343 2.259307512306447108e-01
63.0426 2.258900120984943527e-01
63.0509 2.258492966142766345e-01
63.0592 2.258086047553993503e-01
63.0675 2.257679364990856641e-01
63.0758 2.257272918255271987e-01
63.0841 2.256866707119830340e-01
63.0924 2.256460731369510642e-01
63.1007 2.256054990799628290e-01
63.109 2.255649485177223523e-01
63.1173 2.255244214289844618e-01
63.1257 2.254839177930290928e-01
63.134 2.254434375877319152e-01
63.1423 2.254029807914947059e-01
63.1506 2.253625473829397041e-01
63.1589 2.253221373404026562e-01
63.1672 2.252817506433528461e-01
63.1755 2.252413872695525066e-01
63.1838 2.252010471972894501e-01
63.1921 2.251607304055787961e-01
63.2004 2.251204368725409910e-01
63.2088 2.250801665776313298e-01
63.2171 2.250399194991070106e-01
63.2254 2.249996956160530137e-01
63.2337 2.249594949062558580e-01
63.242 2.249193173489369146e-01
63.2503 2.248791629226269684e-01
63.2586 2.248390316063796079e-01
63.2669 2.247989233789628172e-01
63.2752 2.247588382193640155e-01
63.2835 2.247187761052744648e-01
63.2919 2.246787370166263009e-01
63.3002 2.246387209320553913e-01
63.3085 2.245987278297100487e-01
63.3168 2.245587576900787141e-01
63.3251 2.245188104902343385e-01
63.3334 2.244788862105984162e-01
63.3417 2.244389848295912093e-01
63.35 2.243991063250458384e-01
63.3583 2.243592506772332240e-01
63.3666 2.243194178652310189e-01
63.375 2.242796078671265569e-01
63.3833 2.242398206628383184e-01
63.3916 2.242000562316971424e-01
63.3999 2.241603145515408402e-01
63.4082 2.241205956014333533e-01
63.4165 2.240808993617638967e-01
63.4248 2.240412258115292432e-01
63.4331 2.240015749286376479e-01
63.4414 2.239619466934281156e-01
63.4497 2.239223410845474771e-01
63.4581 2.238827580810620055e-01
63.4664 2.238431976628588449e-01
63.4747 2.238036598090380747e-01
63.483 2.237641444985163375e-01
63.4913 2.237246517101272592e-01
63.4996 2.236851814243277503e-01
63.5079 2.236457336199849932e-01
63.5162 2.236063082758837917e-01
63.5245 2.235669053718290222e-01
63.5328 2.235275248874415976e-01
63.5412 2.234881668021587442e-01
63.5495 2.234488310944326706e-01
63.5578 2.234095177451375924e-01
63.5661 2.233702267328597502e-01
63.5744 2.233309580362032865e-01
63.5827 2.232917116360922105e-01
63.591 2.232524875128653885e-01
63.5993 2.232132856443768965e-01
63.6076 2.231741060092994888e-01
63.6159 2.231349485900229468e-01
63.6242 2.230958133641527674e-01
63.6326 2.230567003108128166e-01
63.6409 2.230176094117411190e-01
63.6492 2.229785406454946328e-01
63.6575 2.229394939915464446e-01
63.6658 2.229004694293868771e-01
63.6741 2.228614669391217051e-01
63.6824 2.228224865005737909e-01
63.6907 2.227835280929838513e-01
63.699 2.227445916971059758e-01
63.7073 2.227056772913166005e-01
63.7157 2.226667848560043017e-01
63.724 2.226279143718717934e-01
63.7323 2.225890658181438608e-01
63.7406 2.225502391741615293e-01
63.7489 2.225114344200797845e-01
63.7572 2.224726515364677804e-01
63.7655 2.224338905017213819e-01
63.7738 2.223951512974378930e-01
63.7821 2.223564339031407489e-01
63.7904 2.223177382972764959e-01
63.7988 2.222790644617890776e-01
63.8071 2.222404123763508654e-01
63.8154 2.222017820202537297e-01
63.8237 2.221631733730050073e-01
63.832 2.221245864165128092e-01
63.8403 2.220860211300184905e-01
63.8486 2.220474774927813644e-01
63.8569 2.220089554856647662e-01
63.8652 2.219704550890522488e-01
63.8735 2.219319762827478004e-01
63.8819 2.218935190467707097e-01
63.8902 2.218550833617510820e-01
63.8985 2.218166692077405966e-01
63.9068 2.217782765641134746e-01
63.9151 2.217399054120440527e-01
63.9234 2.217015557318304797e-01
63.9317 2.216632275040843758e-01
63.94 2.216249207083440254e-01
63.9483 2.215866353244619613e-01
63.9566 2.215483713335929250e-01
63.965 2.215101287164125965e-01
63.9733 2.214719074524257592e-01
63.9816 2.214337075227360285e-01
63.9899 2.213955289077702004e-01
63.9982 2.213573715868848157e-01
64.0065 2.213192355413296231e-01
64.0148 2.212811207516788004e-01
64.0231 2.212430271980283247e-01
64.0314 2.212049548614780370e-01
64.0397 2.211669037221558609e-01
64.0481 2.211288737605025811e-01
64.0564 2.210908649576646401e-01
64.0647 2.210528772929311325e-01
64.073 2.210149107476777897e-01
64.0813 2.209769653030002612e-01
64.0896 2.209390409388268250e-01
64.0979 2.209011376364816703e-01
64.1062 2.208632553760236095e-01
64.1145 2.208253941377252283e-01
64.1228 2.207875539033510304e-01
64.1311 2.207497346532048821e-01
64.1395 2.207119363679997393e-01
64.1478 2.206741590281698917e-01
64.1561 2.206364026146566126e-01
64.1644 2.205986671086139217e-01
64.1727 2.205609524902280016e-01
64.181 2.205232587409787226e-01
64.1893 2.204855858418696135e-01
64.1976 2.204479337727420218e-01
64.2059 2.204103025151218642e-01
64.2142 2.203726920498638442e-01
64.2226 2.203351023581319734e-01
64.2309 2.202975334203215452e-01
64.2392 2.202599852181179874e-01
64.2475 2.202224577317518084e-01
64.2558 2.201849509419592510e-01
64.2641 2.201474648310603188e-01
64.2724 2.201099993796258314e-01
64.2807 2.200725545673612726e-01
64.289 2.200351303763384836e-01
64.2973 2.199977267883504173e-01
64.3057 2.199603437837364672e-01
64.314 2.199229813438309811e-01
64.3223 2.198856394486137789e-01
64.3306 2.198483180808194215e-01
64.3389 2.198110172216316827e-01
64.3472 2.197737368509798672e-01
64.3555 2.197364769507632598e-01
64.3638 2.196992375027986832e-01
64.3721 2.196620184867686953e-01
64.3804 2.196248198854972855e-01
64.3888 2.195876416787962970e-01
64.3971 2.195504838496167566e-01
64.4054 2.195133463787767858e-01
64.4137 2.194762292460381570e-01
64.422 2.194391324345912608e-01
64.4303 2.194020559252033431e-01
64.4386 2.193649996992418638e-01
64.4469 2.193279637378950375e-01
64.4552 2.192909480234369879e-01
64.4635 2.192539525363068620e-01
64.4719 2.192169772572515885e-01
64.4802 2.191800221700508922e-01
64.4885 2.191430872553836451e-01
64.4968 2.191061724927775844e-01
64.5051 2.190692778660560947e-01
64.5134 2.190324033559444827e-01
64.5217 2.189955489442526326e-01
64.53 2.189587146122223549e-01
64.5383 2.189219003407223141e-01
64.5466 2.188851061133562370e-01
64.555 2.188483319105362923e-01
64.5633 2.188115777135646034e-01
64.5716 2.187748435039530703e-01
64.5799 2.187381292647803122e-01
64.5882 2.187014349768109656e-01
64.5965 2.186647606215040285e-01
64.6048 2.186281061820789517e-01
64.6131 2.185914716376974598e-01
64.6214 2.185548569718993306e-01
64.6297 2.185182621665903158e-01
64.638 2.184816872027227075e-01
64.6464 2.184451320625225290e-01
64.6547 2.184085967284245255e-01
64.663 2.183720811811349083e-01
64.6713 2.183355854033112997e-01
64.6796 2.182991093764641843e-01
64.6879 2.182626530825063083e-01
64.6962 2.182262165037513746e-01
64.7045 2.181897996219477887e-01
64.7128 2.181534024185685927e-01
64.7211 2.181170248765513242e-01
64.7295 2.180806669774948137e-01
64.7378 2.180443287024338983e-01
64.7461 2.180080100346385719e-01
64.7544 2.179717109555593391e-01
64.7627 2.179354314473365140e-01
64.771 2.178991714928969481e-01
64.7793 2.178629310730594015e-01
64.7876 2.178267101704906006e-01
64.7959 2.177905087676776930e-01
64.8042 2.177543268454846526e-01
64.8126 2.177181643874881167e-01
64.8209 2.176820213754478983e-01
64.8292 2.176458977914277060e-01
64.8375 2.176097936173130853e-01
64.8458 2.175737088364477767e-01
64.8541 2.175376434296877604e-01
64.8624 2.175015973805012048e-01
64.8707 2.174655706700622526e-01
64.879 2.174295632810018253e-01
64.8873 2.173935751964458929e-01
64.8957 2.173576063979000828e-01
64.904 2.173216568682305172e-01
64.9123 2.172857265889719947e-01
64.9206 2.172498155435951261e-01
64.9289 2.172139237141435530e-01
64.9372 2.171780510821960386e-01
64.9455 2.171421976313604729e-01
64.9538 2.171063633431485618e-01
64.9621 2.170705482010041321e-01
64.9704 2.170347521865633456e-01
64.9788 2.169989752821478435e-01
64.9871 2.169632174717227302e-01
64.9954 2.169274787365834400e-01
65.0037 2.168917590594775235e-01
65.012 2.168560584225916466e-01
65.0203 2.168203768093716899e-01
65.0286 2.167847142025106366e-01
65.0369 2.167490705834723697e-01
65.0452 2.167134459354571052e-01
65.0535 2.166778402417744165e-01
65.0619 2.166422534845040826e-01
65.0702 2.166066856464101964e-01
65.0785 2.165711367098877016e-01
65.0868 2.165356066578242034e-01
65.0951 2.165000954735978034e-01
65.1034 2.164646031394550085e-01
65.1117 2.164291296373698770e-01
65.12 2.163936749515260605e-01
65.1283 2.163582390641163866e-01
65.1366 2.163228219572527200e-01
65.1449 2.162874236151591523e-01
65.1533 2.162520440203565542e-01
65.1616 2.162166831548078816e-01
65.1699 2.161813410023966098e-01
65.1782 2.161460175447327825e-01
65.1865 2.161107127660128746e-01
65.1948 2.160754266496837939e-01
65.2031 2.160401591758751849e-01
65.2114 2.160049103304415852e-01
65.2197 2.159696800960148599e-01
65.228 2.159344684536234071e-01
65.2364 2.158992753881150695e-01
65.2447 2.158641008831132801e-01
65.253 2.158289449195944509e-01
65.2613 2.157938074808300188e-01
65.2696 2.157586885519100772e-01
65.2779 2.157235881142327283e-01
65.2862 2.156885061510153689e-01
65.2945 2.156534426467224264e-01
65.3028 2.156183975835534727e-01
65.3111 2.155833709435328038e-01
65.3195 2.155483627113552181e-01
65.3278 2.155133728695460271e-01
65.3361 2.154784014027310013e-01
65.3444 2.154434482931782135e-01
65.3527 2.154085135226969094e-01
65.361 2.153735970756681661e-01
65.3693 2.153386989361072978e-01
65.3776 2.153038190871896518e-01
65.3859 2.152689575113473364e-01
65.3942 2.152341141917835932e-01
65.4026 2.151992891136071950e-01
65.4109 2.151644822579663607e-01
65.4192 2.151296936092398637e-01
65.4275 2.150949231516293692e-01
65.4358 2.150601708670812351e-01
65.4441 2.150254367394464072e-01
65.4524 2.149907207535327880e-01
65.4607 2.149560228903835968e-01
65.469 2.149213431346445602e-01
65.4773 2.148866814707851569e-01
65.4857 2.148520378815885201e-01
65.494 2.148174123498519661e-01
65.5023 2.147828048591410022e-01
65.5106 2.147482153941659977e-01
65.5189 2.147136439373866501e-01
65.5272 2.146790904739162287e-01
65.5355 2.146445549852989132e-01
65.5438 2.146100374559203883e-01
65.5521 2.145755378707432104e-01
65.5604 2.145410562121060627e-01
65.5688 2.145065924636794519e-01
65.5771 2.144721466091473738e-01
65.5854 2.144377186325828188e-01
65.5937 2.144033085173193409e-01
65.602 2.143689162470799048e-01
65.6103 2.143345418061645136e-01
65.6186 2.143001851783217504e-01
65.6269 2.142658463463740504e-01
65.6352 2.142315252952237126e-01
65.6435 2.141972220079072786e-01
65.6518 2.141629364687890058e-01
65.6602 2.141286686614951029e-01
65.6685 2.140944185692891244e-01
65.6768 2.140601861769496905e-01
65.6851 2.140259714677661684e-01
65.6934 2.139917744267299249e-01
65.7017 2.139575950364061563e-01
65.71 2.139234332806869698e-01
65.7183 2.138892891440389576e-01
65.7266 2.138551626111288295e-01
65.7349 2.138210536655113791e-01
65.7433 2.137869622896316213e-01
65.7516 2.137528884691306252e-01
65.7599 2.137188321889125497e-01
65.7682 2.136847934314607955e-01
65.7765 2.136507721800217918e-01
65.7848 2.136167684202859018e-01
65.7931 2.135827821364597034e-01
65.8014 2.135488133122009635e-01
65.8097 2.135148619308074036e-01
65.818 2.134809279768976886e-01
65.8264 2.134470114356631365e-01
65.8347 2.134131122895056576e-01
65.843 2.133792305245754972e-01
65.8513 2.133453661240470034e-01
65.8596 2.133115190712952802e-01
65.8679 2.132776893515737071e-01
65.8762 2.132438769492152331e-01
65.8845 2.132100818478191995e-01
65.8928 2.131763040321170144e-01
65.9011 2.131425434864789026e-01
65.9095 2.131088001954742905e-01
65.9178 2.130750741431259032e-01
65.9261 2.130413653125385609e-01
65.9344 2.130076736898088297e-01
65.9427 2.129739992588111641e-01
65.951 2.129403420026885763e-01
65.9593 2.129067019083179801e-01
65.9676 2.128730789583090921e-01
65.9759 2.128394731373310367e-01
65.9842 2.128058844306227326e-01
65.9926 2.127723128215765203e-01
66.0009 2.127387582948982725e-01
66.0092 2.127052208351208895e-01
66.0175 2.126717004275318623e-01
66.0258 2.126381970553884171e-01
66.0341 2.126047107047451812e-01
66.0424 2.125712413592556471e-01
66.0507 2.125377890029574446e-01
66.059 2.125043536206428496e-01
66.0673 2.124709351974868043e-01
66.0757 2.124375337194177871e-01
66.084 2.124041491684833527e-01
66.0923 2.123707815293398860e-01
66.1006 2.123374307877668454e-01
66.1089 2.123040969297404768e-01
66.1172 2.122707799386558403e-01
66.1255 2.122374797977364946e-01
66.1338 2.122041964933652491e-01
66.1421 2.121709300100855788e-01
66.1504 2.121376803330078387e-01
66.1587 2.121044474465151042e-01
66.1671 2.120712313350024414e-01
66.1754 2.120380319826930537e-01
66.1837 2.120048493756698516e-01
66.192 2.119716834994730958e-01
66.2003 2.119385343366990415e-01
66.2086 2.119054018727282440e-01
66.2169 2.118722860942441055e-01
66.2252 2.118391869848038622e-01
66.2335 2.118061045290845767e-01
66.2418 2.117730387121447566e-01
66.2502 2.117399895188699643e-01
66.2585 2.117069569341583080e-01
66.2668 2.116739409440249464e-01
66.2751 2.116409415328386057e-01
66.2834 2.116079586844270277e-01
66.2917 2.115749923850258896e-01
66.3 2.115420426195921411e-01
66.3083 2.115091093727268778e-01
66.3166 2.114761926294116690e-01
66.3249 2.114432923750076132e-01
66.3333 2.114104085945197331e-01
66.3416 2.113775412735166004e-01
66.3499 2.113446903966590407e-01
66.3582 2.113118559484361558e-01
66.3665 2.112790379148197506e-01
66.3748 2.112462362808736338e-01
66.3831 2.112134510313067037e-01
66.3914 2.111806821515740396e-01
66.3997 2.111479296276932149e-01
66.408 2.111151934433069532e-01
66.4164 2.110824735848232381e-01
66.4247 2.110497700362762019e-01
66.433 2.110170827837298535e-01
66.4413 2.109844118134425184e-01
66.4496 2.109517571093005028e-01
66.4579 2.109191186568525056e-01
66.4662 2.108864964409254972e-01
66.4745 2.108538904478239606e-01
66.4828 2.108213006627644714e-01
66.4911 2.107887270704260352e-01
66.4995 2.107561696567811227e-01
66.5078 2.107236284068982335e-01
66.5161 2.106911033060409055e-01
66.5244 2.106585943405812900e-01
66.5327 2.106261014943429655e-01
66.541 2.105936247544522022e-01
66.5493 2.105611641053044825e-01
66.5576 2.105287195316732640e-01
66.5659 2.104962910210835259e-01
66.5742 2.104638785579657223e-01
66.5826 2.104314821269454849e-01
66.5909 2.103991017152157528e-01
66.5992 2.103667373068774937e-01
66.6075 2.103343888878686230e-01
66.6158 2.103020564450499841e-01
66.6241 2.102697399620107876e-01
66.6324 2.102374394256344703e-01
66.6407 2.102051548208103415e-01
66.649 2.101728861338968968e-01
66.6573 2.101406333507170876e-01
66.6656 2.101083964556482164e-01
66.674 2.100761754339905141e-01
66.6823 2.100439702737857683e-01
66.6906 2.100117809598096019e-01
66.6989 2.099796074764861131e-01
66.7072 2.099474498113437504e-01
66.7155 2.099153079488290663e-01
66.7238 2.098831818748559119e-01
66.7321 2.098510715762574863e-01
66.7404 2.098189770367887563e-01
66.7487 2.097868982434873131e-01
66.7571 2.097548351830375579e-01
66.7654 2.097227878405003576e-01
66.7737 2.096907562009484582e-01
66.782 2.096587402503738429e-01
66.7903 2.096267399760494421e-01
66.7986 2.095947553634442406e-01
66.8069 2.095627863962254978e-01
66.8152 2.095308330622432935e-01
66.8235 2.094988953484505922e-01
66.8318 2.094669732392739903e-01
66.8402 2.094350667202394545e-01
66.8485 2.094031757777898295e-01
66.8568 2.093713003985596954e-01
66.8651 2.093394405681081039e-01
66.8734 2.093075962727291017e-01
66.8817 2.092757674978232840e-01
66.89 2.092439542293452193e-01
66.8983 2.092121564541649104e-01
66.9066 2.091803741575351261e-01
66.9149 2.091486073259860579e-01
66.9233 2.091168559455159337e-01
66.9316 2.090851200026763168e-01
66.9399 2.090533994822228459e-01
66.9482 2.090216943718126996e-01
66.9565 2.089900046571266656e-01
66.9648 2.089583303234960332e-01
66.9731 2.089266713586092339e-01
66.9814 2.088950277469173722e-01
66.9897 2.088633994757692902e-01
66.998 2.088317865314420485e-01
67.0064 2.088001888989615973e-01
67.0147 2.087686065667898050e-01
67.023 2.087370395190734085e-01
67.0313 2.087054877424935340e-01
67.0396 2.086739512242821448e-01
67.0479 2.086424299497003920e-01
67.0562 2.086109239052813258e-01
67.0645 2.085794330784683237e-01
67.0728 2.085479574536560354e-01
67.0811 2.085164970183091548e-01
67.0895 2.084850517595426556e-01
67.0978 2.084536216623240901e-01
67.1061 2.084222067132506795e-01
67.1144 2.083908068998285013e-01
67.1227 2.083594222072379654e-01
67.131 2.083280526221081841e-01
67.1393 2.082966981317966593e-01
67.1476 2.082653587218760705e-01
67.1559 2.082340343797245696e-01
67.1642 2.082027250896807680e-01
67.1725 2.081714308404000735e-01
67.1809 2.081401516183947475e-01
67.1892 2.081088874089331575e-01
67.1975 2.080776381990870616e-01
67.2058 2.080464039759389039e-01
67.2141 2.080151847251473785e-01
67.2224 2.079839804336369447e-01
67.2307 2.079527910879836738e-01
67.239 2.079216166760273765e-01
67.2473 2.078904571822168534e-01
67.2556 2.078593125938763830e-01
67.264 2.078281828985185653e-01
67.2723 2.077970680834869965e-01
67.2806 2.077659681329169228e-01
67.2889 2.077348830345314978e-01
67.2972 2.077038127757054597e-01
67.3055 2.076727573427518403e-01
67.3138 2.076417167232443572e-01
67.3221 2.076106909020881408e-01
67.3304 2.075796798674137134e-01
67.3387 2.075486836061113394e-01
67.3471 2.075177021041891556e-01
67.3554 2.074867353476669007e-01
67.3637 2.074557833247149818e-01
67.372 2.074248460231563895e-01
67.3803 2.073939234283280475e-01
67.3886 2.073630155254003460e-01
67.3969 2.073321223047221162e-01
67.4052 2.073012437514841211e-01
67.4135 2.072703798517788742e-01
67.4218 2.072395305934905674e-01
67.4302 2.072086959638004544e-01
67.4385 2.071778759491884059e-01
67.4468 2.071470705366781628e-01
67.4551 2.071162797133040134e-01
67.4634 2.070855034652209492e-01
67.4717 2.070547417800173151e-01
67.48 2.070239946452909208e-01
67.4883 2.069932620474055074e-01
67.4966 2.069625439732683259e-01
67.5049 2.069318404101523623e-01
67.5133 2.069011513446297468e-01
67.5216 2.068704767645265230e-01
67.5299 2.068398166569673513e-01
67.5382 2.068091710083779788e-01
67.5465 2.067785398055493329e-01
67.5548 2.067479230361694009e-01
67.5631 2.067173206875808911e-01
67.5714 2.066867327467823146e-01
67.5797 2.066561592007817583e-01
67.588 2.066256000367754087e-01
67.5964 2.065950552412600671e-01
67.6047 2.065645248023375846e-01
67.613 2.065340087074103437e-01
67.6213 2.065035069430059544e-01
67.6296 2.064730194960160692e-01
67.6379 2.064425463542276795e-01
67.6462 2.064120875056135729e-01
67.6545 2.063816429363879157e-01
67.6628 2.063512126336596031e-01
67.6711 2.063207965857846160e-01
67.6794 2.062903947791843717e-01
67.6878 2.062600072008210494e-01
67.6961 2.062296338392560213e-01
67.7044 2.061992746804116594e-01
67.7127 2.061689297133981191e-01
67.721 2.061385989243343098e-01
67.7293 2.061082823007610865e-01
67.7376 2.060779798300529653e-01
67.7459 2.060476915001230314e-01
67.7542 2.060174172971310780e-01
67.7625 2.059871572104199633e-01
67.7709 2.059569112259930501e-01
67.7792 2.059266793310974841e-01
67.7875 2.058964615140476129e-01
67.7958 2.058662577621097889e-01
67.8041 2.058360680630887118e-01
67.8124 2.058058924037423354e-01
67.8207 2.057757307718951212e-01
67.829 2.057455831560840165e-01
67.8373 2.057154495411621098e-01
67.8456 2.056853299170930682e-01
67.854 2.056552242706844447e-01
67.8623 2.056251325896321369e-01
67.8706 2.055950548619938645e-01
67.8789 2.055649910744304365e-01
67.8872 2.055349412144921173e-01
67.8955 2.055049052707913215e-01
67.9038 2.054748832310722417e-01
67.9121 2.054448750816844360e-01
67.9204 2.054148808109181323e-01
67.9287 2.053849004067217487e-01
67.9371 2.053549338560010373e-01
67.9454 2.053249811472494801e-01
67.9537 2.052950422682686682e-01
67.962 2.052651172070445174e-01
67.9703 2.052352059496456993e-01
67.9786 2.052053084853040221e-01
67.9869 2.051754248013335225e-01
67.9952 2.051455548855832534e-01
68.0035 2.051156987260867870e-01
68.0118 2.050858563103619969e-01
68.0202 2.050560276264612458e-01
68.0285 2.050262126610469804e-01
68.0368 2.049964114037646223e-01
68.0451 2.049666238409460772e-01
68.0534 2.049368499615552286e-01
68.0617 2.049070897529923219e-01
68.07 2.048773432030163433e-01
68.0783 2.048476102999201021e-01
68.0866 2.048178910307828782e-01
68.0949 2.047881853853127099e-01
68.1033 2.047584933492112846e-01
68.1116 2.047288149115069344e-01
68.1199 2.046991500600149894e-01
68.1282 2.046694987825605216e-01
68.1365 2.046398610685466746e-01
68.1448 2.046102369040736224e-01
68.1531 2.045806262775173023e-01
68.1614 2.045510291777853928e-01
68.1697 2.045214455918782925e-01
68.178 2.044918755085478046e-01
68.1863 2.044623189162058374e-01
68.1947 2.044327758013595453e-01
68.203 2.044032461533097644e-01
68.2113 2.043737299603223534e-01
68.2196 2.043442272098023038e-01
68.2279 2.043147378902080702e-01
68.2362 2.042852619893112120e-01
68.2445 2.042557994952406697e-01
68.2528 2.042263503970029870e-01
68.2611 2.041969146822236736e-01
68.2694 2.041674923399270092e-01
68.2778 2.041380833560210162e-01
68.2861 2.041086877200693761e-01
68.2944 2.040793054211231528e-01
68.3027 2.040499364465069576e-01
68.311 2.040205807851165065e-01
68.3193 2.039912384229079223e-01
68.3276 2.039619093501825742e-01
68.3359 2.039325935560356851e-01
68.3442 2.039032910273183286e-01
68.3525 2.038740017522777115e-01
68.3609 2.038447257196898676e-01
68.3692 2.038154629169539878e-01
68.3775 2.037862133344219562e-01
68.3858 2.037569769591646984e-01
68.3941 2.037277537786094661e-01
68.4024 2.036985437833063739e-01
68.4107 2.036693469598358230e-01
68.419 2.036401632963442399e-01
68.4273 2.036109927825431043e-01
68.4356 2.035818354067689406e-01
68.444 2.035526911568494024e-01
68.4523 2.035235600209666929e-01
68.4606 2.034944419885210687e-01
68.4689 2.034653370468490485e-01
68.4772 2.034362451855410425e-01
68.4855 2.034071663924694184e-01
68.4938 2.033781006558612880e-01
68.5021 2.033490479646426485e-01
68.5104 2.033200083075756281e-01
68.5187 2.032909816729134844e-01
68.5271 2.032619680480573232e-01
68.5354 2.032329674240359874e-01
68.5437 2.032039797874064802e-01
68.552 2.031750051274915092e-01
68.5603 2.031460434332779952e-01
68.5686 2.031170946915231978e-01
68.5769 2.030881588926090886e-01
68.5852 2.030592360253757889e-01
68.5935 2.030303260771245677e-01
68.6018 2.030014290370576180e-01
68.6102 2.029725448943857369e-01
68.6185 2.029436736372966232e-01
68.6268 2.029148152543307770e-01
68.6351 2.028859697342091650e-01
68.6434 2.028571370656616635e-01
68.6517 2.028283172375982268e-01
68.66 2.027995102387660231e-01
68.6683 2.027707160577486567e-01
68.6766 2.027419346833107539e-01
68.6849 2.027131661037104293e-01
68.6932 2.026844103084157467e-01
68.7016 2.026556672869024578e-01
68.7099 2.026269370257403057e-01
68.7182 2.025982195156228183e-01
68.7265 2.025695147453655531e-01
68.7348 2.025408227031074704e-01
68.7431 2.025121433766543244e-01
68.7514 2.024834767565606708e-01
68.7597 2.024548228318475973e-01
68.768 2.024261815898331651e-01
68.7763 2.023975530205830153e-01
68.7847 2.023689371124595127e-01
68.793 2.023403338545182450e-01
68.8013 2.023117432366777491e-01
68.8096 2.022831652461297702e-01
68.8179 2.022545998717844018e-01
68.8262 2.022260471039276086e-01
68.8345 2.021975069318271145e-01
68.8428 2.021689793430518078e-01
68.8511 2.021404643270577894e-01
68.8594 2.021119618729681211e-01
68.8678 2.020834719690607628e-01
68.8761 2.020549946061818147e-01
68.8844 2.020265297717729891e-01
68.8927 2.019980774553320202e-01
68.901 2.019696376455120401e-01
68.9093 2.019412103328501462e-01
68.9176 2.019127955036303101e-01
68.9259 2.018843931494282706e-01
68.9342 2.018560032592712772e-01
68.9425 2.018276258201518736e-01
68.9509 2.017992608240092578e-01
68.9592 2.017709082576829571e-01
68.9675 2.017425681109151769e-01
68.9758 2.017142403739663747e-01
68.9841 2.016859250343832344e-01
68.9924 2.016576220822724197e-01
69.0007 2.016293315068981573e-01
69.009 2.016010532966833191e-01
69.0173 2.015727874415885745e-01
69.0256 2.015445339312425255e-01
69.034 2.015162927530741444e-01
69.0423 2.014880638975780902e-01
69.0506 2.014598473545772539e-01
69.0589 2.014316431122051276e-01
69.0672 2.014034511604707867e-01
69.0755 2.013752714880336359e-01
69.0838 2.013471040839014403e-01
69.0921 2.013189489391243037e-01
69.1004 2.012908060413694522e-01
69.1087 2.012626753801773360e-01
69.1171 2.012345569454355998e-01
69.1254 2.012064507267003477e-01
69.1337 2.011783567118426985e-01
69.142 2.011502748911130622e-01
69.1503 2.011222052554461071e-01
69.1586 2.010941477915532960e-01
69.1669 2.010661024900471106e-01
69.1752 2.010380693413779396e-01
69.1835 2.010100483334673060e-01
69.1918 2.009820394550910216e-01
69.2001 2.009540426985827466e-01
69.2085 2.009260580505368987e-01
69.2168 2.008980855016125056e-01
69.2251 2.008701250419690776e-01
69.2334 2.008421766599161606e-01
69.2417 2.008142403447850666e-01
69.25 2.007863160869281238e-01
69.2583 2.007584038760296397e-01
69.2666 2.007305037007699189e-01
69.2749 2.007026155515242993e-01
69.2832 2.006747394173264976e-01
69.2916 2.006468752872186956e-01
69.2999 2.006190231514311528e-01
69.3082 2.005911830000329799e-01
69.3165 2.005633548219215856e-01
69.3248 2.005355386068449763e-01
69.3331 2.005077343443906479e-01
69.3414 2.004799420243223163e-01
69.3497 2.004521616357381741e-01
69.358 2.004243931687544333e-01
69.3663 2.003966366129900367e-01
69.3747 2.003688919589126372e-01
69.383 2.003411591958200177e-01
69.3913 2.003134383110015682e-01
69.3996 2.002857292967975822e-01
69.4079 2.002580321428657495e-01
69.4162 2.002303468378641704e-01
69.4245 2.002026733726421093e-01
69.4328 2.001750117348667091e-01
69.4411 2.001473619170812956e-01
69.4494 2.001197239074722078e-01
69.4578 2.000920976944025043e-01
69.4661 2.000644832712759058e-01
69.4744 2.000368806249611664e-01
69.4827 2.000092897455225949e-01
69.491 1.999817106243725051e-01
69.4993 1.999541432499138960e-01
69.5076 1.999265876124010632e-01
69.5159 1.998990437019283195e-01
69.5242 1.998715115079276738e-01
69.5325 1.998439910206763759e-01
69.5409 1.998164822289524578e-01
69.5492 1.997889851243871417e-01
69.5575 1.997614996957741140e-01
69.5658 1.997340259335878832e-01
69.5741 1.997065638266384557e-01
69.5824 1.996791133657499218e-01
69.5907 1.996516745414192440e-01
69.599 1.996242473426466657e-01
69.6073 1.995968317594432606e-01
69.6156 1.995694277818275963e-01
69.624 1.995420353993249407e-01
69.6323 1.995146546033044754e-01
69.6406 1.994872853836400506e-01
69.6489 1.994599277288783001e-01
69.6572 1.994325816292428499e-01
69.6655 1.994052470757983753e-01
69.6738 1.993779240584493129e-01
69.6821 1.993506125672740437e-01
69.6904 1.993233125906927194e-01
69.6987 1.992960241207989147e-01
69.707 1.992687471470274141e-01
69.7154 1.992414816593205129e-01
69.7237 1.992142276474615781e-01
69.732 1.991869851022405602e-01
69.7403 1.991597540137884093e-01
69.7486 1.991325343712455898e-01
69.7569 1.991053261660893359e-01
69.7652 1.990781293879739788e-01
69.7735 1.990509440255643081e-01
69.7818 1.990237700706919410e-01
69.7901 1.989966075136985757e-01
69.7985 1.989694563447671205e-01
69.8068 1.989423165519292602e-01
69.8151 1.989151881282067436e-01
69.8234 1.988880710631403814e-01
69.8317 1.988609653456150650e-01
69.84 1.988338709676769622e-01
69.8483 1.988067879172308039e-01
69.8566 1.987797161863367190e-01
69.8649 1.987526557650710346e-01
69.8732 1.987256066436834945e-01
69.8816 1.986985688130936123e-01
69.8899 1.986715422607490955e-01
69.8982 1.986445269804011649e-01
69.9065 1.986175229610033233e-01
69.9148 1.985905301920138644e-01
69.9231 1.985635486657133797e-01
69.9314 1.985365783699197806e-01
69.9397 1.985096192970930984e-01
69.948 1.984826714372173173e-01
69.9563 1.984557347804498106e-01
69.9647 1.984288093166243216e-01
69.973 1.984018950365745715e-01
69.9813 1.983749919314710675e-01
69.9896 1.983480999901783004e-01
69.9979 1.983212192040467448e-01
70.0062 1.982943495634425235e-01
70.0145 1.982674910587389483e-01
70.0228 1.982406436804818040e-01
70.0311 1.982138074193887378e-01
70.0394 1.981869822663495373e-01
70.0478 1.981601682091268246e-01
70.0561 1.981333652410995072e-01
70.0644 1.981065733526833628e-01
70.0727 1.980797925329830789e-01
70.081 1.980530227725945114e-01
70.0893 1.980262640627798998e-01
70.0976 1.979995163949720693e-01
70.1059 1.979727797579761972e-01
70.1142 1.979460541419225672e-01
70.1225 1.979193395395828503e-01
70.1309 1.978926359409357572e-01
70.1392 1.978659433344879814e-01
70.1475 1.978392617138528264e-01
70.1558 1.978125910675513632e-01
70.1641 1.977859313864143431e-01
70.1724 1.977592826632521561e-01
70.1807 1.977326448854576368e-01
70.189 1.977060180450335158e-01
70.1973 1.976794021334951357e-01
70.2056 1.976527971405583062e-01
70.2139 1.976262030567674244e-01
70.2223 1.975996198736587051e-01
70.2306 1.975730475814616860e-01
70.2389 1.975464861709058662e-01
70.2472 1.975199356327272671e-01
70.2555 1.974933959568494490e-01
70.2638 1.974668671353340954e-01
70.2721 1.974403491586104453e-01
70.2804 1.974138420164590346e-01
70.2887 1.973873457004703957e-01
70.297 1.973608602017497826e-01
70.3054 1.973343855109180034e-01
70.3137 1.973079216176204520e-01
70.322 1.972814685134746671e-01
70.3303 1.972550261896133528e-01
70.3386 1.972285946363579179e-01
70.3469 1.972021738453451356e-01
70.3552 1.971757638064199625e-01
70.3635 1.971493645105787951e-01
70.3718 1.971229759491520128e-01
70.3801 1.970965981124957189e-01
70.3885 1.970702309921170126e-01
70.3968 1.970438745782226719e-01
70.4051 1.970175288621698051e-01
70.4134 1.969911938343425206e-01
70.4217 1.969648694862746741e-01
70.43 1.969385558088532773e-01
70.4383 1.969122527921572940e-01
70.4466 1.968859604287186427e-01
70.4549 1.968596787084665733e-01
70.4632 1.968334076213375528e-01
70.4716 1.968071471595576882e-01
70.4799 1.967808973140547646e-01
70.4882 1.967546580762524200e-01
70.4965 1.967284294359517849e-01
70.5048 1.967022113845902920e-01
70.5131 1.966760039134485549e-01
70.5214 1.966498070146275590e-01
70.5297 1.966236206771427020e-01
70.538 1.965974448918073325e-01
70.5463 1.965712796522056938e-01
70.5547 1.965451249478624707e-01
70.563 1.965189807696103852e-01
70.5713 1.964928471081268113e-01
70.5796 1.964667239558829381e-01
70.5879 1.964406113030815193e-01
70.5962 1.964145091409071897e-01
70.6045 1.963884174615250222e-01
70.6128 1.963623362536974504e-01
70.6211 1.963362655107391275e-01
70.6294 1.963102052235357886e-01
70.6378 1.962841553818449325e-01
70.6461 1.962581159786745688e-01
70.6544 1.962320870033095188e-01
70.6627 1.962060684479597361e-01
70.671 1.961800603038687529e-01
70.6793 1.961540625624487999e-01
70.6876 1.961280752143082784e-01
70.6959 1.961020982499012966e-01
70.7042 1.960761316626025985e-01
70.7125 1.960501754428784771e-01
70.7208 1.960242295803933388e-01
70.7292 1.959982940672463925e-01
70.7375 1.959723688961889088e-01
70.7458 1.959464540570675095e-01
70.7541 1.959205495407059794e-01
70.7624 1.958946553397130363e-01
70.7707 1.958687714449252326e-01
70.779 1.958428978470247162e-01
70.7873 1.958170345370231491e-01
70.7956 1.957911815077155726e-01
70.8039 1.957653387496417485e-01
70.8123 1.957395062546401221e-01
70.8206 1.957136840131024624e-01
70.8289 1.956878720170414920e-01
70.8372 1.956620702571849335e-01
70.8455 1.956362787255580826e-01
70.8538 1.956104974141915087e-01
70.8621 1.955847263131880454e-01
70.8704 1.955589654137855071e-01
70.8787 1.955332147083563010e-01
70.887 1.955074741884727796e-01
70.8954 1.954817438444256816e-01
70.9037 1.954560236682834351e-01
70.912 1.954303136522817508e-01
70.9203 1.954046137857652632e-01
70.9286 1.953789240617870571e-01
70.9369 1.953532444729222939e-01
70.9452 1.953275750085360085e-01
70.9535 1.953019156600909745e-01
70.9618 1.952762664201815879e-01
70.9701 1.952506272804431786e-01
70.9785 1.952249982310717002e-01
70.9868 1.951993792650006665e-01
70.9951 1.951737703732420171e-01
71.0034 1.951481715472957734e-01
71.0117 1.951225827780266042e-01
71.02 1.950970040583915044e-01
71.0283 1.950714353786259236e-01
71.0366 1.950458767310571939e-01
71.0449 1.950203281073771278e-01
71.0532 1.949947894991232444e-01
71.0616 1.949692608971982932e-01
71.0699 1.949437422936334541e-01
71.0782 1.949182336804659021e-01
71.0865 1.948927350487772991e-01
71.0948 1.948672463899767393e-01
71.1031 1.948417676959595390e-01
71.1114 1.948162989587872984e-01
71.1197 1.947908401705269466e-01
71.128 1.947653913219721256e-01
71.1363 1.947399524044027275e-01
71.1447 1.947145234099049715e-01
71.153 1.946891043305703228e-01
71.1613 1.946636951586564468e-01
71.1696 1.946382958843491107e-01
71.1779 1.946129064999183589e-01
71.1862 1.945875269977996036e-01
71.1945 1.945621573688370021e-01
71.2028 1.945367976054776238e-01
71.2111 1.945114476992171604e-01
71.2194 1.944861076410782375e-01
71.2277 1.944607774240048881e-01
71.2361 1.944354570393509452e-01
71.2444 1.944101464784771804e-01
71.2527 1.943848457337068181e-01
71.261 1.943595547965721315e-01
71.2693 1.943342736592486575e-01
71.2776 1.943090023129624144e-01
71.2859 1.942837407497416125e-01
71.2942 1.942584889616207899e-01
71.3025 1.942332469396851335e-01
71.3108 1.942080146780500727e-01
71.3192 1.941827921663801249e-01
71.3275 1.941575793959386953e-01
71.3358 1.941323763614938858e-01
71.3441 1.941071830525711583e-01
71.3524 1.940819994610874788e-01
71.3607 1.940568255797612551e-01
71.369 1.940316614009977014e-01
71.3773 1.940065069156195476e-01
71.3856 1.939813621162028157e-01
71.3939 1.939562269945357686e-01
71.4023 1.939311015419357687e-01
71.4106 1.939059857516315655e-01
71.4189 1.938808796147938607e-01
71.4272 1.938557831224414774e-01
71.4355 1.938306962681371204e-01
71.4438 1.938056190438629534e-01
71.4521 1.937805514408139640e-01
71.4604 1.937554934505090476e-01
71.4687 1.937304450657406918e-01
71.477 1.937054062793067133e-01
71.4854 1.936803770819512105e-01
71.4937 1.936553574661671329e-01
71.502 1.936303474235027411e-01
71.5103 1.936053469469374011e-01
71.5186 1.935803560285054570e-01
71.5269 1.935553746592989233e-01
71.5352 1.935304028318389491e-01
71.5435 1.935054405383363485e-01
71.5518 1.934804877703753534e-01
71.5601 1.934555445212848002e-01
71.5685 1.934306107823439147e-01
71.5768 1.934056865445231421e-01
71.5851 1.933807718027472367e-01
71.5934 1.933558665468922688e-01
71.6017 1.933309707693675050e-01
71.61 1.933060844630611619e-01
71.6183 1.932812076199198759e-01
71.6266 1.932563402314231849e-01
71.6349 1.932314822906338325e-01
71.6432 1.932066337901467146e-01
71.6516 1.931817947200395180e-01
71.6599 1.931569650738651778e-01
71.6682 1.931321448442355759e-01
71.6765 1.931073340229801094e-01
71.6848 1.930825326020920440e-01
71.6931 1.930577405743576780e-01
71.7014 1.930329579314664090e-01
71.7097 1.930081846655862521e-01
71.718 1.929834207693627568e-01
71.7263 1.929586662340312675e-01
71.7346 1.929339210531924309e-01
71.743 1.929091852198226709e-01
71.7513 1.928844587242311004e-01
71.7596 1.928597415589343722e-01
71.7679 1.928350337170829654e-01
71.7762 1.928103351907330398e-01
71.7845 1.927856459721032367e-01
71.7928 1.927609660535749836e-01
71.8011 1.927362954276924667e-01
71.8094 1.927116340865342170e-01
71.8177 1.926869820220277751e-01
71.8261 1.926623392270480073e-01
71.8344 1.926377056944746646e-01
71.8427 1.926130814159382754e-01
71.851 1.925884663838596245e-01
71.8593 1.925638605905081457e-01
71.8676 1.925392640278453527e-01
71.8759 1.925146766897190276e-01
71.8842 1.924900985682579668e-01
71.8925 1.924655296543443528e-01
71.9008 1.924409699415283725e-01
71.9092 1.924164194225823354e-01
71.9175 1.923918780890318814e-01
71.9258 1.923673459339735048e-01
71.9341 1.923428229498828357e-01
71.9424 1.923183091289283886e-01
71.9507 1.922938044634406318e-01
71.959 1.922693089459120985e-01
71.9673 1.922448225689970258e-01
71.9756 1.922203453256672578e-01
71.9839 1.921958772079626898e-01
71.9923 1.921714182074608646e-01
72.0006 1.921469683183989474e-01
72.0089 1.921225275329895565e-01
72.0172 1.920980958420465401e-01
72.0255 1.920736732401348568e-01
72.0338 1.920492597190152917e-01
72.0421 1.920248552712349455e-01
72.0504 1.920004598888783998e-01
72.0587 1.919760735645036076e-01
72.067 1.919516962920763958e-01
72.0754 1.919273280633858048e-01
72.0837 1.919029688703827730e-01
72.092 1.918786187061139181e-01
72.1003 1.918542775642539111e-01
72.1086 1.918299454353686595e-01
72.1169 1.918056223131437976e-01
72.1252 1.917813081904910788e-01
72.1335 1.917570030597056385e-01
72.1418 1.917327069135544848e-01
72.1501 1.917084197449653582e-01
72.1585 1.916841415453169606e-01
72.1668 1.916598723086359035e-01
72.1751 1.916356120269336327e-01
72.1834 1.916113606942461967e-01
72.1917 1.915871183019744184e-01
72.2 1.915628848413699348e-01
72.2083 1.915386603074162863e-01
72.2166 1.915144446924622601e-01
72.2249 1.914902379891724182e-01
72.2332 1.914660401894412167e-01
72.2415 1.914418512864096700e-01
72.2499 1.914176712735338182e-01
72.2582 1.913935001430342731e-01
72.2665 1.913693378877572571e-01
72.2748 1.913451844999345119e-01
72.2831 1.913210399722680422e-01
72.2914 1.912969042990138313e-01
72.2997 1.912727774711804052e-01
72.308 1.912486594828791409e-01
72.3163 1.912245503255942947e-01
72.3246 1.912004499940657687e-01
72.333 1.911763584793245707e-01
72.3413 1.911522757748828627e-01
72.3496 1.911282018742573308e-01
72.3579 1.911041367678778247e-01
72.3662 1.910800804508177020e-01
72.3745 1.910560329158357828e-01
72.3828 1.910319941549240286e-01
72.3911 1.910079641619334412e-01
72.3994 1.909839429290208779e-01
72.4077 1.909599304485034843e-01
72.4161 1.909359267147101302e-01
72.4244 1.909119317193509191e-01
72.4327 1.908879454555300059e-01
72.441 1.908639679163568470e-01
72.4493 1.908399990957165837e-01
72.4576 1.908160389845699190e-01
72.4659 1.907920875766583313e-01
72.4742 1.907681448666522228e-01
72.4825 1.907442108449124429e-01
72.4908 1.907202855047332446e-01
72.4992 1.906963688411072166e-01
72.5075 1.906724608448744918e-01
72.5158 1.906485615093440611e-01
72.5241 1.906246708299838832e-01
72.5324 1.906007887962655467e-01
72.5407 1.905769154021289546e-01
72.549 1.905530506419791936e-01
72.5573 1.905291945080733740e-01
72.5656 1.905053469939035071e-01
72.5739 1.904815080905080393e-01
72.5823 1.904576777926187681e-01
72.5906 1.904338560945105230e-01
72.5989 1.904100429863160582e-01
72.6072 1.903862384621674564e-01
72.6155 1.903624425160467259e-01
72.6238 1.903386551408665084e-01
72.6321 1.903148763287772216e-01
72.6404 1.902911060722421999e-01
72.6487 1.902673443667965147e-01
72.657 1.902435912044526389e-01
72.6654 1.902198465769221469e-01
72.6737 1.901961104792940227e-01
72.682 1.901723829039027591e-01
72.6903 1.901486638424760844e-01
72.6986 1.901249532904228101e-01
72.7069 1.901012512405521881e-01
72.7152 1.900775576841480519e-01
72.7235 1.900538726161733194e-01
72.7318 1.900301960291466974e-01
72.7401 1.900065279163568044e-01
72.7485 1.899828682701797111e-01
72.7568 1.899592170849847550e-01
72.7651 1.899355743540747377e-01
72.7734 1.899119400692297066e-01
72.7817 1.898883142248324329e-01
72.79 1.898646968143537783e-01
72.7983 1.898410878297414339e-01
72.8066 1.898174872640186472e-01
72.8149 1.897938951126550422e-01
72.8232 1.897703113674612252e-01
72.8315 1.897467360201012532e-01
72.8399 1.897231690669739235e-01
72.8482 1.896996104995998800e-01
72.8565 1.896760603102689846e-01
72.8648 1.896525184943249343e-01
72.8731 1.896289850443716452e-01
72.8814 1.896054599531704909e-01
72.8897 1.895819432144024430e-01
72.898 1.895584348208388392e-01
72.9063 1.895349347663223827e-01
72.9146 1.895114430446997178e-01
72.923 1.894879596481484074e-01
72.9313 1.894644845693075619e-01
72.9396 1.894410178044730331e-01
72.9479 1.894175593449236306e-01
72.9562 1.893941091830096957e-01
72.9645 1.893706673141268559e-01
72.9728 1.893472337307865738e-01
72.9811 1.893238084264170784e-01
72.9894 1.893003913941480598e-01
72.9977 1.892769826277209411e-01
73.0061 1.892535821205784674e-01
73.0144 1.892301898661678250e-01
73.0227 1.892068058568785183e-01
73.031 1.891834300869264240e-01
73.0393 1.891600625503799815e-01
73.0476 1.891367032391880754e-01
73.0559 1.891133521478836899e-01
73.0642 1.890900092696388424e-01
73.0725 1.890666745982370334e-01
73.0808 1.890433481251929115e-01
73.0892 1.890200298467242246e-01
73.0975 1.889967197548095557e-01
73.1058 1.889734178427968647e-01
73.1141 1.889501241046441238e-01
73.1224 1.889268385335567957e-01
73.1307 1.889035611228966349e-01
73.139 1.888802918670891007e-01
73.1473 1.888570307592022379e-01
73.1556 1.888337777915531368e-01
73.1639 1.888105329585810233e-01
73.1723 1.887872962538219290e-01
73.1806 1.887640676714211485e-01
73.1889 1.887408472041684215e-01
73.1972 1.887176348453114272e-01
73.2055 1.886944305885564777e-01
73.2138 1.886712344279155296e-01
73.2221 1.886480463564997878e-01
73.2304 1.886248663683302018e-01
73.2387 1.886016944568291165e-01
73.247 1.885785306157246322e-01
73.2554 1.885553748381465222e-01
73.2637 1.885322271179832032e-01
73.272 1.885090874485245149e-01
73.2803 1.884859558226130716e-01
73.2886 1.884628322361097674e-01
73.2969 1.884397166815646729e-01
73.3052 1.884166091518338915e-01
73.3135 1.883935096408333731e-01
73.3218 1.883704181420312873e-01
73.3301 1.883473346513085955e-01
73.3384 1.883242591594329884e-01
73.3468 1.883011916604889480e-01
73.3551 1.882781321494670090e-01
73.3634 1.882550806197074433e-01
73.3717 1.882320370641041851e-01
73.38 1.882090014773600550e-01
73.3883 1.881859738517767666e-01
73.3966 1.881629541820661888e-01
73.4049 1.881399424617415661e-01
73.4132 1.881169386838706936e-01
73.4215 1.880939428443784700e-01
73.4299 1.880709549343898002e-01
73.4382 1.880479749477369511e-01
73.4465 1.880250028808072849e-01
73.4548 1.880020387245904256e-01
73.4631 1.879790824735320387e-01
73.4714 1.879561341217814985e-01
73.4797 1.879331936631929989e-01
73.488 1.879102610919240191e-01
73.4963 1.878873364003391666e-01
73.5046 1.878644195832045449e-01
73.513 1.878415106342420093e-01
73.5213 1.878186095465787520e-01
73.5296 1.877957163149937270e-01
73.5379 1.877728309329221301e-01
73.5462 1.877499533938045695e-01
73.5545 1.877270836924317676e-01
73.5628 1.877042218216546932e-01
73.5711 1.876813677753754461e-01
73.5794 1.876585215472020562e-01
73.5877 1.876356831317927132e-01
73.5961 1.876128525232121091e-01
73.6044 1.875900297134373840e-01
73.6127 1.875672146983350108e-01
73.621 1.875444074709367304e-01
73.6293 1.875216080254741013e-01
73.6376 1.874988163557343157e-01
73.6459 1.874760324549129276e-01
73.6542 1.874532563175522748e-01
73.6625 1.874304879373041299e-01
73.6708 1.874077273078245676e-01
73.6792 1.873849744238176573e-01
73.6875 1.873622292790968757e-01
73.6958 1.873394918670333587e-01
73.7041 1.873167621813005002e-01
73.7124 1.872940402175128360e-01
73.7207 1.872713259669691321e-01
73.729 1.872486194251435088e-01
73.7373 1.872259205864707510e-01
73.7456 1.872032294441995648e-01
73.7539 1.871805459923268078e-01
73.7623 1.871578702255979332e-01
73.7706 1.871352021363820450e-01
73.7789 1.871125417192845419e-01
73.7872 1.870898889698058287e-01
73.7955 1.870672438795862036e-01
73.8038 1.870446064451742330e-01
73.8121 1.870219766580710208e-01
73.8204 1.869993545133477042e-01
73.8287 1.869767400057821272e-01
73.837 1.869541331279286622e-01
73.8453 1.869315338747221389e-01
73.8537 1.869089422402102907e-01
73.862 1.868863582182969385e-01
73.8703 1.868637818034830089e-01
73.8786 1.868412129892359497e-01
73.8869 1.868186517687309700e-01
73.8952 1.867960981382607577e-01
73.9035 1.867735520896749157e-01
73.9118 1.867510136182366498e-01
73.9201 1.867284827189157059e-01
73.9284 1.867059593837242237e-01
73.9368 1.866834436074926440e-01
73.9451 1.866609353860912701e-01
73.9534 1.866384347108055730e-01
73.9617 1.866159415770704544e-01
73.97 1.865934559797315095e-01
73.9783 1.865709779123075618e-01
73.9866 1.865485073684695072e-01
73.9949 1.865260443421888625e-01
74.0032 1.865035888293618827e-01
74.0115 1.864811408223422118e-01
74.0199 1.864587003154089817e-01
74.0282 1.864362673038792717e-01
74.0365 1.864138417805631942e-01
74.0448 1.863914237407857388e-01
74.0531 1.863690131782513304e-01
74.0614 1.863466100872593068e-01
74.0697 1.863242144618178775e-01
74.078 1.863018262959396654e-01
74.0863 1.862794455839360541e-01
74.0946 1.862570723207125634e-01
74.103 1.862347064999985702e-01
74.1113 1.862123481150864956e-01
74.1196 1.861899971620718797e-01
74.1279 1.861676536339606780e-01
74.1362 1.861453175249411229e-01
74.1445 1.861229888292061374e-01
74.1528 1.861006675422768042e-01
74.1611 1.860783536574705521e-01
74.1694 1.860560471684033212e-01
74.1777 1.860337480698726065e-01
74.1861 1.860114563568265322e-01
74.1944 1.859891720231873213e-01
74.2027 1.859668950621468086e-01
74.211 1.859446254699876622e-01
74.2193 1.859223632394687298e-01
74.2276 1.859001083651170283e-01
74.2359 1.858778608414631550e-01
74.2442 1.858556206634820185e-01
74.2525 1.858333878243906279e-01
74.2608 1.858111623187315986e-01
74.2692 1.857889441416381016e-01
74.2775 1.857667332869267218e-01
74.2858 1.857445297484180136e-01
74.2941 1.857223335208172121e-01
74.3024 1.857001445997122080e-01
74.3107 1.856779629777630947e-01
74.319 1.856557886491003173e-01
74.3273 1.856336216100558656e-01
74.3356 1.856114618540349870e-01
74.3439 1.855893093745940858e-01
74.3522 1.855671641667580030e-01
74.3606 1.855450262254085825e-01
74.3689 1.855228955451387052e-01
74.3772 1.855007721179115499e-01
74.3855 1.854786559412543723e-01
74.3938 1.854565470086010637e-01
74.4021 1.854344453128056458e-01
74.4104 1.854123508505276241e-01
74.4187 1.853902636155057571e-01
74.427 1.853681836008990169e-01
74.4353 1.853461108029386406e-01
74.4437 1.853240452152296325e-01
74.452 1.853019868318197261e-01
74.4603 1.852799356480744064e-01
74.4686 1.852578916577569401e-01
74.4769 1.852358548563863283e-01
74.4852 1.852138252372957650e-01
74.4935 1.851918027944073342e-01
74.5018 1.851697875244172065e-01
74.5101 1.851477794208167549e-01
74.5184 1.851257784771020432e-01
74.5268 1.851037846885224825e-01
74.5351 1.850817980497476145e-01
74.5434 1.850598185555965003e-01
74.5517 1.850378461991446510e-01
74.56 1.850158809769659740e-01
74.5683 1.849939228822895243e-01
74.5766 1.849719719096584170e-01
74.5849 1.849500280540562758e-01
74.5932 1.849280913098881873e-01
74.6015 1.849061616715633738e-01
74.6099 1.848842391348031466e-01
74.6182 1.848623236918434387e-01
74.6265 1.848404153392853022e-01
74.6348 1.848185140715527530e-01
74.6431 1.847966198808947969e-01
74.6514 1.847747327659559347e-01
74.6597 1.847528527176859059e-01
74.668 1.847309797313962110e-01
74.6763 1.847091138038524927e-01
74.6846 1.846872549279050535e-01
74.693 1.846654030978598371e-01
74.7013 1.846435583091872445e-01
74.7096 1.846217205554754881e-01
74.7179 1.845998898339416827e-01
74.7262 1.845780661374563092e-01
74.7345 1.845562494586056590e-01
74.7428 1.845344397950516024e-01
74.7511 1.845126371408362109e-01
74.7594 1.844908414904402605e-01
74.7677 1.844690528376246308e-01
74.7761 1.844472711780363039e-01
74.7844 1.844254965068908292e-01
74.7927 1.844037288168029476e-01
74.801 1.843819681041536651e-01
74.8093 1.843602143635907076e-01
74.8176 1.843384675890426816e-01
74.8259 1.843167277768998913e-01
74.8342 1.842949949196529547e-01
74.8425 1.842732690125432338e-01
74.8508 1.842515500513930704e-01
74.8591 1.842298380298613147e-01
74.8675 1.842081329429107184e-01
74.8758 1.841864347860850959e-01
74.8841 1.841647435526219123e-01
74.8924 1.841430592390823628e-01
74.9007 1.841213818390000923e-01
74.909 1.840997113470675683e-01
74.9173 1.840780477588457864e-01
74.9256 1.840563910678804926e-01
74.9339 1.840347412703166874e-01
74.9422 1.840130983608604942e-01
74.9506 1.839914623327813803e-01
74.9589 1.839698331820899535e-01
74.9672 1.839482109033596935e-01
74.9755 1.839265954911679657e-01
74.9838 1.839049869413908744e-01
74.9921 1.838833852473173436e-01
75.0004 1.838617904046868923e-01
75.0087 1.838402024080911523e-01
75.017 1.838186212516939033e-01
75.0253 1.837970469316762279e-01
75.0337 1.837754794414902804e-01
75.042 1.837539187771799754e-01
75.0503 1.837323649330672437e-01
75.0586 1.837108179033348776e-01
75.0669 1.836892776844672448e-01
75.0752 1.836677442700793139e-01
75.0835 1.836462176553698145e-01
75.0918 1.836246978346796066e-01
75.1001 1.836031848033578273e-01
75.1084 1.835816785569005238e-01
75.1168 1.835601790895153018e-01
75.1251 1.835386863959882486e-01
75.1334 1.835172004712517235e-01
75.1417 1.834957213109588148e-01
75.15 1.834742489093318940e-01
75.1583 1.834527832604547215e-01
75.1666 1.834313243607066657e-01
75.1749 1.834098722051808183e-01
75.1832 1.833884267875415808e-01
75.1915 1.833669881037484073e-01
75.1999 1.833455561480458740e-01
75.2082 1.833241309143968101e-01
75.2165 1.833027124004870945e-01
75.2248 1.832813006002858291e-01
75.2331 1.832598955066222501e-01
75.2414 1.832384971169054577e-01
75.2497 1.832171054252587639e-01
75.258 1.831957204266670414e-01
75.2663 1.831743421164040708e-01
75.2746 1.831529704880335285e-01
75.283 1.831316055386926767e-01
75.2913 1.831102472629516920e-01
75.2996 1.830888956538136991e-01
75.3079 1.830675507087111964e-01
75.3162 1.830462124216535313e-01
75.3245 1.830248807867974337e-01
75.3328 1.830035558005852214e-01
75.3411 1.829822374581783206e-01
75.3494 1.829609257531734090e-01
75.3577 1.829396206811670644e-01
75.366 1.829183222376162821e-01
75.3744 1.828970304169839911e-01
75.3827 1.828757452158731589e-01
75.391 1.828544666276142316e-01
75.3993 1.828331946473926439e-01
75.4076 1.828119292703977716e-01
75.4159 1.827906704928176640e-01
75.4242 1.827694183087093804e-01
75.4325 1.827481727134138978e-01
75.4408 1.827269337012804029e-01
75.4491 1.827057012686519877e-01
75.4575 1.826844754107371516e-01
75.4658 1.826632561206161243e-01
75.4741 1.826420433950682320e-01
75.4824 1.826208372290276660e-01
75.4907 1.825996376178588843e-01
75.499 1.825784445557930569e-01
75.5073 1.825572580377755605e-01
75.5156 1.825360780607417355e-01
75.5239 1.825149046190751856e-01
75.5322 1.824937377063120814e-01
75.5406 1.824725773193972278e-01
75.5489 1.824514234534337365e-01
75.5572 1.824302761019689079e-01
75.5655 1.824091352608221694e-01
75.5738 1.823880009269494840e-01
75.5821 1.823668730941918337e-01
75.5904 1.823457517561114516e-01
75.5987 1.823246369108063869e-01
75.607 1.823035285521285576e-01
75.6153 1.822824266749247801e-01
75.6237 1.822613312751780734e-01
75.632 1.822402423460438570e-01
75.6403 1.822191598856336414e-01
75.6486 1.821980838885241816e-01
75.6569 1.821770143478823600e-01
75.6652 1.821559512606963360e-01
75.6735 1.821348946218364628e-01
75.6818 1.821138444264590872e-01
75.6901 1.820928006698651902e-01
75.6984 1.820717633469351726e-01
75.7068 1.820507324531180082e-01
75.7151 1.820297079851358746e-01
75.7234 1.820086899357615806e-01
75.7317 1.819876783007360610e-01
75.74 1.819666730772141749e-01
75.7483 1.819456742586850750e-01
75.7566 1.819246818407578570e-01
75.7649 1.819036958186215636e-01
75.7732 1.818827161884554178e-01
75.7815 1.818617429444678579e-01
75.7899 1.818407760827033537e-01
75.7982 1.818198155982226893e-01
75.8065 1.817988614853861262e-01
75.8148 1.817779137409512580e-01
75.8231 1.817569723608331855e-01
75.8314 1.817360373370090487e-01
75.8397 1.817151086676531135e-01
75.848 1.816941863484080322e-01
75.8563 1.816732703725287279e-01
75.8646 1.816523607365089499e-01
75.8729 1.816314574362824230e-01
75.8813 1.816105604652554495e-01
75.8896 1.815896698207740689e-01
75.8979 1.815687854972350135e-01
75.9062 1.815479074905844703e-01
75.9145 1.815270357953668035e-01
75.9228 1.815061704064109549e-01
75.9311 1.814853113220587788e-01
75.9394 1.814644585346182060e-01
75.9477 1.814436120397704966e-01
75.956 1.814227718346021201e-01
75.9644 1.814019379133966214e-01
75.9727 1.813811102714230072e-01
75.981 1.813602889046546374e-01
75.9893 1.813394738085065128e-01
75.9976 1.813186649768558367e-01
76.0059 1.812978624069460643e-01
76.0142 1.812770660943418821e-01
76.0225 1.812562760326499045e-01
76.0308 1.812354922181421968e-01
76.0391 1.812147146470924064e-01
76.0475 1.811939433143777700e-01
76.0558 1.811731782150187431e-01
76.0641 1.811524193450184117e-01
76.0724 1.811316666998230573e-01
76.0807 1.811109202744626834e-01
76.089 1.810901800639706516e-01
76.0973 1.810694460654801441e-01
76.1056 1.810487182724931088e-01
76.1139 1.810279966818690023e-01
76.1222 1.810072812886533156e-01
76.1306 1.809865720880348416e-01
76.1389 1.809658690761828115e-01
76.1472 1.809451722477335434e-01
76.1555 1.809244815990017907e-01
76.1638 1.809037971246304499e-01
76.1721 1.808831188210793528e-01
76.1804 1.808624466828585020e-01
76.1887 1.808417807061545035e-01
76.197 1.808211208861811026e-01
76.2053 1.808004672187121797e-01
76.2137 1.807798197002216944e-01
76.222 1.807591783237030014e-01
76.2303 1.807385430866114695e-01
76.2386 1.807179139840363047e-01
76.2469 1.806972910112100705e-01
76.2552 1.806766741653162145e-01
76.2635 1.806560634389488273e-01
76.2718 1.806354588298541564e-01
76.2801 1.806148603336936997e-01
76.2884 1.805942679447410659e-01
76.2968 1.805736816589424976e-01
76.3051 1.805531014729414574e-01
76.3134 1.805325273811606845e-01
76.3217 1.805119593794156097e-01
76.33 1.804913974638027718e-01
76.3383 1.804708416287542916e-01
76.3466 1.804502918712058424e-01
76.3549 1.804297481858735674e-01
76.3632 1.804092105692818304e-01
76.3715 1.803886790162917975e-01
76.3798 1.803681535219073540e-01
76.3882 1.803476340829384683e-01
76.3965 1.803271206955040507e-01
76.4048 1.803066133535072280e-01
76.4131 1.802861120533505168e-01
76.4214 1.802656167903299300e-01
76.4297 1.802451275615459259e-01
76.438 1.802246443607763982e-01
76.4463 1.802041671840194925e-01
76.4546 1.801836960287985512e-01
76.4629 1.801632308889014877e-01
76.4713 1.801427717596425226e-01
76.4796 1.801223186378615171e-01
76.4879 1.801018715191546604e-01
76.4962 1.800814303988452492e-01
76.5045 1.800609952719826601e-01
76.5128 1.800405661355554410e-01
76.5211 1.800201429844803525e-01
76.5294 1.799997258146455170e-01
76.5377 1.799793146222176676e-01
76.546 1.799589094012946089e-01
76.5544 1.799385101491538519e-01
76.5627 1.799181168615564819e-01
76.571 1.798977295331617154e-01
76.5793 1.798773481594607981e-01
76.5876 1.798569727381552907e-01
76.5959 1.798366032637757350e-01
76.6042 1.798162397308561422e-01
76.6125 1.797958821375196248e-01
76.6208 1.797755304776164909e-01
76.6291 1.797551847477581177e-01
76.6375 1.797348449435932083e-01
76.6458 1.797145110607738516e-01
76.6541 1.796941830952301089e-01
76.6624 1.796738610419310600e-01
76.6707 1.796535448975011551e-01
76.679 1.796332346581542005e-01
76.6873 1.796129303181799031e-01
76.6956 1.795926318746237371e-01
76.7039 1.795723393235696685e-01
76.7122 1.795520526583543330e-01
76.7206 1.795317718769936788e-01
76.7289 1.795114969757176382e-01
76.7372 1.794912279480100625e-01
76.7455 1.794709647913440842e-01
76.7538 1.794507075020952136e-01
76.7621 1.794304560745813848e-01
76.7704 1.794102105054587171e-01
76.7787 1.793899707904244856e-01
76.787 1.793697369246298468e-01
76.7953 1.793495089050132496e-01
76.8037 1.793292867268685975e-01
76.812 1.793090703853560397e-01
76.8203 1.792888598774216025e-01
76.8286 1.792686551991907462e-01
76.8369 1.792484563451463564e-01
76.8452 1.792282633114199719e-01
76.8535 1.792080760952416141e-01
76.8618 1.791878946905555436e-01
76.8701 1.791677190944599429e-01
76.8784 1.791475493025490862e-01
76.8867 1.791273853106934988e-01
76.8951 1.791072271149035111e-01
76.9034 1.790870747109187255e-01
76.9117 1.790669280944811592e-01
76.92 1.790467872616094136e-01
76.9283 1.790266522079146383e-01
76.9366 1.790065229296943783e-01
76.9449 1.789863994233852340e-01
76.9532 1.789662816839229231e-01
76.9615 1.789461697074763991e-01
76.9698 1.789260634902171965e-01
76.9782 1.789059630274995871e-01
76.9865 1.788858683156372420e-01
76.9948 1.788657793510825267e-01
77.0031 1.788456961293345970e-01
77.0114 1.788256186454865171e-01
77.0197 1.788055468968175188e-01
77.028 1.787854808782896321e-01
77.0363 1.787654205867775792e-01
77.0446 1.787453660173855541e-01
77.0529 1.787253171656301154e-01
77.0613 1.787052740290751285e-01
77.0696 1.786852366033782336e-01
77.0779 1.786652048837912288e-01
77.0862 1.786451788652972106e-01
77.0945 1.786251585454693980e-01
77.1028 1.786051439206574054e-01
77.1111 1.785851349853076753e-01
77.1194 1.785651317360477663e-01
77.1277 1.785451341697797123e-01
77.136 1.785251422815028466e-01
77.1444 1.785051560667642589e-01
77.1527 1.784851755222014169e-01
77.161 1.784652006445900940e-01
77.1693 1.784452314289414199e-01
77.1776 1.784252678709491446e-01
77.1859 1.784053099682117449e-01
77.1942 1.783853577153413639e-01
77.2025 1.783654111079042426e-01
77.2108 1.783454701435058798e-01
77.2191 1.783255348177174848e-01
77.2275 1.783056051258417873e-01
77.2358 1.782856810646768764e-01
77.2441 1.782657626300736264e-01
77.2524 1.782458498178856598e-01
77.2607 1.782259426246472211e-01
77.269 1.782060410454036348e-01
77.2773 1.781861450772366795e-01
77.2856 1.781662547166878441e-01
77.2939 1.781463699573205828e-01
77.3022 1.781264907974433320e-01
77.3106 1.781066172333341247e-01
77.3189 1.780867492600549107e-01
77.3272 1.780668868742955324e-01
77.3355 1.780470300713945797e-01
77.3438 1.780271788473703487e-01
77.3521 1.780073331991904595e-01
77.3604 1.779874931227427015e-01
77.3687 1.779676586143231487e-01
77.377 1.779478296692841299e-01
77.3853 1.779280062846028132e-01
77.3936 1.779081884556369675e-01
77.402 1.778883761784229023e-01
77.4103 1.778685694495397984e-01
77.4186 1.778487682658390912e-01
77.4269 1.778289726217442690e-01
77.4352 1.778091825155966310e-01
77.4435 1.777893979416902415e-01
77.4518 1.777696188958073631e-01
77.4601 1.777498453761606756e-01
77.4684 1.777300773771880449e-01
77.4767 1.777103148957579204e-01
77.4851 1.776905579277974212e-01
77.4934 1.776708064707184509e-01
77.5017 1.776510605184314917e-01
77.51 1.776313200686232829e-01
77.5183 1.776115851169615401e-01
77.5266 1.775918556595208475e-01
77.5349 1.775721316926478222e-01
77.5432 1.775524132128256383e-01
77.5515 1.775327002169438950e-01
77.5598 1.775129926989341689e-01
77.5682 1.774932906570365065e-01
77.5765 1.774735940868023554e-01
77.5848 1.774539029835173198e-01
77.5931 1.774342173444864446e-01
77.6014 1.774145371664788695e-01
77.6097 1.773948624441159805e-01
77.618 1.773751931744409760e-01
77.6263 1.773555293550359291e-01
77.6346 1.773358709799933708e-01
77.6429 1.773162180455579162e-01
77.6513 1.772965705490501254e-01
77.6596 1.772769284864508521e-01
77.6679 1.772572918541454046e-01
77.6762 1.772376606483878347e-01
77.6845 1.772180348646297809e-01
77.6928 1.771984144996669730e-01
77.7011 1.771787995501626356e-01
77.7094 1.771591900122467811e-01
77.7177 1.771395858819172220e-01
77.726 1.771199871545053595e-01
77.7344 1.771003938281576484e-01
77.7427 1.770808058988796729e-01
77.751 1.770612233606710384e-01
77.7593 1.770416462118193091e-01
77.7676 1.770220744495414333e-01
77.7759 1.770025080678461482e-01
77.7842 1.769829470639558699e-01
77.7925 1.769633914352290172e-01
77.8008 1.769438411759498009e-01
77.8091 1.769242962837491162e-01
77.8175 1.769047567541201516e-01
77.8258 1.768852225846976045e-01
77.8341 1.768656937712467236e-01
77.8424 1.768461703091355475e-01
77.8507 1.768266521954705850e-01
77.859 1.768071394266932939e-01
77.8673 1.767876319989797052e-01
77.8756 1.767681299085091806e-01
77.8839 1.767486331515962794e-01
77.8922 1.767291417254923669e-01
77.9005 1.767096556254494077e-01
77.9089 1.766901748472567146e-01
77.9172 1.766706993892384059e-01
77.9255 1.766512292467880274e-01
77.9338 1.766317644157014422e-01
77.9421 1.766123048928437134e-01
77.9504 1.765928506737493298e-01
77.9587 1.765734017559539293e-01
77.967 1.765539581361949828e-01
77.9753 1.765345198108135005e-01
77.9836 1.765150867741561713e-01
77.992 1.764956590236342049e-01
78.0003 1.764762365567930091e-01
78.0086 1.764568193686529840e-01
78.0169 1.764374074567637285e-01
78.0252 1.764180008168157732e-01
78.0335 1.763985994442363314e-01
78.0418 1.763792033372465762e-01
78.0501 1.763598124915438381e-01
78.0584 1.763404269038915673e-01
78.0667 1.763210465705235541e-01
78.0751 1.763016714863490098e-01
78.0834 1.762823016499966700e-01
78.0917 1.762629370571767995e-01
78.1 1.762435777038674767e-01
78.1083 1.762242235864479034e-01
78.1166 1.762048747015643735e-01
78.1249 1.761855310469265801e-01
78.1332 1.761661926173285764e-01
78.1415 1.761468594088939910e-01
78.1498 1.761275314196035224e-01
78.1582 1.761082086454523743e-01
78.1665 1.760888910815106567e-01
78.1748 1.760695787269576096e-01
78.1831 1.760502715770002058e-01
78.1914 1.760309696260549672e-01
78.1997 1.760116728723798152e-01
78.208 1.759923813141016646e-01
78.2163 1.759730949453792714e-01
78.2246 1.759538137632858656e-01
78.2329 1.759345377637058505e-01
78.2413 1.759152669442455019e-01
78.2496 1.758960013015867241e-01
78.2579 1.758767408304319491e-01
78.2662 1.758574855294502970e-01
78.2745 1.758382353933492792e-01
78.2828 1.758189904201410692e-01
78.2911 1.757997506051988679e-01
78.2994 1.757805159453504351e-01
78.3077 1.757612864374262229e-01
78.316 1.757420620779941156e-01
78.3244 1.757228428634929895e-01
78.3327 1.757036287900995974e-01
78.341 1.756844198537301505e-01
78.3493 1.756652160525440931e-01
78.3576 1.756460173825935556e-01
78.3659 1.756268238387468095e-01
78.3742 1.756076354194334166e-01
78.3825 1.755884521218975536e-01
78.3908 1.755692739407519742e-01
78.3991 1.755501008724557332e-01
78.4074 1.755309329159720766e-01
78.4158 1.755117700660522584e-01
78.4241 1.754926123175836461e-01
78.4324 1.754734596703238225e-01
78.4407 1.754543121203480660e-01
78.449 1.754351696624185386e-01
78.4573 1.754160322940627736e-01
78.4656 1.753969000113630716e-01
78.4739 1.753777728135590686e-01
78.4822 1.753586506942400036e-01
78.4905 1.753395336498905221e-01
78.4989 1.753204216793607384e-01
78.5072 1.753013147779565462e-01
78.5155 1.752822129411179264e-01
78.5238 1.752631161678319949e-01
78.5321 1.752440244539366920e-01
78.5404 1.752249377944856135e-01
78.5487 1.752058561883396703e-01
78.557 1.751867796312127634e-01
78.5653 1.751677081189528529e-01
78.5736 1.751486416484594189e-01
78.582 1.751295802174201166e-01
78.5903 1.751105238218206572e-01
78.5986 1.750914724580423798e-01
78.6069 1.750724261229928691e-01
78.6152 1.750533848127961700e-01
78.6235 1.750343485251497078e-01
78.6318 1.750153172561815795e-01
78.6401 1.749962910020226026e-01
78.6484 1.749772697602451910e-01
78.6567 1.749582535268535688e-01
78.6651 1.749392422986393303e-01
78.6734 1.749202360723960681e-01
78.6817 1.749012348445272702e-01
78.69 1.748822386124843087e-01
78.6983 1.748632473720215241e-01
78.7066 1.748442611196797392e-01
78.7149 1.748252798535696317e-01
78.7232 1.748063035701050705e-01
78.7315 1.747873322637440163e-01
78.7398 1.747683659326031702e-01
78.7482 1.747494045749306835e-01
78.7565 1.747304481853223512e-01
78.7648 1.747114967605953584e-01
78.7731 1.746925502987426160e-01
78.7814 1.746736087964542994e-01
78.7897 1.746546722485975700e-01
78.798 1.746357406533016188e-01
78.8063 1.746168140077843656e-01
78.8146 1.745978923069205768e-01
78.8229 1.745789755491052031e-01
78.8313 1.745600637306505554e-01
78.8396 1.745411568476107900e-01
78.8479 1.745222548977350407e-01
78.8562 1.745033578777326067e-01
78.8645 1.744844657831437496e-01
78.8728 1.744655786108127438e-01
78.8811 1.744466963591466413e-01
78.8894 1.744278190240824700e-01
78.8977 1.744089466013000744e-01
78.906 1.743900790890818009e-01
78.9143 1.743712164831119071e-01
78.9227 1.743523587802467689e-01
78.931 1.743335059787736452e-01
78.9393 1.743146580737340301e-01
78.9476 1.742958150617308355e-01
78.9559 1.742769769407972458e-01
78.9642 1.742581437070205852e-01
78.9725 1.742393153580480136e-01
78.9808 1.742204918899712407e-01
78.9891 1.742016732983656113e-01
78.9974 1.741828595815330671e-01
79.0058 1.741640507362202384e-01
79.0141 1.741452467590465236e-01
79.0224 1.741264476470219535e-01
79.0307 1.741076533958631212e-01
79.039 1.740888640036209467e-01
79.0473 1.740700794665345219e-01
79.0556 1.740512997812335427e-01
79.0639 1.740325249457742030e-01
79.0722 1.740137549547190188e-01
79.0805 1.739949898071634637e-01
79.0889 1.739762294992275027e-01
79.0972 1.739574740263870600e-01
79.1055 1.739387233874834515e-01
79.1138 1.739199775778674795e-01
79.1221 1.739012365950907413e-01
79.1304 1.738825004361892745e-01
79.1387 1.738637690978132866e-01
79.147 1.738450425759693052e-01
79.1553 1.738263208687330641e-01
79.1636 1.738076039722443178e-01
79.172 1.737888918830327312e-01
79.1803 1.737701845995664740e-01
79.1886 1.737514821172170820e-01
79.1969 1.737327844330366078e-01
79.2052 1.737140915444660150e-01
79.2135 1.736954034472711350e-01
79.2218 1.736767201395417459e-01
79.2301 1.736580416180794062e-01
79.2384 1.736393678793009543e-01
79.2467 1.736206989191103889e-01
79.2551 1.736020347365062888e-01
79.2634 1.735833753281690872e-01
79.2717 1.735647206880768512e-01
79.28 1.735460708165211252e-01
79.2883 1.735274257087721650e-01
79.2966 1.735087853621626874e-01
79.3049 1.734901497737698917e-01
79.3132 1.734715189384855583e-01
79.3215 1.734528928572503792e-01
79.3298 1.734342715235452637e-01
79.3382 1.734156549352271204e-01
79.3465 1.733970430905397431e-01
79.3548 1.733784359846433643e-01
79.3631 1.733598336156568775e-01
79.3714 1.733412359783602641e-01
79.3797 1.733226430711332089e-01
79.388 1.733040548931266134e-01
79.3963 1.732854714397686069e-01
79.4046 1.732668927054636099e-01
79.4129 1.732483186887263937e-01
79.4212 1.732297493885857631e-01
79.4296 1.732111847988115072e-01
79.4379 1.731926249190771372e-01
79.4462 1.731740697445684207e-01
79.4545 1.731555192725254266e-01
79.4628 1.731369735008307376e-01
79.4711 1.731184324257023788e-01
79.4794 1.730998960441296197e-01
79.4877 1.730813643529753865e-01
79.496 1.730628373497450634e-01
79.5043 1.730443150318173307e-01
79.5127 1.730257973945245609e-01
79.521 1.730072844349939687e-01
79.5293 1.729887761520178813e-01
79.5376 1.729702725413189424e-01
79.5459 1.729517735996459471e-01
79.5542 1.729332793261791901e-01
79.5625 1.729147897146019741e-01
79.5708 1.728963047638425454e-01
79.5791 1.728778244712961543e-01
79.5874 1.728593488319319360e-01
79.5958 1.728408778451935024e-01
79.6041 1.728224115065652711e-01
79.6124 1.728039498139608554e-01
79.6207 1.727854927631248261e-01
79.629 1.727670403514638131e-01
79.6373 1.727485925774069342e-01
79.6456 1.727301494370875046e-01
79.6539 1.727117109279171780e-01
79.6622 1.726932770457786370e-01
79.6705 1.726748477882150135e-01
79.6789 1.726564231523883830e-01
79.6872 1.726380031352077737e-01
79.6955 1.726195877343486285e-01
79.7038 1.726011769464687040e-01
79.7121 1.725827707683551260e-01
79.7204 1.725643691971792959e-01
79.7287 1.725459722299869381e-01
79.737 1.725275798636984326e-01
79.7453 1.725091920966359549e-01
79.7536 1.724908089249593823e-01
79.762 1.724724303439410522e-01
79.7703 1.724540563525446268e-01
79.7786 1.724356869487168320e-01
79.7869 1.724173221281172230e-01
79.7952 1.723989618880608365e-01
79.8035 1.723806062256099392e-01
79.8118 1.723622551383370560e-01
79.8201 1.723439086225458383e-01
79.8284 1.723255666761933369e-01
79.8367 1.723072292949523743e-01
79.8451 1.722888964769105080e-01
79.8534 1.722705682202833877e-01
79.8617 1.722522445201151720e-01
79.87 1.722339253748789989e-01
79.8783 1.722156107811460002e-01
79.8866 1.721973007358701124e-01
79.8949 1.721789952363874943e-01
79.9032 1.721606942797824780e-01
79.9115 1.721423978632678764e-01
79.9198 1.721241059835514620e-01
79.9281 1.721058186382299349e-01
79.9365 1.720875358250279208e-01
79.9448 1.720692575401520930e-01
79.9531 1.720509837804444497e-01
79.9614 1.720327145432554439e-01
79.9697 1.720144498264433164e-01
79.978 1.719961896274878332e-01
79.9863 1.719779339414670150e-01
79.9946 1.719596827670035188e-01
80.0029 1.719414361025938809e-01
80.0112 1.719231939415526711e-01
80.0196 1.719049562845295642e-01
80.0279 1.718867231278769780e-01
80.0362 1.718684944670655912e-01
80.0445 1.718502703017371069e-01
80.0528 1.718320506271133752e-01
80.0611 1.718138354414496249e-01
80.0694 1.717956247416134175e-01
80.0777 1.717774185238434281e-01
80.086 1.717592167872827869e-01
80.0943 1.717410195290564601e-01
80.1027 1.717228267441470724e-01
80.111 1.717046384300628392e-01
80.1193 1.716864545857001711e-01
80.1276 1.716682752078131646e-01
80.1359 1.716501002926537622e-01
80.1442 1.716319298373585600e-01
80.1525 1.716137638399476972e-01
80.1608 1.715956022980644757e-01
80.1691 1.715774452085982171e-01
80.1774 1.715592925680624325e-01
80.1858 1.715411443733506347e-01
80.1941 1.715230006228683490e-01
80.2024 1.715048613131347210e-01
80.2107 1.714867264415516623e-01
80.219 1.714685960055226110e-01
80.2273 1.714504700011954541e-01
80.2356 1.714323484276117637e-01
80.2439 1.714142312811740287e-01
80.2522 1.713961185574078006e-01
80.2605 1.713780102566154484e-01
80.2689 1.713599063747022477e-01
80.2772 1.713418069073256722e-01
80.2855 1.713237118536611314e-01
80.2938 1.713056212116293164e-01
80.3021 1.712875349772691458e-01
80.3104 1.712694531456190050e-01
80.3187 1.712513757173652895e-01
80.327 1.712333026885533016e-01
80.3353 1.712152340564845332e-01
80.3436 1.711971698189640179e-01
80.352 1.711791099720427756e-01
80.3603 1.711610545137801920e-01
80.3686 1.711430034403566836e-01
80.3769 1.711249567512126979e-01
80.3852 1.711069144409038401e-01
80.3935 1.710888765094994435e-01
80.4018 1.710708429541884512e-01
80.4101 1.710528137689078521e-01
80.4184 1.710347889522286224e-01
80.4267 1.710167685038488927e-01
80.435 1.709987524193381236e-01
80.4434 1.709807406958951392e-01
80.4517 1.709627333308451624e-01
80.46 1.709447303217654091e-01
80.4683 1.709267316666091274e-01
80.4766 1.709087373607071358e-01
80.4849 1.708907474022662853e-01
80.4932 1.708727617907440932e-01
80.5015 1.708547805198528946e-01
80.5098 1.708368035890534820e-01
80.5181 1.708188309961832241e-01
80.5265 1.708008627368348964e-01
80.5348 1.707828988086001198e-01
80.5431 1.707649392109438224e-01
80.5514 1.707469839383413401e-01
80.5597 1.707290329895121694e-01
80.568 1.707110863624279051e-01
80.5763 1.706931440523193899e-01
80.5846 1.706752060581591401e-01
80.5929 1.706572723774252009e-01
80.6012 1.706393430070983763e-01
80.6096 1.706214179440374568e-01
80.6179 1.706034971860988236e-01
80.6262 1.705855807303937044e-01
80.6345 1.705676685747813115e-01
80.6428 1.705497607158784623e-01
80.6511 1.705318571509253922e-01
80.6594 1.705139578780355825e-01
80.6677 1.704960628940792866e-01
80.676 1.704781721970483888e-01
80.6843 1.704602857840650798e-01
80.6927 1.704424036521297037e-01
80.701 1.704245257976226557e-01
80.7093 1.704066522204058798e-01
80.7176 1.703887829167383128e-01
80.7259 1.703709178830061510e-01
80.7342 1.703530571168389851e-01
80.7425 1.703352006161167609e-01
80.7508 1.703173483797127963e-01
80.7591 1.702995004030271320e-01
80.7674 1.702816566830752665e-01
80.7758 1.702638172184874898e-01
80.7841 1.702459820071501040e-01
80.7924 1.702281510445955715e-01
80.8007 1.702103243295818302e-01
80.809 1.701925018601240513e-01
80.8173 1.701746836317601652e-01
80.8256 1.701568696418896964e-01
80.8339 1.701390598902666196e-01
80.8422 1.701212543728063686e-01
80.8505 1.701034530870360884e-01
80.8589 1.700856560299898734e-01
80.8672 1.700678631994456957e-01
80.8755 1.700500745931833868e-01
80.8838 1.700322902082412047e-01
80.8921 1.700145100417836674e-01
80.9004 1.699967340914710912e-01
80.9087 1.699789623548420558e-01
80.917 1.699611948296832209e-01
80.9253 1.699434315131654882e-01
80.9336 1.699256724017194353e-01
80.9419 1.699079174944961301e-01
80.9503 1.698901667876825117e-01
80.9586 1.698724202799378746e-01
80.9669 1.698546779674526552e-01
80.9752 1.698369398477782566e-01
80.9835 1.698192059192071002e-01
80.9918 1.698014761790462568e-01
81.0001 1.697837506242338423e-01
81.0084 1.697660292513406000e-01
81.0167 1.697483120603910933e-01
81.025 1.697305990472189330e-01
81.0334 1.697128902088923252e-01
81.0417 1.696951855438375012e-01
81.05 1.696774850493719955e-01
81.0583 1.696597887226925228e-01
81.0666 1.696420965605043574e-01
81.0749 1.696244085622241882e-01
81.0832 1.696067247240675424e-01
81.0915 1.695890450432377683e-01
81.0998 1.695713695184159209e-01
81.1081 1.695536981454546510e-01
81.1165 1.695360309231608575e-01
81.1248 1.695183678494816548e-01
81.1331 1.695007089200289141e-01
81.1414 1.694830541331220908e-01
81.1497 1.694654034875728299e-01
81.158 1.694477569789988591e-01
81.1663 1.694301146054777996e-01
81.1746 1.694124763660707078e-01
81.1829 1.693948422556641742e-01
81.1912 1.693772122731996288e-01
81.1996 1.693595864170051313e-01
81.2079 1.693419646830781333e-01
81.2162 1.693243470686454644e-01
81.2245 1.693067335737573897e-01
81.2328 1.692891241942934555e-01
81.2411 1.692715189258912067e-01
81.2494 1.692539177687267804e-01
81.2577 1.692363207210146880e-01
81.266 1.692187277774168941e-01
81.2743 1.692011389372545804e-01
81.2827 1.691835541981341062e-01
81.291 1.691659735570511802e-01
81.2993 1.691483970107583168e-01
81.3076 1.691308245584585146e-01
81.3159 1.691132561976415871e-01
81.3242 1.690956919245751588e-01
81.3325 1.690781317377314796e-01
81.3408 1.690605756342381527e-01
81.3491 1.690430236117136109e-01
81.3574 1.690254756679002157e-01
81.3658 1.690079317998080810e-01
81.3741 1.689903920056714248e-01
81.3824 1.689728562836031456e-01
81.3907 1.689553246297627043e-01
81.399 1.689377970426326203e-01
81.4073 1.689202735193531535e-01
81.4156 1.689027540575544772e-01
81.4239 1.688852386547463058e-01
81.4322 1.688677273092940578e-01
81.4405 1.688502200187099733e-01
81.4488 1.688327167791658368e-01
81.4572 1.688152175886655781e-01
81.4655 1.687977224463116377e-01
81.4738 1.687802313487685169e-01
81.4821 1.687627442936779354e-01
81.4904 1.687452612777081140e-01
81.4987 1.687277822994790177e-01
81.507 1.687103073560274891e-01
81.5153 1.686928364458539775e-01
81.5236 1.686753695664853503e-01
81.5319 1.686579067143544330e-01
81.5403 1.686404478874786450e-01
81.5486 1.686229930847284453e-01
81.5569 1.686055423022979893e-01
81.5652 1.685880955379655544e-01
81.5735 1.685706527899968610e-01
81.5818 1.685532140561725456e-01
81.5901 1.685357793329370357e-01
81.5984 1.685183486190466318e-01
81.6067 1.685009219111922307e-01
81.615 1.684834992077678950e-01
81.6234 1.684660805066826028e-01
81.6317 1.684486658045106500e-01
81.64 1.684312550992856927e-01
81.6483 1.684138483897707761e-01
81.6566 1.683964456714525659e-01
81.6649 1.683790469428545211e-01
81.6732 1.683616522029859897e-01
81.6815 1.683442614486733990e-01
81.6898 1.683268746767452584e-01
81.6981 1.683094918850020771e-01
81.7065 1.682921130723366854e-01
81.7148 1.682747382350972820e-01
81.7231 1.682573673721789453e-01
81.7314 1.682400004802967475e-01
81.7397 1.682226375567733301e-01
81.748 1.682052785995386823e-01
81.7563 1.681879236077346018e-01
81.7646 1.681705725783242955e-01
81.7729 1.681532255073047155e-01
81.7812 1.681358823933374880e-01
81.7896 1.681185432350850717e-01
81.7979 1.681012080291541533e-01
81.8062 1.680838767737256878e-01
81.8145 1.680665494664982662e-01
81.8228 1.680492261055342162e-01
81.8311 1.680319066870843703e-01
81.8394 1.680145912092143590e-01
81.8477 1.679972796716823202e-01
81.856 1.679799720703810395e-01
81.8643 1.679626684019307203e-01
81.8727 1.679453686662135681e-01
81.881 1.679280728604558570e-01
81.8893 1.679107809817649288e-01
81.8976 1.678934930278532522e-01
81.9059 1.678762089963140580e-01
81.9142 1.678589288866718376e-01
81.9225 1.678416526938686926e-01
81.9308 1.678243804169494147e-01
81.9391 1.678071120544769868e-01
81.9474 1.677898476023637342e-01
81.9557 1.677725870600190461e-01
81.9641 1.677553304242020982e-01
81.9724 1.677380776927580586e-01
81.9807 1.677208288640150702e-01
81.989 1.677035839341353418e-01
81.9973 1.676863429024128549e-01
82.0056 1.676691057674197793e-01
82.0139 1.676518725243602292e-01
82.0222 1.676346431716895513e-01
82.0305 1.676174177091866724e-01
82.0388 1.676001961313396960e-01
82.0472 1.675829784376897946e-01
82.0555 1.675657646274174850e-01
82.0638 1.675485546958579430e-01
82.0721 1.675313486420743347e-01
82.0804 1.675141464628476795e-01
82.0887 1.674969481568827079e-01
82.097 1.674797537224044508e-01
82.1053 1.674625631547577154e-01
82.1136 1.674453764536114608e-01
82.1219 1.674281936173144247e-01
82.1303 1.674110146416967759e-01
82.1386 1.673938395255903933e-01
82.1469 1.673766682681872564e-01
82.1552 1.673595008653223914e-01
82.1635 1.673423373143921034e-01
82.1718 1.673251776139929037e-01
82.1801 1.673080217623623134e-01
82.1884 1.672908697573796122e-01
82.1967 1.672737215948889855e-01
82.205 1.672565772752880597e-01
82.2134 1.672394367952622363e-01
82.2217 1.672223001526961239e-01
82.23 1.672051673446376951e-01
82.2383 1.671880383686155935e-01
82.2466 1.671709132238347606e-01
82.2549 1.671537919095004154e-01
82.2632 1.671366744189581865e-01
82.2715 1.671195607532105498e-01
82.2798 1.671024509103898881e-01
82.2881 1.670853448860001311e-01
82.2965 1.670682426791333386e-01
82.3048 1.670511442879258346e-01
82.3131 1.670340497100374078e-01
82.3214 1.670169589422932088e-01
82.3297 1.669998719847443081e-01
82.338 1.669827888332631460e-01
82.3463 1.669657094851571544e-01
82.3546 1.669486339392868834e-01
82.3629 1.669315621951096007e-01
82.3712 1.669144942479080240e-01
82.3796 1.668974300961880430e-01
82.3879 1.668803697377408968e-01
82.3962 1.668633131711934059e-01
82.4045 1.668462603941006928e-01
82.4128 1.668292114033042839e-01
82.4211 1.668121661979112824e-01
82.4294 1.667951247757189781e-01
82.4377 1.667780871328587156e-01
82.446 1.667610532686791824e-01
82.4543 1.667440231814576179e-01
82.4626 1.667269968681633352e-01
82.471 1.667099743275521906e-01
82.4793 1.666929555552877917e-01
82.4876 1.666759405511994696e-01
82.4959 1.666589293122623106e-01
82.5042 1.666419218371178179e-01
82.5125 1.666249181240516131e-01
82.5208 1.666079181695675482e-01
82.5291 1.665909219714789002e-01
82.5374 1.665739295278377552e-01
82.5457 1.665569408387163886e-01
82.5541 1.665399558994369311e-01
82.5624 1.665229747080550771e-01
82.5707 1.665059972631027230e-01
82.579 1.664890235629936655e-01
82.5873 1.664720536041255361e-01
82.5956 1.664550873855081270e-01
82.6039 1.664381249059144197e-01
82.6122 1.664211661613906879e-01
82.6205 1.664042111496455423e-01
82.6288 1.663872598704040640e-01
82.6372 1.663703123200729883e-01
82.6455 1.663533684968386550e-01
82.6538 1.663364283999544946e-01
82.6621 1.663194920245290309e-01
82.6704 1.663025593710025507e-01
82.6787 1.662856304367366922e-01
82.687 1.662687052187394599e-01
82.6953 1.662517837160328027e-01
82.7036 1.662348659249175409e-01
82.7119 1.662179518464287353e-01
82.7203 1.662010414747407960e-01
82.7286 1.661841348085253967e-01
82.7369 1.661672318482282917e-01
82.7452 1.661503325895665462e-01
82.7535 1.661334370313326814e-01
82.7618 1.661165451706656249e-01
82.7701 1.660996570064780797e-01
82.7784 1.660827725362660212e-01
82.7867 1.660658917565821791e-01
82.795 1.660490146679955981e-01
82.8034 1.660321412662351392e-01
82.8117 1.660152715506908461e-01
82.82 1.659984055192190167e-01
82.8283 1.659815431681438413e-01
82.8366 1.659646844961505108e-01
82.8449 1.659478295025146044e-01
82.8532 1.659309781842718823e-01
82.8615 1.659141305383421694e-01
82.8698 1.658972865640041816e-01
82.8781 1.658804462595941664e-01
82.8865 1.658636096212111055e-01
82.8948 1.658467766477833838e-01
82.9031 1.658299473380040467e-01
82.9114 1.658131216896253368e-01
82.9197 1.657962996991056148e-01
82.928 1.657794813658481636e-01
82.9363 1.657626666871378496e-01
82.9446 1.657458556612030898e-01
82.9529 1.657290482865077796e-01
82.9612 1.657122445612820016e-01
82.9695 1.656954444808174665e-01
82.9779 1.656786480459336297e-01
82.9862 1.656618552547457213e-01
82.9945 1.656450661019635007e-01
83.0028 1.656282805892301813e-01
83.0111 1.656114987136077799e-01
83.0194 1.655947204712201470e-01
83.0277 1.655779458617163413e-01
83.036 1.655611748828666741e-01
83.0443 1.655444075325607500e-01
83.0526 1.655276438088061908e-01
83.061 1.655108837090257523e-01
83.0693 1.654941272324026158e-01
83.0776 1.654773743761272786e-01
83.0859 1.654606251382120252e-01
83.0942 1.654438795165538156e-01
83.1025 1.654271375090502760e-01
83.1108 1.654103991146551322e-01
83.1191 1.653936643305650711e-01
83.1274 1.653769331545646704e-01
83.1357 1.653602055854930530e-01
83.1441 1.653434816203173396e-01
83.1524 1.653267612581128809e-01
83.1607 1.653100444970197480e-01
83.169 1.652933313330725851e-01
83.1773 1.652766217662862969e-01
83.1856 1.652599157945698338e-01
83.1939 1.652432134146646914e-01
83.2022 1.652265146251842565e-01
83.2105 1.652098194240420870e-01
83.2188 1.651931278112556412e-01
83.2272 1.651764397819356633e-01
83.2355 1.651597553351672742e-01
83.2438 1.651430744695692454e-01
83.2521 1.651263971821259335e-01
83.2604 1.651097234723923612e-01
83.2687 1.650930533361881225e-01
83.277 1.650763867737705115e-01
83.2853 1.650597237823621666e-01
83.2936 1.650430643594216484e-01
83.3019 1.650264085040409889e-01
83.3103 1.650097562136807194e-01
83.3186 1.649931074848700052e-01
83.3269 1.649764623181035061e-01
83.3352 1.649598207113109338e-01
83.3435 1.649431826612586804e-01
83.3518 1.649265481663455823e-01
83.3601 1.649099172242730060e-01
83.3684 1.648932898343734299e-01
83.3767 1.648766659943500801e-01
83.385 1.648600456998120800e-01
83.3934 1.648434289517250739e-01
83.4017 1.648268157484932828e-01
83.41 1.648102060859634177e-01
83.4183 1.647935999637059890e-01
83.4266 1.647769973791990694e-01
83.4349 1.647603983303867203e-01
83.4432 1.647438028149822986e-01
83.4515 1.647272108323269701e-01
83.4598 1.647106223806007186e-01
83.4681 1.646940374549637764e-01
83.4765 1.646774560566195422e-01
83.4848 1.646608781837504143e-01
83.4931 1.646443038319866659e-01
83.5014 1.646277330018355300e-01
83.5097 1.646111656896266373e-01
83.518 1.645946018940119548e-01
83.5263 1.645780416138765689e-01
83.5346 1.645614848457859491e-01
83.5429 1.645449315888596331e-01
83.5512 1.645283818415209653e-01
83.5595 1.645118356012677252e-01
83.5679 1.644952928665255332e-01
83.5762 1.644787536354899160e-01
83.5845 1.644622179045033550e-01
83.5928 1.644456856733857442e-01
83.6011 1.644291569414930432e-01
83.6094 1.644126317044773689e-01
83.6177 1.643961099614655308e-01
83.626 1.643795917092708558e-01
83.6343 1.643630769488732268e-01
83.6426 1.643465656773191452e-01
83.651 1.643300578909624443e-01
83.6593 1.643135535891663279e-01
83.6676 1.642970527694439242e-01
83.6759 1.642805554318531869e-01
83.6842 1.642640615725222408e-01
83.6925 1.642475711901239532e-01
83.7008 1.642310842831004869e-01
83.7091 1.642146008485093622e-01
83.7174 1.641981208859498442e-01
83.7257 1.641816443936362502e-01
83.7341 1.641651713681674951e-01
83.7424 1.641487018077608939e-01
83.7507 1.641322357131725640e-01
83.759 1.641157730793902647e-01
83.7673 1.640993139055570704e-01
83.7756 1.640828581912776030e-01
83.7839 1.640664059329285107e-01
83.7922 1.640499571289633918e-01
83.8005 1.640335117776063611e-01
83.8088 1.640170698777738689e-01
83.8172 1.640006314265396170e-01
83.8255 1.639841964228219706e-01
83.8338 1.639677648655396835e-01
83.8421 1.639513367503886154e-01
83.8504 1.639349120772112256e-01
83.8587 1.639184908437782418e-01
83.867 1.639020730490123312e-01
83.8753 1.638856586913765012e-01
83.8836 1.638692477656542579e-01
83.8919 1.638528402735320300e-01
83.9003 1.638364362127857077e-01
83.9086 1.638200355805029262e-01
83.9169 1.638036383751522163e-01
83.9252 1.637872445947433919e-01
83.9335 1.637708542384361809e-01
83.9418 1.637544673042418963e-01
83.9501 1.637380837883360141e-01
83.9584 1.637217036905702638e-01
83.9667 1.637053270094186996e-01
83.975 1.636889537426676755e-01
83.9834 1.636725838885638162e-01
83.9917 1.636562174446664630e-01
84 1.636398544103715436e-01
84.0083 1.636234947825523367e-01
84.0166 1.636071385596892525e-01
84.0249 1.635907857400343002e-01
84.0332 1.635744363227571718e-01
84.0415 1.635580903051946644e-01
84.0498 1.635417476858307684e-01
84.0581 1.635254084620050008e-01
84.0664 1.635090726331197841e-01
84.0748 1.634927401972037231e-01
84.0831 1.634764111513707652e-01
84.0914 1.634600854947969584e-01
84.0997 1.634437632257429440e-01
84.108 1.634274443426994294e-01
84.1163 1.634111288423276687e-01
84.1246 1.633948167240358018e-01
84.1329 1.633785079863172007e-01
84.1412 1.633622026260660165e-01
84.1495 1.633459006433781446e-01
84.1579 1.633296020349213062e-01
84.1662 1.633133068003356503e-01
84.1745 1.632970149358347056e-01
84.1828 1.632807264399184777e-01
84.1911 1.632644413133711447e-01
84.1994 1.632481595519535145e-01
84.2077 1.632318811553093996e-01
84.216 1.632156061208004660e-01
84.2243 1.631993344460184181e-01
84.2326 1.631830661303811936e-01
84.241 1.631668011726226941e-01
84.2493 1.631505395696532246e-01
84.2576 1.631342813192969143e-01
84.2659 1.631180264225705612e-01
84.2742 1.631017748743365248e-01
84.2825 1.630855266747013033e-01
84.2908 1.630692818224042662e-01
84.2991 1.630530403134521078e-01
84.3074 1.630368021481808927e-01
84.3157 1.630205673241940378e-01
84.3241 1.630043358397793574e-01
84.3324 1.629881076929979578e-01
84.3407 1.629718828819120835e-01
84.349 1.629556614057227626e-01
84.3573 1.629394432613565369e-01
84.3656 1.629232284480161830e-01
84.3739 1.629070169642225507e-01
84.3822 1.628908088075879945e-01
84.3905 1.628746039768629028e-01
84.3988 1.628584024687530218e-01
84.4072 1.628422042829196781e-01
84.4155 1.628260094181156470e-01
84.4238 1.628098178710503940e-01
84.4321 1.627936296427494323e-01
84.4404 1.627774447281081782e-01
84.4487 1.627612631267916499e-01
84.457 1.627450848380109227e-01
84.4653 1.627289098591625238e-01
84.4736 1.627127381880981161e-01
84.4819 1.626965698238045377e-01
84.4903 1.626804047648157392e-01
84.4986 1.626642430085329383e-01
84.5069 1.626480845534921393e-01
84.5152 1.626319293989099690e-01
84.5235 1.626157775412847284e-01
84.5318 1.625996289807410677e-01
84.5401 1.625834837151386159e-01
84.5484 1.625673417414327249e-01
84.5567 1.625512030595233359e-01
84.565 1.625350676670470340e-01
84.5733 1.625189355614156395e-01
84.5817 1.625028067438883950e-01
84.59 1.624866812096163182e-01
84.5983 1.624705589569195863e-01
84.6066 1.624544399866067190e-01
84.6149 1.624383242954160200e-01
84.6232 1.624222118812180815e-01
84.6315 1.624061027436924931e-01
84.6398 1.623899968804855820e-01
84.6481 1.623738942890190218e-01
84.6564 1.623577949682971089e-01
84.6648 1.623416989182277781e-01
84.6731 1.623256061339777845e-01
84.6814 1.623095166163600056e-01
84.6897 1.622934303628013886e-01
84.698 1.622773473714073100e-01
84.7063 1.622612676411867016e-01
84.7146 1.622451911704721750e-01
84.7229 1.622291179557933671e-01
84.7312 1.622130479975149031e-01
84.7395 1.621969812937466004e-01
84.7479 1.621809178423741782e-01
84.7562 1.621648576412846321e-01
84.7645 1.621488006888166244e-01
84.7728 1.621327469839855540e-01
84.7811 1.621166965264826676e-01
84.7894 1.621006493121718572e-01
84.7977 1.620846053396209907e-01
84.806 1.620685646078486863e-01
84.8143 1.620525271149740043e-01
84.8226 1.620364928604668409e-01
84.831 1.620204618419977816e-01
84.8393 1.620044340561146712e-01
84.8476 1.619884095043136185e-01
84.8559 1.619723881826946321e-01
84.8642 1.619563700905065351e-01
84.8725 1.619403552256505063e-01
84.8808 1.619243435867026570e-01
84.8891 1.619083351715660535e-01
84.8974 1.618923299801662830e-01
84.9057 1.618763280088362233e-01
84.9141 1.618603292566047624e-01
84.9224 1.618443337227259693e-01
84.9307 1.618283414055562697e-01
84.939 1.618123523016584964e-01
84.9473 1.617963664100648402e-01
84.9556 1.617803837311536375e-01
84.9639 1.617644042612666755e-01
84.9722 1.617484279985415274e-01
84.9805 1.617324549426857605e-01
84.9888 1.617164850916141816e-01
84.9972 1.617005184432428466e-01
85.0055 1.616845549966090534e-01
85.0138 1.616685947503024579e-01
85.0221 1.616526377013464133e-01
85.0304 1.616366838478852097e-01
85.0387 1.616207331907502098e-01
85.047 1.616047857278626598e-01
85.0553 1.615888414544603136e-01
85.0636 1.615729003718237855e-01
85.0719 1.615569624785486991e-01
85.0802 1.615410277712189258e-01
85.0886 1.615250962493268438e-01
85.0969 1.615091679116943679e-01
85.1052 1.614932427553563143e-01
85.1135 1.614773207793601117e-01
85.1218 1.614614019836471681e-01
85.1301 1.614454863632452664e-01
85.1384 1.614295739185444833e-01
85.1467 1.614136646494879757e-01
85.155 1.613977585524471736e-01
85.1633 1.613818556253580894e-01
85.1717 1.613659558677199291e-01
85.18 1.613500592783625731e-01
85.1883 1.613341658545553725e-01
85.1966 1.613182755951301506e-01
85.2049 1.613023884989195633e-01
85.2132 1.612865045640878570e-01
85.2215 1.612706237883547444e-01
85.2298 1.612547461701099305e-01
85.2381 1.612388717104168978e-01
85.2464 1.612230004045474008e-01
85.2548 1.612071322522300731e-01
85.2631 1.611912672518574507e-01
85.2714 1.611754054011553250e-01
85.2797 1.611595466996312565e-01
85.288 1.611436911447902132e-01
85.2963 1.611278387352512442e-01
85.3046 1.611119894700786537e-01
85.3129 1.610961433472254956e-01
85.3212 1.610803003650906617e-01
85.3295 1.610644605227407877e-01
85.3379 1.610486238172425810e-01
85.3462 1.610327902476646478e-01
85.3545 1.610169598132980273e-01
85.3628 1.610011325112128133e-01
85.3711 1.609853083409238106e-01
85.3794 1.609694873008357674e-01
85.3877 1.609536693884662528e-01
85.396 1.609378546035540036e-01
85.4043 1.609220429422870413e-01
85.4126 1.609062344057369531e-01
85.421 1.608904289920905228e-01
85.4293 1.608746266977613970e-01
85.4376 1.608588275222699593e-01
85.4459 1.608430314646931147e-01
85.4542 1.608272385229999601e-01
85.4625 1.608114486958255873e-01
85.4708 1.607956619802550779e-01
85.4791 1.607798783771408890e-01
85.4874 1.607640978846770763e-01
85.4957 1.607483204975156676e-01
85.5041 1.607325462189465315e-01
85.5124 1.607167750445099574e-01
85.5207 1.607010069741748870e-01
85.529 1.606852420068040910e-01
85.5373 1.606694801379422166e-01
85.5456 1.606537213691091315e-01
85.5539 1.606379656982845905e-01
85.5622 1.606222131221236582e-01
85.5705 1.606064636408196522e-01
85.5788 1.605907172525769533e-01
85.5871 1.605749739558215705e-01
85.5955 1.605592337485389764e-01
85.6038 1.605434966287152820e-01
85.6121 1.605277625965466637e-01
85.6204 1.605120316491373267e-01
85.6287 1.604963037853597840e-01
85.637 1.604805790051900549e-01
85.6453 1.604648573046325577e-01
85.6536 1.604491386827824884e-01
85.6619 1.604334231389565601e-01
85.6702 1.604177106718095158e-01
85.6786 1.604020012784538041e-01
85.6869 1.603862949590897369e-01
85.6952 1.603705917101705958e-01
85.7035 1.603548915323383950e-01
85.7118 1.603391944229300980e-01
85.7201 1.603235003808258508e-01
85.7284 1.603078094033651979e-01
85.7367 1.602921214907511438e-01
85.745 1.602764366403251484e-01
85.7533 1.602607548511904567e-01
85.7617 1.602450761220110542e-01
85.77 1.602294004505712133e-01
85.7783 1.602137278359767325e-01
85.7866 1.601980582762337069e-01
85.7949 1.601823917695698318e-01
85.8032 1.601667283161918309e-01
85.8115 1.601510679132293891e-01
85.8198 1.601354105593516819e-01
85.8281 1.601197562525700224e-01
85.8364 1.601041049917751591e-01
85.8448 1.600884567767371924e-01
85.8531 1.600728116045907479e-01
85.8614 1.600571694742290718e-01
85.8697 1.600415303832283531e-01
85.878 1.600258943313615234e-01
85.8863 1.600102613184006817e-01
85.8946 1.599946313395116670e-01
85.9029 1.599790043949076424e-01
85.9112 1.599633804848018259e-01
85.9195 1.599477596048021755e-01
85.9279 1.599321417540276180e-01
85.9362 1.599165269340075968e-01
85.9445 1.599009151390395900e-01
85.9528 1.598853063695588883e-01
85.9611 1.598697006260005604e-01
85.9694 1.598540979041995491e-01
85.9777 1.598384982024028955e-01
85.986 1.598229015212657977e-01
85.9943 1.598073078585981743e-01
86.0026 1.597917172115541629e-01
86.011 1.597761295803531434e-01
86.0193 1.597605449643386966e-01
86.0276 1.597449633593558682e-01
86.0359 1.597293847651877763e-01
86.0442 1.597138091805248850e-01
86.0525 1.596982366049320701e-01
86.0608 1.596826670349153765e-01
86.0691 1.596671004696044727e-01
86.0774 1.596515369098775172e-01
86.0857 1.596359763509325458e-01
86.094 1.596204187929939067e-01
86.1024 1.596048642354115643e-01
86.1107 1.595893126742619905e-01
86.119 1.595737641102068782e-01
86.1273 1.595582185412891818e-01
86.1356 1.595426759655525772e-01
86.1439 1.595271363830053080e-01
86.1522 1.595115997908200800e-01
86.1605 1.594960661870438445e-01
86.1688 1.594805355712502204e-01
86.1771 1.594650079425774247e-01
86.1855 1.594494832988561372e-01
86.1938 1.594339616387902281e-01
86.2021 1.594184429595591201e-01
86.2104 1.594029272624821469e-01
86.2187 1.593874145445223489e-01
86.227 1.593719048039511921e-01
86.2353 1.593563980390408641e-01
86.2436 1.593408942511114201e-01
86.2519 1.593253934353891510e-01
86.2602 1.593098955923249738e-01
86.2686 1.592944007204112056e-01
86.2769 1.592789088170542267e-01
86.2852 1.592634198818355939e-01
86.2935 1.592479339119465542e-01
86.3018 1.592324509089257378e-01
86.3101 1.592169708690964469e-01
86.3184 1.592014937916079453e-01
86.3267 1.591860196753930312e-01
86.335 1.591705485174302048e-01
86.3433 1.591550803188254981e-01
86.3517 1.591396150761249795e-01
86.36 1.591241527880476181e-01
86.3683 1.591086934546146470e-01
86.3766 1.590932370736777013e-01
86.3849 1.590777836430896930e-01
86.3932 1.590623331630903192e-01
86.4015 1.590468856311001988e-01
86.4098 1.590314410449750471e-01
86.4181 1.590159994045226011e-01
86.4264 1.590005607093335771e-01
86.4348 1.589851249566157920e-01
86.4431 1.589696921437952770e-01
86.4514 1.589542622713316922e-01
86.4597 1.589388353379517504e-01
86.468 1.589234113410842031e-01
86.4763 1.589079902805398681e-01
86.4846 1.588925721537494673e-01
86.4929 1.588771569594431554e-01
86.5012 1.588617446980823411e-01
86.5095 1.588463353655861499e-01
86.5179 1.588309289619848352e-01
86.5262 1.588155254864433985e-01
86.5345 1.588001249366143841e-01
86.5428 1.587847273114482149e-01
86.5511 1.587693326096799584e-01
86.5594 1.587539408291810672e-01
86.5677 1.587385519697681879e-01
86.576 1.587231660288824231e-01
86.5843 1.587077830065573847e-01
86.5926 1.586924029006676617e-01
86.6009 1.586770257093050307e-01
86.6093 1.586616514318570648e-01
86.6176 1.586462800657697791e-01
86.6259 1.586309116119420382e-01
86.6342 1.586155460671742623e-01
86.6425 1.586001834306407787e-01
86.6508 1.585848237008693762e-01
86.6591 1.585694668761732651e-01
86.6674 1.585541129563749485e-01
86.6757 1.585387619384960034e-01
86.684 1.585234138223602374e-01
86.6924 1.585080686067143474e-01
86.7007 1.584927262892291688e-01
86.709 1.584773868690840248e-01
86.7173 1.584620503452432161e-01
86.7256 1.584467167153802702e-01
86.7339 1.584313859793218260e-01
86.7422 1.584160581353885322e-01
86.7505 1.584007331812568586e-01
86.7588 1.583854111169699097e-01
86.7671 1.583700919402056539e-01
86.7755 1.583547756499331938e-01
86.7838 1.583394622455519540e-01
86.7921 1.583241517256019637e-01
86.8004 1.583088440864758306e-01
86.8087 1.582935393290791637e-01
86.817 1.582782374519542956e-01
86.8253 1.582629384525707783e-01
86.8336 1.582476423303319779e-01
86.8419 1.582323490846410108e-01
86.8502 1.582170587127558203e-01
86.8586 1.582017712142956556e-01
86.8669 1.581864865882364191e-01
86.8752 1.581712048320532416e-01
86.8835 1.581559259447239130e-01
86.8918 1.581406499256552411e-01
86.9001 1.581253767736113258e-01
86.9084 1.581101064858567162e-01
86.9167 1.580948390626573663e-01
86.925 1.580795745010654951e-01
86.9333 1.580643128013478893e-01
86.9417 1.580490539614153034e-01
86.95 1.580337979796079539e-01
86.9583 1.580185448559794648e-01
86.9666 1.580032945882290096e-01
86.9749 1.579880471738432102e-01
86.9832 1.579728026135192309e-01
86.9915 1.579575609049589102e-01
86.9998 1.579423220477901291e-01
87.0081 1.579270860392890663e-01
87.0164 1.579118528790849907e-01
87.0248 1.578966225650971777e-01
87.0331 1.578813950965285706e-01
87.0414 1.578661704732229887e-01
87.0497 1.578509486913932114e-01
87.058 1.578357297521662816e-01
87.0663 1.578205136517571161e-01
87.0746 1.578053003915067531e-01
87.0829 1.577900899686995040e-01
87.0912 1.577748823810484202e-01
87.0995 1.577596776296814607e-01
87.1078 1.577444757116724938e-01
87.1162 1.577292766255903589e-01
87.1245 1.577140803710707084e-01
87.1328 1.576988869462567777e-01
87.1411 1.576836963495063249e-01
87.1494 1.576685085806694420e-01
87.1577 1.576533236372525959e-01
87.166 1.576381415178287615e-01
87.1743 1.576229622231016536e-01
87.1826 1.576077857493023981e-01
87.1909 1.575926120964967203e-01
87.1993 1.575774412645373490e-01
87.2076 1.575622732488074218e-01
87.2159 1.575471080510767452e-01
87.2242 1.575319456690714159e-01
87.2325 1.575167861000936476e-01
87.2408 1.575016293452750904e-01
87.2491 1.574864754023443669e-01
87.2574 1.574713242692443171e-01
87.2657 1.574561759458315835e-01
87.274 1.574410304306878283e-01
87.2824 1.574258877213331465e-01
87.2907 1.574107478176257069e-01
87.299 1.573956107177246766e-01
87.3073 1.573804764214887242e-01
87.3156 1.573653449268659632e-01
87.3239 1.573502162313810959e-01
87.3322 1.573350903361679931e-01
87.3405 1.573199672381160041e-01
87.3488 1.573048469360257273e-01
87.3571 1.572897294303949589e-01
87.3655 1.572746147179041598e-01
87.3738 1.572595027975678406e-01
87.3821 1.572443936694609967e-01
87.3904 1.572292873325985274e-01
87.3987 1.572141837828175126e-01
87.407 1.571990830208303824e-01
87.4153 1.571839850458660037e-01
87.4236 1.571688898560947567e-01
87.4319 1.571537974503232904e-01
87.4402 1.571387078271471172e-01
87.4486 1.571236209849510290e-01
87.4569 1.571085369223321759e-01
87.4652 1.570934556387346970e-01
87.4735 1.570783771331800416e-01
87.4818 1.570633014042668862e-01
87.4901 1.570482284510177351e-01
87.4984 1.570331582705527806e-01
87.5067 1.570180908629532357e-01
87.515 1.570030262263980847e-01
87.5233 1.569879643609688735e-01
87.5317 1.569729052633669353e-01
87.54 1.569578489334638449e-01
87.5483 1.569427953704975176e-01
87.5566 1.569277445722281616e-01
87.5649 1.569126965389505968e-01
87.5732 1.568976512677932866e-01
87.5815 1.568826087571526806e-01
87.5898 1.568675690073247919e-01
87.5981 1.568525320169177617e-01
87.6064 1.568374977839077644e-01
87.6147 1.568224663071156599e-01
87.6231 1.568074375862060776e-01
87.6314 1.567924116187359995e-01
87.6397 1.567773884041604726e-01
87.648 1.567623679423559013e-01
87.6563 1.567473502289858656e-01
87.6646 1.567323352656135593e-01
87.6729 1.567173230508531190e-01
87.6812 1.567023135816349166e-01
87.6895 1.566873068584697937e-01
87.6978 1.566723028799738571e-01
87.7062 1.566573016432910304e-01
87.7145 1.566423031491435414e-01
87.7228 1.566273073957286932e-01
87.7311 1.566123143814551755e-01
87.7394 1.565973241047325937e-01
87.7477 1.565823365660735655e-01
87.756 1.565673517622069855e-01
87.7643 1.565523696930158637e-01
87.7726 1.565373903573325232e-01
87.7809 1.565224137527295722e-01
87.7893 1.565074398807714817e-01
87.7976 1.564924687381917534e-01
87.8059 1.564775003227758532e-01
87.8142 1.564625346344094836e-01
87.8225 1.564475716733978172e-01
87.8308 1.564326114366885734e-01
87.8391 1.564176539235389851e-01
87.8474 1.564026991334161454e-01
87.8557 1.563877470634809086e-01
87.864 1.563727977136211700e-01
87.8724 1.563578510835152147e-01
87.8807 1.563429071701167572e-01
87.889 1.563279659724768900e-01
87.8973 1.563130274921609997e-01
87.9056 1.562980917246588330e-01
87.9139 1.562831586690233976e-01
87.9222 1.562682283268205241e-01
87.9305 1.562533006943811476e-01
87.9388 1.562383757697131947e-01
87.9471 1.562234535543831071e-01
87.9555 1.562085340455622584e-01
87.9638 1.561936172433523173e-01
87.9721 1.561787031447176566e-01
87.9804 1.561637917497610828e-01
87.9887 1.561488830569124076e-01
87.997 1.561339770641845537e-01
88.0053 1.561190737720991872e-01
88.0136 1.561041731780433428e-01
88.0219 1.560892752812857998e-01
88.0302 1.560743800800512282e-01
88.0386 1.560594875752801536e-01
88.0469 1.560445977643626358e-01
88.0552 1.560297106451081217e-01
88.0635 1.560148262180403866e-01
88.0718 1.559999444801353219e-01
88.0801 1.559850654321260632e-01
88.0884 1.559701890709902783e-01
88.0967 1.559553153974615747e-01
88.105 1.559404444110215893e-01
88.1133 1.559255761071912938e-01
88.1216 1.559107104858714898e-01
88.13 1.558958475480051731e-01
88.1383 1.558809872912001182e-01
88.1466 1.558661297138995427e-01
88.1549 1.558512748143387194e-01
88.1632 1.558364225928366709e-01
88.1715 1.558215730480459471e-01
88.1798 1.558067261775796519e-01
88.1881 1.557918819800922783e-01
88.1964 1.557770404569446265e-01
88.2047 1.557622016055431047e-01
88.2131 1.557473654232960913e-01
88.2214 1.557325319107326356e-01
88.2297 1.557177010665103112e-01
88.238 1.557028728897025538e-01
88.2463 1.556880473779291008e-01
88.2546 1.556732245304728313e-01
88.2629 1.556584043472408474e-01
88.2712 1.556435868266853872e-01
88.2795 1.556287719666370195e-01
88.2878 1.556139597663807050e-01
88.2962 1.555991502258251002e-01
88.3045 1.555843433421794375e-01
88.3128 1.555695391155610674e-01
88.3211 1.555547375438038060e-01
88.3294 1.555399386268179474e-01
88.3377 1.555251423634758934e-01
88.346 1.555103487509923166e-01
88.3543 1.554955577905224318e-01
88.3626 1.554807694778311267e-01
88.3709 1.554659838163541530e-01
88.3793 1.554512008014434787e-01
88.3876 1.554364204309399700e-01
88.3959 1.554216427076575702e-01
88.4042 1.554068676275731364e-01
88.4125 1.553920951901866243e-01
88.4208 1.553773253954117972e-01
88.4291 1.553625582410928241e-01
88.4374 1.553477937254886254e-01
88.4457 1.553330318476872363e-01
88.454 1.553182726082246168e-01
88.4624 1.553035160049479335e-01
88.4707 1.552887620363253840e-01
88.479 1.552740107012401116e-01
88.4873 1.552592619989889011e-01
88.4956 1.552445159288689536e-01
88.5039 1.552297724879045104e-01
88.5122 1.552150316764277505e-01
88.5205 1.552002934935303446e-01
88.5288 1.551855579380985173e-01
88.5371 1.551708250083990159e-01
88.5455 1.551560947031130899e-01
88.5538 1.551413670217476615e-01
88.5621 1.551266419631912863e-01
88.5704 1.551119195257135985e-01
88.5787 1.550971997084107656e-01
88.587 1.550824825107914862e-01
88.5953 1.550677679307153334e-01
88.6036 1.550530559687229026e-01
88.6119 1.550383466212320316e-01
88.6202 1.550236398887843425e-01
88.6285 1.550089357713028693e-01
88.6369 1.549942342645900251e-01
88.6452 1.549795353698066591e-01
88.6535 1.549648390856408486e-01
88.6618 1.549501454109878107e-01
88.6701 1.549354543437134468e-01
88.6784 1.549207658841553481e-01
88.6867 1.549060800295633811e-01
88.695 1.548913967798643543e-01
88.7033 1.548767161349842436e-01
88.7116 1.548620380915589068e-01
88.72 1.548473626493100663e-01
88.7283 1.548326898083712821e-01
88.7366 1.548180195664084768e-01
88.7449 1.548033519219117471e-01
88.7532 1.547886868758370227e-01
88.7615 1.547740244248258235e-01
88.7698 1.547593645690130415e-01
88.7781 1.547447073064801559e-01
88.7864 1.547300526363358242e-01
88.7947 1.547154005585108516e-01
88.8031 1.547007510706775724e-01
88.8114 1.546861041729726827e-01
88.8197 1.546714598628650128e-01
88.828 1.546568181402868669e-01
88.8363 1.546421790033242483e-01
88.8446 1.546275424519100161e-01
88.8529 1.546129084847464030e-01
88.8612 1.545982770993069022e-01
88.8695 1.545836482973699244e-01
88.8778 1.545690220753852540e-01
88.8862 1.545543984314436126e-01
88.8945 1.545397773679384468e-01
88.9028 1.545251588809125609e-01
88.9111 1.545105429709161537e-01
88.9194 1.544959296364512569e-01
88.9277 1.544813188752026389e-01
88.936 1.544667106871068785e-01
88.9443 1.544521050708732579e-01
88.9526 1.544375020266432197e-01
88.9609 1.544229015514904935e-01
88.9693 1.544083036451485980e-01
88.9776 1.543937083071467986e-01
88.9859 1.543791155357878975e-01
88.9942 1.543645253285582664e-01
89.0025 1.543499376880539120e-01
89.0108 1.543353526097188400e-01
89.0191 1.543207700930848969e-01
89.0274 1.543061901393179836e-01
89.0357 1.542916127448865637e-01
89.044 1.542770379093237332e-01
89.0524 1.542624656325707888e-01
89.0607 1.542478959123241011e-01
89.069 1.542333287479138171e-01
89.0773 1.542187641394860420e-01
89.0856 1.542042020839234917e-01
89.0939 1.541896425815773852e-01
89.1022 1.541750856303519823e-01
89.1105 1.541605312305987241e-01
89.1188 1.541459793800193379e-01
89.1271 1.541314300783543645e-01
89.1354 1.541168833231036650e-01
89.1438 1.541023391152309963e-01
89.1521 1.540877974528481742e-01
89.1604 1.540732583338647599e-01
89.1687 1.540587217588378077e-01
89.177 1.540441877258812431e-01
89.1853 1.540296562335173869e-01
89.1936 1.540151272823036543e-01
89.2019 1.540006008703559970e-01
89.2102 1.539860769951813257e-01
89.2185 1.539715556573381661e-01
89.2269 1.539570368565711111e-01
89.2352 1.539425205881531922e-01
89.2435 1.539280068550828440e-01
89.2518 1.539134956554798206e-01
89.2601 1.538989869866522475e-01
89.2684 1.538844808479412074e-01
89.2767 1.538699772401094235e-01
89.285 1.538554761604673526e-01
89.2933 1.538409776083568825e-01
89.3016 1.538264815819027076e-01
89.31 1.538119880814625418e-01
89.3183 1.537974971065821095e-01
89.3266 1.537830086539674068e-01
89.3349 1.537685227237743368e-01
89.3432 1.537540393151445306e-01
89.3515 1.537395584255982495e-01
89.3598 1.537250800561030528e-01
89.3681 1.537106042058015154e-01
89.3764 1.536961308716079944e-01
89.3847 1.536816600536800859e-01
89.3931 1.536671917515672336e-01
89.4014 1.536527259636041864e-01
89.4097 1.536382626869116641e-01
89.418 1.536238019234706653e-01
89.4263 1.536093436714150162e-01
89.4346 1.535948879284749491e-01
89.4429 1.535804346950121468e-01
89.4512 1.535659839697696705e-01
89.4595 1.535515357508845102e-01
89.4678 1.535370900377078796e-01
89.4762 1.535226468291869539e-01
89.4845 1.535082061246738350e-01
89.4928 1.534937679235205965e-01
89.5011 1.534793322244734914e-01
89.5094 1.534648990262795498e-01
89.5177 1.534504683260704827e-01
89.526 1.534360401256245066e-01
89.5343 1.534216144228822132e-01
89.5426 1.534071912169966689e-01
89.5509 1.533927705067174851e-01
89.5593 1.533783522905933228e-01
89.5676 1.533639365687876066e-01
89.5759 1.533495233388411649e-01
89.5842 1.533351126019264210e-01
89.5925 1.533207043547787363e-01
89.6008 1.533062985963532243e-01
89.6091 1.532918953278227803e-01
89.6174 1.532774945465300021e-01
89.6257 1.532630962516327855e-01
89.634 1.532487004426922039e-01
89.6423 1.532343071176580918e-01
89.6507 1.532199162764953659e-01
89.659 1.532055279173565598e-01
89.6673 1.531911420404084290e-01
89.6756 1.531767586446097507e-01
89.6839 1.531623777277124343e-01
89.6922 1.531479992888781505e-01
89.7005 1.531336233276711367e-01
89.7088 1.531192498436559080e-01
89.7171 1.531048788341849987e-01
89.7254 1.530905102998293410e-01
89.7338 1.530761442395512650e-01
89.7421 1.530617806511076207e-01
89.7504 1.530474195344671551e-01
89.7587 1.530330608883927745e-01
89.767 1.530187047118490851e-01
89.7753 1.530043510036002974e-01
89.7836 1.529899997640174203e-01
89.7919 1.529756509896571526e-01
89.8002 1.529613046806908017e-01
89.8085 1.529469608382929002e-01
89.8169 1.529326194582197040e-01
89.8252 1.529182805402422851e-01
89.8335 1.529039440843320830e-01
89.8418 1.528896100892573884e-01
89.8501 1.528752785539874148e-01
89.8584 1.528609494770911403e-01
89.8667 1.528466228585411424e-01
89.875 1.528322986951038132e-01
89.8833 1.528179769893574791e-01
89.8916 1.528036577372684501e-01
89.9 1.527893409386105739e-01
89.9083 1.527750265937584395e-01
89.9166 1.527607146994828247e-01
89.9249 1.527464052565594144e-01
89.9332 1.527320982645624936e-01
89.9415 1.527177937202653657e-01
89.9498 1.527034916238441675e-01
89.9581 1.526891919746745929e-01
89.9664 1.526748947713326421e-01
89.9747 1.526606000127950502e-01
89.9831 1.526463076990385581e-01
89.9914 1.526320178280409223e-01
89.9997 1.526177303975815580e-01
90.008 1.526034454090371972e-01
90.0163 1.525891628617859486e-01
90.0246 1.525748827526098028e-01
90.0329 1.525606050812880754e-01
90.0412 1.525463298477995056e-01
90.0495 1.525320570501268180e-01
90.0578 1.525177866882493627e-01
90.0662 1.525035187605501275e-01
90.0745 1.524892532654131827e-01
90.0828 1.524749902030184123e-01
90.0911 1.524607295731466028e-01
90.0994 1.524464713725877385e-01
90.1077 1.524322156019215224e-01
90.116 1.524179622587371608e-01
90.1243 1.524037113440132041e-01
90.1326 1.523894628571332566e-01
90.1409 1.523752167930988721e-01
90.1492 1.523609731556779812e-01
90.1576 1.523467319416662302e-01
90.1659 1.523324931498523382e-01
90.1742 1.523182567800207277e-01
90.1825 1.523040228317568967e-01
90.1908 1.522897913028554706e-01
90.1991 1.522755621931019265e-01
90.2074 1.522613355010882796e-01
90.2157 1.522471112254073500e-01
90.224 1.522328893668395966e-01
90.2323 1.522186699237795537e-01
90.2407 1.522044528940261210e-01
90.249 1.521902382773669127e-01
90.2573 1.521760260733906744e-01
90.2656 1.521618162816864017e-01
90.2739 1.521476088996581710e-01
90.2822 1.521334039264990723e-01
90.2905 1.521192013623951511e-01
90.2988 1.521050012055471801e-01
90.3071 1.520908034553475618e-01
90.3154 1.520766081105938416e-01
90.3238 1.520624151710761041e-01
90.3321 1.520482246357908462e-01
90.3404 1.520340365025452667e-01
90.3487 1.520198507713289293e-01
90.357 1.520056674413382269e-01
90.3653 1.519914865101842927e-01
90.3736 1.519773079802357318e-01
90.3819 1.519631318479152671e-01
90.3902 1.519489581110346765e-01
90.3985 1.519347867719624268e-01
90.4069 1.519206178283124542e-01
90.4152 1.519064512784922549e-01
90.4235 1.518922871230875826e-01
90.4318 1.518781253587252744e-01
90.4401 1.518639659865855807e-01
90.4484 1.518498090062648798e-01
90.4567 1.518356544141949704e-01
90.465 1.518215022115560753e-01
90.4733 1.518073523971548155e-01
90.4816 1.517932049692052587e-01
90.49 1.517790599277014929e-01
90.4983 1.517649172710563987e-01
90.5066 1.517507769988691857e-01
90.5149 1.517366391093564471e-01
90.5232 1.517225036021184192e-01
90.5315 1.517083704765577190e-01
90.5398 1.516942397326697389e-01
90.5481 1.516801113668961032e-01
90.5564 1.516659853800231272e-01
90.5647 1.516518617712574735e-01
90.5731 1.516377405384252974e-01
90.5814 1.516236216832990980e-01
90.5897 1.516095052023247736e-01
90.598 1.515953910939227545e-01
90.6063 1.515812793600627706e-01
90.6146 1.515671699985736420e-01
90.6229 1.515530630082708996e-01
90.6312 1.515389583867884082e-01
90.6395 1.515248561372777580e-01
90.6478 1.515107562552061859e-01
90.6561 1.514966587403764331e-01
90.6645 1.514825635927881664e-01
90.6728 1.514684708104721278e-01
90.6811 1.514543803944127243e-01
90.6894 1.514402923416574565e-01
90.6977 1.514262066510267679e-01
90.706 1.514121233237020470e-01
90.7143 1.513980423571269218e-01
90.7226 1.513839637509095948e-01
90.7309 1.513698875048550274e-01
90.7392 1.513558136164089019e-01
90.7476 1.513417420857706142e-01
90.7559 1.513276729127454867e-01
90.7642 1.513136060947818662e-01
90.7725 1.512995416316862685e-01
90.7808 1.512854795240512473e-01
90.7891 1.512714197683445450e-01
90.7974 1.512573623639817955e-01
90.8057 1.512433073121447480e-01
90.814 1.512292546106782931e-01
90.8223 1.512152042586054346e-01
90.8307 1.512011562555388988e-01
90.839 1.511871106003060961e-01
90.8473 1.511730672913435269e-01
90.8556 1.511590263282645008e-01
90.8639 1.511449877102907235e-01
90.8722 1.511309514372318474e-01
90.8805 1.511169175073301674e-01
90.8888 1.511028859186325513e-01
90.8971 1.510888566725177851e-01
90.9054 1.510748297670333751e-01
90.9138 1.510608051998368062e-01
90.9221 1.510467829730897105e-01
90.9304 1.510327630842542290e-01
90.9387 1.510187455315767091e-01
90.947 1.510047303162400378e-01
90.9553 1.509907174341432179e-01
90.9636 1.509767068882304220e-01
90.9719 1.509626986757712508e-01
90.9802 1.509486927938421541e-01
90.9885 1.509346892453858613e-01
90.9969 1.509206880286521613e-01
91.0052 1.509066891403280097e-01
91.0135 1.508926925804245645e-01
91.0218 1.508786983507105495e-01
91.0301 1.508647064476800193e-01
91.0384 1.508507168711487045e-01
91.0467 1.508367296191754081e-01
91.055 1.508227446919670756e-01
91.0633 1.508087620903161841e-01
91.0716 1.507947818101354753e-01
91.08 1.507808038522185090e-01
91.0883 1.507668282146265859e-01
91.0966 1.507528548985431760e-01
91.1049 1.507388839020303295e-01
91.1132 1.507249152233466061e-01
91.1215 1.507109488625054672e-01
91.1298 1.506969848177666105e-01
91.1381 1.506830230903132006e-01
91.1464 1.506690636770416369e-01
91.1547 1.506551065787456178e-01
91.163 1.506411517927129795e-01
91.1714 1.506271993191536374e-01
91.1797 1.506132491578881238e-01
91.188 1.505993013073739784e-01
91.1963 1.505853557662646669e-01
91.2046 1.505714125334085274e-01
91.2129 1.505574716099894461e-01
91.2212 1.505435329931051336e-01
91.2295 1.505295966831616539e-01
91.2378 1.505156626782309659e-01
91.2461 1.505017309775528445e-01
91.2545 1.504878015813388981e-01
91.2628 1.504738744874688228e-01
91.2711 1.504599496969319106e-01
91.2794 1.504460272062490278e-01
91.2877 1.504321070160214990e-01
91.296 1.504181891258794534e-01
91.3043 1.504042735338995684e-01
91.3126 1.503903602406836126e-01
91.3209 1.503764492429504052e-01
91.3292 1.503625405413025751e-01
91.3376 1.503486341355654288e-01
91.3459 1.503347300244008422e-01
91.3542 1.503208282060830570e-01
91.3625 1.503069286808267901e-01
91.3708 1.502930314472951390e-01
91.3791 1.502791365037645932e-01
91.3874 1.502652438514192612e-01
91.3957 1.502513534879547363e-01
91.404 1.502374654130051168e-01
91.4123 1.502235796246553234e-01
91.4207 1.502096961238957307e-01
91.429 1.501958149091994210e-01
91.4373 1.501819359796204567e-01
91.4456 1.501680593332460623e-01
91.4539 1.501541849699059017e-01
91.4622 1.501403128902038808e-01
91.4705 1.501264430920345172e-01
91.4788 1.501125755732941325e-01
91.4871 1.500987103342003581e-01
91.4954 1.500848473759376356e-01
91.5038 1.500709866958227223e-01
91.5121 1.500571282917544380e-01
91.5204 1.500432721649173629e-01
91.5287 1.500294183137906578e-01
91.537 1.500155667370471624e-01
91.5453 1.500017174345195103e-01
91.5536 1.499878704060400025e-01
91.5619 1.499740256487382128e-01
91.5702 1.499601831632198234e-01
91.5785 1.499463429483532118e-01
91.5869 1.499325050037787488e-01
91.5952 1.499186693275939564e-01
91.6035 1.499048359186687107e-01
91.6118 1.498910047793448885e-01
91.6201 1.498771759059851771e-01
91.6284 1.498633492966898739e-01
91.6367 1.498495249532222628e-01
91.645 1.498357028736828911e-01
91.6533 1.498218830569440219e-01
91.6616 1.498080655030344377e-01
91.6699 1.497942502104416818e-01
91.6783 1.497804371782321953e-01
91.6866 1.497666264054725027e-01
91.6949 1.497528178933473231e-01
91.7032 1.497390116384210157e-01
91.7115 1.497252076403392806e-01
91.7198 1.497114058993247176e-01
91.7281 1.496976064134838691e-01
91.7364 1.496838091838091356e-01
91.7447 1.496700142072540374e-01
91.753 1.496562214828886794e-01
91.7614 1.496424310130514967e-01
91.7697 1.496286427939290953e-01
91.778 1.496148568244006771e-01
91.7863 1.496010731054593368e-01
91.7946 1.495872916369446470e-01
91.8029 1.495735124161996776e-01
91.8112 1.495597354411449809e-01
91.8195 1.495459607145020464e-01
91.8278 1.495321882334236796e-01
91.8361 1.495184179973675087e-01
91.8445 1.495046500055994820e-01
91.8528 1.494908842562346907e-01
91.8611 1.494771207500747712e-01
91.8694 1.494633594869616555e-01
91.8777 1.494496004627107189e-01
91.886 1.494358436788912337e-01
91.8943 1.494220891359210046e-01
91.9026 1.494083368307679571e-01
91.9109 1.493945867623181767e-01
91.9192 1.493808389315652019e-01
91.9276 1.493670933370120080e-01
91.9359 1.493533499771623196e-01
91.9442 1.493396088518609832e-01
91.9525 1.493258699613355112e-01
91.9608 1.493121333029422959e-01
91.9691 1.492983988755702263e-01
91.9774 1.492846666811698808e-01
91.9857 1.492709367157603328e-01
91.994 1.492572089795708989e-01
92.0023 1.492434834737864646e-01
92.0107 1.492297601957674191e-01
92.019 1.492160391438314138e-01
92.0273 1.492023203195460279e-01
92.0356 1.491886037195094827e-01
92.0439 1.491748893449073854e-01
92.0522 1.491611771950139831e-01
92.0605 1.491474672677670921e-01
92.0688 1.491337595626333612e-01
92.0771 1.491200540781251194e-01
92.0854 1.491063508158093354e-01
92.0938 1.490926497747709079e-01
92.1021 1.490789509504697463e-01
92.1104 1.490652543454275558e-01
92.1187 1.490515599575860106e-01
92.127 1.490378677866046331e-01
92.1353 1.490241778329055300e-01
92.1436 1.490104900934789145e-01
92.1519 1.489968045677947106e-01
92.1602 1.489831212572287344e-01
92.1685 1.489694401582017380e-01
92.1768 1.489557612715182444e-01
92.1852 1.489420845966487328e-01
92.1935 1.489284101309692743e-01
92.2018 1.489147378762364637e-01
92.2101 1.489010678305887625e-01
92.2184 1.488873999915947266e-01
92.2267 1.488737343608204922e-01
92.235 1.488600709367867980e-01
92.2433 1.488464097183957446e-01
92.2516 1.488327507045499043e-01
92.2599 1.488190938951031994e-01
92.2683 1.488054392889589794e-01
92.2766 1.487917868852110803e-01
92.2849 1.487781366825737528e-01
92.2932 1.487644886820421175e-01
92.3015 1.487508428819507289e-01
92.3098 1.487371992804450982e-01
92.3181 1.487235578781407053e-01
92.3264 1.487099186735637013e-01
92.3347 1.486962816660005182e-01
92.343 1.486826468545481006e-01
92.3514 1.486690142398219006e-01
92.3597 1.486553838180728893e-01
92.368 1.486417555914351929e-01
92.3763 1.486281295580581530e-01
92.3846 1.486145057159027061e-01
92.3929 1.486008840663437802e-01
92.4012 1.485872646077220083e-01
92.4095 1.485736473391371659e-01
92.4178 1.485600322594999856e-01
92.4261 1.485464193686690804e-01
92.4345 1.485328086661240332e-01
92.4428 1.485192001500189318e-01
92.4511 1.485055938204024872e-01
92.4594 1.484919896759979152e-01
92.4677 1.484783877162863253e-01
92.476 1.484647879403704629e-01
92.4843 1.484511903471643079e-01
92.4926 1.484375949378525794e-01
92.5009 1.484240017094576314e-01
92.5092 1.484104106605166340e-01
92.5176 1.483968217933494815e-01
92.5259 1.483832351047914555e-01
92.5342 1.483696505947043331e-01
92.5425 1.483560682629497807e-01
92.5508 1.483424881073107382e-01
92.5591 1.483289101280277078e-01
92.5674 1.483153343253405809e-01
92.5757 1.483017606970339630e-01
92.584 1.482881892414601721e-01
92.5923 1.482746199599931924e-01
92.6007 1.482610528513630677e-01
92.609 1.482474879127910206e-01
92.6173 1.482339251465945029e-01
92.6256 1.482203645498067490e-01
92.6339 1.482068061226694822e-01
92.6422 1.481932498644811524e-01
92.6505 1.481796957728435671e-01
92.6588 1.481661438491302385e-01
92.6671 1.481525940928288265e-01
92.6754 1.481390465015424984e-01
92.6837 1.481255010740065714e-01
92.6921 1.481119578104640455e-01
92.7004 1.480984167109691274e-01
92.7087 1.480848777751992973e-01
92.717 1.480713409994429131e-01
92.7253 1.480578063843204228e-01
92.7336 1.480442739313927447e-01
92.7419 1.480307436375149777e-01
92.7502 1.480172155014257973e-01
92.7585 1.480036895243098949e-01
92.7668 1.479901657034013440e-01
92.7752 1.479766440391326876e-01
92.7835 1.479631245326880340e-01
92.7918 1.479496071797992141e-01
92.8001 1.479360919805233487e-01
92.8084 1.479225789360450183e-01
92.8167 1.479090680437900596e-01
92.825 1.478955593026887727e-01
92.8333 1.478820527141135321e-01
92.8416 1.478685482764310055e-01
92.8499 1.478550459872580713e-01
92.8583 1.478415458477793099e-01
92.8666 1.478280478571140366e-01
92.8749 1.478145520128807955e-01
92.8832 1.478010583160764835e-01
92.8915 1.477875667654462433e-01
92.8998 1.477740773599235113e-01
92.9081 1.477605900991922350e-01
92.9164 1.477471049823739502e-01
92.9247 1.477336220085907204e-01
92.933 1.477201411771523198e-01
92.9414 1.477066624866193445e-01
92.9497 1.476931859385506862e-01
92.958 1.476797115298213170e-01
92.9663 1.476662392604916885e-01
92.9746 1.476527691298732126e-01
92.9829 1.476393011369031560e-01
92.9912 1.476258352818294595e-01
92.9995 1.476123715628412381e-01
93.0078 1.475989099792512915e-01
93.0161 1.475854505314951604e-01
93.0245 1.475719932172022408e-01
93.0328 1.475585380369955901e-01
93.0411 1.475450849898148065e-01
93.0494 1.475316340731044895e-01
93.0577 1.475181852889836109e-01
93.066 1.475047386350844258e-01
93.0743 1.474912941114695508e-01
93.0826 1.474778517178277903e-01
93.0909 1.474644114508596171e-01
93.0992 1.474509733124963196e-01
93.1076 1.474375373009335077e-01
93.1159 1.474241034160479191e-01
93.1242 1.474106716558498120e-01
93.1325 1.473972420207764478e-01
93.1408 1.473838145107049802e-01
93.1491 1.473703891219681483e-01
93.1574 1.473569658566827312e-01
93.1657 1.473435447137938226e-01
93.174 1.473301256924334779e-01
93.1823 1.473167087906158412e-01
93.1906 1.473032940084062214e-01
93.199 1.472898813454970313e-01
93.2073 1.472764708006492618e-01
93.2156 1.472630623741146005e-01
93.2239 1.472496560627923057e-01
93.2322 1.472362518686108623e-01
93.2405 1.472228497903325106e-01
93.2488 1.472094498256033279e-01
93.2571 1.471960519750483976e-01
93.2654 1.471826562387340553e-01
93.2737 1.471692626143078497e-01
93.2821 1.471558711007208420e-01
93.2904 1.471424816997143059e-01
93.2987 1.471290944083794294e-01
93.307 1.471157092260402810e-01
93.3153 1.471023261536939797e-01
93.3236 1.470889451882483601e-01
93.3319 1.470755663307008743e-01
93.3402 1.470621895814908653e-01
93.3485 1.470488149369708897e-01
93.3568 1.470354423977668912e-01
93.3652 1.470220719635762507e-01
93.3735 1.470087036322395013e-01
93.3818 1.469953374051254646e-01
93.3901 1.469819732810033197e-01
93.3984 1.469686112575301351e-01
93.4067 1.469552513358887147e-01
93.415 1.469418935144789773e-01
93.4233 1.469285377928141179e-01
93.4316 1.469151841694808502e-01
93.4399 1.469018326447346368e-01
93.4483 1.468884832175336164e-01
93.4566 1.468751358873918722e-01
93.4649 1.468617906530830797e-01
93.4732 1.468484475143072843e-01
93.4815 1.468351064709502440e-01
93.4898 1.468217675203046524e-01
93.4981 1.468084306629980074e-01
93.5064 1.467950958991013077e-01
93.5147 1.467817632272052086e-01
93.523 1.467684326459006150e-01
93.5314 1.467551041556299785e-01
93.5397 1.467417777546148328e-01
93.548 1.467284534427429066e-01
93.5563 1.467151312197163548e-01
93.5646 1.467018110835739131e-01
93.5729 1.466884930353126171e-01
93.5812 1.466751770727871551e-01
93.5895 1.466618631958857832e-01
93.5978 1.466485514046817484e-01
93.6061 1.466352416970310157e-01
93.6145 1.466219340724535802e-01
93.6228 1.466086285310229387e-01
93.6311 1.465953250717051404e-01
93.6394 1.465820236942047272e-01
93.6477 1.465687243967501718e-01
93.656 1.465554271797848418e-01
93.6643 1.465421320417227280e-01
93.6726 1.465288389824538906e-01
93.6809 1.465155480013154154e-01
93.6892 1.465022590976443606e-01
93.6975 1.464889722702252539e-01
93.7059 1.464756875185802554e-01
93.7142 1.464624048416791613e-01
93.7225 1.464491242401503579e-01
93.7308 1.464358457120426005e-01
93.7391 1.464225692570633452e-01
93.7474 1.464092948745520650e-01
93.7557 1.463960225638481771e-01
93.764 1.463827523237393735e-01
93.7723 1.463694841537499791e-01
93.7806 1.463562180546930380e-01
93.789 1.463429540244363947e-01
93.7973 1.463296920606656781e-01
93.8056 1.463164321654819855e-01
93.8139 1.463031743385943551e-01
93.8222 1.462899185765858256e-01
93.8305 1.462766648795347790e-01
93.8388 1.462634132488055960e-01
93.8471 1.462501636817190864e-01
93.8554 1.462369161774345061e-01
93.8637 1.462236707362143395e-01
93.8721 1.462104273585038972e-01
93.8804 1.461971860410755386e-01
93.8887 1.461839467841919427e-01
93.897 1.461707095881157603e-01
93.9053 1.461574744510898693e-01
93.9136 1.461442413728267220e-01
93.9219 1.461310103521210046e-01
93.9302 1.461177813894194155e-01
93.9385 1.461045544837004106e-01
93.9468 1.460913296335767941e-01
93.9552 1.460781068389449266e-01
93.9635 1.460648860987852071e-01
93.9718 1.460516674126276504e-01
93.9801 1.460384507794532938e-01
93.9884 1.460252361993425729e-01
93.9967 1.460120236720096887e-01
94.005 1.459988131944210954e-01
94.0133 1.459856047686730052e-01
94.0216 1.459723983922824597e-01
94.0299 1.459591940651480402e-01
94.0383 1.459459917871679113e-01
94.0466 1.459327915567764922e-01
94.0549 1.459195933733235806e-01
94.0632 1.459063972367084516e-01
94.0715 1.458932031459153345e-01
94.0798 1.458800111006607891e-01
94.0881 1.458668210999297943e-01
94.0964 1.458536331432564725e-01
94.1047 1.458404472290782683e-01
94.113 1.458272633572957333e-01
94.1214 1.458140815290877301e-01
94.1297 1.458009017416139474e-01
94.138 1.457877239938616398e-01
94.1463 1.457745482866452946e-01
94.1546 1.457613746185870141e-01
94.1629 1.457482029884930863e-01
94.1712 1.457350333966296319e-01
94.1795 1.457218658428981739e-01
94.1878 1.457087003246454460e-01
94.1961 1.456955368425035535e-01
94.2045 1.456823753965564849e-01
94.2128 1.456692159845179024e-01
94.2211 1.456560586064725715e-01
94.2294 1.456429032617762298e-01
94.2377 1.456297499494201009e-01
94.246 1.456165986694893943e-01
94.2543 1.456034494204294372e-01
94.2626 1.455903022019613136e-01
94.2709 1.455771570136242254e-01
94.2792 1.455640138549574303e-01
94.2875 1.455508727253181922e-01
94.2959 1.455377336227899887e-01
94.3042 1.455245965469133262e-01
94.3125 1.455114614999582778e-01
94.3208 1.454983284774617469e-01
94.3291 1.454851974806024295e-01
94.3374 1.454720685089212207e-01
94.3457 1.454589415605043734e-01
94.354 1.454458166363483129e-01
94.3623 1.454326937343582982e-01
94.3706 1.454195728551671007e-01
94.379 1.454064539964994573e-01
94.3873 1.453933371589883616e-01
94.3956 1.453802223425395834e-01
94.4039 1.453671095452426509e-01
94.4122 1.453539987653698906e-01
94.4205 1.453408900044623753e-01
94.4288 1.453277832618818932e-01
94.4371 1.453146785362643967e-01
94.4454 1.453015758260653156e-01
94.4537 1.452884751320992762e-01
94.4621 1.452753764528222358e-01
94.4704 1.452622797866909843e-01
94.4787 1.452491851361523978e-01
94.487 1.452360924980312107e-01
94.4953 1.452230018720545857e-01
94.5036 1.452099132577684137e-01
94.5119 1.451968266547186415e-01
94.5202 1.451837420622701935e-01
94.5285 1.451706594796071670e-01
94.5368 1.451575789057329424e-01
94.5452 1.451445003401946321e-01
94.5535 1.451314237830825249e-01
94.5618 1.451183492328576852e-01
94.5701 1.451052766894298518e-01
94.5784 1.450922061518038209e-01
94.5867 1.450791376193469040e-01
94.595 1.450660710919691732e-01
94.6033 1.450530065684955683e-01
94.6116 1.450399440481132951e-01
94.6199 1.450268835307329529e-01
94.6283 1.450138250151807029e-01
94.6366 1.450007685008254110e-01
94.6449 1.449877139881202981e-01
94.6532 1.449746614751695750e-01
94.6615 1.449616109617042903e-01
94.6698 1.449485624474553536e-01
94.6781 1.449355159317927133e-01
94.6864 1.449224714121006286e-01
94.6947 1.449094288911800255e-01
94.703 1.448963883656937401e-01
94.7114 1.448833498357351146e-01
94.7197 1.448703133024796252e-01
94.728 1.448572787625924396e-01
94.7363 1.448442462158066879e-01
94.7446 1.448312156631176295e-01
94.7529 1.448181871033563384e-01
94.7612 1.448051605339125691e-01
94.7695 1.447921359572236499e-01
94.7778 1.447791133710403522e-01
94.7861 1.447660927743759651e-01
94.7944 1.447530741671446408e-01
94.8028 1.447400575496208264e-01
94.8111 1.447270429199177255e-01
94.8194 1.447140302768699649e-01
94.8277 1.447010196214726374e-01
94.836 1.446880109523803748e-01
94.8443 1.446750042682487247e-01
94.8526 1.446619995698926742e-01
94.8609 1.446489968554284244e-01
94.8692 1.446359961247718207e-01
94.8775 1.446229973769393440e-01
94.8859 1.446100006129256710e-01
94.8942 1.445970058297701977e-01
94.9025 1.445840130273896573e-01
94.9108 1.445710222058801397e-01
94.9191 1.445580333655173688e-01
94.9274 1.445450465047803668e-01
94.9357 1.445320616208920772e-01
94.944 1.445190787152068890e-01
94.9523 1.445060977892573539e-01
94.9606 1.444931188381135823e-01
94.969 1.444801418638474444e-01
94.9773 1.444671668661967612e-01
94.9856 1.444541938425672190e-01
94.9939 1.444412227932360127e-01
95.0022 1.444282537183005088e-01
95.0105 1.444152866160649806e-01
95.0188 1.444023214868064564e-01
95.0271 1.443893583288301530e-01
95.0354 1.443763971424135151e-01
95.0437 1.443634379274751633e-01
95.0521 1.443504806825006426e-01
95.0604 1.443375254049014955e-01
95.0687 1.443245720983588609e-01
95.077 1.443116207608214629e-01
95.0853 1.442986713893442685e-01
95.0936 1.442857239843848283e-01
95.1019 1.442727785464000823e-01
95.1102 1.442598350747731351e-01
95.1185 1.442468935685294884e-01
95.1268 1.442339540259795494e-01
95.1352 1.442210164472231826e-01
95.1435 1.442080808328964070e-01
95.1518 1.441951471800591855e-01
95.1601 1.441822154902417941e-01
95.1684 1.441692857608630751e-01
95.1767 1.441563579941675943e-01
95.185 1.441434321868603485e-01
95.1933 1.441305083377918128e-01
95.2016 1.441175864490274183e-01
95.2099 1.441046665197742438e-01
95.2183 1.440917485467405057e-01
95.2266 1.440788325316341434e-01
95.2349 1.440659184734849607e-01
95.2432 1.440530063704309749e-01
95.2515 1.440400962234658633e-01
95.2598 1.440271880309067776e-01
95.2681 1.440142817921419849e-01
95.2764 1.440013775079862501e-01
95.2847 1.439884751767580018e-01
95.293 1.439755747973112954e-01
95.3013 1.439626763704610901e-01
95.3097 1.439497798941707929e-01
95.318 1.439368853681864402e-01
95.3263 1.439239927922541518e-01
95.3346 1.439111021659419398e-01
95.3429 1.438982134886399034e-01
95.3512 1.438853267590262386e-01
95.3595 1.438724419777377972e-01
95.3678 1.438595591429195075e-01
95.3761 1.438466782541405753e-01
95.3844 1.438337993116822755e-01
95.3928 1.438209223140465010e-01
95.4011 1.438080472613366967e-01
95.4094 1.437951741529448491e-01
95.4177 1.437823029866631963e-01
95.426 1.437694337636624686e-01
95.4343 1.437565664829798251e-01
95.4426 1.437437011436529799e-01
95.4509 1.437308377459635966e-01
95.4592 1.437179762884168432e-01
95.4675 1.437051167698739640e-01
95.4759 1.436922591909723379e-01
95.4842 1.436794035509283973e-01
95.4925 1.436665498489592407e-01
95.5008 1.436536980849919265e-01
95.5091 1.436408482561145339e-01
95.5174 1.436280003643843617e-01
95.5257 1.436151544084868226e-01
95.534 1.436023103871082729e-01
95.5423 1.435894683007088168e-01
95.5506 1.435766281483298601e-01
95.559 1.435637899281271002e-01
95.5673 1.435509536414470433e-01
95.5756 1.435381192864459976e-01
95.5839 1.435252868632300172e-01
95.5922 1.435124563710191148e-01
95.6005 1.434996278090338306e-01
95.6088 1.434868011772033325e-01
95.6171 1.434739764731551570e-01
95.6254 1.434611536977044854e-01
95.6337 1.434483328513115608e-01
95.6421 1.434355139323131023e-01
95.6504 1.434226969397543183e-01
95.6587 1.434098818725041413e-01
95.667 1.433970687322614623e-01
95.6753 1.433842575168340627e-01
95.6836 1.433714482250917355e-01
95.6919 1.433586408569653414e-01
95.7002 1.433458354132692569e-01
95.7085 1.433330318923435320e-01
95.7168 1.433202302919990012e-01
95.7252 1.433074306137572806e-01
95.7335 1.432946328570194883e-01
95.7418 1.432818370204807235e-01
95.7501 1.432690431033664114e-01
95.7584 1.432562511050787801e-01
95.7667 1.432434610266087593e-01
95.775 1.432306728648880256e-01
95.7833 1.432178866209077583e-01
95.7916 1.432051022949528962e-01
95.7999 1.431923198839570588e-01
95.8082 1.431795393885587908e-01
95.8166 1.431667608085144261e-01
95.8249 1.431539841439329330e-01
95.8332 1.431412093928081664e-01
95.8415 1.431284365541924120e-01
95.8498 1.431156656287240481e-01
95.8581 1.431028966159839377e-01
95.8664 1.430901295152008645e-01
95.8747 1.430773643250756733e-01
95.883 1.430646010450142558e-01
95.8913 1.430518396756547406e-01
95.8997 1.430390802155228902e-01
95.908 1.430263226631452722e-01
95.9163 1.430135670193364017e-01
95.9246 1.430008132836786128e-01
95.9329 1.429880614548752482e-01
95.9412 1.429753115325094193e-01
95.9495 1.429625635159886277e-01
95.9578 1.429498174048962900e-01
95.9661 1.429370731984646314e-01
95.9744 1.429243308962773462e-01
95.9828 1.429115904989727570e-01
95.9911 1.428988520027968112e-01
95.9994 1.428861154087402163e-01
96.0077 1.428733807181433724e-01
96.016 1.428606479286594344e-01
96.0243 1.428479170389956310e-01
96.0326 1.428351880503173355e-01
96.0409 1.428224609609812235e-01
96.0492 1.428097357707485138e-01
96.0575 1.427970124790294559e-01
96.0659 1.427842910847087754e-01
96.0742 1.427715715884247949e-01
96.0825 1.427588539894130704e-01
96.0908 1.427461382856822503e-01
96.0991 1.427334244771703287e-01
96.1074 1.427207125652164843e-01
96.1157 1.427080025459034340e-01
96.124 1.426952944214469055e-01
96.1323 1.426825881912589800e-01
96.1406 1.426698838533508040e-01
96.149 1.426571814078361478e-01
96.1573 1.426444808532524866e-01
96.1656 1.426317821893638704e-01
96.1739 1.426190854171587308e-01
96.1822 1.426063905357005390e-01
96.1905 1.425936975428284126e-01
96.1988 1.425810064386568154e-01
96.2071 1.425683172222503015e-01
96.2154 1.425556298935485855e-01
96.2237 1.425429444528404366e-01
96.2321 1.425302608997154885e-01
96.2404 1.425175792313167211e-01
96.2487 1.425048994484583442e-01
96.257 1.424922215516039870e-01
96.2653 1.424795455377242392e-01
96.2736 1.424668714079819765e-01
96.2819 1.424541991621430248e-01
96.2902 1.424415287980523859e-01
96.2985 1.424288603172220447e-01
96.3068 1.424161937181959159e-01
96.3151 1.424035289991700259e-01
96.3235 1.423908661606090031e-01
96.3318 1.423782052029773093e-01
96.3401 1.423655461246458864e-01
96.3484 1.423528889245102291e-01
96.3567 1.423402336025117731e-01
96.365 1.423275801591152578e-01
96.3733 1.423149285919962093e-01
96.3816 1.423022789010972011e-01
96.3899 1.422896310879278314e-01
96.3982 1.422769851496429039e-01
96.4066 1.422643410853138557e-01
96.4149 1.422516988961025908e-01
96.4232 1.422390585812545738e-01
96.4315 1.422264201393199645e-01
96.4398 1.422137835697193098e-01
96.4481 1.422011488725699047e-01
96.4564 1.421885160476403509e-01
96.4647 1.421758850924385864e-01
96.473 1.421632560093429865e-01
96.4813 1.421506287955142667e-01
96.4897 1.421380034502007228e-01
96.498 1.421253799752586200e-01
96.5063 1.421127583687189777e-01
96.5146 1.421001386287883972e-01
96.5229 1.420875207566271725e-01
96.5312 1.420749047518320984e-01
96.5395 1.420622906124364981e-01
96.5478 1.420496783389061657e-01
96.5561 1.420370679304908956e-01
96.5644 1.420244593864410931e-01
96.5728 1.420118527067014691e-01
96.5811 1.419992478898286781e-01
96.5894 1.419866449361148197e-01
96.5977 1.419740438456784937e-01
96.606 1.419614446153426024e-01
96.6143 1.419488472466140516e-01
96.6226 1.419362517399581081e-01
96.6309 1.419236580921998392e-01
96.6392 1.419110663041518727e-01
96.6475 1.418984763762801138e-01
96.6559 1.418858883061042964e-01
96.6642 1.418733020933980182e-01
96.6725 1.418607177393196861e-01
96.6808 1.418481352424301734e-01
96.6891 1.418355546007711299e-01
96.6974 1.418229758142899311e-01
96.7057 1.418103988834526208e-01
96.714 1.417978238082061027e-01
96.7223 1.417852505883236691e-01
96.7306 1.417726792209843267e-01
96.739 1.417601097052710313e-01
96.7473 1.417475420435528322e-01
96.7556 1.417349762338745434e-01
96.7639 1.417224122770482098e-01
96.7722 1.417098501693912771e-01
96.7805 1.416972899117166229e-01
96.7888 1.416847315055272116e-01
96.7971 1.416721749485248816e-01
96.8054 1.416596202396213644e-01
96.8137 1.416470673794563706e-01
96.822 1.416345163674598562e-01
96.8304 1.416219672018541875e-01
96.8387 1.416094198829335460e-01
96.847 1.415968744108192234e-01
96.8553 1.415843307840796428e-01
96.8636 1.415717890026639003e-01
96.8719 1.415592490658311442e-01
96.8802 1.415467109731858020e-01
96.8885 1.415341747229529046e-01
96.8968 1.415216403164617220e-01
96.9051 1.415091077529720687e-01
96.9135 1.414965770310546989e-01
96.9218 1.414840481503151226e-01
96.9301 1.414715211100143477e-01
96.9384 1.414589959107916128e-01
96.9467 1.414464725520801491e-01
96.955 1.414339510307307812e-01
96.9633 1.414214313492770103e-01
96.9716 1.414089135061198932e-01
96.9799 1.413963974998333206e-01
96.9882 1.413838833308846687e-01
96.9966 1.413713709992247269e-01
97.0049 1.413588605037723323e-01
97.0132 1.413463518432746813e-01
97.0215 1.413338450176833960e-01
97.0298 1.413213400269499320e-01
97.0381 1.413088368699943476e-01
97.0464 1.412963355471121008e-01
97.0547 1.412838360568799967e-01
97.063 1.412713383982193149e-01
97.0713 1.412588425734871700e-01
97.0797 1.412463485788564566e-01
97.088 1.412338564141083219e-01
97.0963 1.412213660809122917e-01
97.1046 1.412088775778470306e-01
97.1129 1.411963909029771980e-01
97.1212 1.411839060567707527e-01
97.1295 1.411714230398667391e-01
97.1378 1.411589418501592308e-01
97.1461 1.411464624876014040e-01
97.1544 1.411339849511176192e-01
97.1628 1.411215092420330663e-01
97.1711 1.411090353589290747e-01
97.1794 1.410965632990168195e-01
97.1877 1.410840930641358293e-01
97.196 1.410716246538968321e-01
97.2043 1.410591580675682744e-01
97.2126 1.410466933037337889e-01
97.2209 1.410342303625188587e-01
97.2292 1.410217692438776593e-01
97.2375 1.410093099457099819e-01
97.2459 1.409968524689977354e-01
97.2542 1.409843968130105873e-01
97.2625 1.409719429758210241e-01
97.2708 1.409594909584107880e-01
97.2791 1.409470407610765585e-01
97.2874 1.409345923813786206e-01
97.2957 1.409221458189305887e-01
97.304 1.409097010740297251e-01
97.3123 1.408972581462894502e-01
97.3206 1.408848170354941309e-01
97.3289 1.408723777397195287e-01
97.3373 1.408599402589217064e-01
97.3456 1.408475045935688730e-01
97.3539 1.408350707419089853e-01
97.3622 1.408226387056055739e-01
97.3705 1.408102084808583732e-01
97.3788 1.407977800681363967e-01
97.3871 1.407853534694442077e-01
97.3954 1.407729286818366343e-01
97.4037 1.407605057047587038e-01
97.412 1.407480845381675061e-01
97.4204 1.407356651832135930e-01
97.4287 1.407232476379774166e-01
97.437 1.407108319005407615e-01
97.4453 1.406984179722249317e-01
97.4536 1.406860058517939438e-01
97.4619 1.406735955385236547e-01
97.4702 1.406611870335642556e-01
97.4785 1.406487803351693100e-01
97.4868 1.406363754421043333e-01
97.4951 1.406239723550086196e-01
97.5035 1.406115710723074841e-01
97.5118 1.405991715946401932e-01
97.5201 1.405867739214540224e-01
97.5284 1.405743780518560748e-01
97.5367 1.405619839851242059e-01
97.545 1.405495917203662681e-01
97.5533 1.405372012577112140e-01
97.5616 1.405248125966075123e-01
97.5699 1.405124257371838103e-01
97.5782 1.405000406778687816e-01
97.5866 1.404876574187915728e-01
97.5949 1.404752759592313160e-01
97.6032 1.404628962977880757e-01
97.6115 1.404505184354407077e-01
97.6198 1.404381423718086830e-01
97.6281 1.404257681049830286e-01
97.6364 1.404133956349238876e-01
97.6447 1.404010249615909312e-01
97.653 1.403886560851136389e-01
97.6613 1.403762890034150612e-01
97.6697 1.403639237159466091e-01
97.678 1.403515602236866111e-01
97.6863 1.403391985250684593e-01
97.6946 1.403268386203918028e-01
97.7029 1.403144805082604529e-01
97.7112 1.403021241893132598e-01
97.7195 1.402897696623240653e-01
97.7278 1.402774169257284820e-01
97.7361 1.402650659806739530e-01
97.7444 1.402527168269517288e-01
97.7528 1.402403694621512376e-01
97.7611 1.402280238874196172e-01
97.7694 1.402156801015325971e-01
97.7777 1.402033381036051907e-01
97.786 1.401909978944454738e-01
97.7943 1.401786594728300639e-01
97.8026 1.401663228377053594e-01
97.8109 1.401539879892026164e-01
97.8192 1.401416549264380140e-01
97.8275 1.401293236495427530e-01
97.8358 1.401169941584788081e-01
97.8442 1.401046664508411865e-01
97.8525 1.400923405279449474e-01
97.8608 1.400800163884002303e-01
97.8691 1.400676940311557372e-01
97.8774 1.400553734568502906e-01
97.8857 1.400430546654465314e-01
97.894 1.400307376545422977e-01
97.9023 1.400184224252832288e-01
97.9106 1.400061089767878630e-01
97.9189 1.399937973083440201e-01
97.9273 1.399814874187336744e-01
97.9356 1.399691793079204938e-01
97.9439 1.399568729777240228e-01
97.9522 1.399445684238895260e-01
97.9605 1.399322656484055794e-01
97.9688 1.399199646502237993e-01
97.9771 1.399076654288021471e-01
97.9854 1.398953679834302466e-01
97.9937 1.398830723128924036e-01
98.002 1.398707784179958891e-01
98.0104 1.398584862976937904e-01
98.0187 1.398461959527927401e-01
98.027 1.398339073807302879e-01
98.0353 1.398216205816397995e-01
98.0436 1.398093355559912876e-01
98.0519 1.397970523020656552e-01
98.0602 1.397847708196598149e-01
98.0685 1.397724911082339205e-01
98.0768 1.397602131690994232e-01
98.0851 1.397479369996972032e-01
98.0935 1.397356626003292968e-01
98.1018 1.397233899697837289e-01
98.1101 1.397111191076900183e-01
98.1184 1.396988500153588664e-01
98.1267 1.396865826893934626e-01
98.135 1.396743171311048970e-01
98.1433 1.396620533406269515e-01
98.1516 1.396497913160770765e-01
98.1599 1.396375310577576967e-01
98.1682 1.396252725654667792e-01
98.1766 1.396130158364836948e-01
98.1849 1.396007608732940386e-01
98.1932 1.395885076738492547e-01
98.2015 1.395762562374448512e-01
98.2098 1.395640065657257345e-01
98.2181 1.395517586554700928e-01
98.2264 1.395395125061421882e-01
98.2347 1.395272681205607657e-01
98.243 1.395150254951703639e-01
98.2513 1.395027846296033047e-01
98.2597 1.394905455258389493e-01
98.268 1.394783081818324333e-01
98.2763 1.394660725948700941e-01
98.2846 1.394538387686065917e-01
98.2929 1.394416067001607862e-01
98.3012 1.394293763891656934e-01
98.3095 1.394171478360917149e-01
98.3178 1.394049210390646831e-01
98.3261 1.393926959992249359e-01
98.3344 1.393804727146989997e-01
98.3427 1.393682511857901318e-01
98.3511 1.393560314122991861e-01
98.3594 1.393438133923541877e-01
98.3677 1.393315971265931541e-01
98.376 1.393193826138139635e-01
98.3843 1.393071698558248639e-01
98.3926 1.392949588499189373e-01
98.4009 1.392827495947280836e-01
98.4092 1.392705420920603843e-01
98.4175 1.392583363407147723e-01
98.4258 1.392461323393238415e-01
98.4342 1.392339300876902219e-01
98.4425 1.392217295874536298e-01
98.4508 1.392095308365788597e-01
98.4591 1.391973338321971509e-01
98.4674 1.391851385776179673e-01
98.4757 1.391729450709744131e-01
98.484 1.391607533105675976e-01
98.4923 1.391485632985369203e-01
98.5006 1.391363750326831683e-01
98.5089 1.391241885116422661e-01
98.5173 1.391120037367191142e-01
98.5256 1.390998207068833425e-01
98.5339 1.390876394216052636e-01
98.5422 1.390754598800219288e-01
98.5505 1.390632820819375504e-01
98.5588 1.390511060276561350e-01
98.5671 1.390389317153155890e-01
98.5754 1.390267591462197860e-01
98.5837 1.390145883178411368e-01
98.592 1.390024192309835815e-01
98.6004 1.389902518849525648e-01
98.6087 1.389780862783873971e-01
98.617 1.389659224137565208e-01
98.6253 1.389537602863710197e-01
98.6336 1.389415998985328582e-01
98.6419 1.389294412497142084e-01
98.6502 1.389172843387224965e-01
98.6585 1.389051291641991703e-01
98.6668 1.388929757279456778e-01
98.6751 1.388808240281047823e-01
98.6835 1.388686740638177819e-01
98.6918 1.388565258358878396e-01
98.7001 1.388443793427918960e-01
98.7084 1.388322345843360783e-01
98.7167 1.388200915598288565e-01
98.725 1.388079502694087308e-01
98.7333 1.387958107125503437e-01
98.7416 1.387836728887281712e-01
98.7499 1.387715367959233281e-01
98.7582 1.387594024362667489e-01
98.7666 1.387472698090672363e-01
98.7749 1.387351389104816979e-01
98.7832 1.387230097439679788e-01
98.7915 1.387108823080058229e-01
98.7998 1.386987566007447104e-01
98.8081 1.386866326221583845e-01
98.8164 1.386745103728838913e-01
98.8247 1.386623898522314491e-01
98.833 1.386502710590150067e-01
98.8413 1.386381539937052987e-01
98.8496 1.386260386546198375e-01
98.858 1.386139250417326718e-01
98.8663 1.386018131553494737e-01
98.8746 1.385897029946161207e-01
98.8829 1.385775945580172697e-01
98.8912 1.385654878466860973e-01
98.8995 1.385533828589420868e-01
98.9078 1.385412795954217291e-01
98.9161 1.385291780554378516e-01
98.9244 1.385170782373110199e-01
98.9327 1.385049801420087101e-01
98.9411 1.384928837690094783e-01
98.9494 1.384807891159739457e-01
98.9577 1.384686961846957332e-01
98.966 1.384566049748194028e-01
98.9743 1.384445154830149516e-01
98.9826 1.384324277125628944e-01
98.9909 1.384203416606296921e-01
98.9992 1.384082573265307814e-01
99.0075 1.383961747113977292e-01
99.0158 1.383840938140505628e-01
99.0242 1.383720146334744272e-01
99.0325 1.383599371696456470e-01
99.0408 1.383478614233650539e-01
99.0491 1.383357873927935910e-01
99.0574 1.383237150765877221e-01
99.0657 1.383116444757139518e-01
99.074 1.382995755906429036e-01
99.0823 1.382875084180532343e-01
99.0906 1.382754429599001578e-01
99.0989 1.382633792150062824e-01
99.1073 1.382513171825242582e-01
99.1156 1.382392568624311868e-01
99.1239 1.382271982540446698e-01
99.1322 1.382151413581654276e-01
99.1405 1.382030861724643789e-01
99.1488 1.381910326975776815e-01
99.1571 1.381789809323299145e-01
99.1654 1.381669308765341164e-01
99.1737 1.381548825295093319e-01
99.182 1.381428358923850463e-01
99.1904 1.381307909636574904e-01
99.1987 1.381187477414951015e-01
99.207 1.381067062280137980e-01
99.2153 1.380946664207246821e-01
99.2236 1.380826283196057158e-01
99.2319 1.380705919252926128e-01
99.2402 1.380585572357907742e-01
99.2485 1.380465242520647895e-01
99.2568 1.380344929732708337e-01
99.2651 1.380224633985660254e-01
99.2735 1.380104355267789962e-01
99.2818 1.379984093588740302e-01
99.2901 1.379863848940083848e-01
99.2984 1.379743621313399560e-01
99.3067 1.379623410708474274e-01
99.315 1.379503217118533409e-01
99.3233 1.379383040535160643e-01
99.3316 1.379262880979474637e-01
99.3399 1.379142738410250868e-01
99.3482 1.379022612837129680e-01
99.3565 1.378902504264819806e-01
99.3649 1.378782412673442426e-01
99.3732 1.378662338072625670e-01
99.3815 1.378542280440860635e-01
99.3898 1.378422239802523375e-01
99.3981 1.378302216139382086e-01
99.4064 1.378182209421748572e-01
99.4147 1.378062219670722066e-01
99.423 1.377942246887734756e-01
99.4313 1.377822291056212123e-01
99.4396 1.377702352174316747e-01
99.448 1.377582430238578626e-01
99.4563 1.377462525230798707e-01
99.4646 1.377342637173689932e-01
99.4729 1.377222766042513757e-01
99.4812 1.377102911845253519e-01
99.4895 1.376983074568630949e-01
99.4978 1.376863254209182152e-01
99.5061 1.376743450761811760e-01
99.5144 1.376623664216521659e-01
99.5227 1.376503894594367505e-01
99.5311 1.376384141869009259e-01
99.5394 1.376264406033723686e-01
99.5477 1.376144687083426799e-01
99.556 1.376024985035895487e-01
99.5643 1.375905299874608523e-01
99.5726 1.375785631579787838e-01
99.5809 1.375665980164311464e-01
99.5892 1.375546345624729105e-01
99.5975 1.375426727944536187e-01
99.6058 1.375307127126816353e-01
99.6142 1.375187543169754667e-01
99.6225 1.375067976069906384e-01
99.6308 1.374948425812413388e-01
99.6391 1.374828892400359326e-01
99.6474 1.374709375828673807e-01
99.6557 1.374589876089029883e-01
99.664 1.374470393192657458e-01
99.6723 1.374350927113306142e-01
99.6806 1.374231477858949835e-01
99.6889 1.374112045416382155e-01
99.6973 1.373992629795202369e-01
99.7056 1.373873230995232564e-01
99.7139 1.373753848982109949e-01
99.7222 1.373634483773573944e-01
99.7305 1.373515135369451634e-01
99.7388 1.373395803754924871e-01
99.7471 1.373276488931452211e-01
99.7554 1.373157190884225221e-01
99.7637 1.373037909616330876e-01
99.772 1.372918645132479853e-01
99.7804 1.372799397416243350e-01
99.7887 1.372680166464207707e-01
99.797 1.372560952276207780e-01
99.8053 1.372441754845579454e-01
99.8136 1.372322574165660558e-01
99.8219 1.372203410246035371e-01
99.8302 1.372084263070296462e-01
99.8385 1.371965132622045003e-01
99.8468 1.371846018910868048e-01
99.8551 1.371726921947968303e-01
99.8634 1.371607841703964825e-01
99.8718 1.371488778175460055e-01
99.8801 1.371369731389879831e-01
99.8884 1.371250701304881081e-01
99.8967 1.371131687925180587e-01
99.905 1.371012691261976058e-01
99.9133 1.370893711297274664e-01
99.9216 1.370774748032545787e-01
99.9299 1.370655801464393531e-01
99.9382 1.370536871578079685e-01
99.9465 1.370417958381557610e-01
99.9549 1.370299061874674929e-01
99.9632 1.370180182032982030e-01
99.9715 1.370061318864432554e-01
99.9798 1.369942472367258746e-01
99.9881 1.369823642536454333e-01
99.9964 1.369704829363778964e-01
100.005 1.369586032849086921e-01
100.013 1.369467252979287009e-01
100.021 1.369348489760709164e-01
100.03 1.369229743186737569e-01
100.038 1.369111013262079846e-01
100.046 1.368992299965567094e-01
100.055 1.368873603284127549e-01
100.063 1.368754923237024967e-01
100.071 1.368636259817651024e-01
100.08 1.368517613017783130e-01
100.088 1.368398982822740806e-01
100.096 1.368280369246929196e-01
100.104 1.368161772270824750e-01
100.113 1.368043191899138145e-01
100.121 1.367924628113971752e-01
100.129 1.367806080926495527e-01
100.138 1.367687550334959201e-01
100.146 1.367569036318244946e-01
100.154 1.367450538889134481e-01
100.163 1.367332058036198617e-01
100.171 1.367213593751240852e-01
100.179 1.367095146022842822e-01
100.188 1.366976714868618215e-01
100.196 1.366858300281983407e-01
100.204 1.366739902235403203e-01
100.212 1.366621520746485186e-01
100.221 1.366503155802208658e-01
100.229 1.366384807408892177e-01
100.237 1.366266475540632852e-01
100.246 1.366148160202144690e-01
100.254 1.366029861414239099e-01
100.262 1.365911579138141818e-01
100.271 1.365793313380176399e-01
100.279 1.365675064157927943e-01
100.287 1.365556831437471086e-01
100.296 1.365438615215473772e-01
100.304 1.365320415519170605e-01
100.312 1.365202232314653985e-01
100.32 1.365084065600201957e-01
100.329 1.364965915382133077e-01
100.337 1.364847781652289149e-01
100.345 1.364729664405733844e-01
100.354 1.364611563647171177e-01
100.362 1.364493479358810102e-01
100.37 1.364375411542144145e-01
100.379 1.364257360193849022e-01
100.387 1.364139325299356109e-01
100.395 1.364021306884252993e-01
100.404 1.363903304914700909e-01
100.412 1.363785319397017026e-01
100.42 1.363667350327880945e-01
100.429 1.363549397697554622e-01
100.437 1.363431461509140297e-01
100.445 1.363313541749697488e-01
100.453 1.363195638423931599e-01
100.462 1.363077751530133996e-01
100.47 1.362959881053763533e-01
100.478 1.362842026996323452e-01
100.487 1.362724189362516658e-01
100.495 1.362606368123389644e-01
100.503 1.362488563286857746e-01
100.512 1.362370774867242007e-01
100.52 1.362253002843607230e-01
100.528 1.362135247211052336e-01
100.537 1.362017507971078067e-01
100.545 1.361899785117181849e-01
100.553 1.361782078634856397e-01
100.561 1.361664388533613823e-01
100.57 1.361546714816554426e-01
100.578 1.361429057457978764e-01
100.586 1.361311416459394796e-01
100.595 1.361193791833507638e-01
100.603 1.361076183562624220e-01
100.611 1.360958591653050609e-01
100.62 1.360841016075911847e-01
100.628 1.360723456851905266e-01
100.636 1.360605913964952063e-01
100.645 1.360488387416563527e-01
100.653 1.360370877211439511e-01
100.661 1.360253383315943310e-01
100.67 1.360135905757144936e-01
100.678 1.360018444523774239e-01
100.686 1.359900999594984006e-01
100.694 1.359783570985063361e-01
100.703 1.359666158682748816e-01
100.711 1.359548762678382261e-01
100.719 1.359431382981454717e-01
100.728 1.359314019587094247e-01
100.736 1.359196672479263401e-01
100.744 1.359079341651506234e-01
100.753 1.358962027121280725e-01
100.761 1.358844728866184237e-01
100.769 1.358727446881354273e-01
100.778 1.358610181174684239e-01
100.786 1.358492931738123632e-01
100.794 1.358375698557257039e-01
100.802 1.358258481649529947e-01
100.811 1.358141280983009846e-01
100.819 1.358024096570363548e-01
100.827 1.357906928419476966e-01
100.836 1.357789776506389545e-01
100.844 1.357672640842172984e-01
100.852 1.357555521396512088e-01
100.861 1.357438418186846796e-01
100.869 1.357321331219463467e-01
100.877 1.357204260460884437e-01
100.886 1.357087205923767359e-01
100.894 1.356970167608041455e-01
100.902 1.356853145507275482e-01
100.91 1.356736139611862957e-01
100.919 1.356619149913789457e-01
100.927 1.356502176422526573e-01
100.935 1.356385219133235398e-01
100.944 1.356268278033141705e-01
100.952 1.356151353119003089e-01
100.96 1.356034444381229720e-01
100.969 1.355917551827698353e-01
100.977 1.355800675459931659e-01
100.985 1.355683815257228420e-01
100.994 1.355566971219530903e-01
101.002 1.355450143361056903e-01
101.01 1.355333331654772211e-01
101.019 1.355216536100618263e-01
101.027 1.355099756704883363e-01
101.035 1.354982993448476669e-01
101.043 1.354866246345613479e-01
101.052 1.354749515389889747e-01
101.06 1.354632800557475647e-01
101.068 1.354516101862579813e-01
101.077 1.354399419300393037e-01
101.085 1.354282752864520711e-01
101.093 1.354166102546990047e-01
101.102 1.354049468344580842e-01
101.11 1.353932850249325304e-01
101.118 1.353816248281751178e-01
101.127 1.353699662410144666e-01
101.135 1.353583092623381057e-01
101.143 1.353466538957807663e-01
101.151 1.353350001378560985e-01
101.16 1.353233479890340318e-01
101.168 1.353116974482025670e-01
101.176 1.353000485158316057e-01
101.185 1.352884011925483965e-01
101.193 1.352767554745544498e-01
101.201 1.352651113642164837e-01
101.21 1.352534688607396063e-01
101.218 1.352418279634872433e-01
101.226 1.352301886729288249e-01
101.235 1.352185509862168511e-01
101.243 1.352069149055584452e-01
101.251 1.351952804292121113e-01
101.26 1.351836475578053476e-01
101.268 1.351720162905444278e-01
101.276 1.351603866261628928e-01
101.284 1.351487585640258893e-01
101.293 1.351371321050764129e-01
101.301 1.351255072496257148e-01
101.309 1.351138839948310133e-01
101.318 1.351022623419504132e-01
101.326 1.350906422911377358e-01
101.334 1.350790238400246535e-01
101.343 1.350674069893960105e-01
101.351 1.350557917395634744e-01
101.359 1.350441780897354560e-01
101.368 1.350325660370731151e-01
101.376 1.350209555836215658e-01
101.384 1.350093467306369976e-01
101.392 1.349977394748090032e-01
101.401 1.349861338156627955e-01
101.409 1.349745297558711810e-01
101.417 1.349629272921256951e-01
101.426 1.349513264234797338e-01
101.434 1.349397271524481468e-01
101.442 1.349281294765107275e-01
101.451 1.349165333967659308e-01
101.459 1.349049389119526821e-01
101.467 1.348933460211252655e-01
101.476 1.348817547238097825e-01
101.484 1.348701650212612846e-01
101.492 1.348585769131625811e-01
101.5 1.348469903968400885e-01
101.509 1.348354054738628016e-01
101.517 1.348238221434428785e-01
101.525 1.348122404044788947e-01
101.534 1.348006602568117551e-01
101.542 1.347890817001256014e-01
101.55 1.347775047342615051e-01
101.559 1.347659293595313557e-01
101.567 1.347543555748345334e-01
101.575 1.347427833795417085e-01
101.584 1.347312127731806475e-01
101.592 1.347196437562202254e-01
101.6 1.347080763277176962e-01
101.609 1.346965104876715058e-01
101.617 1.346849462341989379e-01
101.625 1.346733835680826996e-01
101.633 1.346618224904181371e-01
101.642 1.346502629990097843e-01
101.65 1.346387050926034779e-01
101.658 1.346271487727645211e-01
101.667 1.346155940387085415e-01
101.675 1.346040408891816254e-01
101.683 1.345924893249656473e-01
101.692 1.345809393452767067e-01
101.7 1.345693909483924311e-01
101.708 1.345578441360334165e-01
101.717 1.345462989061647630e-01
101.725 1.345347552589424012e-01
101.733 1.345232131953039700e-01
101.741 1.345116727130591383e-01
101.75 1.345001338128330171e-01
101.758 1.344885964932180655e-01
101.766 1.344770607546829644e-01
101.775 1.344655265975396308e-01
101.783 1.344539940199125649e-01
101.791 1.344424630221141559e-01
101.8 1.344309336041440150e-01
101.808 1.344194057645964613e-01
101.816 1.344078795034715224e-01
101.825 1.343963548212375736e-01
101.833 1.343848317169578366e-01
101.841 1.343733101898519355e-01
101.85 1.343617902407003573e-01
101.858 1.343502718688787401e-01
101.866 1.343387550714235379e-01
101.874 1.343272398511430876e-01
101.883 1.343157262061660251e-01
101.891 1.343042141368046005e-01
101.899 1.342927036424357012e-01
101.908 1.342811947222803948e-01
101.916 1.342696873769627652e-01
101.924 1.342581816047692111e-01
101.933 1.342466774058564960e-01
101.941 1.342351747800696882e-01
101.949 1.342236737283437897e-01
101.958 1.342121742477206114e-01
101.966 1.342006763386688339e-01
101.974 1.341891800022788905e-01
101.982 1.341776852366838579e-01
101.991 1.341661920417293319e-01
101.999 1.341547004169498791e-01
102.007 1.341432103628133199e-01
102.016 1.341317218788539989e-01
102.024 1.341202349627406420e-01
102.032 1.341087496161853521e-01
102.041 1.340972658390338357e-01
102.049 1.340857836295774874e-01
102.057 1.340743029885950177e-01
102.066 1.340628239136018585e-01
102.074 1.340513464067750460e-01
102.082 1.340398704668731289e-01
102.09 1.340283960920343465e-01
102.099 1.340169232847453207e-01
102.107 1.340054520426785245e-01
102.115 1.339939823661464025e-01
102.124 1.339825142539092795e-01
102.132 1.339710477058142502e-01
102.14 1.339595827232598069e-01
102.149 1.339481193042308949e-01
102.157 1.339366574471788640e-01
102.165 1.339251971547427422e-01
102.174 1.339137384253736851e-01
102.182 1.339022812569035659e-01
102.19 1.338908256510403516e-01
102.199 1.338793716059266115e-01
102.207 1.338679191226497256e-01
102.215 1.338564682019865726e-01
102.223 1.338450188394471052e-01
102.232 1.338335710384420674e-01
102.24 1.338221247964961058e-01
102.248 1.338106801131478951e-01
102.257 1.337992369905676437e-01
102.265 1.337877954259716617e-01
102.273 1.337763554188988735e-01
102.282 1.337649169715187103e-01
102.29 1.337534800805848523e-01
102.298 1.337420447470289153e-01
102.307 1.337306109702354195e-01
102.315 1.337191787500529305e-01
102.323 1.337077480861754708e-01
102.331 1.336963189778334615e-01
102.34 1.336848914237940000e-01
102.348 1.336734654263786737e-01
102.356 1.336620409832729728e-01
102.365 1.336506180943259903e-01
102.373 1.336391967603135500e-01
102.381 1.336277769781506197e-01
102.39 1.336163587500030225e-01
102.398 1.336049420747936478e-01
102.406 1.335935269520631408e-01
102.415 1.335821133822782669e-01
102.423 1.335707013631282358e-01
102.431 1.335592908949261026e-01
102.439 1.335478819787555838e-01
102.448 1.335364746129240332e-01
102.456 1.335250687980523987e-01
102.464 1.335136645318321102e-01
102.473 1.335022618162717278e-01
102.481 1.334908606510667728e-01
102.489 1.334794610320606811e-01
102.498 1.334680629635728311e-01
102.506 1.334566664423718352e-01
102.514 1.334452714693867004e-01
102.523 1.334338780438517891e-01
102.531 1.334224861653097449e-01
102.539 1.334110958337652031e-01
102.548 1.333997070473758040e-01
102.556 1.333883198075317966e-01
102.564 1.333769341146992804e-01
102.572 1.333655499667286692e-01
102.581 1.333541673625483481e-01
102.589 1.333427863033941341e-01
102.597 1.333314067889632415e-01
102.606 1.333200288175692971e-01
102.614 1.333086523904475351e-01
102.622 1.332972775069878602e-01
102.631 1.332859041653512988e-01
102.639 1.332745323655436243e-01
102.647 1.332631621095672347e-01
102.656 1.332517933940477461e-01
102.664 1.332404262200661271e-01
102.672 1.332290605883952872e-01
102.68 1.332176964958164400e-01
102.689 1.332063339429497562e-01
102.697 1.331949729316426190e-01
102.705 1.331836134599052313e-01
102.714 1.331722555271296349e-01
102.722 1.331608991328615266e-01
102.73 1.331495442772602233e-01
102.739 1.331381909595647783e-01
102.747 1.331268391803944184e-01
102.755 1.331154889377620665e-01
102.764 1.331041402321339051e-01
102.772 1.330927930647418933e-01
102.78 1.330814474326803554e-01
102.789 1.330701033371814446e-01
102.797 1.330587607771789305e-01
102.805 1.330474197525260416e-01
102.813 1.330360802621571581e-01
102.822 1.330247423066914514e-01
102.83 1.330134058869003322e-01
102.838 1.330020709997288553e-01
102.847 1.329907376459491808e-01
102.855 1.329794058260269363e-01
102.863 1.329680755388975566e-01
102.872 1.329567467845677864e-01
102.88 1.329454195616678325e-01
102.888 1.329340938709692721e-01
102.897 1.329227697121729557e-01
102.905 1.329114470834514283e-01
102.913 1.329001259863402118e-01
102.921 1.328888064193178564e-01
102.93 1.328774883822387565e-01
102.938 1.328661718748045117e-01
102.946 1.328548568974803334e-01
102.955 1.328435434493568934e-01
102.963 1.328322315286091793e-01
102.971 1.328209211369240361e-01
102.98 1.328096122727823458e-01
102.988 1.327983049368018087e-01
102.996 1.327869991283794071e-01
103.005 1.327756948456917108e-01
103.013 1.327643920902721042e-01
103.021 1.327530908618226313e-01
103.029 1.327417911583684551e-01
103.038 1.327304929800699196e-01
103.046 1.327191963273922637e-01
103.054 1.327079011998855973e-01
103.063 1.326966075966434788e-01
103.071 1.326853155170641396e-01
103.079 1.326740249623745704e-01
103.088 1.326627359302972875e-01
103.096 1.326514484211454292e-01
103.104 1.326401624350791730e-01
103.113 1.326288779711931043e-01
103.121 1.326175950301041184e-01
103.129 1.326063136098418194e-01
103.138 1.325950337107189014e-01
103.146 1.325837553336567387e-01
103.154 1.325724784771418197e-01
103.162 1.325612031404222457e-01
103.171 1.325499293236586107e-01
103.179 1.325386570274675324e-01
103.187 1.325273862489688148e-01
103.196 1.325161169899956581e-01
103.204 1.325048492513159482e-01
103.212 1.324935830285315363e-01
103.221 1.324823183237788249e-01
103.229 1.324710551376740986e-01
103.237 1.324597934688586942e-01
103.246 1.324485333171897261e-01
103.254 1.324372746814611868e-01
103.262 1.324260175616824298e-01
103.27 1.324147619572552947e-01
103.279 1.324035078689478895e-01
103.287 1.323922552960100918e-01
103.295 1.323810042382994601e-01
103.304 1.323697546949147152e-01
103.312 1.323585066652586684e-01
103.32 1.323472601494921908e-01
103.329 1.323360151461087098e-01
103.337 1.323247716566336163e-01
103.345 1.323135296816821682e-01
103.354 1.323022892171717424e-01
103.362 1.322910502650822551e-01
103.37 1.322798128246655824e-01
103.379 1.322685768956285701e-01
103.387 1.322573424779805717e-01
103.395 1.322461095708229173e-01
103.403 1.322348781741651547e-01
103.412 1.322236482869576513e-01
103.42 1.322124199098156372e-01
103.428 1.322011930432027416e-01
103.437 1.321899676845564586e-01
103.445 1.321787438337360399e-01
103.453 1.321675214927176267e-01
103.462 1.321563006592426925e-01
103.47 1.321450813333212571e-01
103.478 1.321338635143590179e-01
103.487 1.321226472029705945e-01
103.495 1.321114323981082972e-01
103.503 1.321002190990268610e-01
103.511 1.320890073063411274e-01
103.52 1.320777970190038508e-01
103.528 1.320665882374786881e-01
103.536 1.320553809616245577e-01
103.545 1.320441751890364390e-01
103.553 1.320329709198761747e-01
103.561 1.320217681565694356e-01
103.57 1.320105668959571654e-01
103.578 1.319993671385030765e-01
103.586 1.319881688848210388e-01
103.595 1.319769721319052902e-01
103.603 1.319657768833862321e-01
103.611 1.319545831367107680e-01
103.619 1.319433908899299290e-01
103.628 1.319322001447135184e-01
103.636 1.319210109009213983e-01
103.644 1.319098231576604219e-01
103.653 1.318986369153934135e-01
103.661 1.318874521727756433e-01
103.669 1.318762689289145473e-01
103.678 1.318650871836713201e-01
103.686 1.318539069388637852e-01
103.694 1.318427281920942218e-01
103.703 1.318315509429225374e-01
103.711 1.318203751924137690e-01
103.719 1.318092009395256392e-01
103.728 1.317980281836679535e-01
103.736 1.317868569247016564e-01
103.744 1.317756871617360992e-01
103.752 1.317645188950837265e-01
103.761 1.317533521252071405e-01
103.769 1.317421868503137472e-01
103.777 1.317310230704155649e-01
103.786 1.317198607856746029e-01
103.794 1.317086999962528149e-01
103.802 1.316975406999082721e-01
103.811 1.316863828974045025e-01
103.819 1.316752265890535345e-01
103.827 1.316640717736661526e-01
103.836 1.316529184506537720e-01
103.844 1.316417666210792925e-01
103.852 1.316306162843541294e-01
103.86 1.316194674379393692e-01
103.869 1.316083200827480038e-01
103.877 1.315971742202923234e-01
103.885 1.315860298487841196e-01
103.894 1.315748869679357891e-01
103.902 1.315637455756606955e-01
103.91 1.315526056734708793e-01
103.919 1.315414672625777881e-01
103.927 1.315303303401457735e-01
103.935 1.315191949064873633e-01
103.944 1.315080609619147245e-01
103.952 1.314969285043432468e-01
103.96 1.314857975358827979e-01
103.969 1.314746680548983804e-01
103.977 1.314635400602050253e-01
103.985 1.314524135537618321e-01
103.993 1.314412885327374270e-01
104.002 1.314301649984918885e-01
104.01 1.314190429513371061e-01
104.018 1.314079223882936021e-01
104.027 1.313968033105716027e-01
104.035 1.313856857186327109e-01
104.043 1.313745696109942795e-01
104.052 1.313634549875201674e-01
104.06 1.313523418476255922e-01
104.068 1.313412301928183756e-01
104.077 1.313301200202720564e-01
104.085 1.313190113302990791e-01
104.093 1.313079041236598077e-01
104.101 1.312967983994711985e-01
104.11 1.312856941575971936e-01
104.118 1.312745913965579769e-01
104.126 1.312634901166659651e-01
104.135 1.312523903189796171e-01
104.143 1.312412920020194218e-01
104.151 1.312301951641577924e-01
104.16 1.312190998067514769e-01
104.168 1.312080059293666001e-01
104.176 1.311969135312708590e-01
104.185 1.311858226130745431e-01
104.193 1.311747331727038390e-01
104.201 1.311636452107691753e-01
104.209 1.311525587274335047e-01
104.218 1.311414737224123883e-01
104.226 1.311303901931866189e-01
104.234 1.311193081423034368e-01
104.243 1.311082275685847287e-01
104.251 1.310971484699594014e-01
104.259 1.310860708479312797e-01
104.268 1.310749947022164796e-01
104.276 1.310639200322335218e-01
104.284 1.310528468366570498e-01
104.293 1.310417751153529209e-01
104.301 1.310307048701210564e-01
104.309 1.310196360996362386e-01
104.318 1.310085688015328598e-01
104.326 1.309975029764208487e-01
104.334 1.309864386266939851e-01
104.342 1.309753757487977233e-01
104.351 1.309643143437877189e-01
104.359 1.309532544098949425e-01
104.367 1.309421959486204712e-01
104.376 1.309311389599786546e-01
104.384 1.309200834413099535e-01
104.392 1.309090293939663419e-01
104.401 1.308979768190018933e-01
104.409 1.308869257122734497e-01
104.417 1.308758760757266493e-01
104.426 1.308648279092278766e-01
104.434 1.308537812124950517e-01
104.442 1.308427359850979077e-01
104.45 1.308316922260127635e-01
104.459 1.308206499349582053e-01
104.467 1.308096091123944482e-01
104.475 1.307985697574466921e-01
104.484 1.307875318702785006e-01
104.492 1.307764954501636490e-01
104.5 1.307654604968210565e-01
104.509 1.307544270102659889e-01
104.517 1.307433949891800840e-01
104.525 1.307323644343198477e-01
104.534 1.307213353462928773e-01
104.542 1.307103077212635744e-01
104.55 1.306992815622099180e-01
104.559 1.306882568685545920e-01
104.567 1.306772336376484656e-01
104.575 1.306662118708397380e-01
104.583 1.306551915691798460e-01
104.592 1.306441727301684841e-01
104.6 1.306331553532300571e-01
104.608 1.306221394400075286e-01
104.617 1.306111249884459591e-01
104.625 1.306001119993007442e-01
104.633 1.305891004724397120e-01
104.642 1.305780904061047409e-01
104.65 1.305670818006077483e-01
104.658 1.305560746574425113e-01
104.667 1.305450689735216385e-01
104.675 1.305340647498958173e-01
104.683 1.305230619858425700e-01
104.691 1.305120606827071539e-01
104.7 1.305010608378474324e-01
104.708 1.304900624502466355e-01
104.716 1.304790655230213814e-01
104.725 1.304680700548588590e-01
104.733 1.304570760431190135e-01
104.741 1.304460834889991649e-01
104.75 1.304350923935481965e-01
104.758 1.304241027538322328e-01
104.766 1.304131145707530526e-01
104.775 1.304021278444746357e-01
104.783 1.303911425739813501e-01
104.791 1.303801587601742529e-01
104.799 1.303691764007115783e-01
104.808 1.303581954963472511e-01
104.816 1.303472160479818287e-01
104.824 1.303362380522435915e-01
104.833 1.303252615119483426e-01
104.841 1.303142864254926148e-01
104.849 1.303033127923042545e-01
104.858 1.302923406124002204e-01
104.866 1.302813698849143165e-01
104.874 1.302704006103051482e-01
104.883 1.302594327882953262e-01
104.891 1.302484664189016705e-01
104.899 1.302375015005229619e-01
104.908 1.302265380322942256e-01
104.916 1.302155760168798304e-01
104.924 1.302046154509146625e-01
104.932 1.301936563350045983e-01
104.941 1.301826986704895939e-01
104.949 1.301717424553291702e-01
104.957 1.301607876902753091e-01
104.966 1.301498343738761720e-01
104.974 1.301388825057087084e-01
104.982 1.301279320869653255e-01
104.991 1.301169831166353874e-01
104.999 1.301060355931212553e-01
105.007 1.300950895176153366e-01
105.016 1.300841448886673191e-01
105.024 1.300732017084962611e-01
105.032 1.300622599747714159e-01
105.04 1.300513196858969767e-01
105.049 1.300403808436514375e-01
105.057 1.300294434483454109e-01
105.065 1.300185074970637011e-01
105.074 1.300075729911442102e-01
105.082 1.299966399307511955e-01
105.09 1.299857083142900993e-01
105.099 1.299747781413395642e-01
105.107 1.299638494135293421e-01
105.115 1.299529221295585013e-01
105.124 1.299419962876874612e-01
105.132 1.299310718896919958e-01
105.14 1.299201489325150782e-01
105.149 1.299092274191035179e-01
105.157 1.298983073493284457e-01
105.165 1.298873887188168874e-01
105.173 1.298764715302221096e-01
105.182 1.298655557840009689e-01
105.19 1.298546414779770397e-01
105.198 1.298437286108527211e-01
105.207 1.298328171852791424e-01
105.215 1.298219072009817177e-01
105.223 1.298109986540313121e-01
105.232 1.298000915464936345e-01
105.24 1.297891858792639408e-01
105.248 1.297782816501684422e-01
105.257 1.297673788589338018e-01
105.265 1.297564775061630649e-01
105.273 1.297455775908523956e-01
105.281 1.297346791131666344e-01
105.29 1.297237820725403445e-01
105.298 1.297128864692843608e-01
105.306 1.297019923016657084e-01
105.315 1.296910995710169323e-01
105.323 1.296802082760434294e-01
105.331 1.296693184160347678e-01
105.34 1.296584299914476934e-01
105.348 1.296475430027386744e-01
105.356 1.296366574478848566e-01
105.365 1.296257733277803303e-01
105.373 1.296148906420067359e-01
105.381 1.296040093902915968e-01
105.389 1.295931295710507913e-01
105.398 1.295822511841583924e-01
105.406 1.295713742316733641e-01
105.414 1.295604987121576901e-01
105.423 1.295496246238828364e-01
105.431 1.295387519680334665e-01
105.439 1.295278807434640245e-01
105.448 1.295170109497572608e-01
105.456 1.295061425883882733e-01
105.464 1.294952756571930708e-01
105.473 1.294844101556094085e-01
105.481 1.294735460854028464e-01
105.489 1.294626834439742691e-01
105.498 1.294518222326524748e-01
105.506 1.294409624507298628e-01
105.514 1.294301040976444106e-01
105.522 1.294192471726890725e-01
105.531 1.294083916751570806e-01
105.539 1.293975376082653339e-01
105.547 1.293866849678191877e-01
105.556 1.293758337539841763e-01
105.564 1.293649839680876823e-01
105.572 1.293541356092778594e-01
105.581 1.293432886756870626e-01
105.589 1.293324431686421194e-01
105.597 1.293215990884533373e-01
105.606 1.293107564336888615e-01
105.614 1.292999152034983168e-01
105.622 1.292890753983371444e-01
105.63 1.292782370188058916e-01
105.639 1.292674000630385511e-01
105.647 1.292565645309107503e-01
105.655 1.292457304243275762e-01
105.664 1.292348977396844678e-01
105.672 1.292240664783066983e-01
105.68 1.292132366399248999e-01
105.689 1.292024082247039962e-01
105.697 1.291915812312155742e-01
105.705 1.291807556599146034e-01
105.714 1.291699315112560531e-01
105.722 1.291591087820740946e-01
105.73 1.291482874745619736e-01
105.739 1.291374675890293033e-01
105.747 1.291266491234699110e-01
105.755 1.291158320777597568e-01
105.763 1.291050164523538102e-01
105.772 1.290942022459704297e-01
105.78 1.290833894590645570e-01
105.788 1.290725780912228282e-01
105.797 1.290617681426107222e-01
105.805 1.290509596120920088e-01
105.813 1.290401525002659588e-01
105.822 1.290293468055631332e-01
105.83 1.290185425281494547e-01
105.838 1.290077396679012167e-01
105.847 1.289969382242616425e-01
105.855 1.289861381994184264e-01
105.863 1.289753395899255195e-01
105.871 1.289645423955155801e-01
105.88 1.289537466177982095e-01
105.888 1.289429522549175311e-01
105.896 1.289321593073279315e-01
105.905 1.289213677756275989e-01
105.913 1.289105776568075235e-01
105.921 1.288997889523320339e-01
105.93 1.288890016630879765e-01
105.938 1.288782157877979562e-01
105.946 1.288674313247529790e-01
105.955 1.288566482739746943e-01
105.963 1.288458666379355966e-01
105.971 1.288350864134852058e-01
105.979 1.288243076010779087e-01
105.988 1.288135302013113381e-01
105.996 1.288027542126222169e-01
106.004 1.287919796354641822e-01
106.013 1.287812064689948799e-01
106.021 1.287704347133798444e-01
106.029 1.287596643684967845e-01
106.038 1.287488954333594615e-01
106.046 1.287381279081338259e-01
106.054 1.287273617931292136e-01
106.063 1.287165970870723097e-01
106.071 1.287058337891217041e-01
106.079 1.286950719003066013e-01
106.088 1.286843114205046545e-01
106.096 1.286735523491624456e-01
106.104 1.286627946842888448e-01
106.112 1.286520384269127237e-01
106.121 1.286412835770558705e-01
106.129 1.286305301345966601e-01
106.137 1.286197780986945705e-01
106.146 1.286090274698028224e-01
106.154 1.285982782449268669e-01
106.162 1.285875304268183639e-01
106.171 1.285767840152116925e-01
106.179 1.285660390078317006e-01
106.187 1.285552954052749941e-01
106.196 1.285445532072769237e-01
106.204 1.285338124140031901e-01
106.212 1.285230730240411734e-01
106.22 1.285123350377003759e-01
106.229 1.285015984560073377e-01
106.237 1.284908632771193382e-01
106.245 1.284801294996253396e-01
106.254 1.284693971252685585e-01
106.262 1.284586661547880704e-01
106.27 1.284479365856258104e-01
106.279 1.284372084168016737e-01
106.287 1.284264816494848638e-01
106.295 1.284157562848440570e-01
106.304 1.284050323204660726e-01
106.312 1.283943097553716661e-01
106.32 1.283835885905861007e-01
106.329 1.283728688275637686e-01
106.337 1.283621504637500466e-01
106.345 1.283514334980230542e-01
106.353 1.283407179322662572e-01
106.362 1.283300037652145842e-01
106.37 1.283192909963185024e-01
106.378 1.283085796257443789e-01
106.387 1.282978696525137463e-01
106.395 1.282871610782228555e-01
106.403 1.282764539008924565e-01
106.412 1.282657481209746875e-01
106.42 1.282550437367773188e-01
106.428 1.282443407477524278e-01
106.437 1.282336391572095891e-01
106.445 1.282229389627425886e-01
106.453 1.282122401629461061e-01
106.461 1.282015427587006595e-01
106.47 1.281908467496009618e-01
106.478 1.281801521352419204e-01
106.486 1.281694589149331431e-01
106.495 1.281587670891262964e-01
106.503 1.281480766572736796e-01
106.511 1.281373876183999894e-01
106.52 1.281266999732421363e-01
106.528 1.281160137213954442e-01
106.536 1.281053288623128228e-01
106.545 1.280946453958751452e-01
106.553 1.280839633202525418e-01
106.561 1.280732826371795974e-01
106.569 1.280626033466795710e-01
106.578 1.280519254469231760e-01
106.586 1.280412489379342822e-01
106.594 1.280305738197366761e-01
106.603 1.280199000916418806e-01
106.611 1.280092277545280544e-01
106.619 1.279985568072796731e-01
106.628 1.279878872483544705e-01
106.636 1.279772190803388221e-01
106.644 1.279665523012634698e-01
106.653 1.279558869095870077e-01
106.661 1.279452229070412173e-01
106.669 1.279345602923694925e-01
106.678 1.279238990658801978e-01
106.686 1.279132392280238617e-01
106.694 1.279025807762647626e-01
106.702 1.278919237114803376e-01
106.711 1.278812680339789232e-01
106.719 1.278706137429316825e-01
106.727 1.278599608375101671e-01
106.736 1.278493093187332008e-01
106.744 1.278386591850620702e-01
106.752 1.278280104372313541e-01
106.761 1.278173630741289424e-01
106.769 1.278067170956372345e-01
106.777 1.277960725013546628e-01
106.786 1.277854292921573320e-01
106.794 1.277747874663660577e-01
106.802 1.277641470241473731e-01
106.81 1.277535079653838168e-01
106.819 1.277428702899578716e-01
106.827 1.277322339980356269e-01
106.835 1.277215990868051376e-01
106.844 1.277109655588438419e-01
106.852 1.277003334133250401e-01
106.86 1.276897026474384245e-01
106.869 1.276790732653192706e-01
106.877 1.276684452634485878e-01
106.885 1.276578186412847538e-01
106.894 1.276471934012609888e-01
106.902 1.276365695409935608e-01
106.91 1.276259470602240376e-01
106.919 1.276153259599685785e-01
106.927 1.276047062385527453e-01
106.935 1.275940878968509218e-01
106.943 1.275834709340384621e-01
106.952 1.275728553483006789e-01
106.96 1.275622411422097091e-01
106.968 1.275516283143753038e-01
106.977 1.275410168632664099e-01
106.985 1.275304067901812666e-01
106.993 1.275197980941547293e-01
107.002 1.275091907747878117e-01
107.01 1.274985848321057158e-01
107.018 1.274879802666985806e-01
107.027 1.274773770763303338e-01
107.035 1.274667752620155248e-01
107.043 1.274561748230727543e-01
107.051 1.274455757599510519e-01
107.06 1.274349780705570367e-01
107.068 1.274243817564696402e-01
107.076 1.274137868179960886e-01
107.085 1.274031932521970945e-01
107.093 1.273926010603685655e-01
107.101 1.273820102422537071e-01
107.11 1.273714207967489020e-01
107.118 1.273608327254316663e-01
107.126 1.273502460267753045e-01
107.135 1.273396606996772262e-01
107.143 1.273290767455732553e-01
107.151 1.273184941629376954e-01
107.159 1.273079129513733643e-01
107.168 1.272973331123153640e-01
107.176 1.272867546435341723e-01
107.184 1.272761775450557409e-01
107.193 1.272656018174692649e-01
107.201 1.272550274609410836e-01
107.209 1.272444544742291628e-01
107.218 1.272338828558103596e-01
107.226 1.272233126075411336e-01
107.234 1.272127437290245799e-01
107.243 1.272021762190195249e-01
107.251 1.271916100771298963e-01
107.259 1.271810453033815902e-01
107.268 1.271704818983632468e-01
107.276 1.271599198608346082e-01
107.284 1.271493591906809606e-01
107.292 1.271387998879282277e-01
107.301 1.271282419518995066e-01
107.309 1.271176853816367303e-01
107.317 1.271071301787123631e-01
107.326 1.270965763423087536e-01
107.334 1.270860238707658962e-01
107.342 1.270754727649531235e-01
107.351 1.270649230247559436e-01
107.359 1.270543746494981197e-01
107.367 1.270438276386443299e-01
107.376 1.270332819925015233e-01
107.384 1.270227377105342392e-01
107.392 1.270121947922075445e-01
107.4 1.270016532378282492e-01
107.409 1.269911130465808113e-01
107.417 1.269805742182109898e-01
107.425 1.269700367521841844e-01
107.434 1.269595006496487821e-01
107.442 1.269489659086677213e-01
107.45 1.269384325303892780e-01
107.459 1.269279005134378857e-01
107.467 1.269173698569991682e-01
107.475 1.269068405636223917e-01
107.484 1.268963126294102017e-01
107.492 1.268857860566311724e-01
107.5 1.268752608441911234e-01
107.508 1.268647369909962075e-01
107.517 1.268542144979134256e-01
107.525 1.268436933658092514e-01
107.533 1.268331735921901793e-01
107.542 1.268226551768034671e-01
107.55 1.268121381196759268e-01
107.558 1.268016224211143683e-01
107.567 1.267911080817050451e-01
107.575 1.267805951000754716e-01
107.583 1.267700834754135475e-01
107.592 1.267595732091445493e-01
107.6 1.267490642993376604e-01
107.608 1.267385567460200813e-01
107.617 1.267280505492187626e-01
107.625 1.267175457092400426e-01
107.633 1.267070422247135730e-01
107.641 1.266965400959458865e-01
107.65 1.266860393218465497e-01
107.658 1.266755399041187280e-01
107.666 1.266650418411133516e-01
107.675 1.266545451325784832e-01
107.683 1.266440497785411567e-01
107.691 1.266335557784701304e-01
107.7 1.266230631321136058e-01
107.708 1.266125718397777544e-01
107.716 1.266020819003735032e-01
107.725 1.265915933139283578e-01
107.733 1.265811060799117149e-01
107.741 1.265706201980719703e-01
107.749 1.265601356698307922e-01
107.758 1.265496524927057220e-01
107.766 1.265391706672820138e-01
107.774 1.265286901927508145e-01
107.783 1.265182110702543772e-01
107.791 1.265077332981480174e-01
107.799 1.264972568761808525e-01
107.808 1.264867818057730242e-01
107.816 1.264763080850020982e-01
107.824 1.264658357130606092e-01
107.833 1.264553646902547290e-01
107.841 1.264448950180038500e-01
107.849 1.264344266946652584e-01
107.858 1.264239597199882104e-01
107.866 1.264134940934439622e-01
107.874 1.264030298147819642e-01
107.882 1.263925668840301386e-01
107.891 1.263821053020503238e-01
107.899 1.263716450666454161e-01
107.907 1.263611861772873934e-01
107.916 1.263507286365061766e-01
107.924 1.263402724409937172e-01
107.932 1.263298175927235756e-01
107.941 1.263193640906116466e-01
107.949 1.263089119335746857e-01
107.957 1.262984611219186148e-01
107.966 1.262880116551159393e-01
107.974 1.262775635345829428e-01
107.982 1.262671167581261578e-01
107.99 1.262566713254961170e-01
107.999 1.262462272383863826e-01
108.007 1.262357844946043195e-01
108.015 1.262253430941782384e-01
108.024 1.262149030365815605e-01
108.032 1.262044643229520147e-01
108.04 1.261940269519306046e-01
108.049 1.261835909235456687e-01
108.057 1.261731562375480176e-01
108.065 1.261627228939657952e-01
108.074 1.261522908908868923e-01
108.082 1.261418602297257330e-01
108.09 1.261314309105103226e-01
108.098 1.261210029321605253e-01
108.107 1.261105762938736496e-01
108.115 1.261001509959552846e-01
108.123 1.260897270395413550e-01
108.132 1.260793044221679704e-01
108.14 1.260688831438638025e-01
108.148 1.260584632049343290e-01
108.157 1.260480446067916149e-01
108.165 1.260376273464198504e-01
108.173 1.260272114249543773e-01
108.182 1.260167968407641392e-01
108.19 1.260063835960905099e-01
108.198 1.259959716884727632e-01
108.207 1.259855611176632362e-01
108.215 1.259751518856258579e-01
108.223 1.259647439904538202e-01
108.231 1.259543374313468467e-01
108.24 1.259439322080575518e-01
108.248 1.259335283219961410e-01
108.256 1.259231257720860586e-01
108.265 1.259127245583558929e-01
108.273 1.259023246780728023e-01
108.281 1.258919261345794738e-01
108.29 1.258815289259717363e-01
108.298 1.258711330522782890e-01
108.306 1.258607385110442900e-01
108.315 1.258503453047825349e-01
108.323 1.258399534337975301e-01
108.331 1.258295628953591261e-01
108.339 1.258191736903241098e-01
108.348 1.258087858184454566e-01
108.356 1.257983992786494698e-01
108.364 1.257880140717924089e-01
108.373 1.257776301976273325e-01
108.381 1.257672476556319363e-01
108.389 1.257568664455597507e-01
108.398 1.257464865660622710e-01
108.406 1.257361080185461499e-01
108.414 1.257257308016631325e-01
108.423 1.257153549159933659e-01
108.431 1.257049803599137039e-01
108.439 1.256946071348301053e-01
108.448 1.256842352402208762e-01
108.456 1.256738646730879150e-01
108.464 1.256634954370384749e-01
108.472 1.256531275307253837e-01
108.481 1.256427609522521305e-01
108.489 1.256323957019236104e-01
108.497 1.256220317808693365e-01
108.506 1.256116691888431725e-01
108.514 1.256013079233999352e-01
108.522 1.255909479851194388e-01
108.531 1.255805893751304469e-01
108.539 1.255702320920880632e-01
108.547 1.255598761360218196e-01
108.556 1.255495215061370462e-01
108.564 1.255391682024634137e-01
108.572 1.255288162250303430e-01
108.58 1.255184655727691334e-01
108.589 1.255081162468076605e-01
108.597 1.254977682466262012e-01
108.605 1.254874215706074658e-01
108.614 1.254770762196045220e-01
108.622 1.254667321928239765e-01
108.63 1.254563894908442279e-01
108.639 1.254460481125975191e-01
108.647 1.254357080581136041e-01
108.655 1.254253693265997560e-01
108.664 1.254150319183600648e-01
108.672 1.254046958336982320e-01
108.68 1.253943610709994105e-01
108.688 1.253840276311158908e-01
108.697 1.253736955135293096e-01
108.705 1.253633647168997389e-01
108.713 1.253530352431746209e-01
108.722 1.253427070910142493e-01
108.73 1.253323802596269243e-01
108.738 1.253220547493164305e-01
108.747 1.253117305587440056e-01
108.755 1.253014076879400973e-01
108.763 1.252910861391240693e-01
108.772 1.252807659093154447e-01
108.78 1.252704469990917058e-01
108.788 1.252601294093035333e-01
108.797 1.252498131372457579e-01
108.805 1.252394981843162336e-01
108.813 1.252291845497246481e-01
108.821 1.252188722337747584e-01
108.83 1.252085612354033040e-01
108.838 1.251982515562801435e-01
108.846 1.251879431931561537e-01
108.855 1.251776361482478117e-01
108.863 1.251673304207654436e-01
108.871 1.251570260096467324e-01
108.88 1.251467229146489835e-01
108.888 1.251364211355298073e-01
108.896 1.251261206723197628e-01
108.905 1.251158215264136231e-01
108.913 1.251055236948393767e-01
108.921 1.250952271787193759e-01
108.929 1.250849319780839297e-01
108.938 1.250746380913264899e-01
108.946 1.250643455198416354e-01
108.954 1.250540542625686591e-01
108.963 1.250437643195381476e-01
108.971 1.250334756902351518e-01
108.979 1.250231883725097248e-01
108.988 1.250129023696635033e-01
108.996 1.250026176795465960e-01
109.004 1.249923343021894645e-01
109.013 1.249820522376227511e-01
109.021 1.249717714845152289e-01
109.029 1.249614920434425486e-01
109.038 1.249512139152519213e-01
109.046 1.249409370975235051e-01
109.054 1.249306615905607237e-01
109.062 1.249203873952108579e-01
109.071 1.249101145104159205e-01
109.079 1.248998429364787527e-01
109.087 1.248895726726138161e-01
109.096 1.248793037183081878e-01
109.104 1.248690360730488197e-01
109.112 1.248587697387700951e-01
109.121 1.248485047130555026e-01
109.129 1.248382409945771876e-01
109.137 1.248279785863561225e-01
109.146 1.248177174870639672e-01
109.154 1.248074576948294961e-01
109.162 1.247971992115858436e-01
109.17 1.247869420349188713e-01
109.179 1.247766861659464349e-01
109.187 1.247664316041562083e-01
109.195 1.247561783501223293e-01
109.204 1.247459264017038022e-01
109.212 1.247356757594750287e-01
109.22 1.247254264240098415e-01
109.229 1.247151783947965664e-01
109.237 1.247049316710521494e-01
109.245 1.246946862525366850e-01
109.254 1.246844421381965717e-01
109.262 1.246741993291481249e-01
109.27 1.246639578256934083e-01
109.278 1.246537176262367402e-01
109.287 1.246434787308096093e-01
109.295 1.246332411394433098e-01
109.303 1.246230048513561894e-01
109.312 1.246127698679342227e-01
109.32 1.246025361864994407e-01
109.328 1.245923038065422234e-01
109.337 1.245820727313437792e-01
109.345 1.245718429576856690e-01
109.353 1.245616144866824315e-01
109.362 1.245513873170120689e-01
109.37 1.245411614492473590e-01
109.378 1.245309368834197072e-01
109.387 1.245207136171254531e-01
109.395 1.245104916536427658e-01
109.403 1.245002709905682209e-01
109.411 1.244900516265813467e-01
109.42 1.244798335641475739e-01
109.428 1.244696167997836889e-01
109.436 1.244594013362248230e-01
109.445 1.244491871729615645e-01
109.453 1.244389743065124898e-01
109.461 1.244287627401522989e-01
109.47 1.244185524733717740e-01
109.478 1.244083435037714180e-01
109.486 1.243981358338138721e-01
109.495 1.243879294611002079e-01
109.503 1.243777243848524922e-01
109.511 1.243675206072624162e-01
109.519 1.243573181267417921e-01
109.528 1.243471169419734512e-01
109.536 1.243369170537989704e-01
109.544 1.243267184638687517e-01
109.553 1.243165211703257111e-01
109.561 1.243063251705050914e-01
109.569 1.242961304674055911e-01
109.578 1.242859370602497626e-01
109.586 1.242757449477215753e-01
109.594 1.242655541301228850e-01
109.603 1.242553646072159651e-01
109.611 1.242451763784939989e-01
109.619 1.242349894450665709e-01
109.628 1.242248038042718522e-01
109.636 1.242146194577581353e-01
109.644 1.242044364050187560e-01
109.652 1.241942546452778767e-01
109.661 1.241840741777602009e-01
109.669 1.241738950035746608e-01
109.677 1.241637171219457936e-01
109.686 1.241535405323675456e-01
109.694 1.241433652351412037e-01
109.702 1.241331912289538181e-01
109.711 1.241230185143757658e-01
109.719 1.241128470917080284e-01
109.727 1.241026769599072876e-01
109.736 1.240925081181991074e-01
109.744 1.240823405671538093e-01
109.752 1.240721743070721667e-01
109.76 1.240620093366427978e-01
109.769 1.240518456553607873e-01
109.777 1.240416832635273525e-01
109.785 1.240315221622491637e-01
109.794 1.240213623491412398e-01
109.802 1.240112038250418131e-01
109.81 1.240010465891777658e-01
109.819 1.239908906410448902e-01
109.827 1.239807359828228178e-01
109.835 1.239705826115915094e-01
109.844 1.239604305268472290e-01
109.852 1.239502797296958836e-01
109.86 1.239401302204381772e-01
109.868 1.239299819980335254e-01
109.877 1.239198350617100181e-01
109.885 1.239096894128408899e-01
109.893 1.238995450485098487e-01
109.902 1.238894019700899907e-01
109.91 1.238792601778820057e-01
109.918 1.238691196711144138e-01
109.927 1.238589804500877106e-01
109.935 1.238488425129593840e-01
109.943 1.238387058600303320e-01
109.952 1.238285704929400766e-01
109.96 1.238184364090433587e-01
109.968 1.238083036089087652e-01
109.977 1.237981720936396357e-01
109.985 1.237880418608598432e-01
109.993 1.237779129103349224e-01
110.001 1.237677852445058790e-01
110.01 1.237576588607298550e-01
110.018 1.237475337585051682e-01
110.026 1.237374099397367117e-01
110.035 1.237272874017833757e-01
110.043 1.237171661465496925e-01
110.051 1.237070461729990467e-01
110.06 1.236969274792935336e-01
110.068 1.236868100681387389e-01
110.076 1.236766939368953294e-01
110.085 1.236665790863980124e-01
110.093 1.236564655164125309e-01
110.101 1.236463532256367182e-01
110.109 1.236362422159728164e-01
110.118 1.236261324842498760e-01
110.126 1.236160240321030473e-01
110.134 1.236059168608997644e-01
110.143 1.235958109664029025e-01
110.151 1.235857063515812398e-01
110.159 1.235756030151335394e-01
110.168 1.235655009557594941e-01
110.176 1.235554001756260512e-01
110.184 1.235453006720994285e-01
110.193 1.235352024460130010e-01
110.201 1.235251054968668910e-01
110.209 1.235150098244278821e-01
110.218 1.235049154311275571e-01
110.226 1.234948223119357869e-01
110.234 1.234847304690180197e-01
110.242 1.234746399016085211e-01
110.251 1.234645506105397222e-01
110.259 1.234544625963770043e-01
110.267 1.234443758556922621e-01
110.276 1.234342903901166910e-01
110.284 1.234242061996836115e-01
110.292 1.234141232841600572e-01
110.301 1.234040416425149916e-01
110.309 1.233939612742499942e-01
110.317 1.233838821791328061e-01
110.326 1.233738043590586753e-01
110.334 1.233637278129968567e-01
110.342 1.233536525377900567e-01
110.35 1.233435785361311071e-01
110.359 1.233335058083188662e-01
110.367 1.233234343522603693e-01
110.375 1.233133641677237741e-01
110.384 1.233032952547428868e-01
110.392 1.232932276138825334e-01
110.4 1.232831612446450703e-01
110.409 1.232730961470639569e-01
110.417 1.232630323195795935e-01
110.425 1.232529697616949471e-01
110.434 1.232429084766293592e-01
110.442 1.232328484604346130e-01
110.45 1.232227897147371298e-01
110.458 1.232127322374477751e-01
110.467 1.232026760304578833e-01
110.475 1.231926210940659794e-01
110.483 1.231825674248577668e-01
110.492 1.231725150249890349e-01
110.5 1.231624638936980043e-01
110.508 1.231524140304882803e-01
110.517 1.231423654351288394e-01
110.525 1.231323181087134316e-01
110.533 1.231222720502156698e-01
110.542 1.231122272564904169e-01
110.55 1.231021837304862587e-01
110.558 1.230921414738256753e-01
110.567 1.230821004823049875e-01
110.575 1.230720607562234836e-01
110.583 1.230620222972038241e-01
110.591 1.230519851039560963e-01
110.6 1.230419491773084295e-01
110.608 1.230319145149129795e-01
110.616 1.230218811186561956e-01
110.625 1.230118489875135362e-01
110.633 1.230018181199323130e-01
110.641 1.229917885164758529e-01
110.65 1.229817601798224025e-01
110.658 1.229717331049821338e-01
110.666 1.229617072938404138e-01
110.675 1.229516827469599588e-01
110.683 1.229416594646387945e-01
110.691 1.229316374440043158e-01
110.699 1.229216166853555753e-01
110.708 1.229115971911041577e-01
110.716 1.229015789586427182e-01
110.724 1.228915619885337235e-01
110.733 1.228815462800194325e-01
110.741 1.228715318326062400e-01
110.749 1.228615186479122684e-01
110.758 1.228515067235962099e-01
110.766 1.228414960610119538e-01
110.774 1.228314866583469361e-01
110.783 1.228214785156358096e-01
110.791 1.228114716344954060e-01
110.799 1.228014660131138830e-01
110.808 1.227914616507346651e-01
110.816 1.227814585487106425e-01
110.824 1.227714567057579392e-01
110.832 1.227614561221745809e-01
110.841 1.227514567972045056e-01
110.849 1.227414587311457667e-01
110.857 1.227314619237691862e-01
110.866 1.227214663740556627e-01
110.874 1.227114720815133397e-01
110.882 1.227014790474934697e-01
110.891 1.226914872709771592e-01
110.899 1.226814967514724963e-01
110.907 1.226715074898037383e-01
110.916 1.226615194833737543e-01
110.924 1.226515327345855666e-01
110.932 1.226415472418949520e-01
110.94 1.226315630048106925e-01
110.949 1.226215800246824444e-01
110.957 1.226115982997037501e-01
110.965 1.226016178291208097e-01
110.974 1.225916386137574088e-01
110.982 1.225816606541736964e-01
110.99 1.225716839498784544e-01
110.999 1.225617084985415051e-01
111.007 1.225517343017744620e-01
111.015 1.225417613590865373e-01
111.024 1.225317896713003091e-01
111.032 1.225218192347739543e-01
111.04 1.225118500529562698e-01
111.048 1.225018821243064326e-01
111.057 1.224919154478093242e-01
111.065 1.224819500245497572e-01
111.073 1.224719858527256733e-01
111.082 1.224620229342087280e-01
111.09 1.224520612666725322e-01
111.098 1.224421008506768049e-01
111.107 1.224321416865188639e-01
111.115 1.224221837739712521e-01
111.123 1.224122271122822098e-01
111.132 1.224022716996519961e-01
111.14 1.223923175389990958e-01
111.148 1.223823646287857253e-01
111.157 1.223724129685226647e-01
111.165 1.223624625577211245e-01
111.173 1.223525133961544525e-01
111.181 1.223425654849052691e-01
111.19 1.223326188219134442e-01
111.198 1.223226734087852902e-01
111.206 1.223127292434613850e-01
111.215 1.223027863262389908e-01
111.223 1.222928446571532185e-01
111.231 1.222829042365009139e-01
111.24 1.222729650645786176e-01
111.248 1.222630271385439643e-01
111.256 1.222530904605248492e-01
111.265 1.222431550302947312e-01
111.273 1.222332208463197400e-01
111.281 1.222232879075899337e-01
111.289 1.222133562167544985e-01
111.298 1.222034257720188144e-01
111.306 1.221934965726343553e-01
111.314 1.221835686183753711e-01
111.323 1.221736419100609011e-01
111.331 1.221637164474649040e-01
111.339 1.221537922287945915e-01
111.348 1.221438692553912242e-01
111.356 1.221339475280729531e-01
111.364 1.221240270429592295e-01
111.373 1.221141078016523551e-01
111.381 1.221041898057533687e-01
111.389 1.220942730526879266e-01
111.398 1.220843575427526528e-01
111.406 1.220744432770263788e-01
111.414 1.220645302534578841e-01
111.422 1.220546184718221405e-01
111.431 1.220447079339798124e-01
111.439 1.220347986381412342e-01
111.447 1.220248905830389752e-01
111.456 1.220149837702723949e-01
111.464 1.220050782001373818e-01
111.472 1.219951738705850330e-01
111.481 1.219852707813907089e-01
111.489 1.219753689344132003e-01
111.497 1.219654683278647844e-01
111.506 1.219555689612605576e-01
111.514 1.219456708348965329e-01
111.522 1.219357739485480707e-01
111.53 1.219258783009495306e-01
111.539 1.219159838936982321e-01
111.547 1.219060907263091464e-01
111.555 1.218961987975170636e-01
111.564 1.218863081068376486e-01
111.572 1.218764186556072215e-01
111.58 1.218665304430810864e-01
111.589 1.218566434679949212e-01
111.597 1.218467577303848082e-01
111.605 1.218368732313263036e-01
111.614 1.218269899698153774e-01
111.622 1.218171079440690530e-01
111.63 1.218072271562019027e-01
111.638 1.217973476067688854e-01
111.647 1.217874692919097140e-01
111.655 1.217775922139979067e-01
111.663 1.217677163715113614e-01
111.672 1.217578417655245798e-01
111.68 1.217479683950350305e-01
111.688 1.217380962600785876e-01
111.697 1.217282253606911530e-01
111.705 1.217183556958706808e-01
111.713 1.217084872656535033e-01
111.722 1.216986200690380465e-01
111.73 1.216887541083944840e-01
111.738 1.216788893816838357e-01
111.747 1.216690258863500490e-01
111.755 1.216591636278730182e-01
111.763 1.216493026016226414e-01
111.771 1.216394428076354034e-01
111.78 1.216295842472432109e-01
111.788 1.216197269204817577e-01
111.796 1.216098708255737293e-01
111.805 1.216000159612606601e-01
111.813 1.215901623312043156e-01
111.821 1.215803099323331943e-01
111.83 1.215704587649425600e-01
111.838 1.215606088288097159e-01
111.846 1.215507601239709384e-01
111.855 1.215409126494273323e-01
111.863 1.215310664065088475e-01
111.871 1.215212213942165331e-01
111.879 1.215113776112936028e-01
111.888 1.215015350582936970e-01
111.896 1.214916937362872373e-01
111.904 1.214818536432418772e-01
111.913 1.214720147781604837e-01
111.921 1.214621771444392428e-01
111.929 1.214523407384961173e-01
111.938 1.214425055611428605e-01
111.946 1.214326716124159433e-01
111.954 1.214228388920932239e-01
111.963 1.214130073991780551e-01
111.971 1.214031771352561406e-01
111.979 1.213933480988145103e-01
111.988 1.213835202878245367e-01
111.996 1.213736937051622666e-01
112.004 1.213638683498313858e-01
112.012 1.213540442208362324e-01
112.021 1.213442213179552059e-01
112.029 1.213343996414829457e-01
112.037 1.213245791911978372e-01
112.046 1.213147599655892972e-01
112.054 1.213049419675300000e-01
112.062 1.212951251937046532e-01
112.071 1.212853096441501022e-01
112.079 1.212754953201918839e-01
112.087 1.212656822223813213e-01
112.096 1.212558703474053562e-01
112.104 1.212460596965890675e-01
112.112 1.212362502702267059e-01
112.12 1.212264420675820270e-01
112.129 1.212166350892065342e-01
112.137 1.212068293317900003e-01
112.145 1.211970247997457284e-01
112.154 1.211872214902783990e-01
112.162 1.211774194029102136e-01
112.17 1.211676185387070559e-01
112.179 1.211578188956475566e-01
112.187 1.211480204758263041e-01
112.195 1.211382232764507266e-01
112.204 1.211284272996149547e-01
112.212 1.211186325438129985e-01
112.22 1.211088390088244787e-01
112.228 1.210990466952003020e-01
112.237 1.210892556024630307e-01
112.245 1.210794657301356297e-01
112.253 1.210696770767133307e-01
112.262 1.210598896453158185e-01
112.27 1.210501034326404018e-01
112.278 1.210403184394947679e-01
112.287 1.210305346664290321e-01
112.295 1.210207521101427652e-01
112.303 1.210109707745236629e-01
112.312 1.210011906590946207e-01
112.32 1.209914117605562084e-01
112.328 1.209816340789459516e-01
112.337 1.209718576178924893e-01
112.345 1.209620823735845785e-01
112.353 1.209523083460594950e-01
112.361 1.209425355371493427e-01
112.37 1.209327639445832159e-01
112.378 1.209229935689112301e-01
112.386 1.209132244109390464e-01
112.395 1.209034564694220076e-01
112.403 1.208936897423474599e-01
112.411 1.208839242333396430e-01
112.42 1.208741599385926152e-01
112.428 1.208643968599367874e-01
112.436 1.208546349984331442e-01
112.445 1.208448743497657629e-01
112.453 1.208351149173003958e-01
112.461 1.208253566987701061e-01
112.469 1.208155996947240240e-01
112.478 1.208058439059670752e-01
112.486 1.207960893304891453e-01
112.494 1.207863359693508720e-01
112.503 1.207765838218219229e-01
112.511 1.207668328874280800e-01
112.519 1.207570831669735889e-01
112.528 1.207473346581945661e-01
112.536 1.207375873624067092e-01
112.544 1.207278412801583989e-01
112.553 1.207180964091864872e-01
112.561 1.207083527510616344e-01
112.569 1.206986103047990172e-01
112.578 1.206888690704357170e-01
112.586 1.206791290474982931e-01
112.594 1.206693902357685866e-01
112.602 1.206596526340074638e-01
112.611 1.206499162427630556e-01
112.619 1.206401810646251932e-01
112.627 1.206304470963125708e-01
112.636 1.206207143360766981e-01
112.644 1.206109827867619805e-01
112.652 1.206012524471301167e-01
112.661 1.205915233172183132e-01
112.669 1.205817953970639844e-01
112.677 1.205720686859392543e-01
112.686 1.205623431828619363e-01
112.694 1.205526188881246297e-01
112.702 1.205428958025294428e-01
112.71 1.205331739256038509e-01
112.719 1.205234532563659589e-01
112.727 1.205137337948533893e-01
112.735 1.205040155398301449e-01
112.744 1.204942984933713018e-01
112.752 1.204845826532223857e-01
112.76 1.204748680201848388e-01
112.769 1.204651545950598673e-01
112.777 1.204554423750846537e-01
112.785 1.204457313613152836e-01
112.794 1.204360215542982226e-01
112.802 1.204263129522898795e-01
112.81 1.204166055565999288e-01
112.818 1.204068993665027287e-01
112.827 1.203971943805100253e-01
112.835 1.203874905999312017e-01
112.843 1.203777880250577054e-01
112.852 1.203680866538934802e-01
112.86 1.203583864869847142e-01
112.868 1.203486875236068343e-01
112.877 1.203389897660842173e-01
112.885 1.203292932096272499e-01
112.893 1.203195978575765657e-01
112.902 1.203099037097155322e-01
112.91 1.203002107645578383e-01
112.918 1.202905190221413984e-01
112.927 1.202808284817424578e-01
112.935 1.202711391433989446e-01
112.943 1.202614510074025284e-01
112.951 1.202517640735372012e-01
112.96 1.202420783431090018e-01
112.968 1.202323938123502495e-01
112.976 1.202227104823139908e-01
112.985 1.202130283543060840e-01
112.993 1.202033474283640407e-01
113.001 1.201936677014830701e-01
113.01 1.201839891744620609e-01
113.018 1.201743118496200052e-01
113.026 1.201646357239532364e-01
113.035 1.201549607972466210e-01
113.043 1.201452870713115434e-01
113.051 1.201356145441591916e-01
113.059 1.201259432163342411e-01
113.068 1.201162730868617079e-01
113.076 1.201066041567922932e-01
113.084 1.200969364251513044e-01
113.093 1.200872698922297171e-01
113.101 1.200776045565469935e-01
113.109 1.200679404189004817e-01
113.118 1.200582774790751456e-01
113.126 1.200486157373618079e-01
113.134 1.200389551922808606e-01
113.143 1.200292958431117551e-01
113.151 1.200196376929271586e-01
113.159 1.200099807382249001e-01
113.167 1.200003249800546262e-01
113.176 1.199906704176960798e-01
113.184 1.199810170504294754e-01
113.192 1.199713648800617843e-01
113.201 1.199617139056201875e-01
113.209 1.199520641263847887e-01
113.217 1.199424155423937932e-01
113.226 1.199327681521702993e-01
113.234 1.199231219570152107e-01
113.242 1.199134769569664555e-01
113.251 1.199038331513047201e-01
113.259 1.198941905390588092e-01
113.267 1.198845491200148244e-01
113.276 1.198749088949679215e-01
113.284 1.198652698639562780e-01
113.292 1.198556320272699816e-01
113.3 1.198459953816685825e-01
113.309 1.198363599287038395e-01
113.317 1.198267256689183463e-01
113.325 1.198170926015938720e-01
113.334 1.198074607267685943e-01
113.342 1.197978300424647757e-01
113.35 1.197882005517446613e-01
113.359 1.197785722511189727e-01
113.367 1.197689451423898377e-01
113.375 1.197593192250914068e-01
113.384 1.197496944974994343e-01
113.392 1.197400709619185766e-01
113.4 1.197304486146107821e-01
113.408 1.197208274591387844e-01
113.417 1.197112074952887267e-01
113.425 1.197015887185692573e-01
113.433 1.196919711320388463e-01
113.442 1.196823547359870815e-01
113.45 1.196727395274338884e-01
113.458 1.196631255089331547e-01
113.467 1.196535126800199050e-01
113.475 1.196439010389724472e-01
113.483 1.196342905853268190e-01
113.492 1.196246813196245873e-01
113.5 1.196150732431606883e-01
113.508 1.196054663542142626e-01
113.517 1.195958606530750229e-01
113.525 1.195862561380232753e-01
113.533 1.195766528106048526e-01
113.541 1.195670506701046049e-01
113.55 1.195574497163100353e-01
113.558 1.195478499492596547e-01
113.566 1.195382513672351155e-01
113.575 1.195286539725338298e-01
113.583 1.195190577639392432e-01
113.591 1.195094627394829578e-01
113.6 1.194998689009600518e-01
113.608 1.194902762481580005e-01
113.616 1.194806847793598026e-01
113.625 1.194710944968610938e-01
113.633 1.194615053984437458e-01
113.641 1.194519174836450870e-01
113.649 1.194423307527547606e-01
113.658 1.194327452065633288e-01
113.666 1.194231608438563741e-01
113.674 1.194135776636706392e-01
113.683 1.194039956688003612e-01
113.691 1.193944148567791380e-01
113.699 1.193848352258929935e-01
113.708 1.193752567786849350e-01
113.716 1.193656795141919413e-01
113.724 1.193561034317018460e-01
113.733 1.193465285317540370e-01
113.741 1.193369548131359287e-01
113.749 1.193273822756363151e-01
113.757 1.193178109202947951e-01
113.766 1.193082407463996186e-01
113.774 1.192986717522388496e-01
113.782 1.192891039403521924e-01
113.791 1.192795373087779526e-01
113.799 1.192699718575550433e-01
113.807 1.192604075854726969e-01
113.816 1.192508444938195217e-01
113.824 1.192412825831341006e-01
113.832 1.192317218509565402e-01
113.841 1.192221622973261425e-01
113.849 1.192126039237805663e-01
113.857 1.192030467306080671e-01
113.866 1.191934907143515909e-01
113.874 1.191839358772974755e-01
113.882 1.191743822172379452e-01
113.89 1.191648297367081943e-01
113.899 1.191552784339999088e-01
113.907 1.191457283081540364e-01
113.915 1.191361793602076918e-01
113.924 1.191266315894515398e-01
113.932 1.191170849966727147e-01
113.94 1.191075395799149894e-01
113.949 1.190979953394670499e-01
113.957 1.190884522753681701e-01
113.965 1.190789103884051098e-01
113.974 1.190693696778687832e-01
113.982 1.190598301418049065e-01
113.99 1.190502917819969558e-01
113.998 1.190407545984837473e-01
114.007 1.190312185888133811e-01
114.015 1.190216837540216260e-01
114.023 1.190121500951436401e-01
114.032 1.190026176097285088e-01
114.04 1.189930863000560196e-01
114.048 1.189835561641737205e-01
114.057 1.189740272008767696e-01
114.065 1.189644994129417377e-01
114.073 1.189549727976706023e-01
114.082 1.189454473553516745e-01
114.09 1.189359230872677337e-01
114.098 1.189263999922143544e-01
114.107 1.189168780694846300e-01
114.115 1.189073573196152006e-01
114.123 1.188978377414024040e-01
114.131 1.188883193346373240e-01
114.14 1.188788021008501672e-01
114.148 1.188692860390859890e-01
114.156 1.188597711488871972e-01
114.165 1.188502574300445841e-01
114.173 1.188407448813557782e-01
114.181 1.188312335033569894e-01
114.19 1.188217232958394126e-01
114.198 1.188122142605799736e-01
114.206 1.188027063956316326e-01
114.215 1.187931996983041388e-01
114.223 1.187836941721114176e-01
114.231 1.187741898168442334e-01
114.239 1.187646866295647696e-01
114.248 1.187551846122971155e-01
114.256 1.187456837630965906e-01
114.264 1.187361840837385385e-01
114.273 1.187266855727744236e-01
114.281 1.187171882290044833e-01
114.289 1.187076920559382021e-01
114.298 1.186981970491537558e-01
114.306 1.186887032109210094e-01
114.314 1.186792105395451241e-01
114.323 1.186697190353135228e-01
114.331 1.186602286992563537e-01
114.339 1.186507395294317951e-01
114.347 1.186412515276125540e-01
114.356 1.186317646918573637e-01
114.364 1.186222790227010049e-01
114.372 1.186127945182030713e-01
114.381 1.186033111803831974e-01
114.389 1.185938290092805047e-01
114.397 1.185843480036974651e-01
114.406 1.185748681629315709e-01
114.414 1.185653894872698844e-01
114.422 1.185559119772464365e-01
114.431 1.185464356309229722e-01
114.439 1.185369604500696034e-01
114.447 1.185274864334898148e-01
114.456 1.185180135804818763e-01
114.464 1.185085418923211009e-01
114.472 1.184990713670703300e-01
114.48 1.184896020057575328e-01
114.489 1.184801338074343569e-01
114.497 1.184706667721406453e-01
114.505 1.184612009006565658e-01
114.514 1.184517361912935385e-01
114.522 1.184422726448318697e-01
114.53 1.184328102608176031e-01
114.539 1.184233490385500076e-01
114.547 1.184138889783156734e-01
114.555 1.184044300794142440e-01
114.564 1.183949723426255263e-01
114.572 1.183855157660160806e-01
114.58 1.183760603520918053e-01
114.588 1.183666060981798801e-01
114.597 1.183571530053065396e-01
114.605 1.183477010732647688e-01
114.613 1.183382503006156772e-01
114.622 1.183288006888777721e-01
114.63 1.183193522375978052e-01
114.638 1.183099049441057871e-01
114.647 1.183004588111514210e-01
114.655 1.182910138380352527e-01
114.663 1.182815700235659712e-01
114.672 1.182721273682758173e-01
114.68 1.182626858709737994e-01
114.688 1.182532455326844867e-01
114.697 1.182438063529553524e-01
114.705 1.182343683303500176e-01
114.713 1.182249314668765566e-01
114.721 1.182154957606067341e-01
114.73 1.182060612103510711e-01
114.738 1.181966278195923786e-01
114.746 1.181871955854194717e-01
114.755 1.181777645073807254e-01
114.763 1.181683345867454021e-01
114.771 1.181589058223243005e-01
114.78 1.181494782136660870e-01
114.788 1.181400517613021839e-01
114.796 1.181306264657638327e-01
114.805 1.181212023251257265e-01
114.813 1.181117793406559341e-01
114.821 1.181023575109209495e-01
114.829 1.180929368349791231e-01
114.838 1.180835173155709156e-01
114.846 1.180740989517539419e-01
114.854 1.180646817398869758e-01
114.863 1.180552656834461256e-01
114.871 1.180458507827161774e-01
114.879 1.180364370340572372e-01
114.888 1.180270244392268436e-01
114.896 1.180176129972841520e-01
114.904 1.180082027102308528e-01
114.913 1.179987935749194500e-01
114.921 1.179893855933514812e-01
114.929 1.179799787648314752e-01
114.937 1.179705730871940667e-01
114.946 1.179611685636648838e-01
114.954 1.179517651908538328e-01
114.962 1.179423629697814585e-01
114.971 1.179329619007326302e-01
114.979 1.179235619842371602e-01
114.987 1.179141632186208877e-01
114.996 1.179047656041690567e-01
115.004 1.178953691399426684e-01
115.012 1.178859738262269530e-01
115.021 1.178765796640407898e-01
115.029 1.178671866509776178e-01
115.037 1.178577947890348532e-01
115.046 1.178484040760511414e-01
115.054 1.178390145132897637e-01
115.062 1.178296261012797413e-01
115.07 1.178202388359047975e-01
115.079 1.178108527208727857e-01
115.087 1.178014677552457617e-01
115.095 1.177920839380864615e-01
115.104 1.177827012701680581e-01
115.112 1.177733197493319728e-01
115.12 1.177639393770844312e-01
115.129 1.177545601522445445e-01
115.137 1.177451820755852502e-01
115.145 1.177358051464142824e-01
115.154 1.177264293647718590e-01
115.162 1.177170547299660613e-01
115.17 1.177076812427694102e-01
115.178 1.176983089017578643e-01
115.187 1.176889377064840869e-01
115.195 1.176795676579644317e-01
115.203 1.176701987569708507e-01
115.212 1.176608310008605551e-01
115.22 1.176514643896744011e-01
115.228 1.176420989256471705e-01
115.237 1.176327346066247531e-01
115.245 1.176233714314290496e-01
115.253 1.176140094020506205e-01
115.262 1.176046485175547412e-01
115.27 1.175952887774946026e-01
115.278 1.175859301819106861e-01
115.287 1.175765727305998487e-01
115.295 1.175672164231153088e-01
115.303 1.175578612587672572e-01
115.311 1.175485072385701879e-01
115.32 1.175391543625642909e-01
115.328 1.175298026281125507e-01
115.336 1.175204520374461964e-01
115.345 1.175111025896321687e-01
115.353 1.175017542844676438e-01
115.361 1.174924071215066451e-01
115.37 1.174830611012761122e-01
115.378 1.174737162223574161e-01
115.386 1.174643724850344823e-01
115.395 1.174550298903202505e-01
115.403 1.174456884358242997e-01
115.411 1.174363481230458472e-01
115.419 1.174270089515392357e-01
115.428 1.174176709211018910e-01
115.436 1.174083340310456136e-01
115.444 1.173989982806823845e-01
115.453 1.173896636707817270e-01
115.461 1.173803302023552902e-01
115.469 1.173709978727725395e-01
115.478 1.173616666818318027e-01
115.486 1.173523366322438838e-01
115.494 1.173430077201658150e-01
115.503 1.173336799483079979e-01
115.511 1.173243533159828017e-01
115.519 1.173150278203197588e-01
115.527 1.173057034637856183e-01
115.536 1.172963802459359300e-01
115.544 1.172870581663261330e-01
115.552 1.172777372242696792e-01
115.561 1.172684174195648410e-01
115.569 1.172590987529796430e-01
115.577 1.172497812238275511e-01
115.586 1.172404648316646703e-01
115.594 1.172311495758048133e-01
115.602 1.172218354565314341e-01
115.611 1.172125224750961009e-01
115.619 1.172032106296018866e-01
115.627 1.171938999200895365e-01
115.636 1.171845903451475823e-01
115.644 1.171752819074797641e-01
115.652 1.171659746056741974e-01
115.66 1.171566684371096873e-01
115.669 1.171473634054571583e-01
115.677 1.171380595093051563e-01
115.685 1.171287567465174595e-01
115.694 1.171194551190701122e-01
115.702 1.171101546250691988e-01
115.71 1.171008552664900976e-01
115.719 1.170915570419227558e-01
115.727 1.170822599501994410e-01
115.735 1.170729639928114463e-01
115.744 1.170636691683495101e-01
115.752 1.170543754775795614e-01
115.76 1.170450829200590098e-01
115.768 1.170357914938965488e-01
115.777 1.170265012010655303e-01
115.785 1.170172120416067413e-01
115.793 1.170079240133876375e-01
115.802 1.169986371174152467e-01
115.81 1.169893513556612280e-01
115.818 1.169800667214085932e-01
115.827 1.169707832209733872e-01
115.835 1.169615008519830635e-01
115.843 1.169522196130312053e-01
115.852 1.169429395056064275e-01
115.86 1.169336605287845943e-01
115.868 1.169243826828480354e-01
115.877 1.169151059675963972e-01
115.885 1.169058303816243594e-01
115.893 1.168965559249730973e-01
115.901 1.168872825986478764e-01
115.91 1.168780104026894695e-01
115.918 1.168687393349704118e-01
115.926 1.168594693967364290e-01
115.935 1.168502005889918705e-01
115.943 1.168409329084058867e-01
115.951 1.168316663562240371e-01
115.96 1.168224009320059514e-01
115.968 1.168131366377184732e-01
115.976 1.168038734707546461e-01
115.985 1.167946114313965222e-01
115.993 1.167853505194445113e-01
116.001 1.167760907356616140e-01
116.009 1.167668320788859682e-01
116.018 1.167575745486778144e-01
116.026 1.167483181455592628e-01
116.034 1.167390628686097026e-01
116.043 1.167298087188320815e-01
116.051 1.167205556957864737e-01
116.059 1.167113037968702666e-01
116.068 1.167020530252492194e-01
116.076 1.166928033802430709e-01
116.084 1.166835548602111888e-01
116.093 1.166743074647145079e-01
116.101 1.166650611940346499e-01
116.109 1.166558160491735080e-01
116.117 1.166465720296916975e-01
116.126 1.166373291334696916e-01
116.134 1.166280873619893049e-01
116.142 1.166188467143317448e-01
116.151 1.166096071905384085e-01
116.159 1.166003687925696863e-01
116.167 1.165911315161483192e-01
116.176 1.165818953634750188e-01
116.184 1.165726603336316031e-01
116.192 1.165634264283379046e-01
116.201 1.165541936454768251e-01
116.209 1.165449619831723377e-01
116.217 1.165357314457805410e-01
116.226 1.165265020307057059e-01
116.234 1.165172737358326494e-01
116.242 1.165080465631201379e-01
116.25 1.164988205135673721e-01
116.259 1.164895955850595854e-01
116.267 1.164803717771593222e-01
116.275 1.164711490911053970e-01
116.284 1.164619275255025233e-01
116.292 1.164527070806315318e-01
116.3 1.164434877555764053e-01
116.309 1.164342695525325683e-01
116.317 1.164250524684303095e-01
116.325 1.164158365042683302e-01
116.334 1.164066216608055648e-01
116.342 1.163974079378439774e-01
116.35 1.163881953320768381e-01
116.358 1.163789838459373255e-01
116.367 1.163697734797056599e-01
116.375 1.163605642317498828e-01
116.383 1.163513561030675020e-01
116.392 1.163421490920270446e-01
116.4 1.163329431996258934e-01
116.408 1.163237384254276752e-01
116.417 1.163145347685183295e-01
116.425 1.163053322303724546e-01
116.433 1.162961308091207679e-01
116.442 1.162869305045663160e-01
116.45 1.162777313181831418e-01
116.458 1.162685332481027262e-01
116.467 1.162593362953214526e-01
116.475 1.162501404586876314e-01
116.483 1.162409457389586009e-01
116.491 1.162317521354599842e-01
116.5 1.162225596465637362e-01
116.508 1.162133682739813212e-01
116.516 1.162041780187077628e-01
116.525 1.161949888781614593e-01
116.533 1.161858008514306956e-01
116.541 1.161766139407027498e-01
116.55 1.161674281450655460e-01
116.558 1.161582434645604955e-01
116.566 1.161490598970848082e-01
116.575 1.161398774441100151e-01
116.583 1.161306961073447774e-01
116.591 1.161215158818288407e-01
116.599 1.161123367707003334e-01
116.608 1.161031587740005699e-01
116.616 1.160939818910567412e-01
116.624 1.160848061207201548e-01
116.633 1.160756314635087300e-01
116.641 1.160664579175605532e-01
116.649 1.160572854855347613e-01
116.658 1.160481141662830923e-01
116.666 1.160389439579444931e-01
116.674 1.160297748629390419e-01
116.683 1.160206068794058243e-01
116.691 1.160114400078620794e-01
116.699 1.160022742466854939e-01
116.707 1.159931095982948412e-01
116.716 1.159839460608302203e-01
116.724 1.159747836333829135e-01
116.732 1.159656223155199478e-01
116.741 1.159564621106088239e-01
116.749 1.159473030153654743e-01
116.757 1.159381450300692451e-01
116.766 1.159289881549993850e-01
116.774 1.159198323890106713e-01
116.782 1.159106777333318711e-01
116.791 1.159015241868177754e-01
116.799 1.158923717497475497e-01
116.807 1.158832204214511608e-01
116.816 1.158740702017332508e-01
116.824 1.158649210903985316e-01
116.832 1.158557730889116927e-01
116.84 1.158466261951800191e-01
116.849 1.158374804094826488e-01
116.857 1.158283357323353635e-01
116.865 1.158191921609355163e-01
116.874 1.158100496979327099e-01
116.882 1.158009083440791342e-01
116.89 1.157917680953883949e-01
116.899 1.157826289540349052e-01
116.907 1.157734909212448093e-01
116.915 1.157643539935069577e-01
116.924 1.157552181725212403e-01
116.932 1.157460834569088853e-01
116.94 1.157369498471855912e-01
116.948 1.157278173450501518e-01
116.957 1.157186859481770802e-01
116.965 1.157095556558987298e-01
116.973 1.157004264692035739e-01
116.982 1.156912983878970180e-01
116.99 1.156821714124936923e-01
116.998 1.156730455404339497e-01
117.007 1.156639207736517433e-01
117.015 1.156547971107704104e-01
117.023 1.156456745515955647e-01
117.032 1.156365530968783834e-01
117.04 1.156274327464243273e-01
117.048 1.156183135005115076e-01
117.057 1.156091953568189473e-01
117.065 1.156000783168064233e-01
117.073 1.155909623795710328e-01
117.081 1.155818475446826615e-01
117.09 1.155727338140722510e-01
117.098 1.155636211856565232e-01
117.106 1.155545096587694553e-01
117.115 1.155453992322733880e-01
117.123 1.155362899106945895e-01
117.131 1.155271816910065225e-01
117.14 1.155180745713639268e-01
117.148 1.155089685539324174e-01
117.156 1.154998636373385373e-01
117.165 1.154907598223319787e-01
117.173 1.154816571073040143e-01
117.181 1.154725554932402448e-01
117.189 1.154634549811252575e-01
117.198 1.154543555679367617e-01
117.206 1.154452572546600109e-01
117.214 1.154361600408659455e-01
117.223 1.154270639289525502e-01
117.231 1.154179689158989636e-01
117.239 1.154088750003345321e-01
117.248 1.153997821865408030e-01
117.256 1.153906904705561398e-01
117.264 1.153815998521878494e-01
117.273 1.153725103343029579e-01
117.281 1.153634219150602574e-01
117.289 1.153543345935604258e-01
117.297 1.153452483696105341e-01
117.306 1.153361632439587336e-01
117.314 1.153270792159414304e-01
117.322 1.153179962860710756e-01
117.331 1.153089144525084736e-01
117.339 1.152998337167068788e-01
117.347 1.152907540780030299e-01
117.356 1.152816755359689221e-01
117.364 1.152725980906467995e-01
117.372 1.152635217420788089e-01
117.381 1.152544464898372228e-01
117.389 1.152453723327895585e-01
117.397 1.152362992726225777e-01
117.406 1.152272273077341452e-01
117.414 1.152181564376971168e-01
117.422 1.152090866641973244e-01
117.43 1.152000179849291261e-01
117.439 1.151909504011087021e-01
117.447 1.151818839120740817e-01
117.455 1.151728185181021130e-01
117.464 1.151637542182964297e-01
117.472 1.151546910124648243e-01
117.48 1.151456289001806799e-01
117.489 1.151365678821899136e-01
117.497 1.151275079585346445e-01
117.505 1.151184491271468879e-01
117.514 1.151093913913512484e-01
117.522 1.151003347465014842e-01
117.53 1.150912791949843250e-01
117.538 1.150822247380133417e-01
117.547 1.150731713723503746e-01
117.555 1.150641190989751955e-01
117.563 1.150550679165248807e-01
117.572 1.150460178280866969e-01
117.58 1.150369688308923999e-01
117.588 1.150279209254527896e-01
117.597 1.150188741120442421e-01
117.605 1.150098283893046525e-01
117.613 1.150007837572767228e-01
117.622 1.149917402181087067e-01
117.63 1.149826977683330448e-01
117.638 1.149736564093960939e-01
117.647 1.149646161401708944e-01
117.655 1.149555769614015455e-01
117.663 1.149465388740655986e-01
117.671 1.149375018756332717e-01
117.68 1.149284659666149899e-01
117.688 1.149194311472869351e-01
117.696 1.149103974167566544e-01
117.705 1.149013647767023749e-01
117.713 1.148923332248298346e-01
117.721 1.148833027614153957e-01
117.73 1.148742733874357352e-01
117.738 1.148652451015318848e-01
117.746 1.148562179039800263e-01
117.755 1.148471917934217462e-01
117.763 1.148381667727010058e-01
117.771 1.148291428381252588e-01
117.779 1.148201199909044956e-01
117.788 1.148110982322477214e-01
117.796 1.148020775600974014e-01
117.804 1.147930579756625546e-01
117.813 1.147840394773527867e-01
117.821 1.147750220656772874e-01
117.829 1.147660057395128025e-01
117.838 1.147569904996015855e-01
117.846 1.147479763478507775e-01
117.854 1.147389632810393301e-01
117.863 1.147299512999092330e-01
117.871 1.147209404040370750e-01
117.879 1.147119305934654193e-01
117.887 1.147029218680039597e-01
117.896 1.146939142269966100e-01
117.904 1.146849076725819094e-01
117.912 1.146759022010763185e-01
117.921 1.146668978146184181e-01
117.929 1.146578945139487132e-01
117.937 1.146488922953855932e-01
117.946 1.146398911606012205e-01
117.954 1.146308911098709721e-01
117.962 1.146218921439352001e-01
117.971 1.146128942598122341e-01
117.979 1.146038974598708599e-01
117.987 1.145949017418281118e-01
117.996 1.145859071073544733e-01
118.004 1.145769135560274071e-01
118.012 1.145679210871918818e-01
118.02 1.145589296994962425e-01
118.029 1.145499393943777977e-01
118.037 1.145409501723436696e-01
118.045 1.145319620301837316e-01
118.054 1.145229749700319294e-01
118.062 1.145139889914661702e-01
118.07 1.145050040945292114e-01
118.079 1.144960202790311909e-01
118.087 1.144870375426933207e-01
118.095 1.144780558892726646e-01
118.104 1.144690753153299462e-01
118.112 1.144600958211401953e-01
118.12 1.144511174074424459e-01
118.128 1.144421400735833316e-01
118.137 1.144331638189098194e-01
118.145 1.144241886455519414e-01
118.153 1.144152145500736545e-01
118.162 1.144062415348367223e-01
118.17 1.143972695982608256e-01
118.178 1.143882987399252316e-01
118.187 1.143793289612634878e-01
118.195 1.143703602606959274e-01
118.203 1.143613926382655299e-01
118.212 1.143524260951732513e-01
118.22 1.143434606291453270e-01
118.228 1.143344962392985470e-01
118.236 1.143255329298443479e-01
118.245 1.143165706973514051e-01
118.253 1.143076095402424525e-01
118.261 1.142986494618013910e-01
118.27 1.142896904599876029e-01
118.278 1.142807325343811187e-01
118.286 1.142717756868759510e-01
118.295 1.142628199147383422e-01
118.303 1.142538652182427950e-01
118.311 1.142449115985886415e-01
118.32 1.142359590539686470e-01
118.328 1.142270075858130979e-01
118.336 1.142180571934710287e-01
118.345 1.142091078753672134e-01
118.353 1.142001596329316054e-01
118.361 1.141912124650514143e-01
118.369 1.141822663729249593e-01
118.378 1.141733213552085652e-01
118.386 1.141643774096356145e-01
118.394 1.141554345408686139e-01
118.403 1.141464927464094364e-01
118.411 1.141375520244539005e-01
118.419 1.141286123768921884e-01
118.428 1.141196738021512808e-01
118.436 1.141107363014282755e-01
118.444 1.141017998740735118e-01
118.453 1.140928645192070406e-01
118.461 1.140839302375640518e-01
118.469 1.140749970280341558e-01
118.477 1.140660648911214770e-01
118.486 1.140571338261773954e-01
118.494 1.140482038337059661e-01
118.502 1.140392749137500855e-01
118.511 1.140303470656608975e-01
118.519 1.140214202883291505e-01
118.527 1.140124945829501940e-01
118.536 1.140035699484149151e-01
118.544 1.139946463852270359e-01
118.552 1.139857238927385885e-01
118.561 1.139768024707622368e-01
118.569 1.139678821188806479e-01
118.577 1.139589628382879222e-01
118.586 1.139500446276457274e-01
118.594 1.139411274869970431e-01
118.602 1.139322114168452166e-01
118.61 1.139232964151620231e-01
118.619 1.139143824819910528e-01
118.627 1.139054696203660177e-01
118.635 1.138965578282591928e-01
118.644 1.138876471041034982e-01
118.652 1.138787374470228292e-01
118.66 1.138698288600494962e-01
118.669 1.138609213418468463e-01
118.677 1.138520148910786567e-01
118.685 1.138431095087074907e-01
118.694 1.138342051950061995e-01
118.702 1.138253019474903260e-01
118.71 1.138163997685005951e-01
118.718 1.138074986571609992e-01
118.727 1.137985986121366339e-01
118.735 1.137896996341599132e-01
118.743 1.137808017230441393e-01
118.752 1.137719048797506127e-01
118.76 1.137630091011088695e-01
118.768 1.137541143906049546e-01
118.777 1.137452207450688618e-01
118.785 1.137363281654619196e-01
118.793 1.137274366525154179e-01
118.802 1.137185462030611688e-01
118.81 1.137096568212709741e-01
118.818 1.137007685044354871e-01
118.826 1.136918812509932486e-01
118.835 1.136829950641972953e-01
118.843 1.136741099424856266e-01
118.851 1.136652258845262664e-01
118.86 1.136563428903628464e-01
118.868 1.136474609602677599e-01
118.876 1.136385800947423558e-01
118.885 1.136297002931424827e-01
118.893 1.136208215557403811e-01
118.901 1.136119438818920663e-01
118.91 1.136030672700380911e-01
118.918 1.135941917215956970e-01
118.926 1.135853172372946057e-01
118.935 1.135764438153468447e-01
118.943 1.135675714553381066e-01
118.951 1.135587001579982380e-01
118.959 1.135498299233703989e-01
118.968 1.135409607510402680e-01
118.976 1.135320926403648456e-01
118.984 1.135232255909301990e-01
118.993 1.135143596039229208e-01
119.001 1.135054946773286916e-01
119.009 1.134966308123338541e-01
119.018 1.134877680092099272e-01
119.026 1.134789062661721581e-01
119.034 1.134700455837209382e-01
119.043 1.134611859621279528e-01
119.051 1.134523274016648042e-01
119.059 1.134434699000908542e-01
119.067 1.134346134583632398e-01
119.076 1.134257580776667773e-01
119.084 1.134169037555333298e-01
119.092 1.134080504945172985e-01
119.101 1.133991982912382485e-01
119.109 1.133903471477936548e-01
119.117 1.133814970633139352e-01
119.126 1.133726480369301182e-01
119.134 1.133638000698261594e-01
119.142 1.133549531606767857e-01
119.151 1.133461073102095262e-01
119.159 1.133372625186956917e-01
119.167 1.133284187836707535e-01
119.176 1.133195761067740809e-01
119.184 1.133107344878209605e-01
119.192 1.133018939257153662e-01
119.2 1.132930544211843832e-01
119.209 1.132842159742711990e-01
119.217 1.132753785831968341e-01
119.225 1.132665422493715768e-01
119.234 1.132577069730662522e-01
119.242 1.132488727511365284e-01
119.25 1.132400395865857945e-01
119.259 1.132312074778638183e-01
119.267 1.132223764252416748e-01
119.275 1.132135464283075127e-01
119.284 1.132047174864222461e-01
119.292 1.131958895998570191e-01
119.3 1.131870627688826569e-01
119.308 1.131782369926327414e-01
119.317 1.131694122716055406e-01
119.325 1.131605886037983094e-01
119.333 1.131517659915281526e-01
119.342 1.131429444343835106e-01
119.35 1.131341239308166768e-01
119.358 1.131253044808714359e-01
119.367 1.131164860855000814e-01
119.375 1.131076687427013394e-01
119.383 1.130988524529733669e-01
119.392 1.130900372165868223e-01
119.4 1.130812230344934860e-01
119.408 1.130724099060551879e-01
119.416 1.130635978281371301e-01
119.425 1.130547868032804049e-01
119.433 1.130459768313013674e-01
119.441 1.130371679113356259e-01
119.45 1.130283600431999519e-01
119.458 1.130195532287526783e-01
119.466 1.130107474639540921e-01
119.475 1.130019427504358742e-01
119.483 1.129931390902823851e-01
119.491 1.129843364801356442e-01
119.5 1.129755349207197529e-01
119.508 1.129667344125316469e-01
119.516 1.129579349556146667e-01
119.525 1.129491365477463261e-01
119.533 1.129403391910097365e-01
119.541 1.129315428856746545e-01
119.549 1.129227476292926774e-01
119.558 1.129139534223607133e-01
119.566 1.129051602656018644e-01
119.574 1.128963681579274458e-01
119.583 1.128875770998338662e-01
119.591 1.128787870911383273e-01
119.599 1.128699981307528522e-01
119.608 1.128612102191737243e-01
119.616 1.128524233564445756e-01
119.624 1.128436375428351346e-01
119.633 1.128348527772578963e-01
119.641 1.128260690588518966e-01
119.649 1.128172863890178762e-01
119.657 1.128085047675730368e-01
119.666 1.127997241934305950e-01
119.674 1.127909446664082244e-01
119.682 1.127821661865496816e-01
119.691 1.127733887534466684e-01
119.699 1.127646123682727458e-01
119.707 1.127558370281343675e-01
119.716 1.127470627366897737e-01
119.724 1.127382894912716954e-01
119.732 1.127295172919240140e-01
119.741 1.127207461380131115e-01
119.749 1.127119760286799804e-01
119.757 1.127032069660001273e-01
119.766 1.126944389518223927e-01
119.774 1.126856719809993107e-01
119.782 1.126769060547034434e-01
119.79 1.126681411736555616e-01
119.799 1.126593773367716017e-01
119.807 1.126506145461250719e-01
119.815 1.126418528004061864e-01
119.824 1.126330920974038668e-01
119.832 1.126243324394168854e-01
119.84 1.126155738251361366e-01
119.849 1.126068162548308910e-01
119.857 1.125980597289953922e-01
119.865 1.125893042463214228e-01
119.874 1.125805498061768495e-01
119.882 1.125717964092815826e-01
119.89 1.125630440556792816e-01
119.898 1.125542927454136755e-01
119.907 1.125455424774024216e-01
119.915 1.125367932521397496e-01
119.923 1.125280450692191514e-01
119.932 1.125192979277842009e-01
119.94 1.125105518285539757e-01
119.948 1.125018067717971637e-01
119.957 1.124930627564324076e-01
119.965 1.124843197825037278e-01
119.973 1.124755778505046044e-01
119.982 1.124668369582299959e-01
119.99 1.124580971079725128e-01
119.998 1.124493582977524470e-01
120.006 1.124406205287376836e-01
120.015 1.124318838000728654e-01
120.023 1.124231481122511811e-01
120.031 1.124144134639682852e-01
120.04 1.124056798563914106e-01
120.048 1.123969472873178888e-01
120.056 1.123882157574658536e-01
120.065 1.123794852684512485e-01
120.073 1.123707558189700612e-01
120.081 1.123620274079436959e-01
120.09 1.123533000363140105e-01
120.098 1.123445737027781999e-01
120.106 1.123358484078291475e-01
120.115 1.123271241521838076e-01
120.123 1.123184009336422734e-01
120.131 1.123096787549407033e-01
120.139 1.123009576127580039e-01
120.148 1.122922375089326491e-01
120.156 1.122835184423871258e-01
120.164 1.122748004124930477e-01
120.173 1.122660834208635827e-01
120.181 1.122573674668698451e-01
120.189 1.122486525487627895e-01
120.198 1.122399386692755213e-01
120.206 1.122312258241945776e-01
120.214 1.122225140160287848e-01
120.223 1.122138032439258803e-01
120.231 1.122050935081539969e-01
120.239 1.121963848094284788e-01
120.247 1.121876771448825499e-01
120.256 1.121789705167990925e-01
120.264 1.121702649238789928e-01
120.272 1.121615603663898980e-01
120.281 1.121528568430332773e-01
120.289 1.121441543558668319e-01
120.297 1.121354529035920450e-01
120.306 1.121267524844633962e-01
120.314 1.121180531016562343e-01
120.322 1.121093547518597910e-01
120.331 1.121006574357893415e-01
120.339 1.120919611539359512e-01
120.347 1.120832659061200276e-01
120.356 1.120745716932792374e-01
120.364 1.120658785112117473e-01
120.372 1.120571863626434322e-01
120.38 1.120484952496286213e-01
120.389 1.120398051672965994e-01
120.397 1.120311161181488657e-01
120.405 1.120224281015592682e-01
120.414 1.120137411182416665e-01
120.422 1.120050551669003469e-01
120.43 1.119963702473562028e-01
120.439 1.119876863594302385e-01
120.447 1.119790035022740632e-01
120.455 1.119703216781631483e-01
120.464 1.119616408853562617e-01
120.472 1.119529611241205785e-01
120.48 1.119442823942770199e-01
120.488 1.119356046931937465e-01
120.497 1.119269280244827441e-01
120.505 1.119182523868500201e-01
120.513 1.119095777781105305e-01
120.522 1.119009041998689641e-01
120.53 1.118922316530604616e-01
120.538 1.118835601352779208e-01
120.547 1.118748896458974657e-01
120.555 1.118662201874137674e-01
120.563 1.118575517592021729e-01
120.572 1.118488843590798310e-01
120.58 1.118402179888723369e-01
120.588 1.118315526455069958e-01
120.596 1.118228883323672540e-01
120.605 1.118142250488291384e-01
120.613 1.118055627927111023e-01
120.621 1.117969015642801545e-01
120.63 1.117882413653602108e-01
120.638 1.117795821928809358e-01
120.646 1.117709240486661204e-01
120.655 1.117622669327597712e-01
120.663 1.117536108434269704e-01
120.671 1.117449557809345045e-01
120.68 1.117363017462158353e-01
120.688 1.117276487390925360e-01
120.696 1.117189967576085047e-01
120.705 1.117103458026971891e-01
120.713 1.117016958741804816e-01
120.721 1.116930469732132641e-01
120.729 1.116843990973960393e-01
120.738 1.116757522465514213e-01
120.746 1.116671064227221788e-01
120.754 1.116584616248419842e-01
120.763 1.116498178511790285e-01
120.771 1.116411751035536470e-01
120.779 1.116325333806781894e-01
120.788 1.116238926837063716e-01
120.796 1.116152530109071200e-01
120.804 1.116066143616596257e-01
120.813 1.115979767377826698e-01
120.821 1.115893401384330796e-01
120.829 1.115807045625462762e-01
120.837 1.115720700108319419e-01
120.846 1.115634364831124409e-01
120.854 1.115548039792103457e-01
120.862 1.115461724987264480e-01
120.871 1.115375420408188378e-01
120.879 1.115289126061966146e-01
120.887 1.115202841944609446e-01
120.896 1.115116568056560148e-01
120.904 1.115030304400475153e-01
120.912 1.114944050970152201e-01
120.921 1.114857807757177605e-01
120.929 1.114771574766422468e-01
120.937 1.114685351996116958e-01
120.946 1.114599139433425506e-01
120.954 1.114512937103133289e-01
120.962 1.114426744983553347e-01
120.97 1.114340563068493828e-01
120.979 1.114254391371671954e-01
120.987 1.114168229886893235e-01
120.995 1.114082078603542830e-01
121.004 1.113995937535332131e-01
121.012 1.113909806665016738e-01
121.02 1.113823686004093566e-01
121.029 1.113737575535322377e-01
121.037 1.113651475265780288e-01
121.045 1.113565385211375131e-01
121.054 1.113479305341617404e-01
121.062 1.113393235667997500e-01
121.07 1.113307176193168019e-01
121.078 1.113221126899904823e-01
121.087 1.113135087799693862e-01
121.095 1.113049058897391946e-01
121.103 1.112963040175781876e-01
121.112 1.112877031626481328e-01
121.12 1.112791033274211777e-01
121.128 1.112705045106173046e-01
121.137 1.112619067118395672e-01
121.145 1.112533099309118145e-01
121.153 1.112447141669962170e-01
121.162 1.112361194203578402e-01
121.17 1.112275256919231931e-01
121.178 1.112189329806339694e-01
121.186 1.112103412867550961e-01
121.195 1.112017506090083319e-01
121.203 1.111931609485402039e-01
121.211 1.111845723047339141e-01
121.22 1.111759846760917714e-01
121.228 1.111673980644206500e-01
121.236 1.111588124688838303e-01
121.245 1.111502278893054252e-01
121.253 1.111416443266105142e-01
121.261 1.111330617782012725e-01
121.27 1.111244802450031544e-01
121.278 1.111158997270605547e-01
121.286 1.111073202246380537e-01
121.295 1.110987417375597919e-01
121.303 1.110901642649900350e-01
121.311 1.110815878063134837e-01
121.319 1.110730123628944355e-01
121.328 1.110644379341172577e-01
121.336 1.110558645180473453e-01
121.344 1.110472921169282090e-01
121.353 1.110387207288255906e-01
121.361 1.110301503553226266e-01
121.369 1.110215809955843597e-01
121.378 1.110130126472383266e-01
121.386 1.110044453131856373e-01
121.394 1.109958789934702567e-01
121.403 1.109873136846220160e-01
121.411 1.109787493899802718e-01
121.419 1.109701861071735740e-01
121.427 1.109616238353683670e-01
121.436 1.109530625763658213e-01
121.444 1.109445023304296840e-01
121.452 1.109359430965067422e-01
121.461 1.109273848728860312e-01
121.469 1.109188276618064267e-01
121.477 1.109102714615572832e-01
121.486 1.109017162717446103e-01
121.494 1.108931620948254010e-01
121.502 1.108846089284314801e-01
121.511 1.108760567717306245e-01
121.519 1.108675056254253416e-01
121.527 1.108589554902177643e-01
121.536 1.108504063657137217e-01
121.544 1.108418582510811573e-01
121.552 1.108333111450502118e-01
121.56 1.108247650500754355e-01
121.569 1.108162199651056834e-01
121.577 1.108076758879954771e-01
121.585 1.107991328214175258e-01
121.594 1.107905907632264347e-01
121.602 1.107820497141237814e-01
121.61 1.107735096734974722e-01
121.619 1.107649706418298158e-01
121.627 1.107564326193841014e-01
121.635 1.107478956042353829e-01
121.644 1.107393595964286798e-01
121.652 1.107308245981962203e-01
121.66 1.107222906076135716e-01
121.668 1.107137576242879368e-01
121.677 1.107052256491388165e-01
121.685 1.106966946802428881e-01
121.693 1.106881647180823214e-01
121.702 1.106796357640131984e-01
121.71 1.106711078174241608e-01
121.718 1.106625808757375901e-01
121.727 1.106540549416203806e-01
121.735 1.106455300133691588e-01
121.743 1.106370060919024539e-01
121.752 1.106284831766094906e-01
121.76 1.106199612664431065e-01
121.768 1.106114403629763765e-01
121.776 1.106029204642890035e-01
121.785 1.105944015706442213e-01
121.793 1.105858836831778297e-01
121.801 1.105773668006248961e-01
121.81 1.105688509228120869e-01
121.818 1.105603360489115089e-01
121.826 1.105518221800586148e-01
121.835 1.105433093165159170e-01
121.843 1.105347974565834973e-01
121.851 1.105262866009602274e-01
121.86 1.105177767490366919e-01
121.868 1.105092679017294632e-01
121.876 1.105007600573395671e-01
121.885 1.104922532161297655e-01
121.893 1.104837473781449114e-01
121.901 1.104752425438652180e-01
121.909 1.104667387124641104e-01
121.918 1.104582358842040174e-01
121.926 1.104497340589117305e-01
121.934 1.104412332344545666e-01
121.943 1.104327334139256628e-01
121.951 1.104242345956277654e-01
121.959 1.104157367778644400e-01
121.968 1.104072399635098456e-01
121.976 1.103987441508674922e-01
121.984 1.103902493386768602e-01
121.993 1.103817555282881474e-01
122.001 1.103732627190934373e-01
122.009 1.103647709104851188e-01
122.017 1.103562801053347142e-01
122.026 1.103477902993378751e-01
122.034 1.103393014923226834e-01
122.042 1.103308136875945367e-01
122.051 1.103223268830244297e-01
122.059 1.103138410777879524e-01
122.067 1.103053562730164222e-01
122.076 1.102968724683199703e-01
122.084 1.102883896633088667e-01
122.092 1.102799078565076668e-01
122.101 1.102714270503501320e-01
122.109 1.102629472433607205e-01
122.117 1.102544684344989590e-01
122.126 1.102459906246780058e-01
122.134 1.102375138139425476e-01
122.142 1.102290380016863192e-01
122.15 1.102205631881710973e-01
122.159 1.102120893723567974e-01
122.167 1.102036165545053764e-01
122.175 1.101951447353121394e-01
122.184 1.101866739126533545e-01
122.192 1.101782040878750840e-01
122.2 1.101697352614554870e-01
122.209 1.101612674314882967e-01
122.217 1.101528005991023046e-01
122.225 1.101443347632585779e-01
122.234 1.101358699253020546e-01
122.242 1.101274060818110828e-01
122.25 1.101189432358637699e-01
122.258 1.101104813866381343e-01
122.267 1.101020205335292157e-01
122.275 1.100935606765818392e-01
122.283 1.100851018143255422e-01
122.292 1.100766439489699322e-01
122.3 1.100681870786116845e-01
122.308 1.100597312026465741e-01
122.317 1.100512763237163072e-01
122.325 1.100428224394851967e-01
122.333 1.100343695497819491e-01
122.342 1.100259176542190270e-01
122.35 1.100174667530578326e-01
122.358 1.100090168463432189e-01
122.366 1.100005679354171262e-01
122.375 1.099921200181621928e-01
122.383 1.099836730944074581e-01
122.391 1.099752271639817952e-01
122.4 1.099667822271463008e-01
122.408 1.099583382848100394e-01
122.416 1.099498953346413899e-01
122.425 1.099414533788454634e-01
122.433 1.099330124153071742e-01
122.441 1.099245724442875216e-01
122.45 1.099161334671270168e-01
122.458 1.099076954808479584e-01
122.466 1.098992584872225120e-01
122.475 1.098908224871586736e-01
122.483 1.098823874781116178e-01
122.491 1.098739534612052648e-01
122.499 1.098655204358373189e-01
122.508 1.098570884018370691e-01
122.516 1.098486573603278393e-01
122.524 1.098402273094134241e-01
122.533 1.098317982493546147e-01
122.541 1.098233701791185846e-01
122.549 1.098149431024149636e-01
122.558 1.098065170149772340e-01
122.566 1.097980919177128784e-01
122.574 1.097896678108823826e-01
122.583 1.097812446953924242e-01
122.591 1.097728225689180021e-01
122.599 1.097644014308584298e-01
122.607 1.097559812847045541e-01
122.616 1.097475621272709645e-01
122.624 1.097391439594639639e-01
122.632 1.097307267791758911e-01
122.641 1.097223105898959272e-01
122.649 1.097138953901619363e-01
122.657 1.097054811782973843e-01
122.666 1.096970679541323795e-01
122.674 1.096886557187878170e-01
122.682 1.096802444720934716e-01
122.691 1.096718342138790492e-01
122.699 1.096634249431143737e-01
122.707 1.096550166591996472e-01
122.716 1.096466093645448170e-01
122.724 1.096382030572598532e-01
122.732 1.096297977369600218e-01
122.74 1.096213934039052679e-01
122.749 1.096129900574961541e-01
122.757 1.096045876973481409e-01
122.765 1.095961863256543350e-01
122.774 1.095877859396671705e-01
122.782 1.095793865394321803e-01
122.79 1.095709881262826729e-01
122.799 1.095625906994047577e-01
122.807 1.095541942581993305e-01
122.815 1.095457988022824902e-01
122.824 1.095374043327722452e-01
122.832 1.095290108484260200e-01
122.84 1.095206183488599272e-01
122.848 1.095122268351917394e-01
122.857 1.095038363057505015e-01
122.865 1.094954467616536670e-01
122.873 1.094870582029460332e-01
122.882 1.094786706281719174e-01
122.89 1.094702840369478208e-01
122.898 1.094618984308192849e-01
122.907 1.094535138089739595e-01
122.915 1.094451301710283458e-01
122.923 1.094367475159562370e-01
122.932 1.094283658444457213e-01
122.94 1.094199851582552258e-01
122.948 1.094116054533604554e-01
122.956 1.094032267323765545e-01
122.965 1.093948489944919777e-01
122.973 1.093864722391095640e-01
122.981 1.093780964669167077e-01
122.99 1.093697216762461871e-01
122.998 1.093613478686413787e-01
123.006 1.093529750439329873e-01
123.015 1.093446032002408780e-01
123.023 1.093362323382520013e-01
123.031 1.093278624580116543e-01
123.04 1.093194935606340290e-01
123.048 1.093111256440256890e-01
123.056 1.093027587086596308e-01
123.065 1.092943927539397619e-01
123.073 1.092860277805525332e-01
123.081 1.092776637879018103e-01
123.089 1.092693007756054963e-01
123.098 1.092609387439224117e-01
123.106 1.092525776926841635e-01
123.114 1.092442176230035283e-01
123.123 1.092358585325762244e-01
123.131 1.092275004203802774e-01
123.139 1.092191432892365976e-01
123.148 1.092107871379091183e-01
123.156 1.092024319651623832e-01
123.164 1.091940777725356193e-01
123.173 1.091857245587934955e-01
123.181 1.091773723235544835e-01
123.189 1.091690210675039380e-01
123.197 1.091606707904735629e-01
123.206 1.091523214908024370e-01
123.214 1.091439731702418120e-01
123.222 1.091356258281970526e-01
123.231 1.091272794632210941e-01
123.239 1.091189340774907923e-01
123.247 1.091105896678541964e-01
123.256 1.091022462360617951e-01
123.264 1.090939037825847113e-01
123.272 1.090855623074678260e-01
123.281 1.090772218067090071e-01
123.289 1.090688822835489957e-01
123.297 1.090605437390973903e-01
123.306 1.090522061695664707e-01
123.314 1.090438695769178068e-01
123.322 1.090355339605580121e-01
123.33 1.090271993201066825e-01
123.339 1.090188656568859132e-01
123.347 1.090105329688127178e-01
123.355 1.090022012550817682e-01
123.364 1.089938705191420693e-01
123.372 1.089855407580605506e-01
123.38 1.089772119710319537e-01
123.389 1.089688841604408709e-01
123.397 1.089605573239935260e-01
123.405 1.089522314627982824e-01
123.414 1.089439065760500341e-01
123.422 1.089355826633690988e-01
123.43 1.089272597265007192e-01
123.438 1.089189377625153360e-01
123.447 1.089106167727331015e-01
123.455 1.089022967569869410e-01
123.463 1.088939777146848836e-01
123.472 1.088856596460847093e-01
123.48 1.088773425512315485e-01
123.488 1.088690264299582988e-01
123.497 1.088607112808243904e-01
123.505 1.088523971047243299e-01
123.513 1.088440839025521106e-01
123.522 1.088357716720188134e-01
123.53 1.088274604142307617e-01
123.538 1.088191501288089946e-01
123.546 1.088108408164348978e-01
123.555 1.088025324752451284e-01
123.563 1.087942251046492004e-01
123.571 1.087859187074487893e-01
123.58 1.087776132822047270e-01
123.588 1.087693088279026304e-01
123.596 1.087610053447998770e-01
123.605 1.087527028314586447e-01
123.613 1.087444012900432022e-01
123.621 1.087361007205985691e-01
123.63 1.087278011214751899e-01
123.638 1.087195024925068920e-01
123.646 1.087112048341624254e-01
123.655 1.087029081456403062e-01
123.663 1.086946124261393143e-01
123.671 1.086863176771867279e-01
123.679 1.086780238994623504e-01
123.688 1.086697310904719688e-01
123.696 1.086614392500496740e-01
123.704 1.086531483788757552e-01
123.713 1.086448584786875310e-01
123.721 1.086365695465690839e-01
123.729 1.086282815825659886e-01
123.738 1.086199945875696848e-01
123.746 1.086117085622594070e-01
123.754 1.086034235039324974e-01
123.763 1.085951394141141391e-01
123.771 1.085868562936948556e-01
123.779 1.085785741389163478e-01
123.787 1.085702929527825183e-01
123.796 1.085620127355495651e-01
123.804 1.085537334840945001e-01
123.812 1.085454552014195606e-01
123.821 1.085371778850360430e-01
123.829 1.085289015362562309e-01
123.837 1.085206261536477423e-01
123.846 1.085123517378893954e-01
123.854 1.085040782879713867e-01
123.862 1.084958058054163871e-01
123.871 1.084875342906913703e-01
123.879 1.084792637400441018e-01
123.887 1.084709941547863654e-01
123.895 1.084627255360181425e-01
123.904 1.084544578839954504e-01
123.912 1.084461911966549397e-01
123.92 1.084379254742531828e-01
123.929 1.084296607174680821e-01
123.937 1.084213969257127042e-01
123.945 1.084131340996645071e-01
123.954 1.084048722372617790e-01
123.962 1.083966113400249981e-01
123.97 1.083883514065249742e-01
123.979 1.083800924376497471e-01
123.987 1.083718344334446831e-01
123.995 1.083635773916390294e-01
124.004 1.083553213154366118e-01
124.012 1.083470662040400684e-01
124.02 1.083388120537062405e-01
124.028 1.083305588667963643e-01
124.037 1.083223066444078120e-01
124.045 1.083140553840609976e-01
124.053 1.083058050874845385e-01
124.062 1.082975557540927225e-01
124.07 1.082893073828793823e-01
124.078 1.082810599722079242e-01
124.087 1.082728135259088953e-01
124.095 1.082645680425554646e-01
124.103 1.082563235196707663e-01
124.112 1.082480799585616993e-01
124.12 1.082398373599040980e-01
124.128 1.082315957233230819e-01
124.136 1.082233550469732797e-01
124.145 1.082151153323709231e-01
124.153 1.082068765797712939e-01
124.161 1.081986387866998023e-01
124.17 1.081904019548821649e-01
124.178 1.081821660843636096e-01
124.186 1.081739311739300102e-01
124.195 1.081656972232073882e-01
124.203 1.081574642337103931e-01
124.211 1.081492322038055121e-01
124.22 1.081410011350069644e-01
124.228 1.081327710248428525e-01
124.236 1.081245418750368670e-01
124.245 1.081163136839566191e-01
124.253 1.081080864518575158e-01
124.261 1.080998601796239467e-01
124.269 1.080916348656241893e-01
124.278 1.080834105115807270e-01
124.286 1.080751871160717803e-01
124.294 1.080669646787238425e-01
124.303 1.080587432002112630e-01
124.311 1.080505226793223722e-01
124.319 1.080423031169407966e-01
124.328 1.080340845129026117e-01
124.336 1.080258668668343663e-01
124.344 1.080176501773160019e-01
124.353 1.080094344458588096e-01
124.361 1.080012196718802830e-01
124.369 1.079930058543795424e-01
124.377 1.079847929954948910e-01
124.386 1.079765810933882575e-01
124.394 1.079683701476869401e-01
124.402 1.079601601580183340e-01
124.411 1.079519511252647057e-01
124.419 1.079437430484259247e-01
124.427 1.079355359279658977e-01
124.436 1.079273297645573365e-01
124.444 1.079191245559459889e-01
124.452 1.079109203032229819e-01
124.461 1.079027170060158219e-01
124.469 1.078945146641612368e-01
124.477 1.078863132781226197e-01
124.485 1.078781128473186440e-01
124.494 1.078699133707506641e-01
124.502 1.078617148490910310e-01
124.51 1.078535172828029021e-01
124.519 1.078453206710964646e-01
124.527 1.078371250131823778e-01
124.535 1.078289303093152435e-01
124.544 1.078207365601666773e-01
124.552 1.078125437651561574e-01
124.56 1.078043519232859543e-01
124.569 1.077961610348106974e-01
124.577 1.077879711006102526e-01
124.585 1.077797821196871952e-01
124.594 1.077715940912531700e-01
124.602 1.077634070172305697e-01
124.61 1.077552208941203460e-01
124.618 1.077470357255125022e-01
124.627 1.077388515104099193e-01
124.635 1.077306682451069780e-01
124.643 1.077224859340257940e-01
124.652 1.077143045740863170e-01
124.66 1.077061241661678020e-01
124.668 1.076979447101076848e-01
124.677 1.076897662061597899e-01
124.685 1.076815886545777756e-01
124.693 1.076734120533251737e-01
124.702 1.076652364034888648e-01
124.71 1.076570617044899925e-01
124.718 1.076488879565824092e-01
124.726 1.076407151602279816e-01
124.735 1.076325433144317695e-01
124.743 1.076243724188234580e-01
124.751 1.076162024738647610e-01
124.76 1.076080334783535292e-01
124.768 1.075998654329595738e-01
124.776 1.075916983381443315e-01
124.785 1.075835321937453348e-01
124.793 1.075753669977294047e-01
124.801 1.075672027513898399e-01
124.81 1.075590394560189261e-01
124.818 1.075508771083374115e-01
124.826 1.075427157092224556e-01
124.835 1.075345552605895677e-01
124.843 1.075263957597836495e-01
124.851 1.075182372068509001e-01
124.859 1.075100796030830502e-01
124.868 1.075019229491484402e-01
124.876 1.074937672415632040e-01
124.884 1.074856124816191277e-01
124.893 1.074774586708146934e-01
124.901 1.074693058079501939e-01
124.909 1.074611538918264358e-01
124.918 1.074530029226967998e-01
124.926 1.074448529014369463e-01
124.934 1.074367038282997705e-01
124.943 1.074285557010495468e-01
124.951 1.074204085209764514e-01
124.959 1.074122622866749421e-01
124.967 1.074041169994349176e-01
124.976 1.073959726590944519e-01
124.984 1.073878292648702965e-01
124.992 1.073796868166009832e-01
125.001 1.073715453147467691e-01
125.009 1.073634047581102507e-01
125.017 1.073552651473587694e-01
125.026 1.073471264819167437e-01
125.034 1.073389887624512512e-01
125.042 1.073308519877654854e-01
125.051 1.073227161572844895e-01
125.059 1.073145812731239879e-01
125.067 1.073064473338807140e-01
125.075 1.072983143373241327e-01
125.084 1.072901822866042520e-01
125.092 1.072820511811455740e-01
125.1 1.072739210187184516e-01
125.109 1.072657918006098970e-01
125.117 1.072576635268655404e-01
125.125 1.072495361960837112e-01
125.134 1.072414098087240419e-01
125.142 1.072332843658658219e-01
125.15 1.072251598650743043e-01
125.159 1.072170363080489769e-01
125.167 1.072089136952486671e-01
125.175 1.072007920240329593e-01
125.184 1.071926712963072181e-01
125.192 1.071845515098450025e-01
125.2 1.071764326659318534e-01
125.208 1.071683147656457696e-01
125.217 1.071601978069675193e-01
125.225 1.071520817895302846e-01
125.233 1.071439667148250119e-01
125.242 1.071358525816588358e-01
125.25 1.071277393896649804e-01
125.258 1.071196271401273353e-01
125.267 1.071115158308221377e-01
125.275 1.071034054634457111e-01
125.283 1.070952960365998269e-01
125.292 1.070871875503305592e-01
125.3 1.070790800048900399e-01
125.308 1.070709734005300950e-01
125.316 1.070628677346168039e-01
125.325 1.070547630104942555e-01
125.333 1.070466592275895745e-01
125.341 1.070385563828574194e-01
125.35 1.070304544784044798e-01
125.358 1.070223535140704674e-01
125.366 1.070142534892831870e-01
125.375 1.070061544036765150e-01
125.383 1.069980562572964561e-01
125.391 1.069899590489535313e-01
125.4 1.069818627807525985e-01
125.408 1.069737674508865616e-01
125.416 1.069656730594014671e-01
125.425 1.069575796073720386e-01
125.433 1.069494870931980146e-01
125.441 1.069413955175424202e-01
125.449 1.069333048796283631e-01
125.458 1.069252151792960959e-01
125.466 1.069171264172086022e-01
125.474 1.069090385923835013e-01
125.483 1.069009517048667979e-01
125.491 1.068928657561432488e-01
125.499 1.068847807435865244e-01
125.508 1.068766966678591640e-01
125.516 1.068686135285963623e-01
125.524 1.068605313270767632e-01
125.533 1.068524500627296980e-01
125.541 1.068443697329306830e-01
125.549 1.068362903395747021e-01
125.557 1.068282118847608680e-01
125.566 1.068201343640175077e-01
125.574 1.068120577790334091e-01
125.582 1.068039821308808535e-01
125.591 1.067959074177582263e-01
125.599 1.067878336413533719e-01
125.607 1.067797607988391767e-01
125.616 1.067716888902621869e-01
125.624 1.067636179189505874e-01
125.632 1.067555478820782638e-01
125.641 1.067474787796912628e-01
125.649 1.067394106118355473e-01
125.657 1.067313433779421145e-01
125.665 1.067232770784669327e-01
125.674 1.067152117140708484e-01
125.682 1.067071472825451839e-01
125.69 1.066990837868049824e-01
125.699 1.066910212227978050e-01
125.707 1.066829595924141255e-01
125.715 1.066748988963142769e-01
125.724 1.066668391327007803e-01
125.732 1.066587803034626386e-01
125.74 1.066507224061885861e-01
125.749 1.066426654415391084e-01
125.757 1.066346094109929671e-01
125.765 1.066265543117303899e-01
125.774 1.066185001456395054e-01
125.782 1.066104469107199554e-01
125.79 1.066023946090639690e-01
125.798 1.065943432398986923e-01
125.807 1.065862928008157323e-01
125.815 1.065782432943156999e-01
125.823 1.065701947198307992e-01
125.832 1.065621470761801137e-01
125.84 1.065541003640231854e-01
125.848 1.065460545821795002e-01
125.857 1.065380097325346331e-01
125.865 1.065299658134993832e-01
125.873 1.065219228245069122e-01
125.882 1.065138807666248938e-01
125.89 1.065058396376523386e-01
125.898 1.064977994411075157e-01
125.906 1.064897601747895051e-01
125.915 1.064817218367025142e-01
125.923 1.064736844291388346e-01
125.931 1.064656479519399679e-01
125.94 1.064576124039272181e-01
125.948 1.064495777841263507e-01
125.956 1.064415440940121721e-01
125.965 1.064335113346504408e-01
125.973 1.064254795030268319e-01
125.981 1.064174486004116349e-01
125.99 1.064094186262389413e-01
125.998 1.064013895803509330e-01
126.006 1.063933614629976876e-01
126.015 1.063853342746327868e-01
126.023 1.063773080140790889e-01
126.031 1.063692826811788728e-01
126.039 1.063612582763858727e-01
126.048 1.063532347985235438e-01
126.056 1.063452122486568396e-01
126.064 1.063371906270351580e-01
126.073 1.063291699324823425e-01
126.081 1.063211501638226808e-01
126.089 1.063131313225279817e-01
126.098 1.063051134094582933e-01
126.106 1.062970964214024344e-01
126.114 1.062890803596281963e-01
126.123 1.062810652256062222e-01
126.131 1.062730510171437520e-01
126.139 1.062650377353044351e-01
126.147 1.062570253793204134e-01
126.156 1.062490139480174456e-01
126.164 1.062410034440857409e-01
126.172 1.062329938643173238e-01
126.181 1.062249852107919196e-01
126.189 1.062169774827421143e-01
126.197 1.062089706785877413e-01
126.206 1.062009648006109891e-01
126.214 1.061929598468253633e-01
126.222 1.061849558166676755e-01
126.231 1.061769527128253038e-01
126.239 1.061689505333124756e-01
126.247 1.061609492773628732e-01
126.255 1.061529489454289821e-01
126.264 1.061449495371508123e-01
126.272 1.061369510535897231e-01
126.28 1.061289534943853918e-01
126.289 1.061209568571481465e-01
126.297 1.061129611433451886e-01
126.305 1.061049663540371973e-01
126.314 1.060969724860236496e-01
126.322 1.060889795432056332e-01
126.33 1.060809875217745418e-01
126.339 1.060729964231967443e-01
126.347 1.060650062483293604e-01
126.355 1.060570169939740598e-01
126.364 1.060490286620020817e-01
126.372 1.060410412532704350e-01
126.38 1.060330547674194074e-01
126.388 1.060250692016577317e-01
126.397 1.060170845574505138e-01
126.405 1.060091008360594944e-01
126.413 1.060011180353020166e-01
126.422 1.059931361554272145e-01
126.43 1.059851551970887734e-01
126.438 1.059771751595227213e-01
126.447 1.059691960441924985e-01
126.455 1.059612178485121320e-01
126.463 1.059532405725280707e-01
126.472 1.059452642187154042e-01
126.48 1.059372887840842464e-01
126.488 1.059293142690859169e-01
126.496 1.059213406753850562e-01
126.505 1.059133680012068757e-01
126.513 1.059053962455864112e-01
126.521 1.058974254103903084e-01
126.53 1.058894554950576550e-01
126.538 1.058814864984215648e-01
126.546 1.058735184217412251e-01
126.555 1.058655512634455870e-01
126.563 1.058575850231768672e-01
126.571 1.058496197023959112e-01
126.58 1.058416553003405369e-01
126.588 1.058336918164508728e-01
126.596 1.058257292517829490e-01
126.605 1.058177676039591814e-01
126.613 1.058098068744398046e-01
126.621 1.058018470640784692e-01
126.629 1.057938881694889532e-01
126.638 1.057859301939476915e-01
126.646 1.057779731356840586e-01
126.654 1.057700169941388629e-01
126.663 1.057620617699638055e-01
126.671 1.057541074630031913e-01
126.679 1.057461540731015337e-01
126.688 1.057382015986914198e-01
126.696 1.057302500416344160e-01
126.704 1.057222994019765133e-01
126.713 1.057143496785538095e-01
126.721 1.057064008702031377e-01
126.729 1.056984529779788490e-01
126.737 1.056905060021285925e-01
126.746 1.056825599418924899e-01
126.754 1.056746147973167405e-01
126.762 1.056666705690519070e-01
126.771 1.056587272553309725e-01
126.779 1.056507848559991858e-01
126.787 1.056428433723112653e-01
126.796 1.056349028035078186e-01
126.804 1.056269631508429535e-01
126.812 1.056190244115442628e-01
126.821 1.056110865856585701e-01
126.829 1.056031496764522487e-01
126.837 1.055952136803487429e-01
126.845 1.055872785977972211e-01
126.854 1.055793444296487110e-01
126.862 1.055714111751446943e-01
126.87 1.055634788351358655e-01
126.879 1.055555474090650037e-01
126.887 1.055476168947664939e-01
126.895 1.055396872938954150e-01
126.904 1.055317586062969465e-01
126.912 1.055238308320173013e-01
126.92 1.055159039702988216e-01
126.929 1.055079780209868118e-01
126.937 1.055000529847303636e-01
126.945 1.054921288609729502e-01
126.954 1.054842056489573993e-01
126.962 1.054762833487301599e-01
126.97 1.054683619625462476e-01
126.978 1.054604414862351652e-01
126.987 1.054525219214498266e-01
126.995 1.054446032696415014e-01
127.003 1.054366855280462617e-01
127.012 1.054287686979149263e-01
127.02 1.054208527790929939e-01
127.028 1.054129377716266219e-01
127.037 1.054050236751607889e-01
127.045 1.053971104883379001e-01
127.053 1.053891982116057086e-01
127.062 1.053812868478176540e-01
127.07 1.053733763932099970e-01
127.078 1.053654668478294781e-01
127.086 1.053575582133261940e-01
127.095 1.053496504879424256e-01
127.103 1.053417436727266260e-01
127.111 1.053338377681256738e-01
127.12 1.053259327721822597e-01
127.128 1.053180286855438103e-01
127.136 1.053101255074555681e-01
127.145 1.053022232381643913e-01
127.153 1.052943218803194525e-01
127.161 1.052864214287611427e-01
127.17 1.052785218867392791e-01
127.178 1.052706232534993680e-01
127.186 1.052627255274867085e-01
127.195 1.052548287103486357e-01
127.203 1.052469328019311617e-01
127.211 1.052390377994799897e-01
127.219 1.052311437066422717e-01
127.228 1.052232505212638281e-01
127.236 1.052153582421912481e-01
127.244 1.052074668724703593e-01
127.253 1.051995764085485174e-01
127.261 1.051916868514718856e-01
127.269 1.051837982024859397e-01
127.278 1.051759104606376227e-01
127.286 1.051680236241748778e-01
127.294 1.051601376941434102e-01
127.303 1.051522526723872031e-01
127.311 1.051443685545582207e-01
127.319 1.051364853432996682e-01
127.327 1.051286030386577031e-01
127.336 1.051207216394804689e-01
127.344 1.051128411466130813e-01
127.352 1.051049615605007953e-01
127.361 1.050970828773978016e-01
127.369 1.050892050999453070e-01
127.377 1.050813282291871570e-01
127.386 1.050734522617778749e-01
127.394 1.050655772001578975e-01
127.402 1.050577030439744236e-01
127.411 1.050498297914788243e-01
127.419 1.050419574431167430e-01
127.427 1.050340859989345038e-01
127.435 1.050262154599751890e-01
127.444 1.050183458240925016e-01
127.452 1.050104770933259490e-01
127.46 1.050026092657289217e-01
127.469 1.049947423409495623e-01
127.477 1.049868763212257056e-01
127.485 1.049790112028189948e-01
127.494 1.049711469891619897e-01
127.502 1.049632836787074835e-01
127.51 1.049554212703073114e-01
127.519 1.049475597650035563e-01
127.527 1.049396991628424314e-01
127.535 1.049318394630741058e-01
127.544 1.049239806651480200e-01
127.552 1.049161227695088322e-01
127.56 1.049082657767996252e-01
127.568 1.049004096860719493e-01
127.577 1.048925544961788331e-01
127.585 1.048847002079626584e-01
127.593 1.048768468222650574e-01
127.602 1.048689943379392114e-01
127.61 1.048611427544351854e-01
127.618 1.048532920716009620e-01
127.627 1.048454422904765843e-01
127.635 1.048375934107109164e-01
127.643 1.048297454307607207e-01
127.652 1.048218983512687469e-01
127.66 1.048140521730759889e-01
127.668 1.048062068954340453e-01
127.676 1.047983625169993382e-01
127.685 1.047905190386128199e-01
127.693 1.047826764611149986e-01
127.701 1.047748347829639548e-01
127.71 1.047669940042062625e-01
127.718 1.047591541248884817e-01
127.726 1.047513151446602397e-01
127.735 1.047434770647584085e-01
127.743 1.047356398838403951e-01
127.751 1.047278036005643981e-01
127.76 1.047199682159688089e-01
127.768 1.047121337322814150e-01
127.776 1.047043001465737116e-01
127.785 1.046964674577030990e-01
127.793 1.046886356671039991e-01
127.801 1.046808047760119931e-01
127.809 1.046729747826894985e-01
127.818 1.046651456871832558e-01
127.826 1.046573174887470564e-01
127.834 1.046494901882201040e-01
127.843 1.046416637858466475e-01
127.851 1.046338382792966620e-01
127.859 1.046260136711911620e-01
127.868 1.046181899593982972e-01
127.876 1.046103671439648081e-01
127.884 1.046025452273126877e-01
127.893 1.045947242061230770e-01
127.901 1.045869040802450967e-01
127.909 1.045790848522976796e-01
127.917 1.045712665203485936e-01
127.926 1.045634490848398324e-01
127.934 1.045556325446311691e-01
127.942 1.045478169001647500e-01
127.951 1.045400021514871630e-01
127.959 1.045321882978540312e-01
127.967 1.045243753410910748e-01
127.976 1.045165632784771093e-01
127.984 1.045087521110472512e-01
127.992 1.045009418380575261e-01
128.001 1.044931324611351742e-01
128.009 1.044853239793385319e-01
128.017 1.044775163895536735e-01
128.025 1.044697096957779014e-01
128.034 1.044619038962799062e-01
128.042 1.044540989911061785e-01
128.05 1.044462949805006480e-01
128.059 1.044384918637199927e-01
128.067 1.044306896392318551e-01
128.075 1.044228883096486871e-01
128.084 1.044150878732407056e-01
128.092 1.044072883298572535e-01
128.1 1.043994896805313238e-01
128.109 1.043916919233366103e-01
128.117 1.043838950600950721e-01
128.125 1.043760990888808748e-01
128.134 1.043683040095436942e-01
128.142 1.043605098241016799e-01
128.15 1.043527165304327653e-01
128.158 1.043449241293719076e-01
128.167 1.043371326201772975e-01
128.175 1.043293420032896518e-01
128.183 1.043215522789524285e-01
128.192 1.043137634460299806e-01
128.2 1.043059755037810538e-01
128.208 1.042981884526465314e-01
128.217 1.042904022940513015e-01
128.225 1.042826170264665175e-01
128.233 1.042748326485607030e-01
128.242 1.042670491627428891e-01
128.25 1.042592665680752567e-01
128.258 1.042514848634233798e-01
128.266 1.042437040496211886e-01
128.275 1.042359241263216135e-01
128.283 1.042281450921941494e-01
128.291 1.042203669482692496e-01
128.3 1.042125896955766878e-01
128.308 1.042048133319996572e-01
128.316 1.041970378573882777e-01
128.325 1.041892632735586521e-01
128.333 1.041814895789844736e-01
128.341 1.041737167735159175e-01
128.35 1.041659448570029511e-01
128.358 1.041581738292959025e-01
128.366 1.041504036910306658e-01
128.375 1.041426344414680266e-01
128.383 1.041348660806543786e-01
128.391 1.041270986078509653e-01
128.399 1.041193320227117580e-01
128.408 1.041115663268541991e-01
128.416 1.041038015185577065e-01
128.424 1.040960375990468145e-01
128.433 1.040882745662089631e-01
128.441 1.040805124210724270e-01
128.449 1.040727511638797759e-01
128.458 1.040649907950699365e-01
128.466 1.040572313125314730e-01
128.474 1.040494727167036448e-01
128.483 1.040417150086135750e-01
128.491 1.040339581867391200e-01
128.499 1.040262022521073471e-01
128.507 1.040184472039805824e-01
128.516 1.040106930422093762e-01
128.524 1.040029397672324191e-01
128.532 1.039951873777245211e-01
128.541 1.039874358741244009e-01
128.549 1.039796852574580710e-01
128.557 1.039719355256173983e-01
128.566 1.039641866790409624e-01
128.574 1.039564387199294893e-01
128.582 1.039486916448045944e-01
128.591 1.039409454533219840e-01
128.599 1.039332001504223169e-01
128.607 1.039254557306709681e-01
128.615 1.039177121947021804e-01
128.624 1.039099695460850709e-01
128.632 1.039022277797786303e-01
128.64 1.038944868975908570e-01
128.649 1.038867469023066203e-01
128.657 1.038790077896693809e-01
128.665 1.038712695610949921e-01
128.674 1.038635322160436220e-01
128.682 1.038557957551484306e-01
128.69 1.038480601782604956e-01
128.699 1.038403254836673811e-01
128.707 1.038325916731749343e-01
128.715 1.038248587468293682e-01
128.724 1.038171267029189271e-01
128.732 1.038093955410997332e-01
128.74 1.038016652625906866e-01
128.748 1.037939358672428647e-01
128.757 1.037862073541265806e-01
128.765 1.037784797230932726e-01
128.773 1.037707529751658725e-01
128.782 1.037630271098050755e-01
128.79 1.037553021245203877e-01
128.798 1.037475780222862076e-01
128.807 1.037398548017830491e-01
128.815 1.037321324632525521e-01
128.823 1.037244110055709628e-01
128.832 1.037166904289802544e-01
128.84 1.037089707345022621e-01
128.848 1.037012519215982642e-01
128.856 1.036935339883652274e-01
128.865 1.036858169360199838e-01
128.873 1.036781007661683324e-01
128.881 1.036703854743740577e-01
128.89 1.036626710638024335e-01
128.898 1.036549575335257434e-01
128.906 1.036472448851491202e-01
128.915 1.036395331142385134e-01
128.923 1.036318222239578368e-01
128.931 1.036241122153270383e-01
128.94 1.036164030841086325e-01
128.948 1.036086948322968437e-01
128.956 1.036009874605224729e-01
128.964 1.035932809672749366e-01
128.973 1.035855753551310071e-01
128.981 1.035778706216069905e-01
128.989 1.035701667646097834e-01
128.998 1.035624637878828636e-01
129.006 1.035547616903055024e-01
129.014 1.035470604695902103e-01
129.023 1.035393601279233772e-01
129.031 1.035316606647681686e-01
129.039 1.035239620788103443e-01
129.048 1.035162643716518727e-01
129.056 1.035085675412013018e-01
129.064 1.035008715892546532e-01
129.073 1.034931765156640870e-01
129.081 1.034854823183387756e-01
129.089 1.034777889965489972e-01
129.097 1.034700965536439893e-01
129.106 1.034624049875334934e-01
129.114 1.034547142988467977e-01
129.122 1.034470244868538613e-01
129.131 1.034393355504366063e-01
129.139 1.034316474910009359e-01
129.147 1.034239603076228670e-01
129.156 1.034162740009314241e-01
129.164 1.034085885690328999e-01
129.172 1.034009040139145380e-01
129.181 1.033932203350407114e-01
129.189 1.033855375318761954e-01
129.197 1.033778556031101914e-01
129.205 1.033701745493716129e-01
129.214 1.033624943724521933e-01
129.222 1.033548150698779117e-01
129.23 1.033471366420835452e-01
129.239 1.033394590900850035e-01
129.247 1.033317824114094313e-01
129.255 1.033241066082354054e-01
129.264 1.033164316802219346e-01
129.272 1.033087576243162387e-01
129.28 1.033010844442457249e-01
129.289 1.032934121385073595e-01
129.297 1.032857407048242415e-01
129.305 1.032780701469223489e-01
129.314 1.032704004613631682e-01
129.322 1.032627316497424230e-01
129.33 1.032550637115261793e-01
129.338 1.032473966475352806e-01
129.347 1.032397304547202910e-01
129.355 1.032320651356436608e-01
129.363 1.032244006911257062e-01
129.372 1.032167371173444287e-01
129.38 1.032090744166678370e-01
129.388 1.032014125879824051e-01
129.397 1.031937516311418335e-01
129.405 1.031860915490926678e-01
129.413 1.031784323376284673e-01
129.422 1.031707739977628241e-01
129.43 1.031631165299292108e-01
129.438 1.031554599332082794e-01
129.446 1.031478042084197216e-01
129.455 1.031401493567690869e-01
129.463 1.031324953750193951e-01
129.471 1.031248422636040496e-01
129.48 1.031171900229563565e-01
129.488 1.031095386548607634e-01
129.496 1.031018881570470169e-01
129.505 1.030942385295620656e-01
129.513 1.030865897718739183e-01
129.521 1.030789418855732470e-01
129.53 1.030712948699347709e-01
129.538 1.030636487224973891e-01
129.546 1.030560034469732572e-01
129.554 1.030483590401299610e-01
129.563 1.030407155033645911e-01
129.571 1.030330728363381687e-01
129.579 1.030254310383262595e-01
129.588 1.030177901099541132e-01
129.596 1.030101500503048939e-01
129.604 1.030025108598108669e-01
129.613 1.029948725390969350e-01
129.621 1.029872350874388859e-01
129.629 1.029795985021865340e-01
129.638 1.029719627858916298e-01
129.646 1.029643279405265816e-01
129.654 1.029566939619008525e-01
129.663 1.029490608506395399e-01
129.671 1.029414286077523777e-01
129.679 1.029337972334784385e-01
129.687 1.029261667274793679e-01
129.696 1.029185370871076727e-01
129.704 1.029109083151047571e-01
129.712 1.029032804101703696e-01
129.721 1.028956533725437494e-01
129.729 1.028880272032335341e-01
129.737 1.028804018999782549e-01
129.746 1.028727774632096775e-01
129.754 1.028651538925901554e-01
129.762 1.028575311895126021e-01
129.771 1.028499093522934477e-01
129.779 1.028422883829016449e-01
129.787 1.028346682788853217e-01
129.795 1.028270490397152209e-01
129.804 1.028194306667835067e-01
129.812 1.028118131601368362e-01
129.82 1.028041965202060315e-01
129.829 1.027965807441568735e-01
129.837 1.027889658335730677e-01
129.845 1.027813517890774075e-01
129.854 1.027737386087965998e-01
129.862 1.027661262939297132e-01
129.87 1.027585148450991803e-01
129.879 1.027509042600485700e-01
129.887 1.027432945395926472e-01
129.895 1.027356856832027793e-01
129.904 1.027280776907341653e-01
129.912 1.027204705633846110e-01
129.92 1.027128642998582086e-01
129.928 1.027052589003937255e-01
129.937 1.026976543656131641e-01
129.945 1.026900506932626606e-01
129.953 1.026824478845395766e-01
129.962 1.026748459389159318e-01
129.97 1.026672448570135621e-01
129.978 1.026596446390708045e-01
129.987 1.026520452837931391e-01
129.995 1.026444467916107911e-01
130.003 1.026368491612298789e-01
130.012 1.026292523938465984e-01
130.02 1.026216564904652573e-01
130.028 1.026140614469199797e-01
130.036 1.026064672670874700e-01
130.045 1.025988739498654573e-01
130.053 1.025912814933869766e-01
130.061 1.025836898994214735e-01
130.07 1.025760991668677596e-01
130.078 1.025685092971119206e-01
130.086 1.025609202884789767e-01
130.095 1.025533321391031566e-01
130.103 1.025457448532395843e-01
130.111 1.025381584278748370e-01
130.12 1.025305728626736551e-01
130.128 1.025229881595948050e-01
130.136 1.025154043173469587e-01
130.144 1.025078213348301487e-01
130.153 1.025002392113272959e-01
130.161 1.024926579505160001e-01
130.169 1.024850775503410444e-01
130.178 1.024774980076017389e-01
130.186 1.024699193255929341e-01
130.194 1.024623415051250652e-01
130.203 1.024547645426165943e-01
130.211 1.024471884400241783e-01
130.219 1.024396131972037799e-01
130.228 1.024320388134385973e-01
130.236 1.024244652882032591e-01
130.244 1.024168926232623122e-01
130.253 1.024093208173265518e-01
130.261 1.024017498687259248e-01
130.269 1.023941797790340058e-01
130.277 1.023866105481068128e-01
130.286 1.023790421761819197e-01
130.294 1.023714746617805788e-01
130.302 1.023639080055221001e-01
130.311 1.023563422080251972e-01
130.319 1.023487772676211494e-01
130.327 1.023412131851194340e-01
130.336 1.023336499605670136e-01
130.344 1.023260875926770147e-01
130.352 1.023185260837827515e-01
130.361 1.023109654305017907e-01
130.369 1.023034056338341657e-01
130.377 1.022958466955408430e-01
130.385 1.022882886150969367e-01
130.394 1.022807313887413722e-01
130.402 1.022731750189968813e-01
130.41 1.022656195074330421e-01
130.419 1.022580648514318097e-01
130.427 1.022505110527529293e-01
130.435 1.022429581087793971e-01
130.444 1.022354060197488701e-01
130.452 1.022278547887521816e-01
130.46 1.022203044127922983e-01
130.469 1.022127548921067663e-01
130.477 1.022052062269326461e-01
130.485 1.021976584169368429e-01
130.494 1.021901114617859013e-01
130.502 1.021825653622875224e-01
130.51 1.021750201169678435e-01
130.518 1.021674757262543559e-01
130.527 1.021599321907638996e-01
130.535 1.021523895101635049e-01
130.543 1.021448476839300762e-01
130.552 1.021373067121106176e-01
130.56 1.021297665934226828e-01
130.568 1.021222273282935550e-01
130.577 1.021146889190485407e-01
130.585 1.021071513623170030e-01
130.593 1.020996146583360992e-01
130.602 1.020920788103795995e-01
130.61 1.020845438150778106e-01
130.618 1.020770096705807400e-01
130.626 1.020694763809201211e-01
130.635 1.020619439446249638e-01
130.643 1.020544123604143621e-01
130.651 1.020468816290943104e-01
130.66 1.020393517509011333e-01
130.668 1.020318227255027632e-01
130.676 1.020242945514294036e-01
130.685 1.020167672287284610e-01
130.693 1.020092407601004697e-01
130.701 1.020017151431284602e-01
130.71 1.019941903763436769e-01
130.718 1.019866664624460573e-01
130.726 1.019791433997772612e-01
130.734 1.019716211883846257e-01
130.743 1.019640998296407197e-01
130.751 1.019565793215093663e-01
130.759 1.019490596634696489e-01
130.768 1.019415408578407400e-01
130.776 1.019340229014513710e-01
130.784 1.019265057956739579e-01
130.793 1.019189895415015534e-01
130.801 1.019114741384133660e-01
130.809 1.019039595851318619e-01
130.818 1.018964458809476781e-01
130.826 1.018889330276103178e-01
130.834 1.018814210236538564e-01
130.843 1.018739098700708057e-01
130.851 1.018663995661518301e-01
130.859 1.018588901106206590e-01
130.867 1.018513815061710126e-01
130.876 1.018438737502034147e-01
130.884 1.018363668423873797e-01
130.892 1.018288607859822309e-01
130.901 1.018213555772558010e-01
130.909 1.018138512158778819e-01
130.917 1.018063477052956328e-01
130.926 1.017988450423450431e-01
130.934 1.017913432270733387e-01
130.942 1.017838422612272198e-01
130.951 1.017763421431542442e-01
130.959 1.017688428732791001e-01
130.967 1.017613444503276954e-01
130.975 1.017538468764232762e-01
130.984 1.017463501501029294e-01
130.992 1.017388542695272374e-01
131 1.017313592373847303e-01
131.009 1.017238650533448113e-01
131.017 1.017163717161342906e-01
131.025 1.017088792254231405e-01
131.034 1.017013875801274503e-01
131.042 1.016938967842535568e-01
131.05 1.016864068338893118e-01
131.059 1.016789177296476415e-01
131.067 1.016714294721410561e-01
131.075 1.016639420602859639e-01
131.084 1.016564554948833354e-01
131.092 1.016489697752265831e-01
131.1 1.016414849028695749e-01
131.108 1.016340008755991786e-01
131.117 1.016265176919562974e-01
131.125 1.016190353553776404e-01
131.133 1.016115538655331246e-01
131.142 1.016040732185167772e-01
131.15 1.015965934177641555e-01
131.158 1.015891144620045816e-01
131.167 1.015816363505326614e-01
131.175 1.015741590839600444e-01
131.183 1.015666826617694640e-01
131.192 1.015592070843842482e-01
131.2 1.015517323512871439e-01
131.208 1.015442584634655560e-01
131.216 1.015367854173939988e-01
131.225 1.015293132161281670e-01
131.233 1.015218418600907641e-01
131.241 1.015143713468852488e-01
131.25 1.015069016761832449e-01
131.258 1.014994328499111420e-01
131.266 1.014919648679277475e-01
131.275 1.014844977272744697e-01
131.283 1.014770314302529258e-01
131.291 1.014695659769099256e-01
131.3 1.014621013657902443e-01
131.308 1.014546375982554316e-01
131.316 1.014471746719119577e-01
131.324 1.014397125886843248e-01
131.333 1.014322513480564042e-01
131.341 1.014247909491370475e-01
131.349 1.014173313927240472e-01
131.358 1.014098726773635384e-01
131.366 1.014024148047911050e-01
131.374 1.013949577733656154e-01
131.383 1.013875015838845983e-01
131.391 1.013800462362073745e-01
131.399 1.013725917281312200e-01
131.408 1.013651380621408832e-01
131.416 1.013576852377209153e-01
131.424 1.013502332541685591e-01
131.433 1.013427821104066068e-01
131.441 1.013353318081689630e-01
131.449 1.013278823478770962e-01
131.457 1.013204337265805194e-01
131.466 1.013129859443269581e-01
131.474 1.013055390032239766e-01
131.482 1.012980929029439481e-01
131.491 1.012906476418486273e-01
131.499 1.012832032214830563e-01
131.507 1.012757596405838845e-01
131.516 1.012683168973268072e-01
131.524 1.012608749951279252e-01
131.532 1.012534339332854111e-01
131.541 1.012459937084786293e-01
131.549 1.012385543228131596e-01
131.557 1.012311157780193538e-01
131.565 1.012236780700294936e-01
131.574 1.012162412016962554e-01
131.582 1.012088051726925397e-01
131.59 1.012013699795134003e-01
131.599 1.011939356265059431e-01
131.607 1.011865021125953890e-01
131.615 1.011790694353992687e-01
131.624 1.011716375945914820e-01
131.632 1.011642065945167063e-01
131.64 1.011567764316719381e-01
131.649 1.011493471044234566e-01
131.657 1.011419186146867155e-01
131.665 1.011344909645628259e-01
131.674 1.011270641514843416e-01
131.682 1.011196381732582944e-01
131.69 1.011122130325457918e-01
131.698 1.011047887305137061e-01
131.707 1.010973652634762493e-01
131.715 1.010899426316679839e-01
131.723 1.010825208383079460e-01
131.732 1.010750998821369206e-01
131.74 1.010676797598444587e-01
131.748 1.010602604742760202e-01
131.757 1.010528420256649879e-01
131.765 1.010454244103292654e-01
131.773 1.010380076339096600e-01
131.782 1.010305916927242142e-01
131.79 1.010231765847700858e-01
131.798 1.010157623128906113e-01
131.806 1.010083488765736309e-01
131.815 1.010009362760526802e-01
131.823 1.009935245087666134e-01
131.831 1.009861135771846358e-01
131.84 1.009787034798637351e-01
131.848 1.009712942174100653e-01
131.856 1.009638857898705055e-01
131.865 1.009564781963614155e-01
131.873 1.009490714369300352e-01
131.881 1.009416655105069976e-01
131.89 1.009342604191868359e-01
131.898 1.009268561611557508e-01
131.906 1.009194527375773254e-01
131.914 1.009120501475684467e-01
131.923 1.009046483902463209e-01
131.931 1.008972474665883190e-01
131.939 1.008898473757117442e-01
131.948 1.008824481178500071e-01
131.956 1.008750496939797847e-01
131.964 1.008676521026608819e-01
131.973 1.008602553433830401e-01
131.981 1.008528594169371545e-01
131.989 1.008454643228128000e-01
131.998 1.008380700606857638e-01
132.006 1.008306766302318330e-01
132.014 1.008232840337274089e-01
132.023 1.008158922693617315e-01
132.031 1.008085013347680553e-01
132.039 1.008011112324079389e-01
132.047 1.007937219621430208e-01
132.056 1.007863335236488939e-01
132.064 1.007789459154880274e-01
132.072 1.007715591382646186e-01
132.081 1.007641731940672192e-01
132.089 1.007567880786751219e-01
132.097 1.007494037962175376e-01
132.106 1.007420203434021971e-01
132.114 1.007346377206477100e-01
132.122 1.007272559285578156e-01
132.131 1.007198749662526205e-01
132.139 1.007124948358188721e-01
132.147 1.007051155350788263e-01
132.155 1.006977370637092001e-01
132.164 1.006903594221280757e-01
132.172 1.006829826094562952e-01
132.18 1.006756066277794681e-01
132.189 1.006682314751064927e-01
132.197 1.006608571527814605e-01
132.205 1.006534836582583664e-01
132.214 1.006461109923257741e-01
132.222 1.006387391578084795e-01
132.23 1.006313681504947682e-01
132.239 1.006239979711729265e-01
132.247 1.006166286213712874e-01
132.255 1.006092601003965165e-01
132.264 1.006018924077405480e-01
132.272 1.005945255434507191e-01
132.28 1.005871595059093654e-01
132.288 1.005797942971989323e-01
132.297 1.005724299169964142e-01
132.305 1.005650663636846187e-01
132.313 1.005577036387903800e-01
132.322 1.005503417408815381e-01
132.33 1.005429806692662992e-01
132.338 1.005356204275040244e-01
132.347 1.005282610104664826e-01
132.355 1.005209024218975122e-01
132.363 1.005135446599962623e-01
132.372 1.005061877235169515e-01
132.38 1.004988316156475159e-01
132.388 1.004914763332947353e-01
132.396 1.004841218766909516e-01
132.405 1.004767682468069440e-01
132.413 1.004694154435052250e-01
132.421 1.004620634657253375e-01
132.43 1.004547123153604893e-01
132.438 1.004473619891354530e-01
132.446 1.004400124887590146e-01
132.455 1.004326638135402822e-01
132.463 1.004253159638956727e-01
132.471 1.004179689411636989e-01
132.48 1.004106227428089582e-01
132.488 1.004032773681412943e-01
132.496 1.003959328192369355e-01
132.504 1.003885890950366039e-01
132.513 1.003812461955877061e-01
132.521 1.003739041209374405e-01
132.529 1.003665628709488056e-01
132.538 1.003592224445633285e-01
132.546 1.003518828425656872e-01
132.554 1.003445440651872522e-01
132.563 1.003372061115541530e-01
132.571 1.003298689806086247e-01
132.579 1.003225326747926166e-01
132.588 1.003151971921272950e-01
132.596 1.003078625324760886e-01
132.604 1.003005286957023706e-01
132.613 1.002931956833262028e-01
132.621 1.002858634942901811e-01
132.629 1.002785321279054537e-01
132.637 1.002712015834834880e-01
132.646 1.002638718610719404e-01
132.654 1.002565429621900400e-01
132.662 1.002492148870686023e-01
132.671 1.002418876329960878e-01
132.679 1.002345612009395287e-01
132.687 1.002272355927850966e-01
132.696 1.002199108052702903e-01
132.704 1.002125868388106800e-01
132.712 1.002052636945565400e-01
132.721 1.001979413720038153e-01
132.729 1.001906198717510132e-01
132.737 1.001832991925592081e-01
132.745 1.001759793339246779e-01
132.754 1.001686602964460965e-01
132.762 1.001613420814563560e-01
132.77 1.001540246867987649e-01
132.779 1.001467081101338197e-01
132.787 1.001393923570176037e-01
132.795 1.001320774243757983e-01
132.804 1.001247633109710461e-01
132.812 1.001174500194202399e-01
132.82 1.001101375462838672e-01
132.829 1.001028258932612075e-01
132.837 1.000955150616836820e-01
132.845 1.000882050482963664e-01
132.854 1.000808958555315514e-01
132.862 1.000735874821525734e-01
132.87 1.000662799287569404e-01
132.878 1.000589731933750753e-01
132.887 1.000516672777046617e-01
132.895 1.000443621819761958e-01
132.903 1.000370579038542956e-01
132.912 1.000297544439364555e-01
132.92 1.000224518044690036e-01
132.928 1.000151499833002999e-01
132.937 1.000078489797451009e-01
132.945 1.000005487962319917e-01
132.953 9.999324942932845406e-02
132.962 9.998595087999787023e-02
132.97 9.997865314975250273e-02
132.978 9.997135623754095646e-02
132.986 9.996406014304447252e-02
132.995 9.995676486539541161e-02
133.003 9.994947040610531463e-02
133.011 9.994217676320864274e-02
133.02 9.993488393730200203e-02
133.028 9.992759192953031000e-02
133.036 9.992030073829462344e-02
133.045 9.991301036437388872e-02
133.053 9.990572080726686788e-02
133.061 9.989843206628958028e-02
133.07 9.989114414039279577e-02
133.078 9.988385703382840486e-02
133.086 9.987657074262204504e-02
133.094 9.986928526663871319e-02
133.103 9.986200060738784079e-02
133.111 9.985471676382046136e-02
133.119 9.984743373488795537e-02
133.128 9.984015152374328683e-02
133.136 9.983287012787624148e-02
133.144 9.982558954605615098e-02
133.153 9.981830978015672484e-02
133.161 9.981103082931233605e-02
133.169 9.980375269375307834e-02
133.178 9.979647537370862909e-02
133.186 9.978919886685394536e-02
133.194 9.978192317560909130e-02
133.203 9.977464830002115426e-02
133.211 9.976737423776566027e-02
133.219 9.976010098980249430e-02
133.227 9.975282855526712567e-02
133.236 9.974555693639562681e-02
133.244 9.973828613122907860e-02
133.252 9.973101613926817210e-02
133.261 9.972374696183651521e-02
133.269 9.971647859752323650e-02
133.277 9.970921104655806888e-02
133.286 9.970194430862412693e-02
133.294 9.969467838504435242e-02
133.302 9.968741327513705452e-02
133.311 9.968014897603504065e-02
133.319 9.967288549015432264e-02
133.327 9.966562281790636302e-02
133.335 9.965836095860994281e-02
133.344 9.965109991140204404e-02
133.352 9.964383967614837134e-02
133.36 9.963658025453453471e-02
133.369 9.962932164478763286e-02
133.377 9.962206384477162446e-02
133.385 9.961480685871952623e-02
133.394 9.960755068485876995e-02
133.402 9.960029532250914974e-02
133.41 9.959304077135427979e-02
133.419 9.958578703016900124e-02
133.427 9.957853410209224765e-02
133.435 9.957128198589826340e-02
133.444 9.956403068036166759e-02
133.452 9.955678018389425843e-02
133.46 9.954953049908860097e-02
133.468 9.954228162526490564e-02
133.477 9.953503356319728934e-02
133.485 9.952778631075283322e-02
133.493 9.952053986816089548e-02
133.502 9.951329423583242517e-02
133.51 9.950604941472286635e-02
133.518 9.949880540342659341e-02
133.527 9.949156220053873012e-02
133.535 9.948431980828578713e-02
133.543 9.947707822689624835e-02
133.552 9.946983745333189131e-02
133.56 9.946259748909261345e-02
133.568 9.945535833567743789e-02
133.576 9.944811999023049631e-02
133.585 9.944088245461364661e-02
133.593 9.943364572833003623e-02
133.601 9.942640980888801938e-02
133.61 9.941917469887441572e-02
133.618 9.941194039888029410e-02
133.626 9.940470690587084601e-02
133.635 9.939747422152543643e-02
133.643 9.939024234697882432e-02
133.651 9.938301127829111958e-02
133.66 9.937578101714146517e-02
133.668 9.936855156575147285e-02
133.676 9.936132292145073708e-02
133.684 9.935409508501143183e-02
133.693 9.934686805575659863e-02
133.701 9.933964183391488789e-02
133.709 9.933241641953378942e-02
133.718 9.932519181193655289e-02
133.726 9.931796801171387246e-02
133.734 9.931074501782714836e-02
133.743 9.930352283086699150e-02
133.751 9.929630145069981428e-02
133.759 9.928908087809690253e-02
133.768 9.928186111129633229e-02
133.776 9.927464214907953666e-02
133.784 9.926742399493106161e-02
133.793 9.926020664708933017e-02
133.801 9.925299010469773586e-02
133.809 9.924577436689992205e-02
133.817 9.923855943573237082e-02
133.826 9.923134531088073640e-02
133.834 9.922413199076574042e-02
133.842 9.921691947688079938e-02
133.851 9.920970776764689858e-02
133.859 9.920249686256991939e-02
133.867 9.919528676332338424e-02
133.876 9.918807746887078891e-02
133.884 9.918086897980146754e-02
133.892 9.917366129453762669e-02
133.901 9.916645441366875313e-02
133.909 9.915924833850600639e-02
133.917 9.915204306584740612e-02
133.925 9.914483859917025410e-02
133.934 9.913763493545367511e-02
133.942 9.913043207510643939e-02
133.95 9.912323001961949320e-02
133.959 9.911602876705580267e-02
133.967 9.910882831908646162e-02
133.975 9.910162867359444128e-02
133.984 9.909442983207016054e-02
133.992 9.908723179402016690e-02
134 9.908003455768907286e-02
134.009 9.907283812492738428e-02
134.017 9.906564249650338938e-02
134.025 9.905844766904009502e-02
134.034 9.905125364438760460e-02
134.042 9.904406042349415962e-02
134.05 9.903686800334440821e-02
134.058 9.902967638668837280e-02
134.067 9.902248557051139544e-02
134.075 9.901529555774289670e-02
134.083 9.900810634969019197e-02
134.092 9.900091793991881717e-02
134.1 9.899373033099764796e-02
134.108 9.898654352441443871e-02
134.117 9.897935752147614397e-02
134.125 9.897217231755110756e-02
134.133 9.896498791466681877e-02
134.142 9.895780431520953546e-02
134.15 9.895062151544850582e-02
134.158 9.894343951525204350e-02
134.166 9.893625831736552190e-02
134.175 9.892907791985805499e-02
134.183 9.892189832223791113e-02
134.191 9.891471952563149483e-02
134.2 9.890754152846845115e-02
134.208 9.890036433151550010e-02
134.216 9.889318793607800029e-02
134.225 9.888601234040628185e-02
134.233 9.887883754311077578e-02
134.241 9.887166354585613659e-02
134.25 9.886449034779182243e-02
134.258 9.885731795058178006e-02
134.266 9.885014635086139534e-02
134.274 9.884297555137198932e-02
134.283 9.883580555126308953e-02
134.291 9.882863634986424617e-02
134.299 9.882146794812055046e-02
134.308 9.881430034338736790e-02
134.316 9.880713353768671992e-02
134.324 9.879996753106598528e-02
134.333 9.879280232231686665e-02
134.341 9.878563791202517319e-02
134.349 9.877847430077642266e-02
134.358 9.877131148736265076e-02
134.366 9.876414947057646221e-02
134.374 9.875698825243789392e-02
134.383 9.874982783138092080e-02
134.391 9.874266820727416183e-02
134.399 9.873550938285353962e-02
134.407 9.872835135458206401e-02
134.416 9.872119412232856217e-02
134.424 9.871403768775335874e-02
134.432 9.870688205162038431e-02
134.441 9.869972721290191930e-02
134.449 9.869257316806401281e-02
134.457 9.868541992019910780e-02
134.466 9.867826747042890423e-02
134.474 9.867111581754732519e-02
134.482 9.866396495963293545e-02
134.491 9.865681489637587176e-02
134.499 9.864966563086632889e-02
134.507 9.864251716243552237e-02
134.515 9.863536948791049030e-02
134.524 9.862822260984380196e-02
134.532 9.862107652738850982e-02
134.54 9.861393124023451473e-02
134.549 9.860678674717782144e-02
134.557 9.859964305041188370e-02
134.565 9.859250015016275681e-02
134.574 9.858535804379633949e-02
134.582 9.857821673100318483e-02
134.59 9.857107621361833882e-02
134.599 9.856393649204660268e-02
134.607 9.855679756311928885e-02
134.615 9.854965943045738974e-02
134.623 9.854252209107139393e-02
134.632 9.853538554500936020e-02
134.64 9.852824979446196674e-02
134.648 9.852111483679809600e-02
134.657 9.851398067456508534e-02
134.665 9.850684730513245557e-02
134.673 9.849971472854815446e-02
134.682 9.849258294521699708e-02
134.69 9.848545195607881497e-02
134.698 9.847832176082409184e-02
134.707 9.847119235807311188e-02
134.715 9.846406374716022702e-02
134.723 9.845693593080870332e-02
134.732 9.844980890692565934e-02
134.74 9.844268267359747304e-02
134.748 9.843555723390332024e-02
134.756 9.842843258878167245e-02
134.765 9.842130873453648621e-02
134.773 9.841418567085942481e-02
134.781 9.840706340082799874e-02
134.79 9.839994192288571695e-02
134.798 9.839282123618946219e-02
134.806 9.838570134025266534e-02
134.815 9.837858223815104664e-02
134.823 9.837146392672597994e-02
134.831 9.836434640566932286e-02
134.84 9.835722967663133864e-02
134.848 9.835011373876935414e-02
134.856 9.834299859141901190e-02
134.864 9.833588423516206878e-02
134.873 9.832877067093576118e-02
134.881 9.832165789558471036e-02
134.889 9.831454591075819427e-02
134.898 9.830743471792714738e-02
134.906 9.830032431358126654e-02
134.914 9.829321470025863261e-02
134.923 9.828610587747316218e-02
134.931 9.827899784349443391e-02
134.939 9.827189060068149129e-02
134.948 9.826478414801508021e-02
134.956 9.825767848358755996e-02
134.964 9.825057360815805940e-02
134.973 9.824346952337352501e-02
134.981 9.823636622785983374e-02
134.989 9.822926372113169324e-02
134.997 9.822216200341457593e-02
135.006 9.821506107440090838e-02
135.014 9.820796093449365993e-02
135.022 9.820086158356265693e-02
135.031 9.819376302023538616e-02
135.039 9.818666524597989553e-02
135.047 9.817956826066606690e-02
135.056 9.817247206256668468e-02
135.064 9.816537665279462255e-02
135.072 9.815828203121984563e-02
135.081 9.815118819735782485e-02
135.089 9.814409515090150027e-02
135.097 9.813700289243083852e-02
135.105 9.812991142252532051e-02
135.114 9.812282073963640716e-02
135.122 9.811573084363463260e-02
135.13 9.810864173385881737e-02
135.139 9.810155341177484445e-02
135.147 9.809446587778473947e-02
135.155 9.808737912910038548e-02
135.164 9.808029316701037670e-02
135.172 9.807320799333407724e-02
135.18 9.806612360528418892e-02
135.189 9.805904000308583723e-02
135.197 9.805195718696409213e-02
135.205 9.804487515767490446e-02
135.213 9.803779391420340550e-02
135.222 9.803071345642035139e-02
135.23 9.802363378561261553e-02
135.238 9.801655489899559204e-02
135.247 9.800947679821023217e-02
135.255 9.800239948330415063e-02
135.263 9.799532295361716716e-02
135.272 9.798824720955083556e-02
135.28 9.798117225026829746e-02
135.288 9.797409807493312472e-02
135.297 9.796702468624582383e-02
135.305 9.795995208089409989e-02
135.313 9.795288026087085875e-02
135.322 9.794580922640033771e-02
135.33 9.793873897381802363e-02
135.338 9.793166950653045544e-02
135.346 9.792460082511510178e-02
135.355 9.791753292573199263e-02
135.363 9.791046581037278485e-02
135.371 9.790339948032179829e-02
135.38 9.789633393421315333e-02
135.388 9.788926917015190743e-02
135.396 9.788220518995209563e-02
135.405 9.787514199313164520e-02
135.413 9.786807957920871937e-02
135.421 9.786101794929022435e-02
135.43 9.785395710201154340e-02
135.438 9.784689703812653183e-02
135.446 9.783983775680044070e-02
135.454 9.783277925755182181e-02
135.463 9.782572154131059794e-02
135.471 9.781866460830075660e-02
135.479 9.781160845574798923e-02
135.488 9.780455308810918902e-02
135.496 9.779749850049410109e-02
135.504 9.779044469400911821e-02
135.513 9.778339167240399088e-02
135.521 9.777633943096654401e-02
135.529 9.776928797062625631e-02
135.538 9.776223729195965273e-02
135.546 9.775518739624777798e-02
135.554 9.774813828124762072e-02
135.563 9.774108994630259506e-02
135.571 9.773404239251749781e-02
135.579 9.772699562117287408e-02
135.587 9.771994962967464615e-02
135.596 9.771290441912725000e-02
135.604 9.770585998957839746e-02
135.612 9.769881633896347617e-02
135.621 9.769177346926685712e-02
135.629 9.768473138088783203e-02
135.637 9.767769007369790646e-02
135.646 9.767064954475372651e-02
135.654 9.766360979656632524e-02
135.662 9.765657082812785605e-02
135.671 9.764953263755156432e-02
135.679 9.764249522787525615e-02
135.687 9.763545859897035384e-02
135.695 9.762842274736810433e-02
135.704 9.762138767575374854e-02
135.712 9.761435338470197953e-02
135.72 9.760731987179988023e-02
135.729 9.760028713762244901e-02
135.737 9.759325518186624804e-02
135.745 9.758622400493056903e-02
135.754 9.757919360580911972e-02
135.762 9.757216398630627618e-02
135.77 9.756513514611808713e-02
135.779 9.755810708283385591e-02
135.787 9.755107979667736184e-02
135.795 9.754405328910108197e-02
135.803 9.753702756103009575e-02
135.812 9.753000260917719932e-02
135.82 9.752297843499449503e-02
135.828 9.751595503975787893e-02
135.837 9.750893242123405413e-02
135.845 9.750191057929562255e-02
135.853 9.749488951434139017e-02
135.862 9.748786922782214093e-02
135.87 9.748084971890842720e-02
135.878 9.747383098501789800e-02
135.887 9.746681302777683575e-02
135.895 9.745979584723282740e-02
135.903 9.745277944466070041e-02
135.912 9.744576381747892257e-02
135.92 9.743874896783841222e-02
135.928 9.743173489263277920e-02
135.936 9.742472159383748498e-02
135.945 9.741770907167533744e-02
135.953 9.741069732566842720e-02
135.961 9.740368635481375104e-02
135.97 9.739667615933444988e-02
135.978 9.738966673910323668e-02
135.986 9.738265809486829072e-02
135.995 9.737565022597696740e-02
136.003 9.736864313125200010e-02
136.011 9.736163681284144833e-02
136.02 9.735463126851806592e-02
136.028 9.734762649902964360e-02
136.036 9.734062250617325773e-02
136.044 9.733361928597331070e-02
136.053 9.732661684022708704e-02
136.061 9.731961516933204659e-02
136.069 9.731261427211199133e-02
136.078 9.730561414913942164e-02
136.086 9.729861479993770490e-02
136.094 9.729161622665188913e-02
136.103 9.728461842653315927e-02
136.111 9.727762139858110724e-02
136.119 9.727062514494065615e-02
136.128 9.726362966443648228e-02
136.136 9.725663495764044764e-02
136.144 9.724964102442569536e-02
136.153 9.724264786379215042e-02
136.161 9.723565547648614638e-02
136.169 9.722866386290457408e-02
136.177 9.722167302117482035e-02
136.186 9.721468295082145994e-02
136.194 9.720769365433588882e-02
136.202 9.720070513106751631e-02
136.211 9.719371737949362988e-02
136.219 9.718673039931341462e-02
136.227 9.717974419197036862e-02
136.236 9.717275875733759338e-02
136.244 9.716577409406758348e-02
136.252 9.715879020151101109e-02
136.261 9.715180708076191773e-02
136.269 9.714482473256549899e-02
136.277 9.713784315557477678e-02
136.285 9.713086235088336240e-02
136.294 9.712388231540194927e-02
136.302 9.711690305196697681e-02
136.31 9.710992455940638257e-02
136.319 9.710294683776805880e-02
136.327 9.709596988744816082e-02
136.335 9.708899370675266871e-02
136.344 9.708201829694884655e-02
136.352 9.707504365773615695e-02
136.36 9.706806978829181365e-02
136.369 9.706109668936016566e-02
136.377 9.705412436168515955e-02
136.385 9.704715280357392726e-02
136.393 9.704018201350839146e-02
136.402 9.703321199432070332e-02
136.41 9.702624274571051977e-02
136.418 9.701927426494215412e-02
136.427 9.701230655415116200e-02
136.435 9.700533961251557591e-02
136.443 9.699837344077891221e-02
136.452 9.699140803864099436e-02
136.46 9.698444340441111922e-02
136.468 9.697747953813749822e-02
136.477 9.697051644091106426e-02
136.485 9.696355411469105567e-02
136.493 9.695659255535442334e-02
136.502 9.694963176451311393e-02
136.51 9.694267174047789537e-02
136.518 9.693571248520777006e-02
136.526 9.692875400083431070e-02
136.535 9.692179628254224411e-02
136.543 9.691483932951204527e-02
136.551 9.690788314769498146e-02
136.56 9.690092773331879239e-02
136.568 9.689397308469584191e-02
136.576 9.688701920378352261e-02
136.585 9.688006609080311582e-02
136.593 9.687311374493472182e-02
136.601 9.686616216605271890e-02
136.61 9.685921135420511030e-02
136.618 9.685226130753184226e-02
136.626 9.684531202989646315e-02
136.634 9.683836351857172398e-02
136.643 9.683141577239205711e-02
136.651 9.682446879400599671e-02
136.659 9.681752258172765524e-02
136.668 9.681057713456506231e-02
136.676 9.680363245429937646e-02
136.684 9.679668853941876538e-02
136.693 9.678974538997126009e-02
136.701 9.678280300704418526e-02
136.709 9.677586139033876600e-02
136.718 9.676892053799768245e-02
136.726 9.676198045041549400e-02
136.734 9.675504112902534593e-02
136.743 9.674810257404800606e-02
136.751 9.674116478258819318e-02
136.759 9.673422775555974573e-02
136.767 9.672729149491422762e-02
136.776 9.672035599810353823e-02
136.784 9.671342126586791876e-02
136.792 9.670648729790926046e-02
136.801 9.669955409444844219e-02
136.809 9.669262165605221893e-02
136.817 9.668568998190346653e-02
136.826 9.667875906962944410e-02
136.834 9.667182892325504318e-02
136.842 9.666489954023456399e-02
136.851 9.665797092044323136e-02
136.859 9.665104306531159539e-02
136.867 9.664411597281359623e-02
136.875 9.663718964317018212e-02
136.884 9.663026407815709928e-02
136.892 9.662333927592155203e-02
136.9 9.661641523547521981e-02
136.909 9.660949195928428268e-02
136.917 9.660256944566934789e-02
136.925 9.659564769467841872e-02
136.934 9.658872670566884255e-02
136.942 9.658180647972448851e-02
136.95 9.657488701689299904e-02
136.959 9.656796831463337893e-02
136.967 9.656105037523733670e-02
136.975 9.655413319961521357e-02
136.983 9.654721678315650313e-02
136.992 9.654030112935985120e-02
137 9.653338623861779100e-02
137.008 9.652647210718390269e-02
137.017 9.651955873941761577e-02
137.025 9.651264613260750191e-02
137.033 9.650573428525023589e-02
137.042 9.649882320066920094e-02
137.05 9.649191287736069711e-02
137.058 9.648500331399392782e-02
137.067 9.647809451216790566e-02
137.075 9.647118647106883715e-02
137.083 9.646427919005567952e-02
137.092 9.645737266986539882e-02
137.1 9.645046690951251944e-02
137.108 9.644356190938953299e-02
137.116 9.643665767006093237e-02
137.125 9.642975419019707284e-02
137.133 9.642285147139537105e-02
137.141 9.641594951146584269e-02
137.15 9.640904831131720532e-02
137.158 9.640214787082533598e-02
137.166 9.639524818952188712e-02
137.175 9.638834926883114995e-02
137.183 9.638145110518851755e-02
137.191 9.637455370277035749e-02
137.2 9.636765705904429269e-02
137.208 9.636076117251091144e-02
137.216 9.635386604717312287e-02
137.224 9.634697168049929927e-02
137.233 9.634007807047488547e-02
137.241 9.633318521921080402e-02
137.249 9.632629312847339198e-02
137.258 9.631940179418602144e-02
137.266 9.631251121794351389e-02
137.274 9.630562140082449263e-02
137.283 9.629873234081551270e-02
137.291 9.629184403865166664e-02
137.299 9.628495649455259819e-02
137.308 9.627806970787933238e-02
137.316 9.627118367919500208e-02
137.324 9.626429840734569698e-02
137.333 9.625741389255118574e-02
137.341 9.625053013571759075e-02
137.349 9.624364713586303077e-02
137.357 9.623676489234915532e-02
137.366 9.622988340591033529e-02
137.374 9.622300267607984681e-02
137.382 9.621612270324873817e-02
137.391 9.620924348695034101e-02
137.399 9.620236502654665178e-02
137.407 9.619548732294308513e-02
137.416 9.618861037550176241e-02
137.424 9.618173418409912967e-02
137.432 9.617485874775492938e-02
137.441 9.616798406771688568e-02
137.449 9.616111014386155564e-02
137.457 9.615423697606535758e-02
137.465 9.614736456283437538e-02
137.474 9.614049290541587522e-02
137.482 9.613362200351521780e-02
137.49 9.612675185683769441e-02
137.499 9.611988246508886002e-02
137.507 9.611301382797431125e-02
137.515 9.610614594519985288e-02
137.524 9.609927881852514675e-02
137.532 9.609241244560172424e-02
137.54 9.608554682750461429e-02
137.549 9.607868196428172303e-02
137.557 9.607181785392783502e-02
137.565 9.606495449871527148e-02
137.573 9.605809189903359580e-02
137.582 9.605123005099711064e-02
137.59 9.604436895756135462e-02
137.598 9.603750861860317622e-02
137.607 9.603064903194781510e-02
137.615 9.602379019986596875e-02
137.623 9.601693212223418039e-02
137.632 9.601007479602419181e-02
137.64 9.600321822418933504e-02
137.648 9.599636240489789474e-02
137.657 9.598950733853965633e-02
137.665 9.598265302482104910e-02
137.673 9.597579946413167806e-02
137.682 9.596894665720256956e-02
137.69 9.596209460186157225e-02
137.698 9.595524329866916835e-02
137.706 9.594839274886839131e-02
137.715 9.594154295062938542e-02
137.723 9.593469390485365178e-02
137.731 9.592784561005325561e-02
137.74 9.592099806730026990e-02
137.748 9.591415127834873600e-02
137.756 9.590730523983420630e-02
137.765 9.590045995146406765e-02
137.773 9.589361541550378565e-02
137.781 9.588677163251262126e-02
137.79 9.587992859895751174e-02
137.798 9.587308631710331208e-02
137.806 9.586624478665684013e-02
137.814 9.585940400630256486e-02
137.823 9.585256397677041629e-02
137.831 9.584572469913067716e-02
137.839 9.583888617172721391e-02
137.848 9.583204839375650264e-02
137.856 9.582521136782175264e-02
137.864 9.581837508937197934e-02
137.873 9.581153956390560389e-02
137.881 9.580470478823434333e-02
137.889 9.579787076002282964e-02
137.898 9.579103748408644703e-02
137.906 9.578420495791914457e-02
137.914 9.577737317969675646e-02
137.923 9.577054215151005467e-02
137.931 9.576371187459777057e-02
137.939 9.575688234594499637e-02
137.947 9.575005356440931259e-02
137.956 9.574322553276094772e-02
137.964 9.573639825206797793e-02
137.972 9.572957171931682774e-02
137.981 9.572274593472587800e-02
137.989 9.571592089987344953e-02
137.997 9.570909661276728875e-02
138.006 9.570227307243596437e-02
138.014 9.569545028266678022e-02
138.022 9.568862824180769666e-02
138.031 9.568180694701820810e-02
138.039 9.567498640021578071e-02
138.047 9.566816660246749149e-02
138.055 9.566134755297182879e-02
138.064 9.565452925007837670e-02
138.072 9.564771169434500842e-02
138.08 9.564089488632909752e-02
138.089 9.563407882624844203e-02
138.097 9.562726351296266247e-02
138.105 9.562044894685937935e-02
138.114 9.561363512815621024e-02
138.122 9.560682205639207953e-02
138.13 9.560000973076672459e-02
138.139 9.559319815200695292e-02
138.147 9.558638731982146974e-02
138.155 9.557957723442787878e-02
138.163 9.557276789502633374e-02
138.172 9.556595930200398326e-02
138.18 9.555915145557838941e-02
138.188 9.555234435444132091e-02
138.197 9.554553799965805061e-02
138.205 9.553873239059856859e-02
138.213 9.553192752714145808e-02
138.222 9.552512340899595167e-02
138.23 9.551832003773491619e-02
138.238 9.551151741120376959e-02
138.247 9.550471552894269911e-02
138.255 9.549791439387904368e-02
138.263 9.549111400199619681e-02
138.272 9.548431435402016110e-02
138.28 9.547751545321579714e-02
138.288 9.547071729726057387e-02
138.296 9.546391988535624096e-02
138.305 9.545712321704342973e-02
138.313 9.545032729372404656e-02
138.321 9.544353211510767099e-02
138.33 9.543673768073469843e-02
138.338 9.542994398963824954e-02
138.346 9.542315104406530468e-02
138.355 9.541635884152672997e-02
138.363 9.540956738139465265e-02
138.371 9.540277666676076629e-02
138.38 9.539598669513667251e-02
138.388 9.538919746707777425e-02
138.396 9.538240898195612938e-02
138.404 9.537562124032676614e-02
138.413 9.536883424071698756e-02
138.421 9.536204798570951935e-02
138.429 9.535526247450712423e-02
138.438 9.534847770428625524e-02
138.446 9.534169367678430040e-02
138.454 9.533491039238724263e-02
138.463 9.532812785012981238e-02
138.471 9.532134605039781217e-02
138.479 9.531456499307042196e-02
138.488 9.530778467870212878e-02
138.496 9.530100510632799615e-02
138.504 9.529422627363384746e-02
138.513 9.528744818370542269e-02
138.521 9.528067083659051695e-02
138.529 9.527389423132476276e-02
138.537 9.526711836694416735e-02
138.546 9.526034324383421403e-02
138.554 9.525356886052555039e-02
138.562 9.524679521993292819e-02
138.571 9.524002232142957103e-02
138.579 9.523325016354614037e-02
138.587 9.522647874498255116e-02
138.596 9.521970806814666899e-02
138.604 9.521293813207530599e-02
138.612 9.520616893647936008e-02
138.621 9.519940048056485526e-02
138.629 9.519263276555907372e-02
138.637 9.518586579134155623e-02
138.645 9.517909955560253932e-02
138.654 9.517233406276855157e-02
138.662 9.516556930867767217e-02
138.67 9.515880529270509536e-02
138.679 9.515204201725585564e-02
138.687 9.514527948187297135e-02
138.695 9.513851768559460076e-02
138.704 9.513175662846899694e-02
138.712 9.512499631189016980e-02
138.72 9.511823673371903876e-02
138.729 9.511147789333110336e-02
138.737 9.510471979346570015e-02
138.745 9.509796243316148701e-02
138.753 9.509120581061668298e-02
138.762 9.508444992503928272e-02
138.77 9.507769478017606690e-02
138.778 9.507094037254464058e-02
138.787 9.506418670320192221e-02
138.795 9.505743377303617347e-02
138.803 9.505068158108709309e-02
138.812 9.504393012572272259e-02
138.82 9.503717940833546207e-02
138.828 9.503042942981317076e-02
138.837 9.502368018902807023e-02
138.845 9.501693168552440005e-02
138.853 9.501018391851082101e-02
138.862 9.500343688971471523e-02
138.87 9.499669059851231778e-02
138.878 9.498994504360896984e-02
138.886 9.498320022622772085e-02
138.895 9.497645614557759242e-02
138.903 9.496971280170676821e-02
138.911 9.496297019348903801e-02
138.92 9.495622832365661903e-02
138.928 9.494948719091526879e-02
138.936 9.494274679262985905e-02
138.945 9.493600713069351438e-02
138.953 9.492926820532199272e-02
138.961 9.492253001589272265e-02
138.97 9.491579256312437929e-02
138.978 9.490905584639436343e-02
138.986 9.490231986457772773e-02
138.994 9.489558461872824036e-02
139.003 9.488885010906143724e-02
139.011 9.488211633327996164e-02
139.019 9.487538329310744867e-02
139.028 9.486865098859190160e-02
139.036 9.486191941978129594e-02
139.044 9.485518858588636026e-02
139.053 9.484845848528111745e-02
139.061 9.484172912102731279e-02
139.069 9.483500049250309649e-02
139.078 9.482827259557227717e-02
139.086 9.482154543480210418e-02
139.094 9.481481900873429958e-02
139.103 9.480809331574389931e-02
139.111 9.480136835822125518e-02
139.119 9.479464413420703173e-02
139.127 9.478792064458568811e-02
139.136 9.478119788823473335e-02
139.144 9.477447586520246214e-02
139.152 9.476775457620582876e-02
139.161 9.476103402112566465e-02
139.169 9.475431419850587067e-02
139.177 9.474759510956454189e-02
139.186 9.474087675501817463e-02
139.194 9.473415913257535181e-02
139.202 9.472744224261882284e-02
139.211 9.472072608653300807e-02
139.219 9.471401066286259940e-02
139.227 9.470729597148891399e-02
139.235 9.470058201312815671e-02
139.244 9.469386878649256600e-02
139.252 9.468715629296609038e-02
139.26 9.468044453226275026e-02
139.269 9.467373350276157840e-02
139.277 9.466702320501159396e-02
139.285 9.466031364039591278e-02
139.294 9.465360480645977626e-02
139.302 9.464689670475301408e-02
139.31 9.464018933482323814e-02
139.319 9.463348269638494070e-02
139.327 9.462677678831900308e-02
139.335 9.462007161234139985e-02
139.343 9.461336716816642900e-02
139.352 9.460666345367500785e-02
139.36 9.459996047091591420e-02
139.368 9.459325821877050122e-02
139.377 9.458655669878661409e-02
139.385 9.457985590851275548e-02
139.393 9.457315584799737274e-02
139.402 9.456645651928789753e-02
139.41 9.455975792059978513e-02
139.418 9.455306005081556830e-02
139.427 9.454636291198219300e-02
139.435 9.453966650348143153e-02
139.443 9.453297082586076261e-02
139.452 9.452627587650468122e-02
139.46 9.451958165629417707e-02
139.468 9.451288816777382584e-02
139.476 9.450619540799588825e-02
139.485 9.449950337734153161e-02
139.493 9.449281207569265595e-02
139.501 9.448612150309765312e-02
139.51 9.447943166110144009e-02
139.518 9.447274254659200621e-02
139.526 9.446605416078206197e-02
139.535 9.445936650521614963e-02
139.543 9.445267957761455113e-02
139.551 9.444599337802567218e-02
139.56 9.443930790732883718e-02
139.568 9.443262316523982902e-02
139.576 9.442593915097580171e-02
139.584 9.441925586441896057e-02
139.593 9.441257330727891028e-02
139.601 9.440589147744395115e-02
139.609 9.439921037446424856e-02
139.618 9.439252999988288761e-02
139.626 9.438585035324960348e-02
139.634 9.437917143411456156e-02
139.643 9.437249324235977288e-02
139.651 9.436581577670564991e-02
139.659 9.435913904002211916e-02
139.668 9.435246303086329556e-02
139.676 9.434578774678831214e-02
139.684 9.433911318933921319e-02
139.692 9.433243936055477064e-02
139.701 9.432576625716534990e-02
139.709 9.431909388004873496e-02
139.717 9.431242223174056416e-02
139.726 9.430575130764567993e-02
139.734 9.429908110947092525e-02
139.742 9.429241163859067298e-02
139.751 9.428574289273224107e-02
139.759 9.427907487393294428e-02
139.767 9.427240758108064445e-02
139.776 9.426574101356069435e-02
139.784 9.425907516993048407e-02
139.792 9.425241005421429452e-02
139.801 9.424574566430632405e-02
139.809 9.423908199810175634e-02
139.817 9.423241905697404830e-02
139.825 9.422575684064027346e-02
139.834 9.421909535163203175e-02
139.842 9.421243458635499002e-02
139.85 9.420577454419577779e-02
139.859 9.419911522917479019e-02
139.867 9.419245663736833252e-02
139.875 9.418579877014850166e-02
139.884 9.417914162772896003e-02
139.892 9.417248520933066414e-02
139.9 9.416582951450572225e-02
139.909 9.415917454412950360e-02
139.917 9.415252029940737732e-02
139.925 9.414586677641911816e-02
139.933 9.413921397703205185e-02
139.942 9.413256190327794204e-02
139.95 9.412591055206410984e-02
139.958 9.411925992310861411e-02
139.967 9.411261001778202517e-02
139.975 9.410596083745401130e-02
139.983 9.409931238018988398e-02
139.992 9.409266464356022541e-02
140 9.408601763058702105e-02
140.008 9.407937134181346139e-02
140.017 9.407272577580130801e-02
140.025 9.406608093078261401e-02
140.033 9.405943680928242900e-02
140.042 9.405279341019313899e-02
140.05 9.404615073339786524e-02
140.058 9.403950877762477789e-02
140.066 9.403286754407748360e-02
140.075 9.402622703428889506e-02
140.083 9.401958724566726600e-02
140.091 9.401294817908580070e-02
140.1 9.400630983294340492e-02
140.108 9.399967220893777620e-02
140.116 9.399303530678709828e-02
140.125 9.398639912538542251e-02
140.133 9.397976366527581449e-02
140.141 9.397312892601190903e-02
140.15 9.396649490945491179e-02
140.158 9.395986161268636561e-02
140.166 9.395322903707301054e-02
140.174 9.394659718233346057e-02
140.183 9.393996604785700977e-02
140.191 9.393333563286843102e-02
140.199 9.392670593939264623e-02
140.208 9.392007696550143392e-02
140.216 9.391344871321907761e-02
140.224 9.390682118061778605e-02
140.233 9.390019436741672831e-02
140.241 9.389356827498106239e-02
140.249 9.388694290220668537e-02
140.258 9.388031824749641652e-02
140.266 9.387369431418972343e-02
140.274 9.386707110068900906e-02
140.282 9.386044860441060400e-02
140.291 9.385382683000866033e-02
140.299 9.384720577391263141e-02
140.307 9.384058543485558623e-02
140.316 9.383396581666791914e-02
140.324 9.382734691758888579e-02
140.332 9.382072873651610412e-02
140.341 9.381411127431978081e-02
140.349 9.380749453121245418e-02
140.357 9.380087850609192257e-02
140.366 9.379426319884240359e-02
140.374 9.378764860967650496e-02
140.382 9.378103474012083884e-02
140.391 9.377442158808804717e-02
140.399 9.376780915346244472e-02
140.407 9.376119743678495988e-02
140.415 9.375458643761126754e-02
140.424 9.374797615681049190e-02
140.432 9.374136659295342899e-02
140.44 9.373475774723731557e-02
140.449 9.372814961856146265e-02
140.457 9.372154220615380726e-02
140.465 9.371493551121143351e-02
140.474 9.370832953460259129e-02
140.482 9.370172427391475212e-02
140.49 9.369511973001658223e-02
140.499 9.368851590246428385e-02
140.507 9.368191279245408065e-02
140.515 9.367531039921417335e-02
140.523 9.366870872066170028e-02
140.532 9.366210775930400301e-02
140.54 9.365550751502525750e-02
140.548 9.364890798607083955e-02
140.557 9.364230917199771465e-02
140.565 9.363571107531194759e-02
140.573 9.362911369458697119e-02
140.582 9.362251702774176954e-02
140.59 9.361592107760932646e-02
140.598 9.360932584407376245e-02
140.607 9.360273132472690660e-02
140.615 9.359613752010860488e-02
140.623 9.358954443108580268e-02
140.632 9.358295205721557652e-02
140.64 9.357636039838246322e-02
140.648 9.356976945545301960e-02
140.656 9.356317922602074011e-02
140.665 9.355658971029796878e-02
140.673 9.355000091111422000e-02
140.681 9.354341282540934444e-02
140.69 9.353682545470388965e-02
140.698 9.353023879724707557e-02
140.706 9.352365285423214214e-02
140.715 9.351706762619764468e-02
140.723 9.351048311073961727e-02
140.731 9.350389930937774707e-02
140.74 9.349731622199683456e-02
140.748 9.349073384717440649e-02
140.756 9.348415218806348237e-02
140.764 9.347757124226102610e-02
140.773 9.347099100769185043e-02
140.781 9.346441148816156397e-02
140.789 9.345783268094150220e-02
140.798 9.345125458689665376e-02
140.806 9.344467720558552459e-02
140.814 9.343810053754612877e-02
140.823 9.343152458201055277e-02
140.831 9.342494933788446365e-02
140.839 9.341837480799099203e-02
140.848 9.341180099058286890e-02
140.856 9.340522788358737727e-02
140.864 9.339865549015298474e-02
140.872 9.339208380918570529e-02
140.881 9.338551283926579960e-02
140.889 9.337894258060505659e-02
140.897 9.337237303667605959e-02
140.906 9.336580420214592169e-02
140.914 9.335923607755271247e-02
140.922 9.335266866702039701e-02
140.931 9.334610196815153194e-02
140.939 9.333953597920176259e-02
140.947 9.333297070168639076e-02
140.956 9.332640613549068875e-02
140.964 9.331984228049990115e-02
140.972 9.331327913594790469e-02
140.981 9.330671670237168647e-02
140.989 9.330015497965664373e-02
140.997 9.329359396605985122e-02
141.005 9.328703366374668793e-02
141.014 9.328047407455587747e-02
141.022 9.327391519251218566e-02
141.03 9.326735701978072779e-02
141.039 9.326079955885115125e-02
141.047 9.325424280765591545e-02
141.055 9.324768676705680326e-02
141.064 9.324113143466172815e-02
141.072 9.323457681295944932e-02
141.08 9.322802290118464841e-02
141.089 9.322146969824723906e-02
141.097 9.321491720370783662e-02
141.105 9.320836541875326953e-02
141.113 9.320181434489469008e-02
141.122 9.319526397811621343e-02
141.13 9.318871432090462814e-02
141.138 9.318216537282057732e-02
141.147 9.317561713244988664e-02
141.155 9.316906960162840701e-02
141.163 9.316252277861704345e-02
141.172 9.315597666427667678e-02
141.18 9.314943125979233129e-02
141.188 9.314288656180161330e-02
141.197 9.313634257181477305e-02
141.205 9.312979929036721560e-02
141.213 9.312325671766945312e-02
141.222 9.311671485133485304e-02
141.23 9.311017369352192485e-02
141.238 9.310363324314288591e-02
141.246 9.309709350008381346e-02
141.255 9.309055446487991825e-02
141.263 9.308401613611926029e-02
141.271 9.307747851531036898e-02
141.28 9.307094160104166514e-02
141.288 9.306440539449677141e-02
141.296 9.305786989523731623e-02
141.305 9.305133510185246981e-02
141.313 9.304480101422875349e-02
141.321 9.303826763484608631e-02
141.33 9.303173496196943948e-02
141.338 9.302520299580928353e-02
141.346 9.301867173495556584e-02
141.354 9.301214118091502558e-02
141.363 9.300561133098197986e-02
141.371 9.299908218893071510e-02
141.379 9.299255375270359947e-02
141.388 9.298602602251093696e-02
141.396 9.297949899694374354e-02
141.404 9.297297267750771754e-02
141.413 9.296644706441295480e-02
141.421 9.295992215625077659e-02
141.429 9.295339795226047197e-02
141.438 9.294687445394712866e-02
141.446 9.294035166249151048e-02
141.454 9.293382957357337881e-02
141.462 9.292730818999170306e-02
141.471 9.292078751227995925e-02
141.479 9.291426753838377683e-02
141.487 9.290774827013043025e-02
141.496 9.290122970611285058e-02
141.504 9.289471184492435751e-02
141.512 9.288819468871531426e-02
141.521 9.288167823801869727e-02
141.529 9.287516248948862740e-02
141.537 9.286864744592104870e-02
141.546 9.286213310623307737e-02
141.554 9.285561947063458721e-02
141.562 9.284910653901222444e-02
141.571 9.284259430899159671e-02
141.579 9.283608278272115211e-02
141.587 9.282957196267128952e-02
141.595 9.282306184388416925e-02
141.604 9.281655242818465101e-02
141.612 9.281004371578262246e-02
141.62 9.280353570688767983e-02
141.629 9.279702840009559917e-02
141.637 9.279052179561635139e-02
141.645 9.278401589462784149e-02
141.654 9.277751069637153736e-02
141.662 9.277100620008919829e-02
141.67 9.276450240695838234e-02
141.679 9.275799931525316455e-02
141.687 9.275149692647356725e-02
141.695 9.274499523953894098e-02
141.703 9.273849425304689365e-02
141.712 9.273199396978658304e-02
141.72 9.272549438867766503e-02
141.728 9.271899550799567180e-02
141.737 9.271249733052865094e-02
141.745 9.270599985422996181e-02
141.753 9.269950307866475780e-02
141.762 9.269300700436484963e-02
141.77 9.268651163057325948e-02
141.778 9.268001695814388763e-02
141.787 9.267352298728592785e-02
141.795 9.266702971788658150e-02
141.803 9.266053714822310161e-02
141.812 9.265404527914915256e-02
141.82 9.264755411055218548e-02
141.828 9.264106364360696899e-02
141.836 9.263457387562612499e-02
141.845 9.262808480810649781e-02
141.853 9.262159644190069707e-02
141.861 9.261510877528736363e-02
141.87 9.260862180783251130e-02
141.878 9.260213554071056175e-02
141.886 9.259564997380884122e-02
141.895 9.258916510540705913e-02
141.903 9.258268093667931797e-02
141.911 9.257619746912056080e-02
141.92 9.256971469972495592e-02
141.928 9.256323262870197466e-02
141.936 9.255675125883182364e-02
141.944 9.255027058743102442e-02
141.953 9.254379061374493065e-02
141.961 9.253731134055293017e-02
141.969 9.253083276613613406e-02
141.978 9.252435488813423592e-02
141.986 9.251787771028938123e-02
141.994 9.251140123024120809e-02
142.003 9.250492544916195936e-02
142.011 9.249845036726041247e-02
142.019 9.249197598314017055e-02
142.028 9.248550229540547507e-02
142.036 9.247902930587026393e-02
142.044 9.247255701570596120e-02
142.052 9.246608542255418950e-02
142.061 9.245961452790707469e-02
142.069 9.245314433004861443e-02
142.077 9.244667482918778045e-02
142.086 9.244020602553355836e-02
142.094 9.243373792057722749e-02
142.102 9.242727051260332671e-02
142.111 9.242080380085886115e-02
142.119 9.241433778587343495e-02
142.127 9.240787246753513762e-02
142.136 9.240140784733456847e-02
142.144 9.239494392323689687e-02
142.152 9.238848069545090025e-02
142.161 9.238201816482592699e-02
142.169 9.237555632964838948e-02
142.177 9.236909519044748940e-02
142.185 9.236263474871275747e-02
142.194 9.235617500209064579e-02
142.202 9.234971595175041348e-02
142.21 9.234325759854072890e-02
142.219 9.233679993946876385e-02
142.227 9.233034297538350588e-02
142.235 9.232388670809373032e-02
142.244 9.231743113620750896e-02
142.252 9.231097626089303232e-02
142.26 9.230452207979907009e-02
142.269 9.229806859217476456e-02
142.277 9.229161580142720978e-02
142.285 9.228516370584542716e-02
142.293 9.227871230467830921e-02
142.302 9.227226159781461157e-02
142.31 9.226581158578242570e-02
142.318 9.225936226942918483e-02
142.327 9.225291364640593461e-02
142.335 9.224646571851906340e-02
142.343 9.224001848501790779e-02
142.352 9.223357194515212354e-02
142.36 9.222712609944948292e-02
142.368 9.222068094684049422e-02
142.377 9.221423649008844703e-02
142.385 9.220779272620747979e-02
142.393 9.220134965540589811e-02
142.402 9.219490727853053846e-02
142.41 9.218846559483155623e-02
142.418 9.218202460515556584e-02
142.426 9.217558430907196731e-02
142.435 9.216914470646951629e-02
142.443 9.216270579659881224e-02
142.451 9.215626757839183447e-02
142.46 9.214983005460897214e-02
142.468 9.214339322354377082e-02
142.476 9.213695708380947869e-02
142.485 9.213052163816565221e-02
142.493 9.212408688490644759e-02
142.501 9.211765282328328308e-02
142.51 9.211121945382301501e-02
142.518 9.210478677673356041e-02
142.526 9.209835479285993776e-02
142.534 9.209192350081626954e-02
142.543 9.208549289921715009e-02
142.551 9.207906299050100385e-02
142.559 9.207263377264525428e-02
142.568 9.206620524840601616e-02
142.576 9.205977741416851434e-02
142.584 9.205335027045941088e-02
142.593 9.204692382067060363e-02
142.601 9.204049805991500188e-02
142.609 9.203407299062919822e-02
142.618 9.202764861461222579e-02
142.626 9.202122492697864531e-02
142.634 9.201480192952803117e-02
142.642 9.200837962469542164e-02
142.651 9.200195800855173744e-02
142.659 9.199553708575869404e-02
142.667 9.198911685175167885e-02
142.676 9.198269730864694349e-02
142.684 9.197627845601577534e-02
142.692 9.196986029247559979e-02
142.701 9.196344281950592781e-02
142.709 9.195702603636030092e-02
142.717 9.195060994261046450e-02
142.726 9.194419453973511069e-02
142.734 9.193777982603451582e-02
142.742 9.193136580108071665e-02
142.751 9.192495246698749456e-02
142.759 9.191853982142025870e-02
142.767 9.191212786490421394e-02
142.775 9.190571659796425985e-02
142.784 9.189930602048995700e-02
142.792 9.189289613046572325e-02
142.8 9.188648693127401956e-02
142.809 9.188007842058178165e-02
142.817 9.187367059637450983e-02
142.825 9.186726346235106477e-02
142.834 9.186085701681402649e-02
142.842 9.185445125997047933e-02
142.85 9.184804619107565793e-02
142.859 9.184164180970220970e-02
142.867 9.183523811764338074e-02
142.875 9.182883511288569833e-02
142.883 9.182243279531937530e-02
142.892 9.181603116610276283e-02
142.9 9.180963022512565741e-02
142.908 9.180322997196078971e-02
142.917 9.179683040491327939e-02
142.925 9.179043152640893599e-02
142.933 9.178403333538671938e-02
142.942 9.177763583015237370e-02
142.95 9.177123901344776125e-02
142.958 9.176484288294493863e-02
142.967 9.175844743885111510e-02
142.975 9.175205268232328182e-02
142.983 9.174565861230142561e-02
142.992 9.173926522930887784e-02
143 9.173287253386896989e-02
143.008 9.172648052238928373e-02
143.016 9.172008919887569833e-02
143.025 9.171369856100242135e-02
143.033 9.170730860897641223e-02
143.041 9.170091934427000713e-02
143.05 9.169453076392572455e-02
143.058 9.168814286941605329e-02
143.066 9.168175566189652737e-02
143.075 9.167536913935941945e-02
143.083 9.166898330327653832e-02
143.091 9.166259815164068403e-02
143.1 9.165621368465874663e-02
143.108 9.164982990348596870e-02
143.116 9.164344680864458526e-02
143.124 9.163706439718034835e-02
143.133 9.163068267182830628e-02
143.141 9.162430163184664966e-02
143.149 9.161792127459814084e-02
143.158 9.161154160344898989e-02
143.166 9.160516261670986760e-02
143.174 9.159878431458726156e-02
143.183 9.159240669570843651e-02
143.191 9.158602976185901967e-02
143.199 9.157965351229782613e-02
143.208 9.157327794723123249e-02
143.216 9.156690306528708634e-02
143.224 9.156052886793444867e-02
143.232 9.155415535411701167e-02
143.241 9.154778252404117966e-02
143.249 9.154141037728205643e-02
143.257 9.153503891341510657e-02
143.266 9.152866813485473207e-02
143.274 9.152229803802168495e-02
143.282 9.151592862469948297e-02
143.291 9.150955989477882468e-02
143.299 9.150319184751992685e-02
143.307 9.149682448407475688e-02
143.316 9.149045780244255410e-02
143.324 9.148409180409047825e-02
143.332 9.147772648796387296e-02
143.341 9.147136185395376984e-02
143.349 9.146499790258137697e-02
143.357 9.145863463436766649e-02
143.365 9.145227204762840234e-02
143.374 9.144591014351471925e-02
143.382 9.143954892097265474e-02
143.39 9.143318838115292724e-02
143.399 9.142682852268704807e-02
143.407 9.142046934483660792e-02
143.415 9.141411085127029712e-02
143.424 9.140775303778692074e-02
143.432 9.140139590427806549e-02
143.44 9.139503945378199545e-02
143.449 9.138868368493077710e-02
143.457 9.138232859667184960e-02
143.465 9.137597418858198206e-02
143.473 9.136962046275440286e-02
143.482 9.136326741845081367e-02
143.49 9.135691505210360996e-02
143.498 9.135056336832096668e-02
143.507 9.134421236605058669e-02
143.515 9.133786204204003001e-02
143.523 9.133151239963875623e-02
143.532 9.132516343968043182e-02
143.54 9.131881515671404215e-02
143.548 9.131246755440217133e-02
143.557 9.130612063295033554e-02
143.565 9.129977439005078355e-02
143.573 9.129342882810818904e-02
143.582 9.128708394638541945e-02
143.59 9.128073974351789965e-02
143.598 9.127439621939734127e-02
143.606 9.126805337674098739e-02
143.615 9.126171121292844801e-02
143.623 9.125536972722389506e-02
143.631 9.124902892014682965e-02
143.64 9.124268879378558128e-02
143.648 9.123634934520748196e-02
143.656 9.123001057555940596e-02
143.665 9.122367248536036866e-02
143.673 9.121733507418816611e-02
143.681 9.121099834099356818e-02
143.69 9.120466228472777492e-02
143.698 9.119832690873197478e-02
143.706 9.119199221101623176e-02
143.714 9.118565819147235463e-02
143.723 9.117932484999216602e-02
143.731 9.117299218458715937e-02
143.739 9.116666019796995646e-02
143.748 9.116032889034542119e-02
143.756 9.115399826035190667e-02
143.764 9.114766830662841823e-02
143.773 9.114133903188613439e-02
143.781 9.113501043413740899e-02
143.789 9.112868251264810704e-02
143.798 9.112235526950229758e-02
143.806 9.111602870271316712e-02
143.814 9.110970281342502253e-02
143.822 9.110337760059089574e-02
143.831 9.109705306535464953e-02
143.839 9.109072920729530121e-02
143.847 9.108440602411446707e-02
143.856 9.107808351726924545e-02
143.864 9.107176168946694295e-02
143.872 9.106544053684569040e-02
143.881 9.105912005929787945e-02
143.889 9.105280025890509499e-02
143.897 9.104648113462117387e-02
143.906 9.104016268602573014e-02
143.914 9.103384491394873879e-02
143.922 9.102752781640702229e-02
143.931 9.102121139485577772e-02
143.939 9.101489565012473026e-02
143.947 9.100858057960604930e-02
143.955 9.100226618475468210e-02
143.964 9.099595246546278438e-02
143.972 9.098963942131034488e-02
143.98 9.098332705187743563e-02
143.989 9.097701535799330996e-02
143.997 9.097070433892591457e-02
144.005 9.096439399425539085e-02
144.014 9.095808432418651945e-02
144.022 9.095177532954813737e-02
144.03 9.094546700960837171e-02
144.039 9.093915936269943157e-02
144.047 9.093285239089830829e-02
144.055 9.092654609440931068e-02
144.063 9.092024047031722900e-02
144.072 9.091393552101045827e-02
144.08 9.090763124606938972e-02
144.088 9.090132764413930144e-02
144.097 9.089502471636022596e-02
144.105 9.088872246293649981e-02
144.113 9.088242088282534603e-02
144.122 9.087611997591953095e-02
144.13 9.086981974148862495e-02
144.138 9.086352018067213321e-02
144.147 9.085722129460893637e-02
144.155 9.085092308069897538e-02
144.163 9.084462553883534963e-02
144.172 9.083832867046857940e-02
144.18 9.083203247611409958e-02
144.188 9.082573695379593526e-02
144.196 9.081944210340724133e-02
144.205 9.081314792515246537e-02
144.213 9.080685441985848760e-02
144.221 9.080056158804052091e-02
144.23 9.079426942834623038e-02
144.238 9.078797793942400274e-02
144.246 9.078168712303397170e-02
144.255 9.077539697844683175e-02
144.263 9.076910750648892190e-02
144.271 9.076281870549775255e-02
144.28 9.075653057598866147e-02
144.288 9.075024311878765459e-02
144.296 9.074395633316570398e-02
144.304 9.073767021901592289e-02
144.313 9.073138477560961646e-02
144.321 9.072510000284010612e-02
144.329 9.071881590122241046e-02
144.338 9.071253247127113173e-02
144.346 9.070624971350069177e-02
144.354 9.069996762500760756e-02
144.363 9.069368620723904095e-02
144.371 9.068740546008816072e-02
144.379 9.068112538313764792e-02
144.388 9.067484597721252315e-02
144.396 9.066856724220589969e-02
144.404 9.066228917707951085e-02
144.412 9.065601178141635685e-02
144.421 9.064973505635164075e-02
144.429 9.064345900115779175e-02
144.437 9.063718361479734809e-02
144.446 9.063090889902573888e-02
144.454 9.062463485435658106e-02
144.462 9.061836147820120924e-02
144.471 9.061208877045343058e-02
144.479 9.060581673224758770e-02
144.487 9.059954536471769015e-02
144.496 9.059327466558622644e-02
144.504 9.058700463567712080e-02
144.512 9.058073527612389708e-02
144.521 9.057446658341002099e-02
144.529 9.056819855959939713e-02
144.537 9.056193120520537876e-02
144.545 9.055566451919171145e-02
144.554 9.054939850269148882e-02
144.562 9.054313315342953083e-02
144.57 9.053686847284873884e-02
144.579 9.053060446084264246e-02
144.587 9.052434111699518560e-02
144.595 9.051807844089046484e-02
144.604 9.051181643273203958e-02
144.612 9.050555509303272184e-02
144.62 9.049929442013850134e-02
144.629 9.049303441518154190e-02
144.637 9.048677507805559517e-02
144.645 9.048051640865438505e-02
144.653 9.047425840656232732e-02
144.662 9.046800107136399038e-02
144.67 9.046174440326285038e-02
144.678 9.045548840338986374e-02
144.687 9.044923307102016585e-02
144.695 9.044297840357382046e-02
144.703 9.043672440310980554e-02
144.712 9.043047107014032249e-02
144.72 9.042421840424998136e-02
144.728 9.041796640440553923e-02
144.737 9.041171507050117795e-02
144.745 9.040546440335817113e-02
144.753 9.039921440317941204e-02
144.762 9.039296506800519049e-02
144.77 9.038671639958349713e-02
144.778 9.038046839749928896e-02
144.786 9.037422106041130554e-02
144.795 9.036797439037569379e-02
144.803 9.036172838574232924e-02
144.811 9.035548304517065921e-02
144.82 9.034923837102498689e-02
144.828 9.034299436289057461e-02
144.836 9.033675101911851912e-02
144.845 9.033050834207190238e-02
144.853 9.032426632917633924e-02
144.861 9.031802498125186818e-02
144.87 9.031178429880996894e-02
144.878 9.030554427989409549e-02
144.886 9.029930492655795227e-02
144.894 9.029306623838723178e-02
144.903 9.028682821435134176e-02
144.911 9.028059085465299505e-02
144.919 9.027435415887852255e-02
144.928 9.026811812938832780e-02
144.936 9.026188276268616584e-02
144.944 9.025564805959149228e-02
144.953 9.024941402092337417e-02
144.961 9.024318064657615990e-02
144.969 9.023694793644435053e-02
144.978 9.023071588949836686e-02
144.986 9.022448450655683183e-02
144.994 9.021825378597461698e-02
145.002 9.021202372887840437e-02
145.011 9.020579433670213032e-02
145.019 9.019956560656945677e-02
145.027 9.019333754022221261e-02
145.036 9.018711013724735326e-02
145.044 9.018088339569285683e-02
145.052 9.017465731791574068e-02
145.061 9.016843190411806541e-02
145.069 9.016220715173323130e-02
145.077 9.015598306188683797e-02
145.086 9.014975963447370566e-02
145.094 9.014353687123383141e-02
145.102 9.013731476837166801e-02
145.111 9.013109332701257914e-02
145.119 9.012487254981839391e-02
145.127 9.011865243391690983e-02
145.135 9.011243298074010644e-02
145.144 9.010621418833870966e-02
145.152 9.009999605691536295e-02
145.16 9.009377858913053538e-02
145.169 9.008756178242093016e-02
145.177 9.008134563698876052e-02
145.185 9.007513015272929080e-02
145.194 9.006891532923046173e-02
145.202 9.006270116761581901e-02
145.21 9.005648766808728445e-02
145.219 9.005027482777666625e-02
145.227 9.004406264934231019e-02
145.235 9.003785113175830079e-02
145.243 9.003164027522665702e-02
145.252 9.002543007872193526e-02
145.26 9.001922054244629323e-02
145.268 9.001301166629512018e-02
145.277 9.000680345261777293e-02
145.285 9.000059589793490966e-02
145.293 8.999438900183547030e-02
145.302 8.998818276789519177e-02
145.31 8.998197719416889395e-02
145.318 8.997577227901899788e-02
145.327 8.996956802418051846e-02
145.335 8.996336442954870616e-02
145.343 8.995716149440578790e-02
145.351 8.995095921772788827e-02
145.36 8.994475760124916175e-02
145.368 8.993855664455850663e-02
145.376 8.993235634663215849e-02
145.385 8.992615670797840521e-02
145.393 8.991995772849260826e-02
145.401 8.991375940745791051e-02
145.41 8.990756174507608112e-02
145.418 8.990136474246744613e-02
145.426 8.989516839738430354e-02
145.435 8.988897271217141660e-02
145.443 8.988277768611180329e-02
145.451 8.987658331634665321e-02
145.46 8.987038960552622135e-02
145.468 8.986419655293403919e-02
145.476 8.985800415968941968e-02
145.484 8.985181242385237299e-02
145.493 8.984562134440128578e-02
145.501 8.983943092490211113e-02
145.509 8.983324116249792601e-02
145.518 8.982705205677897486e-02
145.526 8.982086361039261224e-02
145.534 8.981467581956621704e-02
145.543 8.980848868725238576e-02
145.551 8.980230221273549640e-02
145.559 8.979611639438329906e-02
145.568 8.978993123392531306e-02
145.576 8.978374672942412982e-02
145.584 8.977756288291419140e-02
145.592 8.977137969337481427e-02
145.601 8.976519715948043376e-02
145.609 8.975901528295934795e-02
145.617 8.975283406309669809e-02
145.626 8.974665349917787527e-02
145.634 8.974047359170959914e-02
145.642 8.973429434028264151e-02
145.651 8.972811574723454919e-02
145.659 8.972193780757829751e-02
145.667 8.971576052426205594e-02
145.676 8.970958389840204272e-02
145.684 8.970340792653848372e-02
145.692 8.969723261161804961e-02
145.701 8.969105795262173608e-02
145.709 8.968488394761588156e-02
145.717 8.967871059893646468e-02
145.725 8.967253790678421377e-02
145.734 8.966636586861635727e-02
145.742 8.966019448554869709e-02
145.75 8.965402375717282379e-02
145.759 8.964785368490876816e-02
145.767 8.964168426712888771e-02
145.775 8.963551550312044702e-02
145.784 8.962934739521702387e-02
145.792 8.962317994179164193e-02
145.8 8.961701314243601668e-02
145.809 8.961084699765588246e-02
145.817 8.960468150673851773e-02
145.825 8.959851667049394119e-02
145.833 8.959235248881831926e-02
145.842 8.958618896191243575e-02
145.85 8.958002608723782123e-02
145.858 8.957386386651731980e-02
145.867 8.956770230025597190e-02
145.875 8.956154138682891064e-02
145.883 8.955538112856659128e-02
145.892 8.954922152323595286e-02
145.9 8.954306257134184155e-02
145.908 8.953690427156463238e-02
145.917 8.953074662623379532e-02
145.925 8.952458963342141418e-02
145.933 8.951843329484827916e-02
145.941 8.951227760858687654e-02
145.95 8.950612257392630278e-02
145.958 8.949996819319491759e-02
145.966 8.949381446568110965e-02
145.975 8.948766139037014899e-02
145.983 8.948150896776646546e-02
145.991 8.947535719685550948e-02
146 8.946920607753426624e-02
146.008 8.946305561212929136e-02
146.016 8.945690579780404827e-02
146.025 8.945075663627737039e-02
146.033 8.944460812623154788e-02
146.041 8.943846026817071915e-02
146.05 8.943231306229527944e-02
146.058 8.942616650637766340e-02
146.066 8.942002060365322746e-02
146.074 8.941387535341158155e-02
146.083 8.940773075251558233e-02
146.091 8.940158680237969557e-02
146.099 8.939544350532743766e-02
146.108 8.938930085882915155e-02
146.116 8.938315886338853156e-02
146.124 8.937701751890257673e-02
146.133 8.937087682557148804e-02
146.141 8.936473678207981775e-02
146.149 8.935859739014351266e-02
146.158 8.935245864784110981e-02
146.166 8.934632055719114729e-02
146.174 8.934018311596955697e-02
146.182 8.933404632498266607e-02
146.191 8.932791018473358602e-02
146.199 8.932177469481639154e-02
146.207 8.931563985421975271e-02
146.216 8.930950566374959432e-02
146.224 8.930337212421149418e-02
146.232 8.929723923338307723e-02
146.241 8.929110699085930636e-02
146.249 8.928497539956484208e-02
146.257 8.927884445879116782e-02
146.266 8.927271416571164186e-02
146.274 8.926658452173720504e-02
146.282 8.926045552918572545e-02
146.291 8.925432718311356040e-02
146.299 8.924819948644388545e-02
146.307 8.924207243937647138e-02
146.315 8.923594604180852541e-02
146.324 8.922982029273024418e-02
146.332 8.922369519203908472e-02
146.34 8.921757073933045401e-02
146.349 8.921144693480434484e-02
146.357 8.920532377896289722e-02
146.365 8.919920127291230960e-02
146.374 8.919307941443462007e-02
146.382 8.918695820342749381e-02
146.39 8.918083764009097913e-02
146.399 8.917471772432276900e-02
146.407 8.916859845813494834e-02
146.415 8.916247983900857377e-02
146.423 8.915636186714352707e-02
146.432 8.915024454273957899e-02
146.44 8.914412786629828667e-02
146.448 8.913801183741544565e-02
146.457 8.913189645538500960e-02
146.465 8.912578171980312103e-02
146.473 8.911966763268018565e-02
146.482 8.911355419210317819e-02
146.49 8.910744139766851868e-02
146.498 8.910132925168740003e-02
146.507 8.909521775104099761e-02
146.515 8.908910689713568642e-02
146.523 8.908299668986928432e-02
146.531 8.907688712913962303e-02
146.54 8.907077821544769070e-02
146.548 8.906466994778682034e-02
146.556 8.905856232665797234e-02
146.565 8.905245535015060554e-02
146.573 8.904634902087552040e-02
146.581 8.904024333752495746e-02
146.59 8.903413829999703988e-02
146.598 8.902803390818976592e-02
146.606 8.902193016079641696e-02
146.615 8.901582706012492463e-02
146.623 8.900972460516963503e-02
146.631 8.900362279552738454e-02
146.64 8.899752163049427789e-02
146.648 8.899142111026973889e-02
146.656 8.898532123655815418e-02
146.664 8.897922200715038810e-02
146.673 8.897312342314858680e-02
146.681 8.896702548324740556e-02
146.689 8.896092818764610166e-02
146.698 8.895483153864977566e-02
146.706 8.894873553254648013e-02
146.714 8.894264017103965803e-02
146.723 8.893654545462910399e-02
146.731 8.893045138170942165e-02
146.739 8.892435795398315190e-02
146.748 8.891826516924403179e-02
146.756 8.891217302889378726e-02
146.764 8.890608153192899876e-02
146.772 8.889999068095304213e-02
146.781 8.889390047255819882e-02
146.789 8.888781090664335527e-02
146.797 8.888172198611163366e-02
146.806 8.887563370725617973e-02
146.814 8.886954607207872558e-02
146.822 8.886345908137865957e-02
146.831 8.885737273385289903e-02
146.839 8.885128702970028491e-02
146.847 8.884520196701804762e-02
146.856 8.883911754750645207e-02
146.864 8.883303377166434922e-02
146.872 8.882695063788938195e-02
146.881 8.882086814788113516e-02
146.889 8.881478630003759867e-02
146.897 8.880870509425752013e-02
146.905 8.880262453133974665e-02
146.914 8.879654460938318783e-02
146.922 8.879046533038646716e-02
146.93 8.878438669424799923e-02
146.939 8.877830869966699123e-02
146.947 8.877223134684220085e-02
146.955 8.876615463687169416e-02
146.964 8.876007856695609932e-02
146.972 8.875400313909292960e-02
146.98 8.874792835467935903e-02
146.989 8.874185421031743903e-02
146.997 8.873578070740471835e-02
147.005 8.872970784584002790e-02
147.013 8.872363562492319167e-02
147.022 8.871756404635054716e-02
147.03 8.871149310792415810e-02
147.038 8.870542281044171973e-02
147.047 8.869935315499988260e-02
147.055 8.869328414000042515e-02
147.063 8.868721576354635094e-02
147.072 8.868114802942848873e-02
147.08 8.867508093545045655e-02
147.088 8.866901448300767985e-02
147.097 8.866294866990433177e-02
147.105 8.865688349633911447e-02
147.113 8.865081896370712033e-02
147.121 8.864475507100992580e-02
147.13 8.863869181904394934e-02
147.138 8.863262920681097556e-02
147.146 8.862656723301431949e-02
147.155 8.862050589934747369e-02
147.163 8.861444520600844643e-02
147.171 8.860838515289622130e-02
147.18 8.860232573811674395e-02
147.188 8.859626696156956693e-02
147.196 8.859020882644133565e-02
147.205 8.858415132874648823e-02
147.213 8.857809447077499843e-02
147.221 8.857203825212724146e-02
147.23 8.856598267329980623e-02
147.238 8.855992773060815393e-02
147.246 8.855387342813310358e-02
147.254 8.854781976487781370e-02
147.263 8.854176673895039484e-02
147.271 8.853571435174313609e-02
147.279 8.852966260315549285e-02
147.288 8.852361149249003691e-02
147.296 8.851756102203355014e-02
147.304 8.851151118661267081e-02
147.313 8.850546199030467909e-02
147.321 8.849941343211389921e-02
147.329 8.849336551253626781e-02
147.338 8.848731823087473136e-02
147.346 8.848127158494151212e-02
147.354 8.847522557732034887e-02
147.362 8.846918020731438237e-02
147.371 8.846313547422697543e-02
147.379 8.845709138004452521e-02
147.387 8.845104792168584362e-02
147.396 8.844500510024312645e-02
147.404 8.843896291621206052e-02
147.412 8.843292136949235105e-02
147.421 8.842688045849420031e-02
147.429 8.842084018490482811e-02
147.437 8.841480054981515346e-02
147.446 8.840876154746643567e-02
147.454 8.840272318371492077e-02
147.462 8.839668545637567598e-02
147.471 8.839064836564629324e-02
147.479 8.838461191112888249e-02
147.487 8.837857609302103568e-02
147.495 8.837254090943701124e-02
147.504 8.836650636265774850e-02
147.512 8.836047245169034725e-02
147.52 8.835443917524488100e-02
147.529 8.834840653649374265e-02
147.537 8.834237453414660324e-02
147.545 8.833634316364237515e-02
147.554 8.833031243172156932e-02
147.562 8.832428233322868472e-02
147.57 8.831825287074004938e-02
147.579 8.831222404415546567e-02
147.587 8.830619585069993116e-02
147.595 8.830016829354321584e-02
147.603 8.829414137109924121e-02
147.612 8.828811508326829538e-02
147.62 8.828208943084189797e-02
147.628 8.827606441164055628e-02
147.637 8.827004002883225009e-02
147.645 8.826401627964373942e-02
147.653 8.825799316338160672e-02
147.662 8.825197068291583402e-02
147.67 8.824594883547420832e-02
147.678 8.823992762362907472e-02
147.687 8.823390704520260586e-02
147.695 8.822788709950166175e-02
147.703 8.822186778969130783e-02
147.711 8.821584911300081600e-02
147.72 8.820983106873736546e-02
147.728 8.820381365917499827e-02
147.736 8.819779688184080368e-02
147.745 8.819178073811860530e-02
147.753 8.818576522850184174e-02
147.761 8.817975035289080110e-02
147.77 8.817373610940669459e-02
147.778 8.816772249735750633e-02
147.786 8.816170951901568242e-02
147.795 8.815569717457789889e-02
147.803 8.814968546305523844e-02
147.811 8.814367438405196209e-02
147.82 8.813766393746877426e-02
147.828 8.813165412172498103e-02
147.836 8.812564493879536387e-02
147.844 8.811963639065367726e-02
147.853 8.811362847364606621e-02
147.861 8.810762118678504284e-02
147.869 8.810161453441339718e-02
147.878 8.809560851258230185e-02
147.886 8.808960312267309634e-02
147.894 8.808359836517845598e-02
147.903 8.807759423822320022e-02
147.911 8.807159074496367923e-02
147.919 8.806558788234111756e-02
147.928 8.805958564996073379e-02
147.936 8.805358404979456155e-02
147.944 8.804758308026416902e-02
147.952 8.804158274215799496e-02
147.961 8.803558303537671603e-02
147.969 8.802958396011695275e-02
147.977 8.802358551657506192e-02
147.986 8.801758770110426622e-02
147.994 8.801159051744902873e-02
148.002 8.800559396521448474e-02
148.011 8.799959804223264626e-02
148.019 8.799360275017795163e-02
148.027 8.798760808954213253e-02
148.036 8.798161405845333904e-02
148.044 8.797562065651751140e-02
148.052 8.796962788629428265e-02
148.061 8.796363574620759407e-02
148.069 8.795764423438680313e-02
148.077 8.795165335220975211e-02
148.085 8.794566310193961678e-02
148.094 8.793967348022961594e-02
148.102 8.793368448845717555e-02
148.11 8.792769612475251351e-02
148.119 8.792170839078797262e-02
148.127 8.791572128853003543e-02
148.135 8.790973481315871030e-02
148.144 8.790374896664102100e-02
148.152 8.789776375123806162e-02
148.16 8.789177916242646438e-02
148.169 8.788579520276239287e-02
148.177 8.787981187391626092e-02
148.185 8.787382917225086687e-02
148.193 8.786784710032113921e-02
148.202 8.786186565567001561e-02
148.21 8.785588483908350621e-02
148.218 8.784990465252603964e-02
148.227 8.784392509265716298e-02
148.235 8.783794616173591641e-02
148.243 8.783196785877968316e-02
148.252 8.782599018457369622e-02
148.26 8.782001313784110197e-02
148.268 8.781403671701103197e-02
148.277 8.780806092522476514e-02
148.285 8.780208576267793663e-02
148.293 8.779611122603304951e-02
148.301 8.779013731548675203e-02
148.31 8.778416403447296401e-02
148.318 8.777819137994971599e-02
148.326 8.777221935358442417e-02
148.335 8.776624795351301023e-02
148.343 8.776027718110850084e-02
148.351 8.775430703480145700e-02
148.36 8.774833751478802735e-02
148.368 8.774236862332293607e-02
148.376 8.773640035707258589e-02
148.385 8.773043271740929572e-02
148.393 8.772446570511693853e-02
148.401 8.771849931833319847e-02
148.41 8.771253355872382640e-02
148.418 8.770656842619027616e-02
148.426 8.770060391828314594e-02
148.434 8.769464003490484716e-02
148.443 8.768867678036486313e-02
148.451 8.768271415103877364e-02
148.459 8.767675214624127966e-02
148.468 8.767079076881180433e-02
148.476 8.766483001571501177e-02
148.484 8.765886988861504303e-02
148.493 8.765291038770743615e-02
148.501 8.764695151142599949e-02
148.509 8.764099326084720532e-02
148.518 8.763503563469880742e-02
148.526 8.762907863464401703e-02
148.534 8.762312225794358089e-02
148.542 8.761716650684740759e-02
148.551 8.761121138213738557e-02
148.559 8.760525688048849402e-02
148.567 8.759930300385648794e-02
148.576 8.759334975185015248e-02
148.584 8.758739712437159375e-02
148.592 8.758144512190943476e-02
148.601 8.757549374319291424e-02
148.609 8.756954298812448523e-02
148.617 8.756359285807206738e-02
148.626 8.755764335235151352e-02
148.634 8.755169446939964351e-02
148.642 8.754574621117036659e-02
148.651 8.753979857610068305e-02
148.659 8.753385156555791580e-02
148.667 8.752790517827245542e-02
148.675 8.752195941385385036e-02
148.684 8.751601427366892394e-02
148.692 8.751006975674135990e-02
148.7 8.750412586268080384e-02
148.709 8.749818259256081365e-02
148.717 8.749223994628352319e-02
148.725 8.748629792023890350e-02
148.734 8.748035651872015928e-02
148.742 8.747441574104403150e-02
148.75 8.746847558418670288e-02
148.759 8.746253605068436687e-02
148.767 8.745659714043932387e-02
148.775 8.745065885189150234e-02
148.783 8.744472118611340550e-02
148.792 8.743878414213034078e-02
148.8 8.743284772189176268e-02
148.808 8.742691192237618536e-02
148.817 8.742097674465600099e-02
148.825 8.741504219009549326e-02
148.833 8.740910825655097416e-02
148.842 8.740317494480220883e-02
148.85 8.739724225475173358e-02
148.858 8.739131018747112178e-02
148.867 8.738537874081764301e-02
148.875 8.737944791498650221e-02
148.883 8.737351771104888420e-02
148.891 8.736758812919945272e-02
148.9 8.736165916788075914e-02
148.908 8.735573082699578384e-02
148.916 8.734980310878306953e-02
148.925 8.734387600964205189e-02
148.933 8.733794953122747673e-02
148.941 8.733202367636067054e-02
148.95 8.732609843939911909e-02
148.958 8.732017382403987893e-02
148.966 8.731424982931025591e-02
148.975 8.730832645423802774e-02
148.983 8.730240369989307470e-02
148.991 8.729648156646990786e-02
149 8.729056005241321581e-02
149.008 8.728463915762628422e-02
149.016 8.727871888405322465e-02
149.024 8.727279923043061716e-02
149.033 8.726688019695297283e-02
149.041 8.726096178294036332e-02
149.049 8.725504398742169043e-02
149.058 8.724912681146600180e-02
149.066 8.724321025701586851e-02
149.074 8.723729431902134401e-02
149.083 8.723137900146447909e-02
149.091 8.722546430483071878e-02
149.099 8.721955022611037334e-02
149.108 8.721363676608064053e-02
149.116 8.720772392493596203e-02
149.124 8.720181170257966519e-02
149.132 8.719590009891502180e-02
149.141 8.718998911471850799e-02
149.149 8.718407874872895202e-02
149.157 8.717816900143192382e-02
149.166 8.717225987214867466e-02
149.174 8.716635136136455242e-02
149.182 8.716044346956464128e-02
149.191 8.715453619519776540e-02
149.199 8.714862953816755742e-02
149.207 8.714272350041332715e-02
149.216 8.713681808038410692e-02
149.224 8.713091327740200842e-02
149.232 8.712500909282422379e-02
149.241 8.711910552684472286e-02
149.249 8.711320257500707043e-02
149.257 8.710730024273735661e-02
149.265 8.710139852964797480e-02
149.274 8.709549743215529161e-02
149.282 8.708959695103493659e-02
149.29 8.708369708822416566e-02
149.299 8.707779784188342254e-02
149.307 8.707189921307820213e-02
149.315 8.706600120171195667e-02
149.324 8.706010380565563922e-02
149.332 8.705420702713598247e-02
149.34 8.704831086518549643e-02
149.349 8.704241531854686742e-02
149.357 8.703652039089704306e-02
149.365 8.703062607807633688e-02
149.373 8.702473238085943474e-02
149.382 8.701883930002064782e-02
149.39 8.701294683691417065e-02
149.398 8.700705498796246218e-02
149.407 8.700116375568035798e-02
149.415 8.699527314055119365e-02
149.423 8.698938313899899633e-02
149.432 8.698349375411749962e-02
149.44 8.697760498465069434e-02
149.448 8.697171683050247681e-02
149.457 8.696582929302590359e-02
149.465 8.695994236951642975e-02
149.473 8.695405606132720899e-02
149.481 8.694817036836216539e-02
149.49 8.694228529081488022e-02
149.498 8.693640082858930529e-02
149.506 8.693051698043079145e-02
149.515 8.692463374827077982e-02
149.523 8.691875112882767318e-02
149.531 8.691286912519113894e-02
149.54 8.690698773755435591e-02
149.548 8.690110696234715215e-02
149.556 8.689522680207938110e-02
149.565 8.688934725694431871e-02
149.573 8.688346832366276862e-02
149.581 8.687759000676907595e-02
149.59 8.687171230414149348e-02
149.598 8.686583521365916216e-02
149.606 8.685995873869790940e-02
149.614 8.685408287626918133e-02
149.623 8.684820762801274963e-02
149.631 8.684233299412186247e-02
149.639 8.683645897247671552e-02
149.648 8.683058556616191082e-02
149.656 8.682471277190158265e-02
149.664 8.681884059046744706e-02
149.673 8.681296902234210411e-02
149.681 8.680709806829664532e-02
149.689 8.680122772650153418e-02
149.698 8.679535799830594145e-02
149.706 8.678948888303626708e-02
149.714 8.678362037973041954e-02
149.722 8.677775248771543715e-02
149.731 8.677188521151657508e-02
149.739 8.676601854728367702e-02
149.747 8.676015249318906608e-02
149.756 8.675428705317950184e-02
149.764 8.674842222600431807e-02
149.772 8.674255800897034963e-02
149.781 8.673669440458001145e-02
149.789 8.673083141331475177e-02
149.797 8.672496903277068792e-02
149.806 8.671910726400675062e-02
149.814 8.671324610836975144e-02
149.822 8.670738556403338737e-02
149.831 8.670152563147918989e-02
149.839 8.669566630916991645e-02
149.847 8.668980759902897293e-02
149.855 8.668394949951924167e-02
149.864 8.667809201198711788e-02
149.872 8.667223513604872809e-02
149.88 8.666637886987944850e-02
149.889 8.666052321511354128e-02
149.897 8.665466817223181628e-02
149.905 8.664881373969833545e-02
149.914 8.664295991712986367e-02
149.922 8.663710670587168594e-02
149.93 8.663125410525245040e-02
149.939 8.662540211431303538e-02
149.947 8.661955073411034545e-02
149.955 8.661369996426114548e-02
149.963 8.660784980553402901e-02
149.972 8.660200025610659269e-02
149.98 8.659615131645956310e-02
149.988 8.659030298707355577e-02
149.997 8.658445526814123605e-02
150.005 8.657860815870417615e-02
150.013 8.657276165809214830e-02
150.022 8.656691576764867502e-02
150.03 8.656107048727869346e-02
150.038 8.655522581602420606e-02
150.047 8.654938175350286589e-02
150.055 8.654353829990746316e-02
150.063 8.653769545801814900e-02
150.071 8.653185322342732411e-02
150.08 8.652601159690298527e-02
150.088 8.652017058208667788e-02
150.096 8.651433017457225982e-02
150.105 8.650849037512740869e-02
150.113 8.650265118566863309e-02
150.121 8.649681260437708241e-02
150.13 8.649097463259433627e-02
150.138 8.648513726649162403e-02
150.146 8.647930050913398003e-02
150.155 8.647346436243667778e-02
150.163 8.646762882343292378e-02
150.171 8.646179389231546664e-02
150.18 8.645595956927654147e-02
150.188 8.645012585249947645e-02
150.196 8.644429274389901774e-02
150.204 8.643846024538923145e-02
150.213 8.643262835257072008e-02
150.221 8.642679706707097342e-02
150.229 8.642096639080347475e-02
150.238 8.641513632252584287e-02
150.246 8.640930685898852437e-02
150.254 8.640347800296549474e-02
150.263 8.639764975522234991e-02
150.271 8.639182211480414542e-02
150.279 8.638599508190294984e-02
150.288 8.638016865470429795e-02
150.296 8.637434283311416772e-02
150.304 8.636851762076397376e-02
150.312 8.636269301383343866e-02
150.321 8.635686901280152650e-02
150.329 8.635104561986593763e-02
150.337 8.634522283292671296e-02
150.346 8.633940065274876841e-02
150.354 8.633357907751938731e-02
150.362 8.632775811029445856e-02
150.371 8.632193774639805584e-02
150.379 8.631611799146246544e-02
150.387 8.631029884081238557e-02
150.396 8.630448029492650275e-02
150.404 8.629866235571430344e-02
150.412 8.629284502365354437e-02
150.42 8.628702829664663954e-02
150.429 8.628121217345513516e-02
150.437 8.627539665713220007e-02
150.445 8.626958174701104820e-02
150.454 8.626376743985121609e-02
150.462 8.625795373870499827e-02
150.47 8.625214064347802578e-02
150.479 8.624632815207457226e-02
150.487 8.624051626668795267e-02
150.495 8.623470498465103662e-02
150.504 8.622889430815687539e-02
150.512 8.622308423682532863e-02
150.52 8.621727476913340626e-02
150.529 8.621146590670179799e-02
150.537 8.620565764886488347e-02
150.545 8.619984999524296643e-02
150.553 8.619404294459954985e-02
150.562 8.618823649912590867e-02
150.57 8.618243065787115076e-02
150.578 8.617662542102678958e-02
150.587 8.617082078621472740e-02
150.595 8.616501675619650524e-02
150.603 8.615921332973612567e-02
150.612 8.615341050816682777e-02
150.62 8.614760829053827451e-02
150.628 8.614180667390308743e-02
150.637 8.613600566187733232e-02
150.645 8.613020525379629089e-02
150.653 8.612440544699877243e-02
150.661 8.611860624509935780e-02
150.67 8.611280764714836222e-02
150.678 8.610700965077039415e-02
150.686 8.610121225615746665e-02
150.695 8.609541546635213205e-02
150.703 8.608961927840959316e-02
150.711 8.608382369223639696e-02
150.72 8.607802871030420522e-02
150.728 8.607223433052405004e-02
150.736 8.606644055251758130e-02
150.745 8.606064737761583150e-02
150.753 8.605485480430061229e-02
150.761 8.604906283247866494e-02
150.77 8.604327146376544722e-02
150.778 8.603748069749751759e-02
150.786 8.603169053158803148e-02
150.794 8.602590096850641632e-02
150.803 8.602011200702014415e-02
150.811 8.601432364703577582e-02
150.819 8.600853588931374472e-02
150.828 8.600274873262206410e-02
150.836 8.599696217715206703e-02
150.844 8.599117622167226638e-02
150.853 8.598539086921912211e-02
150.861 8.597960611827638877e-02
150.869 8.597382196619071659e-02
150.878 8.596803841713551719e-02
150.886 8.596225546874179668e-02
150.894 8.595647312063202372e-02
150.902 8.595069137242877799e-02
150.911 8.594491022574468619e-02
150.919 8.593912968133896046e-02
150.927 8.593334973457039672e-02
150.936 8.592757038932521962e-02
150.944 8.592179164408915437e-02
150.952 8.591601349933725151e-02
150.961 8.591023595526044165e-02
150.969 8.590445901148126284e-02
150.977 8.589868266677040676e-02
150.986 8.589290692103508651e-02
150.994 8.588713177730603054e-02
151.002 8.588135723236618724e-02
151.01 8.587558328612282521e-02
151.019 8.586980994103796117e-02
151.027 8.586403719559886072e-02
151.035 8.585826504772574308e-02
151.044 8.585249349931274587e-02
151.052 8.584672255140164687e-02
151.06 8.584095220304797935e-02
151.069 8.583518245217286458e-02
151.077 8.582941330152038528e-02
151.085 8.582364474986266256e-02
151.094 8.581787679540529845e-02
151.102 8.581210944089140424e-02
151.11 8.580634268424310040e-02
151.119 8.580057652706862825e-02
151.127 8.579481096842454801e-02
151.135 8.578904600680077597e-02
151.143 8.578328164578918891e-02
151.152 8.577751788246247566e-02
151.16 8.577175471559475572e-02
151.168 8.576599214736015109e-02
151.177 8.576023017851562569e-02
151.185 8.575446880613551981e-02
151.193 8.574870803211001591e-02
151.202 8.574294785662944784e-02
151.21 8.573718827676930776e-02
151.218 8.573142929583506266e-02
151.227 8.572567091260124839e-02
151.235 8.571991312527671436e-02
151.243 8.571415593716572023e-02
151.251 8.570839934591108211e-02
151.26 8.570264335142023515e-02
151.268 8.569688795473247300e-02
151.276 8.569113315462340008e-02
151.285 8.568537895128344739e-02
151.293 8.567962534320597290e-02
151.301 8.567387233454104578e-02
151.31 8.566811992180192736e-02
151.318 8.566236810376545718e-02
151.326 8.565661688401500495e-02
151.335 8.565086626076146015e-02
151.343 8.564511623391229955e-02
151.351 8.563936680309247595e-02
151.36 8.563361796820968819e-02
151.368 8.562786972917149630e-02
151.376 8.562212208532064828e-02
151.384 8.561637503910750346e-02
151.393 8.561062858846187063e-02
151.401 8.560488273413875693e-02
151.409 8.559913747406888707e-02
151.418 8.559339281013700340e-02
151.426 8.558764874083896190e-02
151.434 8.558190526805889431e-02
151.443 8.557616239170424965e-02
151.451 8.557042010857765502e-02
151.459 8.556467842028088466e-02
151.468 8.555893732869707113e-02
151.476 8.555319683260498298e-02
151.484 8.554745693021945097e-02
151.492 8.554171762229506593e-02
151.501 8.553597890986797125e-02
151.509 8.553024079228178922e-02
151.517 8.552450326944432968e-02
151.526 8.551876634098151686e-02
151.534 8.551303000651927499e-02
151.542 8.550729426652958765e-02
151.551 8.550155912148413306e-02
151.559 8.549582456988137624e-02
151.567 8.549009061332039916e-02
151.576 8.548435724917285983e-02
151.584 8.547862448016488313e-02
151.592 8.547289230535888571e-02
151.6 8.546716072409937803e-02
151.609 8.546142973657619435e-02
151.617 8.545569934185254235e-02
151.625 8.544996954011828405e-02
151.634 8.544424033381589623e-02
151.642 8.543851172003748273e-02
151.65 8.543278369869139466e-02
151.659 8.542705627165642079e-02
151.667 8.542132943743313556e-02
151.675 8.541560319705547577e-02
151.684 8.540987754958725975e-02
151.692 8.540415249352993621e-02
151.7 8.539842803019874473e-02
151.709 8.539270416034595856e-02
151.717 8.538698088444200696e-02
151.725 8.538125820070743832e-02
151.733 8.537553610792578129e-02
151.742 8.536981460684940626e-02
151.75 8.536409370104164340e-02
151.758 8.535837338591217849e-02
151.767 8.535265366193191261e-02
151.775 8.534693453238217931e-02
151.783 8.534121599295531324e-02
151.792 8.533549804580831122e-02
151.8 8.532978069113027197e-02
151.808 8.532406392826762109e-02
151.817 8.531834775544343275e-02
151.825 8.531263217481360739e-02
151.833 8.530691718684803304e-02
151.841 8.530120279061244315e-02
151.85 8.529548898433064741e-02
151.858 8.528977577015750544e-02
151.866 8.528406314519419718e-02
151.875 8.527835111355999698e-02
151.883 8.527263967319836935e-02
151.891 8.526692882177282218e-02
151.9 8.526121856199840587e-02
151.908 8.525550889378348540e-02
151.916 8.524979981619491831e-02
151.925 8.524409132801939737e-02
151.933 8.523838343000729456e-02
151.941 8.523267612431083273e-02
151.95 8.522696940775376095e-02
151.958 8.522126328192741740e-02
151.966 8.521555774674029193e-02
151.974 8.520985280126008865e-02
151.983 8.520414844483517602e-02
151.991 8.519844467905610119e-02
151.999 8.519274150467205653e-02
152.008 8.518703891878945389e-02
152.016 8.518133692159778059e-02
152.024 8.517563551384652043e-02
152.033 8.516993469824549190e-02
152.041 8.516423447162203841e-02
152.049 8.515853483164492754e-02
152.058 8.515283578242403839e-02
152.066 8.514713732302781057e-02
152.074 8.514143945308499939e-02
152.082 8.513574217222463769e-02
152.091 8.513004547867637772e-02
152.099 8.512434937458840389e-02
152.107 8.511865386014945412e-02
152.116 8.511295893386928990e-02
152.124 8.510726459705593439e-02
152.132 8.510157084793974758e-02
152.141 8.509587768698943788e-02
152.149 8.509018511467357493e-02
152.157 8.508449313201964237e-02
152.166 8.507880173641992061e-02
152.174 8.507311092862249180e-02
152.182 8.506742070881630202e-02
152.19 8.506173107858752691e-02
152.199 8.505604203644745454e-02
152.207 8.505035358034890303e-02
152.215 8.504466571215774096e-02
152.224 8.503897843122425193e-02
152.232 8.503329173969274846e-02
152.24 8.502760563495781465e-02
152.249 8.502192011804619864e-02
152.257 8.501623518830853099e-02
152.265 8.501055084397858563e-02
152.274 8.500486708887529386e-02
152.282 8.499918392151141477e-02
152.29 8.499350133928371132e-02
152.299 8.498781934461414889e-02
152.307 8.498213793685377437e-02
152.315 8.497645711507478827e-02
152.323 8.497077688225608549e-02
152.332 8.496509723440046069e-02
152.34 8.495941817337049340e-02
152.348 8.495373969935460234e-02
152.357 8.494806181086746177e-02
152.365 8.494238450837661436e-02
152.373 8.493670779318579500e-02
152.382 8.493103166325248476e-02
152.39 8.492535612127435907e-02
152.398 8.491968116381520826e-02
152.407 8.491400679134251950e-02
152.415 8.490833300655306615e-02
152.423 8.490265980434000270e-02
152.431 8.489698719102231617e-02
152.44 8.489131516372259989e-02
152.448 8.488564371956465460e-02
152.456 8.487997286096578275e-02
152.465 8.487430258950648398e-02
152.473 8.486863290147576844e-02
152.481 8.486296379956830005e-02
152.49 8.485729528257983378e-02
152.498 8.485162734986334554e-02
152.506 8.484596000327729315e-02
152.515 8.484029324161779240e-02
152.523 8.483462706368127826e-02
152.531 8.482896147049100166e-02
152.54 8.482329646473904528e-02
152.548 8.481763204021380842e-02
152.556 8.481196819932973474e-02
152.564 8.480630494561285093e-02
152.573 8.480064227424402579e-02
152.581 8.479498018819281446e-02
152.589 8.478931868736866440e-02
152.598 8.478365776778880314e-02
152.606 8.477799743408993838e-02
152.614 8.477233768395764368e-02
152.623 8.476667851674617171e-02
152.631 8.476101993403307999e-02
152.639 8.475536193572813515e-02
152.648 8.474970452035182622e-02
152.656 8.474404768781448882e-02
152.664 8.473839143969286170e-02
152.672 8.473273577450796124e-02
152.681 8.472708069161456745e-02
152.689 8.472142619342225289e-02
152.697 8.471577227734161664e-02
152.706 8.471011894439360590e-02
152.714 8.470446619365541718e-02
152.722 8.469881402614778954e-02
152.731 8.469316244261335114e-02
152.739 8.468751144185171498e-02
152.747 8.468186102266320181e-02
152.756 8.467621118468085517e-02
152.764 8.467056193169918143e-02
152.772 8.466491326029886022e-02
152.78 8.465926517066775514e-02
152.789 8.465361766327095250e-02
152.797 8.464797073829594121e-02
152.805 8.464232439537570929e-02
152.814 8.463667863331150731e-02
152.822 8.463103345478614759e-02
152.83 8.462538885749198991e-02
152.839 8.461974484078520209e-02
152.847 8.461410140734769436e-02
152.855 8.460845855487268696e-02
152.864 8.460281628327062653e-02
152.872 8.459717459522250738e-02
152.88 8.459153348592897415e-02
152.889 8.458589295890195370e-02
152.897 8.458025301238987492e-02
152.905 8.457461364768796563e-02
152.913 8.456897486442958856e-02
152.922 8.456333666141767347e-02
152.93 8.455769903911661278e-02
152.938 8.455206199743697804e-02
152.947 8.454642553628925750e-02
152.955 8.454078965807472479e-02
152.963 8.453515435772253339e-02
152.972 8.452951963735749752e-02
152.98 8.452388550103988318e-02
152.988 8.451825194176404432e-02
152.997 8.451261896248388195e-02
153.005 8.450698656421636035e-02
153.013 8.450135474576568606e-02
153.021 8.449572350953110655e-02
153.03 8.449009285127566382e-02
153.038 8.448446277146352823e-02
153.046 8.447883327359899386e-02
153.055 8.447320435344664313e-02
153.063 8.446757601368110047e-02
153.071 8.446194825531821992e-02
153.08 8.445632107495272545e-02
153.088 8.445069447194347712e-02
153.096 8.444506845006884144e-02
153.105 8.443944300813438497e-02
153.113 8.443381814384133544e-02
153.121 8.442819385958622025e-02
153.13 8.442257015334690695e-02
153.138 8.441694702586274857e-02
153.146 8.441132447787275117e-02
153.154 8.440570250735561497e-02
153.163 8.440008111698238391e-02
153.171 8.439446030555972089e-02
153.179 8.438884007189477454e-02
153.188 8.438322041534701556e-02
153.196 8.437760133748294089e-02
153.204 8.437198283848924840e-02
153.213 8.436636491827671780e-02
153.221 8.436074757537743996e-02
153.229 8.435513080942681763e-02
153.238 8.434951462254203225e-02
153.246 8.434389901408240187e-02
153.254 8.433828398285617145e-02
153.262 8.433266952794783722e-02
153.271 8.432705565230033673e-02
153.279 8.432144235334429472e-02
153.287 8.431582963154221622e-02
153.296 8.431021748845830832e-02
153.304 8.430460592152405619e-02
153.312 8.429899493147736955e-02
153.321 8.429338451850500180e-02
153.329 8.428777468334427980e-02
153.337 8.428216542480482243e-02
153.346 8.427655674362387328e-02
153.354 8.427094863888683063e-02
153.362 8.426534110995442806e-02
153.37 8.425973415866498673e-02
153.379 8.425412778437896266e-02
153.387 8.424852198535665027e-02
153.395 8.424291676288547803e-02
153.404 8.423731211715174139e-02
153.412 8.423170804779177290e-02
153.42 8.422610455444173860e-02
153.429 8.422050163646310761e-02
153.437 8.421489929459252677e-02
153.445 8.420929752956618497e-02
153.454 8.420369634102044254e-02
153.462 8.419809572556763433e-02
153.47 8.419249568751811796e-02
153.479 8.418689622568341357e-02
153.487 8.418129733860083008e-02
153.495 8.417569902700645923e-02
153.503 8.417010128943805403e-02
153.512 8.416450412882960086e-02
153.52 8.415890754289456765e-02
153.528 8.415331153374198958e-02
153.537 8.414771609743815217e-02
153.545 8.414212123581750469e-02
153.553 8.413652694989012804e-02
153.562 8.413093323929289602e-02
153.57 8.412534010338816592e-02
153.578 8.411974754098983098e-02
153.587 8.411415555420548307e-02
153.595 8.410856414212329601e-02
153.603 8.410297330328289633e-02
153.611 8.409738304006574017e-02
153.62 8.409179335128573463e-02
153.628 8.408620423438595282e-02
153.636 8.408061569339297936e-02
153.645 8.407502772547562064e-02
153.653 8.406944033219125589e-02
153.661 8.406385351454825905e-02
153.67 8.405826726834553231e-02
153.678 8.405268159541465223e-02
153.686 8.404709649758615453e-02
153.695 8.404151197285310293e-02
153.703 8.403592802057949229e-02
153.711 8.403034464286956995e-02
153.72 8.402476183826497469e-02
153.728 8.401917960804754226e-02
153.736 8.401359794856787244e-02
153.744 8.400801686384709588e-02
153.753 8.400243635187958080e-02
153.761 8.399685641148212090e-02
153.769 8.399127704530522098e-02
153.778 8.398569825189160232e-02
153.786 8.398012003115330748e-02
153.794 8.397454238327607678e-02
153.803 8.396896530680357518e-02
153.811 8.396338880329017040e-02
153.819 8.395781287210049570e-02
153.828 8.395223751287313185e-02
153.836 8.394666272770888449e-02
153.844 8.394108851268979044e-02
153.852 8.393551487019018653e-02
153.861 8.392994180012217087e-02
153.869 8.392436930075708457e-02
153.877 8.391879737392145266e-02
153.886 8.391322602062080416e-02
153.894 8.390765523666646186e-02
153.902 8.390208502415807956e-02
153.911 8.389651538382786322e-02
153.919 8.389094631613440434e-02
153.927 8.388537781853049047e-02
153.936 8.387980989147519884e-02
153.944 8.387424253788623718e-02
153.952 8.386867575330464453e-02
153.96 8.386310953955539160e-02
153.969 8.385754389873568970e-02
153.977 8.385197882748046672e-02
153.985 8.384641432761386071e-02
153.994 8.384085039850208698e-02
154.002 8.383528703923857905e-02
154.01 8.382972425082796386e-02
154.019 8.382416203345538497e-02
154.027 8.381860038621458120e-02
154.035 8.381303930874528518e-02
154.044 8.380747880232435054e-02
154.052 8.380191886495433340e-02
154.06 8.379635949927598249e-02
154.069 8.379080070247385548e-02
154.077 8.378524247582451456e-02
154.085 8.377968481978571857e-02
154.093 8.377412773263408219e-02
154.102 8.376857121591811672e-02
154.11 8.376301526818735743e-02
154.118 8.375745988908196715e-02
154.127 8.375190508178544102e-02
154.135 8.374635084293960419e-02
154.143 8.374079717191247607e-02
154.152 8.373524407243149170e-02
154.16 8.372969154113966972e-02
154.168 8.372413957767761705e-02
154.177 8.371858818413745185e-02
154.185 8.371303736043146648e-02
154.193 8.370748710429393169e-02
154.201 8.370193741836068346e-02
154.21 8.369638830036617294e-02
154.218 8.369083975049561308e-02
154.226 8.368529177029514210e-02
154.235 8.367974435750002993e-02
154.243 8.367419751311197529e-02
154.251 8.366865123731587195e-02
154.26 8.366310553029673858e-02
154.268 8.365756039115111731e-02
154.276 8.365201581843199896e-02
154.285 8.364647181531655040e-02
154.293 8.364092838144535080e-02
154.301 8.363538551238011709e-02
154.31 8.362984321184141479e-02
154.318 8.362430148137305064e-02
154.326 8.361876031626618022e-02
154.334 8.361321971969618017e-02
154.343 8.360767968967335040e-02
154.351 8.360214022665451994e-02
154.359 8.359660133299834373e-02
154.368 8.359106300508531429e-02
154.376 8.358552524337238554e-02
154.384 8.357998805048909297e-02
154.393 8.357445142580496866e-02
154.401 8.356891536597385595e-02
154.409 8.356337987172428317e-02
154.418 8.355784494622781056e-02
154.426 8.355231058668224908e-02
154.434 8.354677679435837390e-02
154.442 8.354124356808345642e-02
154.451 8.353571090749944972e-02
154.459 8.353017881387668486e-02
154.467 8.352464728821359929e-02
154.476 8.351911632716728373e-02
154.484 8.351358593065148772e-02
154.492 8.350805610427629311e-02
154.501 8.350252684063075304e-02
154.509 8.349699814234119721e-02
154.517 8.349147001230389220e-02
154.526 8.348594244636445283e-02
154.534 8.348041544796108715e-02
154.542 8.347488901321166443e-02
154.55 8.346936314419853287e-02
154.559 8.346383784137702266e-02
154.567 8.345831310438933670e-02
154.575 8.345278893179414181e-02
154.584 8.344726532296319055e-02
154.592 8.344174228160303186e-02
154.6 8.343621980545946892e-02
154.609 8.343069789336265973e-02
154.617 8.342517654603882893e-02
154.625 8.341965576258918158e-02
154.634 8.341413554509362338e-02
154.642 8.340861589238246498e-02
154.65 8.340309680436920614e-02
154.659 8.339757828096744374e-02
154.667 8.339206032046694861e-02
154.675 8.338654292440550453e-02
154.683 8.338102609432013201e-02
154.692 8.337550982768905661e-02
154.7 8.336999412523773967e-02
154.708 8.336447898742085916e-02
154.717 8.335896441279959379e-02
154.725 8.335345040182871867e-02
154.733 8.334793695442217765e-02
154.742 8.334242407157523014e-02
154.75 8.333691175212000479e-02
154.758 8.333139999678121357e-02
154.767 8.332588880412120091e-02
154.775 8.332037817486474818e-02
154.783 8.331486811000655968e-02
154.791 8.330935860702835816e-02
154.8 8.330384966719535378e-02
154.808 8.329834129285262900e-02
154.816 8.329283347905130919e-02
154.825 8.328732622921714013e-02
154.833 8.328181954245360286e-02
154.841 8.327631341813453159e-02
154.85 8.327080785725389511e-02
154.858 8.326530285810559984e-02
154.866 8.325979842006413223e-02
154.875 8.325429454682259367e-02
154.883 8.324879123640516188e-02
154.891 8.324328848629695965e-02
154.9 8.323778630072986573e-02
154.908 8.323228467557032551e-02
154.916 8.322678361289106985e-02
154.924 8.322128311233630005e-02
154.933 8.321578317435945893e-02
154.941 8.321028379914420514e-02
154.949 8.320478498228991993e-02
154.958 8.319928672964345406e-02
154.966 8.319378903896156030e-02
154.974 8.318829190881035784e-02
154.983 8.318279534179974510e-02
154.991 8.317729933460930869e-02
154.999 8.317180388850115014e-02
155.008 8.316630900419791361e-02
155.016 8.316081468134423060e-02
155.024 8.315532091985425311e-02
155.032 8.314982771991154265e-02
155.041 8.314433507900625964e-02
155.049 8.313884299974626246e-02
155.057 8.313335148177637690e-02
155.066 8.312786052447228291e-02
155.074 8.312237012774831291e-02
155.082 8.311688029232643105e-02
155.091 8.311139101677494923e-02
155.099 8.310590230020105385e-02
155.107 8.310041414574884100e-02
155.116 8.309492655171768494e-02
155.124 8.308943951721482757e-02
155.132 8.308395304269294845e-02
155.14 8.307846712914253307e-02
155.149 8.307298177405704476e-02
155.157 8.306749698004080307e-02
155.165 8.306201274620116093e-02
155.174 8.305652907083932446e-02
155.182 8.305104595655865563e-02
155.19 8.304556340112265178e-02
155.199 8.304008140498374269e-02
155.207 8.303459996751902383e-02
155.215 8.302911909052441974e-02
155.224 8.302363877337670672e-02
155.232 8.301815901357237348e-02
155.24 8.301267981559347364e-02
155.249 8.300720117559322320e-02
155.257 8.300172309268089021e-02
155.265 8.299624556999435354e-02
155.273 8.299076860691083357e-02
155.282 8.298529220065981038e-02
155.29 8.297981635491515073e-02
155.298 8.297434106798036446e-02
155.307 8.296886633869648975e-02
155.315 8.296339216858879262e-02
155.323 8.295791855542503090e-02
155.332 8.295244550180366772e-02
155.34 8.294697300576102383e-02
155.348 8.294150106587078186e-02
155.357 8.293602968768139239e-02
155.365 8.293055886708337876e-02
155.373 8.292508860318718866e-02
155.381 8.291961889778513839e-02
155.39 8.291414974864690091e-02
155.398 8.290868115756451495e-02
155.406 8.290321312552505206e-02
155.415 8.289774565056669264e-02
155.423 8.289227873180049500e-02
155.431 8.288681237208962715e-02
155.44 8.288134656947278300e-02
155.448 8.287588132359714754e-02
155.456 8.287041663464575492e-02
155.465 8.286495250253367306e-02
155.473 8.285948892690819800e-02
155.481 8.285402590955913416e-02
155.49 8.284856344959778962e-02
155.498 8.284310154560031725e-02
155.506 8.283764019828521175e-02
155.514 8.283217940649677258e-02
155.523 8.282671917282716234e-02
155.531 8.282125949478220950e-02
155.539 8.281580037308018671e-02
155.548 8.281034180897413333e-02
155.556 8.280488379916826902e-02
155.564 8.279942634732360973e-02
155.573 8.279396945041235523e-02
155.581 8.278851310968747546e-02
155.589 8.278305732613383539e-02
155.598 8.277760209672481440e-02
155.606 8.277214742351522714e-02
155.614 8.276669330642023870e-02
155.622 8.276123974562228647e-02
155.631 8.275578673863080714e-02
155.639 8.275033428830164128e-02
155.647 8.274488239321350913e-02
155.656 8.273943105354900074e-02
155.664 8.273398026895630031e-02
155.672 8.272853003935079497e-02
155.681 8.272308036518218055e-02
155.689 8.271763124609865514e-02
155.697 8.271218268174856947e-02
155.706 8.270673467311552562e-02
155.714 8.270128721797867510e-02
155.722 8.269584031785569278e-02
155.73 8.269039397319592755e-02
155.739 8.268494818311378225e-02
155.747 8.267950294645722009e-02
155.755 8.267405826420952397e-02
155.764 8.266861413708673223e-02
155.772 8.266317056367009086e-02
155.78 8.265772754574281234e-02
155.789 8.265228508188628143e-02
155.797 8.264684316988230028e-02
155.805 8.264140181258083917e-02
155.814 8.263596101123059368e-02
155.822 8.263052076334674589e-02
155.83 8.262508106671220820e-02
155.839 8.261964192364266990e-02
155.847 8.261420333671935790e-02
155.855 8.260876530319184730e-02
155.863 8.260332782137692897e-02
155.872 8.259789089438847320e-02
155.88 8.259245452134240939e-02
155.888 8.258701869949021390e-02
155.897 8.258158343034649462e-02
155.905 8.257614871542531820e-02
155.913 8.257071455437578478e-02
155.922 8.256528094604817514e-02
155.93 8.255984788955961218e-02
155.938 8.255441538482619079e-02
155.947 8.254898343469242727e-02
155.955 8.254355203721025491e-02
155.963 8.253812119176323625e-02
155.971 8.253269089879966547e-02
155.98 8.252726115796932271e-02
155.988 8.252183196972033563e-02
155.996 8.251640333396850768e-02
156.005 8.251097525009774836e-02
156.013 8.250554771829002321e-02
156.021 8.250012073819534830e-02
156.03 8.249469431052759705e-02
156.038 8.248926843493670225e-02
156.046 8.248384311027513738e-02
156.055 8.247841833752252161e-02
156.063 8.247299411739231201e-02
156.071 8.246757044820551830e-02
156.079 8.246214732881537723e-02
156.088 8.245672476365585590e-02
156.096 8.245130274945379478e-02
156.104 8.244588128559406093e-02
156.113 8.244046037199304067e-02
156.121 8.243504001095773581e-02
156.129 8.242962020081030794e-02
156.138 8.242420094093583227e-02
156.146 8.241878223310941665e-02
156.154 8.241336407538840669e-02
156.163 8.240794646768916099e-02
156.171 8.240252941178628776e-02
156.179 8.239711290706484836e-02
156.188 8.239169695131774718e-02
156.196 8.238628154578855889e-02
156.204 8.238086669278160690e-02
156.212 8.237545238770233036e-02
156.221 8.237003863391638425e-02
156.229 8.236462543080923238e-02
156.237 8.235921277697093312e-02
156.246 8.235380067284849004e-02
156.254 8.234838911915381976e-02
156.262 8.234297811474260154e-02
156.271 8.233756766112201864e-02
156.279 8.233215775714787521e-02
156.287 8.232674840194141586e-02
156.296 8.232133959700950465e-02
156.304 8.231593134200332340e-02
156.312 8.231052363551435991e-02
156.32 8.230511647772431605e-02
156.329 8.229970986934462274e-02
156.337 8.229430381055656551e-02
156.345 8.228889830101170089e-02
156.354 8.228349334168581775e-02
156.362 8.227808893011187563e-02
156.37 8.227268506647157642e-02
156.379 8.226728175359397655e-02
156.387 8.226187898848315305e-02
156.395 8.225647677026196036e-02
156.404 8.225107510255280641e-02
156.412 8.224567398368387572e-02
156.42 8.224027341251331780e-02
156.429 8.223487339001632479e-02
156.437 8.222947391610943568e-02
156.445 8.222407498965118855e-02
156.453 8.221867661135195959e-02
156.462 8.221327878059955796e-02
156.47 8.220788149916187504e-02
156.478 8.220248476431117612e-02
156.487 8.219708857781528322e-02
156.495 8.219169294117688318e-02
156.503 8.218629784902566071e-02
156.512 8.218090330603672333e-02
156.52 8.217550931027650662e-02
156.528 8.217011586086922503e-02
156.537 8.216472296010994547e-02
156.545 8.215933060791510978e-02
156.553 8.215393880103137592e-02
156.561 8.214854754122506708e-02
156.57 8.214315682999770440e-02
156.578 8.213776666568131657e-02
156.586 8.213237704634454572e-02
156.595 8.212698797428108488e-02
156.603 8.212159944993570326e-02
156.611 8.211621147243322594e-02
156.62 8.211082404169055271e-02
156.628 8.210543715736075276e-02
156.636 8.210005081856926179e-02
156.645 8.209466502628876006e-02
156.653 8.208927978122772251e-02
156.661 8.208389508330293793e-02
156.669 8.207851093005730236e-02
156.678 8.207312732246332954e-02
156.686 8.206774426281154833e-02
156.694 8.206236174785441762e-02
156.703 8.205697977777302865e-02
156.711 8.205159835696645976e-02
156.719 8.204621747797011255e-02
156.728 8.204083714571017150e-02
156.736 8.203545736115754050e-02
156.744 8.203007811974918906e-02
156.753 8.202469942614563914e-02
156.761 8.201932127604814882e-02
156.769 8.201394367042824651e-02
156.778 8.200856661183737739e-02
156.786 8.200319009782194857e-02
156.794 8.199781412935276681e-02
156.802 8.199243870529367151e-02
156.811 8.198706382687863392e-02
156.819 8.198168949270843997e-02
156.827 8.197631570322704009e-02
156.836 8.197094245756221531e-02
156.844 8.196556975800016465e-02
156.852 8.196019760340521321e-02
156.861 8.195482599316837591e-02
156.869 8.194945492562856482e-02
156.877 8.194408440254515036e-02
156.886 8.193871442567675356e-02
156.894 8.193334499336218935e-02
156.902 8.192797610236299266e-02
156.91 8.192260775706773634e-02
156.919 8.191723995634164757e-02
156.927 8.191187269905048085e-02
156.935 8.190650598432325236e-02
156.944 8.190113981391776432e-02
156.952 8.189577418748858473e-02
156.96 8.189040910521594441e-02
156.969 8.188504456727994929e-02
156.977 8.187968057097068375e-02
156.985 8.187431711725710881e-02
156.994 8.186895420894645115e-02
157.002 8.186359184332923922e-02
157.01 8.185823002032324713e-02
157.019 8.185286874063410489e-02
157.027 8.184750800391681069e-02
157.035 8.184214781113918757e-02
157.043 8.183678816038106318e-02
157.052 8.183142905234783160e-02
157.06 8.182607048695726693e-02
157.068 8.182071246386471430e-02
157.077 8.181535498456227185e-02
157.085 8.180999804739320924e-02
157.093 8.180464165148837452e-02
157.102 8.179928579965140001e-02
157.11 8.179393048917654729e-02
157.118 8.178857571998209008e-02
157.127 8.178322149408387420e-02
157.135 8.177786780982623793e-02
157.143 8.177251466817574144e-02
157.151 8.176716206878799353e-02
157.16 8.176181001079439736e-02
157.168 8.175645849306467650e-02
157.176 8.175110751787564856e-02
157.185 8.174575708593118106e-02
157.193 8.174040719426657609e-02
157.201 8.173505784384813011e-02
157.21 8.172970903406986953e-02
157.218 8.172436076642171365e-02
157.226 8.171901304134507327e-02
157.235 8.171366585692450835e-02
157.243 8.170831921072156667e-02
157.251 8.170297310946240954e-02
157.259 8.169762754782812497e-02
157.268 8.169228252521369693e-02
157.276 8.168693804572535466e-02
157.284 8.168159410587844116e-02
157.293 8.167625070742305649e-02
157.301 8.167090784923061730e-02
157.309 8.166556553174240951e-02
157.318 8.166022375383026610e-02
157.326 8.165488251672042841e-02
157.334 8.164954182111555658e-02
157.343 8.164420166484127883e-02
157.351 8.163886204807768721e-02
157.359 8.163352297126602597e-02
157.368 8.162818443563173154e-02
157.376 8.162284643926280558e-02
157.384 8.161750898286189437e-02
157.392 8.161217206660857648e-02
157.401 8.160683568963707224e-02
157.409 8.160149985238827897e-02
157.417 8.159616455373557009e-02
157.426 8.159082979594858842e-02
157.434 8.158549557868412239e-02
157.442 8.158016189898707748e-02
157.451 8.157482875834336233e-02
157.459 8.156949615719367996e-02
157.467 8.156416409545634572e-02
157.476 8.155883257331063285e-02
157.484 8.155350158884759615e-02
157.492 8.154817114355213115e-02
157.5 8.154284123812560736e-02
157.509 8.153751187144217538e-02
157.517 8.153218304237672132e-02
157.525 8.152685475215258604e-02
157.534 8.152152700042732125e-02
157.542 8.151619978842356007e-02
157.55 8.151087311319056561e-02
157.559 8.150554697595130405e-02
157.567 8.150022138027515628e-02
157.575 8.149489632034334630e-02
157.584 8.148957179816099239e-02
157.592 8.148424781338609035e-02
157.6 8.147892436828338414e-02
157.609 8.147360146094644040e-02
157.617 8.146827909025163017e-02
157.625 8.146295725898425322e-02
157.633 8.145763596393595929e-02
157.642 8.145231520632832678e-02
157.65 8.144699498738268428e-02
157.658 8.144167530597544447e-02
157.667 8.143635616150450562e-02
157.675 8.143103755440941893e-02
157.683 8.142571948356752687e-02
157.692 8.142040195072029751e-02
157.7 8.141508495604661555e-02
157.708 8.140976849686186456e-02
157.717 8.140445257386617894e-02
157.725 8.139913718906054141e-02
157.733 8.139382234158280827e-02
157.741 8.138850803005055756e-02
157.75 8.138319425516346572e-02
157.758 8.137788101736066759e-02
157.766 8.137256831526035183e-02
157.775 8.136725615008201518e-02
157.783 8.136194452148440281e-02
157.791 8.135663342834627276e-02
157.8 8.135132287240681714e-02
157.808 8.134601285228473810e-02
157.816 8.134070336763926656e-02
157.825 8.133539441994898367e-02
157.833 8.133008600731343740e-02
157.841 8.132477813043140213e-02
157.849 8.131947079078097329e-02
157.858 8.131416398516308486e-02
157.866 8.130885771635483483e-02
157.874 8.130355198219683943e-02
157.883 8.129824678312802533e-02
157.891 8.129294212192421376e-02
157.899 8.128763799460871076e-02
157.908 8.128233440187994374e-02
157.916 8.127703134495541104e-02
157.924 8.127172882323487058e-02
157.933 8.126642683637790021e-02
157.941 8.126112538404417496e-02
157.949 8.125582446641246848e-02
157.958 8.125052408495898881e-02
157.966 8.124522423934310567e-02
157.974 8.123992492533284315e-02
157.982 8.123462614777691992e-02
157.991 8.122932790529725777e-02
157.999 8.122403019521955148e-02
158.007 8.121873302005673534e-02
158.016 8.121343638102444806e-02
158.024 8.120814027518957756e-02
158.032 8.120284470324952431e-02
158.041 8.119754966590123080e-02
158.049 8.119225516099046192e-02
158.057 8.118696119180615622e-02
158.066 8.118166775774877941e-02
158.074 8.117637485511003392e-02
158.082 8.117108248691884409e-02
158.09 8.116579065205829779e-02
158.099 8.116049935252007963e-02
158.107 8.115520858485616995e-02
158.115 8.114991834976338636e-02
158.124 8.114462865052775309e-02
158.132 8.113933948370213867e-02
158.14 8.113405084894739772e-02
158.149 8.112876274877189875e-02
158.157 8.112347518205950681e-02
158.165 8.111818814640049669e-02
158.174 8.111290164507894973e-02
158.182 8.110761567672027106e-02
158.19 8.110233024020924164e-02
158.199 8.109704533675918259e-02
158.207 8.109176096732416406e-02
158.215 8.108647712949569597e-02
158.223 8.108119382500399153e-02
158.232 8.107591105195843806e-02
158.24 8.107062881053746228e-02
158.248 8.106534710298768376e-02
158.257 8.106006592741890615e-02
158.265 8.105478528349242817e-02
158.273 8.104950517242025254e-02
158.282 8.104422559179616514e-02
158.29 8.103894654489947336e-02
158.298 8.103366803035756682e-02
158.307 8.102839004576499471e-02
158.315 8.102311259285027711e-02
158.323 8.101783567230812222e-02
158.331 8.101255928354159086e-02
158.34 8.100728342595395204e-02
158.348 8.100200810075612601e-02
158.356 8.099673330683501704e-02
158.365 8.099145904281984665e-02
158.373 8.098618531017949540e-02
158.381 8.098091211115665544e-02
158.39 8.097563944025119864e-02
158.398 8.097036730125449500e-02
158.406 8.096509569434413855e-02
158.415 8.095982461685988230e-02
158.423 8.095455407181767482e-02
158.431 8.094928405629973900e-02
158.439 8.094401457125799393e-02
158.448 8.093874561687032509e-02
158.456 8.093347719331468737e-02
158.464 8.092820930025314274e-02
158.473 8.092294193837901162e-02
158.481 8.091767510554997989e-02
158.489 8.091240880323298523e-02
158.498 8.090714303237886429e-02
158.506 8.090187778904196769e-02
158.514 8.089661307803870660e-02
158.523 8.089134889645453741e-02
158.531 8.088608524420982937e-02
158.539 8.088082212225505829e-02
158.548 8.087555952922251268e-02
158.556 8.087029746580524925e-02
158.564 8.086503593424090863e-02
158.572 8.085977492955701007e-02
158.581 8.085451445476386778e-02
158.589 8.084925451106873828e-02
158.597 8.084399509478784607e-02
158.606 8.083873620841559859e-02
158.614 8.083347785135736041e-02
158.622 8.082822002250419913e-02
158.631 8.082296272460674780e-02
158.639 8.081770595578387228e-02
158.647 8.081244971261192234e-02
158.656 8.080719399989906571e-02
158.664 8.080193881705076409e-02
158.672 8.079668416244407958e-02
158.68 8.079143003574242032e-02
158.689 8.078617643738060516e-02
158.697 8.078092336830734743e-02
158.705 8.077567082767159179e-02
158.714 8.077041881410874924e-02
158.722 8.076516733010946636e-02
158.73 8.075991637353814590e-02
158.739 8.075466594508622087e-02
158.747 8.074941604467410217e-02
158.755 8.074416667299301464e-02
158.764 8.073891782816527973e-02
158.772 8.073366951190935614e-02
158.78 8.072842172286162632e-02
158.789 8.072317446196983215e-02
158.797 8.071792772735732202e-02
158.805 8.071268152151203634e-02
158.813 8.070743584358418266e-02
158.822 8.070219069221087893e-02
158.83 8.069694606808297532e-02
158.838 8.069170197112097986e-02
158.847 8.068645840201539576e-02
158.855 8.068121535991688853e-02
158.863 8.067597284500278854e-02
158.872 8.067073085565465429e-02
158.88 8.066548939410184138e-02
158.888 8.066024845923901176e-02
158.897 8.065500805124335704e-02
158.905 8.064976817080470040e-02
158.913 8.064452881604895762e-02
158.921 8.063928998689713634e-02
158.93 8.063405168455195504e-02
158.938 8.062881391124049335e-02
158.946 8.062357666201393214e-02
158.955 8.061833993858730230e-02
158.963 8.061310374190649997e-02
158.971 8.060786807112352292e-02
158.98 8.060263292692777803e-02
158.988 8.059739830847156838e-02
158.996 8.059216421541980091e-02
159.005 8.058693064922983762e-02
159.013 8.058169760751790478e-02
159.021 8.057646509199738183e-02
159.029 8.057123310335712052e-02
159.038 8.056600163946985027e-02
159.046 8.056077070000083884e-02
159.054 8.055554028589503868e-02
159.063 8.055031039886466349e-02
159.071 8.054508103550392373e-02
159.079 8.053985219829266906e-02
159.088 8.053462388612835088e-02
159.096 8.052939609893215722e-02
159.104 8.052416883636925871e-02
159.113 8.051894209810515901e-02
159.121 8.051371588482815478e-02
159.129 8.050849019671506290e-02
159.138 8.050326503496495201e-02
159.146 8.049804039591980376e-02
159.154 8.049281628077929740e-02
159.162 8.048759269304267550e-02
159.171 8.048236962803047290e-02
159.179 8.047714708540890105e-02
159.187 8.047192506867648087e-02
159.196 8.046670357698758325e-02
159.204 8.046148260873048352e-02
159.212 8.045626216433746092e-02
159.221 8.045104224296360795e-02
159.229 8.044582284836085395e-02
159.237 8.044060397585361954e-02
159.246 8.043538562561908245e-02
159.254 8.043016780140793687e-02
159.262 8.042495050058846850e-02
159.27 8.041973372282675003e-02
159.279 8.041451746727867889e-02
159.287 8.040930173514179713e-02
159.295 8.040408652888891838e-02
159.304 8.039887184461386171e-02
159.312 8.039365768325877626e-02
159.32 8.038844404653046338e-02
159.329 8.038323093103461048e-02
159.337 8.037801833898811088e-02
159.345 8.037280626929238503e-02
159.354 8.036759472339873034e-02
159.362 8.036238370020865052e-02
159.37 8.035717319964359728e-02
159.379 8.035196322213485065e-02
159.387 8.034675376531008606e-02
159.395 8.034154483291379434e-02
159.403 8.033633642257370644e-02
159.412 8.033112853548526888e-02
159.42 8.032592116978659602e-02
159.428 8.032071432438074587e-02
159.437 8.031550800351944241e-02
159.445 8.031030220559559618e-02
159.453 8.030509692747493655e-02
159.462 8.029989216984369238e-02
159.47 8.029468793796992743e-02
159.478 8.028948422744680569e-02
159.487 8.028428103615979639e-02
159.495 8.027907836784897722e-02
159.503 8.027387622065416950e-02
159.511 8.026867459678727057e-02
159.52 8.026347349184424773e-02
159.528 8.025827290880042930e-02
159.536 8.025307284910346284e-02
159.545 8.024787330962242227e-02
159.553 8.024267428900778987e-02
159.561 8.023747579226786497e-02
159.57 8.023227781627231825e-02
159.578 8.022708036018043332e-02
159.586 8.022188342543946915e-02
159.595 8.021668701171708049e-02
159.603 8.021149111842659774e-02
159.611 8.020629574472763756e-02
159.619 8.020110089333744308e-02
159.628 8.019590656265307427e-02
159.636 8.019071275234211649e-02
159.644 8.018551946105650918e-02
159.653 8.018032669049646177e-02
159.661 8.017513444134581613e-02
159.669 8.016994271200240940e-02
159.678 8.016475150264221194e-02
159.686 8.015956081217170959e-02
159.694 8.015437064355956931e-02
159.703 8.014918099418882891e-02
159.711 8.014399186296650157e-02
159.719 8.013880325311426023e-02
159.728 8.013361516328486311e-02
159.736 8.012842759238535117e-02
159.744 8.012324054084538072e-02
159.752 8.011805401010915761e-02
159.761 8.011286799730817088e-02
159.769 8.010768250540853397e-02
159.777 8.010249753154220775e-02
159.786 8.009731307563171254e-02
159.794 8.009212914165635133e-02
159.802 8.008694572624161512e-02
159.811 8.008176282753537434e-02
159.819 8.007658045002291614e-02
159.827 8.007139859083786670e-02
159.836 8.006621724964917142e-02
159.844 8.006103642840642354e-02
159.852 8.005585612551124886e-02
159.86 8.005067634088601503e-02
159.869 8.004549707470635933e-02
159.877 8.004031832689459391e-02
159.885 8.003514009762623116e-02
159.894 8.002996238606384372e-02
159.902 8.002478519440874016e-02
159.91 8.001960851903823502e-02
159.919 8.001443236291307104e-02
159.927 8.000925672418331136e-02
159.935 8.000408160429012261e-02
159.944 7.999890700113106157e-02
159.952 7.999373291640009265e-02
159.96 7.998855934976648041e-02
159.969 7.998338629988752113e-02
159.977 7.997821376795076487e-02
159.985 7.997304175362557332e-02
159.993 7.996787025784606040e-02
160.002 7.996269927749967421e-02
160.01 7.995752881529097356e-02
160.018 7.995235887114218731e-02
160.027 7.994718944396435323e-02
160.035 7.994202053292165377e-02
160.043 7.993685213920072308e-02
160.052 7.993168426373495339e-02
160.06 7.992651690391942843e-02
160.068 7.992135006119317764e-02
160.077 7.991618373522604846e-02
160.085 7.991101792594064446e-02
160.093 7.990585263325954146e-02
160.101 7.990068785836824949e-02
160.11 7.989552359841096962e-02
160.118 7.989035985507851600e-02
160.126 7.988519662829345058e-02
160.135 7.988003391823085553e-02
160.143 7.987487172329860163e-02
160.151 7.986971004619632108e-02
160.16 7.986454888583660594e-02
160.168 7.985938823759945737e-02
160.176 7.985422810771722335e-02
160.185 7.984906849409341423e-02
160.193 7.984390939665064746e-02
160.201 7.983875081354575853e-02
160.209 7.983359274571093234e-02
160.218 7.982843519659994780e-02
160.226 7.982327815957795947e-02
160.234 7.981812163835116936e-02
160.243 7.981296563385080478e-02
160.251 7.980781014448667943e-02
160.259 7.980265517093795835e-02
160.268 7.979750071136296197e-02
160.276 7.979234676744911825e-02
160.284 7.978719333785919132e-02
160.293 7.978204042402813057e-02
160.301 7.977688802587858119e-02
160.309 7.977173614056216888e-02
160.318 7.976658477077329390e-02
160.326 7.976143391693835127e-02
160.334 7.975628357671343815e-02
160.342 7.975113375052542142e-02
160.351 7.974598443905286937e-02
160.359 7.974083564322576034e-02
160.367 7.973568736070106577e-02
160.376 7.973053959291249992e-02
160.384 7.972539233852450613e-02
160.392 7.972024559897031293e-02
160.401 7.971509937291469672e-02
160.409 7.970995366204212951e-02
160.417 7.970480846501742933e-02
160.426 7.969966378000288565e-02
160.434 7.969451960918598477e-02
160.442 7.968937595349567804e-02
160.45 7.968423281159736637e-02
160.459 7.967909018215690864e-02
160.467 7.967394806736065316e-02
160.475 7.966880646587444492e-02
160.484 7.966366537586194729e-02
160.492 7.965852480051445472e-02
160.5 7.965338473900082650e-02
160.509 7.964824519074154008e-02
160.517 7.964310615440348129e-02
160.525 7.963796763141772761e-02
160.534 7.963282962220992467e-02
160.542 7.962769212444238687e-02
160.55 7.962255514105287535e-02
160.559 7.961741867045736554e-02
160.567 7.961228271132364531e-02
160.575 7.960714726583520418e-02
160.583 7.960201233265980225e-02
160.592 7.959687791046571315e-02
160.6 7.959174400294190266e-02
160.608 7.958661060750123195e-02
160.617 7.958147772306342627e-02
160.625 7.957634535130875264e-02
160.633 7.957121349241146058e-02
160.642 7.956608214529124756e-02
160.65 7.956095131012250188e-02
160.658 7.955582098582542061e-02
160.667 7.955069117483185015e-02
160.675 7.954556187581093840e-02
160.683 7.954043308768318776e-02
160.691 7.953530481062306978e-02
160.7 7.953017704605851168e-02
160.708 7.952504979366212257e-02
160.716 7.951992305235465464e-02
160.725 7.951479682155861151e-02
160.733 7.950967110245080183e-02
160.741 7.950454589470412614e-02
160.75 7.949942119849270905e-02
160.758 7.949429701348958988e-02
160.766 7.948917333836590104e-02
160.775 7.948405017529983074e-02
160.783 7.947892752346341627e-02
160.791 7.947380538227942492e-02
160.799 7.946868375041964139e-02
160.808 7.946356263081258420e-02
160.816 7.945844202187944683e-02
160.824 7.945332192254271619e-02
160.833 7.944820233472872639e-02
160.841 7.944308325660909276e-02
160.849 7.943796468910875597e-02
160.858 7.943284663190119943e-02
160.866 7.942772908491020634e-02
160.874 7.942261204805962926e-02
160.883 7.941749552177350402e-02
160.891 7.941237950547531954e-02
160.899 7.940726399833872295e-02
160.908 7.940214900178811652e-02
160.916 7.939703451474701412e-02
160.924 7.939192053688948203e-02
160.932 7.938680706963932576e-02
160.941 7.938169411267026465e-02
160.949 7.937658166415657857e-02
160.957 7.937146972527200917e-02
160.966 7.936635829494097238e-02
160.974 7.936124737408707663e-02
160.982 7.935613696413311435e-02
160.991 7.935102706200510003e-02
160.999 7.934591766987535155e-02
161.007 7.934080878641890100e-02
161.016 7.933570041305817999e-02
161.024 7.933059254771937518e-02
161.032 7.932548518957782679e-02
161.04 7.932037834305159796e-02
161.049 7.931527200332125216e-02
161.057 7.931016617280732539e-02
161.065 7.930506085168330388e-02
161.074 7.929995603787676206e-02
161.082 7.929485173280929888e-02
161.09 7.928974793590594372e-02
161.099 7.928464464833824554e-02
161.107 7.927954186878284626e-02
161.115 7.927443959691463093e-02
161.124 7.926933783390481547e-02
161.132 7.926423657793188471e-02
161.14 7.925913583066568346e-02
161.148 7.925403559227948980e-02
161.157 7.924893585920737837e-02
161.165 7.924383663486390950e-02
161.173 7.923873791917300513e-02
161.182 7.923363971106189840e-02
161.19 7.922854201020571030e-02
161.198 7.922344481603052491e-02
161.207 7.921834813045390555e-02
161.215 7.921325195165612731e-02
161.223 7.920815628030893063e-02
161.232 7.920306111683472761e-02
161.24 7.919796645916550581e-02
161.248 7.919287230872001926e-02
161.257 7.918777866616950878e-02
161.265 7.918268553069134075e-02
161.273 7.917759290196091371e-02
161.281 7.917250078040050099e-02
161.29 7.916740916394353345e-02
161.298 7.916231805475450189e-02
161.306 7.915722745474822186e-02
161.315 7.915213735887262347e-02
161.323 7.914704776904300798e-02
161.331 7.914195868642771858e-02
161.34 7.913687011045361652e-02
161.348 7.913178204104510949e-02
161.356 7.912669447738067408e-02
161.365 7.912160741963368549e-02
161.373 7.911652086772873183e-02
161.381 7.911143482183904951e-02
161.389 7.910634928387771936e-02
161.398 7.910126425028926600e-02
161.406 7.909617972224128324e-02
161.414 7.909109569941001616e-02
161.423 7.908601218296257285e-02
161.431 7.908092917257489307e-02
161.439 7.907584666817155106e-02
161.448 7.907076466818682703e-02
161.456 7.906568317378745436e-02
161.464 7.906060218514643356e-02
161.473 7.905552170218833885e-02
161.481 7.905044172260332347e-02
161.489 7.904536224929561983e-02
161.498 7.904028328119681868e-02
161.506 7.903520481773516904e-02
161.514 7.903012685982829799e-02
161.522 7.902504940665637523e-02
161.531 7.901997245789607605e-02
161.539 7.901489601322422840e-02
161.547 7.900982007479856462e-02
161.556 7.900474464031098654e-02
161.564 7.899966970968654023e-02
161.572 7.899459528557827015e-02
161.581 7.898952136295098181e-02
161.589 7.898444794569760286e-02
161.597 7.897937503399064807e-02
161.606 7.897430262527567468e-02
161.614 7.896923072022159207e-02
161.622 7.896415932098406476e-02
161.63 7.895908842525714566e-02
161.639 7.895401803147920894e-02
161.647 7.894894814403562167e-02
161.655 7.894387875987771142e-02
161.664 7.893880987843525376e-02
161.672 7.893374150037658910e-02
161.68 7.892867362736047387e-02
161.689 7.892360625733044199e-02
161.697 7.891853938946882807e-02
161.705 7.891347302766253680e-02
161.714 7.890840716836987345e-02
161.722 7.890334181003104408e-02
161.73 7.889827695653199580e-02
161.738 7.889321260655990375e-02
161.747 7.888814875979228980e-02
161.755 7.888308541491712012e-02
161.763 7.887802257284948215e-02
161.772 7.887296023450413029e-02
161.78 7.886789839881655495e-02
161.788 7.886283706645393077e-02
161.797 7.885777623635206734e-02
161.805 7.885271590695260013e-02
161.813 7.884765608189020503e-02
161.822 7.884259675911167720e-02
161.83 7.883753793928395537e-02
161.838 7.883247962084906357e-02
161.847 7.882742180472114557e-02
161.855 7.882236449107260512e-02
161.863 7.881730767933446680e-02
161.871 7.881225137116164292e-02
161.88 7.880719556277317184e-02
161.888 7.880214025607130968e-02
161.896 7.879708545147548482e-02
161.905 7.879203114940493136e-02
161.913 7.878697735052567208e-02
161.921 7.878192405179947067e-02
161.93 7.877687125389290501e-02
161.938 7.877181895821291913e-02
161.946 7.876676716542521661e-02
161.955 7.876171587076513658e-02
161.963 7.875666507810791250e-02
161.971 7.875161479009333554e-02
161.979 7.874656500171080264e-02
161.988 7.874151571288633134e-02
161.996 7.873646692650625167e-02
162.004 7.873141864052225769e-02
162.013 7.872637085461339779e-02
162.021 7.872132357018524207e-02
162.029 7.871627678666988370e-02
162.038 7.871123050374632946e-02
162.046 7.870618472257290277e-02
162.054 7.870113944085611879e-02
162.063 7.869609465926144520e-02
162.071 7.869105037870048613e-02
162.079 7.868600659959158750e-02
162.088 7.868096331939582189e-02
162.096 7.867592054074963592e-02
162.104 7.867087826037548470e-02
162.112 7.866583648066302614e-02
162.121 7.866079520203045350e-02
162.129 7.865575442169389642e-02
162.137 7.865071414204226341e-02
162.146 7.864567436349358120e-02
162.154 7.864063508400333247e-02
162.162 7.863559630325142602e-02
162.171 7.863055802239464487e-02
162.179 7.862552024234333026e-02
162.187 7.862048296130001723e-02
162.196 7.861544617820630243e-02
162.204 7.861040989544910984e-02
162.212 7.860537411369213079e-02
162.22 7.860033882966244168e-02
162.229 7.859530404476228194e-02
162.237 7.859026975793366454e-02
162.245 7.858523597156219509e-02
162.254 7.858020268458966451e-02
162.262 7.857516989497470572e-02
162.27 7.857013760559408699e-02
162.279 7.856510581465243892e-02
162.287 7.856007452232155464e-02
162.295 7.855504372852749329e-02
162.304 7.855001343295041349e-02
162.312 7.854498363649932424e-02
162.32 7.853995433787151759e-02
162.328 7.853492553699316370e-02
162.337 7.852989723722976489e-02
162.345 7.852486943383925333e-02
162.353 7.851984212773079064e-02
162.362 7.851481532128655461e-02
162.37 7.850978901222206707e-02
162.378 7.850476320120011731e-02
162.387 7.849973788790133578e-02
162.395 7.849471307225187877e-02
162.403 7.848968875565071057e-02
162.412 7.848466493507816333e-02
162.42 7.847964161316055287e-02
162.428 7.847461878933294221e-02
162.437 7.846959646180375059e-02
162.445 7.846457463246216124e-02
162.453 7.845955330074359801e-02
162.461 7.845453246485709076e-02
162.47 7.844951212791778650e-02
162.478 7.844449228813460406e-02
162.486 7.843947294371739209e-02
162.495 7.843445409802551893e-02
162.503 7.842943574828795117e-02
162.511 7.842441789516660378e-02
162.52 7.841940054103906099e-02
162.528 7.841438368215458699e-02
162.536 7.840936732064557324e-02
162.545 7.840435145521286453e-02
162.553 7.839933608602801807e-02
162.561 7.839432121301749545e-02
162.569 7.838930683855738213e-02
162.578 7.838429295987901779e-02
162.586 7.837927957568444071e-02
162.594 7.837426668908414884e-02
162.603 7.836925429755552119e-02
162.611 7.836424240371844818e-02
162.619 7.835923100578524869e-02
162.628 7.835422010245844671e-02
162.636 7.834920969709163741e-02
162.644 7.834419978642895299e-02
162.653 7.833919037113144801e-02
162.661 7.833418145210450934e-02
162.669 7.832917302854042196e-02
162.678 7.832416510158891898e-02
162.686 7.831915766897477871e-02
162.694 7.831415073184777587e-02
162.702 7.830914429086820172e-02
162.711 7.830413834449503896e-02
162.719 7.829913289289969214e-02
162.727 7.829412793772026757e-02
162.736 7.828912347839411812e-02
162.744 7.828411951215870357e-02
162.752 7.827911604138548807e-02
162.761 7.827411306624527942e-02
162.769 7.826911058568712665e-02
162.777 7.826410860012630866e-02
162.786 7.825910710924526004e-02
162.794 7.825410611272633210e-02
162.802 7.824910561147341292e-02
162.81 7.824410560321472252e-02
162.819 7.823910608958709045e-02
162.827 7.823410707344741200e-02
162.835 7.822910854934990443e-02
162.844 7.822411051868677356e-02
162.852 7.821911298358215359e-02
162.86 7.821411594225377573e-02
162.869 7.820911939487260045e-02
162.877 7.820412334234155827e-02
162.885 7.819912778239117290e-02
162.894 7.819413271714455160e-02
162.902 7.818913814579640797e-02
162.91 7.818414406778562142e-02
162.918 7.817915048377098441e-02
162.927 7.817415739343538950e-02
162.935 7.816916479573025878e-02
162.943 7.816417269302108894e-02
162.952 7.815918108352770677e-02
162.96 7.815418996571432686e-02
162.968 7.814919934243359789e-02
162.977 7.814420921361202310e-02
162.985 7.813921957552052988e-02
162.993 7.813423043222955666e-02
163.002 7.812924178171622158e-02
163.01 7.812425362366391679e-02
163.018 7.811926595873074086e-02
163.027 7.811427878733077923e-02
163.035 7.810929210695520541e-02
163.043 7.810430591972339354e-02
163.051 7.809932022604940127e-02
163.06 7.809433502512949654e-02
163.068 7.808935031567337814e-02
163.076 7.808436609979935161e-02
163.085 7.807938237548697757e-02
163.093 7.807439914388049351e-02
163.101 7.806941640466356913e-02
163.11 7.806443415678988862e-02
163.118 7.805945240164681442e-02
163.126 7.805447113818814175e-02
163.135 7.804949036804405271e-02
163.143 7.804451008895203767e-02
163.151 7.803953030083968234e-02
163.159 7.803455100460718330e-02
163.168 7.802957220188397325e-02
163.176 7.802459388992206979e-02
163.184 7.801961606767654489e-02
163.193 7.801463873945098382e-02
163.201 7.800966190225508412e-02
163.209 7.800468555577308449e-02
163.218 7.799970970066162634e-02
163.226 7.799473433684803170e-02
163.234 7.798975946425962258e-02
163.243 7.798478508355249916e-02
163.251 7.797981119319626064e-02
163.259 7.797483779433299345e-02
163.268 7.796986488688996408e-02
163.276 7.796489246860868749e-02
163.284 7.795992054111684777e-02
163.292 7.795494910628432417e-02
163.301 7.794997816063907459e-02
163.309 7.794500770556546387e-02
163.317 7.794003774268996876e-02
163.326 7.793506826854183778e-02
163.334 7.793009928668918895e-02
163.342 7.792513079390442354e-02
163.351 7.792016279108589238e-02
163.359 7.791519527743348550e-02
163.367 7.791022825554339004e-02
163.376 7.790526172509995573e-02
163.384 7.790029568287754058e-02
163.392 7.789533013001680162e-02
163.4 7.789036506765781298e-02
163.409 7.788540049694023248e-02
163.417 7.788043641366977632e-02
163.425 7.787547282068366106e-02
163.434 7.787050971790934750e-02
163.442 7.786554710527419931e-02
163.45 7.786058498100935366e-02
163.459 7.785562334625442671e-02
163.467 7.785066220069473963e-02
163.475 7.784570154450022594e-02
163.484 7.784074137929417048e-02
163.492 7.783578170040186817e-02
163.5 7.783082251114245564e-02
163.508 7.782586381386501218e-02
163.517 7.782090560292728720e-02
163.525 7.781594788140530627e-02
163.533 7.781099064850044433e-02
163.542 7.780603390559283350e-02
163.55 7.780107765115766572e-02
163.558 7.779612188463885802e-02
163.567 7.779116660596442634e-02
163.575 7.778621181651411420e-02
163.583 7.778125751718328873e-02
163.592 7.777630370451259212e-02
163.6 7.777135038012360224e-02
163.608 7.776639754442786490e-02
163.617 7.776144519807866307e-02
163.625 7.775649333834359911e-02
163.633 7.775154196660179207e-02
163.641 7.774659108350644166e-02
163.65 7.774164068898523072e-02
163.658 7.773669078103226382e-02
163.666 7.773174136102602161e-02
163.675 7.772679242986103854e-02
163.683 7.772184398601510169e-02
163.691 7.771689602917472572e-02
163.7 7.771194855999290219e-02
163.708 7.770700157863910662e-02
163.716 7.770205508479970102e-02
163.725 7.769710907888578710e-02
163.733 7.769216355889328740e-02
163.741 7.768721852692382634e-02
163.749 7.768227398242234794e-02
163.758 7.767732992507550560e-02
163.766 7.767238635312158357e-02
163.774 7.766744327035103590e-02
163.783 7.766250067427787895e-02
163.791 7.765755856362373255e-02
163.799 7.765261694073016807e-02
163.808 7.764767580335346642e-02
163.816 7.764273515335219644e-02
163.824 7.763779499113677984e-02
163.833 7.763285531542908624e-02
163.841 7.762791612422781373e-02
163.849 7.762297742083787422e-02
163.858 7.761803920277589308e-02
163.866 7.761310147189917630e-02
163.874 7.760816422693027350e-02
163.882 7.760322746827962026e-02
163.891 7.759829119539343734e-02
163.899 7.759335540771808426e-02
163.907 7.758842010759182950e-02
163.916 7.758348529373775004e-02
163.924 7.757855096415662566e-02
163.932 7.757361712166810364e-02
163.941 7.756868376355041672e-02
163.949 7.756375089141824553e-02
163.957 7.755881850495913166e-02
163.966 7.755388660361975384e-02
163.974 7.754895518877326366e-02
163.982 7.754402425866248338e-02
163.99 7.753909381321598404e-02
163.999 7.753416385308452285e-02
164.007 7.752923437915926197e-02
164.015 7.752430539016497146e-02
164.024 7.751937688627087708e-02
164.032 7.751444886740542495e-02
164.04 7.750952133373763264e-02
164.049 7.750459428423363273e-02
164.057 7.749966771737887283e-02
164.065 7.749474163959660378e-02
164.074 7.748981604552307445e-02
164.082 7.748489093196105071e-02
164.09 7.747996630653454508e-02
164.098 7.747504216532431764e-02
164.107 7.747011850777824060e-02
164.115 7.746519533550767778e-02
164.123 7.746027264699885395e-02
164.132 7.745535044362256150e-02
164.14 7.745042872266380551e-02
164.148 7.744550748597392453e-02
164.157 7.744058673396196635e-02
164.165 7.743566646751742777e-02
164.173 7.743074668224476931e-02
164.182 7.742582738071544790e-02
164.19 7.742090856453921754e-02
164.198 7.741599023172342220e-02
164.207 7.741107238315711458e-02
164.215 7.740615501636814721e-02
164.223 7.740123813368630923e-02
164.231 7.739632173648042235e-02
164.24 7.739140582011844183e-02
164.248 7.738649038764969235e-02
164.256 7.738157543948268047e-02
164.265 7.737666097410639265e-02
164.273 7.737174699168956893e-02
164.281 7.736683349216111338e-02
164.29 7.736192047544987460e-02
164.298 7.735700794172466199e-02
164.306 7.735209589235311767e-02
164.315 7.734718432390669252e-02
164.323 7.734227323823288092e-02
164.331 7.733736263597987270e-02
164.339 7.733245251659681685e-02
164.348 7.732754288025231459e-02
164.356 7.732263372495774834e-02
164.364 7.731772505112190219e-02
164.373 7.731281686202853831e-02
164.381 7.730790915497040561e-02
164.389 7.730300192891828570e-02
164.398 7.729809518715523298e-02
164.406 7.729318892505861183e-02
164.414 7.728828314543216560e-02
164.423 7.728337784892318207e-02
164.431 7.727847303378430899e-02
164.439 7.727356869946576390e-02
164.448 7.726866484829100767e-02
164.456 7.726376147851300724e-02
164.464 7.725885859101845610e-02
164.472 7.725395618382152607e-02
164.481 7.724905425876620046e-02
164.489 7.724415281602059480e-02
164.497 7.723925185383896663e-02
164.506 7.723435137191135558e-02
164.514 7.722945137279851879e-02
164.522 7.722455185547243139e-02
164.531 7.721965281699226524e-02
164.539 7.721475426039654810e-02
164.547 7.720985618633159631e-02
164.556 7.720495859185713683e-02
164.564 7.720006147881536274e-02
164.572 7.719516484689618874e-02
164.58 7.719026869459477691e-02
164.589 7.718537302399154643e-02
164.597 7.718047783405974915e-02
164.605 7.717558312496750061e-02
164.614 7.717068889497155637e-02
164.622 7.716579514567394049e-02
164.63 7.716090187700395953e-02
164.639 7.715600908912961797e-02
164.647 7.715111678245778482e-02
164.655 7.714622495429071525e-02
164.664 7.714133360670735740e-02
164.672 7.713644273939808393e-02
164.68 7.713155235181480551e-02
164.688 7.712666244484174538e-02
164.697 7.712177301697620280e-02
164.705 7.711688406862503287e-02
164.713 7.711199560114950780e-02
164.722 7.710710761352428111e-02
164.73 7.710222010496317613e-02
164.738 7.709733307515714840e-02
164.747 7.709244652546712318e-02
164.755 7.708756045510686827e-02
164.763 7.708267486400599555e-02
164.772 7.707778975400166044e-02
164.78 7.707290512144632233e-02
164.788 7.706802096793891055e-02
164.797 7.706313729388590550e-02
164.805 7.705825409945499249e-02
164.813 7.705337138290725696e-02
164.821 7.704848914584080943e-02
164.83 7.704360738818510912e-02
164.838 7.703872610843996716e-02
164.846 7.703384530820293896e-02
164.855 7.702896498692701766e-02
164.863 7.702408514358902170e-02
164.871 7.701920577907141185e-02
164.88 7.701432689258938535e-02
164.888 7.700944848454892300e-02
164.896 7.700457055464174361e-02
164.905 7.699969310303557413e-02
164.913 7.699481613061234797e-02
164.921 7.698993963730151047e-02
164.929 7.698506361970050560e-02
164.938 7.698018808083346987e-02
164.946 7.697531302062995961e-02
164.954 7.697043843830578269e-02
164.963 7.696556433307699674e-02
164.971 7.696069070558725356e-02
164.979 7.695581755529065648e-02
164.988 7.695094488425770207e-02
164.996 7.694607269170429531e-02
165.004 7.694120097494437649e-02
165.013 7.693632973557264221e-02
165.021 7.693145897280577461e-02
165.029 7.692658868895101143e-02
165.038 7.692171888203626351e-02
165.046 7.691684955365520049e-02
165.054 7.691198069993505915e-02
165.062 7.690711232365787797e-02
165.071 7.690224442594154053e-02
165.079 7.689737700457734138e-02
165.087 7.689251006068315020e-02
165.096 7.688764359276366311e-02
165.104 7.688277760074908873e-02
165.112 7.687791208718189329e-02
165.121 7.687304704890474127e-02
165.129 7.686818248774741902e-02
165.137 7.686331840387723713e-02
165.146 7.685845479603710395e-02
165.154 7.685359166439453826e-02
165.162 7.684872900864229972e-02
165.17 7.684386682989716166e-02
165.179 7.683900512737716626e-02
165.187 7.683414390030057772e-02
165.195 7.682928315002111874e-02
165.204 7.682442287623153510e-02
165.212 7.681956307648987736e-02
165.22 7.681470375452154054e-02
165.229 7.680984490859608937e-02
165.237 7.680498653745806981e-02
165.245 7.680012864174920462e-02
165.254 7.679527122211096679e-02
165.262 7.679041427705118883e-02
165.27 7.678555780863355329e-02
165.278 7.678070181702496833e-02
165.287 7.677584629931152871e-02
165.295 7.677099125684565262e-02
165.303 7.676613668908377486e-02
165.312 7.676128259761462458e-02
165.32 7.675642898165754846e-02
165.328 7.675157583924789584e-02
165.337 7.674672317268470267e-02
165.345 7.674187098095079651e-02
165.353 7.673701926492372538e-02
165.362 7.673216802358649724e-02
165.37 7.672731725544910952e-02
165.378 7.672246696304621527e-02
165.387 7.671761714536114163e-02
165.395 7.671276780232422210e-02
165.403 7.670791893481239410e-02
165.411 7.670307053967974353e-02
165.42 7.669822261969645727e-02
165.428 7.669337517384643144e-02
165.436 7.668852820371599432e-02
165.445 7.668368170781600379e-02
165.453 7.667883568323895227e-02
165.461 7.667399013464565316e-02
165.47 7.666914506102022464e-02
165.478 7.666430045921932002e-02
165.486 7.665945633295653816e-02
165.495 7.665461268003445627e-02
165.503 7.664976950014745771e-02
165.511 7.664492679488059401e-02
165.519 7.664008456369153510e-02
165.528 7.663524280509301234e-02
165.536 7.663040152090598578e-02
165.544 7.662556070917084239e-02
165.553 7.662072037052718165e-02
165.561 7.661588050585042831e-02
165.569 7.661104111530719907e-02
165.578 7.660620219788327745e-02
165.586 7.660136375256489105e-02
165.594 7.659652578069951756e-02
165.603 7.659168828198172074e-02
165.611 7.658685125634209778e-02
165.619 7.658201470347528184e-02
165.628 7.657717862331202274e-02
165.636 7.657234301531110066e-02
165.644 7.656750788105509686e-02
165.652 7.656267322000262499e-02
165.661 7.655783903019697245e-02
165.669 7.655300531274870923e-02
165.677 7.654817206829625520e-02
165.686 7.654333929629854316e-02
165.694 7.653850699739379870e-02
165.702 7.653367516939048321e-02
165.711 7.652884381481328546e-02
165.719 7.652401293170667251e-02
165.727 7.651918252070888382e-02
165.736 7.651435258222213931e-02
165.744 7.650952311452748067e-02
165.752 7.650469411991256408e-02
165.76 7.649986559712981804e-02
165.769 7.649503754611017281e-02
165.777 7.649020996560661201e-02
165.785 7.648538285884817767e-02
165.794 7.648055622129010245e-02
165.802 7.647573005545463265e-02
165.81 7.647090436339194774e-02
165.819 7.646607914126504757e-02
165.827 7.646125438994706702e-02
165.835 7.645643011125241584e-02
165.844 7.645160630299324689e-02
165.852 7.644678296674829732e-02
165.86 7.644196010150698661e-02
165.868 7.643713770555322917e-02
165.877 7.643231578117140601e-02
165.885 7.642749432970408208e-02
165.893 7.642267334684731128e-02
165.902 7.641785283441455967e-02
165.91 7.641303279421862715e-02
165.918 7.640821322477912847e-02
165.927 7.640339412649746476e-02
165.935 7.639857549671817682e-02
165.943 7.639375733748889064e-02
165.952 7.638893965015129683e-02
165.96 7.638412243275559399e-02
165.968 7.637930568687834043e-02
165.977 7.637448940845516232e-02
165.985 7.636967360117787040e-02
165.993 7.636485826568224777e-02
166.001 7.636004339884480685e-02
166.01 7.635522900130195523e-02
166.018 7.635041507533400773e-02
166.026 7.634560161828821134e-02
166.035 7.634078863009605143e-02
166.043 7.633597611350699530e-02
166.051 7.633116406539935950e-02
166.06 7.632635248781775850e-02
166.068 7.632154137904999247e-02
166.076 7.631673073902754678e-02
166.085 7.631192057073317436e-02
166.093 7.630711087010792759e-02
166.101 7.630230163802229071e-02
166.109 7.629749287698883720e-02
166.118 7.629268458482689474e-02
166.126 7.628787676217169134e-02
166.134 7.628306940613976961e-02
166.143 7.627826252065041113e-02
166.151 7.627345610540005316e-02
166.159 7.626865015703687689e-02
166.168 7.626384467807201251e-02
166.176 7.625903966843676496e-02
166.184 7.625423512712475871e-02
166.193 7.624943105453632630e-02
166.201 7.624462745013421694e-02
166.209 7.623982431455304798e-02
166.218 7.623502164748995058e-02
166.226 7.623021944793915983e-02
166.234 7.622541771747243233e-02
166.242 7.622061645578685762e-02
166.251 7.621581566140839259e-02
166.259 7.621101533520573124e-02
166.267 7.620621547804715123e-02
166.276 7.620141608799067823e-02
166.284 7.619661716520231831e-02
166.292 7.619181871195500333e-02
166.301 7.618702072490257660e-02
166.309 7.618222320584971952e-02
166.317 7.617742615730252465e-02
166.326 7.617262957427731185e-02
166.334 7.616783345764235880e-02
166.342 7.616303780873359686e-02
166.35 7.615824262888634677e-02
166.359 7.615344791592643103e-02
166.367 7.614865367072136404e-02
166.375 7.614385989086391859e-02
166.384 7.613906658002814187e-02
166.392 7.613427373627452976e-02
166.4 7.612948135789822379e-02
166.409 7.612468944880586286e-02
166.417 7.611989800542205697e-02
166.425 7.611510702931523209e-02
166.434 7.611031652018328264e-02
166.442 7.610552647632212730e-02
166.45 7.610073690140282954e-02
166.458 7.609594779208544990e-02
166.467 7.609115914947027492e-02
166.475 7.608637097278830863e-02
166.483 7.608158326337309540e-02
166.492 7.607679602045561151e-02
166.5 7.607200924396770314e-02
166.508 7.606722293337420115e-02
166.517 7.606243708814022786e-02
166.525 7.605765171006563519e-02
166.533 7.605286679768141767e-02
166.542 7.604808235185332721e-02
166.55 7.604329837251314061e-02
166.558 7.603851485819246303e-02
166.567 7.603373180975694923e-02
166.575 7.602894922713855641e-02
166.583 7.602416711050261067e-02
166.591 7.601938546001429930e-02
166.6 7.601460427350624494e-02
166.608 7.600982355324326090e-02
166.616 7.600504330032320510e-02
166.625 7.600026351094667232e-02
166.633 7.599548418597892874e-02
166.641 7.599070532884939777e-02
166.65 7.598592693506021900e-02
166.658 7.598114900734123656e-02
166.666 7.597637154515807234e-02
166.675 7.597159454681146062e-02
166.683 7.596681801433111114e-02
166.691 7.596204194741586202e-02
166.699 7.595726634390095877e-02
166.708 7.595249120604849469e-02
166.716 7.594771653332459127e-02
166.724 7.594294232379802945e-02
166.733 7.593816857949742261e-02
166.741 7.593339530105341906e-02
166.749 7.592862248630229127e-02
166.758 7.592385013610779276e-02
166.766 7.591907825063491655e-02
166.774 7.591430682865200896e-02
166.783 7.590953587078980158e-02
166.791 7.590476537698064019e-02
166.799 7.589999534878572041e-02
166.807 7.589522578427555788e-02
166.816 7.589045668408046785e-02
166.824 7.588568804603910978e-02
166.832 7.588091987287556850e-02
166.841 7.587615216382417871e-02
166.849 7.587138491835213050e-02
166.857 7.586661813708940605e-02
166.866 7.586185181903823405e-02
166.874 7.585708596436359363e-02
166.882 7.585232057392783667e-02
166.891 7.584755564603608280e-02
166.899 7.584279118178312296e-02
166.907 7.583802718226329009e-02
166.916 7.583326364508492790e-02
166.924 7.582850057087779649e-02
166.932 7.582373795934214955e-02
166.94 7.581897581157208410e-02
166.949 7.581421412680311445e-02
166.957 7.580945290519999769e-02
166.965 7.580469214739185557e-02
166.974 7.579993185145335322e-02
166.982 7.579517201778163127e-02
166.99 7.579041264747024553e-02
166.999 7.578565373929084525e-02
167.007 7.578089529503317934e-02
167.015 7.577613731277260678e-02
167.024 7.576998855292826907e-02
