# Temperature  Cv
1.93748 1.95119924e-07
1.95665 2.15187902e-07
1.97584 2.58884393e-07
1.99503 3.10351606e-07
2.0142 3.70765338e-07
2.03339 4.41411976e-07
2.05257 5.23810741e-07
2.07175 6.19638013e-07
2.09093 7.30692409e-07
2.11012 8.59069405e-07
2.12931 1.00704492e-06
2.14848 1.17711024e-06
2.16767 1.37210591e-06
2.18686 1.59504125e-06
2.20603 1.84930395e-06
2.22522 2.13864259e-06
2.2444 2.46706768e-06
2.26358 2.83900881e-06
2.28276 3.25922738e-06
2.30195 3.73295625e-06
2.32114 4.26590559e-06
2.34031 4.86420467e-06
2.3595 5.53446589e-06
2.37868 6.28394191e-06
2.39786 7.12019391e-06
2.41705 8.05162708e-06
2.43623 9.08715883e-06
2.45541 1.02363061e-05
2.47459 1.15092960e-05
2.49378 1.29169668e-05
2.51297 1.44710531e-05
2.53214 1.61839649e-05
2.55133 1.80688105e-05
2.57051 2.01396586e-05
2.58969 2.24113639e-05
2.60887 2.48996192e-05
2.62806 2.76211416e-05
2.64724 3.05935333e-05
2.66642 3.38352926e-05
2.68561 3.73659888e-05
2.70478 4.12062218e-05
2.72397 4.53776855e-05
2.74316 4.99031215e-05
2.76234 5.48062904e-05
2.78152 6.01122680e-05
2.8007 6.58471428e-05
2.81989 7.20383250e-05
2.83907 7.87143945e-05
2.85825 8.59050953e-05
2.87744 9.36415221e-05
2.89661 1.01955998e-04
2.9158 1.10882253e-04
2.93499 1.20455277e-04
2.95417 1.30711339e-04
2.97335 1.41688157e-04
2.99253 1.53424946e-04
3.01172 1.65962026e-04
3.03089 1.79341325e-04
3.05008 1.93606189e-04
3.06927 2.08801334e-04
3.08844 2.24972976e-04
3.10763 2.42168782e-04
3.12681 2.60437827e-04
3.146 2.79830693e-04
3.16518 3.00399528e-04
3.18436 3.22197768e-04
3.20355 3.45280435e-04
3.22272 3.69704096e-04
3.24191 3.95526685e-04
3.2611 4.22807672e-04
3.28027 4.51608008e-04
3.29946 4.81990073e-04
3.31864 5.14017767e-04
3.33783 5.47756447e-04
3.35701 5.83272753e-04
3.37619 6.20635075e-04
3.39538 6.59912993e-04
3.41455 7.01177545e-04
3.43374 7.44501234e-04
3.45293 7.89957884e-04
3.4721 8.37622682e-04
3.49129 8.87572154e-04
3.51047 9.39884299e-04
3.52966 9.94638202e-04
3.54883 1.05191438e-03
3.56802 1.11179459e-03
3.58721 1.17436177e-03
3.60638 1.23970017e-03
3.62557 1.30789510e-03
3.64475 1.37903308e-03
3.66393 1.45320182e-03
3.68312 1.53049005e-03
3.7023 1.61098766e-03
3.72149 1.69478540e-03
3.74066 1.78197515e-03
3.75985 1.87264975e-03
3.77904 1.96690299e-03
3.79821 2.06482949e-03
3.8174 2.16652473e-03
3.83658 2.27208517e-03
3.85576 2.38160774e-03
3.87495 2.49519038e-03
3.89413 2.61293178e-03
3.91332 2.73493103e-03
3.93249 2.86128796e-03
3.95168 2.99210305e-03
3.97087 3.12747738e-03
3.99004 3.26751230e-03
4.00923 3.41230970e-03
4.02841 3.56197197e-03
4.04759 3.71660183e-03
4.06677 3.87630228e-03
4.08596 4.04117655e-03
4.10514 4.21132824e-03
4.12432 4.38686099e-03
4.14351 4.56787855e-03
4.16269 4.75448497e-03
4.18187 4.94678419e-03
4.20106 5.14488007e-03
4.22024 5.34887664e-03
4.23942 5.55887762e-03
4.2586 5.77498660e-03
4.27779 5.99730713e-03
4.29696 6.22594234e-03
4.31615 6.46099516e-03
4.33534 6.70256817e-03
4.35452 6.95076351e-03
4.3737 7.20568286e-03
4.39289 7.46742759e-03
4.41207 7.73609831e-03
4.43125 8.01179507e-03
4.45043 8.29461750e-03
4.46962 8.58466424e-03
4.48879 8.88203343e-03
4.50798 9.18682237e-03
4.52717 9.49912743e-03
4.54635 9.81904425e-03
4.56553 1.01466674e-02
4.58471 1.04820906e-02
4.6039 1.08254065e-02
4.62308 1.11767067e-02
4.64226 1.15360817e-02
4.66145 1.19036205e-02
4.68062 1.22794116e-02
4.69981 1.26635416e-02
4.719 1.30560961e-02
4.73818 1.34571593e-02
4.75736 1.38668140e-02
4.77654 1.42851413e-02
4.79573 1.47122215e-02
4.8149 1.51481328e-02
4.83409 1.55929518e-02
4.85328 1.60467537e-02
4.87245 1.65096121e-02
4.89164 1.69815988e-02
4.91083 1.74627838e-02
4.93001 1.79532354e-02
4.94919 1.84530200e-02
4.96837 1.89622021e-02
4.98756 1.94808446e-02
5.00673 2.00090081e-02
5.02592 2.05467513e-02
5.04511 2.10941309e-02
5.06428 2.16512017e-02
5.08347 2.22180161e-02
5.10265 2.27946245e-02
5.12184 2.33810753e-02
5.14102 2.39774144e-02
5.1602 2.45836857e-02
5.17939 2.51999306e-02
5.19856 2.58261883e-02
5.21775 2.64624958e-02
5.23694 2.71088875e-02
5.25611 2.77653955e-02
5.2753 2.84320494e-02
5.29448 2.91088764e-02
5.31367 2.97959012e-02
5.33284 3.04931460e-02
5.35203 3.12006303e-02
5.37122 3.19183711e-02
5.39039 3.26463830e-02
5.40958 3.33846777e-02
5.42877 3.41332643e-02
5.44794 3.48921493e-02
5.46713 3.56613365e-02
5.48631 3.64408268e-02
5.50549 3.72306187e-02
5.52467 3.80307078e-02
5.54386 3.88410867e-02
5.56305 3.96617454e-02
5.58222 4.04926711e-02
5.60141 4.13338481e-02
5.62059 4.21852580e-02
5.63977 4.30468794e-02
5.65896 4.39186880e-02
5.67814 4.48006567e-02
5.69732 4.56927556e-02
5.7165 4.65949518e-02
5.73569 4.75072094e-02
5.75488 4.84294898e-02
5.77405 4.93617513e-02
5.79324 5.03039493e-02
5.81242 5.12560365e-02
5.8316 5.22179622e-02
5.85078 5.31896732e-02
5.86997 5.41711132e-02
5.88915 5.51622230e-02
5.90833 5.61629405e-02
5.92752 5.71732004e-02
5.94671 5.81929350e-02
5.96588 5.92220732e-02
5.98507 6.02605412e-02
6.00425 6.13082622e-02
6.02343 6.23651567e-02
6.04261 6.34311423e-02
6.0618 6.45061333e-02
6.08098 6.55900415e-02
6.10016 6.66827761e-02
6.11935 6.77842431e-02
6.13853 6.88943456e-02
6.15771 7.00129841e-02
6.1769 7.11400565e-02
6.19608 7.22754576e-02
6.21526 7.34190796e-02
6.23444 7.45708121e-02
6.25363 7.57305418e-02
6.2728 7.68981529e-02
6.29199 7.80735268e-02
6.31118 7.92565427e-02
6.33036 8.04470766e-02
6.34954 8.16450024e-02
6.36872 8.28501914e-02
6.38791 8.40625123e-02
6.40709 8.52818314e-02
6.42627 8.65080126e-02
6.44546 8.77409174e-02
6.46463 8.89804050e-02
6.48382 9.02263322e-02
6.50301 9.14785536e-02
6.52219 9.27369215e-02
6.54137 9.40012862e-02
6.56055 9.52714956e-02
6.57974 9.65473956e-02
6.59892 9.78288301e-02
6.6181 9.91156410e-02
6.63729 1.00407668e-01
6.65646 1.01704749e-01
6.67565 1.03006721e-01
6.69484 1.04313417e-01
6.71401 1.05624670e-01
6.7332 1.06940311e-01
6.75238 1.08260169e-01
6.77157 1.09584071e-01
6.79074 1.10911844e-01
6.80993 1.12243311e-01
6.82912 1.13578296e-01
6.84829 1.14916621e-01
6.86748 1.16258105e-01
6.88666 1.17602568e-01
6.90584 1.18949827e-01
6.92503 1.20299699e-01
6.94421 1.21651999e-01
6.9634 1.23006542e-01
6.98257 1.24363142e-01
7.00176 1.25721610e-01
7.02095 1.27081758e-01
7.04012 1.28443398e-01
7.05931 1.29806339e-01
7.07849 1.31170391e-01
7.09767 1.32535363e-01
7.11686 1.33901062e-01
7.13604 1.35267298e-01
7.15523 1.36633876e-01
7.1744 1.38000605e-01
7.19359 1.39367290e-01
7.21278 1.40733739e-01
7.23195 1.42099757e-01
7.25114 1.43465152e-01
7.27032 1.44829728e-01
7.2895 1.46193293e-01
7.30868 1.47555652e-01
7.32787 1.48916613e-01
7.34706 1.50275981e-01
7.36623 1.51633564e-01
7.38542 1.52989169e-01
7.4046 1.54342603e-01
7.42378 1.55693676e-01
7.44297 1.57042195e-01
7.46215 1.58387971e-01
7.48133 1.59730812e-01
7.50051 1.61070531e-01
7.5197 1.62406937e-01
7.53889 1.63739845e-01
7.55806 1.65069066e-01
7.57725 1.66394415e-01
7.59643 1.67715708e-01
7.61561 1.69032761e-01
7.6348 1.70345391e-01
7.65398 1.71653418e-01
7.67316 1.72956660e-01
7.69234 1.74254940e-01
7.71153 1.75548079e-01
7.73072 1.76835903e-01
7.74989 1.78118236e-01
7.76908 1.79394906e-01
7.78826 1.80665742e-01
7.80744 1.81930573e-01
7.82662 1.83189232e-01
7.84581 1.84441553e-01
7.86499 1.85687370e-01
7.88417 1.86926522e-01
7.90336 1.88158848e-01
7.92254 1.89384188e-01
7.94172 1.90602386e-01
7.96091 1.91813288e-01
7.98009 1.93016739e-01
7.99927 1.94212590e-01
8.01845 1.95400692e-01
8.03764 1.96580899e-01
8.05681 1.97753066e-01
8.076 1.98917052e-01
8.09519 2.00072716e-01
8.11436 2.01219922e-01
8.13355 2.02358535e-01
8.15274 2.03488421e-01
8.17192 2.04609452e-01
8.1911 2.05721498e-01
8.21028 2.06824435e-01
8.22947 2.07918140e-01
8.24864 2.09002492e-01
8.26783 2.10077375e-01
8.28702 2.11142673e-01
8.30619 2.12198273e-01
8.32538 2.13244065e-01
8.34456 2.14279942e-01
8.36375 2.15305800e-01
8.38293 2.16321537e-01
8.40211 2.17327053e-01
8.4213 2.18322251e-01
8.44047 2.19307038e-01
8.45966 2.20281323e-01
8.47885 2.21245017e-01
8.49802 2.22198034e-01
8.51721 2.23140292e-01
8.53639 2.24071711e-01
8.55558 2.24992212e-01
8.57475 2.25901721e-01
8.59394 2.26800167e-01
8.61313 2.27687480e-01
8.6323 2.28563594e-01
8.65149 2.29428446e-01
8.67068 2.30281973e-01
8.68985 2.31124120e-01
8.70904 2.31954829e-01
8.72822 2.32774049e-01
8.74741 2.33581730e-01
8.76658 2.34377825e-01
8.78577 2.35162289e-01
8.80496 2.35935081e-01
8.82413 2.36696162e-01
8.84332 2.37445496e-01
8.8625 2.38183049e-01
8.88168 2.38908792e-01
8.90087 2.39622694e-01
8.92005 2.40324732e-01
8.93924 2.41014881e-01
8.95841 2.41693123e-01
8.9776 2.42359439e-01
8.99679 2.43013814e-01
9.01596 2.43656236e-01
9.03515 2.44286694e-01
9.05433 2.44905182e-01
9.07351 2.45511694e-01
9.09269 2.46106228e-01
9.11188 2.46688784e-01
9.13107 2.47259363e-01
9.15024 2.47817972e-01
9.16943 2.48364617e-01
9.18862 2.48899307e-01
9.20779 2.49422054e-01
9.22698 2.49932873e-01
9.24616 2.50431779e-01
9.26534 2.50918792e-01
9.28452 2.51393932e-01
9.30371 2.51857222e-01
9.3229 2.52308687e-01
9.34207 2.52748354e-01
9.36126 2.53176253e-01
9.38044 2.53592416e-01
9.39962 2.53996874e-01
9.41881 2.54389664e-01
9.43799 2.54770824e-01
9.45717 2.55140391e-01
9.47635 2.55498408e-01
9.49554 2.55844917e-01
9.51471 2.56179964e-01
9.5339 2.56503594e-01
9.55309 2.56815856e-01
9.57227 2.57116800e-01
9.59145 2.57406478e-01
9.61063 2.57684943e-01
9.62982 2.57952250e-01
9.649 2.58208456e-01
9.66818 2.58453619e-01
9.68737 2.58687798e-01
9.70654 2.58911055e-01
9.72573 2.59123452e-01
9.74492 2.59325053e-01
9.7641 2.59515923e-01
9.78328 2.59696129e-01
9.80246 2.59865738e-01
9.82165 2.60024821e-01
9.84083 2.60173447e-01
9.86001 2.60311688e-01
9.8792 2.60439617e-01
9.89837 2.60557307e-01
9.91756 2.60664834e-01
9.93675 2.60762274e-01
9.95593 2.60849703e-01
9.97511 2.60927200e-01
9.99429 2.60994844e-01
10.0135 2.61052714e-01
10.0327 2.61100892e-01
10.0518 2.61139458e-01
10.071 2.61168496e-01
10.0902 2.61188089e-01
10.1094 2.61198320e-01
10.1286 2.61199274e-01
10.1478 2.61191037e-01
10.1669 2.61173694e-01
10.1861 2.61147333e-01
10.2053 2.61112040e-01
10.2245 2.61067904e-01
10.2437 2.61015013e-01
10.2629 2.60953455e-01
10.282 2.60883320e-01
10.3012 2.60804698e-01
10.3204 2.60717678e-01
10.3396 2.60622352e-01
10.3588 2.60518810e-01
10.378 2.60407144e-01
10.3971 2.60287445e-01
10.4163 2.60159805e-01
10.4355 2.60024315e-01
10.4547 2.59881069e-01
10.4739 2.59730159e-01
10.493 2.59571677e-01
10.5122 2.59405716e-01
10.5314 2.59232369e-01
10.5506 2.59051729e-01
10.5698 2.58863890e-01
10.589 2.58668943e-01
10.6081 2.58466983e-01
10.6273 2.58258103e-01
10.6465 2.58042395e-01
10.6657 2.57819953e-01
10.6849 2.57590870e-01
10.7041 2.57355238e-01
10.7232 2.57113150e-01
10.7424 2.56864700e-01
10.7616 2.56609980e-01
10.7808 2.56349081e-01
10.8 2.56082097e-01
10.8192 2.55809120e-01
10.8383 2.55530240e-01
10.8575 2.55245549e-01
10.8767 2.54955140e-01
10.8959 2.54659102e-01
10.9151 2.54357527e-01
10.9343 2.54050505e-01
10.9534 2.53738126e-01
10.9726 2.53420480e-01
10.9918 2.53097655e-01
11.011 2.52769742e-01
11.0302 2.52436829e-01
11.0493 2.52099004e-01
11.0685 2.51756354e-01
11.0877 2.51408969e-01
11.1069 2.51056933e-01
11.1261 2.50700334e-01
11.1453 2.50339259e-01
11.1645 2.49973792e-01
11.1836 2.49604018e-01
11.2028 2.49230023e-01
11.222 2.48851891e-01
11.2412 2.48469705e-01
11.2604 2.48083548e-01
11.2796 2.47693504e-01
11.2987 2.47299653e-01
11.3179 2.46902078e-01
11.3371 2.46500859e-01
11.3563 2.46096078e-01
11.3755 2.45687813e-01
11.3946 2.45276144e-01
11.4138 2.44861151e-01
11.433 2.44442910e-01
11.4522 2.44021499e-01
11.4714 2.43596996e-01
11.4906 2.43169476e-01
11.5097 2.42739015e-01
11.5289 2.42305689e-01
11.5481 2.41869572e-01
11.5673 2.41430737e-01
11.5865 2.40989258e-01
11.6057 2.40545207e-01
11.6248 2.40098657e-01
11.6441 2.39649678e-01
11.6632 2.39198341e-01
11.6824 2.38744716e-01
11.7016 2.38288873e-01
11.7208 2.37830880e-01
11.7399 2.37370805e-01
11.7592 2.36908716e-01
11.7783 2.36444679e-01
11.7974 2.35978761e-01
11.8167 2.35511026e-01
11.8358 2.35041539e-01
11.8551 2.34570366e-01
11.8742 2.34097568e-01
11.8934 2.33623208e-01
11.9126 2.33147350e-01
11.9318 2.32670053e-01
11.9509 2.32191380e-01
11.9702 2.31711389e-01
11.9893 2.31230141e-01
12.0086 2.30747694e-01
12.0277 2.30264106e-01
12.0468 2.29779435e-01
12.0661 2.29293737e-01
12.0852 2.28807069e-01
12.1044 2.28319486e-01
12.1236 2.27831043e-01
12.1428 2.27341793e-01
12.1619 2.26851791e-01
12.1812 2.26361089e-01
12.2003 2.25869740e-01
12.2196 2.25377794e-01
12.2387 2.24885304e-01
12.2578 2.24392318e-01
12.2771 2.23898888e-01
12.2962 2.23405061e-01
12.3154 2.22910886e-01
12.3346 2.22416411e-01
12.3538 2.21921682e-01
12.373 2.21426748e-01
12.3922 2.20931652e-01
12.4113 2.20436440e-01
12.4306 2.19941158e-01
12.4497 2.19445848e-01
12.4688 2.18950555e-01
12.4881 2.18455321e-01
12.5072 2.17960189e-01
12.5265 2.17465199e-01
12.5456 2.16970393e-01
12.5648 2.16475811e-01
12.584 2.15981494e-01
12.6032 2.15487479e-01
12.6223 2.14993807e-01
12.6416 2.14500514e-01
12.6607 2.14007639e-01
12.6798 2.13515219e-01
12.6991 2.13023289e-01
12.7182 2.12531886e-01
12.7375 2.12041045e-01
12.7566 2.11550800e-01
12.7758 2.11061187e-01
12.795 2.10572237e-01
12.8142 2.10083985e-01
12.8333 2.09596463e-01
12.8526 2.09109704e-01
12.8717 2.08623737e-01
12.891 2.08138596e-01
12.9101 2.07654309e-01
12.9292 2.07170907e-01
12.9485 2.06688420e-01
12.9676 2.06206877e-01
12.9868 2.05726305e-01
13.006 2.05246733e-01
13.0252 2.04768188e-01
13.0444 2.04290698e-01
13.0636 2.03814289e-01
13.0827 2.03338986e-01
13.102 2.02864816e-01
13.1211 2.02391804e-01
13.1402 2.01919975e-01
13.1595 2.01449351e-01
13.1786 2.00979958e-01
13.1978 2.00511819e-01
13.217 2.00044956e-01
13.2362 1.99579393e-01
13.2554 1.99115150e-01
13.2746 1.98652250e-01
13.2937 1.98190713e-01
13.313 1.97730561e-01
13.3321 1.97271814e-01
13.3513 1.96814491e-01
13.3705 1.96358613e-01
13.3896 1.95904198e-01
13.4089 1.95451265e-01
13.428 1.94999833e-01
13.4472 1.94549919e-01
13.4664 1.94101540e-01
13.4856 1.93654716e-01
13.5047 1.93209461e-01
13.524 1.92765792e-01
13.5431 1.92323726e-01
13.5623 1.91883278e-01
13.5815 1.91444464e-01
13.6007 1.91007299e-01
13.6199 1.90571796e-01
13.639 1.90137972e-01
13.6582 1.89705839e-01
13.6774 1.89275411e-01
13.6966 1.88846702e-01
13.7157 1.88419725e-01
13.735 1.87994492e-01
13.7541 1.87571016e-01
13.7734 1.87149308e-01
13.7925 1.86729381e-01
13.8117 1.86311246e-01
13.8309 1.85894914e-01
13.8501 1.85480396e-01
13.8692 1.85067702e-01
13.8884 1.84656843e-01
13.9076 1.84247829e-01
13.9268 1.83840669e-01
13.946 1.83435373e-01
13.9651 1.83031950e-01
13.9844 1.82630409e-01
14.0035 1.82230758e-01
14.0227 1.81833006e-01
14.0419 1.81437160e-01
14.0611 1.81043230e-01
14.0802 1.80651221e-01
14.0995 1.80261142e-01
14.1186 1.79872999e-01
14.1378 1.79486800e-01
14.157 1.79102551e-01
14.1761 1.78720259e-01
14.1954 1.78339928e-01
14.2145 1.77961567e-01
14.2337 1.77585179e-01
14.2529 1.77210770e-01
14.2721 1.76838347e-01
14.2913 1.76467913e-01
14.3105 1.76099474e-01
14.3296 1.75733034e-01
14.3489 1.75368597e-01
14.368 1.75006168e-01
14.3871 1.74645751e-01
14.4064 1.74287349e-01
14.4255 1.73930967e-01
14.4448 1.73576606e-01
14.4639 1.73224272e-01
14.4831 1.72873966e-01
14.5023 1.72525692e-01
14.5215 1.72179452e-01
14.5406 1.71835249e-01
14.5599 1.71493085e-01
14.579 1.71152962e-01
14.5981 1.70814882e-01
14.6174 1.70478847e-01
14.6365 1.70144859e-01
14.6558 1.69812919e-01
14.6749 1.69483028e-01
14.6941 1.69155188e-01
14.7133 1.68829400e-01
14.7325 1.68505664e-01
14.7516 1.68183982e-01
14.7709 1.67864353e-01
14.79 1.67546778e-01
14.8093 1.67231258e-01
14.8284 1.66917793e-01
14.8475 1.66606383e-01
14.8668 1.66297027e-01
14.8859 1.65989725e-01
14.9051 1.65684478e-01
14.9243 1.65381284e-01
14.9435 1.65080143e-01
14.9626 1.64781053e-01
14.9819 1.64484016e-01
15.001 1.64189028e-01
15.0203 1.63896090e-01
15.0394 1.63605199e-01
15.0585 1.63316356e-01
15.0778 1.63029557e-01
15.0969 1.62744802e-01
15.1161 1.62462089e-01
15.1353 1.62181416e-01
15.1545 1.61902781e-01
15.1737 1.61626183e-01
15.1929 1.61351619e-01
15.212 1.61079088e-01
15.2313 1.60808586e-01
15.2504 1.60540112e-01
15.2695 1.60273662e-01
15.2888 1.60009236e-01
15.3079 1.59746829e-01
15.3272 1.59486440e-01
15.3463 1.59228065e-01
15.3655 1.58971701e-01
15.3847 1.58717347e-01
15.4039 1.58464998e-01
15.423 1.58214651e-01
15.4423 1.57966303e-01
15.4614 1.57719952e-01
15.4805 1.57475593e-01
15.4998 1.57233224e-01
15.5189 1.56992840e-01
15.5382 1.56754439e-01
15.5573 1.56518016e-01
15.5765 1.56283567e-01
15.5957 1.56051090e-01
15.6149 1.55820581e-01
15.634 1.55592034e-01
15.6533 1.55365448e-01
15.6724 1.55140816e-01
15.6917 1.54918136e-01
15.7108 1.54697403e-01
15.7299 1.54478614e-01
15.7492 1.54261763e-01
15.7683 1.54046846e-01
15.7875 1.53833860e-01
15.8067 1.53622800e-01
15.8259 1.53413661e-01
15.8451 1.53206439e-01
15.8643 1.53001129e-01
15.8834 1.52797726e-01
15.9027 1.52596227e-01
15.9218 1.52396626e-01
15.941 1.52198919e-01
15.9602 1.52003101e-01
15.9793 1.51809167e-01
15.9985 1.51617111e-01
16.0177 1.51426931e-01
16.0369 1.51238619e-01
16.0561 1.51052172e-01
16.0753 1.50867584e-01
16.0944 1.50684851e-01
16.1137 1.50503966e-01
16.1328 1.50324926e-01
16.152 1.50147725e-01
16.1712 1.49972357e-01
16.1904 1.49798818e-01
16.2096 1.49627102e-01
16.2287 1.49457205e-01
16.2479 1.49289119e-01
16.2671 1.49122842e-01
16.2863 1.48958366e-01
16.3054 1.48795686e-01
16.3247 1.48634798e-01
16.3438 1.48475696e-01
16.363 1.48318373e-01
16.3822 1.48162826e-01
16.4014 1.48009047e-01
16.4206 1.47857032e-01
16.4398 1.47706776e-01
16.4589 1.47558271e-01
16.4781 1.47411514e-01
16.4973 1.47266498e-01
16.5164 1.47123217e-01
16.5357 1.46981666e-01
16.5548 1.46841839e-01
16.5741 1.46703731e-01
16.5932 1.46567336e-01
16.6124 1.46432648e-01
16.6316 1.46299660e-01
16.6508 1.46168369e-01
16.6699 1.46038767e-01
16.6892 1.45910849e-01
16.7083 1.45784609e-01
16.7275 1.45660041e-01
16.7467 1.45537140e-01
16.7658 1.45415899e-01
16.7851 1.45296313e-01
16.8042 1.45178375e-01
16.8234 1.45062081e-01
16.8426 1.44947423e-01
16.8618 1.44834397e-01
16.8809 1.44722996e-01
16.9002 1.44613214e-01
16.9193 1.44505045e-01
16.9386 1.44398483e-01
16.9577 1.44293523e-01
16.9768 1.44190158e-01
16.9961 1.44088383e-01
17.0152 1.43988191e-01
17.0344 1.43889577e-01
17.0536 1.43792534e-01
17.0728 1.43697057e-01
17.092 1.43603139e-01
17.1112 1.43510774e-01
17.1303 1.43419958e-01
17.1496 1.43330682e-01
17.1687 1.43242942e-01
17.1878 1.43156732e-01
17.2071 1.43072044e-01
17.2262 1.42988875e-01
17.2455 1.42907216e-01
17.2646 1.42827063e-01
17.2838 1.42748409e-01
17.303 1.42671249e-01
17.3222 1.42595576e-01
17.3413 1.42521384e-01
17.3606 1.42448667e-01
17.3797 1.42377419e-01
17.3988 1.42307634e-01
17.4181 1.42239307e-01
17.4372 1.42172430e-01
17.4565 1.42106998e-01
17.4756 1.42043006e-01
17.4948 1.41980446e-01
17.514 1.41919313e-01
17.5332 1.41859601e-01
17.5523 1.41801304e-01
17.5716 1.41744416e-01
17.5907 1.41688930e-01
17.61 1.41634842e-01
17.6291 1.41582144e-01
17.6482 1.41530831e-01
17.6675 1.41480896e-01
17.6866 1.41432335e-01
17.7058 1.41385140e-01
17.725 1.41339306e-01
17.7442 1.41294827e-01
17.7633 1.41251696e-01
17.7826 1.41209909e-01
17.8017 1.41169458e-01
17.821 1.41130338e-01
17.8401 1.41092543e-01
17.8592 1.41056067e-01
17.8785 1.41020904e-01
17.8976 1.40987047e-01
17.9168 1.40954492e-01
17.936 1.40923233e-01
17.9552 1.40893262e-01
17.9744 1.40864574e-01
17.9936 1.40837164e-01
18.0127 1.40811026e-01
18.032 1.40786153e-01
18.0511 1.40762539e-01
18.0702 1.40740180e-01
18.0895 1.40719068e-01
18.1086 1.40699198e-01
18.1279 1.40680565e-01
18.147 1.40663161e-01
18.1662 1.40646983e-01
18.1854 1.40632022e-01
18.2046 1.40618275e-01
18.2237 1.40605734e-01
18.243 1.40594394e-01
18.2621 1.40584250e-01
18.2813 1.40575295e-01
18.3005 1.40567523e-01
18.3196 1.40560930e-01
18.3389 1.40555508e-01
18.358 1.40551253e-01
18.3772 1.40548159e-01
18.3964 1.40546219e-01
18.4156 1.40545428e-01
18.4347 1.40545781e-01
18.454 1.40547271e-01
18.4731 1.40549893e-01
18.4924 1.40553641e-01
18.5115 1.40558510e-01
18.5307 1.40564493e-01
18.5499 1.40571586e-01
18.569 1.40579782e-01
18.5882 1.40589075e-01
18.6074 1.40599461e-01
18.6266 1.40610933e-01
18.6458 1.40623487e-01
18.665 1.40637115e-01
18.6841 1.40651813e-01
18.7034 1.40667574e-01
18.7225 1.40684395e-01
18.7417 1.40702268e-01
18.7609 1.40721188e-01
18.7801 1.40741150e-01
18.7992 1.40762148e-01
18.8184 1.40784177e-01
18.8376 1.40807231e-01
18.8568 1.40831305e-01
18.876 1.40856392e-01
18.8951 1.40882488e-01
18.9144 1.40909587e-01
18.9335 1.40937684e-01
18.9527 1.40966773e-01
18.9719 1.40996849e-01
18.9911 1.41027905e-01
19.0103 1.41059938e-01
19.0295 1.41092941e-01
19.0486 1.41126909e-01
19.0678 1.41161837e-01
19.087 1.41197719e-01
19.1061 1.41234549e-01
19.1254 1.41272323e-01
19.1445 1.41311035e-01
19.1637 1.41350680e-01
19.1829 1.41391253e-01
19.2021 1.41432747e-01
19.2213 1.41475159e-01
19.2405 1.41518482e-01
19.2596 1.41562711e-01
19.2789 1.41607841e-01
19.298 1.41653866e-01
19.3171 1.41700782e-01
19.3364 1.41748584e-01
19.3555 1.41797265e-01
19.3748 1.41846821e-01
19.3939 1.41897247e-01
19.4131 1.41948537e-01
19.4323 1.42000686e-01
19.4515 1.42053689e-01
19.4706 1.42107541e-01
19.4899 1.42162237e-01
19.509 1.42217771e-01
19.5283 1.42274139e-01
19.5474 1.42331335e-01
19.5665 1.42389354e-01
19.5858 1.42448192e-01
19.6049 1.42507842e-01
19.6241 1.42568301e-01
19.6433 1.42629562e-01
19.6625 1.42691621e-01
19.6816 1.42754474e-01
19.7009 1.42818114e-01
19.72 1.42882537e-01
19.7393 1.42947738e-01
19.7584 1.43013712e-01
19.7775 1.43080453e-01
19.7968 1.43147958e-01
19.8159 1.43216221e-01
19.8351 1.43285237e-01
19.8543 1.43355001e-01
19.8735 1.43425508e-01
19.8927 1.43496753e-01
19.9119 1.43568733e-01
19.931 1.43641440e-01
19.9503 1.43714872e-01
19.9694 1.43789022e-01
19.9885 1.43863886e-01
20.0078 1.43939460e-01
20.0269 1.44015738e-01
20.0461 1.44092716e-01
20.0653 1.44170388e-01
20.0845 1.44248751e-01
20.1037 1.44327799e-01
20.1229 1.44407527e-01
20.142 1.44487931e-01
20.1613 1.44569007e-01
20.1804 1.44650748e-01
20.1995 1.44733152e-01
20.2188 1.44816212e-01
20.2379 1.44899924e-01
20.2572 1.44984284e-01
20.2763 1.45069287e-01
20.2955 1.45154929e-01
20.3147 1.45241204e-01
20.3339 1.45328108e-01
20.353 1.45415637e-01
20.3723 1.45503785e-01
20.3914 1.45592549e-01
20.4107 1.45681923e-01
20.4298 1.45771904e-01
20.4489 1.45862486e-01
20.4682 1.45953665e-01
20.4873 1.46045437e-01
20.5065 1.46137796e-01
20.5257 1.46230740e-01
20.5449 1.46324262e-01
20.564 1.46418359e-01
20.5833 1.46513026e-01
20.6024 1.46608258e-01
20.6217 1.46704052e-01
20.6408 1.46800403e-01
20.6599 1.46897306e-01
20.6792 1.46994757e-01
20.6983 1.47092752e-01
20.7175 1.47191285e-01
20.7367 1.47290354e-01
20.7559 1.47389953e-01
20.7751 1.47490078e-01
20.7943 1.47590726e-01
20.8134 1.47691890e-01
20.8327 1.47793568e-01
20.8518 1.47895755e-01
20.871 1.47998446e-01
20.8902 1.48101638e-01
20.9093 1.48205326e-01
20.9286 1.48309505e-01
20.9477 1.48414173e-01
20.9669 1.48519323e-01
20.9861 1.48624953e-01
21.0053 1.48731058e-01
21.0244 1.48837634e-01
21.0437 1.48944676e-01
21.0628 1.49052181e-01
21.082 1.49160144e-01
21.1012 1.49268562e-01
21.1204 1.49377429e-01
21.1396 1.49486742e-01
21.1587 1.49596498e-01
21.1779 1.49706691e-01
21.1971 1.49817318e-01
21.2163 1.49928374e-01
21.2354 1.50039856e-01
21.2547 1.50151760e-01
21.2738 1.50264081e-01
21.2931 1.50376815e-01
21.3122 1.50489960e-01
21.3314 1.50603509e-01
21.3506 1.50717460e-01
21.3698 1.50831809e-01
21.3889 1.50946552e-01
21.4081 1.51061684e-01
21.4273 1.51177201e-01
21.4464 1.51293101e-01
21.4657 1.51409379e-01
21.4848 1.51526030e-01
21.5041 1.51643052e-01
21.5232 1.51760440e-01
21.5424 1.51878190e-01
21.5616 1.51996299e-01
21.5808 1.52114763e-01
21.5999 1.52233577e-01
21.6192 1.52352739e-01
21.6383 1.52472244e-01
21.6575 1.52592088e-01
21.6767 1.52712268e-01
21.6958 1.52832781e-01
21.7151 1.52953621e-01
21.7342 1.53074786e-01
21.7534 1.53196271e-01
21.7726 1.53318074e-01
21.7918 1.53440190e-01
21.811 1.53562616e-01
21.8302 1.53685347e-01
21.8493 1.53808381e-01
21.8686 1.53931713e-01
21.8877 1.54055341e-01
21.9068 1.54179260e-01
21.9261 1.54303466e-01
21.9452 1.54427957e-01
21.9644 1.54552728e-01
21.9836 1.54677776e-01
22.0028 1.54803098e-01
22.022 1.54928689e-01
22.0412 1.55054547e-01
22.0603 1.55180667e-01
22.0796 1.55307047e-01
22.0987 1.55433682e-01
22.1178 1.55560570e-01
22.1371 1.55687706e-01
22.1562 1.55815087e-01
22.1755 1.55942710e-01
22.1946 1.56070572e-01
22.2138 1.56198668e-01
22.233 1.56326996e-01
22.2522 1.56455551e-01
22.2713 1.56584332e-01
22.2906 1.56713333e-01
22.3097 1.56842553e-01
22.329 1.56971986e-01
22.3481 1.57101631e-01
22.3672 1.57231484e-01
22.3865 1.57361541e-01
22.4056 1.57491799e-01
22.4248 1.57622255e-01
22.444 1.57752905e-01
22.4632 1.57883747e-01
22.4823 1.58014776e-01
22.5016 1.58145990e-01
22.5207 1.58277385e-01
22.54 1.58408959e-01
22.5591 1.58540707e-01
22.5782 1.58672628e-01
22.5975 1.58804716e-01
22.6166 1.58936970e-01
22.6358 1.59069386e-01
22.655 1.59201961e-01
22.6742 1.59334692e-01
22.6934 1.59467575e-01
22.7126 1.59600608e-01
22.7317 1.59733787e-01
22.751 1.59867109e-01
22.7701 1.60000572e-01
22.7892 1.60134171e-01
22.8085 1.60267905e-01
22.8276 1.60401769e-01
22.8468 1.60535761e-01
22.866 1.60669878e-01
22.8852 1.60804117e-01
22.9044 1.60938475e-01
22.9236 1.61072948e-01
22.9427 1.61207534e-01
22.962 1.61342230e-01
22.9811 1.61477032e-01
23.0002 1.61611938e-01
23.0195 1.61746945e-01
23.0386 1.61882050e-01
23.0579 1.62017251e-01
23.077 1.62152543e-01
23.0962 1.62287924e-01
23.1154 1.62423391e-01
23.1346 1.62558942e-01
23.1537 1.62694574e-01
23.173 1.62830283e-01
23.1921 1.62966067e-01
23.2114 1.63101923e-01
23.2305 1.63237848e-01
23.2496 1.63373839e-01
23.2689 1.63509894e-01
23.288 1.63646009e-01
23.3072 1.63782183e-01
23.3264 1.63918412e-01
23.3456 1.64054693e-01
23.3647 1.64191024e-01
23.384 1.64327401e-01
23.4031 1.64463823e-01
23.4224 1.64600287e-01
23.4415 1.64736789e-01
23.4607 1.64873328e-01
23.4799 1.65009899e-01
23.499 1.65146502e-01
23.5182 1.65283133e-01
23.5374 1.65419789e-01
23.5566 1.65556468e-01
23.5758 1.65693168e-01
23.595 1.65829884e-01
23.6141 1.65966616e-01
23.6334 1.66103361e-01
23.6525 1.66240115e-01
23.6717 1.66376877e-01
23.6909 1.66513643e-01
23.7101 1.66650411e-01
23.7293 1.66787179e-01
23.7484 1.66923945e-01
23.7676 1.67060705e-01
23.7868 1.67197457e-01
23.806 1.67334198e-01
23.8251 1.67470927e-01
23.8444 1.67607641e-01
23.8635 1.67744337e-01
23.8827 1.67881012e-01
23.9019 1.68017665e-01
23.9211 1.68154293e-01
23.9403 1.68290894e-01
23.9595 1.68427465e-01
23.9786 1.68564003e-01
23.9978 1.68700507e-01
24.017 1.68836974e-01
24.0361 1.68973402e-01
24.0554 1.69109788e-01
24.0745 1.69246130e-01
24.0938 1.69382425e-01
24.1129 1.69518673e-01
24.1321 1.69654869e-01
24.1513 1.69791012e-01
24.1705 1.69927099e-01
24.1896 1.70063129e-01
24.2089 1.70199099e-01
24.228 1.70335006e-01
24.2471 1.70470849e-01
24.2664 1.70606625e-01
24.2855 1.70742333e-01
24.3048 1.70877969e-01
24.3239 1.71013532e-01
24.3431 1.71149020e-01
24.3623 1.71284430e-01
24.3815 1.71419760e-01
24.4006 1.71555008e-01
24.4199 1.71690172e-01
24.439 1.71825250e-01
24.4583 1.71960240e-01
24.4774 1.72095139e-01
24.4965 1.72229945e-01
24.5158 1.72364657e-01
24.5349 1.72499273e-01
24.5541 1.72633790e-01
24.5733 1.72768206e-01
24.5925 1.72902519e-01
24.6117 1.73036727e-01
24.6309 1.73170828e-01
24.65 1.73304821e-01
24.6693 1.73438703e-01
24.6884 1.73572472e-01
24.7075 1.73706126e-01
24.7268 1.73839663e-01
24.7459 1.73973082e-01
24.7651 1.74106380e-01
24.7843 1.74239555e-01
24.8035 1.74372606e-01
24.8227 1.74505531e-01
24.8419 1.74638327e-01
24.861 1.74770993e-01
24.8803 1.74903526e-01
24.8994 1.75035926e-01
24.9185 1.75168190e-01
24.9378 1.75300317e-01
24.9569 1.75432303e-01
24.9762 1.75564149e-01
24.9953 1.75695851e-01
25.0145 1.75827408e-01
25.0337 1.75958819e-01
25.0529 1.76090081e-01
25.072 1.76221193e-01
25.0913 1.76352152e-01
25.1104 1.76482958e-01
25.1297 1.76613608e-01
25.1488 1.76744101e-01
25.1679 1.76874435e-01
25.1872 1.77004608e-01
25.2063 1.77134619e-01
25.2255 1.77264465e-01
25.2447 1.77394146e-01
25.2639 1.77523659e-01
25.283 1.77653003e-01
25.3023 1.77782176e-01
25.3214 1.77911176e-01
25.3407 1.78040003e-01
25.3598 1.78168653e-01
25.3789 1.78297127e-01
25.3982 1.78425421e-01
25.4173 1.78553535e-01
25.4365 1.78681467e-01
25.4557 1.78809215e-01
25.4749 1.78936778e-01
25.4941 1.79064154e-01
25.5133 1.79191341e-01
25.5324 1.79318339e-01
25.5517 1.79445145e-01
25.5708 1.79571759e-01
25.5899 1.79698178e-01
25.6092 1.79824401e-01
25.6283 1.79950426e-01
25.6475 1.80076253e-01
25.6667 1.80201880e-01
25.6859 1.80327304e-01
25.7051 1.80452525e-01
25.7243 1.80577542e-01
25.7434 1.80702353e-01
25.7627 1.80826956e-01
25.7818 1.80951350e-01
25.801 1.81075533e-01
25.8202 1.81199505e-01
25.8393 1.81323264e-01
25.8586 1.81446809e-01
25.8777 1.81570137e-01
25.8969 1.81693249e-01
25.9161 1.81816141e-01
25.9353 1.81938814e-01
25.9544 1.82061266e-01
25.9737 1.82183496e-01
25.9928 1.82305501e-01
26.0121 1.82427282e-01
26.0312 1.82548836e-01
26.0504 1.82670163e-01
26.0696 1.82791260e-01
26.0887 1.82912128e-01
26.1079 1.83032764e-01
26.1271 1.83153168e-01
26.1463 1.83273337e-01
26.1654 1.83393272e-01
26.1847 1.83512970e-01
26.2038 1.83632431e-01
26.2231 1.83751653e-01
26.2422 1.83870636e-01
26.2614 1.83989377e-01
26.2806 1.84107876e-01
26.2998 1.84226132e-01
26.3189 1.84344143e-01
26.3381 1.84461909e-01
26.3573 1.84579427e-01
26.3765 1.84696698e-01
26.3957 1.84813720e-01
26.4148 1.84930492e-01
26.4341 1.85047013e-01
26.4532 1.85163282e-01
26.4724 1.85279297e-01
26.4916 1.85395058e-01
26.5108 1.85510563e-01
26.53 1.85625812e-01
26.5492 1.85740804e-01
26.5683 1.85855536e-01
26.5875 1.85970010e-01
26.6067 1.86084222e-01
26.6258 1.86198174e-01
26.6451 1.86311862e-01
26.6642 1.86425287e-01
26.6834 1.86538447e-01
26.7026 1.86651342e-01
26.7218 1.86763971e-01
26.741 1.86876332e-01
26.7602 1.86988425e-01
26.7793 1.87100248e-01
26.7986 1.87211801e-01
26.8177 1.87323083e-01
26.8368 1.87434093e-01
26.8561 1.87544830e-01
26.8752 1.87655293e-01
26.8945 1.87765482e-01
26.9136 1.87875395e-01
26.9328 1.87985031e-01
26.952 1.88094390e-01
26.9712 1.88203471e-01
26.9903 1.88312273e-01
27.0096 1.88420795e-01
27.0287 1.88529037e-01
27.0478 1.88636997e-01
27.0671 1.88744674e-01
27.0862 1.88852069e-01
27.1055 1.88959180e-01
27.1246 1.89066006e-01
27.1438 1.89172546e-01
27.163 1.89278801e-01
27.1822 1.89384768e-01
27.2013 1.89490448e-01
27.2206 1.89595839e-01
27.2397 1.89700941e-01
27.259 1.89805753e-01
27.2781 1.89910274e-01
27.2972 1.90014505e-01
27.3165 1.90118443e-01
27.3356 1.90222088e-01
27.3548 1.90325440e-01
27.374 1.90428497e-01
27.3932 1.90531260e-01
27.4124 1.90633728e-01
27.4316 1.90735899e-01
27.4507 1.90837774e-01
27.47 1.90939351e-01
27.4891 1.91040630e-01
27.5082 1.91141610e-01
27.5275 1.91242291e-01
27.5466 1.91342673e-01
27.5658 1.91442753e-01
27.585 1.91542533e-01
27.6042 1.91642011e-01
27.6234 1.91741186e-01
27.6426 1.91840059e-01
27.6617 1.91938629e-01
27.681 1.92036894e-01
27.7001 1.92134855e-01
27.7192 1.92232511e-01
27.7385 1.92329861e-01
27.7576 1.92426905e-01
27.7769 1.92523642e-01
27.796 1.92620072e-01
27.8152 1.92716195e-01
27.8344 1.92812009e-01
27.8536 1.92907515e-01
27.8727 1.93002711e-01
27.892 1.93097598e-01
27.9111 1.93192175e-01
27.9304 1.93286441e-01
27.9495 1.93380396e-01
27.9686 1.93474039e-01
27.9879 1.93567371e-01
28.007 1.93660390e-01
28.0262 1.93753097e-01
28.0454 1.93845490e-01
28.0646 1.93937569e-01
28.0837 1.94029335e-01
28.103 1.94120786e-01
28.1221 1.94211922e-01
28.1414 1.94302743e-01
28.1605 1.94393248e-01
28.1796 1.94483438e-01
28.1989 1.94573310e-01
28.218 1.94662867e-01
28.2372 1.94752106e-01
28.2564 1.94841027e-01
28.2756 1.94929631e-01
28.2948 1.95017917e-01
28.314 1.95105884e-01
28.3331 1.95193533e-01
28.3524 1.95280862e-01
28.3715 1.95367873e-01
28.3907 1.95454563e-01
28.4099 1.95540933e-01
28.429 1.95626983e-01
28.4482 1.95712713e-01
28.4674 1.95798122e-01
28.4866 1.95883209e-01
28.5058 1.95967975e-01
28.525 1.96052420e-01
28.5441 1.96136542e-01
28.5634 1.96220343e-01
28.5825 1.96303821e-01
28.6017 1.96386976e-01
28.6209 1.96469809e-01
28.6401 1.96552318e-01
28.6593 1.96634505e-01
28.6784 1.96716367e-01
28.6976 1.96797907e-01
28.7168 1.96879122e-01
28.736 1.96960013e-01
28.7551 1.97040580e-01
28.7744 1.97120822e-01
28.7935 1.97200740e-01
28.8128 1.97280333e-01
28.8319 1.97359601e-01
28.8511 1.97438543e-01
28.8703 1.97517161e-01
28.8895 1.97595453e-01
28.9086 1.97673420e-01
28.9278 1.97751061e-01
28.947 1.97828376e-01
28.9661 1.97905365e-01
28.9854 1.97982028e-01
29.0045 1.98058365e-01
29.0238 1.98134376e-01
29.0429 1.98210060e-01
29.0621 1.98285418e-01
29.0813 1.98360450e-01
29.1005 1.98435154e-01
29.1196 1.98509532e-01
29.1389 1.98583584e-01
29.158 1.98657308e-01
29.1772 1.98730706e-01
29.1964 1.98803776e-01
29.2155 1.98876520e-01
29.2348 1.98948936e-01
29.2539 1.99021026e-01
29.2731 1.99092788e-01
29.2923 1.99164223e-01
29.3115 1.99235331e-01
29.3307 1.99306111e-01
29.3499 1.99376565e-01
29.369 1.99446691e-01
29.3883 1.99516490e-01
29.4074 1.99585962e-01
29.4265 1.99655107e-01
29.4458 1.99723924e-01
29.4649 1.99792414e-01
29.4841 1.99860577e-01
29.5033 1.99928413e-01
29.5225 1.99995922e-01
29.5417 2.00063103e-01
29.5609 2.00129958e-01
29.58 2.00196485e-01
29.5993 2.00262686e-01
29.6184 2.00328560e-01
29.6375 2.00394107e-01
29.6568 2.00459327e-01
29.6759 2.00524221e-01
29.6952 2.00588787e-01
29.7143 2.00653028e-01
29.7335 2.00716942e-01
29.7527 2.00780529e-01
29.7719 2.00843790e-01
29.791 2.00906726e-01
29.8103 2.00969335e-01
29.8294 2.01031618e-01
29.8485 2.01093575e-01
29.8678 2.01155206e-01
29.8869 2.01216512e-01
29.9062 2.01277493e-01
29.9253 2.01338148e-01
29.9445 2.01398477e-01
29.9637 2.01458482e-01
29.9829 2.01518162e-01
30.002 2.01577517e-01
30.0213 2.01636547e-01
30.0404 2.01695253e-01
30.0597 2.01753634e-01
30.0788 2.01811692e-01
30.0979 2.01869425e-01
30.1172 2.01926834e-01
30.1363 2.01983920e-01
30.1555 2.02040682e-01
30.1747 2.02097121e-01
30.1939 2.02153237e-01
30.2131 2.02209030e-01
30.2323 2.02264501e-01
30.2514 2.02319648e-01
30.2707 2.02374474e-01
30.2898 2.02428977e-01
30.3089 2.02483159e-01
30.3282 2.02537018e-01
30.3473 2.02590557e-01
30.3665 2.02643774e-01
30.3857 2.02696670e-01
30.4049 2.02749245e-01
30.4241 2.02801500e-01
30.4433 2.02853434e-01
30.4624 2.02905049e-01
30.4817 2.02956343e-01
30.5008 2.03007319e-01
30.5199 2.03057974e-01
30.5392 2.03108311e-01
30.5583 2.03158329e-01
30.5776 2.03208028e-01
30.5967 2.03257409e-01
30.6159 2.03306473e-01
30.6351 2.03355218e-01
30.6543 2.03403646e-01
30.6734 2.03451757e-01
30.6927 2.03499551e-01
30.7118 2.03547028e-01
30.7311 2.03594189e-01
30.7502 2.03641035e-01
30.7693 2.03687564e-01
30.7886 2.03733778e-01
30.8077 2.03779677e-01
30.8269 2.03825261e-01
30.8461 2.03870531e-01
30.8653 2.03915487e-01
30.8844 2.03960129e-01
30.9037 2.04004457e-01
30.9228 2.04048472e-01
30.9421 2.04092175e-01
30.9612 2.04135564e-01
30.9804 2.04178642e-01
30.9996 2.04221408e-01
31.0187 2.04263862e-01
31.0379 2.04306005e-01
31.0571 2.04347837e-01
31.0763 2.04389359e-01
31.0955 2.04430571e-01
31.1147 2.04471473e-01
31.1338 2.04512065e-01
31.1531 2.04552349e-01
31.1722 2.04592324e-01
31.1914 2.04631990e-01
31.2106 2.04671349e-01
31.2298 2.04710400e-01
31.2489 2.04749144e-01
31.2681 2.04787581e-01
31.2873 2.04825712e-01
31.3065 2.04863537e-01
31.3257 2.04901056e-01
31.3448 2.04938269e-01
31.3641 2.04975178e-01
31.3832 2.05011783e-01
31.4024 2.05048083e-01
31.4216 2.05084080e-01
31.4408 2.05119773e-01
31.46 2.05155163e-01
31.4792 2.05190251e-01
31.4983 2.05225037e-01
31.5175 2.05259522e-01
31.5367 2.05293705e-01
31.5558 2.05327587e-01
31.5751 2.05361169e-01
31.5942 2.05394451e-01
31.6135 2.05427434e-01
31.6326 2.05460117e-01
31.6518 2.05492502e-01
31.671 2.05524588e-01
31.6902 2.05556377e-01
31.7093 2.05587868e-01
31.7286 2.05619062e-01
31.7477 2.05649960e-01
31.7668 2.05680562e-01
31.7861 2.05710868e-01
31.8052 2.05740879e-01
31.8245 2.05770595e-01
31.8436 2.05800017e-01
31.8628 2.05829146e-01
31.882 2.05857980e-01
31.9012 2.05886523e-01
31.9203 2.05914772e-01
31.9396 2.05942730e-01
31.9587 2.05970396e-01
31.978 2.05997771e-01
31.9971 2.06024856e-01
32.0162 2.06051650e-01
32.0355 2.06078155e-01
32.0546 2.06104371e-01
32.0738 2.06130298e-01
32.093 2.06155937e-01
32.1122 2.06181288e-01
32.1314 2.06206352e-01
32.1506 2.06231129e-01
32.1697 2.06255620e-01
32.189 2.06279826e-01
32.2081 2.06303746e-01
32.2272 2.06327381e-01
32.2465 2.06350732e-01
32.2656 2.06373799e-01
32.2848 2.06396583e-01
32.304 2.06419084e-01
32.3232 2.06441303e-01
32.3424 2.06463240e-01
32.3616 2.06484895e-01
32.3807 2.06506270e-01
32.4 2.06527365e-01
32.4191 2.06548180e-01
32.4382 2.06568716e-01
32.4575 2.06588973e-01
32.4766 2.06608951e-01
32.4959 2.06628652e-01
32.515 2.06648076e-01
32.5342 2.06667223e-01
32.5534 2.06686094e-01
32.5726 2.06704690e-01
32.5917 2.06723010e-01
32.611 2.06741056e-01
32.6301 2.06758827e-01
32.6492 2.06776325e-01
32.6685 2.06793551e-01
32.6876 2.06810503e-01
32.7069 2.06827184e-01
32.726 2.06843593e-01
32.7452 2.06859732e-01
32.7644 2.06875600e-01
32.7836 2.06891198e-01
32.8027 2.06906527e-01
32.822 2.06921587e-01
32.8411 2.06936379e-01
32.8604 2.06950904e-01
32.8795 2.06965161e-01
32.8986 2.06979152e-01
32.9179 2.06992876e-01
32.937 2.07006336e-01
32.9562 2.07019530e-01
32.9754 2.07032460e-01
32.9946 2.07045126e-01
33.0138 2.07057529e-01
33.033 2.07069669e-01
33.0521 2.07081547e-01
33.0714 2.07093164e-01
33.0905 2.07104519e-01
33.1096 2.07115614e-01
33.1289 2.07126449e-01
33.148 2.07137024e-01
33.1672 2.07147341e-01
33.1864 2.07157399e-01
33.2056 2.07167200e-01
33.2248 2.07176744e-01
33.244 2.07186031e-01
33.2631 2.07195062e-01
33.2824 2.07203837e-01
33.3015 2.07212358e-01
33.3207 2.07220624e-01
33.3399 2.07228636e-01
33.359 2.07236396e-01
33.3783 2.07243903e-01
33.3974 2.07251157e-01
33.4166 2.07258160e-01
33.4358 2.07264913e-01
33.455 2.07271415e-01
33.4741 2.07277667e-01
33.4934 2.07283670e-01
33.5125 2.07289424e-01
33.5318 2.07294931e-01
33.5509 2.07300189e-01
33.5701 2.07305202e-01
33.5893 2.07309967e-01
33.6084 2.07314487e-01
33.6276 2.07318762e-01
33.6468 2.07322792e-01
33.666 2.07326578e-01
33.6851 2.07330121e-01
33.7044 2.07333421e-01
33.7235 2.07336479e-01
33.7428 2.07339295e-01
33.7619 2.07341870e-01
33.7811 2.07344204e-01
33.8003 2.07346299e-01
33.8195 2.07348154e-01
33.8386 2.07349770e-01
33.8578 2.07351149e-01
33.877 2.07352289e-01
33.8962 2.07353193e-01
33.9154 2.07353860e-01
33.9345 2.07354292e-01
33.9538 2.07354488e-01
33.9729 2.07354450e-01
33.9921 2.07354177e-01
34.0113 2.07353671e-01
34.0305 2.07352932e-01
34.0496 2.07351961e-01
34.0689 2.07350758e-01
34.088 2.07349324e-01
34.1072 2.07347660e-01
34.1264 2.07345765e-01
34.1455 2.07343641e-01
34.1648 2.07341289e-01
34.1839 2.07338708e-01
34.2031 2.07335900e-01
34.2223 2.07332864e-01
34.2415 2.07329603e-01
34.2607 2.07326115e-01
34.2799 2.07322402e-01
34.299 2.07318465e-01
34.3183 2.07314304e-01
34.3374 2.07309919e-01
34.3565 2.07305312e-01
34.3758 2.07300482e-01
34.3949 2.07295430e-01
34.4142 2.07290158e-01
34.4333 2.07284665e-01
34.4525 2.07278952e-01
34.4717 2.07273020e-01
34.4909 2.07266869e-01
34.51 2.07260500e-01
34.5293 2.07253914e-01
34.5484 2.07247111e-01
34.5675 2.07240091e-01
34.5868 2.07232856e-01
34.6059 2.07225406e-01
34.6252 2.07217741e-01
34.6443 2.07209862e-01
34.6635 2.07201770e-01
34.6827 2.07193465e-01
34.7019 2.07184948e-01
34.721 2.07176220e-01
34.7403 2.07167280e-01
34.7594 2.07158130e-01
34.7787 2.07148771e-01
34.7978 2.07139202e-01
34.8169 2.07129425e-01
34.8362 2.07119440e-01
34.8553 2.07109247e-01
34.8745 2.07098848e-01
34.8937 2.07088242e-01
34.9129 2.07077431e-01
34.9321 2.07066415e-01
34.9513 2.07055194e-01
34.9704 2.07043770e-01
34.9897 2.07032142e-01
35.0088 2.07020312e-01
35.0279 2.07008280e-01
35.0472 2.06996046e-01
35.0663 2.06983612e-01
35.0855 2.06970977e-01
35.1047 2.06958142e-01
35.1239 2.06945109e-01
35.1431 2.06931877e-01
35.1623 2.06918447e-01
35.1814 2.06904820e-01
35.2007 2.06890996e-01
35.2198 2.06876976e-01
35.2389 2.06862760e-01
35.2582 2.06848350e-01
35.2773 2.06833745e-01
35.2966 2.06818947e-01
35.3157 2.06803955e-01
35.3349 2.06788771e-01
35.3541 2.06773394e-01
35.3733 2.06757827e-01
35.3924 2.06742068e-01
35.4117 2.06726120e-01
35.4308 2.06709981e-01
35.4499 2.06693654e-01
35.4692 2.06677138e-01
35.4883 2.06660435e-01
35.5076 2.06643544e-01
35.5267 2.06626466e-01
35.5459 2.06609202e-01
35.5651 2.06591753e-01
35.5843 2.06574119e-01
35.6034 2.06556300e-01
35.6227 2.06538298e-01
35.6418 2.06520113e-01
35.6611 2.06501744e-01
35.6802 2.06483194e-01
35.6993 2.06464463e-01
35.7186 2.06445550e-01
35.7377 2.06426458e-01
35.7569 2.06407185e-01
35.7761 2.06387734e-01
35.7953 2.06368104e-01
35.8145 2.06348296e-01
35.8337 2.06328310e-01
35.8528 2.06308148e-01
35.8721 2.06287810e-01
35.8912 2.06267296e-01
35.9104 2.06246607e-01
35.9296 2.06225743e-01
35.9487 2.06204706e-01
35.9679 2.06183495e-01
35.9871 2.06162111e-01
36.0063 2.06140555e-01
36.0255 2.06118828e-01
36.0447 2.06096930e-01
36.0638 2.06074861e-01
36.0831 2.06052622e-01
36.1022 2.06030214e-01
36.1214 2.06007637e-01
36.1406 2.05984892e-01
36.1598 2.05961979e-01
36.179 2.05938899e-01
36.1981 2.05915653e-01
36.2173 2.05892241e-01
36.2365 2.05868664e-01
36.2557 2.05844921e-01
36.2748 2.05821015e-01
36.2941 2.05796945e-01
36.3132 2.05772712e-01
36.3325 2.05748316e-01
36.3516 2.05723758e-01
36.3708 2.05699039e-01
36.39 2.05674160e-01
36.4092 2.05649119e-01
36.4283 2.05623920e-01
36.4475 2.05598561e-01
36.4667 2.05573043e-01
36.4858 2.05547368e-01
36.5051 2.05521535e-01
36.5242 2.05495545e-01
36.5435 2.05469398e-01
36.5626 2.05443096e-01
36.5818 2.05416639e-01
36.601 2.05390027e-01
36.6202 2.05363261e-01
36.6393 2.05336341e-01
36.6586 2.05309268e-01
36.6777 2.05282043e-01
36.6969 2.05254666e-01
36.7161 2.05227137e-01
36.7352 2.05199458e-01
36.7545 2.05171628e-01
36.7736 2.05143649e-01
36.7928 2.05115520e-01
36.812 2.05087243e-01
36.8312 2.05058818e-01
36.8503 2.05030245e-01
36.8696 2.05001525e-01
36.8887 2.04972659e-01
36.908 2.04943646e-01
36.9271 2.04914489e-01
36.9462 2.04885186e-01
36.9655 2.04855740e-01
36.9846 2.04826149e-01
37.0038 2.04796416e-01
37.023 2.04766539e-01
37.0422 2.04736521e-01
37.0614 2.04706361e-01
37.0806 2.04676059e-01
37.0997 2.04645618e-01
37.119 2.04615036e-01
37.1381 2.04584315e-01
37.1572 2.04553455e-01
37.1765 2.04522456e-01
37.1956 2.04491320e-01
37.2149 2.04460046e-01
37.234 2.04428635e-01
37.2532 2.04397088e-01
37.2724 2.04365406e-01
37.2916 2.04333588e-01
37.3107 2.04301635e-01
37.33 2.04269548e-01
37.3491 2.04237328e-01
37.3682 2.04204974e-01
37.3875 2.04172488e-01
37.4066 2.04139870e-01
37.4259 2.04107120e-01
37.445 2.04074239e-01
37.4642 2.04041227e-01
37.4834 2.04008086e-01
37.5026 2.03974815e-01
37.5217 2.03941415e-01
37.541 2.03907886e-01
37.5601 2.03874230e-01
37.5794 2.03840446e-01
37.5985 2.03806535e-01
37.6176 2.03772498e-01
37.6369 2.03738334e-01
37.656 2.03704046e-01
37.6752 2.03669632e-01
37.6944 2.03635094e-01
37.7136 2.03600432e-01
37.7328 2.03565647e-01
37.752 2.03530739e-01
37.7711 2.03495709e-01
37.7904 2.03460556e-01
37.8095 2.03425282e-01
37.8286 2.03389888e-01
37.8479 2.03354373e-01
37.867 2.03318738e-01
37.8862 2.03282984e-01
37.9054 2.03247111e-01
37.9246 2.03211119e-01
37.9438 2.03175010e-01
37.963 2.03138783e-01
37.9821 2.03102439e-01
38.0014 2.03065979e-01
38.0205 2.03029403e-01
38.0396 2.02992712e-01
38.0589 2.02955906e-01
38.078 2.02918985e-01
38.0973 2.02881950e-01
38.1164 2.02844802e-01
38.1356 2.02807541e-01
38.1548 2.02770167e-01
38.174 2.02732681e-01
38.1931 2.02695084e-01
38.2124 2.02657375e-01
38.2315 2.02619556e-01
38.2507 2.02581627e-01
38.2699 2.02543589e-01
38.289 2.02505441e-01
38.3083 2.02467185e-01
38.3274 2.02428820e-01
38.3466 2.02390348e-01
38.3658 2.02351768e-01
38.385 2.02313082e-01
38.4041 2.02274289e-01
38.4234 2.02235390e-01
38.4425 2.02196387e-01
38.4618 2.02157278e-01
38.4809 2.02118065e-01
38.5001 2.02078748e-01
38.5193 2.02039327e-01
38.5384 2.01999803e-01
38.5576 2.01960177e-01
38.5768 2.01920449e-01
38.596 2.01880619e-01
38.6152 2.01840688e-01
38.6344 2.01800656e-01
38.6535 2.01760524e-01
38.6728 2.01720292e-01
38.6919 2.01679961e-01
38.7111 2.01639531e-01
38.7303 2.01599003e-01
38.7495 2.01558376e-01
38.7686 2.01517652e-01
38.7878 2.01476831e-01
38.807 2.01435913e-01
38.8262 2.01394899e-01
38.8454 2.01353790e-01
38.8645 2.01312585e-01
38.8838 2.01271285e-01
38.9029 2.01229891e-01
38.9221 2.01188403e-01
38.9413 2.01146822e-01
38.9605 2.01105147e-01
38.9797 2.01063380e-01
38.9989 2.01021521e-01
39.018 2.00979570e-01
39.0372 2.00937527e-01
39.0564 2.00895394e-01
39.0755 2.00853170e-01
39.0948 2.00810857e-01
39.1139 2.00768453e-01
39.1332 2.00725961e-01
39.1523 2.00683380e-01
39.1715 2.00640711e-01
39.1907 2.00597954e-01
39.2099 2.00555109e-01
39.229 2.00512178e-01
39.2483 2.00469160e-01
39.2674 2.00426056e-01
39.2865 2.00382866e-01
39.3058 2.00339591e-01
39.3249 2.00296231e-01
39.3442 2.00252787e-01
39.3633 2.00209258e-01
39.3825 2.00165646e-01
39.4017 2.00121951e-01
39.4209 2.00078174e-01
39.44 2.00034313e-01
39.4593 1.99990371e-01
39.4784 1.99946348e-01
39.4977 1.99902243e-01
39.5168 1.99858058e-01
39.5359 1.99813792e-01
39.5552 1.99769447e-01
39.5743 1.99725022e-01
39.5935 1.99680518e-01
39.6127 1.99635936e-01
39.6319 1.99591275e-01
39.651 1.99546536e-01
39.6703 1.99501721e-01
39.6894 1.99456828e-01
39.7087 1.99411858e-01
39.7278 1.99366812e-01
39.7469 1.99321691e-01
39.7662 1.99276494e-01
39.7853 1.99231222e-01
39.8045 1.99185875e-01
39.8237 1.99140454e-01
39.8429 1.99094960e-01
39.8621 1.99049392e-01
39.8813 1.99003751e-01
39.9004 1.98958037e-01
39.9197 1.98912251e-01
39.9388 1.98866393e-01
39.9579 1.98820464e-01
39.9772 1.98774464e-01
39.9963 1.98728393e-01
40.0156 1.98682251e-01
40.0347 1.98636040e-01
40.0539 1.98589759e-01
40.0731 1.98543409e-01
40.0923 1.98496991e-01
40.1114 1.98450503e-01
40.1307 1.98403948e-01
40.1498 1.98357326e-01
40.1689 1.98310636e-01
40.1882 1.98263879e-01
40.2073 1.98217055e-01
40.2266 1.98170166e-01
40.2457 1.98123210e-01
40.2649 1.98076189e-01
40.2841 1.98029104e-01
40.3033 1.97981953e-01
40.3224 1.97934739e-01
40.3417 1.97887460e-01
40.3608 1.97840118e-01
40.3801 1.97792713e-01
40.3992 1.97745245e-01
40.4183 1.97697714e-01
40.4376 1.97650122e-01
40.4567 1.97602467e-01
40.4759 1.97554752e-01
40.4951 1.97506975e-01
40.5143 1.97459138e-01
40.5335 1.97411240e-01
40.5527 1.97363282e-01
40.5718 1.97315265e-01
40.5911 1.97267189e-01
40.6102 1.97219054e-01
40.6293 1.97170860e-01
40.6486 1.97122608e-01
40.6677 1.97074299e-01
40.6869 1.97025931e-01
40.7061 1.96977507e-01
40.7253 1.96929026e-01
40.7445 1.96880489e-01
40.7637 1.96831896e-01
40.7828 1.96783246e-01
40.8021 1.96734542e-01
40.8212 1.96685782e-01
40.8404 1.96636968e-01
40.8596 1.96588099e-01
40.8787 1.96539177e-01
40.898 1.96490201e-01
40.9171 1.96441171e-01
40.9363 1.96392088e-01
40.9555 1.96342953e-01
40.9747 1.96293766e-01
40.9938 1.96244526e-01
41.0131 1.96195235e-01
41.0322 1.96145892e-01
41.0514 1.96096499e-01
41.0706 1.96047054e-01
41.0898 1.95997560e-01
41.109 1.95948015e-01
41.1281 1.95898421e-01
41.1473 1.95848777e-01
41.1665 1.95799085e-01
41.1857 1.95749344e-01
41.2048 1.95699554e-01
41.2241 1.95649716e-01
41.2432 1.95599831e-01
41.2625 1.95549898e-01
41.2816 1.95499918e-01
41.3008 1.95449891e-01
41.32 1.95399818e-01
41.3392 1.95349698e-01
41.3583 1.95299533e-01
41.3775 1.95249322e-01
41.3967 1.95199066e-01
41.4159 1.95148765e-01
41.4351 1.95098420e-01
41.4542 1.95048030e-01
41.4735 1.94997597e-01
41.4926 1.94947119e-01
41.5118 1.94896599e-01
41.531 1.94846035e-01
41.5502 1.94795428e-01
41.5693 1.94744780e-01
41.5886 1.94694089e-01
41.6077 1.94643356e-01
41.6269 1.94592582e-01
41.6461 1.94541766e-01
41.6652 1.94490910e-01
41.6845 1.94440013e-01
41.7036 1.94389075e-01
41.7228 1.94338098e-01
41.742 1.94287081e-01
41.7612 1.94236024e-01
41.7804 1.94184928e-01
41.7996 1.94133794e-01
41.8187 1.94082621e-01
41.838 1.94031409e-01
41.8571 1.93980160e-01
41.8762 1.93928873e-01
41.8955 1.93877549e-01
41.9146 1.93826187e-01
41.9339 1.93774789e-01
41.953 1.93723354e-01
41.9722 1.93671883e-01
41.9914 1.93620376e-01
42.0106 1.93568833e-01
42.0297 1.93517255e-01
42.049 1.93465642e-01
42.0681 1.93413994e-01
42.0872 1.93362311e-01
42.1065 1.93310594e-01
42.1256 1.93258843e-01
42.1449 1.93207059e-01
42.164 1.93155241e-01
42.1832 1.93103389e-01
42.2024 1.93051505e-01
42.2216 1.92999588e-01
42.2407 1.92947639e-01
42.26 1.92895658e-01
42.2791 1.92843645e-01
42.2984 1.92791600e-01
42.3175 1.92739525e-01
42.3366 1.92687418e-01
42.3559 1.92635280e-01
42.375 1.92583112e-01
42.3942 1.92530914e-01
42.4134 1.92478686e-01
42.4326 1.92426428e-01
42.4517 1.92374140e-01
42.471 1.92321824e-01
42.4901 1.92269479e-01
42.5094 1.92217105e-01
42.5285 1.92164702e-01
42.5476 1.92112272e-01
42.5669 1.92059813e-01
42.586 1.92007327e-01
42.6052 1.91954814e-01
42.6244 1.91902273e-01
42.6436 1.91849706e-01
42.6628 1.91797112e-01
42.682 1.91744492e-01
42.7011 1.91691846e-01
42.7204 1.91639174e-01
42.7395 1.91586476e-01
42.7586 1.91533753e-01
42.7779 1.91481005e-01
42.797 1.91428232e-01
42.8163 1.91375434e-01
42.8354 1.91322612e-01
42.8546 1.91269766e-01
42.8738 1.91216896e-01
42.893 1.91164002e-01
42.9121 1.91111085e-01
42.9314 1.91058145e-01
42.9505 1.91005182e-01
42.9696 1.90952196e-01
42.9889 1.90899188e-01
43.008 1.90846158e-01
43.0273 1.90793105e-01
43.0464 1.90740031e-01
43.0656 1.90686936e-01
43.0848 1.90633819e-01
43.104 1.90580681e-01
43.1231 1.90527522e-01
43.1424 1.90474343e-01
43.1615 1.90421144e-01
43.1808 1.90367924e-01
43.1999 1.90314685e-01
43.219 1.90261426e-01
43.2383 1.90208147e-01
43.2574 1.90154849e-01
43.2766 1.90101533e-01
43.2958 1.90048197e-01
43.315 1.89994843e-01
43.3342 1.89941471e-01
43.3534 1.89888081e-01
43.3725 1.89834673e-01
43.3918 1.89781247e-01
43.4109 1.89727804e-01
43.4301 1.89674343e-01
43.4493 1.89620866e-01
43.4684 1.89567372e-01
43.4876 1.89513861e-01
43.5068 1.89460334e-01
43.526 1.89406791e-01
43.5452 1.89353232e-01
43.5644 1.89299658e-01
43.5835 1.89246068e-01
43.6028 1.89192462e-01
43.6219 1.89138842e-01
43.6411 1.89085207e-01
43.6603 1.89031557e-01
43.6795 1.88977893e-01
43.6987 1.88924214e-01
43.7178 1.88870522e-01
43.737 1.88816815e-01
43.7562 1.88763096e-01
43.7754 1.88709362e-01
43.7945 1.88655616e-01
43.8138 1.88601856e-01
43.8329 1.88548084e-01
43.8521 1.88494300e-01
43.8713 1.88440503e-01
43.8905 1.88386693e-01
43.9097 1.88332872e-01
43.9289 1.88279039e-01
43.948 1.88225194e-01
43.9672 1.88171338e-01
43.9864 1.88117471e-01
44.0055 1.88063593e-01
44.0248 1.88009704e-01
44.0439 1.87955805e-01
44.0632 1.87901895e-01
44.0823 1.87847975e-01
44.1015 1.87794044e-01
44.1207 1.87740105e-01
44.1399 1.87686155e-01
44.159 1.87632196e-01
44.1783 1.87578228e-01
44.1974 1.87524250e-01
44.2166 1.87470264e-01
44.2358 1.87416269e-01
44.2549 1.87362265e-01
44.2742 1.87308254e-01
44.2933 1.87254234e-01
44.3125 1.87200206e-01
44.3317 1.87146170e-01
44.3509 1.87092127e-01
44.37 1.87038076e-01
44.3893 1.86984018e-01
44.4084 1.86929953e-01
44.4277 1.86875882e-01
44.4468 1.86821803e-01
44.4659 1.86767718e-01
44.4852 1.86713627e-01
44.5043 1.86659529e-01
44.5235 1.86605426e-01
44.5427 1.86551317e-01
44.5619 1.86497202e-01
44.5811 1.86443081e-01
44.6003 1.86388956e-01
44.6194 1.86334825e-01
44.6387 1.86280689e-01
44.6578 1.86226549e-01
44.6769 1.86172404e-01
44.6962 1.86118254e-01
44.7153 1.86064100e-01
44.7346 1.86009943e-01
44.7537 1.85955781e-01
44.7729 1.85901615e-01
44.7921 1.85847446e-01
44.8113 1.85793274e-01
44.8304 1.85739098e-01
44.8497 1.85684919e-01
44.8688 1.85630737e-01
44.8879 1.85576553e-01
44.9072 1.85522365e-01
44.9263 1.85468176e-01
44.9456 1.85413984e-01
44.9647 1.85359790e-01
44.9839 1.85305594e-01
45.0031 1.85251396e-01
45.0223 1.85197197e-01
45.0414 1.85142996e-01
45.0607 1.85088793e-01
45.0798 1.85034590e-01
45.0991 1.84980386e-01
45.1182 1.84926180e-01
45.1373 1.84871974e-01
45.1566 1.84817768e-01
45.1757 1.84763561e-01
45.1949 1.84709353e-01
45.2141 1.84655146e-01
45.2333 1.84600939e-01
45.2524 1.84546732e-01
45.2717 1.84492525e-01
45.2908 1.84438319e-01
45.3101 1.84384113e-01
45.3292 1.84329908e-01
45.3483 1.84275705e-01
45.3676 1.84221502e-01
45.3867 1.84167300e-01
45.4059 1.84113100e-01
45.4251 1.84058902e-01
45.4443 1.84004705e-01
45.4635 1.83950510e-01
45.4827 1.83896317e-01
45.5018 1.83842126e-01
45.5211 1.83787937e-01
45.5402 1.83733750e-01
45.5593 1.83679567e-01
45.5786 1.83625385e-01
45.5977 1.83571207e-01
45.617 1.83517032e-01
45.6361 1.83462859e-01
45.6553 1.83408690e-01
45.6745 1.83354524e-01
45.6937 1.83300362e-01
45.7128 1.83246203e-01
45.7321 1.83192048e-01
45.7512 1.83137897e-01
45.7704 1.83083750e-01
45.7896 1.83029608e-01
45.8087 1.82975469e-01
45.828 1.82921335e-01
45.8471 1.82867206e-01
45.8663 1.82813081e-01
45.8855 1.82758961e-01
45.9047 1.82704846e-01
45.9238 1.82650736e-01
45.9431 1.82596631e-01
45.9622 1.82542532e-01
45.9815 1.82488438e-01
46.0006 1.82434350e-01
46.0198 1.82380267e-01
46.039 1.82326190e-01
46.0581 1.82272120e-01
46.0773 1.82218055e-01
46.0965 1.82163996e-01
46.1157 1.82109944e-01
46.1349 1.82055899e-01
46.1541 1.82001860e-01
46.1732 1.81947827e-01
46.1925 1.81893802e-01
46.2116 1.81839783e-01
46.2308 1.81785772e-01
46.25 1.81731768e-01
46.2692 1.81677771e-01
46.2883 1.81623781e-01
46.3075 1.81569799e-01
46.3267 1.81515825e-01
46.3459 1.81461858e-01
46.3651 1.81407900e-01
46.3842 1.81353949e-01
46.4035 1.81300007e-01
46.4226 1.81246072e-01
46.4418 1.81192147e-01
46.461 1.81138229e-01
46.4802 1.81084320e-01
46.4994 1.81030420e-01
46.5186 1.80976529e-01
46.5377 1.80922647e-01
46.5569 1.80868774e-01
46.5761 1.80814909e-01
46.5952 1.80761055e-01
46.6145 1.80707209e-01
46.6336 1.80653373e-01
46.6528 1.80599547e-01
46.672 1.80545730e-01
46.6912 1.80491923e-01
46.7104 1.80438126e-01
46.7296 1.80384339e-01
46.7487 1.80330562e-01
46.768 1.80276795e-01
46.7871 1.80223039e-01
46.8062 1.80169293e-01
46.8255 1.80115558e-01
46.8446 1.80061833e-01
46.8639 1.80008119e-01
46.883 1.79954416e-01
46.9022 1.79900723e-01
46.9214 1.79847042e-01
46.9406 1.79793372e-01
46.9597 1.79739714e-01
46.979 1.79686066e-01
46.9981 1.79632430e-01
47.0174 1.79578806e-01
47.0365 1.79525193e-01
47.0556 1.79471592e-01
47.0749 1.79418003e-01
47.094 1.79364426e-01
47.1132 1.79310861e-01
47.1324 1.79257308e-01
47.1516 1.79203767e-01
47.1707 1.79150239e-01
47.19 1.79096723e-01
47.2091 1.79043219e-01
47.2284 1.78989728e-01
47.2475 1.78936250e-01
47.2666 1.78882785e-01
47.2859 1.78829332e-01
47.305 1.78775893e-01
47.3242 1.78722466e-01
47.3434 1.78669053e-01
47.3626 1.78615653e-01
47.3818 1.78562266e-01
47.401 1.78508893e-01
47.4201 1.78455534e-01
47.4394 1.78402187e-01
47.4585 1.78348855e-01
47.4776 1.78295536e-01
47.4969 1.78242232e-01
47.516 1.78188941e-01
47.5353 1.78135664e-01
47.5544 1.78082402e-01
47.5736 1.78029153e-01
47.5928 1.77975919e-01
47.612 1.77922699e-01
47.6311 1.77869494e-01
47.6504 1.77816304e-01
47.6695 1.77763128e-01
47.6886 1.77709966e-01
47.7079 1.77656820e-01
47.727 1.77603688e-01
47.7463 1.77550572e-01
47.7654 1.77497470e-01
47.7846 1.77444384e-01
47.8038 1.77391313e-01
47.823 1.77338257e-01
47.8421 1.77285216e-01
47.8614 1.77232191e-01
47.8805 1.77179181e-01
47.8998 1.77126187e-01
47.9189 1.77073209e-01
47.938 1.77020247e-01
47.9573 1.76967300e-01
47.9764 1.76914369e-01
47.9956 1.76861455e-01
48.0148 1.76808556e-01
48.034 1.76755673e-01
48.0531 1.76702807e-01
48.0724 1.76649957e-01
48.0915 1.76597123e-01
48.1108 1.76544306e-01
48.1299 1.76491506e-01
48.149 1.76438721e-01
48.1683 1.76385954e-01
48.1874 1.76333203e-01
48.2066 1.76280469e-01
48.2258 1.76227752e-01
48.245 1.76175052e-01
48.2642 1.76122369e-01
48.2834 1.76069703e-01
48.3025 1.76017055e-01
48.3218 1.75964423e-01
48.3409 1.75911809e-01
48.3601 1.75859212e-01
48.3793 1.75806632e-01
48.3984 1.75754070e-01
48.4177 1.75701526e-01
48.4368 1.75648999e-01
48.456 1.75596490e-01
48.4752 1.75543999e-01
48.4944 1.75491525e-01
48.5135 1.75439070e-01
48.5328 1.75386632e-01
48.5519 1.75334213e-01
48.5711 1.75281811e-01
48.5903 1.75229428e-01
48.6095 1.75177063e-01
48.6287 1.75124716e-01
48.6478 1.75072388e-01
48.667 1.75020078e-01
48.6862 1.74967786e-01
48.7054 1.74915513e-01
48.7245 1.74863259e-01
48.7438 1.74811023e-01
48.7629 1.74758806e-01
48.7822 1.74706608e-01
48.8013 1.74654428e-01
48.8205 1.74602268e-01
48.8397 1.74550126e-01
48.8589 1.74498004e-01
48.878 1.74445900e-01
48.8972 1.74393816e-01
48.9164 1.74341751e-01
48.9356 1.74289705e-01
48.9548 1.74237678e-01
48.9739 1.74185671e-01
48.9932 1.74133683e-01
49.0123 1.74081715e-01
49.0315 1.74029766e-01
49.0507 1.73977837e-01
49.0699 1.73925928e-01
49.089 1.73874038e-01
49.1083 1.73822168e-01
49.1274 1.73770318e-01
49.1466 1.73718487e-01
49.1658 1.73666677e-01
49.1849 1.73614886e-01
49.2042 1.73563116e-01
49.2233 1.73511365e-01
49.2425 1.73459635e-01
49.2617 1.73407925e-01
49.2809 1.73356235e-01
49.3001 1.73304566e-01
49.3193 1.73252916e-01
49.3384 1.73201288e-01
49.3577 1.73149679e-01
49.3768 1.73098091e-01
49.3959 1.73046524e-01
49.4152 1.72994977e-01
49.4343 1.72943451e-01
49.4535 1.72891945e-01
49.4727 1.72840461e-01
49.4919 1.72788997e-01
49.5111 1.72737553e-01
49.5303 1.72686131e-01
49.5494 1.72634730e-01
49.5687 1.72583349e-01
49.5878 1.72531990e-01
49.6069 1.72480652e-01
49.6262 1.72429335e-01
49.6453 1.72378038e-01
49.6646 1.72326764e-01
49.6837 1.72275510e-01
49.7029 1.72224278e-01
49.7221 1.72173067e-01
49.7413 1.72121877e-01
49.7604 1.72070709e-01
49.7797 1.72019562e-01
49.7988 1.71968437e-01
49.8181 1.71917333e-01
49.8372 1.71866251e-01
49.8563 1.71815191e-01
49.8756 1.71764152e-01
49.8947 1.71713135e-01
49.9139 1.71662140e-01
49.9331 1.71611166e-01
49.9523 1.71560214e-01
49.9714 1.71509285e-01
49.9907 1.71458377e-01
50.0098 1.71407491e-01
50.0291 1.71356627e-01
50.0482 1.71305785e-01
50.0673 1.71254965e-01
50.0866 1.71204168e-01
50.1057 1.71153392e-01
50.1249 1.71102639e-01
50.1441 1.71051908e-01
50.1633 1.71001199e-01
50.1825 1.70950513e-01
50.2017 1.70899849e-01
50.2208 1.70849207e-01
50.2401 1.70798588e-01
50.2592 1.70747991e-01
50.2783 1.70697417e-01
50.2976 1.70646865e-01
50.3167 1.70596335e-01
50.336 1.70545829e-01
50.3551 1.70495345e-01
50.3743 1.70444884e-01
50.3935 1.70394445e-01
50.4127 1.70344029e-01
50.4318 1.70293636e-01
50.4511 1.70243266e-01
50.4702 1.70192918e-01
50.4893 1.70142594e-01
50.5086 1.70092292e-01
50.5277 1.70042013e-01
50.547 1.69991758e-01
50.5661 1.69941525e-01
50.5853 1.69891315e-01
50.6045 1.69841129e-01
50.6237 1.69790965e-01
50.6428 1.69740825e-01
50.6621 1.69690707e-01
50.6812 1.69640613e-01
50.7005 1.69590543e-01
50.7196 1.69540495e-01
50.7387 1.69490471e-01
50.758 1.69440470e-01
50.7771 1.69390492e-01
50.7963 1.69340538e-01
50.8155 1.69290607e-01
50.8347 1.69240700e-01
50.8538 1.69190816e-01
50.8731 1.69140956e-01
50.8922 1.69091119e-01
50.9115 1.69041305e-01
50.9306 1.68991516e-01
50.9498 1.68941749e-01
50.969 1.68892007e-01
50.9881 1.68842288e-01
51.0073 1.68792593e-01
51.0265 1.68742921e-01
51.0457 1.68693274e-01
51.0649 1.68643650e-01
51.0841 1.68594050e-01
51.1032 1.68544473e-01
51.1225 1.68494921e-01
51.1416 1.68445392e-01
51.1608 1.68395887e-01
51.18 1.68346406e-01
51.1992 1.68296949e-01
51.2184 1.68247516e-01
51.2375 1.68198107e-01
51.2567 1.68148723e-01
51.2759 1.68099362e-01
51.2951 1.68050025e-01
51.3142 1.68000712e-01
51.3335 1.67951423e-01
51.3526 1.67902159e-01
51.3718 1.67852918e-01
51.391 1.67803702e-01
51.4102 1.67754510e-01
51.4294 1.67705342e-01
51.4486 1.67656199e-01
51.4677 1.67607079e-01
51.4869 1.67557984e-01
51.5061 1.67508914e-01
51.5252 1.67459867e-01
51.5445 1.67410845e-01
51.5636 1.67361847e-01
51.5829 1.67312874e-01
51.602 1.67263925e-01
51.6212 1.67215001e-01
51.6404 1.67166101e-01
51.6596 1.67117225e-01
51.6787 1.67068374e-01
51.698 1.67019547e-01
51.7171 1.66970745e-01
51.7363 1.66921968e-01
51.7555 1.66873215e-01
51.7746 1.66824486e-01
51.7939 1.66775783e-01
51.813 1.66727103e-01
51.8322 1.66678449e-01
51.8514 1.66629819e-01
51.8706 1.66581214e-01
51.8897 1.66532633e-01
51.909 1.66484077e-01
51.9281 1.66435546e-01
51.9474 1.66387040e-01
51.9665 1.66338558e-01
51.9856 1.66290101e-01
52.0049 1.66241669e-01
52.024 1.66193262e-01
52.0432 1.66144879e-01
52.0624 1.66096522e-01
52.0816 1.66048189e-01
52.1008 1.65999881e-01
52.12 1.65951598e-01
52.1391 1.65903339e-01
52.1584 1.65855106e-01
52.1775 1.65806898e-01
52.1966 1.65758714e-01
52.2159 1.65710556e-01
52.235 1.65662422e-01
52.2542 1.65614314e-01
52.2734 1.65566230e-01
52.2926 1.65518171e-01
52.3118 1.65470138e-01
52.331 1.65422129e-01
52.3501 1.65374146e-01
52.3694 1.65326187e-01
52.3885 1.65278254e-01
52.4076 1.65230345e-01
52.4269 1.65182462e-01
52.446 1.65134604e-01
52.4653 1.65086771e-01
52.4844 1.65038963e-01
52.5036 1.64991180e-01
52.5228 1.64943423e-01
52.542 1.64895690e-01
52.5611 1.64847983e-01
52.5804 1.64800301e-01
52.5995 1.64752644e-01
52.6188 1.64705012e-01
52.6379 1.64657405e-01
52.657 1.64609824e-01
52.6763 1.64562268e-01
52.6954 1.64514737e-01
52.7146 1.64467231e-01
52.7338 1.64419751e-01
52.753 1.64372296e-01
52.7721 1.64324866e-01
52.7914 1.64277462e-01
52.8105 1.64230082e-01
52.8298 1.64182729e-01
52.8489 1.64135400e-01
52.868 1.64088097e-01
52.8873 1.64040819e-01
52.9064 1.63993566e-01
52.9256 1.63946339e-01
52.9448 1.63899137e-01
52.964 1.63851960e-01
52.9832 1.63804809e-01
53.0024 1.63757683e-01
53.0215 1.63710583e-01
53.0408 1.63663508e-01
53.0599 1.63616458e-01
53.079 1.63569434e-01
53.0983 1.63522435e-01
53.1174 1.63475462e-01
53.1367 1.63428514e-01
53.1558 1.63381591e-01
53.175 1.63334694e-01
53.1942 1.63287822e-01
53.2134 1.63240976e-01
53.2325 1.63194155e-01
53.2518 1.63147360e-01
53.2709 1.63100590e-01
53.2901 1.63053845e-01
53.3093 1.63007126e-01
53.3284 1.62960433e-01
53.3477 1.62913765e-01
53.3668 1.62867122e-01
53.386 1.62820505e-01
53.4052 1.62773914e-01
53.4244 1.62727348e-01
53.4435 1.62680807e-01
53.4628 1.62634292e-01
53.4819 1.62587803e-01
53.5012 1.62541339e-01
53.5203 1.62494900e-01
53.5395 1.62448487e-01
53.5587 1.62402100e-01
53.5778 1.62355738e-01
53.597 1.62309402e-01
53.6162 1.62263091e-01
53.6354 1.62216806e-01
53.6545 1.62170546e-01
53.6738 1.62124312e-01
53.6929 1.62078103e-01
53.7122 1.62031920e-01
53.7313 1.61985762e-01
53.7505 1.61939630e-01
53.7697 1.61893524e-01
53.7889 1.61847443e-01
53.808 1.61801388e-01
53.8272 1.61755358e-01
53.8464 1.61709354e-01
53.8656 1.61663375e-01
53.8848 1.61617422e-01
53.9039 1.61571494e-01
53.9232 1.61525592e-01
53.9423 1.61479716e-01
53.9615 1.61433865e-01
53.9807 1.61388040e-01
53.9999 1.61342240e-01
54.0191 1.61296466e-01
54.0383 1.61250718e-01
54.0574 1.61204995e-01
54.0766 1.61159297e-01
54.0958 1.61113625e-01
54.1149 1.61067979e-01
54.1342 1.61022358e-01
54.1533 1.60976763e-01
54.1725 1.60931193e-01
54.1917 1.60885649e-01
54.2109 1.60840131e-01
54.2301 1.60794638e-01
54.2493 1.60749171e-01
54.2684 1.60703729e-01
54.2877 1.60658313e-01
54.3068 1.60612922e-01
54.3259 1.60567557e-01
54.3452 1.60522217e-01
54.3643 1.60476903e-01
54.3836 1.60431615e-01
54.4027 1.60386352e-01
54.4219 1.60341115e-01
54.4411 1.60295903e-01
54.4603 1.60250717e-01
54.4794 1.60205556e-01
54.4987 1.60160421e-01
54.5178 1.60115311e-01
54.5371 1.60070227e-01
54.5562 1.60025169e-01
54.5753 1.59980136e-01
54.5946 1.59935128e-01
54.6137 1.59890146e-01
54.6329 1.59845190e-01
54.6521 1.59800259e-01
54.6713 1.59755353e-01
54.6904 1.59710474e-01
54.7097 1.59665619e-01
54.7288 1.59620790e-01
54.7481 1.59575987e-01
54.7672 1.59531209e-01
54.7863 1.59486457e-01
54.8056 1.59441730e-01
54.8247 1.59397028e-01
54.8439 1.59352352e-01
54.8631 1.59307702e-01
54.8823 1.59263077e-01
54.9015 1.59218477e-01
54.9207 1.59173903e-01
54.9398 1.59129355e-01
54.9591 1.59084832e-01
54.9782 1.59040334e-01
54.9973 1.58995862e-01
55.0166 1.58951415e-01
55.0357 1.58906993e-01
55.0549 1.58862597e-01
55.0741 1.58818227e-01
55.0933 1.58773882e-01
55.1125 1.58729562e-01
55.1317 1.58685268e-01
55.1508 1.58640999e-01
55.1701 1.58596756e-01
55.1892 1.58552537e-01
55.2083 1.58508345e-01
55.2276 1.58464177e-01
55.2467 1.58420035e-01
55.266 1.58375919e-01
55.2851 1.58331828e-01
55.3043 1.58287762e-01
55.3235 1.58243721e-01
55.3427 1.58199706e-01
55.3618 1.58155716e-01
55.3811 1.58111752e-01
55.4002 1.58067813e-01
55.4195 1.58023899e-01
55.4386 1.57980010e-01
55.4577 1.57936147e-01
55.477 1.57892309e-01
55.4961 1.57848496e-01
55.5153 1.57804709e-01
55.5345 1.57760947e-01
55.5537 1.57717210e-01
55.5728 1.57673498e-01
55.5921 1.57629812e-01
55.6112 1.57586151e-01
55.6305 1.57542515e-01
55.6496 1.57498904e-01
55.6687 1.57455319e-01
55.688 1.57411759e-01
55.7071 1.57368224e-01
55.7263 1.57324714e-01
55.7455 1.57281229e-01
55.7647 1.57237770e-01
55.7839 1.57194336e-01
55.8031 1.57150927e-01
55.8222 1.57107543e-01
55.8415 1.57064184e-01
55.8606 1.57020850e-01
55.8798 1.56977542e-01
55.899 1.56934258e-01
55.9181 1.56891000e-01
55.9374 1.56847767e-01
55.9565 1.56804559e-01
55.9757 1.56761376e-01
55.9949 1.56718218e-01
56.0141 1.56675085e-01
56.0332 1.56631977e-01
56.0525 1.56588895e-01
56.0716 1.56545837e-01
56.0908 1.56502804e-01
56.11 1.56459797e-01
56.1292 1.56416814e-01
56.1484 1.56373857e-01
56.1675 1.56330924e-01
56.1867 1.56288017e-01
56.2059 1.56245134e-01
56.2251 1.56202276e-01
56.2442 1.56159443e-01
56.2635 1.56116636e-01
56.2826 1.56073853e-01
56.3019 1.56031095e-01
56.321 1.55988362e-01
56.3402 1.55945654e-01
56.3594 1.55902971e-01
56.3786 1.55860313e-01
56.3977 1.55817679e-01
56.4169 1.55775071e-01
56.4361 1.55732487e-01
56.4552 1.55689928e-01
56.4745 1.55647394e-01
56.4936 1.55604885e-01
56.5129 1.55562400e-01
56.532 1.55519941e-01
56.5512 1.55477506e-01
56.5704 1.55435096e-01
56.5896 1.55392711e-01
56.6087 1.55350350e-01
56.628 1.55308015e-01
56.6471 1.55265704e-01
56.6663 1.55223418e-01
56.6855 1.55181156e-01
56.7046 1.55138919e-01
56.7239 1.55096707e-01
56.743 1.55054520e-01
56.7622 1.55012357e-01
56.7814 1.54970219e-01
56.8006 1.54928105e-01
56.8198 1.54886016e-01
56.839 1.54843952e-01
56.8581 1.54801912e-01
56.8774 1.54759897e-01
56.8965 1.54717907e-01
56.9156 1.54675941e-01
56.9349 1.54634000e-01
56.954 1.54592083e-01
56.9732 1.54550191e-01
56.9924 1.54508323e-01
57.0116 1.54466480e-01
57.0308 1.54424662e-01
57.05 1.54382868e-01
57.0691 1.54341098e-01
57.0884 1.54299353e-01
57.1075 1.54257632e-01
57.1266 1.54215936e-01
57.1459 1.54174264e-01
57.165 1.54132616e-01
57.1843 1.54090993e-01
57.2034 1.54049395e-01
57.2226 1.54007821e-01
57.2418 1.53966271e-01
57.261 1.53924745e-01
57.2801 1.53883244e-01
57.2994 1.53841767e-01
57.3185 1.53800315e-01
57.3376 1.53758886e-01
57.3569 1.53717483e-01
57.376 1.53676103e-01
57.3953 1.53634747e-01
57.4144 1.53593416e-01
57.4336 1.53552109e-01
57.4528 1.53510827e-01
57.472 1.53469568e-01
57.4911 1.53428334e-01
57.5104 1.53387124e-01
57.5295 1.53345938e-01
57.5488 1.53304777e-01
57.5679 1.53263639e-01
57.587 1.53222526e-01
57.6063 1.53181436e-01
57.6254 1.53140371e-01
57.6446 1.53099330e-01
57.6638 1.53058313e-01
57.683 1.53017320e-01
57.7022 1.52976351e-01
57.7214 1.52935406e-01
57.7405 1.52894485e-01
57.7598 1.52853589e-01
57.7789 1.52812716e-01
57.798 1.52771867e-01
57.8173 1.52731042e-01
57.8364 1.52690241e-01
57.8556 1.52649464e-01
57.8748 1.52608711e-01
57.894 1.52567982e-01
57.9132 1.52527277e-01
57.9324 1.52486596e-01
57.9515 1.52445938e-01
57.9708 1.52405305e-01
57.9899 1.52364695e-01
58.009 1.52324109e-01
58.0283 1.52283547e-01
58.0474 1.52243009e-01
58.0667 1.52202494e-01
58.0858 1.52162003e-01
58.105 1.52121536e-01
58.1242 1.52081093e-01
58.1434 1.52040674e-01
58.1625 1.52000278e-01
58.1818 1.51959906e-01
58.2009 1.51919558e-01
58.2202 1.51879233e-01
58.2393 1.51838932e-01
58.2584 1.51798654e-01
58.2777 1.51758401e-01
58.2968 1.51718170e-01
58.316 1.51677964e-01
58.3352 1.51637781e-01
58.3544 1.51597622e-01
58.3735 1.51557486e-01
58.3928 1.51517373e-01
58.4119 1.51477285e-01
58.4312 1.51437219e-01
58.4503 1.51397178e-01
58.4695 1.51357159e-01
58.4887 1.51317164e-01
58.5078 1.51277193e-01
58.527 1.51237245e-01
58.5462 1.51197321e-01
58.5654 1.51157419e-01
58.5846 1.51117542e-01
58.6038 1.51077687e-01
58.6229 1.51037856e-01
58.6422 1.50998049e-01
58.6613 1.50958264e-01
58.6805 1.50918503e-01
58.6997 1.50878766e-01
58.7189 1.50839051e-01
58.738 1.50799360e-01
58.7572 1.50759692e-01
58.7764 1.50720047e-01
58.7956 1.50680426e-01
58.8148 1.50640828e-01
58.8339 1.50601253e-01
58.8532 1.50561701e-01
58.8723 1.50522172e-01
58.8915 1.50482667e-01
58.9107 1.50443184e-01
58.9299 1.50403725e-01
58.9491 1.50364289e-01
58.9683 1.50324875e-01
58.9874 1.50285485e-01
59.0066 1.50246118e-01
59.0258 1.50206774e-01
59.0449 1.50167453e-01
59.0642 1.50128155e-01
59.0833 1.50088880e-01
59.1026 1.50049628e-01
59.1217 1.50010399e-01
59.1409 1.49971193e-01
59.1601 1.49932010e-01
59.1793 1.49892850e-01
59.1984 1.49853712e-01
59.2177 1.49814598e-01
59.2368 1.49775506e-01
59.2559 1.49736437e-01
59.2752 1.49697391e-01
59.2943 1.49658368e-01
59.3136 1.49619368e-01
59.3327 1.49580390e-01
59.3519 1.49541435e-01
59.3711 1.49502503e-01
59.3903 1.49463594e-01
59.4094 1.49424707e-01
59.4287 1.49385843e-01
59.4478 1.49347002e-01
59.4671 1.49308183e-01
59.4862 1.49269387e-01
59.5053 1.49230614e-01
59.5246 1.49191863e-01
59.5437 1.49153135e-01
59.5629 1.49114430e-01
59.5821 1.49075747e-01
59.6013 1.49037086e-01
59.6205 1.48998449e-01
59.6397 1.48959833e-01
59.6588 1.48921240e-01
59.6781 1.48882670e-01
59.6972 1.48844122e-01
59.7163 1.48805597e-01
59.7356 1.48767094e-01
59.7547 1.48728613e-01
59.7739 1.48690155e-01
59.7931 1.48651720e-01
59.8123 1.48613306e-01
59.8315 1.48574915e-01
59.8507 1.48536546e-01
59.8698 1.48498200e-01
59.8891 1.48459876e-01
59.9082 1.48421574e-01
59.9273 1.48383295e-01
59.9466 1.48345038e-01
59.9657 1.48306803e-01
59.985 1.48268590e-01
60.0041 1.48230399e-01
60.0233 1.48192231e-01
60.0425 1.48154085e-01
60.0617 1.48115961e-01
60.0808 1.48077859e-01
60.1001 1.48039779e-01
60.1192 1.48001721e-01
60.1383 1.47963686e-01
60.1576 1.47925672e-01
60.1767 1.47887681e-01
60.196 1.47849711e-01
60.2151 1.47811764e-01
60.2343 1.47773838e-01
60.2535 1.47735935e-01
60.2727 1.47698054e-01
60.2918 1.47660194e-01
60.3111 1.47622357e-01
60.3302 1.47584541e-01
60.3495 1.47546747e-01
60.3686 1.47508976e-01
60.3877 1.47471226e-01
60.407 1.47433498e-01
60.4261 1.47395791e-01
60.4453 1.47358107e-01
60.4645 1.47320444e-01
60.4837 1.47282803e-01
60.5029 1.47245184e-01
60.5221 1.47207587e-01
60.5412 1.47170011e-01
60.5605 1.47132457e-01
60.5796 1.47094925e-01
60.5987 1.47057415e-01
60.618 1.47019926e-01
60.6371 1.46982459e-01
60.6563 1.46945013e-01
60.6755 1.46907589e-01
60.6947 1.46870187e-01
60.7139 1.46832806e-01
60.7331 1.46795447e-01
60.7522 1.46758110e-01
60.7715 1.46720793e-01
60.7906 1.46683499e-01
60.8098 1.46646226e-01
60.829 1.46608974e-01
60.8481 1.46571744e-01
60.8674 1.46534535e-01
60.8865 1.46497348e-01
60.9057 1.46460182e-01
60.9249 1.46423038e-01
60.9441 1.46385915e-01
60.9632 1.46348813e-01
60.9825 1.46311733e-01
61.0016 1.46274674e-01
61.0209 1.46237636e-01
61.04 1.46200619e-01
61.0592 1.46163624e-01
61.0784 1.46126650e-01
61.0975 1.46089698e-01
61.1167 1.46052766e-01
61.1359 1.46015856e-01
61.1551 1.45978967e-01
61.1742 1.45942099e-01
61.1935 1.45905252e-01
61.2126 1.45868427e-01
61.2319 1.45831622e-01
61.251 1.45794839e-01
61.2702 1.45758077e-01
61.2894 1.45721335e-01
61.3086 1.45684615e-01
61.3277 1.45647916e-01
61.3469 1.45611238e-01
61.3661 1.45574581e-01
61.3853 1.45537945e-01
61.4045 1.45501329e-01
61.4236 1.45464735e-01
61.4429 1.45428162e-01
61.462 1.45391609e-01
61.4812 1.45355078e-01
61.5004 1.45318567e-01
61.5196 1.45282078e-01
61.5387 1.45245609e-01
61.558 1.45209161e-01
61.5771 1.45172733e-01
61.5963 1.45136327e-01
61.6155 1.45099941e-01
61.6346 1.45063576e-01
61.6539 1.45027232e-01
61.673 1.44990908e-01
61.6922 1.44954606e-01
61.7114 1.44918324e-01
61.7306 1.44882062e-01
61.7498 1.44845821e-01
61.769 1.44809601e-01
61.7881 1.44773402e-01
61.8074 1.44737223e-01
61.8265 1.44701064e-01
61.8456 1.44664927e-01
61.8649 1.44628809e-01
61.884 1.44592713e-01
61.9033 1.44556637e-01
61.9224 1.44520581e-01
61.9416 1.44484546e-01
61.9608 1.44448531e-01
61.98 1.44412537e-01
61.9991 1.44376563e-01
62.0184 1.44340609e-01
62.0375 1.44304676e-01
62.0566 1.44268764e-01
62.0759 1.44232871e-01
62.095 1.44196999e-01
62.1143 1.44161148e-01
62.1334 1.44125316e-01
62.1526 1.44089505e-01
62.1718 1.44053714e-01
62.191 1.44017944e-01
62.2101 1.43982194e-01
62.2294 1.43946463e-01
62.2485 1.43910754e-01
62.2678 1.43875064e-01
62.2869 1.43839394e-01
62.306 1.43803745e-01
62.3253 1.43768116e-01
62.3444 1.43732507e-01
62.3636 1.43696918e-01
62.3828 1.43661349e-01
62.402 1.43625800e-01
62.4212 1.43590271e-01
62.4404 1.43554762e-01
62.4595 1.43519273e-01
62.4788 1.43483804e-01
62.4979 1.43448356e-01
62.517 1.43412927e-01
62.5363 1.43377518e-01
62.5554 1.43342129e-01
62.5746 1.43306760e-01
62.5938 1.43271411e-01
62.613 1.43236081e-01
62.6322 1.43200772e-01
62.6514 1.43165482e-01
62.6705 1.43130212e-01
62.6898 1.43094962e-01
62.7089 1.43059732e-01
62.728 1.43024522e-01
62.7473 1.42989331e-01
62.7664 1.42954160e-01
62.7857 1.42919009e-01
62.8048 1.42883877e-01
62.824 1.42848765e-01
62.8432 1.42813673e-01
62.8624 1.42778601e-01
62.8815 1.42743548e-01
62.9008 1.42708515e-01
62.9199 1.42673501e-01
62.939 1.42638507e-01
62.9583 1.42603532e-01
62.9774 1.42568577e-01
62.9967 1.42533642e-01
63.0158 1.42498726e-01
63.035 1.42463829e-01
63.0542 1.42428952e-01
63.0734 1.42394095e-01
63.0925 1.42359257e-01
63.1118 1.42324438e-01
63.1309 1.42289639e-01
63.1502 1.42254859e-01
63.1693 1.42220098e-01
63.1884 1.42185357e-01
63.2077 1.42150636e-01
63.2268 1.42115933e-01
63.246 1.42081250e-01
63.2652 1.42046586e-01
63.2844 1.42011941e-01
63.3036 1.41977316e-01
63.3228 1.41942710e-01
63.3419 1.41908123e-01
63.3612 1.41873555e-01
63.3803 1.41839007e-01
63.3995 1.41804477e-01
63.4187 1.41769967e-01
63.4378 1.41735476e-01
63.457 1.41701004e-01
63.4762 1.41666551e-01
63.4954 1.41632118e-01
63.5146 1.41597703e-01
63.5338 1.41563307e-01
63.5529 1.41528931e-01
63.5722 1.41494573e-01
63.5913 1.41460235e-01
63.6105 1.41425915e-01
63.6297 1.41391614e-01
63.6489 1.41357333e-01
63.6681 1.41323070e-01
63.6872 1.41288826e-01
63.7064 1.41254601e-01
63.7256 1.41220395e-01
63.7448 1.41186208e-01
63.7639 1.41152039e-01
63.7832 1.41117890e-01
63.8023 1.41083759e-01
63.8216 1.41049647e-01
63.8407 1.41015554e-01
63.8599 1.40981479e-01
63.8791 1.40947423e-01
63.8983 1.40913387e-01
63.9174 1.40879368e-01
63.9366 1.40845369e-01
63.9558 1.40811388e-01
63.9749 1.40777426e-01
63.9942 1.40743482e-01
64.0133 1.40709557e-01
64.0326 1.40675651e-01
64.0517 1.40641763e-01
64.0709 1.40607894e-01
64.0901 1.40574043e-01
64.1093 1.40540211e-01
64.1284 1.40506397e-01
64.1477 1.40472602e-01
64.1668 1.40438826e-01
64.186 1.40405067e-01
64.2052 1.40371328e-01
64.2243 1.40337607e-01
64.2436 1.40303904e-01
64.2627 1.40270219e-01
64.2819 1.40236553e-01
64.3011 1.40202906e-01
64.3203 1.40169276e-01
64.3394 1.40135665e-01
64.3587 1.40102073e-01
64.3778 1.40068498e-01
64.3971 1.40034942e-01
64.4162 1.40001405e-01
64.4353 1.39967885e-01
64.4546 1.39934384e-01
64.4737 1.39900901e-01
64.4929 1.39867436e-01
64.5121 1.39833989e-01
64.5313 1.39800561e-01
64.5505 1.39767150e-01
64.5697 1.39733758e-01
64.5888 1.39700384e-01
64.6081 1.39667028e-01
64.6272 1.39633690e-01
64.6463 1.39600370e-01
64.6656 1.39567068e-01
64.6847 1.39533785e-01
64.704 1.39500519e-01
64.7231 1.39467271e-01
64.7423 1.39434041e-01
64.7615 1.39400830e-01
64.7807 1.39367636e-01
64.7998 1.39334460e-01
64.8191 1.39301302e-01
64.8382 1.39268162e-01
64.8573 1.39235040e-01
64.8766 1.39201935e-01
64.8957 1.39168849e-01
64.915 1.39135780e-01
64.9341 1.39102729e-01
64.9533 1.39069696e-01
64.9725 1.39036681e-01
64.9917 1.39003684e-01
65.0108 1.38970704e-01
65.0301 1.38937742e-01
65.0492 1.38904798e-01
65.0685 1.38871871e-01
65.0876 1.38838963e-01
65.1067 1.38806071e-01
65.126 1.38773198e-01
65.1451 1.38740342e-01
65.1643 1.38707504e-01
65.1835 1.38674683e-01
65.2027 1.38641880e-01
65.2219 1.38609095e-01
65.2411 1.38576327e-01
65.2602 1.38543576e-01
65.2795 1.38510844e-01
65.2986 1.38478128e-01
65.3177 1.38445430e-01
65.337 1.38412750e-01
65.3561 1.38380087e-01
65.3753 1.38347442e-01
65.3945 1.38314814e-01
65.4137 1.38282203e-01
65.4329 1.38249610e-01
65.4521 1.38217034e-01
65.4712 1.38184475e-01
65.4905 1.38151934e-01
65.5096 1.38119411e-01
65.5287 1.38086904e-01
65.548 1.38054415e-01
65.5671 1.38021943e-01
65.5864 1.37989488e-01
65.6055 1.37957051e-01
65.6247 1.37924631e-01
65.6439 1.37892228e-01
65.6631 1.37859842e-01
65.6822 1.37827474e-01
65.7015 1.37795122e-01
65.7206 1.37762788e-01
65.7398 1.37730471e-01
65.759 1.37698171e-01
65.7781 1.37665888e-01
65.7974 1.37633622e-01
65.8165 1.37601374e-01
65.8357 1.37569142e-01
65.8549 1.37536927e-01
65.8741 1.37504730e-01
65.8932 1.37472549e-01
65.9125 1.37440386e-01
65.9316 1.37408239e-01
65.9509 1.37376109e-01
65.97 1.37343997e-01
65.9892 1.37311901e-01
66.0084 1.37279822e-01
66.0275 1.37247760e-01
66.0467 1.37215715e-01
66.0659 1.37183687e-01
66.0851 1.37151675e-01
66.1043 1.37119681e-01
66.1235 1.37087703e-01
66.1426 1.37055742e-01
66.1619 1.37023798e-01
66.181 1.36991871e-01
66.2002 1.36959960e-01
66.2194 1.36928066e-01
66.2386 1.36896189e-01
66.2577 1.36864329e-01
66.2769 1.36832485e-01
66.2961 1.36800658e-01
66.3153 1.36768848e-01
66.3345 1.36737054e-01
66.3536 1.36705277e-01
66.3729 1.36673516e-01
66.392 1.36641772e-01
66.4112 1.36610045e-01
66.4304 1.36578334e-01
66.4496 1.36546640e-01
66.4688 1.36514962e-01
66.488 1.36483301e-01
66.5071 1.36451656e-01
66.5263 1.36420028e-01
66.5455 1.36388417e-01
66.5646 1.36356821e-01
66.5839 1.36325243e-01
66.603 1.36293680e-01
66.6223 1.36262134e-01
66.6414 1.36230605e-01
66.6606 1.36199091e-01
66.6798 1.36167595e-01
66.699 1.36136114e-01
66.7181 1.36104650e-01
66.7374 1.36073202e-01
66.7565 1.36041771e-01
66.7756 1.36010356e-01
66.7949 1.35978957e-01
66.814 1.35947574e-01
66.8333 1.35916207e-01
66.8524 1.35884857e-01
66.8716 1.35853523e-01
66.8908 1.35822205e-01
66.91 1.35790904e-01
66.9291 1.35759618e-01
66.9484 1.35728349e-01
66.9675 1.35697096e-01
66.9868 1.35665859e-01
67.0059 1.35634638e-01
67.025 1.35603433e-01
67.0443 1.35572244e-01
67.0634 1.35541071e-01
67.0826 1.35509914e-01
67.1018 1.35478774e-01
67.121 1.35447649e-01
67.1401 1.35416540e-01
67.1594 1.35385448e-01
67.1785 1.35354371e-01
67.1978 1.35323310e-01
67.2169 1.35292265e-01
67.236 1.35261236e-01
67.2553 1.35230223e-01
67.2744 1.35199226e-01
67.2936 1.35168245e-01
67.3128 1.35137279e-01
67.332 1.35106330e-01
67.3512 1.35075396e-01
67.3704 1.35044478e-01
67.3895 1.35013576e-01
67.4088 1.34982690e-01
67.4279 1.34951819e-01
67.447 1.34920965e-01
67.4663 1.34890125e-01
67.4854 1.34859302e-01
67.5047 1.34828495e-01
67.5238 1.34797703e-01
67.543 1.34766926e-01
67.5622 1.34736166e-01
67.5814 1.34705421e-01
67.6005 1.34674692e-01
67.6198 1.34643978e-01
67.6389 1.34613280e-01
67.658 1.34582597e-01
67.6773 1.34551930e-01
67.6964 1.34521279e-01
67.7157 1.34490643e-01
67.7348 1.34460023e-01
67.754 1.34429418e-01
67.7732 1.34398829e-01
67.7924 1.34368255e-01
67.8115 1.34337697e-01
67.8308 1.34307154e-01
67.8499 1.34276627e-01
67.8692 1.34246115e-01
67.8883 1.34215618e-01
67.9074 1.34185137e-01
67.9267 1.34154672e-01
67.9458 1.34124221e-01
67.965 1.34093786e-01
67.9842 1.34063367e-01
68.0034 1.34032962e-01
68.0226 1.34002573e-01
68.0418 1.33972199e-01
68.0609 1.33941841e-01
68.0802 1.33911498e-01
68.0993 1.33881170e-01
68.1184 1.33850857e-01
68.1377 1.33820560e-01
68.1568 1.33790278e-01
68.176 1.33760010e-01
68.1952 1.33729759e-01
68.2144 1.33699522e-01
68.2336 1.33669300e-01
68.2528 1.33639094e-01
68.2719 1.33608903e-01
68.2912 1.33578726e-01
68.3103 1.33548565e-01
68.3295 1.33518419e-01
68.3487 1.33488288e-01
68.3678 1.33458173e-01
68.3871 1.33428072e-01
68.4062 1.33397986e-01
68.4254 1.33367915e-01
68.4446 1.33337859e-01
68.4638 1.33307819e-01
68.4829 1.33277793e-01
68.5022 1.33247782e-01
68.5213 1.33217786e-01
68.5405 1.33187805e-01
68.5597 1.33157839e-01
68.5789 1.33127887e-01
68.5981 1.33097951e-01
68.6172 1.33068029e-01
68.6364 1.33038123e-01
68.6556 1.33008231e-01
68.6748 1.32978354e-01
68.6939 1.32948492e-01
68.7132 1.32918645e-01
68.7323 1.32888812e-01
68.7516 1.32858994e-01
68.7707 1.32829191e-01
68.7899 1.32799403e-01
68.8091 1.32769629e-01
68.8283 1.32739870e-01
68.8474 1.32710126e-01
68.8666 1.32680397e-01
68.8858 1.32650682e-01
68.905 1.32620982e-01
68.9242 1.32591296e-01
68.9433 1.32561625e-01
68.9626 1.32531969e-01
68.9817 1.32502327e-01
69.0009 1.32472700e-01
69.0201 1.32443088e-01
69.0393 1.32413490e-01
69.0584 1.32383906e-01
69.0777 1.32354337e-01
69.0968 1.32324783e-01
69.116 1.32295243e-01
69.1352 1.32265718e-01
69.1543 1.32236207e-01
69.1736 1.32206710e-01
69.1927 1.32177228e-01
69.2119 1.32147761e-01
69.2311 1.32118308e-01
69.2503 1.32088869e-01
69.2695 1.32059445e-01
69.2887 1.32030035e-01
69.3078 1.32000639e-01
69.3271 1.31971258e-01
69.3462 1.31941891e-01
69.3653 1.31912539e-01
69.3846 1.31883200e-01
69.4037 1.31853877e-01
69.423 1.31824567e-01
69.4421 1.31795272e-01
69.4613 1.31765990e-01
69.4805 1.31736724e-01
69.4997 1.31707471e-01
69.5188 1.31678232e-01
69.5381 1.31649008e-01
69.5572 1.31619798e-01
69.5763 1.31590602e-01
69.5956 1.31561421e-01
69.6147 1.31532253e-01
69.634 1.31503100e-01
69.6531 1.31473960e-01
69.6723 1.31444835e-01
69.6915 1.31415724e-01
69.7107 1.31386627e-01
69.7298 1.31357544e-01
69.7491 1.31328476e-01
69.7682 1.31299421e-01
69.7875 1.31270380e-01
69.8066 1.31241353e-01
69.8257 1.31212340e-01
69.845 1.31183342e-01
69.8641 1.31154357e-01
69.8833 1.31125386e-01
69.9025 1.31096429e-01
69.9217 1.31067486e-01
69.9408 1.31038557e-01
69.9601 1.31009642e-01
69.9792 1.30980741e-01
69.9985 1.30951854e-01
70.0176 1.30922980e-01
70.0367 1.30894121e-01
70.056 1.30865275e-01
70.0751 1.30836443e-01
70.0943 1.30807625e-01
70.1135 1.30778821e-01
70.1327 1.30750030e-01
70.1519 1.30721253e-01
70.1711 1.30692491e-01
70.1902 1.30663741e-01
70.2095 1.30635006e-01
70.2286 1.30606284e-01
70.2477 1.30577576e-01
70.267 1.30548882e-01
70.2861 1.30520201e-01
70.3054 1.30491534e-01
70.3245 1.30462881e-01
70.3437 1.30434241e-01
70.3629 1.30405616e-01
70.3821 1.30377003e-01
70.4012 1.30348404e-01
70.4205 1.30319819e-01
70.4396 1.30291248e-01
70.4587 1.30262690e-01
70.478 1.30234145e-01
70.4971 1.30205614e-01
70.5164 1.30177097e-01
70.5355 1.30148593e-01
70.5547 1.30120103e-01
70.5739 1.30091626e-01
70.5931 1.30063163e-01
70.6122 1.30034713e-01
70.6315 1.30006277e-01
70.6506 1.29977854e-01
70.6699 1.29949444e-01
70.689 1.29921048e-01
70.7081 1.29892665e-01
70.7274 1.29864296e-01
70.7465 1.29835940e-01
70.7657 1.29807598e-01
70.7849 1.29779269e-01
70.8041 1.29750953e-01
70.8233 1.29722650e-01
70.8425 1.29694361e-01
70.8616 1.29666085e-01
70.8809 1.29637823e-01
70.9 1.29609573e-01
70.9192 1.29581337e-01
70.9384 1.29553115e-01
70.9575 1.29524905e-01
70.9767 1.29496709e-01
70.9959 1.29468526e-01
71.0151 1.29440356e-01
71.0343 1.29412199e-01
71.0535 1.29384056e-01
71.0726 1.29355925e-01
71.0919 1.29327808e-01
71.111 1.29299704e-01
71.1302 1.29271613e-01
71.1494 1.29243536e-01
71.1686 1.29215471e-01
71.1878 1.29187419e-01
71.2069 1.29159381e-01
71.2261 1.29131356e-01
71.2453 1.29103343e-01
71.2645 1.29075344e-01
71.2836 1.29047358e-01
71.3029 1.29019385e-01
71.322 1.28991424e-01
71.3412 1.28963477e-01
71.3604 1.28935543e-01
71.3796 1.28907622e-01
71.3988 1.28879713e-01
71.418 1.28851818e-01
71.4371 1.28823936e-01
71.4563 1.28796066e-01
71.4755 1.28768210e-01
71.4946 1.28740366e-01
71.5139 1.28712535e-01
71.533 1.28684717e-01
71.5523 1.28656912e-01
71.5714 1.28629120e-01
71.5906 1.28601341e-01
71.6098 1.28573574e-01
71.629 1.28545821e-01
71.6481 1.28518080e-01
71.6674 1.28490352e-01
71.6865 1.28462636e-01
71.7057 1.28434934e-01
71.7249 1.28407244e-01
71.744 1.28379567e-01
71.7633 1.28351903e-01
71.7824 1.28324251e-01
71.8016 1.28296612e-01
71.8208 1.28268986e-01
71.84 1.28241373e-01
71.8591 1.28213772e-01
71.8784 1.28186184e-01
71.8975 1.28158608e-01
71.9168 1.28131046e-01
71.9359 1.28103495e-01
71.955 1.28075958e-01
71.9743 1.28048433e-01
71.9934 1.28020920e-01
72.0126 1.27993421e-01
72.0318 1.27965933e-01
72.051 1.27938459e-01
72.0702 1.27910996e-01
72.0894 1.27883547e-01
72.1085 1.27856110e-01
72.1278 1.27828685e-01
72.1469 1.27801273e-01
72.166 1.27773873e-01
72.1853 1.27746486e-01
72.2044 1.27719112e-01
72.2237 1.27691749e-01
72.2428 1.27664400e-01
72.262 1.27637062e-01
72.2812 1.27609737e-01
72.3004 1.27582425e-01
72.3195 1.27555125e-01
72.3388 1.27527837e-01
72.3579 1.27500562e-01
72.377 1.27473299e-01
72.3963 1.27446048e-01
72.4154 1.27418810e-01
72.4347 1.27391584e-01
72.4538 1.27364370e-01
72.473 1.27337169e-01
72.4922 1.27309980e-01
72.5114 1.27282803e-01
72.5305 1.27255638e-01
72.5498 1.27228486e-01
72.5689 1.27201346e-01
72.5882 1.27174218e-01
72.6073 1.27147103e-01
72.6264 1.27120000e-01
72.6457 1.27092908e-01
72.6648 1.27065829e-01
72.684 1.27038763e-01
72.7032 1.27011708e-01
72.7224 1.26984666e-01
72.7415 1.26957635e-01
72.7608 1.26930617e-01
72.7799 1.26903611e-01
72.7992 1.26876617e-01
72.8183 1.26849635e-01
72.8374 1.26822666e-01
72.8567 1.26795708e-01
72.8758 1.26768762e-01
72.895 1.26741829e-01
72.9142 1.26714907e-01
72.9334 1.26687998e-01
72.9526 1.26661100e-01
72.9718 1.26634215e-01
72.9909 1.26607342e-01
73.0102 1.26580480e-01
73.0293 1.26553631e-01
73.0484 1.26526793e-01
73.0677 1.26499968e-01
73.0868 1.26473154e-01
73.1061 1.26446353e-01
73.1252 1.26419563e-01
73.1444 1.26392785e-01
73.1636 1.26366019e-01
73.1828 1.26339265e-01
73.2019 1.26312523e-01
73.2212 1.26285793e-01
73.2403 1.26259074e-01
73.2595 1.26232368e-01
73.2787 1.26205673e-01
73.2978 1.26178990e-01
73.3171 1.26152319e-01
73.3362 1.26125660e-01
73.3554 1.26099012e-01
73.3746 1.26072376e-01
73.3938 1.26045753e-01
73.4129 1.26019140e-01
73.4322 1.25992540e-01
73.4513 1.25965951e-01
73.4706 1.25939374e-01
73.4897 1.25912809e-01
73.5089 1.25886256e-01
73.5281 1.25859714e-01
73.5472 1.25833184e-01
73.5664 1.25806665e-01
73.5856 1.25780158e-01
73.6048 1.25753663e-01
73.624 1.25727180e-01
73.6432 1.25700708e-01
73.6623 1.25674248e-01
73.6816 1.25647799e-01
73.7007 1.25621362e-01
73.7199 1.25594936e-01
73.7391 1.25568523e-01
73.7583 1.25542120e-01
73.7774 1.25515730e-01
73.7966 1.25489350e-01
73.8158 1.25462983e-01
73.835 1.25436627e-01
73.8542 1.25410282e-01
73.8733 1.25383949e-01
73.8926 1.25357627e-01
73.9117 1.25331317e-01
73.9309 1.25305019e-01
73.9501 1.25278731e-01
73.9693 1.25252456e-01
73.9885 1.25226191e-01
74.0077 1.25199939e-01
74.0268 1.25173697e-01
74.046 1.25147467e-01
74.0652 1.25121249e-01
74.0843 1.25095041e-01
74.1036 1.25068846e-01
74.1227 1.25042661e-01
74.1419 1.25016488e-01
74.1611 1.24990326e-01
74.1803 1.24964176e-01
74.1995 1.24938037e-01
74.2187 1.24911909e-01
74.2378 1.24885793e-01
74.2571 1.24859687e-01
74.2762 1.24833594e-01
74.2953 1.24807511e-01
74.3146 1.24781440e-01
74.3337 1.24755380e-01
74.353 1.24729331e-01
74.3721 1.24703293e-01
74.3913 1.24677267e-01
74.4105 1.24651252e-01
74.4297 1.24625248e-01
74.4488 1.24599255e-01
74.4681 1.24573274e-01
74.4872 1.24547304e-01
74.5065 1.24521344e-01
74.5256 1.24495396e-01
74.5447 1.24469460e-01
74.564 1.24443534e-01
74.5831 1.24417619e-01
74.6023 1.24391716e-01
74.6215 1.24365823e-01
74.6407 1.24339942e-01
74.6598 1.24314072e-01
74.6791 1.24288213e-01
74.6982 1.24262365e-01
74.7175 1.24236528e-01
74.7366 1.24210702e-01
74.7557 1.24184887e-01
74.775 1.24159083e-01
74.7941 1.24133291e-01
74.8133 1.24107509e-01
74.8325 1.24081738e-01
74.8517 1.24055978e-01
74.8709 1.24030229e-01
74.8901 1.24004491e-01
74.9092 1.23978764e-01
74.9285 1.23953049e-01
74.9476 1.23927344e-01
74.9667 1.23901649e-01
74.986 1.23875966e-01
75.0051 1.23850294e-01
75.0244 1.23824633e-01
75.0435 1.23798982e-01
75.0627 1.23773343e-01
75.0819 1.23747714e-01
75.1011 1.23722096e-01
75.1202 1.23696489e-01
75.1395 1.23670893e-01
75.1586 1.23645308e-01
75.1777 1.23619733e-01
75.197 1.23594169e-01
75.2161 1.23568617e-01
75.2354 1.23543075e-01
75.2545 1.23517543e-01
75.2737 1.23492023e-01
75.2929 1.23466513e-01
75.3121 1.23441014e-01
75.3312 1.23415526e-01
75.3505 1.23390048e-01
75.3696 1.23364582e-01
75.3889 1.23339126e-01
75.408 1.23313680e-01
75.4271 1.23288245e-01
75.4464 1.23262822e-01
75.4655 1.23237408e-01
75.4847 1.23212006e-01
75.5039 1.23186614e-01
75.5231 1.23161233e-01
75.5422 1.23135862e-01
75.5615 1.23110502e-01
75.5806 1.23085153e-01
75.5999 1.23059814e-01
75.619 1.23034486e-01
75.6381 1.23009168e-01
75.6574 1.22983861e-01
75.6765 1.22958565e-01
75.6957 1.22933279e-01
75.7149 1.22908004e-01
75.7341 1.22882739e-01
75.7533 1.22857485e-01
75.7725 1.22832241e-01
75.7916 1.22807008e-01
75.8109 1.22781785e-01
75.83 1.22756573e-01
75.8492 1.22731372e-01
75.8684 1.22706181e-01
75.8875 1.22681000e-01
75.9068 1.22655830e-01
75.9259 1.22630670e-01
75.9451 1.22605521e-01
75.9643 1.22580382e-01
75.9835 1.22555254e-01
76.0026 1.22530136e-01
76.0219 1.22505028e-01
76.041 1.22479931e-01
76.0602 1.22454844e-01
76.0794 1.22429768e-01
76.0986 1.22404702e-01
76.1178 1.22379646e-01
76.1369 1.22354601e-01
76.1561 1.22329566e-01
76.1753 1.22304541e-01
76.1945 1.22279527e-01
76.2136 1.22254523e-01
76.2329 1.22229530e-01
76.252 1.22204546e-01
76.2713 1.22179573e-01
76.2904 1.22154611e-01
76.3096 1.22129658e-01
76.3288 1.22104716e-01
76.348 1.22079784e-01
76.3671 1.22054862e-01
76.3863 1.22029951e-01
76.4055 1.22005050e-01
76.4247 1.21980159e-01
76.4439 1.21955278e-01
76.463 1.21930407e-01
76.4823 1.21905547e-01
76.5014 1.21880697e-01
76.5206 1.21855857e-01
76.5398 1.21831027e-01
76.559 1.21806207e-01
76.5781 1.21781398e-01
76.5974 1.21756599e-01
76.6165 1.21731809e-01
76.6357 1.21707030e-01
76.6549 1.21682261e-01
76.674 1.21657502e-01
76.6933 1.21632754e-01
76.7124 1.21608015e-01
76.7316 1.21583286e-01
76.7508 1.21558568e-01
76.77 1.21533859e-01
76.7892 1.21509161e-01
76.8084 1.21484473e-01
76.8275 1.21459794e-01
76.8468 1.21435126e-01
76.8659 1.21410468e-01
76.885 1.21385819e-01
76.9043 1.21361181e-01
76.9234 1.21336553e-01
76.9426 1.21311935e-01
76.9618 1.21287326e-01
76.981 1.21262728e-01
77.0002 1.21238140e-01
77.0194 1.21213561e-01
77.0385 1.21188993e-01
77.0578 1.21164434e-01
77.0769 1.21139886e-01
77.096 1.21115347e-01
77.1153 1.21090818e-01
77.1344 1.21066300e-01
77.1537 1.21041791e-01
77.1728 1.21017292e-01
77.192 1.20992802e-01
77.2112 1.20968323e-01
77.2304 1.20943854e-01
77.2495 1.20919394e-01
77.2688 1.20894944e-01
77.2879 1.20870504e-01
77.3072 1.20846074e-01
77.3263 1.20821654e-01
77.3454 1.20797243e-01
77.3647 1.20772843e-01
77.3838 1.20748452e-01
77.403 1.20724071e-01
77.4222 1.20699699e-01
77.4414 1.20675338e-01
77.4605 1.20650986e-01
77.4798 1.20626644e-01
77.4989 1.20602312e-01
77.5182 1.20577989e-01
77.5373 1.20553676e-01
77.5564 1.20529373e-01
77.5757 1.20505080e-01
77.5948 1.20480796e-01
77.614 1.20456522e-01
77.6332 1.20432258e-01
77.6524 1.20408003e-01
77.6716 1.20383758e-01
77.6908 1.20359523e-01
77.7099 1.20335297e-01
77.7292 1.20311081e-01
77.7483 1.20286875e-01
77.7674 1.20262678e-01
77.7867 1.20238491e-01
77.8058 1.20214313e-01
77.8251 1.20190145e-01
77.8442 1.20165987e-01
77.8634 1.20141838e-01
77.8826 1.20117699e-01
77.9018 1.20093570e-01
77.9209 1.20069449e-01
77.9402 1.20045339e-01
77.9593 1.20021238e-01
77.9784 1.19997147e-01
77.9977 1.19973065e-01
78.0168 1.19948992e-01
78.0361 1.19924930e-01
78.0552 1.19900876e-01
78.0744 1.19876833e-01
78.0936 1.19852798e-01
78.1128 1.19828773e-01
78.1319 1.19804758e-01
78.1512 1.19780752e-01
78.1703 1.19756756e-01
78.1896 1.19732769e-01
78.2087 1.19708791e-01
78.2278 1.19684823e-01
78.2471 1.19660865e-01
78.2662 1.19636915e-01
78.2854 1.19612975e-01
78.3046 1.19589045e-01
78.3238 1.19565124e-01
78.3429 1.19541212e-01
78.3622 1.19517310e-01
78.3813 1.19493417e-01
78.4006 1.19469534e-01
78.4197 1.19445659e-01
78.4389 1.19421795e-01
78.4581 1.19397939e-01
78.4772 1.19374093e-01
78.4964 1.19350256e-01
78.5156 1.19326429e-01
78.5348 1.19302611e-01
78.554 1.19278802e-01
78.5732 1.19255002e-01
78.5923 1.19231212e-01
78.6116 1.19207431e-01
78.6307 1.19183659e-01
78.6499 1.19159897e-01
78.6691 1.19136143e-01
78.6883 1.19112399e-01
78.7075 1.19088665e-01
78.7266 1.19064939e-01
78.7458 1.19041223e-01
78.765 1.19017516e-01
78.7842 1.18993818e-01
78.8033 1.18970129e-01
78.8226 1.18946450e-01
78.8417 1.18922780e-01
78.8609 1.18899118e-01
78.8801 1.18875467e-01
78.8993 1.18851824e-01
78.9185 1.18828190e-01
78.9377 1.18804566e-01
78.9568 1.18780951e-01
78.976 1.18757344e-01
78.9952 1.18733747e-01
79.0143 1.18710159e-01
79.0336 1.18686581e-01
79.0527 1.18663011e-01
79.072 1.18639450e-01
79.0911 1.18615899e-01
79.1103 1.18592357e-01
79.1295 1.18568823e-01
79.1487 1.18545299e-01
79.1678 1.18521784e-01
79.1871 1.18498278e-01
79.2062 1.18474780e-01
79.2254 1.18451292e-01
79.2446 1.18427813e-01
79.2637 1.18404343e-01
79.283 1.18380882e-01
79.3021 1.18357430e-01
79.3213 1.18333987e-01
79.3405 1.18310553e-01
79.3597 1.18287128e-01
79.3788 1.18263712e-01
79.3981 1.18240305e-01
79.4172 1.18216907e-01
79.4365 1.18193518e-01
79.4556 1.18170138e-01
79.4747 1.18146767e-01
79.494 1.18123404e-01
79.5131 1.18100051e-01
79.5323 1.18076707e-01
79.5515 1.18053371e-01
79.5707 1.18030044e-01
79.5899 1.18006727e-01
79.6091 1.17983418e-01
79.6282 1.17960118e-01
79.6475 1.17936827e-01
79.6666 1.17913545e-01
79.6857 1.17890271e-01
79.705 1.17867007e-01
79.7241 1.17843751e-01
79.7433 1.17820504e-01
79.7625 1.17797266e-01
79.7817 1.17774037e-01
79.8009 1.17750817e-01
79.8201 1.17727605e-01
79.8392 1.17704403e-01
79.8585 1.17681209e-01
79.8776 1.17658024e-01
79.8967 1.17634848e-01
79.916 1.17611680e-01
79.9351 1.17588521e-01
79.9544 1.17565371e-01
79.9735 1.17542230e-01
79.9927 1.17519098e-01
80.0119 1.17495974e-01
80.0311 1.17472859e-01
80.0502 1.17449752e-01
80.0695 1.17426655e-01
80.0886 1.17403566e-01
80.1079 1.17380486e-01
80.127 1.17357414e-01
80.1461 1.17334352e-01
80.1654 1.17311298e-01
80.1845 1.17288252e-01
80.2037 1.17265216e-01
80.2229 1.17242188e-01
80.2421 1.17219168e-01
80.2612 1.17196158e-01
80.2805 1.17173155e-01
80.2996 1.17150162e-01
80.3189 1.17127177e-01
80.338 1.17104201e-01
80.3571 1.17081233e-01
80.3764 1.17058275e-01
80.3955 1.17035324e-01
80.4147 1.17012382e-01
80.4339 1.16989449e-01
80.4531 1.16966525e-01
80.4723 1.16943609e-01
80.4915 1.16920701e-01
80.5106 1.16897802e-01
80.5299 1.16874912e-01
80.549 1.16852030e-01
80.5681 1.16829157e-01
80.5874 1.16806292e-01
80.6065 1.16783436e-01
80.6258 1.16760589e-01
80.6449 1.16737750e-01
80.6641 1.16714919e-01
80.6833 1.16692097e-01
80.7025 1.16669283e-01
80.7216 1.16646478e-01
80.7409 1.16623682e-01
80.76 1.16600893e-01
80.7792 1.16578114e-01
80.7984 1.16555342e-01
80.8175 1.16532580e-01
80.8368 1.16509825e-01
80.8559 1.16487080e-01
80.8751 1.16464342e-01
80.8943 1.16441613e-01
80.9135 1.16418892e-01
80.9326 1.16396180e-01
80.9519 1.16373477e-01
80.971 1.16350781e-01
80.9903 1.16328094e-01
81.0094 1.16305416e-01
81.0286 1.16282745e-01
81.0478 1.16260084e-01
81.0669 1.16237430e-01
81.0861 1.16214785e-01
81.1053 1.16192148e-01
81.1245 1.16169520e-01
81.1436 1.16146900e-01
81.1629 1.16124288e-01
81.182 1.16101685e-01
81.2013 1.16079090e-01
81.2204 1.16056503e-01
81.2396 1.16033925e-01
81.2588 1.16011355e-01
81.278 1.15988793e-01
81.2971 1.15966239e-01
81.3163 1.15943694e-01
81.3355 1.15921157e-01
81.3547 1.15898629e-01
81.3739 1.15876108e-01
81.393 1.15853596e-01
81.4123 1.15831092e-01
81.4314 1.15808596e-01
81.4506 1.15786109e-01
81.4698 1.15763630e-01
81.489 1.15741159e-01
81.5082 1.15718696e-01
81.5274 1.15696242e-01
81.5465 1.15673795e-01
81.5657 1.15651357e-01
81.5849 1.15628927e-01
81.604 1.15606506e-01
81.6233 1.15584092e-01
81.6424 1.15561687e-01
81.6616 1.15539290e-01
81.6808 1.15516901e-01
81.7 1.15494520e-01
81.7192 1.15472147e-01
81.7384 1.15449782e-01
81.7575 1.15427426e-01
81.7768 1.15405078e-01
81.7959 1.15382738e-01
81.815 1.15360406e-01
81.8343 1.15338082e-01
81.8534 1.15315766e-01
81.8727 1.15293458e-01
81.8918 1.15271158e-01
81.911 1.15248867e-01
81.9302 1.15226583e-01
81.9494 1.15204308e-01
81.9685 1.15182041e-01
81.9878 1.15159782e-01
82.0069 1.15137530e-01
82.0262 1.15115287e-01
82.0453 1.15093052e-01
82.0644 1.15070825e-01
82.0837 1.15048606e-01
82.1028 1.15026395e-01
82.122 1.15004192e-01
82.1412 1.14981997e-01
82.1604 1.14959810e-01
82.1795 1.14937631e-01
82.1988 1.14915460e-01
82.2179 1.14893297e-01
82.2372 1.14871143e-01
82.2563 1.14848996e-01
82.2754 1.14826857e-01
82.2947 1.14804726e-01
82.3138 1.14782602e-01
82.333 1.14760487e-01
82.3522 1.14738380e-01
82.3714 1.14716281e-01
82.3906 1.14694190e-01
82.4098 1.14672106e-01
82.4289 1.14650031e-01
82.4482 1.14627963e-01
82.4673 1.14605904e-01
82.4864 1.14583852e-01
82.5057 1.14561808e-01
82.5248 1.14539772e-01
82.544 1.14517744e-01
82.5632 1.14495724e-01
82.5824 1.14473712e-01
82.6016 1.14451708e-01
82.6208 1.14429711e-01
82.6399 1.14407722e-01
82.6592 1.14385742e-01
82.6783 1.14363769e-01
82.6974 1.14341803e-01
82.7167 1.14319846e-01
82.7358 1.14297897e-01
82.7551 1.14275955e-01
82.7742 1.14254021e-01
82.7934 1.14232095e-01
82.8126 1.14210177e-01
82.8318 1.14188267e-01
82.8509 1.14166364e-01
82.8702 1.14144469e-01
82.8893 1.14122582e-01
82.9086 1.14100703e-01
82.9277 1.14078832e-01
82.9468 1.14056968e-01
82.9661 1.14035112e-01
82.9852 1.14013264e-01
83.0044 1.13991423e-01
83.0236 1.13969591e-01
83.0428 1.13947766e-01
83.0619 1.13925948e-01
83.0812 1.13904139e-01
83.1003 1.13882337e-01
83.1196 1.13860543e-01
83.1387 1.13838757e-01
83.1578 1.13816978e-01
83.1771 1.13795207e-01
83.1962 1.13773444e-01
83.2154 1.13751688e-01
83.2346 1.13729940e-01
83.2538 1.13708200e-01
83.273 1.13686467e-01
83.2922 1.13664742e-01
83.3113 1.13643025e-01
83.3306 1.13621316e-01
83.3497 1.13599614e-01
83.3689 1.13577919e-01
83.3881 1.13556233e-01
83.4072 1.13534554e-01
83.4265 1.13512882e-01
83.4456 1.13491218e-01
83.4648 1.13469562e-01
83.484 1.13447913e-01
83.5032 1.13426273e-01
83.5223 1.13404639e-01
83.5416 1.13383013e-01
83.5607 1.13361395e-01
83.5799 1.13339784e-01
83.5991 1.13318181e-01
83.6183 1.13296586e-01
83.6375 1.13274998e-01
83.6566 1.13253417e-01
83.6758 1.13231845e-01
83.695 1.13210279e-01
83.7142 1.13188722e-01
83.7333 1.13167171e-01
83.7526 1.13145629e-01
83.7717 1.13124093e-01
83.791 1.13102566e-01
83.8101 1.13081046e-01
83.8293 1.13059533e-01
83.8485 1.13038028e-01
83.8677 1.13016530e-01
83.8868 1.12995040e-01
83.906 1.12973557e-01
83.9252 1.12952082e-01
83.9443 1.12930615e-01
83.9636 1.12909154e-01
83.9827 1.12887702e-01
84.002 1.12866256e-01
84.0211 1.12844818e-01
84.0403 1.12823388e-01
84.0595 1.12801965e-01
84.0787 1.12780549e-01
84.0978 1.12759141e-01
84.1171 1.12737741e-01
84.1362 1.12716347e-01
84.1554 1.12694961e-01
84.1746 1.12673583e-01
84.1937 1.12652212e-01
84.213 1.12630848e-01
84.2321 1.12609492e-01
84.2513 1.12588143e-01
84.2705 1.12566802e-01
84.2897 1.12545468e-01
84.3089 1.12524141e-01
84.3281 1.12502821e-01
84.3472 1.12481509e-01
84.3665 1.12460205e-01
84.3856 1.12438907e-01
84.4047 1.12417618e-01
84.424 1.12396335e-01
84.4431 1.12375060e-01
84.4623 1.12353792e-01
84.4815 1.12332531e-01
84.5007 1.12311278e-01
84.5199 1.12290032e-01
84.5391 1.12268793e-01
84.5582 1.12247562e-01
84.5775 1.12226338e-01
84.5966 1.12205121e-01
84.6157 1.12183911e-01
84.635 1.12162709e-01
84.6541 1.12141514e-01
84.6734 1.12120326e-01
84.6925 1.12099146e-01
84.7117 1.12077973e-01
84.7309 1.12056807e-01
84.7501 1.12035648e-01
84.7692 1.12014497e-01
84.7885 1.11993353e-01
84.8076 1.11972216e-01
84.8269 1.11951086e-01
84.846 1.11929964e-01
84.8651 1.11908848e-01
84.8844 1.11887740e-01
84.9035 1.11866640e-01
84.9227 1.11845546e-01
84.9419 1.11824460e-01
84.9611 1.11803380e-01
84.9802 1.11782308e-01
84.9995 1.11761244e-01
85.0186 1.11740186e-01
85.0379 1.11719135e-01
85.057 1.11698092e-01
85.0761 1.11677056e-01
85.0954 1.11656027e-01
85.1145 1.11635005e-01
85.1337 1.11613990e-01
85.1529 1.11592983e-01
85.1721 1.11571983e-01
85.1913 1.11550989e-01
85.2105 1.11530003e-01
85.2296 1.11509024e-01
85.2489 1.11488052e-01
85.268 1.11467087e-01
85.2871 1.11446130e-01
85.3064 1.11425179e-01
85.3255 1.11404236e-01
85.3447 1.11383299e-01
85.3639 1.11362370e-01
85.3831 1.11341448e-01
85.4023 1.11320533e-01
85.4215 1.11299625e-01
85.4406 1.11278724e-01
85.4599 1.11257830e-01
85.479 1.11236943e-01
85.4981 1.11216063e-01
85.5174 1.11195190e-01
85.5365 1.11174325e-01
85.5558 1.11153466e-01
85.5749 1.11132614e-01
85.5941 1.11111770e-01
85.6133 1.11090932e-01
85.6325 1.11070102e-01
85.6516 1.11049278e-01
85.6709 1.11028462e-01
85.69 1.11007652e-01
85.7093 1.10986850e-01
85.7284 1.10966054e-01
85.7475 1.10945266e-01
85.7668 1.10924484e-01
85.7859 1.10903709e-01
85.8051 1.10882942e-01
85.8243 1.10862181e-01
85.8435 1.10841428e-01
85.8626 1.10820681e-01
85.8819 1.10799941e-01
85.901 1.10779208e-01
85.9203 1.10758483e-01
85.9394 1.10737764e-01
85.9586 1.10717052e-01
85.9778 1.10696347e-01
85.9969 1.10675649e-01
86.0161 1.10654958e-01
86.0353 1.10634273e-01
86.0545 1.10613596e-01
86.0737 1.10592926e-01
86.0929 1.10572262e-01
86.112 1.10551605e-01
86.1313 1.10530956e-01
86.1504 1.10510313e-01
86.1696 1.10489677e-01
86.1888 1.10469048e-01
86.208 1.10448426e-01
86.2272 1.10427811e-01
86.2463 1.10407202e-01
86.2655 1.10386601e-01
86.2847 1.10366006e-01
86.3039 1.10345418e-01
86.323 1.10324837e-01
86.3423 1.10304263e-01
86.3614 1.10283695e-01
86.3806 1.10263135e-01
86.3998 1.10242581e-01
86.419 1.10222034e-01
86.4382 1.10201494e-01
86.4574 1.10180961e-01
86.4765 1.10160435e-01
86.4957 1.10139915e-01
86.5149 1.10119402e-01
86.534 1.10098896e-01
86.5533 1.10078397e-01
86.5724 1.10057905e-01
86.5917 1.10037419e-01
86.6108 1.10016940e-01
86.63 1.09996468e-01
86.6492 1.09976003e-01
86.6684 1.09955545e-01
86.6875 1.09935093e-01
86.7068 1.09914648e-01
86.7259 1.09894210e-01
86.745 1.09873778e-01
86.7643 1.09853353e-01
86.7834 1.09832935e-01
86.8027 1.09812524e-01
86.8218 1.09792119e-01
86.841 1.09771722e-01
86.8602 1.09751330e-01
86.8794 1.09730946e-01
86.8985 1.09710568e-01
86.9178 1.09690197e-01
86.9369 1.09669833e-01
86.9562 1.09649476e-01
86.9753 1.09629125e-01
86.9944 1.09608780e-01
87.0137 1.09588443e-01
87.0328 1.09568112e-01
87.052 1.09547788e-01
87.0712 1.09527470e-01
87.0904 1.09507160e-01
87.1096 1.09486855e-01
87.1288 1.09466558e-01
87.1479 1.09446267e-01
87.1672 1.09425983e-01
87.1863 1.09405705e-01
87.2054 1.09385434e-01
87.2247 1.09365170e-01
87.2438 1.09344912e-01
87.263 1.09324661e-01
87.2822 1.09304417e-01
87.3014 1.09284179e-01
87.3206 1.09263948e-01
87.3398 1.09243723e-01
87.3589 1.09223505e-01
87.3782 1.09203294e-01
87.3973 1.09183089e-01
87.4164 1.09162891e-01
87.4357 1.09142700e-01
87.4548 1.09122515e-01
87.4741 1.09102336e-01
87.4932 1.09082164e-01
87.5124 1.09061999e-01
87.5316 1.09041840e-01
87.5508 1.09021688e-01
87.5699 1.09001543e-01
87.5892 1.08981403e-01
87.6083 1.08961271e-01
87.6276 1.08941145e-01
87.6467 1.08921026e-01
87.6658 1.08900913e-01
87.6851 1.08880806e-01
87.7042 1.08860707e-01
87.7234 1.08840613e-01
87.7426 1.08820526e-01
87.7618 1.08800446e-01
87.7809 1.08780372e-01
87.8002 1.08760305e-01
87.8193 1.08740244e-01
87.8386 1.08720190e-01
87.8577 1.08700142e-01
87.8768 1.08680101e-01
87.8961 1.08660066e-01
87.9152 1.08640038e-01
87.9344 1.08620016e-01
87.9536 1.08600001e-01
87.9728 1.08579992e-01
87.992 1.08559990e-01
88.0112 1.08539994e-01
88.0303 1.08520004e-01
88.0496 1.08500021e-01
88.0687 1.08480044e-01
88.0878 1.08460074e-01
88.1071 1.08440110e-01
88.1262 1.08420153e-01
88.1454 1.08400202e-01
88.1646 1.08380258e-01
88.1838 1.08360320e-01
88.203 1.08340388e-01
88.2222 1.08320463e-01
88.2413 1.08300544e-01
88.2606 1.08280632e-01
88.2797 1.08260726e-01
88.2989 1.08240826e-01
88.3181 1.08220933e-01
88.3372 1.08201046e-01
88.3565 1.08181166e-01
88.3756 1.08161292e-01
88.3948 1.08141424e-01
88.414 1.08121563e-01
88.4332 1.08101708e-01
88.4523 1.08081859e-01
88.4716 1.08062017e-01
88.4907 1.08042181e-01
88.51 1.08022352e-01
88.5291 1.08002528e-01
88.5483 1.07982712e-01
88.5675 1.07962901e-01
88.5866 1.07943097e-01
88.6058 1.07923299e-01
88.625 1.07903508e-01
88.6442 1.07883723e-01
88.6633 1.07863944e-01
88.6826 1.07844171e-01
88.7017 1.07824405e-01
88.721 1.07804645e-01
88.7401 1.07784891e-01
88.7593 1.07765144e-01
88.7785 1.07745403e-01
88.7977 1.07725668e-01
88.8168 1.07705940e-01
88.836 1.07686218e-01
88.8552 1.07666502e-01
88.8744 1.07646792e-01
88.8936 1.07627089e-01
88.9127 1.07607392e-01
88.932 1.07587701e-01
88.9511 1.07568017e-01
88.9703 1.07548338e-01
88.9895 1.07528666e-01
89.0087 1.07509000e-01
89.0279 1.07489341e-01
89.0471 1.07469688e-01
89.0662 1.07450041e-01
89.0854 1.07430400e-01
89.1046 1.07410765e-01
89.1237 1.07391137e-01
89.143 1.07371515e-01
89.1621 1.07351899e-01
89.1813 1.07332289e-01
89.2005 1.07312685e-01
89.2197 1.07293088e-01
89.2389 1.07273497e-01
89.2581 1.07253912e-01
89.2772 1.07234333e-01
89.2965 1.07214761e-01
89.3156 1.07195194e-01
89.3347 1.07175634e-01
89.354 1.07156080e-01
89.3731 1.07136532e-01
89.3924 1.07116990e-01
89.4115 1.07097455e-01
89.4307 1.07077926e-01
89.4499 1.07058402e-01
89.4691 1.07038885e-01
89.4882 1.07019374e-01
89.5075 1.06999870e-01
89.5266 1.06980371e-01
89.5457 1.06960879e-01
89.565 1.06941392e-01
89.5841 1.06921912e-01
89.6034 1.06902438e-01
89.6225 1.06882970e-01
89.6417 1.06863508e-01
89.6609 1.06844053e-01
89.6801 1.06824603e-01
89.6992 1.06805159e-01
89.7185 1.06785722e-01
89.7376 1.06766291e-01
89.7569 1.06746866e-01
89.776 1.06727446e-01
89.7951 1.06708033e-01
89.8144 1.06688626e-01
89.8335 1.06669226e-01
89.8527 1.06649831e-01
89.8719 1.06630442e-01
89.8911 1.06611059e-01
89.9103 1.06591683e-01
89.9295 1.06572312e-01
89.9486 1.06552948e-01
89.9679 1.06533590e-01
89.987 1.06514237e-01
90.0061 1.06494891e-01
90.0254 1.06475551e-01
90.0445 1.06456216e-01
90.0637 1.06436888e-01
90.0829 1.06417566e-01
90.1021 1.06398250e-01
90.1213 1.06378940e-01
90.1405 1.06359636e-01
90.1596 1.06340338e-01
90.1789 1.06321046e-01
90.198 1.06301760e-01
90.2171 1.06282480e-01
90.2364 1.06263206e-01
90.2555 1.06243938e-01
90.2748 1.06224676e-01
90.2939 1.06205420e-01
90.3131 1.06186170e-01
90.3323 1.06166925e-01
90.3515 1.06147687e-01
90.3706 1.06128455e-01
90.3899 1.06109229e-01
90.409 1.06090009e-01
90.4283 1.06070795e-01
90.4474 1.06051587e-01
90.4665 1.06032384e-01
90.4858 1.06013188e-01
90.5049 1.05993998e-01
90.5241 1.05974813e-01
90.5433 1.05955635e-01
90.5625 1.05936462e-01
90.5816 1.05917296e-01
90.6009 1.05898135e-01
90.62 1.05878980e-01
90.6393 1.05859831e-01
90.6584 1.05840689e-01
90.6775 1.05821552e-01
90.6968 1.05802421e-01
90.7159 1.05783295e-01
90.7351 1.05764176e-01
90.7543 1.05745063e-01
90.7735 1.05725956e-01
90.7927 1.05706854e-01
90.8119 1.05687758e-01
90.831 1.05668669e-01
90.8503 1.05649585e-01
90.8694 1.05630507e-01
90.8886 1.05611435e-01
90.9078 1.05592369e-01
90.9269 1.05573308e-01
90.9461 1.05554254e-01
90.9653 1.05535205e-01
90.9845 1.05516162e-01
91.0037 1.05497126e-01
91.0229 1.05478095e-01
91.042 1.05459069e-01
91.0613 1.05440050e-01
91.0804 1.05421037e-01
91.0996 1.05402029e-01
91.1188 1.05383027e-01
91.138 1.05364031e-01
91.1572 1.05345041e-01
91.1763 1.05326057e-01
91.1955 1.05307078e-01
91.2147 1.05288106e-01
91.2339 1.05269139e-01
91.253 1.05250178e-01
91.2723 1.05231223e-01
91.2914 1.05212273e-01
91.3107 1.05193330e-01
91.3298 1.05174392e-01
91.349 1.05155460e-01
91.3682 1.05136534e-01
91.3874 1.05117613e-01
91.4065 1.05098699e-01
91.4257 1.05079790e-01
91.4449 1.05060887e-01
91.464 1.05041989e-01
91.4833 1.05023098e-01
91.5024 1.05004212e-01
91.5217 1.04985332e-01
91.5408 1.04966458e-01
91.56 1.04947589e-01
91.5792 1.04928727e-01
91.5984 1.04909870e-01
91.6175 1.04891019e-01
91.6368 1.04872173e-01
91.6559 1.04853333e-01
91.6751 1.04834499e-01
91.6943 1.04815671e-01
91.7134 1.04796849e-01
91.7327 1.04778032e-01
91.7518 1.04759221e-01
91.771 1.04740415e-01
91.7902 1.04721616e-01
91.8094 1.04702822e-01
91.8286 1.04684034e-01
91.8478 1.04665251e-01
91.8669 1.04646474e-01
91.8862 1.04627703e-01
91.9053 1.04608938e-01
91.9244 1.04590178e-01
91.9437 1.04571424e-01
91.9628 1.04552676e-01
91.982 1.04533933e-01
92.0012 1.04515197e-01
92.0204 1.04496465e-01
92.0396 1.04477740e-01
92.0588 1.04459020e-01
92.0779 1.04440306e-01
92.0972 1.04421597e-01
92.1163 1.04402894e-01
92.1354 1.04384197e-01
92.1547 1.04365505e-01
92.1738 1.04346819e-01
92.1931 1.04328139e-01
92.2122 1.04309464e-01
92.2314 1.04290795e-01
92.2506 1.04272132e-01
92.2698 1.04253474e-01
92.2889 1.04234822e-01
92.3082 1.04216176e-01
92.3273 1.04197535e-01
92.3464 1.04178900e-01
92.3657 1.04160270e-01
92.3848 1.04141646e-01
92.4041 1.04123028e-01
92.4232 1.04104415e-01
92.4424 1.04085808e-01
92.4616 1.04067206e-01
92.4808 1.04048610e-01
92.4999 1.04030020e-01
92.5192 1.04011435e-01
92.5383 1.03992856e-01
92.5576 1.03974282e-01
92.5767 1.03955714e-01
92.5958 1.03937152e-01
92.6151 1.03918595e-01
92.6342 1.03900044e-01
92.6534 1.03881498e-01
92.6726 1.03862958e-01
92.6918 1.03844423e-01
92.711 1.03825894e-01
92.7302 1.03807371e-01
92.7493 1.03788853e-01
92.7686 1.03770341e-01
92.7877 1.03751834e-01
92.8068 1.03733333e-01
92.8261 1.03714837e-01
92.8452 1.03696347e-01
92.8644 1.03677862e-01
92.8836 1.03659383e-01
92.9028 1.03640910e-01
92.922 1.03622442e-01
92.9412 1.03603979e-01
92.9603 1.03585522e-01
92.9796 1.03567071e-01
92.9987 1.03548625e-01
93.0178 1.03530184e-01
93.0371 1.03511749e-01
93.0562 1.03493320e-01
93.0755 1.03474896e-01
93.0946 1.03456477e-01
93.1138 1.03438065e-01
93.133 1.03419657e-01
93.1522 1.03401255e-01
93.1713 1.03382859e-01
93.1906 1.03364468e-01
93.2097 1.03346082e-01
93.229 1.03327702e-01
93.2481 1.03309328e-01
93.2672 1.03290959e-01
93.2865 1.03272595e-01
93.3056 1.03254237e-01
93.3248 1.03235884e-01
93.344 1.03217537e-01
93.3632 1.03199195e-01
93.3823 1.03180859e-01
93.4016 1.03162528e-01
93.4207 1.03144203e-01
93.44 1.03125883e-01
93.4591 1.03107568e-01
93.4783 1.03089259e-01
93.4975 1.03070955e-01
93.5166 1.03052657e-01
93.5358 1.03034364e-01
93.555 1.03016077e-01
93.5742 1.02997795e-01
93.5934 1.02979518e-01
93.6126 1.02961247e-01
93.6317 1.02942982e-01
93.651 1.02924721e-01
93.6701 1.02906466e-01
93.6893 1.02888217e-01
93.7085 1.02869973e-01
93.7277 1.02851734e-01
93.7468 1.02833501e-01
93.766 1.02815273e-01
93.7852 1.02797050e-01
93.8044 1.02778833e-01
93.8236 1.02760622e-01
93.8427 1.02742415e-01
93.862 1.02724214e-01
93.8811 1.02706019e-01
93.9003 1.02687828e-01
93.9195 1.02669644e-01
93.9387 1.02651464e-01
93.9579 1.02633290e-01
93.9771 1.02615121e-01
93.9962 1.02596958e-01
94.0154 1.02578800e-01
94.0346 1.02560647e-01
94.0537 1.02542499e-01
94.073 1.02524357e-01
94.0921 1.02506221e-01
94.1114 1.02488089e-01
94.1305 1.02469963e-01
94.1497 1.02451843e-01
94.1689 1.02433727e-01
94.1881 1.02415617e-01
94.2072 1.02397513e-01
94.2265 1.02379413e-01
94.2456 1.02361319e-01
94.2647 1.02343230e-01
94.284 1.02325147e-01
94.3031 1.02307069e-01
94.3224 1.02288996e-01
94.3415 1.02270929e-01
94.3607 1.02252866e-01
94.3799 1.02234809e-01
94.3991 1.02216758e-01
94.4182 1.02198711e-01
94.4375 1.02180670e-01
94.4566 1.02162635e-01
94.4759 1.02144604e-01
94.495 1.02126579e-01
94.5141 1.02108559e-01
94.5334 1.02090544e-01
94.5525 1.02072535e-01
94.5717 1.02054531e-01
94.5909 1.02036532e-01
94.6101 1.02018539e-01
94.6292 1.02000550e-01
94.6485 1.01982567e-01
94.6676 1.01964589e-01
94.6869 1.01946617e-01
94.706 1.01928650e-01
94.7251 1.01910688e-01
94.7444 1.01892731e-01
94.7635 1.01874779e-01
94.7827 1.01856833e-01
94.8019 1.01838892e-01
94.8211 1.01820956e-01
94.8403 1.01803025e-01
94.8595 1.01785100e-01
94.8786 1.01767180e-01
94.8979 1.01749265e-01
94.917 1.01731355e-01
94.9361 1.01713450e-01
94.9554 1.01695551e-01
94.9745 1.01677657e-01
94.9938 1.01659768e-01
95.0129 1.01641884e-01
95.0321 1.01624006e-01
95.0513 1.01606133e-01
95.0705 1.01588265e-01
95.0896 1.01570402e-01
95.1089 1.01552544e-01
95.128 1.01534691e-01
95.1471 1.01516844e-01
95.1664 1.01499002e-01
95.1855 1.01481165e-01
95.2048 1.01463333e-01
95.2239 1.01445506e-01
95.2431 1.01427685e-01
95.2623 1.01409869e-01
95.2815 1.01392057e-01
95.3006 1.01374252e-01
95.3199 1.01356451e-01
95.339 1.01338655e-01
95.3583 1.01320865e-01
95.3774 1.01303079e-01
95.3965 1.01285299e-01
95.4158 1.01267524e-01
95.4349 1.01249754e-01
95.4541 1.01231989e-01
95.4733 1.01214230e-01
95.4925 1.01196475e-01
95.5117 1.01178726e-01
95.5309 1.01160981e-01
95.55 1.01143242e-01
95.5693 1.01125508e-01
95.5884 1.01107780e-01
95.6075 1.01090056e-01
95.6268 1.01072337e-01
95.6459 1.01054624e-01
95.6651 1.01036915e-01
95.6843 1.01019212e-01
95.7035 1.01001514e-01
95.7227 1.00983821e-01
95.7419 1.00966133e-01
95.761 1.00948450e-01
95.7803 1.00930772e-01
95.7994 1.00913099e-01
95.8186 1.00895432e-01
95.8378 1.00877769e-01
95.8569 1.00860112e-01
95.8762 1.00842459e-01
95.8953 1.00824812e-01
95.9145 1.00807170e-01
95.9337 1.00789532e-01
95.9529 1.00771900e-01
95.972 1.00754273e-01
95.9913 1.00736651e-01
96.0104 1.00719035e-01
96.0296 1.00701423e-01
96.0488 1.00683816e-01
96.068 1.00666214e-01
96.0872 1.00648618e-01
96.1063 1.00631026e-01
96.1255 1.00613439e-01
96.1447 1.00595858e-01
96.1639 1.00578281e-01
96.183 1.00560710e-01
96.2023 1.00543144e-01
96.2214 1.00525582e-01
96.2407 1.00508026e-01
96.2598 1.00490475e-01
96.279 1.00472928e-01
96.2982 1.00455387e-01
96.3174 1.00437851e-01
96.3365 1.00420320e-01
96.3557 1.00402793e-01
96.3749 1.00385272e-01
96.3941 1.00367756e-01
96.4133 1.00350245e-01
96.4324 1.00332739e-01
96.4517 1.00315237e-01
96.4708 1.00297741e-01
96.49 1.00280250e-01
96.5092 1.00262764e-01
96.5284 1.00245283e-01
96.5475 1.00227806e-01
96.5668 1.00210335e-01
96.5859 1.00192869e-01
96.6051 1.00175408e-01
96.6243 1.00157951e-01
96.6434 1.00140500e-01
96.6627 1.00123054e-01
96.6818 1.00105612e-01
96.701 1.00088176e-01
96.7202 1.00070745e-01
96.7394 1.00053318e-01
96.7586 1.00035897e-01
96.7778 1.00018480e-01
96.7969 1.00001069e-01
96.8162 9.99836619e-02
96.8353 9.99662602e-02
96.8544 9.99488635e-02
96.8737 9.99314717e-02
96.8928 9.99140849e-02
96.9121 9.98967030e-02
96.9312 9.98793260e-02
96.9504 9.98619540e-02
96.9696 9.98445869e-02
96.9888 9.98272247e-02
97.0079 9.98098675e-02
97.0272 9.97925152e-02
97.0463 9.97751678e-02
97.0654 9.97578253e-02
97.0847 9.97404878e-02
97.1038 9.97231551e-02
97.1231 9.97058274e-02
97.1422 9.96885046e-02
97.1614 9.96711867e-02
97.1806 9.96538737e-02
97.1998 9.96365656e-02
97.2189 9.96192624e-02
97.2382 9.96019641e-02
97.2573 9.95846706e-02
97.2766 9.95673821e-02
97.2957 9.95500985e-02
97.3148 9.95328198e-02
97.3341 9.95155460e-02
97.3532 9.94982770e-02
97.3724 9.94810129e-02
97.3916 9.94637537e-02
97.4108 9.94464994e-02
97.4299 9.94292499e-02
97.4492 9.94120053e-02
97.4683 9.93947656e-02
97.4876 9.93775307e-02
97.5067 9.93603007e-02
97.5258 9.93430756e-02
97.5451 9.93258553e-02
97.5642 9.93086399e-02
97.5834 9.92914294e-02
97.6026 9.92742237e-02
97.6218 9.92570228e-02
97.641 9.92398268e-02
97.6602 9.92226356e-02
97.6793 9.92054493e-02
97.6986 9.91882678e-02
97.7177 9.91710911e-02
97.7368 9.91539193e-02
97.7561 9.91367523e-02
97.7752 9.91195902e-02
97.7945 9.91024328e-02
97.8136 9.90852803e-02
97.8328 9.90681326e-02
97.852 9.90509898e-02
97.8712 9.90338517e-02
97.8903 9.90167185e-02
97.9096 9.89995901e-02
97.9287 9.89824664e-02
97.9478 9.89653476e-02
97.9671 9.89482336e-02
97.9862 9.89311244e-02
98.0055 9.89140200e-02
98.0246 9.88969204e-02
98.0438 9.88798256e-02
98.063 9.88627356e-02
98.0822 9.88456504e-02
98.1013 9.88285700e-02
98.1206 9.88114943e-02
98.1397 9.87944235e-02
98.159 9.87773574e-02
98.1781 9.87602960e-02
98.1972 9.87432396e-02
98.2165 9.87261878e-02
98.2356 9.87091408e-02
98.2548 9.86920986e-02
98.274 9.86750611e-02
98.2932 9.86580285e-02
98.3124 9.86410006e-02
98.3316 9.86239774e-02
98.3507 9.86069590e-02
98.37 9.85899454e-02
98.3891 9.85729365e-02
98.4083 9.85559323e-02
98.4275 9.85389330e-02
98.4466 9.85219383e-02
98.4658 9.85049484e-02
98.485 9.84879632e-02
98.5042 9.84709828e-02
98.5234 9.84540071e-02
98.5426 9.84370362e-02
98.5617 9.84200700e-02
98.581 9.84031085e-02
98.6001 9.83861517e-02
98.6193 9.83691997e-02
98.6385 9.83522523e-02
98.6577 9.83353097e-02
98.6769 9.83183719e-02
98.696 9.83014387e-02
98.7152 9.82845103e-02
98.7344 9.82675866e-02
98.7536 9.82506675e-02
98.7727 9.82337532e-02
98.792 9.82168436e-02
98.8111 9.81999387e-02
98.8303 9.81830384e-02
98.8495 9.81661429e-02
98.8687 9.81492521e-02
98.8879 9.81323660e-02
98.9071 9.81154845e-02
98.9262 9.80986078e-02
98.9454 9.80817357e-02
98.9646 9.80648684e-02
98.9837 9.80480057e-02
99.003 9.80311476e-02
99.0221 9.80142943e-02
99.0414 9.79974456e-02
99.0605 9.79806016e-02
99.0797 9.79637623e-02
99.0989 9.79469276e-02
99.1181 9.79300977e-02
99.1372 9.79132723e-02
99.1565 9.78964516e-02
99.1756 9.78796356e-02
99.1948 9.78628243e-02
99.214 9.78460176e-02
99.2331 9.78292155e-02
99.2524 9.78124181e-02
99.2715 9.77956254e-02
99.2907 9.77788373e-02
99.3099 9.77620538e-02
99.3291 9.77452750e-02
99.3482 9.77285008e-02
99.3675 9.77117313e-02
99.3866 9.76949664e-02
99.4059 9.76782060e-02
99.425 9.76614504e-02
99.4441 9.76446994e-02
99.4634 9.76279530e-02
99.4825 9.76112112e-02
99.5017 9.75944741e-02
99.5209 9.75777415e-02
99.5401 9.75610136e-02
99.5593 9.75442903e-02
99.5785 9.75275716e-02
99.5976 9.75108575e-02
99.6169 9.74941480e-02
99.636 9.74774431e-02
99.6551 9.74607429e-02
99.6744 9.74440472e-02
99.6935 9.74273562e-02
99.7128 9.74106697e-02
99.7319 9.73939878e-02
99.7511 9.73773105e-02
99.7703 9.73606378e-02
99.7895 9.73439697e-02
99.8086 9.73273062e-02
99.8279 9.73106472e-02
99.847 9.72939929e-02
99.8661 9.72773431e-02
99.8854 9.72606979e-02
99.9045 9.72440573e-02
99.9238 9.72274212e-02
99.9429 9.72107897e-02
99.9621 9.71941628e-02
99.9813 9.71775404e-02
100 9.71609226e-02
100.02 9.71443094e-02
100.039 9.71277007e-02
100.058 9.71110966e-02
100.077 9.70944971e-02
100.096 9.70779021e-02
100.116 9.70613116e-02
100.135 9.70447257e-02
100.154 9.70281443e-02
100.173 9.70115675e-02
100.192 9.69949953e-02
100.211 9.69784275e-02
100.231 9.69618644e-02
100.25 9.69453057e-02
100.269 9.69287515e-02
100.288 9.69122020e-02
100.307 9.68956569e-02
100.327 9.68791164e-02
100.346 9.68625803e-02
100.365 9.68460489e-02
100.384 9.68295219e-02
100.403 9.68129994e-02
100.422 9.67964815e-02
100.442 9.67799681e-02
100.461 9.67634592e-02
100.48 9.67469548e-02
100.499 9.67304549e-02
100.518 9.67139595e-02
100.538 9.66974686e-02
100.557 9.66809823e-02
100.576 9.66645004e-02
100.595 9.66480230e-02
100.614 9.66315501e-02
100.633 9.66150817e-02
100.653 9.65986178e-02
100.672 9.65821584e-02
100.691 9.65657035e-02
100.71 9.65492530e-02
100.729 9.65328071e-02
100.749 9.65163656e-02
100.768 9.64999286e-02
100.787 9.64834961e-02
100.806 9.64670681e-02
100.825 9.64506445e-02
100.844 9.64342254e-02
100.864 9.64178108e-02
100.883 9.64014006e-02
100.902 9.63849948e-02
100.921 9.63685936e-02
100.94 9.63521968e-02
100.96 9.63358045e-02
100.979 9.63194166e-02
100.998 9.63030332e-02
101.017 9.62866543e-02
101.036 9.62702797e-02
101.055 9.62539097e-02
101.075 9.62375441e-02
101.094 9.62211829e-02
101.113 9.62048261e-02
101.132 9.61884738e-02
101.151 9.61721260e-02
101.171 9.61557826e-02
101.19 9.61394435e-02
101.209 9.61231090e-02
101.228 9.61067789e-02
101.247 9.60904532e-02
101.266 9.60741319e-02
101.286 9.60578150e-02
101.305 9.60415026e-02
101.324 9.60251946e-02
101.343 9.60088910e-02
101.362 9.59925918e-02
101.382 9.59762970e-02
101.401 9.59600066e-02
101.42 9.59437207e-02
101.439 9.59274392e-02
101.458 9.59111620e-02
101.478 9.58948893e-02
101.497 9.58786209e-02
101.516 9.58623570e-02
101.535 9.58460974e-02
101.554 9.58298423e-02
101.573 9.58135916e-02
101.593 9.57973452e-02
101.612 9.57811032e-02
101.631 9.57648656e-02
101.65 9.57486324e-02
101.669 9.57324036e-02
101.689 9.57161792e-02
101.708 9.56999591e-02
101.727 9.56837434e-02
101.746 9.56675321e-02
101.765 9.56513251e-02
101.784 9.56351226e-02
101.804 9.56189244e-02
101.823 9.56027305e-02
101.842 9.55865411e-02
101.861 9.55703560e-02
101.88 9.55541752e-02
101.9 9.55379988e-02
101.919 9.55218268e-02
101.938 9.55056591e-02
101.957 9.54894958e-02
101.976 9.54733368e-02
101.996 9.54571822e-02
102.015 9.54410319e-02
102.034 9.54248860e-02
102.053 9.54087444e-02
102.072 9.53926072e-02
102.091 9.53764742e-02
102.111 9.53603457e-02
102.13 9.53442214e-02
102.149 9.53281015e-02
102.168 9.53119860e-02
102.187 9.52958747e-02
102.207 9.52797678e-02
102.226 9.52636652e-02
102.245 9.52475669e-02
102.264 9.52314730e-02
102.283 9.52153834e-02
102.302 9.51992980e-02
102.322 9.51832171e-02
102.341 9.51671404e-02
102.36 9.51510680e-02
102.379 9.51349999e-02
102.398 9.51189362e-02
102.418 9.51028768e-02
102.437 9.50868216e-02
102.456 9.50707708e-02
102.475 9.50547242e-02
102.494 9.50386820e-02
102.513 9.50226440e-02
102.533 9.50066104e-02
102.552 9.49905811e-02
102.571 9.49745560e-02
102.59 9.49585352e-02
102.609 9.49425187e-02
102.629 9.49265065e-02
102.648 9.49104986e-02
102.667 9.48944949e-02
102.686 9.48784955e-02
102.705 9.48625004e-02
102.724 9.48465097e-02
102.744 9.48305231e-02
102.763 9.48145408e-02
102.782 9.47985628e-02
102.801 9.47825891e-02
102.82 9.47666196e-02
102.84 9.47506544e-02
102.859 9.47346935e-02
102.878 9.47187368e-02
102.897 9.47027844e-02
102.916 9.46868362e-02
102.935 9.46708923e-02
102.955 9.46549526e-02
102.974 9.46390172e-02
102.993 9.46230861e-02
103.012 9.46071592e-02
103.031 9.45912365e-02
103.051 9.45753181e-02
103.07 9.45594039e-02
103.089 9.45434939e-02
103.108 9.45275882e-02
103.127 9.45116868e-02
103.147 9.44957895e-02
103.166 9.44798965e-02
103.185 9.44640077e-02
103.204 9.44481232e-02
103.223 9.44322428e-02
103.242 9.44163667e-02
103.262 9.44004949e-02
103.281 9.43846272e-02
103.3 9.43687638e-02
103.319 9.43529046e-02
103.338 9.43370495e-02
103.358 9.43211987e-02
103.377 9.43053522e-02
103.396 9.42895098e-02
103.415 9.42736716e-02
103.434 9.42578377e-02
103.453 9.42420079e-02
103.473 9.42261823e-02
103.492 9.42103610e-02
103.511 9.41945439e-02
103.53 9.41787309e-02
103.549 9.41629221e-02
103.569 9.41471176e-02
103.588 9.41313172e-02
103.607 9.41155210e-02
103.626 9.40997289e-02
103.645 9.40839411e-02
103.664 9.40681575e-02
103.684 9.40523780e-02
103.703 9.40366028e-02
103.722 9.40208317e-02
103.741 9.40050648e-02
103.76 9.39893020e-02
103.78 9.39735434e-02
103.799 9.39577891e-02
103.818 9.39420388e-02
103.837 9.39262927e-02
103.856 9.39105508e-02
103.875 9.38948131e-02
103.895 9.38790795e-02
103.914 9.38633501e-02
103.933 9.38476249e-02
103.952 9.38319038e-02
103.971 9.38161868e-02
103.991 9.38004740e-02
104.01 9.37847654e-02
104.029 9.37690609e-02
104.048 9.37533605e-02
104.067 9.37376644e-02
104.086 9.37219723e-02
104.106 9.37062844e-02
104.125 9.36906006e-02
104.144 9.36749210e-02
104.163 9.36592455e-02
104.182 9.36435741e-02
104.202 9.36279069e-02
104.221 9.36122438e-02
104.24 9.35965848e-02
104.259 9.35809300e-02
104.278 9.35652792e-02
104.297 9.35496326e-02
104.317 9.35339902e-02
104.336 9.35183518e-02
104.355 9.35027176e-02
104.374 9.34870875e-02
104.393 9.34714615e-02
104.413 9.34558396e-02
104.432 9.34402219e-02
104.451 9.34246082e-02
104.47 9.34089986e-02
104.489 9.33933932e-02
104.508 9.33777918e-02
104.528 9.33621946e-02
104.547 9.33466014e-02
104.566 9.33310124e-02
104.585 9.33154275e-02
104.604 9.32998466e-02
104.624 9.32842698e-02
104.643 9.32686972e-02
104.662 9.32531286e-02
104.681 9.32375641e-02
104.7 9.32220037e-02
104.719 9.32064474e-02
104.739 9.31908952e-02
104.758 9.31753471e-02
104.777 9.31598030e-02
104.796 9.31442630e-02
104.815 9.31287271e-02
104.835 9.31131952e-02
104.854 9.30976675e-02
104.873 9.30821438e-02
104.892 9.30666242e-02
104.911 9.30511086e-02
104.93 9.30355972e-02
104.95 9.30200897e-02
104.969 9.30045863e-02
104.988 9.29890871e-02
105.007 9.29735918e-02
105.026 9.29581006e-02
105.046 9.29426135e-02
105.065 9.29271305e-02
105.084 9.29116515e-02
105.103 9.28961765e-02
105.122 9.28807055e-02
105.141 9.28652387e-02
105.161 9.28497759e-02
105.18 9.28343170e-02
105.199 9.28188623e-02
105.218 9.28034116e-02
105.237 9.27879650e-02
105.257 9.27725223e-02
105.276 9.27570837e-02
105.295 9.27416492e-02
105.314 9.27262187e-02
105.333 9.27107922e-02
105.352 9.26953697e-02
105.372 9.26799513e-02
105.391 9.26645369e-02
105.41 9.26491264e-02
105.429 9.26337201e-02
105.448 9.26183178e-02
105.468 9.26029194e-02
105.487 9.25875251e-02
105.506 9.25721348e-02
105.525 9.25567485e-02
105.544 9.25413663e-02
105.563 9.25259880e-02
105.583 9.25106137e-02
105.602 9.24952435e-02
105.621 9.24798772e-02
105.64 9.24645150e-02
105.659 9.24491567e-02
105.679 9.24338025e-02
105.698 9.24184522e-02
105.717 9.24031060e-02
105.736 9.23877638e-02
105.755 9.23724255e-02
105.774 9.23570912e-02
105.794 9.23417610e-02
105.813 9.23264347e-02
105.832 9.23111123e-02
105.851 9.22957940e-02
105.87 9.22804797e-02
105.89 9.22651694e-02
105.909 9.22498630e-02
105.928 9.22345605e-02
105.947 9.22192621e-02
105.966 9.22039677e-02
105.985 9.21886772e-02
106.005 9.21733907e-02
106.024 9.21581082e-02
106.043 9.21428296e-02
106.062 9.21275550e-02
106.081 9.21122844e-02
106.101 9.20970177e-02
106.12 9.20817550e-02
106.139 9.20664963e-02
106.158 9.20512415e-02
106.177 9.20359906e-02
106.197 9.20207438e-02
106.216 9.20055008e-02
106.235 9.19902619e-02
106.254 9.19750269e-02
106.273 9.19597958e-02
106.292 9.19445686e-02
106.312 9.19293455e-02
106.331 9.19141262e-02
106.35 9.18989109e-02
106.369 9.18836995e-02
106.388 9.18684922e-02
106.408 9.18532887e-02
106.427 9.18380891e-02
106.446 9.18228935e-02
106.465 9.18077018e-02
106.484 9.17925141e-02
106.503 9.17773302e-02
106.523 9.17621504e-02
106.542 9.17469744e-02
106.561 9.17318023e-02
106.58 9.17166342e-02
106.599 9.17014700e-02
106.619 9.16863097e-02
106.638 9.16711533e-02
106.657 9.16560009e-02
106.676 9.16408523e-02
106.695 9.16257077e-02
106.715 9.16105670e-02
106.734 9.15954302e-02
106.753 9.15802973e-02
106.772 9.15651683e-02
106.791 9.15500432e-02
106.81 9.15349221e-02
106.83 9.15198048e-02
106.849 9.15046914e-02
106.868 9.14895819e-02
106.887 9.14744764e-02
106.906 9.14593746e-02
106.926 9.14442769e-02
106.945 9.14291829e-02
106.964 9.14140929e-02
106.983 9.13990068e-02
107.002 9.13839246e-02
107.021 9.13688462e-02
107.041 9.13537717e-02
107.06 9.13387011e-02
107.079 9.13236345e-02
107.098 9.13085716e-02
107.117 9.12935126e-02
107.137 9.12784576e-02
107.156 9.12634064e-02
107.175 9.12483591e-02
107.194 9.12333156e-02
107.213 9.12182760e-02
107.232 9.12032403e-02
107.252 9.11882085e-02
107.271 9.11731804e-02
107.29 9.11581563e-02
107.309 9.11431361e-02
107.328 9.11281197e-02
107.348 9.11131071e-02
107.367 9.10980984e-02
107.386 9.10830936e-02
107.405 9.10680926e-02
107.424 9.10530955e-02
107.443 9.10381022e-02
107.463 9.10231128e-02
107.482 9.10081272e-02
107.501 9.09931455e-02
107.52 9.09781676e-02
107.539 9.09631936e-02
107.559 9.09482234e-02
107.578 9.09332570e-02
107.597 9.09182945e-02
107.616 9.09033358e-02
107.635 9.08883809e-02
107.654 9.08734300e-02
107.674 9.08584827e-02
107.693 9.08435394e-02
107.712 9.08285999e-02
107.731 9.08136642e-02
107.75 9.07987323e-02
107.77 9.07838043e-02
107.789 9.07688800e-02
107.808 9.07539596e-02
107.827 9.07390431e-02
107.846 9.07241303e-02
107.865 9.07092213e-02
107.885 9.06943162e-02
107.904 9.06794148e-02
107.923 9.06645174e-02
107.942 9.06496237e-02
107.961 9.06347338e-02
107.981 9.06198477e-02
108 9.06049654e-02
108.019 9.05900870e-02
108.038 9.05752123e-02
108.057 9.05603414e-02
108.077 9.05454744e-02
108.096 9.05306111e-02
108.115 9.05157516e-02
108.134 9.05008959e-02
108.153 9.04860440e-02
108.172 9.04711960e-02
108.192 9.04563517e-02
108.211 9.04415112e-02
108.23 9.04266744e-02
108.249 9.04118415e-02
108.268 9.03970124e-02
108.288 9.03821870e-02
108.307 9.03673654e-02
108.326 9.03525476e-02
108.345 9.03377336e-02
108.364 9.03229233e-02
108.383 9.03081169e-02
108.403 9.02933142e-02
108.422 9.02785153e-02
108.441 9.02637201e-02
108.46 9.02489287e-02
108.479 9.02341411e-02
108.499 9.02193572e-02
108.518 9.02045771e-02
108.537 9.01898008e-02
108.556 9.01750283e-02
108.575 9.01602595e-02
108.594 9.01454944e-02
108.614 9.01307332e-02
108.633 9.01159756e-02
108.652 9.01012218e-02
108.671 9.00864718e-02
108.69 9.00717256e-02
108.71 9.00569830e-02
108.729 9.00422443e-02
108.748 9.00275093e-02
108.767 9.00127780e-02
108.786 8.99980505e-02
108.805 8.99833267e-02
108.825 8.99686066e-02
108.844 8.99538903e-02
108.863 8.99391778e-02
108.882 8.99244689e-02
108.901 8.99097638e-02
108.921 8.98950625e-02
108.94 8.98803648e-02
108.959 8.98656709e-02
108.978 8.98509808e-02
108.997 8.98362943e-02
109.016 8.98216116e-02
109.036 8.98069326e-02
109.055 8.97922574e-02
109.074 8.97775859e-02
109.093 8.97629180e-02
109.112 8.97482539e-02
109.132 8.97335935e-02
109.151 8.97189368e-02
109.17 8.97042839e-02
109.189 8.96896347e-02
109.208 8.96749891e-02
109.227 8.96603473e-02
109.247 8.96457092e-02
109.266 8.96310748e-02
109.285 8.96164441e-02
109.304 8.96018171e-02
109.323 8.95871938e-02
109.343 8.95725743e-02
109.362 8.95579584e-02
109.381 8.95433462e-02
109.4 8.95287377e-02
109.419 8.95141329e-02
109.438 8.94995318e-02
109.458 8.94849344e-02
109.477 8.94703407e-02
109.496 8.94557507e-02
109.515 8.94411644e-02
109.534 8.94265817e-02
109.554 8.94120028e-02
109.573 8.93974275e-02
109.592 8.93828559e-02
109.611 8.93682880e-02
109.63 8.93537238e-02
109.649 8.93391632e-02
109.669 8.93246063e-02
109.688 8.93100532e-02
109.707 8.92955036e-02
109.726 8.92809578e-02
109.745 8.92664156e-02
109.765 8.92518771e-02
109.784 8.92373422e-02
109.803 8.92228110e-02
109.822 8.92082836e-02
109.841 8.91937597e-02
109.86 8.91792395e-02
109.88 8.91647230e-02
109.899 8.91502101e-02
109.918 8.91357010e-02
109.937 8.91211954e-02
109.956 8.91066935e-02
109.976 8.90921953e-02
109.995 8.90777007e-02
110.014 8.90632098e-02
110.033 8.90487225e-02
110.052 8.90342389e-02
110.071 8.90197589e-02
110.091 8.90052826e-02
110.11 8.89908098e-02
110.129 8.89763408e-02
110.148 8.89618754e-02
110.167 8.89474137e-02
110.187 8.89329556e-02
110.206 8.89185011e-02
110.225 8.89040502e-02
110.244 8.88896030e-02
110.263 8.88751594e-02
110.282 8.88607195e-02
110.302 8.88462831e-02
110.321 8.88318504e-02
110.34 8.88174214e-02
110.359 8.88029960e-02
110.378 8.87885741e-02
110.398 8.87741559e-02
110.417 8.87597414e-02
110.436 8.87453305e-02
110.455 8.87309231e-02
110.474 8.87165194e-02
110.493 8.87021193e-02
110.513 8.86877228e-02
110.532 8.86733300e-02
110.551 8.86589407e-02
110.57 8.86445551e-02
110.589 8.86301731e-02
110.609 8.86157946e-02
110.628 8.86014198e-02
110.647 8.85870486e-02
110.666 8.85726810e-02
110.685 8.85583170e-02
110.704 8.85439566e-02
110.724 8.85295998e-02
110.743 8.85152466e-02
110.762 8.85008970e-02
110.781 8.84865510e-02
110.8 8.84722086e-02
110.82 8.84578697e-02
110.839 8.84435345e-02
110.858 8.84292029e-02
110.877 8.84148748e-02
110.896 8.84005503e-02
110.916 8.83862295e-02
110.935 8.83719122e-02
110.954 8.83575985e-02
110.973 8.83432884e-02
110.992 8.83289818e-02
111.011 8.83146788e-02
111.031 8.83003795e-02
111.05 8.82860837e-02
111.069 8.82717914e-02
111.088 8.82575027e-02
111.107 8.82432177e-02
111.127 8.82289361e-02
111.146 8.82146582e-02
111.165 8.82003838e-02
111.184 8.81861130e-02
111.203 8.81718458e-02
111.222 8.81575821e-02
111.242 8.81433219e-02
111.261 8.81290654e-02
111.28 8.81148124e-02
111.299 8.81005629e-02
111.318 8.80863171e-02
111.338 8.80720748e-02
111.357 8.80578360e-02
111.376 8.80436008e-02
111.395 8.80293691e-02
111.414 8.80151410e-02
111.433 8.80009164e-02
111.453 8.79866954e-02
111.472 8.79724780e-02
111.491 8.79582640e-02
111.51 8.79440537e-02
111.529 8.79298468e-02
111.549 8.79156435e-02
111.568 8.79014438e-02
111.587 8.78872476e-02
111.606 8.78730549e-02
111.625 8.78588658e-02
111.645 8.78446801e-02
111.664 8.78304981e-02
111.683 8.78163195e-02
111.702 8.78021445e-02
111.721 8.77879731e-02
111.74 8.77738051e-02
111.76 8.77596406e-02
111.779 8.77454798e-02
111.798 8.77313224e-02
111.817 8.77171685e-02
111.836 8.77030182e-02
111.856 8.76888714e-02
111.875 8.76747281e-02
111.894 8.76605884e-02
111.913 8.76464521e-02
111.932 8.76323193e-02
111.951 8.76181901e-02
111.971 8.76040644e-02
111.99 8.75899422e-02
112.009 8.75758235e-02
112.028 8.75617083e-02
112.047 8.75475967e-02
112.067 8.75334885e-02
112.086 8.75193838e-02
112.105 8.75052827e-02
112.124 8.74911850e-02
112.143 8.74770908e-02
112.162 8.74630002e-02
112.182 8.74489130e-02
112.201 8.74348293e-02
112.22 8.74207492e-02
112.239 8.74066725e-02
112.258 8.73925993e-02
112.278 8.73785296e-02
112.297 8.73644634e-02
112.316 8.73504007e-02
112.335 8.73363414e-02
112.354 8.73222857e-02
112.373 8.73082334e-02
112.393 8.72941846e-02
112.412 8.72801394e-02
112.431 8.72660976e-02
112.45 8.72520592e-02
112.469 8.72380243e-02
112.489 8.72239930e-02
112.508 8.72099651e-02
112.527 8.71959407e-02
112.546 8.71819197e-02
112.565 8.71679022e-02
112.584 8.71538882e-02
112.604 8.71398777e-02
112.623 8.71258706e-02
112.642 8.71118670e-02
112.661 8.70978669e-02
112.68 8.70838702e-02
112.7 8.70698770e-02
112.719 8.70558872e-02
112.738 8.70419009e-02
112.757 8.70279181e-02
112.776 8.70139387e-02
112.796 8.69999628e-02
112.815 8.69859903e-02
112.834 8.69720213e-02
112.853 8.69580557e-02
112.872 8.69440937e-02
112.891 8.69301350e-02
112.911 8.69161798e-02
112.93 8.69022281e-02
112.949 8.68882797e-02
112.968 8.68743348e-02
112.987 8.68603934e-02
113.007 8.68464554e-02
113.026 8.68325209e-02
113.045 8.68185898e-02
113.064 8.68046621e-02
113.083 8.67907379e-02
113.102 8.67768171e-02
113.122 8.67628998e-02
113.141 8.67489858e-02
113.16 8.67350754e-02
113.179 8.67211683e-02
113.198 8.67072647e-02
113.218 8.66933645e-02
113.237 8.66794677e-02
113.256 8.66655743e-02
113.275 8.66516844e-02
113.294 8.66377979e-02
113.313 8.66239148e-02
113.333 8.66100352e-02
113.352 8.65961590e-02
113.371 8.65822861e-02
113.39 8.65684168e-02
113.409 8.65545508e-02
113.429 8.65406882e-02
113.448 8.65268290e-02
113.467 8.65129733e-02
113.486 8.64991210e-02
113.505 8.64852720e-02
113.524 8.64714265e-02
113.544 8.64575844e-02
113.563 8.64437457e-02
113.582 8.64299104e-02
113.601 8.64160785e-02
113.62 8.64022500e-02
113.64 8.63884249e-02
113.659 8.63746033e-02
113.678 8.63607850e-02
113.697 8.63469701e-02
113.716 8.63331586e-02
113.735 8.63193505e-02
113.755 8.63055458e-02
113.774 8.62917444e-02
113.793 8.62779465e-02
113.812 8.62641520e-02
113.831 8.62503608e-02
113.851 8.62365730e-02
113.87 8.62227887e-02
113.889 8.62090077e-02
113.908 8.61952300e-02
113.927 8.61814558e-02
113.946 8.61676850e-02
113.966 8.61539175e-02
113.985 8.61401534e-02
114.004 8.61263927e-02
114.023 8.61126354e-02
114.042 8.60988814e-02
114.062 8.60851308e-02
114.081 8.60713837e-02
114.1 8.60576398e-02
114.119 8.60438993e-02
114.138 8.60301622e-02
114.157 8.60164284e-02
114.177 8.60026981e-02
114.196 8.59889711e-02
114.215 8.59752475e-02
114.234 8.59615272e-02
114.253 8.59478103e-02
114.273 8.59340967e-02
114.292 8.59203865e-02
114.311 8.59066797e-02
114.33 8.58929762e-02
114.349 8.58792761e-02
114.368 8.58655793e-02
114.388 8.58518859e-02
114.407 8.58381958e-02
114.426 8.58245091e-02
114.445 8.58108257e-02
114.464 8.57971457e-02
114.484 8.57834690e-02
114.503 8.57697957e-02
114.522 8.57561257e-02
114.541 8.57424591e-02
114.56 8.57287958e-02
114.579 8.57151358e-02
114.599 8.57014792e-02
114.618 8.56878259e-02
114.637 8.56741760e-02
114.656 8.56605294e-02
114.675 8.56468861e-02
114.695 8.56332462e-02
114.714 8.56196095e-02
114.733 8.56059762e-02
114.752 8.55923464e-02
114.771 8.55787197e-02
114.79 8.55650964e-02
114.81 8.55514765e-02
114.829 8.55378598e-02
114.848 8.55242465e-02
114.867 8.55106365e-02
114.886 8.54970299e-02
114.906 8.54834265e-02
114.925 8.54698265e-02
114.944 8.54562298e-02
114.963 8.54426364e-02
114.982 8.54290463e-02
115.001 8.54154595e-02
115.021 8.54018761e-02
115.04 8.53882959e-02
115.059 8.53747191e-02
115.078 8.53611456e-02
115.097 8.53475754e-02
115.117 8.53340085e-02
115.136 8.53204449e-02
115.155 8.53068846e-02
115.174 8.52933276e-02
115.193 8.52797739e-02
115.212 8.52662236e-02
115.232 8.52526765e-02
115.251 8.52391327e-02
115.27 8.52255922e-02
115.289 8.52120550e-02
115.308 8.51985211e-02
115.328 8.51849905e-02
115.347 8.51714632e-02
115.366 8.51579392e-02
115.385 8.51444185e-02
115.404 8.51309010e-02
115.423 8.51173869e-02
115.443 8.51038760e-02
115.462 8.50903685e-02
115.481 8.50768642e-02
115.5 8.50633632e-02
115.519 8.50498654e-02
115.539 8.50363710e-02
115.558 8.50228798e-02
115.577 8.50093920e-02
115.596 8.49959074e-02
115.615 8.49824260e-02
115.634 8.49689480e-02
115.654 8.49554732e-02
115.673 8.49420017e-02
115.692 8.49285335e-02
115.711 8.49150685e-02
115.73 8.49016068e-02
115.75 8.48881484e-02
115.769 8.48746932e-02
115.788 8.48612413e-02
115.807 8.48477928e-02
115.826 8.48343474e-02
115.846 8.48209053e-02
115.865 8.48074664e-02
115.884 8.47940309e-02
115.903 8.47805986e-02
115.922 8.47671695e-02
115.941 8.47537437e-02
115.961 8.47403211e-02
115.98 8.47269019e-02
115.999 8.47134858e-02
116.019 8.47000730e-02
116.037 8.46866635e-02
116.057 8.46732572e-02
116.075 8.46598542e-02
116.095 8.46464544e-02
116.114 8.46330579e-02
116.133 8.46196646e-02
116.152 8.46062745e-02
116.172 8.45928877e-02
116.191 8.45795041e-02
116.21 8.45661238e-02
116.23 8.45527467e-02
116.248 8.45393729e-02
116.268 8.45260023e-02
116.287 8.45126349e-02
116.306 8.44992708e-02
116.325 8.44859099e-02
116.345 8.44725522e-02
116.363 8.44591978e-02
116.383 8.44458466e-02
116.401 8.44324986e-02
116.421 8.44191538e-02
116.441 8.44058123e-02
116.459 8.43924741e-02
116.479 8.43791390e-02
116.498 8.43658071e-02
116.517 8.43524785e-02
116.536 8.43391531e-02
116.556 8.43258309e-02
116.574 8.43125119e-02
116.594 8.42991962e-02
116.612 8.42858836e-02
116.632 8.42725743e-02
116.651 8.42592683e-02
116.67 8.42459654e-02
116.689 8.42326657e-02
116.709 8.42193692e-02
116.728 8.42060760e-02
116.747 8.41927859e-02
116.767 8.41794991e-02
116.785 8.41662155e-02
116.805 8.41529350e-02
116.824 8.41396578e-02
116.843 8.41263839e-02
116.862 8.41131130e-02
116.882 8.40998454e-02
116.9 8.40865810e-02
116.92 8.40733198e-02
116.938 8.40600617e-02
116.958 8.40468069e-02
116.978 8.40335553e-02
116.996 8.40203069e-02
117.016 8.40070617e-02
117.035 8.39938196e-02
117.054 8.39805808e-02
117.073 8.39673451e-02
117.093 8.39541126e-02
117.111 8.39408834e-02
117.131 8.39276573e-02
117.15 8.39144344e-02
117.169 8.39012146e-02
117.188 8.38879981e-02
117.208 8.38747847e-02
117.227 8.38615746e-02
117.246 8.38483675e-02
117.266 8.38351637e-02
117.284 8.38219631e-02
117.304 8.38087656e-02
117.322 8.37955713e-02
117.342 8.37823802e-02
117.361 8.37691923e-02
117.38 8.37560075e-02
117.399 8.37428259e-02
117.419 8.37296475e-02
117.437 8.37164722e-02
117.457 8.37033001e-02
117.477 8.36901312e-02
117.495 8.36769654e-02
117.515 8.36638028e-02
117.534 8.36506434e-02
117.553 8.36374871e-02
117.572 8.36243340e-02
117.592 8.36111841e-02
117.61 8.35980373e-02
117.63 8.35848936e-02
117.648 8.35717532e-02
117.668 8.35586159e-02
117.687 8.35454817e-02
117.706 8.35323507e-02
117.725 8.35192228e-02
117.745 8.35060981e-02
117.764 8.34929765e-02
117.783 8.34798581e-02
117.803 8.34667429e-02
117.821 8.34536308e-02
117.841 8.34405218e-02
117.859 8.34274160e-02
117.879 8.34143133e-02
117.898 8.34012138e-02
117.917 8.33881174e-02
117.936 8.33750241e-02
117.956 8.33619340e-02
117.974 8.33488470e-02
117.994 8.33357632e-02
118.014 8.33226825e-02
118.032 8.33096049e-02
118.052 8.32965305e-02
118.071 8.32834592e-02
118.09 8.32703910e-02
118.109 8.32573260e-02
118.129 8.32442641e-02
118.147 8.32312053e-02
118.167 8.32181496e-02
118.185 8.32050971e-02
118.205 8.31920477e-02
118.224 8.31790014e-02
118.243 8.31659583e-02
118.263 8.31529183e-02
118.282 8.31398814e-02
118.301 8.31268475e-02
118.32 8.31138169e-02
118.34 8.31007894e-02
118.358 8.30877649e-02
118.378 8.30747436e-02
118.397 8.30617253e-02
118.416 8.30487103e-02
118.435 8.30356983e-02
118.455 8.30226894e-02
118.473 8.30096837e-02
118.493 8.29966810e-02
118.511 8.29836815e-02
118.531 8.29706851e-02
118.551 8.29576917e-02
118.569 8.29447015e-02
118.589 8.29317144e-02
118.608 8.29187303e-02
118.627 8.29057495e-02
118.646 8.28927717e-02
118.666 8.28797969e-02
118.684 8.28668253e-02
118.704 8.28538568e-02
118.723 8.28408914e-02
118.742 8.28279290e-02
118.761 8.28149698e-02
118.781 8.28020137e-02
118.8 8.27890606e-02
118.819 8.27761106e-02
118.839 8.27631638e-02
118.857 8.27502200e-02
118.877 8.27372794e-02
118.895 8.27243417e-02
118.915 8.27114072e-02
118.934 8.26984757e-02
118.953 8.26855474e-02
118.972 8.26726222e-02
118.992 8.26597000e-02
119.01 8.26467809e-02
119.03 8.26338649e-02
119.05 8.26209519e-02
119.068 8.26080420e-02
119.088 8.25951353e-02
119.106 8.25822315e-02
119.126 8.25693309e-02
119.145 8.25564333e-02
119.164 8.25435388e-02
119.183 8.25306474e-02
119.203 8.25177591e-02
119.221 8.25048738e-02
119.241 8.24919915e-02
119.26 8.24791124e-02
119.279 8.24662363e-02
119.299 8.24533633e-02
119.318 8.24404933e-02
119.337 8.24276265e-02
119.356 8.24147626e-02
119.376 8.24019019e-02
119.394 8.23890442e-02
119.414 8.23761895e-02
119.432 8.23633379e-02
119.452 8.23504893e-02
119.471 8.23376439e-02
119.49 8.23248015e-02
119.509 8.23119621e-02
119.529 8.22991257e-02
119.547 8.22862925e-02
119.567 8.22734623e-02
119.587 8.22606351e-02
119.605 8.22478110e-02
119.625 8.22349899e-02
119.644 8.22221718e-02
119.663 8.22093568e-02
119.682 8.21965450e-02
119.702 8.21837361e-02
119.72 8.21709302e-02
119.74 8.21581274e-02
119.758 8.21453276e-02
119.778 8.21325308e-02
119.797 8.21197372e-02
119.816 8.21069465e-02
119.836 8.20941589e-02
119.855 8.20813743e-02
119.874 8.20685927e-02
119.893 8.20558142e-02
119.913 8.20430387e-02
119.931 8.20302663e-02
119.951 8.20174968e-02
119.97 8.20047304e-02
119.989 8.19919670e-02
120.008 8.19792067e-02
120.028 8.19664494e-02
120.046 8.19536951e-02
120.066 8.19409438e-02
120.086 8.19281956e-02
120.104 8.19154503e-02
120.124 8.19027081e-02
120.142 8.18899689e-02
120.162 8.18772328e-02
120.181 8.18644996e-02
120.2 8.18517695e-02
120.219 8.18390424e-02
120.239 8.18263183e-02
120.257 8.18135972e-02
120.277 8.18008791e-02
120.295 8.17881640e-02
120.315 8.17754520e-02
120.335 8.17627429e-02
120.353 8.17500369e-02
120.373 8.17373339e-02
120.392 8.17246338e-02
120.411 8.17119368e-02
120.43 8.16992428e-02
120.45 8.16865517e-02
120.468 8.16738637e-02
120.488 8.16611787e-02
120.507 8.16484967e-02
120.526 8.16358177e-02
120.545 8.16231417e-02
120.565 8.16104687e-02
120.583 8.15977986e-02
120.603 8.15851316e-02
120.623 8.15724676e-02
120.641 8.15598066e-02
120.661 8.15471485e-02
120.679 8.15344934e-02
120.699 8.15218414e-02
120.718 8.15091923e-02
120.737 8.14965462e-02
120.756 8.14839031e-02
120.776 8.14712630e-02
120.794 8.14586259e-02
120.814 8.14459917e-02
120.833 8.14333606e-02
120.852 8.14207324e-02
120.872 8.14081072e-02
120.891 8.13954850e-02
120.91 8.13828657e-02
120.929 8.13702495e-02
120.949 8.13576362e-02
120.967 8.13450259e-02
120.987 8.13324186e-02
121.005 8.13198142e-02
121.025 8.13072128e-02
121.044 8.12946144e-02
121.063 8.12820190e-02
121.082 8.12694265e-02
121.102 8.12568370e-02
121.121 8.12442505e-02
121.14 8.12316669e-02
121.16 8.12190863e-02
121.178 8.12065087e-02
121.198 8.11939340e-02
121.217 8.11813623e-02
121.236 8.11687936e-02
121.255 8.11562278e-02
121.275 8.11436650e-02
121.293 8.11311051e-02
121.313 8.11185482e-02
121.331 8.11059943e-02
121.351 8.10934433e-02
121.371 8.10808953e-02
121.389 8.10683502e-02
121.409 8.10558080e-02
121.428 8.10432689e-02
121.447 8.10307326e-02
121.466 8.10181994e-02
121.486 8.10056691e-02
121.504 8.09931417e-02
121.524 8.09806172e-02
121.542 8.09680958e-02
121.562 8.09555772e-02
121.581 8.09430617e-02
121.6 8.09305490e-02
121.619 8.09180393e-02
121.639 8.09055326e-02
121.658 8.08930287e-02
121.677 8.08805278e-02
121.697 8.08680299e-02
121.715 8.08555349e-02
121.735 8.08430428e-02
121.754 8.08305537e-02
121.773 8.08180675e-02
121.792 8.08055842e-02
121.812 8.07931039e-02
121.83 8.07806265e-02
121.85 8.07681521e-02
121.868 8.07556805e-02
121.888 8.07432119e-02
121.908 8.07307462e-02
121.926 8.07182835e-02
121.946 8.07058236e-02
121.965 8.06933668e-02
121.984 8.06809128e-02
122.003 8.06684617e-02
122.023 8.06560136e-02
122.041 8.06435684e-02
122.061 8.06311261e-02
122.08 8.06186867e-02
122.099 8.06062503e-02
122.118 8.05938167e-02
122.138 8.05813861e-02
122.157 8.05689585e-02
122.176 8.05565336e-02
122.196 8.05441118e-02
122.214 8.05316928e-02
122.234 8.05192768e-02
122.252 8.05068636e-02
122.272 8.04944534e-02
122.291 8.04820461e-02
122.31 8.04696417e-02
122.329 8.04572402e-02
122.349 8.04448416e-02
122.367 8.04324459e-02
122.387 8.04200531e-02
122.407 8.04076632e-02
122.425 8.03952762e-02
122.445 8.03828921e-02
122.464 8.03705109e-02
122.483 8.03581327e-02
122.502 8.03457573e-02
122.522 8.03333848e-02
122.54 8.03210152e-02
122.56 8.03086485e-02
122.578 8.02962847e-02
122.598 8.02839238e-02
122.617 8.02715658e-02
122.636 8.02592107e-02
122.655 8.02468584e-02
122.675 8.02345091e-02
122.694 8.02221626e-02
122.713 8.02098191e-02
122.733 8.01974784e-02
122.751 8.01851406e-02
122.771 8.01728057e-02
122.789 8.01604736e-02
122.809 8.01481445e-02
122.828 8.01358182e-02
122.847 8.01234949e-02
122.866 8.01111744e-02
122.886 8.00988567e-02
122.904 8.00865420e-02
122.924 8.00742302e-02
122.944 8.00619212e-02
122.962 8.00496151e-02
122.982 8.00373118e-02
123.001 8.00250114e-02
123.02 8.00127140e-02
123.039 8.00004194e-02
123.059 7.99881276e-02
123.077 7.99758387e-02
123.097 7.99635527e-02
123.115 7.99512696e-02
123.135 7.99389893e-02
123.154 7.99267119e-02
123.173 7.99144373e-02
123.193 7.99021657e-02
123.212 7.98898969e-02
123.231 7.98776309e-02
123.25 7.98653678e-02
123.27 7.98531076e-02
123.288 7.98408502e-02
123.308 7.98285957e-02
123.327 7.98163440e-02
123.346 7.98040952e-02
123.365 7.97918493e-02
123.385 7.97796062e-02
123.403 7.97673660e-02
123.423 7.97551286e-02
123.443 7.97428941e-02
123.461 7.97306624e-02
123.481 7.97184336e-02
123.499 7.97062076e-02
123.519 7.96939845e-02
123.538 7.96817642e-02
123.557 7.96695468e-02
123.576 7.96573322e-02
123.596 7.96451204e-02
123.614 7.96329116e-02
123.634 7.96207055e-02
123.653 7.96085022e-02
123.672 7.95963019e-02
123.691 7.95841044e-02
123.711 7.95719097e-02
123.73 7.95597178e-02
123.749 7.95475288e-02
123.769 7.95353426e-02
123.787 7.95231593e-02
123.807 7.95109787e-02
123.825 7.94988010e-02
123.845 7.94866262e-02
123.864 7.94744542e-02
123.883 7.94622850e-02
123.902 7.94501186e-02
123.922 7.94379552e-02
123.94 7.94257945e-02
123.96 7.94136366e-02
123.98 7.94014815e-02
123.998 7.93893293e-02
124.018 7.93771799e-02
124.036 7.93650333e-02
124.056 7.93528896e-02
124.075 7.93407486e-02
124.094 7.93286106e-02
124.113 7.93164753e-02
124.133 7.93043428e-02
124.151 7.92922132e-02
124.171 7.92800863e-02
124.19 7.92679623e-02
124.209 7.92558411e-02
124.229 7.92437227e-02
124.248 7.92316072e-02
124.267 7.92194944e-02
124.286 7.92073844e-02
124.306 7.91952773e-02
124.324 7.91831730e-02
124.344 7.91710715e-02
124.362 7.91589728e-02
124.382 7.91468769e-02
124.401 7.91347838e-02
124.42 7.91226935e-02
124.439 7.91106060e-02
124.459 7.90985213e-02
124.478 7.90864394e-02
124.497 7.90743604e-02
124.517 7.90622840e-02
124.535 7.90502106e-02
124.555 7.90381399e-02
124.574 7.90260720e-02
124.593 7.90140070e-02
124.612 7.90019447e-02
124.632 7.89898852e-02
124.65 7.89778285e-02
124.67 7.89657745e-02
124.688 7.89537234e-02
124.708 7.89416751e-02
124.727 7.89296296e-02
124.746 7.89175868e-02
124.766 7.89055469e-02
124.785 7.88935097e-02
124.804 7.88814754e-02
124.823 7.88694438e-02
124.843 7.88574150e-02
124.861 7.88453890e-02
124.881 7.88333657e-02
124.9 7.88213453e-02
124.919 7.88093276e-02
124.938 7.87973127e-02
124.958 7.87853006e-02
124.976 7.87732913e-02
124.996 7.87612847e-02
125.016 7.87492809e-02
125.034 7.87372800e-02
125.054 7.87252817e-02
125.072 7.87132863e-02
125.092 7.87012936e-02
125.111 7.86893037e-02
125.13 7.86773166e-02
125.149 7.86653322e-02
125.169 7.86533506e-02
125.187 7.86413718e-02
125.207 7.86293957e-02
125.225 7.86174225e-02
125.245 7.86054520e-02
125.265 7.85934842e-02
125.283 7.85815192e-02
125.303 7.85695570e-02
125.322 7.85575976e-02
125.341 7.85456409e-02
125.36 7.85336869e-02
125.38 7.85217357e-02
125.398 7.85097873e-02
125.418 7.84978417e-02
125.437 7.84858988e-02
125.456 7.84739587e-02
125.475 7.84620213e-02
125.495 7.84500866e-02
125.513 7.84381548e-02
125.533 7.84262256e-02
125.553 7.84142993e-02
125.571 7.84023757e-02
125.591 7.83904548e-02
125.609 7.83785367e-02
125.629 7.83666213e-02
125.648 7.83547087e-02
125.667 7.83427988e-02
125.686 7.83308917e-02
125.706 7.83189873e-02
125.724 7.83070857e-02
125.744 7.82951868e-02
125.763 7.82832906e-02
125.782 7.82713972e-02
125.802 7.82595066e-02
125.821 7.82476187e-02
125.84 7.82357335e-02
125.859 7.82238510e-02
125.879 7.82119713e-02
125.897 7.82000943e-02
125.917 7.81882201e-02
125.935 7.81763486e-02
125.955 7.81644798e-02
125.974 7.81526138e-02
125.993 7.81407505e-02
126.012 7.81288899e-02
126.032 7.81170321e-02
126.051 7.81051770e-02
126.07 7.80933246e-02
126.09 7.80814750e-02
126.108 7.80696280e-02
126.128 7.80577838e-02
126.147 7.80459424e-02
126.166 7.80341036e-02
126.185 7.80222676e-02
126.205 7.80104343e-02
126.223 7.79986037e-02
126.243 7.79867758e-02
126.261 7.79749507e-02
126.281 7.79631283e-02
126.301 7.79513086e-02
126.319 7.79394916e-02
126.339 7.79276773e-02
126.358 7.79158658e-02
126.377 7.79040570e-02
126.396 7.78922508e-02
126.416 7.78804474e-02
126.434 7.78686467e-02
126.454 7.78568487e-02
126.472 7.78450535e-02
126.492 7.78332609e-02
126.511 7.78214711e-02
126.53 7.78096839e-02
126.549 7.77978995e-02
126.569 7.77861177e-02
126.588 7.77743387e-02
126.607 7.77625624e-02
126.627 7.77507888e-02
126.645 7.77390179e-02
126.665 7.77272497e-02
126.684 7.77154841e-02
126.703 7.77037213e-02
126.722 7.76919612e-02
126.742 7.76802038e-02
126.76 7.76684491e-02
126.78 7.76566971e-02
126.798 7.76449477e-02
126.818 7.76332011e-02
126.838 7.76214572e-02
126.856 7.76097160e-02
126.876 7.75979774e-02
126.895 7.75862416e-02
126.914 7.75745084e-02
126.933 7.75627780e-02
126.953 7.75510502e-02
126.971 7.75393250e-02
126.991 7.75276026e-02
127.01 7.75158829e-02
127.029 7.75041659e-02
127.048 7.74924516e-02
127.068 7.74807399e-02
127.087 7.74690309e-02
127.106 7.74573246e-02
127.126 7.74456210e-02
127.144 7.74339201e-02
127.164 7.74222218e-02
127.182 7.74105262e-02
127.202 7.73988333e-02
127.221 7.73871431e-02
127.24 7.73754556e-02
127.259 7.73637707e-02
127.279 7.73520885e-02
127.297 7.73404090e-02
127.317 7.73287322e-02
127.337 7.73170580e-02
127.355 7.73053865e-02
127.375 7.72937176e-02
127.394 7.72820515e-02
127.413 7.72703880e-02
127.432 7.72587272e-02
127.452 7.72470690e-02
127.47 7.72354135e-02
127.49 7.72237607e-02
127.508 7.72121106e-02
127.528 7.72004631e-02
127.547 7.71888182e-02
127.566 7.71771760e-02
127.585 7.71655365e-02
127.605 7.71538997e-02
127.624 7.71422655e-02
127.643 7.71306340e-02
127.663 7.71190051e-02
127.681 7.71073789e-02
127.701 7.70957553e-02
127.719 7.70841345e-02
127.739 7.70725162e-02
127.758 7.70609006e-02
127.777 7.70492877e-02
127.796 7.70376774e-02
127.816 7.70260698e-02
127.834 7.70144648e-02
127.854 7.70028625e-02
127.874 7.69912628e-02
127.892 7.69796657e-02
127.912 7.69680713e-02
127.931 7.69564796e-02
127.95 7.69448905e-02
127.969 7.69333041e-02
127.989 7.69217202e-02
128.007 7.69101391e-02
128.027 7.68985606e-02
128.045 7.68869847e-02
128.065 7.68754114e-02
128.084 7.68638408e-02
128.103 7.68522729e-02
128.123 7.68407076e-02
128.142 7.68291449e-02
128.161 7.68175848e-02
128.18 7.68060274e-02
128.2 7.67944726e-02
128.218 7.67829205e-02
128.238 7.67713710e-02
128.257 7.67598241e-02
128.276 7.67482799e-02
128.295 7.67367382e-02
128.315 7.67251993e-02
128.333 7.67136629e-02
128.353 7.67021292e-02
128.373 7.66905981e-02
128.391 7.66790696e-02
128.411 7.66675437e-02
128.429 7.66560205e-02
128.449 7.66444999e-02
128.468 7.66329819e-02
128.487 7.66214666e-02
128.506 7.66099539e-02
128.526 7.65984437e-02
128.544 7.65869363e-02
128.564 7.65754314e-02
128.583 7.65639291e-02
128.602 7.65524295e-02
128.621 7.65409325e-02
128.641 7.65294381e-02
128.66 7.65179463e-02
128.679 7.65064571e-02
128.699 7.64949706e-02
128.717 7.64834866e-02
128.737 7.64720053e-02
128.755 7.64605266e-02
128.775 7.64490505e-02
128.794 7.64375770e-02
128.813 7.64261061e-02
128.832 7.64146378e-02
128.852 7.64031721e-02
128.87 7.63917090e-02
128.89 7.63802486e-02
128.91 7.63687907e-02
128.928 7.63573355e-02
128.948 7.63458828e-02
128.966 7.63344327e-02
128.986 7.63229853e-02
129.005 7.63115404e-02
129.024 7.63000982e-02
129.043 7.62886585e-02
129.063 7.62772214e-02
129.081 7.62657870e-02
129.101 7.62543552e-02
129.12 7.62429259e-02
129.139 7.62314992e-02
129.159 7.62200752e-02
129.178 7.62086537e-02
129.197 7.61972348e-02
129.216 7.61858185e-02
129.236 7.61744048e-02
129.254 7.61629936e-02
129.274 7.61515851e-02
129.292 7.61401792e-02
129.312 7.61287758e-02
129.331 7.61173751e-02
129.35 7.61059769e-02
129.369 7.60945813e-02
129.389 7.60831883e-02
129.408 7.60717979e-02
129.427 7.60604100e-02
129.447 7.60490248e-02
129.465 7.60376421e-02
129.485 7.60262620e-02
129.504 7.60148845e-02
129.523 7.60035096e-02
129.542 7.59921372e-02
129.562 7.59807674e-02
129.58 7.59694002e-02
129.6 7.59580355e-02
129.618 7.59466735e-02
129.638 7.59353140e-02
129.657 7.59239571e-02
129.676 7.59126027e-02
129.696 7.59012510e-02
129.715 7.58899018e-02
129.734 7.58785552e-02
129.753 7.58672111e-02
129.773 7.58558696e-02
129.791 7.58445307e-02
129.811 7.58331944e-02
129.83 7.58218606e-02
129.849 7.58105294e-02
129.868 7.57992007e-02
129.888 7.57878746e-02
129.906 7.57765511e-02
129.926 7.57652301e-02
129.946 7.57539117e-02
129.964 7.57425959e-02
129.984 7.57312825e-02
130.002 7.57199719e-02
130.022 7.57086637e-02
130.041 7.56973581e-02
130.06 7.56860550e-02
130.079 7.56747545e-02
130.099 7.56634566e-02
130.117 7.56521612e-02
130.137 7.56408683e-02
130.155 7.56295781e-02
130.175 7.56182903e-02
130.195 7.56070052e-02
130.213 7.55957225e-02
130.233 7.55844424e-02
130.252 7.55731649e-02
130.271 7.55618899e-02
130.29 7.55506175e-02
130.31 7.55393476e-02
130.328 7.55280802e-02
130.348 7.55168155e-02
130.367 7.55055532e-02
130.386 7.54942935e-02
130.405 7.54830363e-02
130.425 7.54717817e-02
130.444 7.54605296e-02
130.463 7.54492801e-02
130.483 7.54380331e-02
130.501 7.54267886e-02
130.521 7.54155467e-02
130.539 7.54043073e-02
130.559 7.53930704e-02
130.578 7.53818361e-02
130.597 7.53706043e-02
130.616 7.53593751e-02
130.636 7.53481483e-02
130.654 7.53369241e-02
130.674 7.53257025e-02
130.693 7.53144834e-02
130.712 7.53032668e-02
130.732 7.52920527e-02
130.751 7.52808412e-02
130.77 7.52696321e-02
130.789 7.52584256e-02
130.809 7.52472217e-02
130.827 7.52360203e-02
130.847 7.52248213e-02
130.865 7.52136250e-02
130.885 7.52024311e-02
130.904 7.51912397e-02
130.923 7.51800510e-02
130.942 7.51688647e-02
130.962 7.51576809e-02
130.981 7.51464996e-02
131 7.51353209e-02
131.02 7.51241447e-02
131.038 7.51129710e-02
131.058 7.51017998e-02
131.077 7.50906311e-02
131.096 7.50794650e-02
131.115 7.50683013e-02
131.135 7.50571401e-02
131.153 7.50459815e-02
131.173 7.50348254e-02
131.191 7.50236718e-02
131.211 7.50125208e-02
131.231 7.50013722e-02
131.249 7.49902261e-02
131.269 7.49790825e-02
131.288 7.49679415e-02
131.307 7.49568029e-02
131.326 7.49456669e-02
131.346 7.49345333e-02
131.364 7.49234023e-02
131.384 7.49122738e-02
131.402 7.49011477e-02
131.422 7.48900242e-02
131.441 7.48789032e-02
131.46 7.48677847e-02
131.479 7.48566686e-02
131.499 7.48455551e-02
131.518 7.48344440e-02
131.537 7.48233355e-02
131.557 7.48122295e-02
131.575 7.48011259e-02
131.595 7.47900248e-02
131.614 7.47789263e-02
131.633 7.47678303e-02
131.652 7.47567367e-02
131.672 7.47456456e-02
131.69 7.47345570e-02
131.71 7.47234709e-02
131.728 7.47123873e-02
131.748 7.47013062e-02
131.768 7.46902275e-02
131.786 7.46791514e-02
131.806 7.46680777e-02
131.825 7.46570066e-02
131.844 7.46459378e-02
131.863 7.46348716e-02
131.883 7.46238079e-02
131.901 7.46127467e-02
131.921 7.46016879e-02
131.94 7.45906317e-02
131.959 7.45795778e-02
131.978 7.45685265e-02
131.998 7.45574777e-02
132.017 7.45464313e-02
132.036 7.45353874e-02
132.056 7.45243460e-02
132.074 7.45133071e-02
132.094 7.45022706e-02
132.112 7.44912366e-02
132.132 7.44802051e-02
132.151 7.44691761e-02
132.17 7.44581495e-02
132.189 7.44471254e-02
132.209 7.44361038e-02
132.227 7.44250846e-02
132.247 7.44140680e-02
132.267 7.44030537e-02
132.285 7.43920420e-02
132.305 7.43810327e-02
132.324 7.43700259e-02
132.343 7.43590215e-02
132.362 7.43480196e-02
132.382 7.43370202e-02
132.4 7.43260232e-02
132.42 7.43150287e-02
132.438 7.43040367e-02
132.458 7.42930471e-02
132.477 7.42820600e-02
132.496 7.42710753e-02
132.515 7.42600931e-02
132.535 7.42491134e-02
132.554 7.42381361e-02
132.573 7.42271612e-02
132.593 7.42161889e-02
132.611 7.42052190e-02
132.631 7.41942515e-02
132.649 7.41832865e-02
132.669 7.41723239e-02
132.688 7.41613638e-02
132.707 7.41504061e-02
132.726 7.41394510e-02
132.746 7.41284982e-02
132.764 7.41175479e-02
132.784 7.41066000e-02
132.804 7.40956546e-02
132.822 7.40847116e-02
132.842 7.40737711e-02
132.861 7.40628330e-02
132.88 7.40518973e-02
132.899 7.40409642e-02
132.919 7.40300334e-02
132.937 7.40191051e-02
132.957 7.40081793e-02
132.975 7.39972558e-02
132.995 7.39863348e-02
133.014 7.39754163e-02
133.033 7.39645002e-02
133.053 7.39535865e-02
133.072 7.39426753e-02
133.091 7.39317665e-02
133.11 7.39208601e-02
133.13 7.39099562e-02
133.148 7.38990547e-02
133.168 7.38881556e-02
133.187 7.38772590e-02
133.206 7.38663648e-02
133.225 7.38554730e-02
133.245 7.38445837e-02
133.263 7.38336968e-02
133.283 7.38228124e-02
133.303 7.38119303e-02
133.321 7.38010506e-02
133.341 7.37901734e-02
133.359 7.37792987e-02
133.379 7.37684264e-02
133.398 7.37575564e-02
133.417 7.37466889e-02
133.436 7.37358238e-02
133.456 7.37249612e-02
133.474 7.37141010e-02
133.494 7.37032432e-02
133.513 7.36923878e-02
133.532 7.36815348e-02
133.551 7.36706843e-02
133.571 7.36598361e-02
133.59 7.36489904e-02
133.609 7.36381471e-02
133.629 7.36273062e-02
133.647 7.36164677e-02
133.667 7.36056317e-02
133.685 7.35947980e-02
133.705 7.35839668e-02
133.724 7.35731380e-02
133.743 7.35623116e-02
133.762 7.35514876e-02
133.782 7.35406660e-02
133.8 7.35298468e-02
133.82 7.35190301e-02
133.84 7.35082157e-02
133.858 7.34974037e-02
133.878 7.34865942e-02
133.896 7.34757870e-02
133.916 7.34649823e-02
133.935 7.34541800e-02
133.954 7.34433800e-02
133.973 7.34325825e-02
133.993 7.34217874e-02
134.011 7.34109947e-02
134.031 7.34002043e-02
134.05 7.33894164e-02
134.069 7.33786309e-02
134.089 7.33678477e-02
134.108 7.33570670e-02
134.127 7.33462887e-02
134.146 7.33355127e-02
134.166 7.33247392e-02
134.184 7.33139680e-02
134.204 7.33031993e-02
134.222 7.32924329e-02
134.242 7.32816689e-02
134.261 7.32709074e-02
134.28 7.32601482e-02
134.299 7.32493914e-02
134.319 7.32386370e-02
134.338 7.32278850e-02
134.357 7.32171353e-02
134.377 7.32063881e-02
134.395 7.31956432e-02
134.415 7.31849008e-02
134.434 7.31741607e-02
134.453 7.31634230e-02
134.472 7.31526877e-02
134.492 7.31419547e-02
134.51 7.31312242e-02
134.53 7.31204960e-02
134.548 7.31097702e-02
134.568 7.30990468e-02
134.587 7.30883258e-02
134.606 7.30776071e-02
134.626 7.30668909e-02
134.645 7.30561770e-02
134.664 7.30454654e-02
134.683 7.30347563e-02
134.703 7.30240495e-02
134.721 7.30133451e-02
134.741 7.30026431e-02
134.76 7.29919435e-02
134.779 7.29812462e-02
134.798 7.29705513e-02
134.818 7.29598588e-02
134.836 7.29491686e-02
134.856 7.29384808e-02
134.876 7.29277954e-02
134.894 7.29171124e-02
134.914 7.29064317e-02
134.932 7.28957534e-02
134.952 7.28850774e-02
134.971 7.28744038e-02
134.99 7.28637326e-02
135.009 7.28530637e-02
135.029 7.28423972e-02
135.047 7.28317331e-02
135.067 7.28210713e-02
135.085 7.28104119e-02
135.105 7.27997549e-02
135.125 7.27891002e-02
135.143 7.27784478e-02
135.163 7.27677979e-02
135.182 7.27571503e-02
135.201 7.27465050e-02
135.22 7.27358621e-02
135.24 7.27252215e-02
135.258 7.27145833e-02
135.278 7.27039476e-02
135.297 7.26933141e-02
135.316 7.26826829e-02
135.335 7.26720541e-02
135.355 7.26614277e-02
135.374 7.26508036e-02
135.393 7.26401819e-02
135.413 7.26295625e-02
135.431 7.26189455e-02
135.451 7.26083308e-02
135.469 7.25977185e-02
135.489 7.25871085e-02
135.508 7.25765008e-02
135.527 7.25658956e-02
135.546 7.25552926e-02
135.566 7.25446919e-02
135.584 7.25340937e-02
135.604 7.25234978e-02
135.623 7.25129042e-02
135.642 7.25023129e-02
135.662 7.24917240e-02
135.681 7.24811375e-02
135.7 7.24705532e-02
135.719 7.24599713e-02
135.739 7.24493918e-02
135.757 7.24388146e-02
135.777 7.24282397e-02
135.795 7.24176672e-02
135.815 7.24070970e-02
135.834 7.23965291e-02
135.853 7.23859635e-02
135.872 7.23754003e-02
135.892 7.23648394e-02
135.911 7.23542809e-02
135.93 7.23437247e-02
135.95 7.23331708e-02
135.968 7.23226192e-02
135.988 7.23120700e-02
136.007 7.23015231e-02
136.026 7.22909785e-02
136.045 7.22804362e-02
136.065 7.22698964e-02
136.083 7.22593588e-02
136.103 7.22488235e-02
136.121 7.22382905e-02
136.141 7.22277599e-02
136.161 7.22172316e-02
136.179 7.22067056e-02
136.199 7.21961819e-02
136.218 7.21856606e-02
136.237 7.21751415e-02
136.256 7.21646248e-02
136.276 7.21541105e-02
136.294 7.21435984e-02
136.314 7.21330886e-02
136.332 7.21225812e-02
136.352 7.21120761e-02
136.371 7.21015733e-02
136.39 7.20910728e-02
136.41 7.20805746e-02
136.429 7.20700787e-02
136.448 7.20595852e-02
136.467 7.20490939e-02
136.487 7.20386049e-02
136.505 7.20281183e-02
136.525 7.20176340e-02
136.544 7.20071520e-02
136.563 7.19966723e-02
136.582 7.19861949e-02
136.602 7.19757198e-02
136.62 7.19652470e-02
136.64 7.19547766e-02
136.658 7.19443084e-02
136.678 7.19338425e-02
136.698 7.19233789e-02
136.716 7.19129177e-02
136.736 7.19024587e-02
136.755 7.18920021e-02
136.774 7.18815476e-02
136.793 7.18710956e-02
136.813 7.18606458e-02
136.831 7.18501984e-02
136.851 7.18397532e-02
136.87 7.18293103e-02
136.889 7.18188697e-02
136.908 7.18084314e-02
136.928 7.17979955e-02
136.947 7.17875618e-02
136.966 7.17771303e-02
136.986 7.17667013e-02
137.004 7.17562744e-02
137.024 7.17458499e-02
137.042 7.17354277e-02
137.062 7.17250077e-02
137.081 7.17145901e-02
137.1 7.17041747e-02
137.119 7.16937616e-02
137.139 7.16833508e-02
137.157 7.16729423e-02
137.177 7.16625361e-02
137.197 7.16521322e-02
137.215 7.16417305e-02
137.235 7.16313311e-02
137.254 7.16209341e-02
137.273 7.16105392e-02
137.292 7.16001467e-02
137.312 7.15897565e-02
137.33 7.15793685e-02
137.35 7.15689829e-02
137.368 7.15585995e-02
137.388 7.15482184e-02
137.407 7.15378395e-02
137.426 7.15274629e-02
137.446 7.15170887e-02
137.465 7.15067166e-02
137.484 7.14963469e-02
137.503 7.14859794e-02
137.523 7.14756142e-02
137.541 7.14652513e-02
137.561 7.14548907e-02
137.579 7.14445323e-02
137.599 7.14341762e-02
137.618 7.14238224e-02
137.637 7.14134708e-02
137.656 7.14031215e-02
137.676 7.13927745e-02
137.694 7.13824297e-02
137.714 7.13720873e-02
137.734 7.13617470e-02
137.752 7.13514091e-02
137.772 7.13410734e-02
137.791 7.13307399e-02
137.81 7.13204088e-02
137.829 7.13100799e-02
137.849 7.12997533e-02
137.867 7.12894288e-02
137.887 7.12791067e-02
137.905 7.12687869e-02
137.925 7.12584693e-02
137.944 7.12481539e-02
137.963 7.12378409e-02
137.983 7.12275301e-02
138.002 7.12172215e-02
138.021 7.12069152e-02
138.04 7.11966111e-02
138.06 7.11863093e-02
138.078 7.11760098e-02
138.098 7.11657125e-02
138.117 7.11554174e-02
138.136 7.11451247e-02
138.155 7.11348342e-02
138.175 7.11245459e-02
138.193 7.11142598e-02
138.213 7.11039761e-02
138.233 7.10936946e-02
138.251 7.10834153e-02
138.271 7.10731382e-02
138.289 7.10628634e-02
138.309 7.10525909e-02
138.328 7.10423206e-02
138.347 7.10320526e-02
138.366 7.10217867e-02
138.386 7.10115232e-02
138.404 7.10012619e-02
138.424 7.09910028e-02
138.443 7.09807460e-02
138.462 7.09704913e-02
138.481 7.09602390e-02
138.501 7.09499889e-02
138.52 7.09397410e-02
138.539 7.09294954e-02
138.559 7.09192520e-02
138.577 7.09090108e-02
138.597 7.08987719e-02
138.615 7.08885352e-02
138.635 7.08783008e-02
138.654 7.08680685e-02
138.673 7.08578386e-02
138.692 7.08476108e-02
138.712 7.08373853e-02
138.73 7.08271620e-02
138.75 7.08169410e-02
138.77 7.08067221e-02
138.788 7.07965055e-02
138.808 7.07862912e-02
138.826 7.07760791e-02
138.846 7.07658691e-02
138.865 7.07556615e-02
138.884 7.07454560e-02
138.903 7.07352528e-02
138.923 7.07250518e-02
138.941 7.07148530e-02
138.961 7.07046565e-02
138.98 7.06944621e-02
138.999 7.06842701e-02
139.019 7.06740801e-02
139.038 7.06638925e-02
139.057 7.06537070e-02
139.076 7.06435238e-02
139.096 7.06333428e-02
139.114 7.06231641e-02
139.134 7.06129875e-02
139.152 7.06028131e-02
139.172 7.05926410e-02
139.191 7.05824711e-02
139.21 7.05723034e-02
139.229 7.05621379e-02
139.249 7.05519747e-02
139.268 7.05418136e-02
139.287 7.05316548e-02
139.307 7.05214981e-02
139.325 7.05113437e-02
139.345 7.05011915e-02
139.364 7.04910415e-02
139.383 7.04808937e-02
139.402 7.04707482e-02
139.422 7.04606048e-02
139.44 7.04504637e-02
139.46 7.04403247e-02
139.478 7.04301880e-02
139.498 7.04200534e-02
139.517 7.04099211e-02
139.536 7.03997910e-02
139.556 7.03896630e-02
139.575 7.03795373e-02
139.594 7.03694138e-02
139.613 7.03592925e-02
139.633 7.03491734e-02
139.651 7.03390565e-02
139.671 7.03289418e-02
139.69 7.03188292e-02
139.709 7.03087189e-02
139.728 7.02986108e-02
139.748 7.02885049e-02
139.766 7.02784012e-02
139.786 7.02682997e-02
139.806 7.02582003e-02
139.824 7.02481032e-02
139.844 7.02380083e-02
139.862 7.02279155e-02
139.882 7.02178250e-02
139.901 7.02077366e-02
139.92 7.01976504e-02
139.939 7.01875665e-02
139.959 7.01774847e-02
139.977 7.01674051e-02
139.997 7.01573277e-02
140.015 7.01472525e-02
140.035 7.01371795e-02
140.055 7.01271086e-02
140.073 7.01170400e-02
140.093 7.01069735e-02
140.112 7.00969092e-02
140.131 7.00868471e-02
140.15 7.00767872e-02
140.17 7.00667295e-02
140.188 7.00566739e-02
140.208 7.00466206e-02
140.227 7.00365694e-02
140.246 7.00265204e-02
140.265 7.00164736e-02
140.285 7.00064290e-02
140.304 6.99963865e-02
140.323 6.99863462e-02
140.343 6.99763081e-02
140.361 6.99662722e-02
140.381 6.99562384e-02
140.399 6.99462069e-02
140.419 6.99361775e-02
140.438 6.99261503e-02
140.457 6.99161252e-02
140.476 6.99061023e-02
140.496 6.98960816e-02
140.514 6.98860631e-02
140.534 6.98760468e-02
140.553 6.98660326e-02
140.572 6.98560205e-02
140.592 6.98460107e-02
140.611 6.98360030e-02
140.63 6.98259975e-02
140.649 6.98159942e-02
140.669 6.98059930e-02
140.687 6.97959940e-02
140.707 6.97859972e-02
140.725 6.97760025e-02
140.745 6.97660100e-02
140.764 6.97560196e-02
140.783 6.97460315e-02
140.802 6.97360455e-02
140.822 6.97260616e-02
140.841 6.97160799e-02
140.86 6.97061003e-02
140.88 6.96961230e-02
140.898 6.96861478e-02
140.918 6.96761747e-02
140.937 6.96662038e-02
140.956 6.96562351e-02
140.975 6.96462685e-02
140.995 6.96363041e-02
141.013 6.96263418e-02
141.033 6.96163817e-02
141.051 6.96064238e-02
141.071 6.95964679e-02
141.091 6.95865143e-02
141.109 6.95765628e-02
141.129 6.95666134e-02
141.148 6.95566662e-02
141.167 6.95467212e-02
141.186 6.95367783e-02
141.206 6.95268376e-02
141.224 6.95168990e-02
141.244 6.95069625e-02
141.262 6.94970282e-02
141.282 6.94870961e-02
141.301 6.94771661e-02
141.32 6.94672382e-02
141.34 6.94573125e-02
141.359 6.94473890e-02
141.378 6.94374675e-02
141.397 6.94275483e-02
141.417 6.94176311e-02
141.435 6.94077161e-02
141.455 6.93978033e-02
141.474 6.93878926e-02
141.493 6.93779840e-02
141.512 6.93680776e-02
141.532 6.93581733e-02
141.55 6.93482711e-02
141.57 6.93383711e-02
141.588 6.93284733e-02
141.608 6.93185775e-02
141.628 6.93086839e-02
141.646 6.92987924e-02
141.666 6.92889031e-02
141.685 6.92790159e-02
141.704 6.92691308e-02
141.723 6.92592479e-02
141.743 6.92493671e-02
141.761 6.92394884e-02
141.781 6.92296119e-02
141.8 6.92197375e-02
141.819 6.92098652e-02
141.838 6.91999951e-02
141.858 6.91901270e-02
141.877 6.91802612e-02
141.896 6.91703974e-02
141.916 6.91605358e-02
141.934 6.91506762e-02
141.954 6.91408188e-02
141.972 6.91309636e-02
141.992 6.91211105e-02
142.011 6.91112595e-02
142.03 6.91014105e-02
142.049 6.90915638e-02
142.069 6.90817192e-02
142.087 6.90718767e-02
142.107 6.90620363e-02
142.127 6.90521980e-02
142.145 6.90423618e-02
142.165 6.90325278e-02
142.184 6.90226959e-02
142.203 6.90128661e-02
142.222 6.90030384e-02
142.242 6.89932128e-02
142.26 6.89833893e-02
142.28 6.89735680e-02
142.298 6.89637488e-02
142.318 6.89539317e-02
142.337 6.89441167e-02
142.356 6.89343038e-02
142.376 6.89244930e-02
142.395 6.89146843e-02
142.414 6.89048778e-02
142.433 6.88950734e-02
142.453 6.88852711e-02
142.471 6.88754708e-02
142.491 6.88656727e-02
142.509 6.88558767e-02
142.529 6.88460828e-02
142.548 6.88362910e-02
142.567 6.88265013e-02
142.586 6.88167138e-02
142.606 6.88069283e-02
142.624 6.87971450e-02
142.644 6.87873637e-02
142.664 6.87775845e-02
142.682 6.87678074e-02
142.702 6.87580325e-02
142.721 6.87482596e-02
142.74 6.87384889e-02
142.759 6.87287202e-02
142.779 6.87189537e-02
142.797 6.87091892e-02
142.817 6.86994269e-02
142.835 6.86896666e-02
142.855 6.86799085e-02
142.874 6.86701524e-02
142.893 6.86603984e-02
142.913 6.86506466e-02
142.932 6.86408968e-02
142.951 6.86311491e-02
142.97 6.86214035e-02
142.99 6.86116600e-02
143.008 6.86019186e-02
143.028 6.85921793e-02
143.047 6.85824421e-02
143.066 6.85727069e-02
143.085 6.85629739e-02
143.105 6.85532429e-02
143.123 6.85435141e-02
143.143 6.85337873e-02
143.163 6.85240626e-02
143.181 6.85143400e-02
143.201 6.85046195e-02
143.219 6.84949011e-02
143.239 6.84851847e-02
143.258 6.84754705e-02
143.277 6.84657583e-02
143.296 6.84560482e-02
143.316 6.84463402e-02
143.334 6.84366343e-02
143.354 6.84269304e-02
143.373 6.84172287e-02
143.392 6.84075290e-02
143.412 6.83978314e-02
143.431 6.83881358e-02
143.45 6.83784424e-02
143.469 6.83687510e-02
143.489 6.83590617e-02
143.507 6.83493745e-02
143.527 6.83396894e-02
143.545 6.83300063e-02
143.565 6.83203253e-02
143.584 6.83106464e-02
143.603 6.83009696e-02
143.622 6.82912948e-02
143.642 6.82816221e-02
143.66 6.82719515e-02
143.68 6.82622830e-02
143.7 6.82526165e-02
143.718 6.82429521e-02
143.738 6.82332898e-02
143.756 6.82236295e-02
143.776 6.82139713e-02
143.795 6.82043152e-02
143.814 6.81946611e-02
143.833 6.81850091e-02
143.853 6.81753591e-02
143.871 6.81657113e-02
143.891 6.81560655e-02
143.91 6.81464217e-02
143.929 6.81367801e-02
143.949 6.81271405e-02
143.968 6.81175029e-02
143.987 6.81078675e-02
144.006 6.80982341e-02
144.026 6.80886027e-02
144.044 6.80789733e-02
144.064 6.80693461e-02
144.082 6.80597209e-02
144.102 6.80500978e-02
144.121 6.80404768e-02
144.14 6.80308577e-02
144.159 6.80212408e-02
144.179 6.80116259e-02
144.198 6.80020131e-02
144.217 6.79924023e-02
144.237 6.79827936e-02
144.255 6.79731869e-02
144.275 6.79635822e-02
144.294 6.79539797e-02
144.313 6.79443791e-02
144.332 6.79347807e-02
144.352 6.79251842e-02
144.37 6.79155899e-02
144.39 6.79059976e-02
144.408 6.78964073e-02
144.428 6.78868191e-02
144.448 6.78772329e-02
144.466 6.78676488e-02
144.486 6.78580667e-02
144.505 6.78484867e-02
144.524 6.78389087e-02
144.543 6.78293328e-02
144.563 6.78197589e-02
144.581 6.78101870e-02
144.601 6.78006172e-02
144.62 6.77910494e-02
144.639 6.77814837e-02
144.658 6.77719200e-02
144.678 6.77623584e-02
144.696 6.77527989e-02
144.716 6.77432412e-02
144.736 6.77336857e-02
144.754 6.77241322e-02
144.774 6.77145808e-02
144.792 6.77050314e-02
144.812 6.76954840e-02
144.831 6.76859387e-02
144.85 6.76763954e-02
144.869 6.76668541e-02
144.889 6.76573149e-02
144.907 6.76477777e-02
144.927 6.76382426e-02
144.945 6.76287094e-02
144.965 6.76191783e-02
144.985 6.76096493e-02
145.003 6.76001222e-02
145.023 6.75905972e-02
145.042 6.75810742e-02
145.061 6.75715533e-02
145.08 6.75620344e-02
145.1 6.75525175e-02
145.118 6.75430026e-02
145.138 6.75334898e-02
145.157 6.75239790e-02
145.176 6.75144703e-02
145.195 6.75049635e-02
145.215 6.74954588e-02
145.234 6.74859561e-02
145.253 6.74764554e-02
145.273 6.74669567e-02
145.291 6.74574601e-02
145.311 6.74479655e-02
145.329 6.74384729e-02
145.349 6.74289823e-02
145.368 6.74194938e-02
145.387 6.74100073e-02
145.406 6.74005227e-02
145.426 6.73910402e-02
145.444 6.73815598e-02
145.464 6.73720813e-02
145.483 6.73626049e-02
145.502 6.73531305e-02
145.522 6.73436581e-02
145.541 6.73341877e-02
145.56 6.73247193e-02
145.579 6.73152529e-02
145.599 6.73057886e-02
145.617 6.72963262e-02
145.637 6.72868659e-02
145.655 6.72774076e-02
145.675 6.72679513e-02
145.694 6.72584970e-02
145.713 6.72490447e-02
145.732 6.72395944e-02
145.752 6.72301462e-02
145.771 6.72206999e-02
145.79 6.72112557e-02
145.81 6.72018134e-02
145.828 6.71923732e-02
145.848 6.71829350e-02
145.867 6.71734988e-02
145.886 6.71640645e-02
145.905 6.71546323e-02
145.925 6.71452021e-02
145.943 6.71357739e-02
145.963 6.71263476e-02
145.981 6.71169235e-02
146.001 6.71075013e-02
146.021 6.70980811e-02
146.039 6.70886629e-02
146.059 6.70792467e-02
146.078 6.70698325e-02
146.097 6.70604203e-02
146.116 6.70510101e-02
146.136 6.70416019e-02
146.154 6.70321957e-02
146.174 6.70227914e-02
146.192 6.70133892e-02
146.212 6.70039890e-02
146.231 6.69945908e-02
146.25 6.69851946e-02
146.27 6.69758003e-02
146.289 6.69664081e-02
146.308 6.69570178e-02
146.327 6.69476295e-02
146.347 6.69382433e-02
146.365 6.69288590e-02
146.385 6.69194767e-02
146.404 6.69100965e-02
146.423 6.69007181e-02
146.442 6.68913417e-02
146.462 6.68819674e-02
146.48 6.68725951e-02
146.5 6.68632247e-02
146.518 6.68538563e-02
146.538 6.68444900e-02
146.558 6.68351256e-02
146.576 6.68257631e-02
146.596 6.68164027e-02
146.615 6.68070443e-02
146.634 6.67976878e-02
146.653 6.67883333e-02
146.673 6.67789808e-02
146.691 6.67696302e-02
146.711 6.67602817e-02
146.73 6.67509352e-02
146.749 6.67415906e-02
146.768 6.67322479e-02
146.788 6.67229073e-02
146.807 6.67135687e-02
146.826 6.67042320e-02
146.846 6.66948973e-02
146.864 6.66855646e-02
146.884 6.66762338e-02
146.902 6.66669051e-02
146.922 6.66575783e-02
146.941 6.66482535e-02
146.96 6.66389306e-02
146.979 6.66296097e-02
146.999 6.66202908e-02
147.017 6.66109739e-02
147.037 6.66016590e-02
147.057 6.65923460e-02
147.075 6.65830349e-02
147.095 6.65737259e-02
147.114 6.65644188e-02
147.133 6.65551137e-02
147.152 6.65458106e-02
147.172 6.65365094e-02
147.19 6.65272102e-02
147.21 6.65179129e-02
147.228 6.65086176e-02
147.248 6.64993243e-02
147.267 6.64900330e-02
147.286 6.64807436e-02
147.306 6.64714562e-02
147.325 6.64621707e-02
147.344 6.64528872e-02
147.363 6.64436057e-02
147.383 6.64343261e-02
147.401 6.64250485e-02
147.421 6.64157728e-02
147.439 6.64064992e-02
147.459 6.63972274e-02
147.478 6.63879577e-02
147.497 6.63786898e-02
147.516 6.63694240e-02
147.536 6.63601601e-02
147.554 6.63508982e-02
147.574 6.63416382e-02
147.594 6.63323801e-02
147.612 6.63231240e-02
147.632 6.63138699e-02
147.651 6.63046177e-02
147.67 6.62953675e-02
147.689 6.62861192e-02
147.709 6.62768729e-02
147.727 6.62676285e-02
147.747 6.62583861e-02
147.765 6.62491457e-02
147.785 6.62399072e-02
147.804 6.62306706e-02
147.823 6.62214360e-02
147.843 6.62122033e-02
147.862 6.62029726e-02
147.881 6.61937438e-02
147.9 6.61845170e-02
147.92 6.61752921e-02
147.938 6.61660691e-02
147.958 6.61568482e-02
147.977 6.61476291e-02
147.996 6.61384120e-02
148.015 6.61291968e-02
148.035 6.61199836e-02
148.053 6.61107723e-02
148.073 6.61015630e-02
148.093 6.60923556e-02
148.111 6.60831501e-02
148.131 6.60739467e-02
148.149 6.60647451e-02
148.169 6.60555454e-02
148.188 6.60463478e-02
148.207 6.60371520e-02
148.226 6.60279581e-02
148.246 6.60187663e-02
148.264 6.60095764e-02
148.284 6.60003883e-02
148.303 6.59912022e-02
148.322 6.59820181e-02
148.342 6.59728359e-02
148.361 6.59636556e-02
148.38 6.59544772e-02
148.399 6.59453008e-02
148.419 6.59361264e-02
148.437 6.59269538e-02
148.457 6.59177832e-02
148.475 6.59086145e-02
148.495 6.58994477e-02
148.514 6.58902829e-02
148.533 6.58811200e-02
148.552 6.58719590e-02
148.572 6.58628000e-02
148.59 6.58536429e-02
148.61 6.58444876e-02
148.63 6.58353344e-02
148.648 6.58261830e-02
148.668 6.58170336e-02
148.686 6.58078861e-02
148.706 6.57987405e-02
148.725 6.57895969e-02
148.744 6.57804552e-02
148.763 6.57713154e-02
148.783 6.57621775e-02
148.801 6.57530415e-02
148.821 6.57439075e-02
148.84 6.57347753e-02
148.859 6.57256452e-02
148.879 6.57165169e-02
148.898 6.57073905e-02
148.917 6.56982661e-02
148.936 6.56891435e-02
148.956 6.56800229e-02
148.974 6.56709042e-02
148.994 6.56617874e-02
149.012 6.56526726e-02
149.032 6.56435596e-02
149.051 6.56344486e-02
149.07 6.56253395e-02
149.089 6.56162323e-02
149.109 6.56071269e-02
149.128 6.55980235e-02
149.147 6.55889221e-02
149.167 6.55798225e-02
149.185 6.55707248e-02
149.205 6.55616291e-02
149.224 6.55525353e-02
149.243 6.55434433e-02
149.262 6.55343533e-02
149.282 6.55252652e-02
149.3 6.55161790e-02
149.32 6.55070947e-02
149.338 6.54980123e-02
149.358 6.54889318e-02
149.378 6.54798532e-02
149.396 6.54707766e-02
149.416 6.54617018e-02
149.435 6.54526289e-02
149.454 6.54435580e-02
149.473 6.54344889e-02
149.493 6.54254217e-02
149.511 6.54163564e-02
149.531 6.54072931e-02
149.55 6.53982316e-02
149.569 6.53891720e-02
149.588 6.53801144e-02
149.608 6.53710586e-02
149.626 6.53620048e-02
149.646 6.53529528e-02
149.666 6.53439027e-02
149.684 6.53348545e-02
149.704 6.53258082e-02
149.722 6.53167639e-02
149.742 6.53077214e-02
149.761 6.52986808e-02
149.78 6.52896421e-02
149.799 6.52806052e-02
149.819 6.52715703e-02
149.837 6.52625373e-02
149.857 6.52535062e-02
149.875 6.52444770e-02
149.895 6.52354496e-02
149.915 6.52264241e-02
149.933 6.52174005e-02
149.953 6.52083789e-02
149.972 6.51993591e-02
149.991 6.51903411e-02
150.01 6.51813252e-02
150.03 6.51723110e-02
150.048 6.51632987e-02
150.068 6.51542884e-02
150.087 6.51452800e-02
150.106 6.51362733e-02
150.125 6.51272686e-02
150.145 6.51182658e-02
150.164 6.51092649e-02
150.183 6.51002658e-02
150.203 6.50912686e-02
150.221 6.50822733e-02
150.241 6.50732799e-02
150.259 6.50642884e-02
150.279 6.50552988e-02
150.298 6.50463110e-02
150.317 6.50373251e-02
150.336 6.50283411e-02
150.356 6.50193589e-02
150.374 6.50103787e-02
150.394 6.50014003e-02
150.414 6.49924238e-02
150.432 6.49834492e-02
150.452 6.49744764e-02
150.471 6.49655056e-02
150.49 6.49565366e-02
150.509 6.49475694e-02
150.529 6.49386042e-02
150.547 6.49296408e-02
150.567 6.49206793e-02
150.585 6.49117196e-02
150.605 6.49027619e-02
150.624 6.48938059e-02
150.643 6.48848519e-02
150.662 6.48758998e-02
150.682 6.48669495e-02
150.701 6.48580011e-02
150.72 6.48490545e-02
150.74 6.48401098e-02
150.758 6.48311670e-02
150.778 6.48222261e-02
150.797 6.48132870e-02
150.816 6.48043497e-02
150.835 6.47954144e-02
150.855 6.47864809e-02
150.873 6.47775493e-02
150.893 6.47686195e-02
150.911 6.47596917e-02
150.931 6.47507656e-02
150.951 6.47418414e-02
150.969 6.47329191e-02
150.989 6.47239986e-02
151.008 6.47150801e-02
151.027 6.47061633e-02
151.046 6.46972484e-02
151.066 6.46883354e-02
151.084 6.46794243e-02
151.104 6.46705150e-02
151.122 6.46616075e-02
151.142 6.46527020e-02
151.161 6.46437982e-02
151.18 6.46348964e-02
151.2 6.46259963e-02
151.219 6.46170982e-02
151.238 6.46082019e-02
151.257 6.45993074e-02
151.277 6.45904148e-02
151.295 6.45815241e-02
151.315 6.45726352e-02
151.334 6.45637481e-02
151.353 6.45548629e-02
151.372 6.45459796e-02
151.392 6.45370981e-02
151.41 6.45282184e-02
151.43 6.45193406e-02
151.45 6.45104647e-02
151.468 6.45015906e-02
151.488 6.44927184e-02
151.506 6.44838480e-02
151.526 6.44749794e-02
151.545 6.44661127e-02
151.564 6.44572479e-02
151.583 6.44483848e-02
151.603 6.44395236e-02
151.621 6.44306643e-02
151.641 6.44218068e-02
151.66 6.44129512e-02
151.679 6.44040974e-02
151.698 6.43952454e-02
151.718 6.43863953e-02
151.737 6.43775470e-02
151.756 6.43687006e-02
151.776 6.43598560e-02
151.794 6.43510132e-02
151.814 6.43421723e-02
151.832 6.43333332e-02
151.852 6.43244960e-02
151.871 6.43156606e-02
151.89 6.43068270e-02
151.909 6.42979953e-02
151.929 6.42891654e-02
151.947 6.42803373e-02
151.967 6.42715111e-02
151.987 6.42626867e-02
152.005 6.42538641e-02
152.025 6.42450434e-02
152.044 6.42362245e-02
152.063 6.42274075e-02
152.082 6.42185922e-02
152.102 6.42097788e-02
152.12 6.42009672e-02
152.14 6.41921575e-02
152.158 6.41833496e-02
152.178 6.41745435e-02
152.197 6.41657393e-02
152.216 6.41569369e-02
152.236 6.41481363e-02
152.255 6.41393375e-02
152.274 6.41305406e-02
152.293 6.41217455e-02
152.313 6.41129522e-02
152.331 6.41041607e-02
152.351 6.40953710e-02
152.369 6.40865833e-02
152.389 6.40777973e-02
152.408 6.40690131e-02
152.427 6.40602307e-02
152.446 6.40514502e-02
152.466 6.40426715e-02
152.484 6.40338947e-02
152.504 6.40251196e-02
152.524 6.40163464e-02
152.542 6.40075749e-02
152.562 6.39988054e-02
152.581 6.39900376e-02
152.6 6.39812716e-02
152.619 6.39725075e-02
152.639 6.39637452e-02
152.657 6.39549846e-02
152.677 6.39462259e-02
152.695 6.39374691e-02
152.715 6.39287140e-02
152.734 6.39199607e-02
152.753 6.39112093e-02
152.773 6.39024597e-02
152.792 6.38937119e-02
152.811 6.38849658e-02
152.83 6.38762217e-02
152.85 6.38674794e-02
152.868 6.38587388e-02
152.888 6.38500000e-02
152.907 6.38412631e-02
152.926 6.38325280e-02
152.945 6.38237946e-02
152.965 6.38150631e-02
152.983 6.38063334e-02
153.003 6.37976055e-02
153.023 6.37888795e-02
153.041 6.37801552e-02
153.061 6.37714327e-02
153.079 6.37627120e-02
153.099 6.37539932e-02
153.118 6.37452761e-02
153.137 6.37365608e-02
153.156 6.37278474e-02
153.176 6.37191357e-02
153.194 6.37104259e-02
153.214 6.37017179e-02
153.233 6.36930116e-02
153.252 6.36843072e-02
153.272 6.36756045e-02
153.291 6.36669037e-02
153.31 6.36582047e-02
153.329 6.36495074e-02
153.349 6.36408120e-02
153.367 6.36321183e-02
153.387 6.36234265e-02
153.405 6.36147364e-02
153.425 6.36060482e-02
153.444 6.35973617e-02
153.463 6.35886771e-02
153.482 6.35799942e-02
153.502 6.35713131e-02
153.52 6.35626339e-02
153.54 6.35539564e-02
153.56 6.35452807e-02
153.578 6.35366068e-02
153.598 6.35279347e-02
153.616 6.35192644e-02
153.636 6.35105959e-02
153.655 6.35019291e-02
153.674 6.34932642e-02
153.693 6.34846011e-02
153.713 6.34759397e-02
153.731 6.34672801e-02
153.751 6.34586223e-02
153.77 6.34499664e-02
153.789 6.34413122e-02
153.809 6.34326597e-02
153.828 6.34240091e-02
153.847 6.34153602e-02
153.866 6.34067132e-02
153.886 6.33980679e-02
153.904 6.33894244e-02
153.924 6.33807827e-02
153.942 6.33721428e-02
153.962 6.33635047e-02
153.981 6.33548683e-02
154 6.33462337e-02
154.019 6.33376009e-02
154.039 6.33289699e-02
154.058 6.33203407e-02
154.077 6.33117132e-02
154.097 6.33030876e-02
154.115 6.32944637e-02
154.135 6.32858415e-02
154.154 6.32772212e-02
154.173 6.32686027e-02
154.192 6.32599859e-02
154.212 6.32513709e-02
154.23 6.32427576e-02
154.25 6.32341462e-02
154.268 6.32255365e-02
154.288 6.32169286e-02
154.308 6.32083225e-02
154.326 6.31997181e-02
154.346 6.31911156e-02
154.365 6.31825147e-02
154.384 6.31739157e-02
154.403 6.31653184e-02
154.423 6.31567229e-02
154.441 6.31481292e-02
154.461 6.31395372e-02
154.48 6.31309471e-02
154.499 6.31223587e-02
154.518 6.31137720e-02
154.538 6.31051871e-02
154.556 6.30966041e-02
154.576 6.30880227e-02
154.596 6.30794431e-02
154.614 6.30708653e-02
154.634 6.30622893e-02
154.652 6.30537150e-02
154.672 6.30451425e-02
154.691 6.30365717e-02
154.71 6.30280028e-02
154.729 6.30194355e-02
154.749 6.30108701e-02
154.767 6.30023064e-02
154.787 6.29937445e-02
154.805 6.29851843e-02
154.825 6.29766259e-02
154.845 6.29680692e-02
154.863 6.29595144e-02
154.883 6.29509612e-02
154.902 6.29424099e-02
154.921 6.29338603e-02
154.94 6.29253124e-02
154.96 6.29167663e-02
154.978 6.29082220e-02
154.998 6.28996794e-02
155.017 6.28911386e-02
155.036 6.28825995e-02
155.055 6.28740622e-02
155.075 6.28655266e-02
155.094 6.28569929e-02
155.113 6.28484608e-02
155.133 6.28399305e-02
155.151 6.28314020e-02
155.171 6.28228752e-02
155.189 6.28143502e-02
155.209 6.28058269e-02
155.228 6.27973053e-02
155.247 6.27887856e-02
155.266 6.27802675e-02
155.286 6.27717512e-02
155.304 6.27632367e-02
155.324 6.27547239e-02
155.344 6.27462129e-02
155.362 6.27377036e-02
155.382 6.27291961e-02
155.401 6.27206903e-02
155.42 6.27121863e-02
155.439 6.27036839e-02
155.459 6.26951833e-02
155.477 6.26866846e-02
155.497 6.26781875e-02
155.515 6.26696922e-02
155.535 6.26611986e-02
155.554 6.26527068e-02
155.573 6.26442167e-02
155.592 6.26357284e-02
155.612 6.26272417e-02
155.631 6.26187568e-02
155.65 6.26102737e-02
155.67 6.26017923e-02
155.688 6.25933127e-02
155.708 6.25848348e-02
155.727 6.25763586e-02
155.746 6.25678842e-02
155.765 6.25594115e-02
155.785 6.25509405e-02
155.803 6.25424713e-02
155.823 6.25340039e-02
155.841 6.25255381e-02
155.861 6.25170741e-02
155.881 6.25086118e-02
155.899 6.25001512e-02
155.919 6.24916924e-02
155.938 6.24832354e-02
155.957 6.24747800e-02
155.976 6.24663264e-02
155.996 6.24578745e-02
156.014 6.24494244e-02
156.034 6.24409760e-02
156.052 6.24325293e-02
156.072 6.24240844e-02
156.091 6.24156411e-02
156.11 6.24071996e-02
156.13 6.23987599e-02
156.149 6.23903218e-02
156.168 6.23818855e-02
156.187 6.23734510e-02
156.207 6.23650181e-02
156.225 6.23565870e-02
156.245 6.23481575e-02
156.264 6.23397299e-02
156.283 6.23313040e-02
156.302 6.23228797e-02
156.322 6.23144572e-02
156.34 6.23060365e-02
156.36 6.22976174e-02
156.38 6.22892000e-02
156.398 6.22807844e-02
156.418 6.22723706e-02
156.436 6.22639584e-02
156.456 6.22555480e-02
156.475 6.22471392e-02
156.494 6.22387322e-02
156.513 6.22303269e-02
156.533 6.22219234e-02
156.551 6.22135215e-02
156.571 6.22051214e-02
156.59 6.21967230e-02
156.609 6.21883263e-02
156.628 6.21799313e-02
156.648 6.21715380e-02
156.667 6.21631465e-02
156.686 6.21547567e-02
156.706 6.21463686e-02
156.724 6.21379822e-02
156.744 6.21295975e-02
156.762 6.21212145e-02
156.782 6.21128332e-02
156.801 6.21044537e-02
156.82 6.20960758e-02
156.839 6.20876997e-02
156.859 6.20793253e-02
156.877 6.20709526e-02
156.897 6.20625816e-02
156.917 6.20542123e-02
156.935 6.20458448e-02
156.955 6.20374789e-02
156.974 6.20291147e-02
156.993 6.20207523e-02
157.012 6.20123915e-02
157.032 6.20040325e-02
157.05 6.19956752e-02
157.07 6.19873195e-02
157.088 6.19789657e-02
157.108 6.19706134e-02
157.127 6.19622629e-02
157.146 6.19539141e-02
157.166 6.19455670e-02
157.185 6.19372216e-02
157.204 6.19288779e-02
157.223 6.19205359e-02
157.243 6.19121957e-02
157.261 6.19038571e-02
157.281 6.18955202e-02
157.299 6.18871850e-02
157.319 6.18788515e-02
157.338 6.18705197e-02
157.357 6.18621896e-02
157.376 6.18538613e-02
157.396 6.18455345e-02
157.415 6.18372095e-02
157.434 6.18288863e-02
157.454 6.18205647e-02
157.472 6.18122448e-02
157.492 6.18039266e-02
157.511 6.17956101e-02
157.53 6.17872952e-02
157.549 6.17789821e-02
157.569 6.17706707e-02
157.587 6.17623609e-02
157.607 6.17540529e-02
157.625 6.17457466e-02
157.645 6.17374419e-02
157.664 6.17291389e-02
157.683 6.17208377e-02
157.703 6.17125381e-02
157.722 6.17042402e-02
157.741 6.16959440e-02
157.76 6.16876494e-02
157.78 6.16793566e-02
157.798 6.16710655e-02
157.818 6.16627761e-02
157.837 6.16544883e-02
157.856 6.16462023e-02
157.875 6.16379178e-02
157.895 6.16296351e-02
157.913 6.16213541e-02
157.933 6.16130748e-02
157.953 6.16047972e-02
157.971 6.15965212e-02
157.991 6.15882470e-02
158.009 6.15799744e-02
158.029 6.15717034e-02
158.048 6.15634342e-02
158.067 6.15551667e-02
158.086 6.15469008e-02
158.106 6.15386366e-02
158.124 6.15303741e-02
158.144 6.15221133e-02
158.163 6.15138542e-02
158.182 6.15055967e-02
158.202 6.14973409e-02
158.221 6.14890868e-02
158.24 6.14808344e-02
158.259 6.14725837e-02
158.279 6.14643346e-02
158.297 6.14560872e-02
158.317 6.14478415e-02
158.335 6.14395974e-02
158.355 6.14313551e-02
158.374 6.14231144e-02
158.393 6.14148754e-02
158.412 6.14066380e-02
158.432 6.13984024e-02
158.451 6.13901684e-02
158.47 6.13819360e-02
158.49 6.13737054e-02
158.508 6.13654764e-02
158.528 6.13572491e-02
158.546 6.13490235e-02
158.566 6.13407995e-02
158.585 6.13325772e-02
158.604 6.13243566e-02
158.623 6.13161377e-02
158.643 6.13079204e-02
158.661 6.12997047e-02
158.681 6.12914908e-02
158.7 6.12832785e-02
158.719 6.12750679e-02
158.739 6.12668589e-02
158.758 6.12586517e-02
158.777 6.12504460e-02
158.796 6.12422421e-02
158.816 6.12340398e-02
158.834 6.12258392e-02
158.854 6.12176402e-02
158.872 6.12094429e-02
158.892 6.12012473e-02
158.911 6.11930533e-02
158.93 6.11848610e-02
158.949 6.11766703e-02
158.969 6.11684813e-02
158.988 6.11602940e-02
159.007 6.11521084e-02
159.027 6.11439244e-02
159.045 6.11357420e-02
159.065 6.11275613e-02
159.084 6.11193822e-02
159.103 6.11112049e-02
159.122 6.11030292e-02
159.142 6.10948551e-02
159.16 6.10866827e-02
159.18 6.10785119e-02
159.198 6.10703428e-02
159.218 6.10621754e-02
159.238 6.10540096e-02
159.256 6.10458455e-02
159.276 6.10376830e-02
159.295 6.10295222e-02
159.314 6.10213630e-02
159.333 6.10132055e-02
159.353 6.10050496e-02
159.371 6.09968955e-02
159.391 6.09887429e-02
159.41 6.09805920e-02
159.429 6.09724427e-02
159.448 6.09642951e-02
159.468 6.09561492e-02
159.486 6.09480048e-02
159.506 6.09398622e-02
159.526 6.09317212e-02
159.544 6.09235818e-02
159.564 6.09154441e-02
159.582 6.09073080e-02
159.602 6.08991736e-02
159.621 6.08910408e-02
159.64 6.08829097e-02
159.659 6.08747802e-02
159.679 6.08666523e-02
159.697 6.08585261e-02
159.717 6.08504015e-02
159.735 6.08422787e-02
159.755 6.08341574e-02
159.775 6.08260377e-02
159.793 6.08179197e-02
159.813 6.08098034e-02
159.832 6.08016887e-02
159.851 6.07935756e-02
159.87 6.07854642e-02
159.89 6.07773544e-02
159.908 6.07692463e-02
159.928 6.07611398e-02
159.947 6.07530349e-02
159.966 6.07449316e-02
159.985 6.07368301e-02
160.005 6.07287301e-02
160.024 6.07206318e-02
160.043 6.07125351e-02
160.063 6.07044401e-02
160.081 6.06963467e-02
160.101 6.06882549e-02
160.119 6.06801647e-02
160.139 6.06720762e-02
160.158 6.06639894e-02
160.177 6.06559041e-02
160.196 6.06478205e-02
160.216 6.06397385e-02
160.234 6.06316582e-02
160.254 6.06235794e-02
160.274 6.06155023e-02
160.292 6.06074269e-02
160.312 6.05993531e-02
160.331 6.05912809e-02
160.35 6.05832103e-02
160.369 6.05751414e-02
160.389 6.05670741e-02
160.407 6.05590084e-02
160.427 6.05509444e-02
160.445 6.05428819e-02
160.465 6.05348212e-02
160.484 6.05267620e-02
160.503 6.05187044e-02
160.522 6.05106485e-02
160.542 6.05025942e-02
160.561 6.04945415e-02
160.58 6.04864905e-02
160.6 6.04784411e-02
160.618 6.04703933e-02
160.638 6.04623471e-02
160.657 6.04543025e-02
160.676 6.04462596e-02
160.695 6.04382183e-02
160.715 6.04301786e-02
160.733 6.04221405e-02
160.753 6.04141041e-02
160.771 6.04060692e-02
160.791 6.03980360e-02
160.811 6.03900044e-02
160.829 6.03819744e-02
160.849 6.03739461e-02
160.868 6.03659193e-02
160.887 6.03578942e-02
160.906 6.03498707e-02
160.926 6.03418488e-02
160.944 6.03338285e-02
160.964 6.03258099e-02
160.982 6.03177928e-02
161.002 6.03097774e-02
161.021 6.03017636e-02
161.04 6.02937514e-02
161.06 6.02857408e-02
161.079 6.02777318e-02
161.098 6.02697244e-02
161.117 6.02617187e-02
161.137 6.02537145e-02
161.155 6.02457120e-02
161.175 6.02377111e-02
161.194 6.02297118e-02
161.213 6.02217141e-02
161.232 6.02137180e-02
161.252 6.02057235e-02
161.27 6.01977306e-02
161.29 6.01897394e-02
161.31 6.01817497e-02
161.328 6.01737616e-02
161.348 6.01657752e-02
161.366 6.01577904e-02
161.386 6.01498071e-02
161.405 6.01418255e-02
161.424 6.01338455e-02
161.443 6.01258670e-02
161.463 6.01178902e-02
161.481 6.01099150e-02
161.501 6.01019414e-02
161.52 6.00939694e-02
161.539 6.00859990e-02
161.558 6.00780302e-02
161.578 6.00700630e-02
161.597 6.00620974e-02
161.616 6.00541334e-02
161.636 6.00461710e-02
161.654 6.00382102e-02
161.674 6.00302510e-02
161.692 6.00222934e-02
161.712 6.00143374e-02
161.731 6.00063830e-02
161.75 5.99984302e-02
161.769 5.99904790e-02
161.789 5.99825294e-02
161.807 5.99745814e-02
161.827 5.99666350e-02
161.847 5.99586902e-02
161.865 5.99507469e-02
161.885 5.99428053e-02
161.904 5.99348653e-02
161.923 5.99269268e-02
161.942 5.99189899e-02
161.962 5.99110547e-02
161.98 5.99031210e-02
162 5.98951889e-02
162.018 5.98872585e-02
162.038 5.98793296e-02
162.057 5.98714023e-02
162.076 5.98634766e-02
162.096 5.98555524e-02
162.115 5.98476299e-02
162.134 5.98397090e-02
162.153 5.98317896e-02
162.173 5.98238719e-02
162.191 5.98159557e-02
162.211 5.98080411e-02
162.229 5.98001281e-02
162.249 5.97922167e-02
162.268 5.97843069e-02
162.287 5.97763986e-02
162.306 5.97684920e-02
162.326 5.97605869e-02
162.345 5.97526834e-02
162.364 5.97447815e-02
162.384 5.97368812e-02
162.402 5.97289825e-02
162.422 5.97210853e-02
162.441 5.97131897e-02
162.46 5.97052957e-02
162.479 5.96974033e-02
162.499 5.96895125e-02
162.517 5.96816233e-02
162.537 5.96737356e-02
162.555 5.96658495e-02
162.575 5.96579650e-02
162.594 5.96500821e-02
162.613 5.96422007e-02
162.633 5.96343209e-02
162.652 5.96264427e-02
162.671 5.96185662e-02
162.69 5.96106911e-02
162.71 5.96028177e-02
162.728 5.95949457e-02
162.748 5.95870754e-02
162.767 5.95792067e-02
162.786 5.95713396e-02
162.805 5.95634740e-02
162.825 5.95556099e-02
162.843 5.95477475e-02
162.863 5.95398867e-02
162.883 5.95320274e-02
162.901 5.95241696e-02
162.921 5.95163135e-02
162.939 5.95084589e-02
162.959 5.95006059e-02
162.978 5.94927545e-02
162.997 5.94849046e-02
163.016 5.94770563e-02
163.036 5.94692096e-02
163.054 5.94613645e-02
163.074 5.94535209e-02
163.093 5.94456789e-02
163.112 5.94378384e-02
163.132 5.94299995e-02
163.151 5.94221622e-02
163.17 5.94143265e-02
163.189 5.94064923e-02
163.209 5.93986597e-02
163.227 5.93908286e-02
163.247 5.93829991e-02
163.265 5.93751712e-02
163.285 5.93673448e-02
163.304 5.93595200e-02
163.323 5.93516968e-02
163.342 5.93438751e-02
163.362 5.93360550e-02
163.381 5.93282365e-02
163.4 5.93204195e-02
163.42 5.93126041e-02
163.438 5.93047903e-02
163.458 5.92969779e-02
163.476 5.92891672e-02
163.496 5.92813580e-02
163.515 5.92735504e-02
163.534 5.92657443e-02
163.553 5.92579398e-02
163.573 5.92501369e-02
163.591 5.92423355e-02
163.611 5.92345356e-02
163.63 5.92267373e-02
163.649 5.92189406e-02
163.669 5.92111455e-02
163.688 5.92033518e-02
163.707 5.91955598e-02
163.726 5.91877693e-02
163.746 5.91799803e-02
163.764 5.91721929e-02
163.784 5.91644071e-02
163.802 5.91566229e-02
163.822 5.91488401e-02
163.841 5.91410589e-02
163.86 5.91332793e-02
163.879 5.91255012e-02
163.899 5.91177247e-02
163.918 5.91099497e-02
163.937 5.91021763e-02
163.957 5.90944044e-02
163.975 5.90866341e-02
163.995 5.90788653e-02
164.014 5.90710980e-02
164.033 5.90633324e-02
164.052 5.90555683e-02
164.072 5.90478057e-02
164.09 5.90400446e-02
164.11 5.90322851e-02
164.128 5.90245271e-02
164.148 5.90167707e-02
164.168 5.90090159e-02
164.186 5.90012626e-02
164.206 5.89935108e-02
164.225 5.89857606e-02
164.244 5.89780119e-02
164.263 5.89702648e-02
164.283 5.89625192e-02
164.301 5.89547751e-02
164.321 5.89470326e-02
164.34 5.89392916e-02
164.359 5.89315522e-02
164.378 5.89238143e-02
164.398 5.89160780e-02
164.417 5.89083432e-02
164.436 5.89006099e-02
164.456 5.88928781e-02
164.474 5.88851480e-02
164.494 5.88774193e-02
164.512 5.88696922e-02
164.532 5.88619666e-02
164.551 5.88542425e-02
164.57 5.88465200e-02
164.589 5.88387991e-02
164.609 5.88310796e-02
164.627 5.88233617e-02
164.647 5.88156454e-02
164.665 5.88079306e-02
164.685 5.88002172e-02
164.705 5.87925055e-02
164.723 5.87847952e-02
164.743 5.87770865e-02
164.762 5.87693794e-02
164.781 5.87616738e-02
164.8 5.87539696e-02
164.82 5.87462671e-02
164.838 5.87385661e-02
164.858 5.87308665e-02
164.877 5.87231685e-02
164.896 5.87154721e-02
164.915 5.87077772e-02
164.935 5.87000838e-02
164.954 5.86923919e-02
164.973 5.86847016e-02
164.993 5.86770128e-02
165.011 5.86693255e-02
165.031 5.86616398e-02
165.049 5.86539555e-02
165.069 5.86462728e-02
165.088 5.86385917e-02
165.107 5.86309120e-02
165.126 5.86232339e-02
165.146 5.86155573e-02
165.164 5.86078822e-02
165.184 5.86002087e-02
165.204 5.85925367e-02
165.222 5.85848661e-02
165.242 5.85771971e-02
165.261 5.85695297e-02
165.28 5.85618638e-02
165.299 5.85541993e-02
165.319 5.85465364e-02
165.337 5.85388751e-02
165.357 5.85312152e-02
165.375 5.85235569e-02
165.395 5.85159000e-02
165.414 5.85082447e-02
165.433 5.85005910e-02
165.453 5.84929387e-02
165.472 5.84852879e-02
165.491 5.84776387e-02
165.51 5.84699910e-02
165.53 5.84623448e-02
165.548 5.84547001e-02
165.568 5.84470570e-02
165.587 5.84394154e-02
165.606 5.84317752e-02
165.625 5.84241365e-02
165.645 5.84164995e-02
165.663 5.84088639e-02
165.683 5.84012298e-02
165.701 5.83935972e-02
165.721 5.83859662e-02
165.741 5.83783366e-02
165.759 5.83707086e-02
165.779 5.83630821e-02
165.798 5.83554571e-02
165.817 5.83478336e-02
165.836 5.83402116e-02
165.856 5.83325911e-02
165.874 5.83249721e-02
165.894 5.83173547e-02
165.912 5.83097387e-02
165.932 5.83021243e-02
165.951 5.82945113e-02
165.97 5.82868999e-02
165.99 5.82792900e-02
166.009 5.82716816e-02
166.028 5.82640747e-02
166.047 5.82564693e-02
166.067 5.82488654e-02
166.085 5.82412630e-02
166.105 5.82336621e-02
166.124 5.82260627e-02
166.143 5.82184648e-02
166.162 5.82108684e-02
166.182 5.82032736e-02
166.2 5.81956802e-02
166.22 5.81880883e-02
166.24 5.81804980e-02
166.258 5.81729091e-02
166.278 5.81653217e-02
166.296 5.81577359e-02
166.316 5.81501515e-02
166.335 5.81425686e-02
166.354 5.81349873e-02
166.373 5.81274074e-02
166.393 5.81198290e-02
166.411 5.81122521e-02
166.431 5.81046768e-02
166.45 5.80971029e-02
166.469 5.80895305e-02
166.488 5.80819597e-02
166.508 5.80743903e-02
166.527 5.80668223e-02
166.546 5.80592560e-02
166.566 5.80516911e-02
166.584 5.80441277e-02
166.604 5.80365657e-02
166.622 5.80290053e-02
166.642 5.80214464e-02
166.661 5.80138890e-02
166.68 5.80063331e-02
166.699 5.79987786e-02
166.719 5.79912256e-02
166.737 5.79836742e-02
166.757 5.79761242e-02
166.777 5.79685757e-02
166.795 5.79610287e-02
166.815 5.79534832e-02
166.834 5.79459392e-02
166.853 5.79383967e-02
166.872 5.79308557e-02
166.892 5.79233161e-02
166.91 5.79157781e-02
166.93 5.79082415e-02
166.948 5.79007064e-02
166.968 5.78931728e-02
166.987 5.78856407e-02
167.006 5.78781101e-02
167.026 5.78705810e-02
167.045 5.78630533e-02
167.064 5.78555271e-02
167.083 5.78480025e-02
167.103 5.78404792e-02
167.121 5.78329575e-02
167.141 5.78254373e-02
167.159 5.78179186e-02
167.179 5.78104013e-02
167.198 5.78028855e-02
167.217 5.77953712e-02
167.236 5.77878584e-02
167.256 5.77803470e-02
167.275 5.77728372e-02
167.294 5.77653288e-02
167.314 5.77578219e-02
167.332 5.77503165e-02
167.352 5.77428125e-02
167.371 5.77353101e-02
167.39 5.77278091e-02
167.409 5.77203096e-02
167.429 5.77128116e-02
167.447 5.77053150e-02
167.467 5.76978199e-02
167.485 5.76903263e-02
167.505 5.76828342e-02
167.524 5.76753435e-02
167.543 5.76678544e-02
167.563 5.76603667e-02
167.582 5.76528805e-02
167.601 5.76453957e-02
167.62 5.76379124e-02
167.64 5.76304306e-02
167.658 5.76229503e-02
167.678 5.76154715e-02
167.697 5.76079940e-02
167.716 5.76005181e-02
167.735 5.75930437e-02
167.755 5.75855707e-02
167.773 5.75780992e-02
167.793 5.75706292e-02
167.813 5.75631606e-02
167.831 5.75556936e-02
167.851 5.75482279e-02
167.869 5.75407638e-02
167.889 5.75333011e-02
167.908 5.75258399e-02
167.927 5.75183801e-02
167.946 5.75109218e-02
167.966 5.75034650e-02
167.984 5.74960097e-02
168.004 5.74885558e-02
168.023 5.74811034e-02
168.042 5.74736524e-02
168.062 5.74662029e-02
168.081 5.74587549e-02
168.1 5.74513083e-02
168.119 5.74438633e-02
168.139 5.74364196e-02
168.157 5.74289774e-02
168.177 5.74215367e-02
168.195 5.74140975e-02
168.215 5.74066597e-02
168.234 5.73992234e-02
168.253 5.73917885e-02
168.272 5.73843551e-02
168.292 5.73769232e-02
168.311 5.73694927e-02
168.33 5.73620637e-02
168.35 5.73546361e-02
168.368 5.73472100e-02
168.388 5.73397853e-02
168.406 5.73323622e-02
168.426 5.73249404e-02
168.445 5.73175202e-02
168.464 5.73101014e-02
168.483 5.73026840e-02
168.503 5.72952681e-02
168.521 5.72878536e-02
168.541 5.72804406e-02
168.56 5.72730291e-02
168.579 5.72656190e-02
168.599 5.72582104e-02
168.618 5.72508032e-02
168.637 5.72433975e-02
168.656 5.72359933e-02
168.676 5.72285904e-02
168.694 5.72211890e-02
168.714 5.72137891e-02
168.732 5.72063906e-02
168.752 5.71989937e-02
168.771 5.71915981e-02
168.79 5.71842040e-02
168.809 5.71768113e-02
168.829 5.71694201e-02
168.848 5.71620304e-02
168.867 5.71546420e-02
168.887 5.71472552e-02
168.905 5.71398697e-02
168.925 5.71324858e-02
168.944 5.71251033e-02
168.963 5.71177222e-02
168.982 5.71103426e-02
169.002 5.71029644e-02
169.02 5.70955876e-02
169.04 5.70882123e-02
169.058 5.70808385e-02
169.078 5.70734661e-02
169.098 5.70660952e-02
169.116 5.70587256e-02
169.136 5.70513576e-02
169.155 5.70439909e-02
169.174 5.70366258e-02
169.193 5.70292620e-02
169.213 5.70218997e-02
169.231 5.70145389e-02
169.251 5.70071795e-02
169.27 5.69998215e-02
169.289 5.69924649e-02
169.308 5.69851099e-02
169.328 5.69777562e-02
169.347 5.69704040e-02
169.366 5.69630532e-02
169.386 5.69557039e-02
169.404 5.69483560e-02
169.424 5.69410095e-02
169.442 5.69336645e-02
169.462 5.69263209e-02
169.481 5.69189787e-02
169.5 5.69116380e-02
169.519 5.69042988e-02
169.539 5.68969609e-02
169.557 5.68896245e-02
169.577 5.68822895e-02
169.595 5.68749560e-02
169.615 5.68676239e-02
169.635 5.68602933e-02
169.653 5.68529640e-02
169.673 5.68456362e-02
169.692 5.68383098e-02
169.711 5.68309849e-02
169.73 5.68236614e-02
169.75 5.68163393e-02
169.768 5.68090187e-02
169.788 5.68016995e-02
169.807 5.67943817e-02
169.826 5.67870653e-02
169.845 5.67797504e-02
169.865 5.67724369e-02
169.884 5.67651249e-02
169.903 5.67578142e-02
169.923 5.67505050e-02
169.941 5.67431972e-02
169.961 5.67358909e-02
169.979 5.67285859e-02
169.999 5.67212825e-02
170.018 5.67139804e-02
170.037 5.67066797e-02
170.056 5.66993805e-02
170.076 5.66920827e-02
170.094 5.66847864e-02
170.114 5.66774914e-02
170.134 5.66701979e-02
170.152 5.66629058e-02
170.172 5.66556151e-02
170.191 5.66483259e-02
170.21 5.66410381e-02
170.229 5.66337517e-02
170.249 5.66264667e-02
170.267 5.66191831e-02
170.287 5.66119010e-02
170.305 5.66046202e-02
170.325 5.65973410e-02
170.344 5.65900631e-02
170.363 5.65827866e-02
170.383 5.65755115e-02
170.402 5.65682380e-02
170.421 5.65609658e-02
170.44 5.65536950e-02
170.46 5.65464256e-02
170.478 5.65391576e-02
170.498 5.65318911e-02
170.517 5.65246260e-02
170.536 5.65173623e-02
170.555 5.65101000e-02
170.575 5.65028392e-02
170.593 5.64955797e-02
170.613 5.64883217e-02
170.631 5.64810650e-02
170.651 5.64738098e-02
170.671 5.64665561e-02
170.689 5.64593037e-02
170.709 5.64520527e-02
170.728 5.64448031e-02
170.747 5.64375550e-02
170.766 5.64303083e-02
170.786 5.64230630e-02
170.804 5.64158190e-02
170.824 5.64085766e-02
170.842 5.64013355e-02
170.862 5.63940958e-02
170.881 5.63868575e-02
170.9 5.63796207e-02
170.92 5.63723852e-02
170.939 5.63651512e-02
170.958 5.63579186e-02
170.977 5.63506873e-02
170.997 5.63434575e-02
171.015 5.63362291e-02
171.035 5.63290021e-02
171.054 5.63217765e-02
171.073 5.63145523e-02
171.092 5.63073295e-02
171.112 5.63001082e-02
171.13 5.62928882e-02
171.15 5.62856697e-02
171.17 5.62784525e-02
171.188 5.62712367e-02
171.208 5.62640224e-02
171.226 5.62568094e-02
171.246 5.62495979e-02
171.265 5.62423877e-02
171.284 5.62351790e-02
171.303 5.62279716e-02
171.323 5.62207657e-02
171.341 5.62135611e-02
171.361 5.62063580e-02
171.38 5.61991563e-02
171.399 5.61919559e-02
171.419 5.61847570e-02
171.438 5.61775595e-02
171.457 5.61703633e-02
171.476 5.61631686e-02
171.496 5.61559752e-02
171.514 5.61487833e-02
171.534 5.61415927e-02
171.552 5.61344036e-02
171.572 5.61272159e-02
171.591 5.61200295e-02
171.61 5.61128445e-02
171.629 5.61056609e-02
171.649 5.60984788e-02
171.667 5.60912980e-02
171.687 5.60841186e-02
171.707 5.60769406e-02
171.725 5.60697640e-02
171.745 5.60625889e-02
171.764 5.60554151e-02
171.783 5.60482426e-02
171.802 5.60410716e-02
171.822 5.60339020e-02
171.84 5.60267338e-02
171.86 5.60195669e-02
171.878 5.60124014e-02
171.898 5.60052374e-02
171.917 5.59980747e-02
171.936 5.59909134e-02
171.956 5.59837535e-02
171.975 5.59765950e-02
171.994 5.59694379e-02
172.013 5.59622822e-02
172.033 5.59551278e-02
172.051 5.59479749e-02
172.071 5.59408233e-02
172.089 5.59336731e-02
172.109 5.59265243e-02
172.128 5.59193769e-02
172.147 5.59122309e-02
172.166 5.59050863e-02
172.186 5.58979430e-02
172.205 5.58908012e-02
172.224 5.58836607e-02
172.244 5.58765216e-02
172.262 5.58693839e-02
172.282 5.58622476e-02
172.301 5.58551126e-02
172.32 5.58479791e-02
172.339 5.58408469e-02
172.359 5.58337161e-02
172.377 5.58265867e-02
172.397 5.58194586e-02
172.415 5.58123320e-02
172.435 5.58052067e-02
172.455 5.57980828e-02
172.473 5.57909603e-02
172.493 5.57838392e-02
172.512 5.57767194e-02
172.531 5.57696011e-02
172.55 5.57624841e-02
172.57 5.57553684e-02
172.588 5.57482542e-02
172.608 5.57411413e-02
172.627 5.57340299e-02
172.646 5.57269197e-02
172.665 5.57198110e-02
172.685 5.57127037e-02
172.703 5.57055977e-02
172.723 5.56984931e-02
172.743 5.56913898e-02
172.761 5.56842880e-02
172.781 5.56771875e-02
172.799 5.56700884e-02
172.819 5.56629907e-02
172.838 5.56558943e-02
172.857 5.56487993e-02
172.876 5.56417057e-02
172.896 5.56346135e-02
172.914 5.56275226e-02
172.934 5.56204331e-02
172.953 5.56133449e-02
172.972 5.56062582e-02
172.992 5.55991728e-02
173.011 5.55920888e-02
173.03 5.55850061e-02
173.049 5.55779249e-02
173.069 5.55708449e-02
173.087 5.55637664e-02
173.107 5.55566892e-02
173.125 5.55496134e-02
173.145 5.55425390e-02
173.164 5.55354659e-02
173.183 5.55283942e-02
173.202 5.55213239e-02
173.222 5.55142549e-02
173.241 5.55071873e-02
173.26 5.55001210e-02
173.28 5.54930562e-02
173.298 5.54859927e-02
173.318 5.54789305e-02
173.336 5.54718697e-02
173.356 5.54648103e-02
173.375 5.54577523e-02
173.394 5.54506956e-02
173.413 5.54436402e-02
173.433 5.54365863e-02
173.451 5.54295337e-02
173.471 5.54224824e-02
173.49 5.54154326e-02
173.509 5.54083841e-02
173.529 5.54013369e-02
173.548 5.53942910e-02
173.567 5.53872466e-02
173.586 5.53802036e-02
173.606 5.53731618e-02
173.624 5.53661215e-02
173.644 5.53590824e-02
173.662 5.53520448e-02
173.682 5.53450085e-02
173.701 5.53379736e-02
173.72 5.53309400e-02
173.739 5.53239078e-02
173.759 5.53168769e-02
173.778 5.53098474e-02
173.797 5.53028193e-02
173.817 5.52957925e-02
173.835 5.52887670e-02
173.855 5.52817430e-02
173.874 5.52747202e-02
173.893 5.52676989e-02
173.912 5.52606788e-02
173.932 5.52536601e-02
173.95 5.52466428e-02
173.97 5.52396269e-02
173.988 5.52326122e-02
174.008 5.52255990e-02
174.028 5.52185871e-02
174.046 5.52115765e-02
174.066 5.52045673e-02
174.085 5.51975595e-02
174.104 5.51905530e-02
174.123 5.51835478e-02
174.143 5.51765440e-02
174.161 5.51695415e-02
174.181 5.51625404e-02
174.2 5.51555406e-02
174.219 5.51485422e-02
174.238 5.51415452e-02
174.258 5.51345495e-02
174.277 5.51275551e-02
174.296 5.51205621e-02
174.316 5.51135704e-02
174.334 5.51065801e-02
174.354 5.50995911e-02
174.372 5.50926034e-02
174.392 5.50856171e-02
174.411 5.50786322e-02
174.43 5.50716486e-02
174.449 5.50646663e-02
174.469 5.50576854e-02
174.487 5.50507058e-02
174.507 5.50437276e-02
174.525 5.50367507e-02
174.545 5.50297751e-02
174.565 5.50228009e-02
174.583 5.50158280e-02
174.603 5.50088565e-02
174.622 5.50018864e-02
174.641 5.49949175e-02
174.66 5.49879500e-02
174.68 5.49809838e-02
174.698 5.49740190e-02
174.718 5.49670555e-02
174.737 5.49600934e-02
174.756 5.49531326e-02
174.775 5.49461731e-02
174.795 5.49392149e-02
174.814 5.49322582e-02
174.833 5.49253027e-02
174.853 5.49183486e-02
174.871 5.49113958e-02
174.891 5.49044444e-02
174.909 5.48974942e-02
174.929 5.48905454e-02
174.948 5.48835980e-02
174.967 5.48766519e-02
174.986 5.48697071e-02
175.006 5.48627637e-02
175.024 5.48558216e-02
175.044 5.48488808e-02
175.064 5.48419413e-02
175.082 5.48350032e-02
175.102 5.48280665e-02
175.121 5.48211310e-02
175.14 5.48141969e-02
175.159 5.48072641e-02
175.179 5.48003327e-02
175.197 5.47934026e-02
175.217 5.47864738e-02
175.235 5.47795463e-02
175.255 5.47726202e-02
175.274 5.47656954e-02
175.293 5.47587719e-02
175.313 5.47518498e-02
175.332 5.47449289e-02
175.351 5.47380094e-02
175.37 5.47310913e-02
175.39 5.47241744e-02
175.408 5.47172589e-02
175.428 5.47103448e-02
175.447 5.47034319e-02
175.466 5.46965204e-02
175.485 5.46896101e-02
175.505 5.46827013e-02
175.523 5.46757938e-02
175.543 5.46688875e-02
175.561 5.46619826e-02
175.581 5.46550790e-02
175.601 5.46481768e-02
175.619 5.46412759e-02
175.639 5.46343762e-02
175.658 5.46274779e-02
175.677 5.46205810e-02
175.696 5.46136853e-02
175.716 5.46067910e-02
175.734 5.45998980e-02
175.754 5.45930063e-02
175.772 5.45861160e-02
175.792 5.45792269e-02
175.811 5.45723392e-02
175.83 5.45654528e-02
175.85 5.45585677e-02
175.869 5.45516839e-02
175.888 5.45448015e-02
175.907 5.45379204e-02
175.927 5.45310406e-02
175.945 5.45241621e-02
175.965 5.45172849e-02
175.984 5.45104090e-02
176.003 5.45035345e-02
176.022 5.44966613e-02
176.042 5.44897894e-02
176.06 5.44829187e-02
176.08 5.44760495e-02
176.1 5.44691815e-02
176.118 5.44623149e-02
176.138 5.44554495e-02
176.156 5.44485855e-02
176.176 5.44417228e-02
176.195 5.44348614e-02
176.214 5.44280013e-02
176.233 5.44211425e-02
176.253 5.44142851e-02
176.271 5.44074289e-02
176.291 5.44005741e-02
176.31 5.43937205e-02
176.329 5.43868683e-02
176.349 5.43800174e-02
176.368 5.43731678e-02
176.387 5.43663196e-02
176.406 5.43594726e-02
176.426 5.43526269e-02
176.444 5.43457825e-02
176.464 5.43389395e-02
176.482 5.43320977e-02
176.502 5.43252573e-02
176.521 5.43184182e-02
176.54 5.43115804e-02
176.559 5.43047438e-02
176.579 5.42979086e-02
176.597 5.42910747e-02
176.617 5.42842421e-02
176.637 5.42774108e-02
176.655 5.42705809e-02
176.675 5.42637522e-02
176.694 5.42569248e-02
176.713 5.42500987e-02
176.732 5.42432740e-02
176.752 5.42364505e-02
176.77 5.42296283e-02
176.79 5.42228075e-02
176.808 5.42159879e-02
176.828 5.42091697e-02
176.847 5.42023527e-02
176.866 5.41955370e-02
176.886 5.41887227e-02
176.905 5.41819096e-02
176.924 5.41750979e-02
176.943 5.41682874e-02
176.963 5.41614783e-02
176.981 5.41546705e-02
177.001 5.41478639e-02
177.019 5.41410586e-02
177.039 5.41342547e-02
177.058 5.41274520e-02
177.077 5.41206507e-02
177.096 5.41138506e-02
177.116 5.41070518e-02
177.135 5.41002544e-02
177.154 5.40934582e-02
177.174 5.40866633e-02
177.192 5.40798697e-02
177.212 5.40730774e-02
177.231 5.40662865e-02
177.25 5.40594968e-02
177.269 5.40527084e-02
177.289 5.40459213e-02
177.307 5.40391355e-02
177.327 5.40323509e-02
177.345 5.40255677e-02
177.365 5.40187858e-02
177.385 5.40120051e-02
177.403 5.40052257e-02
177.423 5.39984477e-02
177.442 5.39916710e-02
177.461 5.39848955e-02
177.48 5.39781213e-02
177.5 5.39713484e-02
177.518 5.39645768e-02
177.538 5.39578065e-02
177.557 5.39510375e-02
177.576 5.39442697e-02
177.595 5.39375033e-02
177.615 5.39307382e-02
177.633 5.39239743e-02
177.653 5.39172117e-02
177.673 5.39104504e-02
177.691 5.39036904e-02
177.711 5.38969317e-02
177.729 5.38901742e-02
177.749 5.38834181e-02
177.768 5.38766632e-02
177.787 5.38699097e-02
177.806 5.38631574e-02
177.826 5.38564063e-02
177.844 5.38496566e-02
177.864 5.38429082e-02
177.883 5.38361611e-02
177.902 5.38294152e-02
177.922 5.38226706e-02
177.941 5.38159273e-02
177.96 5.38091853e-02
177.979 5.38024445e-02
177.999 5.37957051e-02
178.017 5.37889669e-02
178.037 5.37822300e-02
178.055 5.37754944e-02
178.075 5.37687601e-02
178.094 5.37620270e-02
178.113 5.37552953e-02
178.132 5.37485647e-02
178.152 5.37418356e-02
178.171 5.37351077e-02
178.19 5.37283810e-02
178.21 5.37216556e-02
178.228 5.37149315e-02
178.248 5.37082087e-02
178.266 5.37014872e-02
178.286 5.36947669e-02
178.305 5.36880479e-02
178.324 5.36813302e-02
178.343 5.36746138e-02
178.363 5.36678987e-02
178.381 5.36611847e-02
178.401 5.36544721e-02
178.421 5.36477608e-02
178.439 5.36410507e-02
178.459 5.36343420e-02
178.478 5.36276344e-02
178.497 5.36209282e-02
178.516 5.36142233e-02
178.536 5.36075196e-02
178.554 5.36008171e-02
178.574 5.35941160e-02
178.592 5.35874161e-02
178.612 5.35807175e-02
178.631 5.35740202e-02
178.65 5.35673241e-02
178.669 5.35606293e-02
178.689 5.35539358e-02
178.708 5.35472436e-02
178.727 5.35405526e-02
178.747 5.35338629e-02
178.765 5.35271744e-02
178.785 5.35204873e-02
178.804 5.35138014e-02
178.823 5.35071168e-02
178.842 5.35004334e-02
178.862 5.34937513e-02
178.88 5.34870705e-02
178.9 5.34803909e-02
178.918 5.34737126e-02
178.938 5.34670356e-02
178.958 5.34603598e-02
178.976 5.34536853e-02
178.996 5.34470121e-02
179.015 5.34403401e-02
179.034 5.34336694e-02
179.053 5.34270000e-02
179.073 5.34203318e-02
179.091 5.34136649e-02
179.111 5.34069992e-02
179.13 5.34003348e-02
179.149 5.33936717e-02
179.168 5.33870099e-02
179.188 5.33803492e-02
179.207 5.33736899e-02
179.226 5.33670319e-02
179.246 5.33603750e-02
179.264 5.33537195e-02
179.284 5.33470652e-02
179.302 5.33404121e-02
179.322 5.33337604e-02
179.341 5.33271098e-02
179.36 5.33204606e-02
179.379 5.33138126e-02
179.399 5.33071659e-02
179.417 5.33005204e-02
179.437 5.32938761e-02
179.457 5.32872332e-02
179.475 5.32805915e-02
179.495 5.32739510e-02
179.513 5.32673118e-02
179.533 5.32606739e-02
179.552 5.32540372e-02
179.571 5.32474018e-02
179.59 5.32407677e-02
179.61 5.32341347e-02
179.628 5.32275031e-02
179.648 5.32208727e-02
179.667 5.32142435e-02
179.686 5.32076156e-02
179.705 5.32009890e-02
179.725 5.31943636e-02
179.744 5.31877394e-02
179.763 5.31811166e-02
179.783 5.31744949e-02
179.801 5.31678746e-02
179.821 5.31612554e-02
179.839 5.31546375e-02
179.859 5.31480209e-02
179.878 5.31414056e-02
179.897 5.31347914e-02
179.916 5.31281785e-02
179.936 5.31215670e-02
179.954 5.31149565e-02
179.974 5.31083474e-02
179.994 5.31017396e-02
180.012 5.30951329e-02
180.032 5.30885275e-02
180.051 5.30819234e-02
180.07 5.30753205e-02
180.089 5.30687189e-02
180.109 5.30621185e-02
180.127 5.30555194e-02
180.147 5.30489214e-02
180.165 5.30423248e-02
180.185 5.30357294e-02
180.204 5.30291352e-02
180.223 5.30225423e-02
180.243 5.30159506e-02
180.262 5.30093602e-02
180.281 5.30027710e-02
180.3 5.29961831e-02
180.32 5.29895964e-02
180.338 5.29830109e-02
180.358 5.29764267e-02
180.377 5.29698438e-02
180.396 5.29632620e-02
180.415 5.29566815e-02
180.435 5.29501023e-02
180.453 5.29435243e-02
180.473 5.29369475e-02
180.491 5.29303720e-02
180.511 5.29237978e-02
180.531 5.29172247e-02
180.549 5.29106529e-02
180.569 5.29040823e-02
180.588 5.28975130e-02
180.607 5.28909450e-02
180.626 5.28843781e-02
180.646 5.28778125e-02
180.664 5.28712482e-02
180.684 5.28646850e-02
180.702 5.28581231e-02
180.722 5.28515625e-02
180.741 5.28450030e-02
180.76 5.28384448e-02
180.78 5.28318879e-02
180.799 5.28253322e-02
180.818 5.28187777e-02
180.837 5.28122245e-02
180.857 5.28056724e-02
180.875 5.27991217e-02
180.895 5.27925721e-02
180.914 5.27860238e-02
180.933 5.27794768e-02
180.952 5.27729310e-02
180.972 5.27663863e-02
180.99 5.27598430e-02
181.01 5.27533008e-02
181.03 5.27467599e-02
181.048 5.27402202e-02
181.068 5.27336818e-02
181.086 5.27271446e-02
181.106 5.27206086e-02
181.125 5.27140738e-02
181.144 5.27075403e-02
181.163 5.27010080e-02
181.183 5.26944770e-02
181.201 5.26879472e-02
181.221 5.26814186e-02
181.24 5.26748911e-02
181.259 5.26683650e-02
181.279 5.26618401e-02
181.298 5.26553164e-02
181.317 5.26487940e-02
181.336 5.26422727e-02
181.356 5.26357527e-02
181.374 5.26292339e-02
181.394 5.26227163e-02
181.412 5.26162000e-02
181.432 5.26096849e-02
181.451 5.26031710e-02
181.47 5.25966584e-02
181.489 5.25901469e-02
181.509 5.25836367e-02
181.527 5.25771277e-02
181.547 5.25706200e-02
181.567 5.25641134e-02
181.585 5.25576081e-02
181.605 5.25511040e-02
181.624 5.25446011e-02
181.643 5.25380995e-02
181.662 5.25315991e-02
181.682 5.25250999e-02
181.7 5.25186019e-02
181.72 5.25121051e-02
181.738 5.25056096e-02
181.758 5.24991153e-02
181.777 5.24926222e-02
181.796 5.24861303e-02
181.816 5.24796397e-02
181.835 5.24731502e-02
181.854 5.24666619e-02
181.873 5.24601750e-02
181.893 5.24536892e-02
181.911 5.24472046e-02
181.931 5.24407212e-02
181.949 5.24342391e-02
181.969 5.24277582e-02
181.988 5.24212785e-02
182.007 5.24148000e-02
182.026 5.24083227e-02
182.046 5.24018467e-02
182.065 5.23953718e-02
182.084 5.23888982e-02
182.104 5.23824258e-02
182.122 5.23759546e-02
182.142 5.23694846e-02
182.161 5.23630159e-02
182.18 5.23565483e-02
182.199 5.23500820e-02
182.219 5.23436168e-02
182.237 5.23371529e-02
182.257 5.23306902e-02
182.275 5.23242287e-02
182.295 5.23177684e-02
182.315 5.23113094e-02
182.333 5.23048516e-02
182.353 5.22983949e-02
182.372 5.22919395e-02
182.391 5.22854852e-02
182.41 5.22790322e-02
182.43 5.22725804e-02
182.448 5.22661298e-02
182.468 5.22596804e-02
182.487 5.22532323e-02
182.506 5.22467853e-02
182.525 5.22403395e-02
182.545 5.22338950e-02
182.563 5.22274516e-02
182.583 5.22210095e-02
182.603 5.22145686e-02
182.621 5.22081289e-02
182.641 5.22016903e-02
182.659 5.21952530e-02
182.679 5.21888169e-02
182.698 5.21823820e-02
182.717 5.21759483e-02
182.736 5.21695159e-02
182.756 5.21630845e-02
182.774 5.21566545e-02
182.794 5.21502256e-02
182.813 5.21437979e-02
182.832 5.21373714e-02
182.852 5.21309462e-02
182.871 5.21245221e-02
182.89 5.21180992e-02
182.909 5.21116776e-02
182.929 5.21052571e-02
182.947 5.20988379e-02
182.967 5.20924198e-02
182.985 5.20860029e-02
183.005 5.20795873e-02
183.024 5.20731728e-02
183.043 5.20667596e-02
183.062 5.20603475e-02
183.082 5.20539367e-02
183.101 5.20475270e-02
183.12 5.20411186e-02
183.14 5.20347113e-02
183.158 5.20283052e-02
183.178 5.20219003e-02
183.196 5.20154967e-02
183.216 5.20090943e-02
183.235 5.20026930e-02
183.254 5.19962929e-02
183.273 5.19898940e-02
183.293 5.19834963e-02
183.311 5.19770999e-02
183.331 5.19707046e-02
183.351 5.19643105e-02
183.369 5.19579176e-02
183.389 5.19515258e-02
183.408 5.19451353e-02
183.427 5.19387460e-02
183.446 5.19323579e-02
183.466 5.19259710e-02
183.484 5.19195852e-02
183.504 5.19132007e-02
183.522 5.19068174e-02
183.542 5.19004352e-02
183.561 5.18940542e-02
183.58 5.18876745e-02
183.599 5.18812959e-02
183.619 5.18749184e-02
183.638 5.18685423e-02
183.657 5.18621673e-02
183.677 5.18557934e-02
183.695 5.18494208e-02
183.715 5.18430493e-02
183.734 5.18366791e-02
183.753 5.18303100e-02
183.772 5.18239422e-02
183.792 5.18175755e-02
183.81 5.18112100e-02
183.83 5.18048457e-02
183.848 5.17984826e-02
183.868 5.17921206e-02
183.888 5.17857599e-02
183.906 5.17794003e-02
183.926 5.17730419e-02
183.945 5.17666847e-02
183.964 5.17603287e-02
183.983 5.17539739e-02
184.003 5.17476203e-02
184.021 5.17412678e-02
184.041 5.17349166e-02
184.06 5.17285665e-02
184.079 5.17222176e-02
184.098 5.17158698e-02
184.118 5.17095233e-02
184.137 5.17031780e-02
184.156 5.16968338e-02
184.176 5.16904909e-02
184.194 5.16841491e-02
184.214 5.16778084e-02
184.232 5.16714690e-02
184.252 5.16651308e-02
184.271 5.16587937e-02
184.29 5.16524578e-02
184.309 5.16461231e-02
184.329 5.16397895e-02
184.347 5.16334572e-02
184.367 5.16271260e-02
184.387 5.16207960e-02
184.405 5.16144672e-02
184.425 5.16081396e-02
184.443 5.16018131e-02
184.463 5.15954878e-02
184.482 5.15891638e-02
184.501 5.15828408e-02
184.52 5.15765191e-02
184.54 5.15701985e-02
184.558 5.15638791e-02
184.578 5.15575609e-02
184.597 5.15512438e-02
184.616 5.15449280e-02
184.635 5.15386133e-02
184.655 5.15322998e-02
184.674 5.15259874e-02
184.693 5.15196763e-02
184.713 5.15133663e-02
184.731 5.15070575e-02
184.751 5.15007498e-02
184.769 5.14944434e-02
184.789 5.14881381e-02
184.808 5.14818340e-02
184.827 5.14755310e-02
184.846 5.14692292e-02
184.866 5.14629286e-02
184.884 5.14566292e-02
184.904 5.14503309e-02
184.924 5.14440338e-02
184.942 5.14377379e-02
184.962 5.14314432e-02
184.981 5.14251496e-02
185 5.14188572e-02
185.019 5.14125659e-02
185.039 5.14062758e-02
185.057 5.13999869e-02
185.077 5.13936992e-02
185.095 5.13874127e-02
185.115 5.13811272e-02
185.134 5.13748430e-02
185.153 5.13685599e-02
185.173 5.13622781e-02
185.192 5.13559974e-02
185.211 5.13497178e-02
185.23 5.13434394e-02
185.25 5.13371622e-02
185.268 5.13308861e-02
185.288 5.13246112e-02
185.307 5.13183375e-02
185.326 5.13120649e-02
185.345 5.13057935e-02
185.365 5.12995232e-02
185.383 5.12932542e-02
185.403 5.12869863e-02
185.423 5.12807196e-02
185.441 5.12744539e-02
185.461 5.12681895e-02
185.479 5.12619263e-02
185.499 5.12556642e-02
185.518 5.12494033e-02
185.537 5.12431435e-02
185.556 5.12368849e-02
185.576 5.12306275e-02
185.594 5.12243712e-02
185.614 5.12181160e-02
185.632 5.12118621e-02
185.652 5.12056092e-02
185.671 5.11993576e-02
185.69 5.11931072e-02
185.71 5.11868578e-02
185.729 5.11806096e-02
185.748 5.11743626e-02
185.767 5.11681168e-02
185.787 5.11618721e-02
185.805 5.11556286e-02
185.825 5.11493862e-02
185.844 5.11431450e-02
185.863 5.11369049e-02
185.882 5.11306660e-02
185.902 5.11244282e-02
185.92 5.11181916e-02
185.94 5.11119562e-02
185.96 5.11057220e-02
185.978 5.10994888e-02
185.998 5.10932568e-02
186.016 5.10870260e-02
186.036 5.10807964e-02
186.055 5.10745678e-02
186.074 5.10683405e-02
186.093 5.10621143e-02
186.113 5.10558893e-02
186.131 5.10496653e-02
186.151 5.10434426e-02
186.17 5.10372210e-02
186.189 5.10310006e-02
186.209 5.10247813e-02
186.228 5.10185632e-02
186.247 5.10123462e-02
186.266 5.10061304e-02
186.286 5.09999157e-02
186.304 5.09937022e-02
186.324 5.09874898e-02
186.342 5.09812785e-02
186.362 5.09750685e-02
186.381 5.09688595e-02
186.4 5.09626517e-02
186.419 5.09564451e-02
186.439 5.09502396e-02
186.458 5.09440353e-02
186.477 5.09378321e-02
186.497 5.09316301e-02
186.515 5.09254292e-02
186.535 5.09192294e-02
186.554 5.09130308e-02
186.573 5.09068334e-02
186.592 5.09006371e-02
186.612 5.08944419e-02
186.63 5.08882479e-02
186.65 5.08820550e-02
186.668 5.08758633e-02
186.688 5.08696727e-02
186.707 5.08634833e-02
186.726 5.08572950e-02
186.746 5.08511078e-02
186.765 5.08449218e-02
186.784 5.08387370e-02
186.803 5.08325532e-02
186.823 5.08263707e-02
186.841 5.08201892e-02
186.861 5.08140089e-02
186.879 5.08078298e-02
186.899 5.08016518e-02
186.918 5.07954749e-02
186.937 5.07892992e-02
186.956 5.07831246e-02
186.976 5.07769512e-02
186.995 5.07707789e-02
187.014 5.07646077e-02
187.034 5.07584377e-02
187.052 5.07522688e-02
187.072 5.07461010e-02
187.091 5.07399344e-02
187.11 5.07337690e-02
187.129 5.07276046e-02
187.149 5.07214415e-02
187.167 5.07152794e-02
187.187 5.07091185e-02
187.205 5.07029587e-02
187.225 5.06968000e-02
187.245 5.06906425e-02
187.263 5.06844862e-02
187.283 5.06783310e-02
187.302 5.06721768e-02
187.321 5.06660239e-02
187.34 5.06598721e-02
187.36 5.06537213e-02
187.378 5.06475718e-02
187.398 5.06414234e-02
187.417 5.06352761e-02
187.436 5.06291299e-02
187.455 5.06229849e-02
187.475 5.06168410e-02
187.493 5.06106983e-02
187.513 5.06045567e-02
187.533 5.05984162e-02
187.551 5.05922768e-02
187.571 5.05861386e-02
187.589 5.05800015e-02
187.609 5.05738655e-02
187.628 5.05677307e-02
187.647 5.05615970e-02
187.666 5.05554644e-02
187.686 5.05493329e-02
187.704 5.05432027e-02
187.724 5.05370735e-02
187.743 5.05309454e-02
187.762 5.05248185e-02
187.782 5.05186927e-02
187.801 5.05125680e-02
187.82 5.05064445e-02
187.839 5.05003221e-02
187.859 5.04942008e-02
187.877 5.04880806e-02
187.897 5.04819616e-02
187.915 5.04758437e-02
187.935 5.04697269e-02
187.954 5.04636113e-02
187.973 5.04574968e-02
187.992 5.04513834e-02
188.012 5.04452711e-02
188.031 5.04391600e-02
188.05 5.04330499e-02
188.07 5.04269410e-02
188.088 5.04208333e-02
188.108 5.04147266e-02
188.126 5.04086211e-02
188.146 5.04025167e-02
188.165 5.03964134e-02
188.184 5.03903113e-02
188.203 5.03842102e-02
188.223 5.03781103e-02
188.241 5.03720115e-02
188.261 5.03659139e-02
188.281 5.03598173e-02
188.299 5.03537219e-02
188.319 5.03476276e-02
188.338 5.03415344e-02
188.357 5.03354424e-02
188.376 5.03293514e-02
188.396 5.03232616e-02
188.414 5.03171729e-02
188.434 5.03110853e-02
188.452 5.03049989e-02
188.472 5.02989135e-02
188.491 5.02928293e-02
188.51 5.02867462e-02
188.529 5.02806642e-02
188.549 5.02745833e-02
188.568 5.02685036e-02
188.587 5.02624249e-02
188.607 5.02563474e-02
188.625 5.02502710e-02
188.645 5.02441957e-02
188.664 5.02381215e-02
188.683 5.02320485e-02
188.702 5.02259766e-02
188.722 5.02199057e-02
188.74 5.02138360e-02
188.76 5.02077674e-02
188.778 5.02017000e-02
188.798 5.01956336e-02
188.818 5.01895684e-02
188.836 5.01835042e-02
188.856 5.01774412e-02
188.875 5.01713793e-02
188.894 5.01653185e-02
188.913 5.01592588e-02
188.933 5.01532002e-02
188.951 5.01471427e-02
188.971 5.01410864e-02
188.99 5.01350312e-02
189.009 5.01289771e-02
189.028 5.01229240e-02
189.048 5.01168721e-02
189.067 5.01108214e-02
189.086 5.01047717e-02
189.106 5.00987231e-02
189.124 5.00926756e-02
189.144 5.00866292e-02
189.162 5.00805840e-02
189.182 5.00745399e-02
189.201 5.00684968e-02
189.22 5.00624549e-02
189.239 5.00564141e-02
189.259 5.00503744e-02
189.277 5.00443358e-02
189.297 5.00382983e-02
189.317 5.00322619e-02
189.335 5.00262267e-02
189.355 5.00201925e-02
189.373 5.00141594e-02
189.393 5.00081275e-02
189.412 5.00020966e-02
189.431 4.99960669e-02
189.45 4.99900382e-02
189.47 4.99840107e-02
189.488 4.99779843e-02
189.508 4.99719589e-02
189.527 4.99659347e-02
189.546 4.99599116e-02
189.565 4.99538895e-02
189.585 4.99478686e-02
189.604 4.99418488e-02
189.623 4.99358301e-02
189.643 4.99298125e-02
189.661 4.99237960e-02
189.681 4.99177806e-02
189.699 4.99117663e-02
189.719 4.99057531e-02
189.738 4.98997410e-02
189.757 4.98937300e-02
189.776 4.98877201e-02
189.796 4.98817113e-02
189.814 4.98757036e-02
189.834 4.98696969e-02
189.854 4.98636914e-02
189.872 4.98576871e-02
189.892 4.98516838e-02
189.911 4.98456815e-02
189.93 4.98396804e-02
189.949 4.98336804e-02
189.969 4.98276815e-02
189.987 4.98216837e-02
190.007 4.98156870e-02
190.025 4.98096913e-02
190.045 4.98036968e-02
190.064 4.97977034e-02
190.083 4.97917111e-02
190.103 4.97857198e-02
190.122 4.97797297e-02
190.141 4.97737407e-02
190.16 4.97677527e-02
190.18 4.97617658e-02
190.198 4.97557801e-02
190.218 4.97497954e-02
190.237 4.97438118e-02
190.256 4.97378294e-02
190.275 4.97318480e-02
190.295 4.97258677e-02
190.313 4.97198885e-02
190.333 4.97139104e-02
190.353 4.97079334e-02
190.371 4.97019575e-02
190.391 4.96959826e-02
190.409 4.96900089e-02
190.429 4.96840362e-02
190.448 4.96780647e-02
190.467 4.96720942e-02
190.486 4.96661248e-02
190.506 4.96601565e-02
190.524 4.96541893e-02
190.544 4.96482232e-02
190.562 4.96422582e-02
190.582 4.96362943e-02
190.601 4.96303315e-02
190.62 4.96243697e-02
190.64 4.96184090e-02
190.659 4.96124494e-02
190.678 4.96064910e-02
190.697 4.96005336e-02
190.717 4.95945773e-02
190.735 4.95886220e-02
190.755 4.95826679e-02
190.774 4.95767149e-02
190.793 4.95707629e-02
190.812 4.95648120e-02
190.832 4.95588622e-02
190.85 4.95529135e-02
190.87 4.95469659e-02
190.89 4.95410194e-02
190.908 4.95350739e-02
190.928 4.95291295e-02
190.946 4.95231862e-02
190.966 4.95172441e-02
190.985 4.95113029e-02
191.004 4.95053629e-02
191.023 4.94994240e-02
191.043 4.94934861e-02
191.061 4.94875493e-02
191.081 4.94816136e-02
191.1 4.94756790e-02
191.119 4.94697454e-02
191.139 4.94638130e-02
191.158 4.94578816e-02
191.177 4.94519513e-02
191.196 4.94460221e-02
191.216 4.94400939e-02
191.234 4.94341669e-02
191.254 4.94282409e-02
191.272 4.94223160e-02
191.292 4.94163922e-02
191.311 4.94104695e-02
191.33 4.94045478e-02
191.349 4.93986272e-02
191.369 4.93927077e-02
191.388 4.93867893e-02
191.407 4.93808720e-02
191.427 4.93749557e-02
191.445 4.93690405e-02
191.465 4.93631264e-02
191.484 4.93572133e-02
191.503 4.93513015e-02
191.522 4.93453905e-02
191.542 4.93394807e-02
191.56 4.93335720e-02
191.58 4.93276643e-02
191.598 4.93217577e-02
191.618 4.93158522e-02
191.637 4.93099478e-02
191.656 4.93040445e-02
191.676 4.92981421e-02
191.695 4.92922409e-02
191.714 4.92863408e-02
191.733 4.92804417e-02
191.753 4.92745438e-02
191.771 4.92686468e-02
191.791 4.92627510e-02
191.809 4.92568562e-02
191.829 4.92509625e-02
191.848 4.92450699e-02
191.867 4.92391784e-02
191.886 4.92332879e-02
191.906 4.92273984e-02
191.925 4.92215101e-02
191.944 4.92156228e-02
191.964 4.92097366e-02
191.982 4.92038515e-02
192.002 4.91979674e-02
192.021 4.91920844e-02
192.04 4.91862025e-02
192.059 4.91803216e-02
192.079 4.91744418e-02
192.097 4.91685632e-02
192.117 4.91626855e-02
192.135 4.91568089e-02
192.155 4.91509334e-02
192.175 4.91450589e-02
192.193 4.91391856e-02
192.213 4.91333132e-02
192.232 4.91274420e-02
192.251 4.91215718e-02
192.27 4.91157027e-02
192.29 4.91098347e-02
192.308 4.91039677e-02
192.328 4.90981018e-02
192.347 4.90922369e-02
192.366 4.90863731e-02
192.385 4.90805104e-02
192.405 4.90746487e-02
192.424 4.90687881e-02
192.443 4.90629286e-02
192.463 4.90570701e-02
192.481 4.90512127e-02
192.501 4.90453564e-02
192.519 4.90395011e-02
192.539 4.90336469e-02
192.558 4.90277937e-02
192.577 4.90219417e-02
192.596 4.90160906e-02
192.616 4.90102406e-02
192.634 4.90043917e-02
192.654 4.89985439e-02
192.673 4.89926971e-02
192.692 4.89868513e-02
192.712 4.89810067e-02
192.731 4.89751631e-02
192.75 4.89693206e-02
192.769 4.89634791e-02
192.789 4.89576386e-02
192.807 4.89517992e-02
192.827 4.89459610e-02
192.845 4.89401237e-02
192.865 4.89342875e-02
192.884 4.89284524e-02
192.903 4.89226183e-02
192.922 4.89167853e-02
192.942 4.89109533e-02
192.961 4.89051224e-02
192.98 4.88992925e-02
193 4.88934638e-02
193.018 4.88876360e-02
193.038 4.88818093e-02
193.056 4.88759837e-02
193.076 4.88701591e-02
193.095 4.88643356e-02
193.114 4.88585131e-02
193.133 4.88526917e-02
193.153 4.88468714e-02
193.171 4.88410521e-02
193.191 4.88352338e-02
193.211 4.88294166e-02
193.229 4.88236005e-02
193.249 4.88177854e-02
193.268 4.88119714e-02
193.287 4.88061584e-02
193.306 4.88003465e-02
193.326 4.87945356e-02
193.344 4.87887258e-02
193.364 4.87829170e-02
193.382 4.87771092e-02
193.402 4.87713026e-02
193.421 4.87654970e-02
193.44 4.87596924e-02
193.459 4.87538889e-02
193.479 4.87480864e-02
193.498 4.87422849e-02
193.517 4.87364846e-02
193.537 4.87306853e-02
193.555 4.87248870e-02
193.575 4.87190898e-02
193.594 4.87132936e-02
193.613 4.87074985e-02
193.632 4.87017044e-02
193.652 4.86959114e-02
193.67 4.86901194e-02
193.69 4.86843284e-02
193.708 4.86785386e-02
193.728 4.86727497e-02
193.748 4.86698556e-02
