# Temperature_scaled  Cv
0.835118 5.200762772361403218e-07
0.843428 5.615226125278679817e-07
0.851737 6.597771613396063930e-07
0.860047 7.726714107604228515e-07
0.868357 9.019899950290207523e-07
0.876667 1.049682829495797135e-06
0.884977 1.217874761874954381e-06
0.893287 1.408875302349464782e-06
0.901596 1.625188397843625405e-06
0.909906 1.869522214932525848e-06
0.918216 2.144798895242733071e-06
0.926526 2.454164246809263163e-06
0.934836 2.800997334692504722e-06
0.943146 3.188919934217850279e-06
0.951455 3.621805810476640155e-06
0.959765 4.103789788210517553e-06
0.968075 4.639276576883511628e-06
0.976385 5.232949316617312606e-06
0.984695 5.889777811712533436e-06
0.993005 6.615026419691707852e-06
1.00131 7.414261565161428087e-06
1.00962 8.293358849294018043e-06
1.01793 9.258509727350553673e-06
1.02624 1.031622772840145826e-05
1.03455 1.147335419322529497e-05
1.04286 1.273706350827605965e-05
1.05117 1.411486781557761208e-05
1.05948 1.561462118042755739e-05
1.06779 1.724452320085715341e-05
1.0761 1.901312204487268115e-05
1.08441 2.092931690360494976e-05
1.09272 2.300235985058975350e-05
1.10103 2.524185709948442832e-05
1.10934 2.765776965459183881e-05
1.11765 3.026041335058906264e-05
1.12596 3.306045827985140326e-05
1.13427 3.606892760769723203e-05
1.14258 3.929719577776415824e-05
1.15089 4.275698611154238657e-05
1.1592 4.646036780783622280e-05
1.16751 5.041975234960268797e-05
1.17582 5.464788932719960395e-05
1.18413 5.915786168858812105e-05
1.19244 6.396308042845509872e-05
1.20075 6.907727872954578098e-05
1.20906 7.451450557074935314e-05
1.21737 8.028911881761121650e-05
1.22568 8.641577781201627046e-05
1.23399 9.290943547873723243e-05
1.2423 9.978532996741480883e-05
1.25061 1.070589758493180094e-04
1.25892 1.147461548889050080e-04
1.26723 1.228629064108176900e-04
1.27554 1.314255172834500793e-04
1.28385 1.404505115406415501e-04
1.29216 1.499546396634015059e-04
1.30047 1.599548675438472467e-04
1.30878 1.704683651536961883e-04
1.31709 1.815124949397744873e-04
1.3254 1.931047999690823638e-04
1.33371 2.052629918458759664e-04
1.34202 2.180049384231799519e-04
1.35033 2.313486513310047640e-04
1.35864 2.453122733432860740e-04
1.36695 2.599140656053882878e-04
1.37526 2.751723947436441990e-04
1.38357 2.911057198780697512e-04
1.39188 3.077325795590737066e-04
1.40019 3.250715786483836765e-04
1.4085 3.431413751641738561e-04
1.41681 3.619606671096830706e-04
1.42512 3.815481793041750774e-04
1.43343 4.019226502346010042e-04
1.44174 4.231028189456112107e-04
1.45005 4.451074119851109357e-04
1.45836 4.679551304218446985e-04
1.46667 4.916646369509662011e-04
1.47498 5.162545431028283966e-04
1.48329 5.417433965696679668e-04
1.49159 5.681496686641108410e-04
1.4999 5.954917419229448141e-04
1.50821 6.237878978687728167e-04
1.51652 6.530563049415473312e-04
1.52483 6.833150066114716641e-04
1.53314 7.145819096839778253e-04
1.54145 7.468747728067627210e-04
1.54976 7.802111951885111344e-04
1.55807 8.146086055380496928e-04
1.56638 8.500842512321052976e-04
1.57469 8.866551877193891602e-04
1.583 9.243382681678488470e-04
1.59131 9.631501333617017470e-04
1.59962 1.003107201854004692e-03
1.60793 1.044225660379888548e-03
1.61624 1.086521454535558078e-03
1.62455 1.130010279727011822e-03
1.63286 1.174707572392211415e-03
1.64117 1.220628501499976173e-03
1.64948 1.267787960328353117e-03
1.65779 1.316200558524590301e-03
1.6661 1.365880614448631821e-03
1.67441 1.416842147801479360e-03
1.68272 1.469098872539419034e-03
1.69103 1.522664190074619634e-03
1.69934 1.577551182762231084e-03
1.70765 1.633772607673987434e-03
1.71596 1.691340890657681449e-03
1.72427 1.750268120681514831e-03
1.73258 1.810566044462311652e-03
1.74089 1.872246061376129159e-03
1.7492 1.935319218649413911e-03
1.75751 1.999796206828649558e-03
1.76582 2.065687355526254348e-03
1.77413 2.133002629440329447e-03
1.78244 2.201751624645159871e-03
1.79075 2.271943565150123107e-03
1.79906 2.343587299722889577e-03
1.80737 2.416691298974656555e-03
1.81568 2.491263652703306838e-03
1.82399 2.567312067490685329e-03
1.8323 2.644843864550655912e-03
1.84061 2.723865977823800456e-03
1.84892 2.804384952314336373e-03
1.85723 2.886406942665968502e-03
1.86554 2.969937711971487593e-03
1.87385 3.054982630811905239e-03
1.88216 3.141546676521665346e-03
1.89047 3.229634432673812467e-03
1.89878 3.319250088781797604e-03
1.90709 3.410397440213453271e-03
1.9154 3.503079888310470409e-03
1.92371 3.597300440711797675e-03
1.93202 3.693061711873545008e-03
1.94033 3.790365923781923319e-03
1.94864 3.889214906854057772e-03
1.95695 3.989610101022679142e-03
1.96526 4.091552556998656436e-03
1.97357 4.195042937706965416e-03
1.98188 4.300081519892821370e-03
1.99019 4.406668195890790438e-03
1.99849 4.514802475553964314e-03
2.0068 4.624483488337825451e-03
2.01511 4.735709985534078230e-03
2.02342 4.848480342650433698e-03
2.03173 4.962792561930600733e-03
2.04004 5.078644275010781722e-03
2.04835 5.196032745708161621e-03
2.05666 5.314954872936848013e-03
2.06497 5.435407193745826412e-03
2.07328 5.557385886476366894e-03
2.08159 5.680886774033145313e-03
2.0899 5.805905327264845525e-03
2.09821 5.932436668451740273e-03
2.10652 6.060475574893174795e-03
2.11483 6.190016482593082257e-03
2.12314 6.321053490039815238e-03
2.13145 6.453580362074384791e-03
2.13976 6.587590533843690546e-03
2.14807 6.723077114836494526e-03
2.15638 6.860032892997560729e-03
2.16469 6.998450338914433654e-03
2.173 7.138321610076088161e-03
2.18131 7.279638555197617648e-03
2.18962 7.422392718609301283e-03
2.19793 7.566575344704771534e-03
2.20624 7.712177382446143946e-03
2.21455 7.859189489922464508e-03
2.22286 8.007602038958713808e-03
2.23117 8.157405119769848070e-03
2.23948 8.308588545661136499e-03
2.24779 8.461141857767787502e-03
2.2561 8.615054329832196739e-03
2.26441 8.770314973016042279e-03
2.27272 8.926912540745828711e-03
2.28103 9.084835533585538039e-03
2.28934 9.244072204136838389e-03
2.29765 9.404610561963571910e-03
2.30596 9.566438378536974360e-03
2.31427 9.729543192199319179e-03
2.32258 9.893912313143815931e-03
2.33089 1.005953282840951236e-02
2.3392 1.022639160688684247e-02
2.34751 1.039447530433163305e-02
2.35582 1.056377036838850557e-02
2.36413 1.073426304361660248e-02
2.37244 1.090593937651848991e-02
2.38075 1.107878522057169184e-02
2.38906 1.125278624125708622e-02
2.39737 1.142792792108396176e-02
2.40568 1.160419556461146987e-02
2.41399 1.178157430346092605e-02
2.4223 1.196004910132088955e-02
2.43061 1.213960475894188852e-02
2.43892 1.232022591911810863e-02
2.44723 1.250189707165510165e-02
2.45554 1.268460255832228566e-02
2.46385 1.286832657779019701e-02
2.47216 1.305305319054571311e-02
2.48047 1.323876632379083866e-02
2.48878 1.342544977631813033e-02
2.49709 1.361308722336444441e-02
2.5054 1.380166222143983622e-02
2.5137 1.399115821313156802e-02
2.52201 1.418155853188194336e-02
2.53032 1.437284640673832520e-02
2.53863 1.456500496707365498e-02
2.54694 1.475801724727804701e-02
2.55525 1.495186619141859047e-02
2.56356 1.514653465786600962e-02
2.57187 1.534200542389132539e-02
2.58018 1.553826119022515967e-02
2.58849 1.573528458558386828e-02
2.5968 1.593305817116032197e-02
2.60511 1.613156444507530748e-02
2.61342 1.633078584679284115e-02
2.62173 1.653070476149981829e-02
2.63004 1.673130352444057722e-02
2.63835 1.693256442521704971e-02
2.64666 1.713446971204572733e-02
2.65497 1.733700159597285212e-02
2.66328 1.754014225504966357e-02
2.67159 1.774387383846484992e-02
2.6799 1.794817847062941257e-02
2.68821 1.815303825522498332e-02
2.69652 1.835843527920444709e-02
2.70483 1.856435161674498818e-02
2.71314 1.877076933316127599e-02
2.72145 1.897767048876795870e-02
2.72976 1.918503714270137703e-02
2.73807 1.939285135668960755e-02
2.74638 1.960109519877708054e-02
2.75469 1.980975074700521907e-02
2.763 2.001880009304132443e-02
2.77131 2.022822534575989539e-02
2.77962 2.043800863477825136e-02
2.78793 2.064813211394212963e-02
2.79624 2.085857796476237036e-02
2.80455 2.106932839980231453e-02
2.81286 2.128036566601531829e-02
2.82117 2.149167204803538109e-02
2.82948 2.170322987141834817e-02
2.83779 2.191502150582782735e-02
2.8461 2.212702936817670385e-02
2.85441 2.233923592571841060e-02
2.86272 2.255162369908378719e-02
2.87103 2.276417526527355767e-02
2.87934 2.297687326059326060e-02
2.88765 2.318970038354915136e-02
2.89596 2.340263939767778245e-02
2.90427 2.361567313433898807e-02
2.91258 2.382878449545653213e-02
2.92089 2.404195645619579963e-02
2.9292 2.425517206760955183e-02
2.93751 2.446841445922099192e-02
2.94582 2.468166684155927854e-02
2.95413 2.489491250864533239e-02
2.96244 2.510813484042905344e-02
2.97075 2.532131730517415621e-02
2.97906 2.553444346179204599e-02
2.98737 2.574749696213130337e-02
2.99568 2.596046155320955173e-02
3.00399 2.617332107940371910e-02
3.0123 2.638605948458826178e-02
3.0206 2.659866081421455655e-02
3.02891 2.681110921735867930e-02
3.03722 2.702338894870959587e-02
3.04553 2.723548437050473184e-02
3.05384 2.744737995443062226e-02
3.06215 2.765906028346406392e-02
3.07046 2.787051005366275244e-02
3.07877 2.808171407592455551e-02
3.08708 2.829265727768151897e-02
3.09539 2.850332470455279460e-02
3.1037 2.871370152195825559e-02
3.11201 2.892377301667225717e-02
3.12032 2.913352459833735628e-02
3.12863 2.934294180093566934e-02
3.13694 2.955201028420612400e-02
3.14525 2.976071583502654799e-02
3.15356 2.996904436873584071e-02
3.16187 3.017698193042526664e-02
3.17018 3.038451469617957368e-02
3.17849 3.059162897427054537e-02
3.1868 3.079831120631628880e-02
3.19511 3.100454796838309629e-02
3.20342 3.121032597205800410e-02
3.21173 3.141563206546751225e-02
3.22004 3.162045323426045801e-02
3.22835 3.182477660254858648e-02
3.23666 3.202858943380242074e-02
3.24497 3.223187913170684482e-02
3.25328 3.243463324097489026e-02
3.26159 3.263683944812099252e-02
3.2699 3.283848558220330005e-02
3.27821 3.303955961550973652e-02
3.28652 3.324004966421467699e-02
3.29483 3.343994398899639842e-02
3.30314 3.363923099561755975e-02
3.31145 3.383789923545987843e-02
3.31976 3.403593740602984391e-02
3.32807 3.423333435142297126e-02
3.33638 3.443007906275101504e-02
3.34469 3.462616067853452329e-02
3.353 3.482156848505824770e-02
3.36131 3.501629191669097807e-02
3.36962 3.521032055617426965e-02
3.37793 3.540364413487073758e-02
3.38624 3.559625253297597769e-02
3.39455 3.578813577971583920e-02
3.40286 3.597928405348241321e-02
3.41117 3.616968768195398531e-02
3.41948 3.635933714218455431e-02
3.42779 3.654822306065613757e-02
3.4361 3.673633621329342597e-02
3.44441 3.692366752546597658e-02
3.45272 3.711020807193712162e-02
3.46103 3.729594907680078980e-02
3.46934 3.748088191338543734e-02
3.47765 3.766499810411357008e-02
3.48596 3.784828932035565197e-02
3.49427 3.803074738224317825e-02
3.50258 3.821236425845201540e-02
3.51089 3.839313206596755429e-02
3.5192 3.857304306981339942e-02
3.52751 3.875208968275944271e-02
3.53581 3.893026446500449239e-02
3.54412 3.910756012383586472e-02
3.55243 3.928396951325230368e-02
3.56074 3.945948563357181554e-02
3.56905 3.963410163102240591e-02
3.57736 3.980781079729349414e-02
3.58567 3.998060656906739924e-02
3.59398 4.015248252755422576e-02
3.60229 4.032343239795335016e-02
3.6106 4.049345004894204514e-02
3.61891 4.066252949212720291e-02
3.62722 4.083066488145292022e-02
3.63553 4.099785051263087066e-02
3.64384 4.116408082251444417e-02
3.65215 4.132935038845993170e-02
3.66046 4.149365392770167776e-02
3.66877 4.165698629665239711e-02
3.67708 4.181934249023275957e-02
3.68539 4.198071764116623195e-02
3.6937 4.214110701924349278e-02
3.70201 4.230050603059917758e-02
3.71032 4.245891021694959966e-02
3.71863 4.261631525481349159e-02
3.72694 4.277271695473552904e-02
3.73525 4.292811126047854642e-02
3.74356 4.308249424821181117e-02
3.75187 4.323586212566942616e-02
3.76018 4.338821123131488683e-02
3.76849 4.353953803347995755e-02
3.7768 4.368983912948979503e-02
3.78511 4.383911124477953697e-02
3.79342 4.398735123200209207e-02
3.80173 4.413455607011395471e-02
3.81004 4.428072286346179665e-02
3.81835 4.442584884084256613e-02
3.82666 4.456993135456675803e-02
3.83497 4.471296787951109519e-02
3.84328 4.485495601214599393e-02
3.85159 4.499589346957705294e-02
3.8599 4.513577808854919021e-02
3.86821 4.527460782447243620e-02
3.87652 4.541238075041374028e-02
3.88483 4.554909505608820824e-02
3.89314 4.568474904685985299e-02
3.90145 4.581934114270979491e-02
3.90976 4.595286987720588467e-02
3.91807 4.608533389647396367e-02
3.92638 4.621673195815081264e-02
3.93469 4.634706293034119434e-02
3.943 4.647632579057062174e-02
3.95131 4.660451962470583270e-02
3.95962 4.673164362591686327e-02
3.96793 4.685769709359171448e-02
3.97624 4.698267943226839410e-02
3.98455 4.710659015055650156e-02
3.99286 4.722942886005976337e-02
4.00117 4.735119527429610536e-02
4.00948 4.747188920759322361e-02
4.01779 4.759151057401637269e-02
4.0261 4.771005938626812076e-02
4.03441 4.782753575457963230e-02
4.04271 4.794393988564642217e-02
4.05102 4.805927208150080621e-02
4.05933 4.817353273840861705e-02
4.06764 4.828672234578865879e-02
4.07595 4.839884148509206868e-02
4.08426 4.850989082870817148e-02
4.09257 4.861987113885277850e-02
4.10088 4.872878326647007985e-02
4.10919 4.883662815011156899e-02
4.1175 4.894340681486057665e-02
4.12581 4.904912037120739976e-02
4.13412 4.915377001393526207e-02
4.14243 4.925735702105221714e-02
4.15074 4.935988275265736080e-02
4.15905 4.946134864985615026e-02
4.16736 4.956175623365893096e-02
4.17567 4.966110710388352278e-02
4.18398 4.975940293805235920e-02
4.19229 4.985664549032814419e-02
4.2006 4.995283659038924490e-02
4.20891 5.004797814235217163e-02
4.21722 5.014207212370025424e-02
4.22553 5.023512058418624915e-02
4.23384 5.032712564476691380e-02
4.24215 5.041808949651187255e-02
4.25046 5.050801439953415961e-02
4.25877 5.059690268194207141e-02
4.26708 5.068475673875186271e-02
4.27539 5.077157903082635954e-02
4.2837 5.085737208383655367e-02
4.29201 5.094213848719569837e-02
4.30032 5.102588089301422769e-02
4.30863 5.110860201505215000e-02
4.31694 5.119030462768735246e-02
4.32525 5.127099156488664627e-02
4.33356 5.135066571916017952e-02
4.34187 5.142933004054675572e-02
4.35018 5.150698753560276760e-02
4.35849 5.158364126637546981e-02
4.3668 5.165929434940132181e-02
4.37511 5.173394995470095153e-02
4.38342 5.180761130479102916e-02
4.39173 5.188028167370156707e-02
4.40004 5.195196438594569532e-02
4.40835 5.202266281559476263e-02
4.41666 5.209238038528445081e-02
4.42497 5.216112056524487006e-02
4.43328 5.222888687233850219e-02
4.44159 5.229568286911724651e-02
4.4499 5.236151216286839133e-02
4.45821 5.242637840467640614e-02
4.46652 5.249028528849000036e-02
4.47483 5.255323655017939827e-02
4.48314 5.261523596665508562e-02
4.49145 5.267628735490811898e-02
4.49976 5.273639457112110074e-02
4.50807 5.279556150978593348e-02
4.51638 5.285379210278463857e-02
4.52469 5.291109031852125888e-02
4.533 5.296746016103956456e-02
4.54131 5.302290566914006492e-02
4.54962 5.307743091554298354e-02
4.55792 5.313104000599797733e-02
4.56623 5.318373707845172604e-02
4.57454 5.323552630221962956e-02
4.58285 5.328641187712746669e-02
4.59116 5.333639803269937807e-02
4.59947 5.338548902733591950e-02
4.60778 5.343368914749086623e-02
4.61609 5.348100270687733415e-02
4.6244 5.352743404568661989e-02
4.63271 5.357298752977226325e-02
4.64102 5.361766754986705547e-02
4.64933 5.366147852082709530e-02
4.65764 5.370442488088577465e-02
4.66595 5.374651109083236622e-02
4.67426 5.378774163332416397e-02
4.68257 5.382812101209894645e-02
4.69088 5.386765375128271804e-02
4.69919 5.390634439462417549e-02
4.7075 5.394419750476978775e-02
4.71581 5.398121766261520377e-02
4.72412 5.401740946653601355e-02
4.73243 5.405277753169527438e-02
4.74074 5.408732648940297455e-02
4.74905 5.412106098639320184e-02
4.75736 5.415398568416077835e-02
4.76567 5.418610525829423846e-02
4.77398 5.421742439782555045e-02
4.78229 5.424794780458595811e-02
4.7906 5.427768019254404497e-02
4.79891 5.430662628718434248e-02
4.80722 5.433479082487432249e-02
4.81553 5.436217855226416207e-02
4.82384 5.438879422565132127e-02
4.83215 5.441464261037156497e-02
4.84046 5.443972848023742594e-02
4.84877 5.446405661692954592e-02
4.85708 5.448763180939455303e-02
4.86539 5.451045885331099600e-02
4.8737 5.453254255050409005e-02
4.88201 5.455388770838057177e-02
4.89032 5.457449913939622921e-02
4.89863 5.459438166048276309e-02
4.90694 5.461354009255226655e-02
4.91525 5.463197925993302367e-02
4.92356 5.464970398986268574e-02
4.93187 5.466671911197869965e-02
4.94018 5.468302945780229712e-02
4.94849 5.469863986025088470e-02
4.9568 5.471355515311909085e-02
4.96511 5.472778017063015255e-02
4.97342 5.474131974693740438e-02
4.98173 5.475417871564812466e-02
4.99004 5.476636190937039100e-02
4.99835 5.477787415925564063e-02
5.00666 5.478872029454785048e-02
5.01497 5.479890514213529157e-02
5.02328 5.480843352611292768e-02
5.03159 5.481731026737582391e-02
5.0399 5.482554018316515565e-02
5.04821 5.483312808667163696e-02
5.05652 5.484007878661356639e-02
5.06482 5.484639708685527804e-02
5.07313 5.485208778600432489e-02
5.08144 5.485715567699340350e-02
5.08975 5.486160554673456119e-02
5.09806 5.486544217573968013e-02
5.10637 5.486867033773683289e-02
5.11468 5.487129479929149511e-02
5.12299 5.487332031950067218e-02
5.1313 5.487475164960339824e-02
5.13961 5.487559353261118461e-02
5.14792 5.487585070303663964e-02
5.15623 5.487552788654401908e-02
5.16454 5.487462979956836406e-02
5.17285 5.487316114904989411e-02
5.18116 5.487112663210290397e-02
5.18947 5.486853093571567030e-02
5.19778 5.486537873643926311e-02
5.20609 5.486167470008520425e-02
5.2144 5.485742348146130376e-02
5.22271 5.485262972405284543e-02
5.23102 5.484729805975954026e-02
5.23933 5.484143310864959819e-02
5.24764 5.483503947862717470e-02
5.25595 5.482812176523660375e-02
5.26426 5.482068455137355245e-02
5.27257 5.481273240698914667e-02
5.28088 5.480426988895887447e-02
5.28919 5.479530154075688830e-02
5.2975 5.478583189220271460e-02
5.30581 5.477586545930102774e-02
5.31412 5.476540674395263125e-02
5.32243 5.475446023380429322e-02
5.33074 5.474303040194542641e-02
5.33905 5.473112170676212168e-02
5.34736 5.471873859173660010e-02
5.35567 5.470588548519188937e-02
5.36398 5.469256680013222932e-02
5.37229 5.467878693406711538e-02
5.3806 5.466455026880676082e-02
5.38891 5.464986117027095802e-02
5.39722 5.463472398831124149e-02
5.40553 5.461914305656020291e-02
5.41384 5.460312269226909321e-02
5.42215 5.458666719610709428e-02
5.43046 5.456978085203314371e-02
5.43877 5.455246792714887188e-02
5.44708 5.453473267149478582e-02
5.45539 5.451657931795940437e-02
5.4637 5.449801208213946729e-02
5.47201 5.447903516216349995e-02
5.48032 5.445965273857385214e-02
5.48863 5.443986897420541315e-02
5.49694 5.441968801406596445e-02
5.50525 5.439911398519826219e-02
5.51356 5.437815099656339440e-02
5.52187 5.435680313892761462e-02
5.53018 5.433507448477695873e-02
5.53849 5.431296908818965957e-02
5.5468 5.429049098470278140e-02
5.55511 5.426764419127554778e-02
5.56342 5.424443270616299828e-02
5.57173 5.422086050881076008e-02
5.58003 5.419693155980354754e-02
5.58834 5.417264980072668268e-02
5.59665 5.414801915414282213e-02
5.60496 5.412304352349499303e-02
5.61327 5.409772679299131720e-02
5.62158 5.407207282758130090e-02
5.62989 5.404608547288139442e-02
5.6382 5.401976855510168263e-02
5.64651 5.399312588096994575e-02
5.65482 5.396616123769603507e-02
5.66313 5.393887839291232333e-02
5.67144 5.391128109460454482e-02
5.67975 5.388337307107118196e-02
5.68806 5.385515803090016457e-02
5.69637 5.382663966286108104e-02
5.70468 5.379782163593655603e-02
5.71299 5.376870759927742521e-02
5.7213 5.373930118207993073e-02
5.72961 5.370960599364642957e-02
5.73792 5.367962562333505189e-02
5.74623 5.364936364051268308e-02
5.75454 5.361882359451367042e-02
5.76285 5.358800901467474648e-02
5.77116 5.355692341027784575e-02
5.77947 5.352557027049643229e-02
5.78778 5.349395306445841464e-02
5.79609 5.346207524118407051e-02
5.8044 5.342994022957061467e-02
5.81271 5.339755143842020435e-02
5.82102 5.336491225639274083e-02
5.82933 5.333202605202527063e-02
5.83764 5.329889617373667621e-02
5.84595 5.326552594978952587e-02
5.85426 5.323191868836199547e-02
5.86257 5.319807767745848848e-02
5.87088 5.316400618499597663e-02
5.87919 5.312970745880562368e-02
5.8875 5.309518472657424881e-02
5.89581 5.306044119594144348e-02
5.90412 5.302548005444211038e-02
5.91243 5.299030446958218760e-02
5.92074 5.295491758884173644e-02
5.92905 5.291932253965089816e-02
5.93736 5.288352242946185722e-02
5.94567 5.284752034574528162e-02
5.95398 5.281131935604217731e-02
5.96229 5.277492250795978723e-02
5.9706 5.273833282920011717e-02
5.97891 5.270155332762432865e-02
5.98722 5.266458699123797299e-02
5.99553 5.262743678826001942e-02
6.00384 5.259010566716416230e-02
6.01215 5.255259655664670099e-02
6.02046 5.251491236573295474e-02
6.02877 5.247705598380963260e-02
6.03708 5.243903028062813637e-02
6.04539 5.240083810636123746e-02
6.0537 5.236248229167941859e-02
6.06201 5.232396564773398456e-02
6.07032 5.228529096623197453e-02
6.07863 5.224646101952797050e-02
6.08693 5.220747856058945841e-02
6.09524 5.216834632307153219e-02
6.10355 5.212906702140707865e-02
6.11186 5.208964335082633818e-02
6.12017 5.205007798740051567e-02
6.12848 5.201037358810245426e-02
6.13679 5.197053279088169331e-02
6.1451 5.193055821469414607e-02
6.15341 5.189045245954666818e-02
6.16172 5.185021810659675573e-02
6.17003 5.180985771818713559e-02
6.17834 5.176937383789609326e-02
6.18665 5.172876899060542544e-02
6.19496 5.168804568256178678e-02
6.20327 5.164720640143805053e-02
6.21158 5.160625361640555631e-02
6.21989 5.156518977817589611e-02
6.2282 5.152401731907543803e-02
6.23651 5.148273865312372882e-02
6.24482 5.144135617606471200e-02
6.25313 5.139987226547736154e-02
6.26144 5.135828928080449218e-02
6.26975 5.131660956346083269e-02
6.27806 5.127483543682376244e-02
6.28637 5.123296920640664498e-02
6.29468 5.119101315986421957e-02
6.30299 5.114896956704489267e-02
6.3113 5.110684068012688597e-02
6.31961 5.106462873363419586e-02
6.32792 5.102233594453860904e-02
6.33623 5.097996451232349874e-02
6.34454 5.093751661903122424e-02
6.35285 5.089499442938674040e-02
6.36116 5.085240009083610152e-02
6.36947 5.080973573362596724e-02
6.37778 5.076700347087285958e-02
6.38609 5.072420539868091605e-02
6.3944 5.068134359614068912e-02
6.40271 5.063842012547310756e-02
6.41102 5.059543703208278093e-02
6.41933 5.055239634461543285e-02
6.42764 5.050930007506167219e-02
6.43595 5.046615021883379265e-02
6.44426 5.042294875482224853e-02
6.45257 5.037969764550400548e-02
6.46088 5.033639883696626460e-02
6.46919 5.029305425905405968e-02
6.4775 5.024966582541915555e-02
6.48581 5.020623543356881463e-02
6.49412 5.016276496501555909e-02
6.50243 5.011925628525001203e-02
6.51074 5.007571124394278456e-02
6.51905 5.003213167496588232e-02
6.52736 4.998851939641042047e-02
6.53567 4.994487621081571127e-02
6.54398 4.990120390510556503e-02
6.55229 4.985750425073978698e-02
6.5606 4.981377900379656970e-02
6.56891 4.977002990502320950e-02
6.57722 4.972625867993891308e-02
6.58553 4.968246703890625421e-02
6.59384 4.963865667723058733e-02
6.60214 4.959482927521891710e-02
6.61045 4.955098649825934870e-02
6.61876 4.950712999692300637e-02
6.62707 4.946326140703088264e-02
6.63538 4.941938234974316974e-02
6.64369 4.937549443163084806e-02
6.652 4.933159924476206853e-02
6.66031 4.928769836680289840e-02
6.66862 4.924379336107222865e-02
6.67693 4.919988577659284434e-02
6.68524 4.915597714827665138e-02
6.69355 4.911206899691995809e-02
6.70186 4.906816282926057537e-02
6.71017 4.902426013817563072e-02
6.71848 4.898036240264421609e-02
6.72679 4.893647108788445194e-02
6.7351 4.889258764546902669e-02
6.74341 4.884871351329831551e-02
6.75172 4.880485011575766419e-02
6.76003 4.876099886386713045e-02
6.76834 4.871716115520256102e-02
6.77665 4.867333837407949310e-02
6.78496 4.862953189161570849e-02
6.79327 4.858574306579502289e-02
6.80158 4.854197324159409410e-02
6.80989 4.849822375099798605e-02
6.8182 4.845449591313295834e-02
6.82651 4.841079103428846259e-02
6.83482 4.836711040806816742e-02
6.84313 4.832345531546260869e-02
6.85144 4.827982702482902511e-02
6.85975 4.823622679210244624e-02
6.86806 4.819265586076733332e-02
6.87637 4.814911546202950421e-02
6.88468 4.810560681484880169e-02
6.89299 4.806213112598425874e-02
6.9013 4.801868959012828980e-02
6.90961 4.797528338998361536e-02
6.91792 4.793191369628921339e-02
6.92623 4.788858166795915278e-02
6.93454 4.784528845212824427e-02
6.94285 4.780203518419920417e-02
6.95116 4.775882298801213677e-02
6.95947 4.771565297582969212e-02
6.96778 4.767252624844131592e-02
6.97609 4.762944389529062683e-02
6.9844 4.758640699444233180e-02
6.99271 4.754341661278735365e-02
7.00102 4.750047380602580305e-02
7.00933 4.745757961877303255e-02
7.01764 4.741473508463924652e-02
7.02595 4.737194122631341320e-02
7.03426 4.732919905559600932e-02
7.04257 4.728650957350399864e-02
7.05088 4.724387377040151909e-02
7.05919 4.720129262594036784e-02
7.0675 4.715876710924349346e-02
7.07581 4.711629817896330341e-02
7.08412 4.707388678328637555e-02
7.09243 4.703153386010927584e-02
7.10074 4.698924033704358211e-02
7.10904 4.694700713146762738e-02
7.11735 4.690483515068143844e-02
7.12566 4.686272529192532510e-02
7.13397 4.682067844242338711e-02
7.14228 4.677869547952290263e-02
7.15059 4.673677727072328425e-02
7.1589 4.669492467374215111e-02
7.16721 4.665313853662007154e-02
7.17552 4.661141969776899652e-02
7.18383 4.656976898601894455e-02
7.19214 4.652818722071753316e-02
7.20045 4.648667521183976609e-02
7.20876 4.644523375992666570e-02
7.21707 4.640386365629878967e-02
7.22538 4.636256568304848030e-02
7.23369 4.632134061313755019e-02
7.242 4.628018921042909017e-02
7.25031 4.623911222974909363e-02
7.25862 4.619811041704581511e-02
7.26693 4.615718450934364753e-02
7.27524 4.611633523487426028e-02
7.28355 4.607556331313895220e-02
7.29186 4.603486945491536836e-02
7.30017 4.599425436241329213e-02
7.30848 4.595371872928016854e-02
7.31679 4.591326324068024239e-02
7.3251 4.587288857335273390e-02
7.33341 4.583259539570194024e-02
7.34172 4.579238436783718974e-02
7.35003 4.575225614162933135e-02
7.35834 4.571221136079157282e-02
7.36665 4.567225066093021091e-02
7.37496 4.563237466965034544e-02
7.38327 4.559258400652260734e-02
7.39158 4.555287928324919938e-02
7.39989 4.551326110370154665e-02
7.4082 4.547373006388787803e-02
7.41651 4.543428675214433721e-02
7.42482 4.539493174914239343e-02
7.43313 4.535566562790388501e-02
7.44144 4.531648895392012544e-02
7.44975 4.527740228523061822e-02
7.45806 4.523840617240208056e-02
7.46637 4.519950115863059087e-02
7.47468 4.516068777983380661e-02
7.48299 4.512196656467069161e-02
7.4913 4.508333803457911099e-02
7.49961 4.504480270387534874e-02
7.50792 4.500636107981429573e-02
7.51623 4.496801366260472915e-02
7.52454 4.492976094548634808e-02
7.53285 4.489160341482991562e-02
7.54116 4.485354155011277849e-02
7.54947 4.481557582400940570e-02
7.55778 4.477770670250694890e-02
7.56609 4.473993464487127647e-02
7.5744 4.470226010371222691e-02
7.58271 4.466468352511519108e-02
7.59102 4.462720534862054528e-02
7.59933 4.458982600726148215e-02
7.60764 4.455254592775125672e-02
7.61595 4.451536553034353416e-02
7.62425 4.447828522902735199e-02
7.63256 4.444130543154813789e-02
7.64087 4.440442653942013734e-02
7.64918 4.436764894804422210e-02
7.65749 4.433097304667379251e-02
7.6658 4.429439921853167011e-02
7.67411 4.425792784086338139e-02
7.68242 4.422155928494763549e-02
7.69073 4.418529391617447705e-02
7.69904 4.414913209407772543e-02
7.70735 4.411307417242033013e-02
7.71566 4.407712049918947883e-02
7.72397 4.404127141668674056e-02
7.73228 4.400552726157282157e-02
7.74059 4.396988836491731723e-02
7.7489 4.393435505220100179e-02
7.75721 4.389892764342066822e-02
7.76552 4.386360645312926965e-02
7.77383 4.382839179048126504e-02
7.78214 4.379328395921974065e-02
7.79045 4.375828325783692740e-02
7.79876 4.372338997950538791e-02
7.80707 4.368860441217978230e-02
7.81538 4.365392683868392354e-02
7.82369 4.361935753667975368e-02
7.832 4.358489677873478296e-02
7.84031 4.355054483238327001e-02
7.84862 4.351630196018702046e-02
7.85693 4.348216841972252222e-02
7.86524 4.344814446369771321e-02
7.87355 4.341423033993318387e-02
7.88186 4.338042629139186868e-02
7.89017 4.334673255634791805e-02
7.89848 4.331314936829427920e-02
7.90679 4.327967695601438874e-02
7.9151 4.324631554367429354e-02
7.92341 4.321306535082354572e-02
7.93172 4.317992659245985243e-02
7.94003 4.314689947904535444e-02
7.94834 4.311398421655468494e-02
7.95665 4.308118100653035576e-02
7.96496 4.304849004612972679e-02
7.97327 4.301591152813225710e-02
7.98158 4.298344564100166354e-02
7.98989 4.295109256893711591e-02
7.9982 4.291885249185867918e-02
8.00651 4.288672558555179509e-02
8.01482 4.285471202159207849e-02
8.02313 4.282281196744461976e-02
8.03144 4.279102558648222032e-02
8.03975 4.275935303805245002e-02
8.04806 4.272779447749248949e-02
8.05637 4.269635005615172313e-02
8.06468 4.266501992147052336e-02
8.07299 4.263380421699163036e-02
8.0813 4.260270308236905473e-02
8.08961 4.257171665349412937e-02
8.09792 4.254084506242437891e-02
8.10623 4.251008843747576538e-02
8.11454 4.247944690328604028e-02
8.12285 4.244892058078654495e-02
8.13115 4.241850958724498882e-02
8.13946 4.238821403639345120e-02
8.14777 4.235803403834396269e-02
8.15608 4.232796969964044281e-02
8.16439 4.229802112344296927e-02
8.1727 4.226818840933515425e-02
8.18101 4.223847165345307603e-02
8.18932 4.220887094863998157e-02
8.19763 4.217938638431635578e-02
8.20594 4.215001804652021566e-02
8.21425 4.212076601807770299e-02
8.22256 4.209163037849582983e-02
8.23087 4.206261120406055987e-02
8.23918 4.203370856787516652e-02
8.24749 4.200492253982453933e-02
8.2558 4.197625318667937838e-02
8.26411 4.194770057214079750e-02
8.27242 4.191926475679184222e-02
8.28073 4.189094579817605191e-02
8.28904 4.186274375083162691e-02
8.29735 4.183465866632510299e-02
8.30566 4.180669059326559689e-02
8.31397 4.177883957733076470e-02
8.32228 4.175110566130007389e-02
8.33059 4.172348888511623333e-02
8.3389 4.169598928588399284e-02
8.34721 4.166860689788794148e-02
8.35552 4.164134175265797599e-02
8.36383 4.161419387895319566e-02
8.37214 4.158716330290754271e-02
8.38045 4.156025004784175830e-02
8.38876 4.153345413445175272e-02
8.39707 4.150677558088375352e-02
8.40538 4.148021440258215647e-02
8.41369 4.145377061248533418e-02
8.422 4.142744422096082679e-02
8.43031 4.140123523583037757e-02
8.43862 4.137514366246499570e-02
8.44693 4.134916950372949374e-02
8.45524 4.132331276007229076e-02
8.46355 4.129757342955372307e-02
8.47186 4.127195150780207239e-02
8.48017 4.124644698810935733e-02
8.48848 4.122105986142868966e-02
8.49679 4.119579011639969840e-02
8.5051 4.117063773938511861e-02
8.51341 4.114560271447929851e-02
8.52172 4.112068502355598759e-02
8.53003 4.109588464629702897e-02
8.53834 4.107120156017739915e-02
8.54665 4.104663574048490748e-02
8.55496 4.102218716044191832e-02
8.56327 4.099785579112141809e-02
8.57158 4.097364160149087609e-02
8.57989 4.094954455851031877e-02
8.5882 4.092556462705504439e-02
8.59651 4.090170176999279733e-02
8.60482 4.087795594821285600e-02
8.61313 4.085432712065917293e-02
8.62144 4.083081524427371184e-02
8.62975 4.080742027410596412e-02
8.63806 4.078414216332072045e-02
8.64636 4.076098086315914359e-02
8.65467 4.073793632306703383e-02
8.66298 4.071500849061526761e-02
8.67129 4.069219731156745873e-02
8.6796 4.066950272992030102e-02
8.68791 4.064692468787289154e-02
8.69622 4.062446312588681441e-02
8.70453 4.060211798270596528e-02
8.71284 4.057988919536741068e-02
8.72115 4.055777669923410489e-02
8.72946 4.053578042797694597e-02
8.73777 4.051390031365320610e-02
8.74608 4.049213628670123716e-02
8.75439 4.047048827593307391e-02
8.7627 4.044895620858377644e-02
8.77101 4.042754001033838779e-02
8.77932 4.040623960536953579e-02
8.78763 4.038505491624088534e-02
8.79594 4.036398586409594563e-02
8.80425 4.034303236858689107e-02
8.81256 4.032219434787926576e-02
8.82087 4.030147171865029743e-02
8.82918 4.028086439623902726e-02
8.83749 4.026037229454514782e-02
8.8458 4.023999532604819601e-02
8.85411 4.021973340189905627e-02
8.86242 4.019958643186803682e-02
8.87073 4.017955432441031038e-02
8.87904 4.015963698665223069e-02
8.88735 4.013983432443279237e-02
8.89566 4.012014624230257620e-02
8.90397 4.010057264354997819e-02
8.91228 4.008111343025247408e-02
8.92059 4.006176850322240579e-02
8.9289 4.004253776203940685e-02
8.93721 4.002342110514284929e-02
8.94552 4.000441842976281553e-02
8.95383 3.998552963198936244e-02
8.96214 3.996675460678059122e-02
8.97045 3.994809324792730765e-02
8.97876 3.992954544813384632e-02
8.98707 3.991111109899898868e-02
8.99538 3.989279009107946777e-02
9.00369 3.987458231383982088e-02
9.012 3.985648765567442742e-02
9.02031 3.983850600401776104e-02
9.02862 3.982063724523222936e-02
9.03693 3.980288126467931148e-02
9.04524 3.978523794682423814e-02
9.05355 3.976770717504492930e-02
9.06186 3.975028883180008188e-02
9.07017 3.973298279865995070e-02
9.07848 3.971578895626171057e-02
9.08679 3.969870718427966072e-02
9.0951 3.968173736153677439e-02
9.10341 3.966487936598022540e-02
9.11172 3.964813307466132780e-02
9.12003 3.963149836382183488e-02
9.12834 3.961497510884135625e-02
9.13665 3.959856318427918548e-02
9.14496 3.958226246386584851e-02
9.15326 3.956607282061817138e-02
9.16157 3.954999412666512087e-02
9.16988 3.953402625343233751e-02
9.17819 3.951816907160710796e-02
9.1865 3.950242245107603301e-02
9.19481 3.948678626105660977e-02
9.20312 3.947126037000693588e-02
9.21143 3.945584464571338934e-02
9.21974 3.944053895527516868e-02
9.22805 3.942534316510091369e-02
9.23636 3.941025714096790117e-02
9.24467 3.939528074798302054e-02
9.25298 3.938041385055984778e-02
9.26129 3.936565631258636538e-02
9.2696 3.935100799733100979e-02
9.27791 3.933646876737675185e-02
9.28622 3.932203848480731595e-02
9.29453 3.930771701104018162e-02
9.30284 3.929350420704267460e-02
9.31115 3.927939993318450840e-02
9.31946 3.926540404922985311e-02
9.32777 3.925151641448287876e-02
9.33608 3.923773688775594043e-02
9.34439 3.922406532728441725e-02
9.3527 3.921050159084847608e-02
9.36101 3.919704553573746114e-02
9.36932 3.918369701877931488e-02
9.37763 3.917045589636198449e-02
9.38594 3.915732202439804049e-02
9.39425 3.914429525833103274e-02
9.40256 3.913137545319850252e-02
9.41087 3.911856246366793299e-02
9.41918 3.910585614397086435e-02
9.42749 3.909325634795398491e-02
9.4358 3.908076292900242860e-02
9.44411 3.906837574021804205e-02
9.45242 3.905609463434577683e-02
9.46073 3.904391946370830424e-02
9.46904 3.903185008032357406e-02
9.47735 3.901988633585027483e-02
9.48566 3.900802808169343688e-02
9.49397 3.899627516886087358e-02
9.50228 3.898462744807230929e-02
9.51059 3.897308476979741837e-02
9.5189 3.896164698418657507e-02
9.52721 3.895031394112376949e-02
9.53552 3.893908549025320437e-02
9.54383 3.892796148091035024e-02
9.55214 3.891694176220008433e-02
9.56045 3.890602618301549492e-02
9.56876 3.889521459203112985e-02
9.57707 3.888450683764898413e-02
9.58538 3.887390276807204531e-02
9.59369 3.886340223132647015e-02
9.602 3.885300507527618408e-02
9.61031 3.884271114756158993e-02
9.61862 3.883252029558938168e-02
9.62693 3.882243236671306663e-02
9.63524 3.881244720809205739e-02
9.64355 3.880256466667053594e-02
9.65186 3.879278458933903273e-02
9.66017 3.878310682280493304e-02
9.66847 3.877353121366410721e-02
9.67678 3.876405760838278619e-02
9.68509 3.875468585336839383e-02
9.6934 3.874541579490493187e-02
9.70171 3.873624727912449578e-02
9.71002 3.872718015213796883e-02
9.71833 3.871821426000224275e-02
9.72664 3.870934944862777088e-02
9.73495 3.870058556392979437e-02
9.74326 3.869192245178491862e-02
9.75157 3.868335995791795379e-02
9.75988 3.867489792812595778e-02
9.76819 3.866653620811912745e-02
9.7765 3.865827464363884997e-02
9.78481 3.865011308034480703e-02
9.79312 3.864205136391168222e-02
9.80143 3.863408934003823708e-02
9.80974 3.862622685440773168e-02
9.81805 3.861846375271448667e-02
9.82636 3.861079988069360258e-02
9.83467 3.860323508407802889e-02
9.84298 3.859576920864206395e-02
9.85129 3.858840210023069262e-02
9.8596 3.858113360468914260e-02
9.86791 3.857396356797123532e-02
9.87622 3.856689183603465021e-02
9.88453 3.855991825494891473e-02
9.89284 3.855304267084890685e-02
9.90115 3.854626492991263670e-02
9.90946 3.853958487850234205e-02
9.91777 3.853300236293454722e-02
9.92608 3.852651722972286891e-02
9.93439 3.852012932549069013e-02
9.9427 3.851383849691843858e-02
9.95101 3.850764459086641889e-02
9.95932 3.850154745424105157e-02
9.96763 3.849554693413750200e-02
9.97594 3.848964287780679006e-02
9.98425 3.848383513257961491e-02
9.99256 3.847812354599475931e-02
10.0009 3.847250796568608966e-02
10.0092 3.846698823948371815e-02
10.0175 3.846156421542774873e-02
10.0258 3.845623574161939617e-02
10.0341 3.845100266642785536e-02
10.0424 3.844586483837443558e-02
10.0507 3.844082210615984430e-02
10.059 3.843587431872727556e-02
10.0673 3.843102132513759317e-02
10.0757 3.842626297470824043e-02
10.084 3.842159911697062141e-02
10.0923 3.841702960165068598e-02
10.1006 3.841255427873806888e-02
10.1089 3.840817299836844084e-02
10.1172 3.840388561095136460e-02
10.1255 3.839969196716361277e-02
10.1338 3.839559191790672954e-02
10.1421 3.839158531426509896e-02
10.1504 3.838767200765850346e-02
10.1588 3.838385184971219305e-02
10.1671 3.838012469233132579e-02
10.1754 3.837649038770389598e-02
10.1837 3.837294878825219663e-02
10.192 3.836949974666496038e-02
10.2003 3.836614311594520321e-02
10.2086 3.836287874941284037e-02
10.2169 3.835970650058903586e-02
10.2252 3.835662622330817534e-02
10.2335 3.835363777179356948e-02
10.2419 3.835074100046245021e-02
10.2502 3.834793576406900911e-02
10.2585 3.834522191771948946e-02
10.2668 3.834259931679213917e-02
10.2751 3.834006781701586319e-02
10.2834 3.833762727439042617e-02
10.2917 3.833527754528695541e-02
10.3 3.833301848643414639e-02
10.3083 3.833084995484203894e-02
10.3166 3.832877180788609589e-02
10.325 3.832678390328746881e-02
10.3333 3.832488609910570526e-02
10.3416 3.832307825376287530e-02
10.3499 3.832136022603312847e-02
10.3582 3.831973187506032552e-02
10.3665 3.831819306033834582e-02
10.3748 3.831674364175955555e-02
10.3831 3.831538347954852042e-02
10.3914 3.831411243427969987e-02
10.3997 3.831293036701202692e-02
10.4081 3.831183713910522870e-02
10.4164 3.831083261231452153e-02
10.4247 3.830991664881060882e-02
10.433 3.830908911114754706e-02
10.4413 3.830834986226450134e-02
10.4496 3.830769876549051239e-02
10.4579 3.830713568458276458e-02
10.4662 3.830666048375230837e-02
10.4745 3.830627302753152053e-02
10.4828 3.830597318088851261e-02
10.4911 3.830576080924964766e-02
10.4995 3.830563577845225859e-02
10.5078 3.830559795473397616e-02
10.5161 3.830564720478554785e-02
10.5244 3.830578339568570939e-02
10.5327 3.830600639499590759e-02
10.541 3.830631607070125039e-02
10.5493 3.830671229119372162e-02
10.5576 3.830719492538429277e-02
10.5659 3.830776384253929689e-02
10.5742 3.830841891243716435e-02
10.5826 3.830916000527383181e-02
10.5909 3.830998699169668037e-02
10.5992 3.831089974287678335e-02
10.6075 3.831189813039383163e-02
10.6158 3.831298202624632693e-02
10.6241 3.831415130300052513e-02
10.6324 3.831540583360174695e-02
10.6407 3.831674549147904424e-02
10.649 3.831817015066635301e-02
10.6573 3.831967968548533054e-02
10.6657 3.832127397084350573e-02
10.674 3.832295288211132883e-02
10.6823 3.832471629512296252e-02
10.6906 3.832656408622964889e-02
10.6989 3.832849613229132729e-02
10.7072 3.833051231062476610e-02
10.7155 3.833261249902767537e-02
10.7238 3.833479657584879657e-02
10.7321 3.833706441986370339e-02
10.7404 3.833941591040000707e-02
10.7488 3.834185092734033323e-02
10.7571 3.834436935094950871e-02
10.7654 3.834697106210606388e-02
10.7737 3.834965594214949369e-02
10.782 3.835242387293271576e-02
10.7903 3.835527473687101729e-02
10.7986 3.835820841685048249e-02
10.8069 3.836122479630571513e-02
10.8152 3.836432375914290704e-02
10.8235 3.836750518987988579e-02
10.8319 3.837076897349214755e-02
10.8402 3.837411499549022581e-02
10.8485 3.837754314194803673e-02
10.8568 3.838105329948015426e-02
10.8651 3.838464535516272758e-02
10.8734 3.838831919666101794e-02
10.8817 3.839207471222620682e-02
10.89 3.839591179057134235e-02
10.8983 3.839983032097016996e-02
10.9066 3.840383019323738434e-02
10.915 3.840791129777328117e-02
10.9233 3.841207352550199405e-02
10.9316 3.841631676788824501e-02
10.9399 3.842064091697632022e-02
10.9482 3.842504586531456795e-02
10.9565 3.842953150603898443e-02
10.9648 3.843409773286712849e-02
10.9731 3.843874444003687885e-02
10.9814 3.844347152234517395e-02
10.9897 3.844827887515592929e-02
10.998 3.845316639443849271e-02
11.0064 3.845813397668154665e-02
11.0147 3.846318151892617887e-02
11.023 3.846830891882321163e-02
11.0313 3.847351607458599637e-02
11.0396 3.847880288498454343e-02
11.0479 3.848416924937261840e-02
11.0562 3.848961506764621288e-02
11.0645 3.849514024031150394e-02
11.0728 3.850074466850311045e-02
11.0811 3.850642825381489498e-02
11.0895 3.851219089845216159e-02
11.0978 3.851803250529314132e-02
11.1061 3.852395297769586890e-02
11.1144 3.852995221963599615e-02
11.1227 3.853603013572756003e-02
11.131 3.854218663110350884e-02
11.1393 3.854842161143984258e-02
11.1476 3.855473498311890596e-02
11.1559 3.856112665305374415e-02
11.1642 3.856759652873600897e-02
11.1726 3.857414451829146301e-02
11.1809 3.858077053038025395e-02
11.1892 3.858747447430584121e-02
11.1975 3.859425625996597276e-02
11.2058 3.860111579782544988e-02
11.2141 3.860805299894468079e-02
11.2224 3.861506777501862164e-02
11.2307 3.862216003832284750e-02
11.239 3.862932970174452058e-02
11.2473 3.863657667872874568e-02
11.2557 3.864390088337282814e-02
11.264 3.865130223038028973e-02
11.2723 3.865878063501803491e-02
11.2806 3.866633601317597674e-02
11.2889 3.867396828135553216e-02
11.2972 3.868167735666863671e-02
11.3055 3.868946315684983206e-02
11.3138 3.869732560019529394e-02
11.3221 3.870526460566097587e-02
11.3304 3.871328009278079962e-02
11.3388 3.872137198167104055e-02
11.3471 3.872954019317714075e-02
11.3554 3.873778464864942317e-02
11.3637 3.874610527004607868e-02
11.372 3.875450198000959801e-02
11.3803 3.876297470176463811e-02
11.3886 3.877152335914554188e-02
11.3969 3.878014787659784385e-02
11.4052 3.878884817917968575e-02
11.4135 3.879762419259917550e-02
11.4219 3.880647584319001087e-02
11.4302 3.881540305786677220e-02
11.4385 3.882440576412168193e-02
11.4468 3.883348389016348656e-02
11.4551 3.884263736478101026e-02
11.4634 3.885186611736504703e-02
11.4717 3.886117007794529649e-02
11.48 3.887054917721172176e-02
11.4883 3.888000334640953626e-02
11.4966 3.888953251737121281e-02
11.5049 3.889913662269427197e-02
11.5133 3.890881559553532182e-02
11.5216 3.891856936960165492e-02
11.5299 3.892839787928845108e-02
11.5382 3.893830105965442878e-02
11.5465 3.894827884632281328e-02
11.5548 3.895833117553779840e-02
11.5631 3.896845798421064849e-02
11.5714 3.897865920986579025e-02
11.5797 3.898893479065194262e-02
11.588 3.899928466532837090e-02
11.5964 3.900970877330083714e-02
11.6047 3.902020705461758943e-02
11.613 3.903077944990600290e-02
11.6213 3.904142590046789929e-02
11.6296 3.905214634819141606e-02
11.6379 3.906294073565583919e-02
11.6462 3.907380900599928542e-02
11.6545 3.908475110302842698e-02
11.6628 3.909576697117001648e-02
11.6711 3.910685655548178791e-02
11.6795 3.911801980166320497e-02
11.6878 3.912925665602216135e-02
11.6961 3.914056706551018172e-02
11.7044 3.915195097765516996e-02
11.7127 3.916340834068900850e-02
11.721 3.917493910347524810e-02
11.7293 3.918654321545173014e-02
11.7376 3.919822062671909219e-02
11.7459 3.920997128800267351e-02
11.7542 3.922179515062938077e-02
11.7626 3.923369216661055925e-02
11.7709 3.924566228857041122e-02
11.7792 3.925770546971802527e-02
11.7875 3.926982166394933638e-02
11.7958 3.928201082577085362e-02
11.8041 3.929427291028151498e-02
11.8124 3.930660787328358469e-02
11.8207 3.931901567117800089e-02
11.829 3.933149626092723172e-02
11.8373 3.934404960022781089e-02
11.8457 3.935667564736788221e-02
11.854 3.936937436122334849e-02
11.8623 3.938214570136325254e-02
11.8706 3.939498962793648584e-02
11.8789 3.940790610173897784e-02
11.8872 3.942089508422368105e-02
11.8955 3.943395653741166296e-02
11.9038 3.944709042399663357e-02
11.9121 3.946029670729368083e-02
11.9204 3.947357535122127115e-02
11.9288 3.948692632035354089e-02
11.9371 3.950034957988338147e-02
11.9454 3.951384509564650344e-02
11.9537 3.952741283407534834e-02
11.962 3.954105276222317361e-02
11.9703 3.955476484780663660e-02
11.9786 3.956854905913644027e-02
11.9869 3.958240536518314173e-02
11.9952 3.959633373551265517e-02
12.0035 3.961033414031017025e-02
12.0118 3.962440655041314652e-02
12.0202 3.963855093726555145e-02
12.0285 3.965276727292318254e-02
12.0368 3.966705553009112345e-02
12.0451 3.968141568210110937e-02
12.0534 3.969584770285251168e-02
12.0617 3.971035156695977564e-02
12.07 3.972492724959682253e-02
12.0783 3.973957472651169776e-02
12.0866 3.975429397417341859e-02
12.0949 3.976908496961691769e-02
12.1033 3.978394769051218915e-02
12.1116 3.979888211518286395e-02
12.1199 3.981388822244306264e-02
12.1282 3.982896599187980141e-02
12.1365 3.984411540362617354e-02
12.1448 3.985933643842096835e-02
12.1531 3.987462907762288206e-02
12.1614 3.988999330326049170e-02
12.1697 3.990542909790632808e-02
12.178 3.992093644479027120e-02
12.1864 3.993651532777716534e-02
12.1947 3.995216573127309545e-02
12.203 3.996788764033816499e-02
12.2113 3.998368104067780149e-02
12.2196 3.999954591857594194e-02
12.2279 4.001548226090016758e-02
12.2362 4.003149005516470210e-02
12.2445 4.004756928953052963e-02
12.2528 4.006371995267679620e-02
12.2611 4.007994203395710137e-02
12.2695 4.009623552332858276e-02
12.2778 4.011260041133907217e-02
12.2861 4.012903668914970939e-02
12.2944 4.014554434849115783e-02
12.3027 4.016212338177882479e-02
12.311 4.017877378198950189e-02
12.3193 4.019549554268402047e-02
12.3276 4.021228865805605290e-02
12.3359 4.022915312287528994e-02
12.3442 4.024608893254050246e-02
12.3526 4.026309608304481924e-02
12.3609 4.028017457097171627e-02
12.3692 4.029732439350856149e-02
12.3775 4.031454554846431587e-02
12.3858 4.033183803420895691e-02
12.3941 4.034920184969566226e-02
12.4024 4.036663699453076071e-02
12.4107 4.038414346888265227e-02
12.419 4.040172127355595028e-02
12.4273 4.041937040985766477e-02
12.4357 4.043709087974481364e-02
12.444 4.045488268583719710e-02
12.4523 4.047274583119801067e-02
12.4606 4.049068031954560637e-02
12.4689 4.050868615527904865e-02
12.4772 4.052676334325950452e-02
12.4855 4.054491188897382109e-02
12.4938 4.056313179852186201e-02
12.5021 4.058142307852708602e-02
12.5104 4.059978573629908355e-02
12.5187 4.061821977965458103e-02
12.5271 4.063672521701600093e-02
12.5354 4.065530205737764163e-02
12.5437 4.067395031031027786e-02
12.552 4.069266998599120611e-02
12.5603 4.071146109517893852e-02
12.5686 4.073032364918393461e-02
12.5769 4.074925765988180598e-02
12.5852 4.076826313979361321e-02
12.5935 4.078734010189654507e-02
12.6018 4.080648855988113638e-02
12.6102 4.082570852794093624e-02
12.6185 4.084500002080684866e-02
12.6268 4.086436305383955858e-02
12.6351 4.088379764296274504e-02
12.6434 4.090330380465912602e-02
12.6517 4.092288155595840554e-02
12.66 4.094253091450002213e-02
12.6683 4.096225189840034531e-02
12.6766 4.098204452648157581e-02
12.6849 4.100190881805577253e-02
12.6933 4.102184479292974445e-02
12.7016 4.104185247160407196e-02
12.7099 4.106193187506628622e-02
12.7182 4.108208302484510355e-02
12.7265 4.110230594306443774e-02
12.7348 4.112260065239403684e-02
12.7431 4.114296717608275505e-02
12.7514 4.116340553790124451e-02
12.7597 4.118391576216703931e-02
12.768 4.120449787378169249e-02
12.7764 4.122515189821859827e-02
12.7847 4.124587786143746326e-02
12.793 4.126667578997061936e-02
12.8013 4.128754571093939951e-02
12.8096 4.130848765195658384e-02
12.8179 4.132950164120831327e-02
12.8262 4.135058770741763257e-02
12.8345 4.137174587985702201e-02
12.8428 4.139297618834860554e-02
12.8511 4.141427866324425694e-02
12.8595 4.143565333544605572e-02
12.8678 4.145710023636226677e-02
12.8761 4.147861939795607911e-02
12.8844 4.150021085275380078e-02
12.8927 4.152187463382897570e-02
12.901 4.154361077469038294e-02
12.9093 4.156541930946298924e-02
12.9176 4.158730027281986458e-02
12.9259 4.160925369987850814e-02
12.9342 4.163127962635719548e-02
12.9426 4.165337808846730772e-02
12.9509 4.167554912301327241e-02
12.9592 4.169779276720179256e-02
12.9675 4.172010905884525334e-02
12.9758 4.174249803629802302e-02
12.9841 4.176495973832229647e-02
12.9924 4.178749420436945333e-02
13.0007 4.181010147430316848e-02
13.009 4.183278158842801409e-02
13.0173 4.185553458775782137e-02
13.0256 4.187836051366099904e-02
13.034 4.190125940812494676e-02
13.0423 4.192423131357134874e-02
13.0506 4.194727627293144689e-02
13.0589 4.197039432968935335e-02
13.0672 4.199358552785863868e-02
13.0755 4.201684991189674756e-02
13.0838 4.204018752674465453e-02
13.0921 4.206359841794403420e-02
13.1004 4.208708263150488793e-02
13.1087 4.211064021389056972e-02
13.1171 4.213427121208816045e-02
13.1254 4.215797567359315379e-02
13.1337 4.218175364637889724e-02
13.142 4.220560517898187120e-02
13.1503 4.222953032034356541e-02
13.1586 4.225352911988071447e-02
13.1669 4.227760162762038421e-02
13.1752 4.230174789399977070e-02
13.1835 4.232596796991694443e-02
13.1918 4.235026190682724540e-02
13.2002 4.237462975665122478e-02
13.2085 4.239907157172936869e-02
13.2168 4.242358740497173542e-02
13.2251 4.244817730972807318e-02
13.2334 4.247284133981137771e-02
13.2417 4.249757954958582884e-02
13.25 4.252239199376534051e-02
13.2583 4.254727872764244023e-02
13.2666 4.257223980698557342e-02
13.2749 4.259727528797534191e-02
13.2833 4.262238522728820089e-02
13.2916 4.264756968204778953e-02
13.2999 4.267282870989325128e-02
13.3082 4.269816236893791278e-02
13.3165 4.272357071767185488e-02
13.3248 4.274905381509443159e-02
13.3331 4.277461172071420764e-02
13.3414 4.280024449446681589e-02
13.3497 4.282595219671175846e-02
13.358 4.285173488831155175e-02
13.3664 4.287759263052733083e-02
13.3747 4.290352548514267395e-02
13.383 4.292953351439660753e-02
13.3913 4.295561678087982810e-02
13.3996 4.298177534770296349e-02
13.4079 4.300800927846320371e-02
13.4162 4.303431863713698402e-02
13.4245 4.306070348819194399e-02
13.4328 4.308716389646879280e-02
13.4411 4.311369992728555922e-02
13.4495 4.314031164644888811e-02
13.4578 4.316699912020266483e-02
13.4661 4.319376241510716058e-02
13.4744 4.322060159826060510e-02
13.4827 4.324751673719261919e-02
13.491 4.327450789983177531e-02
13.4993 4.330157515457952466e-02
13.5076 4.332871857020433731e-02
13.5159 4.335593821591930686e-02
13.5242 4.338323416143353983e-02
13.5325 4.341060647679572532e-02
13.5409 4.343805523246781902e-02
13.5492 4.346558049944189428e-02
13.5575 4.349318234902595920e-02
13.5658 4.352086085294649964e-02
13.5741 4.354861608342149026e-02
13.5824 4.357644811299769827e-02
13.5907 4.360435701470709302e-02
13.599 4.363234286193700545e-02
13.6073 4.366040572851759977e-02
13.6156 4.368854568867529958e-02
13.624 4.371676281706589340e-02
13.6323 4.374505718869953902e-02
13.6406 4.377342887897742868e-02
13.6489 4.380187796380706489e-02
13.6572 4.383040451940194843e-02
13.6655 4.385900862239339171e-02
13.6738 4.388769034980962574e-02
13.6821 4.391644977909776870e-02
13.6904 4.394528698809219147e-02
13.6987 4.397420205492996725e-02
13.7071 4.400319505827549743e-02
13.7154 4.403226607715378382e-02
13.7237 4.406141519084492281e-02
13.732 4.409064247914369628e-02
13.7403 4.411994802218634909e-02
13.7486 4.414933190052906103e-02
13.7569 4.417879419504618099e-02
13.7652 4.420833498699810321e-02
13.7735 4.423795435806351928e-02
13.7818 4.426765239024145482e-02
13.7902 4.429742916598906899e-02
13.7985 4.432728476800117112e-02
13.8068 4.435721927947744447e-02
13.8151 4.438723278389881954e-02
13.8234 4.441732536510885343e-02
13.8317 4.444749710738767762e-02
13.84 4.447774809533385637e-02
13.8483 4.450807841386885538e-02
13.8566 4.453848814832819802e-02
13.8649 4.456897738438218848e-02
13.8733 4.459954620805395287e-02
13.8816 4.463019470572717612e-02
13.8899 4.466092296416745294e-02
13.8982 4.469173107039520892e-02
13.9065 4.472261911185240746e-02
13.9148 4.475358717635473382e-02
13.9231 4.478463535200612189e-02
13.9314 4.481576372724451612e-02
13.9397 4.484697239090105342e-02
13.948 4.487826143214225516e-02
13.9564 4.490963094036467401e-02
13.9647 4.494108100548008938e-02
13.973 4.497261171759429910e-02
13.9813 4.500422316719281807e-02
13.9896 4.503591544508694922e-02
13.9979 4.506768864242826494e-02
14.0062 4.509954285066845869e-02
14.0145 4.513147816161132420e-02
14.0228 4.516349466740662844e-02
14.0311 4.519559246043558520e-02
14.0394 4.522777163348824098e-02
14.0478 4.526003227967584364e-02
14.0561 4.529237449231359597e-02
14.0644 4.532479836515139471e-02
14.0727 4.535730399220561093e-02
14.081 4.538989146778713013e-02
14.0893 4.542256088657962293e-02
14.0976 4.545531234350244643e-02
14.1059 4.548814593379237742e-02
14.1142 4.552106175305800639e-02
14.1225 4.555405989709972181e-02
14.1309 4.558714046203473508e-02
14.1392 4.562030354444807784e-02
14.1475 4.565354924101599349e-02
14.1558 4.568687764874439922e-02
14.1641 4.572028886503930190e-02
14.1724 4.575378298752463824e-02
14.1807 4.578736011404683365e-02
14.189 4.582102034291803822e-02
14.1973 4.585476377256203495e-02
14.2056 4.588859050174407678e-02
14.214 4.592250062956847179e-02
14.2223 4.595649425531746907e-02
14.2306 4.599057147868019363e-02
14.2389 4.602473239946001937e-02
14.2472 4.605897711786245685e-02
14.2555 4.609330573435423128e-02
14.2638 4.612771834959556588e-02
14.2721 4.616221506457583029e-02
14.2804 4.619679598056524589e-02
14.2887 4.623146119906019341e-02
14.2971 4.626621082178136030e-02
14.3054 4.630104495083453564e-02
14.3137 4.633596368850597530e-02
14.322 4.637096713731270192e-02
14.3303 4.640605540007183838e-02
14.3386 4.644122857985932828e-02
14.3469 4.647648677998829359e-02
14.3552 4.651183010401990087e-02
14.3635 4.654725865576120336e-02
14.3718 4.658277253926313560e-02
14.3802 4.661837185885696344e-02
14.3885 4.665405671910059782e-02
14.3968 4.668982722469917912e-02
14.4051 4.672568348077368178e-02
14.4134 4.676162559258160295e-02
14.4217 4.679765366555405787e-02
14.43 4.683376780549899226e-02
14.4383 4.686996811836805638e-02
14.4466 4.690625471032523752e-02
14.4549 4.694262768778979800e-02
14.4633 4.697908715746585556e-02
14.4716 4.701563322621912094e-02
14.4799 4.705226600111338947e-02
14.4882 4.708898558948495378e-02
14.4965 4.712579209886420123e-02
14.5048 4.716268563701184191e-02
14.5131 4.719966631189782824e-02
14.5214 4.723673423169321567e-02
14.5297 4.727388950480612001e-02
14.538 4.731113223984818178e-02
14.5463 4.734846254558854745e-02
14.5547 4.738588053107813114e-02
14.563 4.742338630552161288e-02
14.5713 4.746097997835747179e-02
14.5796 4.749866165917431687e-02
14.5879 4.753643145784732654e-02
14.5962 4.757428948431043081e-02
14.6045 4.761223584884295701e-02
14.6128 4.765027066181087845e-02
14.6211 4.768839403380906866e-02
14.6294 4.772660607567179303e-02
14.6378 4.776490689828387370e-02
14.6461 4.780329661284702519e-02
14.6544 4.784177533070969879e-02
14.6627 4.788034316333452528e-02
14.671 4.791900022245799279e-02
14.6793 4.795774661994591653e-02
14.6876 4.799658246782285281e-02
14.6959 4.803550787835694780e-02
14.7042 4.807452296394679886e-02
14.7125 4.811362783705225993e-02
14.7209 4.815282261051341550e-02
14.7292 4.819210739720339309e-02
14.7375 4.823148231015651072e-02
14.7458 4.827094746262175495e-02
14.7541 4.831050296795066923e-02
14.7624 4.835014893971834732e-02
14.7707 4.838988549160544439e-02
14.779 4.842971273747612854e-02
14.7873 4.846963079132145941e-02
14.7956 4.850963976728851768e-02
14.804 4.854973977972736054e-02
14.8123 4.858993094304941973e-02
14.8206 4.863021337185398363e-02
14.8289 4.867058718087782787e-02
14.8372 4.871105248501195195e-02
14.8455 4.875160939926971582e-02
14.8538 4.879225803883986690e-02
14.8621 4.883299851898819516e-02
14.8704 4.887383095511072667e-02
14.8787 4.891475546282857828e-02
14.8871 4.895577215778749297e-02
14.8954 4.899688115581314618e-02
14.9037 4.903808257283755884e-02
14.912 4.907937652495156927e-02
14.9203 4.912076312834940534e-02
14.9286 4.916224249929151274e-02
14.9369 4.920381475421699291e-02
14.9452 4.924548000971201711e-02
14.9535 4.928723838240098298e-02
14.9618 4.932908998905281145e-02
14.9702 4.937103494658533903e-02
14.9785 4.941307337193305560e-02
14.9868 4.945520538220658097e-02
14.9951 4.949743109462569068e-02
15.0034 4.953975062648843103e-02
15.0117 4.958216409522323009e-02
15.02 4.962467161831056461e-02
15.0283 4.966727331334689494e-02
15.0366 4.970996929801389796e-02
15.0449 4.975275969018326527e-02
15.0532 4.979564460766189998e-02
15.0616 4.983862416843257148e-02
15.0699 4.988169849057588062e-02
15.0782 4.992486769225142063e-02
15.0865 4.996813189166733615e-02
15.0948 5.001149120713199725e-02
15.1031 5.005494575704691473e-02
15.1114 5.009849565987042203e-02
15.1197 5.014214103420420315e-02
15.128 5.018588199863442678e-02
15.1363 5.022971867185336420e-02
15.1447 5.027365117259415678e-02
15.153 5.031767961974598774e-02
15.1613 5.036180413223649566e-02
15.1696 5.040602482895554376e-02
15.1779 5.045034182895731523e-02
15.1862 5.049475525134304588e-02
15.1945 5.053926521527731669e-02
15.2028 5.058387183996982533e-02
15.2111 5.062857524465703279e-02
15.2194 5.067337554866466198e-02
15.2278 5.071827287137196938e-02
15.2361 5.076326733216485892e-02
15.2444 5.080835905056706181e-02
15.2527 5.085354814607820351e-02
15.261 5.089883473821322363e-02
15.2693 5.094421894658753697e-02
15.2776 5.098970089088137453e-02
15.2859 5.103528069070177586e-02
15.2942 5.108095846581035826e-02
15.3025 5.112673433597934164e-02
15.3109 5.117260842095106010e-02
15.3192 5.121858084049978055e-02
15.3275 5.126465171457857822e-02
15.3358 5.131082116297164958e-02
15.3441 5.135708930557213170e-02
15.3524 5.140345626234115589e-02
15.3607 5.144992215315993128e-02
15.369 5.149648709806078917e-02
15.3773 5.154315121694386104e-02
15.3856 5.158991462986425164e-02
15.394 5.163677745678862258e-02
15.4023 5.168373981772421411e-02
15.4106 5.173080183275725191e-02
15.4189 5.177796362183869489e-02
15.4272 5.182522530506995101e-02
15.4355 5.187258700249999799e-02
15.4438 5.192004883411364957e-02
15.4521 5.196761092004355265e-02
15.4604 5.201527338028416603e-02
15.4687 5.206303633488109511e-02
15.4771 5.211089990387479665e-02
15.4854 5.215886420734409251e-02
15.4937 5.220692936527212419e-02
15.502 5.225509549766264167e-02
15.5103 5.230336272455034241e-02
15.5186 5.235173116588363179e-02
15.5269 5.240020094164068304e-02
15.5352 5.244877217177879719e-02
15.5435 5.249744497625034173e-02
15.5518 5.254621947493606088e-02
15.5601 5.259509578773823024e-02
15.5685 5.264407403452501383e-02
15.5768 5.269315433506940177e-02
15.5851 5.274233680924117484e-02
15.5934 5.279162157679194445e-02
15.6017 5.284100875746997744e-02
15.61 5.289049847094856593e-02
15.6183 5.294009083691851580e-02
15.6266 5.298978597500014764e-02
15.6349 5.303958400475383000e-02
15.6432 5.308948504579403399e-02
15.6516 5.313948921757614963e-02
15.6599 5.318959663954885009e-02
15.6682 5.323980743107746549e-02
15.6765 5.329012171158475225e-02
15.6848 5.334053960039279729e-02
15.6931 5.339106121669037058e-02
15.7014 5.344168667971685438e-02
15.7097 5.349241610855601237e-02
15.718 5.354324962233043134e-02
15.7263 5.359418734004970514e-02
15.7347 5.364522938067495250e-02
15.743 5.369637586306463817e-02
15.7513 5.374762690605509180e-02
15.7596 5.379898262841163736e-02
15.7679 5.385044314882824618e-02
15.7762 5.390200858588983790e-02
15.7845 5.395367905817382431e-02
15.7928 5.400545468410512806e-02
15.8011 5.405733558204719319e-02
15.8094 5.410932187034428464e-02
15.8178 5.416141366720365891e-02
15.8261 5.421361109080218704e-02
15.8344 5.426591425916347383e-02
15.8427 5.431832329023241618e-02
15.851 5.437083830192804279e-02
15.8593 5.442345941201042619e-02
15.8676 5.447618673819215607e-02
15.8759 5.452902039807967088e-02
15.8842 5.458196050918379810e-02
15.8925 5.463500718888786994e-02
15.9009 5.468816055448472851e-02
15.9092 5.474142072323445740e-02
15.9175 5.479478781225347039e-02
15.9258 5.484826193843565095e-02
15.9341 5.490184321875755946e-02
15.9424 5.495553177005179507e-02
15.9507 5.500932770886026585e-02
15.959 5.506323115180167260e-02
15.9673 5.511724221536113549e-02
15.9756 5.517136101580678853e-02
15.984 5.522558766937816360e-02
15.9923 5.527992229216564107e-02
16.0006 5.533436500015247173e-02
16.0089 5.538891590916776575e-02
16.0172 5.544357513492301909e-02
16.0255 5.549834279304335927e-02
16.0338 5.555321899896355220e-02
16.0421 5.560820386805791216e-02
16.0504 5.566329751550031651e-02
16.0587 5.571850005632136837e-02
16.067 5.577381160556363349e-02
16.0754 5.582923227794540227e-02
16.0837 5.588476218812993973e-02
16.092 5.594040145065815733e-02
16.1003 5.599615017986112747e-02
16.1086 5.605200848997887036e-02
16.1169 5.610797649510875645e-02
16.1252 5.616405430918005454e-02
16.1335 5.622024204600544611e-02
16.1418 5.627653981912230513e-02
16.1501 5.633294774210543393e-02
16.1585 5.638946592824447407e-02
16.1668 5.644609449062131662e-02
16.1751 5.650283354236543265e-02
16.1834 5.655968319629144786e-02
16.1917 5.661664356504267359e-02
16.2 5.667371476112189471e-02
16.2083 5.673089689692181747e-02
16.2166 5.678819008461868934e-02
16.2249 5.684559443618288771e-02
16.2332 5.690311006348566791e-02
16.2416 5.696073707825866084e-02
16.2499 5.701847559190710568e-02
16.2582 5.707632571575308594e-02
16.2665 5.713428756099516587e-02
16.2748 5.719236123852199094e-02
16.2831 5.725054685913974484e-02
16.2914 5.730884453346642149e-02
16.2997 5.736725437186701582e-02
16.308 5.742577648459449430e-02
16.3163 5.748441098164973340e-02
16.3247 5.754315797288719198e-02
16.333 5.760201756793513483e-02
16.3413 5.766098987625605660e-02
16.3496 5.772007500719203432e-02
16.3579 5.777927306966561954e-02
16.3662 5.783858417259964829e-02
16.3745 5.789800842468786207e-02
16.3828 5.795754593431606122e-02
16.3911 5.801719680978148497e-02
16.3994 5.807696115912408530e-02
16.4078 5.813683909021648971e-02
16.4161 5.819683071060589158e-02
16.4244 5.825693612775739022e-02
16.4327 5.831715544891558078e-02
16.441 5.837748878096702537e-02
16.4493 5.843793623077161992e-02
16.4576 5.849849790485212725e-02
16.4659 5.855917390955755336e-02
16.4742 5.861996435098484892e-02
16.4825 5.868086933501413804e-02
16.4909 5.874188896735321741e-02
16.4992 5.880302335338132014e-02
16.5075 5.886427259830172287e-02
16.5158 5.892563680720588198e-02
16.5241 5.898711608477536644e-02
16.5324 5.904871053542982279e-02
16.5407 5.911042026357637980e-02
16.549 5.917224537321472827e-02
16.5573 5.923418596816724946e-02
16.5656 5.929624215195306025e-02
16.5739 5.935841402790072857e-02
16.5823 5.942070169916796596e-02
16.5906 5.948310526845624474e-02
16.5989 5.954562483843359871e-02
16.6072 5.960826051141026455e-02
16.6155 5.967101238953328307e-02
16.6238 5.973388057457441891e-02
16.6321 5.979686516809535474e-02
16.6404 5.985996627152067456e-02
16.6487 5.992318398582028444e-02
16.657 5.998651841182851829e-02
16.6654 6.004996965015305110e-02
16.6737 6.011353780104124189e-02
16.682 6.017722296444363850e-02
16.6903 6.024102524024490396e-02
16.6986 6.030494472793350436e-02
16.7069 6.036898152664146866e-02
16.7152 6.043313573535570582e-02
16.7235 6.049740745279893334e-02
16.7318 6.056179677735921973e-02
16.7401 6.062630380716236417e-02
16.7485 6.069092864009655031e-02
16.7568 6.075567137373711485e-02
16.7651 6.082053210536173676e-02
16.7734 6.088551093194204816e-02
16.7817 6.095060795030556033e-02
16.79 6.101582325692794795e-02
16.7983 6.108115694788209676e-02
16.8066 6.114660911904283569e-02
16.8149 6.121217986604014089e-02
16.8232 6.127786928421750934e-02
16.8316 6.134367746851999981e-02
16.8399 6.140960451363672995e-02
16.8482 6.147565051402988090e-02
16.8565 6.154181556381806140e-02
16.8648 6.160809975678218503e-02
16.8731 6.167450318645099211e-02
16.8814 6.174102594607849132e-02
16.8897 6.180766812855600228e-02
16.898 6.187442982644610068e-02
16.9063 6.194131113206789718e-02
16.9147 6.200831213743251968e-02
16.923 6.207543293423008202e-02
16.9313 6.214267361380767379e-02
16.9396 6.221003426721707225e-02
16.9479 6.227751498522495627e-02
16.9562 6.234511585820261270e-02
16.9645 6.241283697631741512e-02
16.9728 6.248067842932970156e-02
16.9811 6.254864030666829056e-02
16.9894 6.261672269756106413e-02
16.9978 6.268492569078171206e-02
17.0061 6.275324937478052312e-02
17.0144 6.282169383776858851e-02
17.0227 6.289025916759878598e-02
17.031 6.295894545171658307e-02
17.0393 6.302775277737285298e-02
17.0476 6.309668123139050566e-02
17.0559 6.316573090020266568e-02
17.0642 6.323490187005575969e-02
17.0725 6.330419422675376273e-02
17.0808 6.337360805584739409e-02
17.0892 6.344314344242486803e-02
17.0975 6.351280047128249340e-02
17.1058 6.358257922689382335e-02
17.1141 6.365247979339259954e-02
17.1224 6.372250225460580897e-02
17.1307 6.379264669385499575e-02
17.139 6.386291319428941127e-02
17.1473 6.393330183861913041e-02
17.1556 6.400381270922099464e-02
17.1639 6.407444588804460384e-02
17.1723 6.414520145675429996e-02
17.1806 6.421607949673018012e-02
17.1889 6.428708008892011772e-02
17.1972 6.435820331380985582e-02
17.2055 6.442944925166371739e-02
17.2138 6.450081798235866859e-02
17.2221 6.457230958537239773e-02
17.2304 6.464392413981637220e-02
17.2387 6.471566172443700415e-02
17.247 6.478752241765321773e-02
17.2554 6.485950629749018259e-02
17.2637 6.493161344156768433e-02
17.272 6.500384392713276505e-02
17.2803 6.507619783110599188e-02
17.2886 6.514867523001123539e-02
17.2969 6.522127620001280657e-02
17.3052 6.529400081683674195e-02
17.3135 6.536684915585268263e-02
17.3218 6.543982129209291454e-02
17.3301 6.551291730014704995e-02
17.3385 6.558613725426158669e-02
17.3468 6.565948122827004740e-02
17.3551 6.573294929562142896e-02
17.3634 6.580654152936371570e-02
17.3717 6.588025800217234274e-02
17.38 6.595409878640427770e-02
17.3883 6.602806395385242555e-02
17.3966 6.610215357602992892e-02
17.4049 6.617636772410077917e-02
17.4132 6.625070646866117186e-02
17.4216 6.632516988003193947e-02
17.4299 6.639975802821575235e-02
17.4382 6.647447098260859943e-02
17.4465 6.654930881226556183e-02
17.4548 6.662427158596313792e-02
17.4631 6.669935937193804953e-02
17.4714 6.677457223809032949e-02
17.4797 6.684991025181891144e-02
17.488 6.692537348025900945e-02
17.4963 6.700096199000434016e-02
17.5047 6.707667584725746091e-02
17.513 6.715251511790061578e-02
17.5213 6.722847986729744985e-02
17.5296 6.730457016042518115e-02
17.5379 6.738078606186749531e-02
17.5462 6.745712763568623149e-02
17.5545 6.753359494565715215e-02
17.5628 6.761018805513273333e-02
17.5711 6.768690702689700300e-02
17.5794 6.776375192340100551e-02
17.5877 6.784072280674666167e-02
17.5961 6.791781973843005749e-02
17.6044 6.799504277969654897e-02
17.6127 6.807239199125811324e-02
17.621 6.814986743337279884e-02
17.6293 6.822746916588107169e-02
17.6376 6.830519724830165507e-02
17.6459 6.838305173964440153e-02
17.6542 6.846103269837824912e-02
17.6625 6.853914018264715968e-02
17.6708 6.861737425019460990e-02
17.6792 6.869573495818584452e-02
17.6875 6.877422236346632245e-02
17.6958 6.885283652234984453e-02
17.7041 6.893157749072303941e-02
17.7124 6.901044532409798815e-02
17.7207 6.908944007750346394e-02
17.729 6.916856180546997190e-02
17.7373 6.924781056214186770e-02
17.7456 6.932718640116060371e-02
17.7539 6.940668937570897146e-02
17.7623 6.948631953855528842e-02
17.7706 6.956607694200464542e-02
17.7789 6.964596163790892636e-02
17.7872 6.972597367770275167e-02
17.7955 6.980611311222810478e-02
17.8038 6.988637999193891837e-02
17.8121 6.996677436697829044e-02
17.8204 7.004729628679341735e-02
17.8287 7.012794580042389092e-02
17.837 7.020872295652841322e-02
17.8454 7.028962780325259674e-02
17.8537 7.037066038830624981e-02
17.862 7.045182075885651762e-02
17.8703 7.053310896163059174e-02
17.8786 7.061452504297578703e-02
17.8869 7.069606904856939877e-02
17.8952 7.077774102377970555e-02
17.9035 7.085954101356750634e-02
17.9118 7.094146906214676696e-02
17.9201 7.102352521345303704e-02
17.9285 7.110570951093729553e-02
17.9368 7.118802199748484882e-02
17.9451 7.127046271560842639e-02
17.9534 7.135303170729243027e-02
17.9617 7.143572901394565355e-02
17.97 7.151855467654409659e-02
17.9783 7.160150873570705898e-02
17.9866 7.168459123147613576e-02
17.9949 7.176780220330934712e-02
18.0032 7.185114169029761799e-02
18.0116 7.193460973099376210e-02
18.0199 7.201820636347218418e-02
18.0282 7.210193162532278766e-02
18.0365 7.218578555362838156e-02
18.0448 7.226976818499145083e-02
18.0531 7.235387955546264405e-02
18.0614 7.243811970067384753e-02
18.0697 7.252248865570111447e-02
18.078 7.260698645519776673e-02
18.0863 7.269161313318399376e-02
18.0946 7.277636872331863516e-02
18.103 7.286125325864829805e-02
18.1113 7.294626677174005647e-02
18.1196 7.303140929477304477e-02
18.1279 7.311668085930456140e-02
18.1362 7.320208149634589712e-02
18.1445 7.328761123644558784e-02
18.1528 7.337327010974814545e-02
18.1611 7.345905814573695791e-02
18.1694 7.354497537341503355e-02
18.1777 7.363102182136341267e-02
18.1861 7.371719751757374595e-02
18.1944 7.380350248949914260e-02
18.2027 7.388993676409685851e-02
18.211 7.397650036792678685e-02
18.2193 7.406319332684792311e-02
18.2276 7.415001566625435692e-02
18.2359 7.423696741109310493e-02
18.2442 7.432404858568988915e-02
18.2525 7.441125921398404619e-02
18.2608 7.449859931925015277e-02
18.2692 7.458606892422886547e-02
18.2775 7.467366805135279562e-02
18.2858 7.476139672230107391e-02
18.2941 7.484925495825781039e-02
18.3024 7.493724277997780570e-02
18.3107 7.502536020759759117e-02
18.319 7.511360726078916694e-02
18.3273 7.520198395859516161e-02
18.3356 7.529049031967768868e-02
18.3439 7.537912636203453198e-02
18.3523 7.546789210312088159e-02
18.3606 7.555678755997836948e-02
18.3689 7.564581274902337782e-02
18.3772 7.573496768613664776e-02
18.3855 7.582425238665785328e-02
18.3938 7.591366686546671683e-02
18.4021 7.600321113677231677e-02
18.4104 7.609288521436020913e-02
18.4187 7.618268911139750021e-02
18.427 7.627262284053774877e-02
18.4354 7.636268641384486022e-02
18.4437 7.645287984294457662e-02
18.452 7.654320313881485260e-02
18.4603 7.663365631192185778e-02
18.4686 7.672423937222223878e-02
18.4769 7.681495232904025916e-02
18.4852 7.690579519114874862e-02
18.4935 7.699676796690413383e-02
18.5018 7.708787066398328780e-02
18.5101 7.717910328955793209e-02
18.5185 7.727046585023433778e-02
18.5268 7.736195835203298066e-02
18.5351 7.745358080049169480e-02
18.5434 7.754533320051290590e-02
18.5517 7.763721555650578143e-02
18.56 7.772922787233431385e-02
18.5683 7.782137015120374479e-02
18.5766 7.791364239580243767e-02
18.5849 7.800604460835075527e-02
18.5932 7.809857679034833133e-02
18.6015 7.819123894290883059e-02
18.6099 7.828403106640735576e-02
18.6182 7.837695316071474627e-02
18.6265 7.847000522524563704e-02
18.6348 7.856318725873806530e-02
18.6431 7.865649925934832531e-02
18.6514 7.874994122470739544e-02
18.6597 7.884351315185426923e-02
18.668 7.893721503733051870e-02
18.6763 7.903104687699888387e-02
18.6846 7.912500866622973472e-02
18.693 7.921910039976587381e-02
18.7013 7.931332207187022365e-02
18.7096 7.940767367611466232e-02
18.7179 7.950215520548203907e-02
18.7262 7.959676665257418848e-02
18.7345 7.969150800924888756e-02
18.7428 7.978637926679790771e-02
18.7511 7.988138041596444527e-02
18.7594 7.997651144691561576e-02
18.7677 8.007177234925240417e-02
18.7761 8.016716311201220468e-02
18.7844 8.026268372355810365e-02
18.7927 8.035833417167993764e-02
18.801 8.045411444373276599e-02
18.8093 8.055002452642025246e-02
18.8176 8.064606440573721113e-02
18.8259 8.074223406719113760e-02
18.8342 8.083853349576672342e-02
18.8425 8.093496267576305581e-02
18.8508 8.103152159091676909e-02
18.8592 8.112821022441943364e-02
18.8675 8.122502855878536987e-02
18.8758 8.132197657601920870e-02
18.8841 8.141905425756594539e-02
18.8924 8.151626158414902734e-02
18.9007 8.161359853596038272e-02
18.909 8.171106509269235318e-02
18.9173 8.180866123328689454e-02
18.9256 8.190638693625898470e-02
18.9339 8.200424217938612204e-02
18.9423 8.210222693987519194e-02
18.9506 8.220034119443192511e-02
18.9589 8.229858491904783191e-02
18.9672 8.239695808918905129e-02
18.9755 8.249546067975406516e-02
18.9838 8.259409266490606860e-02
18.9921 8.269285401833524618e-02
19.0004 8.279174471312777950e-02
19.0087 8.289076472171703902e-02
19.017 8.298991401589386752e-02
19.0254 8.308919256693469979e-02
19.0337 8.318860034551577021e-02
19.042 8.328813732169346173e-02
19.0503 8.338780346487058293e-02
19.0586 8.348759874384346913e-02
19.0669 8.358752312684851471e-02
19.0752 8.368757658158684776e-02
19.0835 8.378775907499248776e-02
19.0918 8.388807057352110075e-02
19.1001 8.398851104296936598e-02
19.1085 8.408908044847815400e-02
19.1168 8.418977875466671090e-02
19.1251 8.429060592548194564e-02
19.1334 8.439156192431819525e-02
19.1417 8.449264671396128357e-02
19.15 8.459386025648245322e-02
19.1583 8.469520251338673311e-02
19.1666 8.479667344569553900e-02
19.1749 8.489827301366598133e-02
19.1832 8.500000117693194690e-02
19.1915 8.510185789463008132e-02
19.1999 8.520384312519964365e-02
19.2082 8.530595682649391720e-02
19.2165 8.540819895575406384e-02
19.2248 8.551056946957590055e-02
19.2331 8.561306832391284150e-02
19.2414 8.571569547423725510e-02
19.2497 8.581845087520445503e-02
19.258 8.592133448100880422e-02
19.2663 8.602434624524209206e-02
19.2746 8.612748612069530407e-02
19.283 8.623075405967794982e-02
19.2913 8.633415001387681476e-02
19.2996 8.643767393434464985e-02
19.3079 8.654132577144574290e-02
19.3162 8.664510547498055493e-02
19.3245 8.674901299420281764e-02
19.3328 8.685304827759342261e-02
19.3411 8.695721127307803888e-02
19.3494 8.706150192801540011e-02
19.3577 8.716592018902191707e-02
19.3661 8.727046600216707695e-02
19.3744 8.737513931292636982e-02
19.3827 8.747994006604903339e-02
19.391 8.758486820569602593e-02
19.3993 8.768992367548557321e-02
19.4076 8.779510641830427786e-02
19.4159 8.790041637636709926e-02
19.4242 8.800585349144668390e-02
19.4325 8.811141770459293698e-02
19.4408 8.821710895615741954e-02
19.4492 8.832292718587426983e-02
19.4575 8.842887233293331151e-02
19.4658 8.853494433591940771e-02
19.4741 8.864114313268857404e-02
19.4824 8.874746866040646165e-02
19.4907 8.885392085574818355e-02
19.499 8.896049965477423327e-02
19.5073 8.906720499279328906e-02
19.5156 8.917403680451957415e-02
19.5239 8.928099502406180998e-02
19.5323 8.938807958490485595e-02
19.5406 8.949529041980092137e-02
19.5489 8.960262746101727016e-02
19.5572 8.971009064010830591e-02
19.5655 8.981767988795366642e-02
19.5738 8.992539513486581815e-02
19.5821 9.003323631054403753e-02
19.5904 9.014120334393818657e-02
19.5987 9.024929616347443506e-02
19.607 9.035751469686337245e-02
19.6154 9.046585887122815528e-02
19.6237 9.057432861304490213e-02
19.632 9.068292384812490226e-02
19.6403 9.079164450170762457e-02
19.6486 9.090049049831133710e-02
19.6569 9.100946176182622693e-02
19.6652 9.111855821562771240e-02
19.6735 9.122777978230992013e-02
19.6818 9.133712638383420512e-02
19.6901 9.144659794160739374e-02
19.6984 9.155619437635406643e-02
19.7068 9.166591560814707496e-02
19.7151 9.177576155642430678e-02
19.7234 9.188573213999848277e-02
19.7317 9.199582727699164020e-02
19.74 9.210604688496829007e-02
19.7483 9.221639088081499958e-02
19.7566 9.232685918072990050e-02
19.7649 9.243745170032134639e-02
19.7732 9.254816835452896184e-02
19.7815 9.265900905768799378e-02
19.7899 9.276997372351178384e-02
19.7982 9.288106226493808570e-02
19.8065 9.299227459435713272e-02
19.8148 9.310361062355294870e-02
19.8231 9.321507026365878634e-02
19.8314 9.332665342503121408e-02
19.8397 9.343836001744354469e-02
19.848 9.355018995023062223e-02
19.8563 9.366214313182434636e-02
19.8646 9.377421947009556558e-02
19.873 9.388641887227587579e-02
19.8813 9.399874124489296379e-02
19.8896 9.411118649404372205e-02
19.8979 9.422375452488424008e-02
19.9062 9.433644524213224969e-02
19.9145 9.444925854979355218e-02
19.9228 9.456219435121895889e-02
19.9311 9.467525254914109512e-02
19.9394 9.478843304557656169e-02
19.9477 9.490173574200352902e-02
19.9561 9.501516053923717009e-02
19.9644 9.512870733731219886e-02
19.9727 9.524237603577402622e-02
19.981 9.535616653353419514e-02
19.9893 9.547007872865960476e-02
19.9976 9.558411251874342207e-02
20.0059 9.569826780076728934e-02
20.0142 9.581254447086455517e-02
20.0225 9.592694242463685461e-02
20.0308 9.604146155724975487e-02
20.0392 9.615610176282377020e-02
20.0475 9.627086293507630677e-02
20.0558 9.638574496707813521e-02
20.0641 9.650074775113740011e-02
20.0724 9.661587117906120237e-02
20.0807 9.673111514186037707e-02
20.089 9.684647952998455545e-02
20.0973 9.696196423325208202e-02
20.1056 9.707756914075421628e-02
20.1139 9.719329414105608300e-02
20.1223 9.730913912197543258e-02
20.1306 9.742510397069790995e-02
20.1389 9.754118857374713403e-02
20.1472 9.765739281703386676e-02
20.1555 9.777371658589838199e-02
20.1638 9.789015976496209803e-02
20.1721 9.800672223807871397e-02
20.1804 9.812340388858002693e-02
20.1887 9.824020459918021697e-02
20.197 9.835712425190701325e-02
20.2053 9.847416272809822457e-02
20.2137 9.859131990856832839e-02
20.222 9.870859567329776096e-02
20.2303 9.882598990174971954e-02
20.2386 9.894350247275543464e-02
20.2469 9.906113326443256872e-02
20.2552 9.917888215424058851e-02
20.2635 9.929674901905517770e-02
20.2718 9.941473373515183343e-02
20.2801 9.953283617802050065e-02
20.2884 9.965105622249882666e-02
20.2968 9.976939374298242347e-02
20.3051 9.988784861298720397e-02
20.3134 1.000064207055218896e-01
20.3217 1.001251098929289290e-01
20.33 1.002439160469071333e-01
20.3383 1.003628390384179031e-01
20.3466 1.004818787379271189e-01
20.3549 1.006010350151307631e-01
20.3632 1.007203077391063961e-01
20.3715 1.008396967783418974e-01
20.3799 1.009592020006869068e-01
20.3882 1.010788232732145880e-01
20.3965 1.011985604624946605e-01
20.4048 1.013184134344100734e-01
20.4131 1.014383820541345238e-01
20.4214 1.015584661863086491e-01
20.4297 1.016786656948955730e-01
20.438 1.017989804431137513e-01
20.4463 1.019194102936065993e-01
20.4546 1.020399551084960194e-01
20.463 1.021606147490921046e-01
20.4713 1.022813890760750771e-01
20.4796 1.024022779495745716e-01
20.4879 1.025232812290516188e-01
20.4962 1.026443987731621571e-01
20.5045 1.027656304402491810e-01
20.5128 1.028869760877106770e-01
20.5211 1.030084355724091988e-01
20.5294 1.031300087507188157e-01
20.5377 1.032516954780596657e-01
20.5461 1.033734956093445290e-01
20.5544 1.034954089990444276e-01
20.5627 1.036174355007683512e-01
20.571 1.037395749674499684e-01
20.5793 1.038618272515711705e-01
20.5876 1.039841922049568462e-01
20.5959 1.041066696784886947e-01
20.6042 1.042292595227189006e-01
20.6125 1.043519615875581480e-01
20.6208 1.044747757221657358e-01
20.6292 1.045977017750283483e-01
20.6375 1.047207395941384817e-01
20.6458 1.048438890266216450e-01
20.6541 1.049671499193529367e-01
20.6624 1.050905221182214244e-01
20.6707 1.052140054684716913e-01
20.679 1.053375998149937848e-01
20.6873 1.054613050018390896e-01
20.6956 1.055851208723986023e-01
20.7039 1.057090472695675909e-01
20.7122 1.058330840355494601e-01
20.7206 1.059572310117968402e-01
20.7289 1.060814880392880327e-01
20.7372 1.062058549583435874e-01
20.7455 1.063303316085796729e-01
20.7538 1.064549178289487391e-01
20.7621 1.065796134579529153e-01
20.7704 1.067044183333125396e-01
20.7787 1.068293322920809835e-01
20.787 1.069543551707960172e-01
20.7953 1.070794868052973164e-01
20.8037 1.072047270308283257e-01
20.812 1.073300756820146501e-01
20.8203 1.074555325928054916e-01
20.8286 1.075810975965013072e-01
20.8369 1.077067705258063224e-01
20.8452 1.078325512128311819e-01
20.8535 1.079584394891206500e-01
20.8618 1.080844351853496726e-01
20.8701 1.082105381317318288e-01
20.8784 1.083367481579847330e-01
20.8868 1.084630650928925383e-01
20.8951 1.085894887648354568e-01
20.9034 1.087160190014989231e-01
20.9117 1.088426556299744996e-01
20.92 1.089693984766774981e-01
20.9283 1.090962473674353672e-01
20.9366 1.092232021274784776e-01
20.9449 1.093502625813457252e-01
20.9532 1.094774285530458191e-01
20.9615 1.096046998658534860e-01
20.9699 1.097320763423736273e-01
20.9782 1.098595578049202520e-01
20.9865 1.099871440748400042e-01
20.9948 1.101148349730125681e-01
21.0031 1.102426303196477608e-01
21.0114 1.103705299343609447e-01
21.0197 1.104985336361279519e-01
21.028 1.106266412433361407e-01
21.0363 1.107548525737633294e-01
21.0446 1.108831674445205917e-01
21.053 1.110115856721636263e-01
21.0613 1.111401070726234785e-01
21.0696 1.112687314611374156e-01
21.0779 1.113974586524323629e-01
21.0862 1.115262884605715543e-01
21.0945 1.116552206989815943e-01
21.1028 1.117842551805634521e-01
21.1111 1.119133917174796322e-01
21.1194 1.120426301213848647e-01
21.1277 1.121719702033211891e-01
21.1361 1.123014117736849948e-01
21.1444 1.124309546421707190e-01
21.1527 1.125605986180838736e-01
21.161 1.126903435099860101e-01
21.1693 1.128201891257695488e-01
21.1776 1.129501352728037172e-01
21.1859 1.130801817579372009e-01
21.1942 1.132103283872632898e-01
21.2025 1.133405749663489032e-01
21.2108 1.134709213000948680e-01
21.2191 1.136013671927866564e-01
21.2275 1.137319124483458649e-01
21.2358 1.138625568697763379e-01
21.2441 1.139933002596175138e-01
21.2524 1.141241424198050636e-01
21.2607 1.142550831516740001e-01
21.269 1.143861222559967444e-01
21.2773 1.145172595328683984e-01
21.2856 1.146484947818627725e-01
21.2939 1.147798278018353074e-01
21.3022 1.149112583912553220e-01
21.3106 1.150427863478208773e-01
21.3189 1.151744114685793741e-01
21.3272 1.153061335502594542e-01
21.3355 1.154379523887452130e-01
21.3438 1.155698677793846746e-01
21.3521 1.157018795170159792e-01
21.3604 1.158339873958529331e-01
21.3687 1.159661912094297198e-01
21.377 1.160984907507091879e-01
21.3853 1.162308858122956534e-01
21.3937 1.163633761858542254e-01
21.402 1.164959616626390776e-01
21.4103 1.166286420334491369e-01
21.4186 1.167614170883164992e-01
21.4269 1.168942866166494954e-01
21.4352 1.170272504073751330e-01
21.4435 1.171603082488834463e-01
21.4518 1.172934599288679575e-01
21.4601 1.174267052345143864e-01
21.4684 1.175600439523991070e-01
21.4768 1.176934758685036081e-01
21.4851 1.178270007682174769e-01
21.4934 1.179606184364568600e-01
21.5017 1.180943286575053264e-01
21.51 1.182281312149362357e-01
21.5183 1.183620258919617918e-01
21.5266 1.184960124710782020e-01
21.5349 1.186300907342530964e-01
21.5432 1.187642604629858128e-01
21.5515 1.188985214379076477e-01
21.5599 1.190328734393942545e-01
21.5682 1.191673162470971575e-01
21.5765 1.193018496401188067e-01
21.5848 1.194364733970500886e-01
21.5931 1.195711872958009625e-01
21.6014 1.197059911137640514e-01
21.6097 1.198408846278628676e-01
21.618 1.199758676142688302e-01
21.6263 1.201109398487927443e-01
21.6346 1.202461011066133373e-01
21.643 1.203813511621890653e-01
21.6513 1.205166897896030875e-01
21.6596 1.206521167623606366e-01
21.6679 1.207876318533123855e-01
21.6762 1.209232348347824698e-01
21.6845 1.210589254787527019e-01
21.6928 1.211947035562637720e-01
21.7011 1.213305688379631847e-01
21.7094 1.214665210941980600e-01
21.7177 1.216025600943495544e-01
21.726 1.217386856074815088e-01
21.7344 1.218748974021276604e-01
21.7427 1.220111952461591098e-01
21.751 1.221475789069000617e-01
21.7593 1.222840481512659783e-01
21.7676 1.224206027454730061e-01
21.7759 1.225572424552438533e-01
21.7842 1.226939670457541098e-01
21.7925 1.228307762816462645e-01
21.8008 1.229676699271110563e-01
21.8091 1.231046477455868954e-01
21.8175 1.232417095000437612e-01
21.8258 1.233788549530864254e-01
21.8341 1.235160838665983057e-01
21.8424 1.236533960019574885e-01
21.8507 1.237907911199387923e-01
21.859 1.239282689810404098e-01
21.8673 1.240658293449279082e-01
21.8756 1.242034719707948570e-01
21.8839 1.243411966175211741e-01
21.8922 1.244790030431852795e-01
21.9006 1.246168910054238216e-01
21.9089 1.247548602614894780e-01
21.9172 1.248929105678756452e-01
21.9255 1.250310416806862113e-01
21.9338 1.251692533554712161e-01
21.9421 1.253075453471745870e-01
21.9504 1.254459174103692842e-01
21.9587 1.255843692990604721e-01
21.967 1.257229007666109954e-01
21.9753 1.258615115660426387e-01
21.9837 1.260002014496960643e-01
21.992 1.261389701693994281e-01
22.0003 1.262778174766805706e-01
22.0086 1.264167431223832128e-01
22.0169 1.265557468567693744e-01
22.0252 1.266948284297094163e-01
22.0335 1.268339875904970215e-01
22.0418 1.269732240878963803e-01
22.0501 1.271125376703970133e-01
22.0584 1.272519280856235779e-01
22.0668 1.273913950807561146e-01
22.0751 1.275309384027952242e-01
22.0834 1.276705577979945494e-01
22.0917 1.278102530119518410e-01
22.1 1.279500237899724169e-01
22.1083 1.280898698768856980e-01
22.1166 1.282297910169165611e-01
22.1249 1.283697869539064673e-01
22.1332 1.285098574309780917e-01
22.1415 1.286500021909192937e-01
22.1499 1.287902209760332095e-01
22.1582 1.289305135280864323e-01
22.1665 1.290708795884524807e-01
22.1748 1.292113188977457583e-01
22.1831 1.293518311963449685e-01
22.1914 1.294924162240699839e-01
22.1997 1.296330737202496253e-01
22.208 1.297738034236808335e-01
22.2163 1.299146050726855128e-01
22.2246 1.300554784052102564e-01
22.2329 1.301964231585262810e-01
22.2413 1.303374390696208085e-01
22.2496 1.304785258748973331e-01
22.2579 1.306196833102429289e-01
22.2662 1.307609111111386890e-01
22.2745 1.309022090125650239e-01
22.2828 1.310435767490689685e-01
22.2911 1.311850140546159948e-01
22.2994 1.313265206628076442e-01
22.3077 1.314680963066797714e-01
22.316 1.316097407188662471e-01
22.3244 1.317514536315582963e-01
22.3327 1.318932347764747992e-01
22.341 1.320350838847043906e-01
22.3493 1.321770006870398584e-01
22.3576 1.323189849137235696e-01
22.3659 1.324610362947063746e-01
22.3742 1.326031545593723548e-01
22.3825 1.327453394363925510e-01
22.3908 1.328875906543455221e-01
22.3991 1.330299079412506080e-01
22.4075 1.331722910245706493e-01
22.4158 1.333147396314804112e-01
22.4241 1.334572534884757855e-01
22.4324 1.335998323218433870e-01
22.4407 1.337424758572597072e-01
22.449 1.338851838199103805e-01
22.4573 1.340279559347574700e-01
22.4656 1.341707919261707904e-01
22.4739 1.343136915180049018e-01
22.4822 1.344566544337602032e-01
22.4906 1.345996803964899236e-01
22.4989 1.347427691289395935e-01
22.5072 1.348859203531276862e-01
22.5155 1.350291337908120226e-01
22.5238 1.351724091633549341e-01
22.5321 1.353157461915992232e-01
22.5404 1.354591445958919227e-01
22.5487 1.356026040962862722e-01
22.557 1.357461244124385513e-01
22.5653 1.358897052633590841e-01
22.5737 1.360333463677605714e-01
22.582 1.361770474441126588e-01
22.5903 1.363208082100891283e-01
22.5986 1.364646283831462692e-01
22.6069 1.366085076803471854e-01
22.6152 1.367524458183219938e-01
22.6235 1.368964425131763973e-01
22.6318 1.370404974807238052e-01
22.6401 1.371846104362994812e-01
22.6484 1.373287810947633192e-01
22.6568 1.374730091707306867e-01
22.6651 1.376172943783356695e-01
22.6734 1.377616364311086972e-01
22.6817 1.379060350424876902e-01
22.69 1.380504899253427453e-01
22.6983 1.381950007920720036e-01
22.7066 1.383395673548109273e-01
22.7149 1.384841893252276301e-01
22.7232 1.386288664145663707e-01
22.7315 1.387735983337325396e-01
22.7398 1.389183847931090288e-01
22.7482 1.390632255028990960e-01
22.7565 1.392081201727465578e-01
22.7648 1.393530685118828660e-01
22.7731 1.394980702292834551e-01
22.7814 1.396431250334127239e-01
22.7897 1.397882326323395819e-01
22.798 1.399333927339242722e-01
22.8063 1.400786050454610743e-01
22.8146 1.402238692737939052e-01
22.8229 1.403691851257078405e-01
22.8313 1.405145523072443559e-01
22.8396 1.406599705242470022e-01
22.8479 1.408054394822707556e-01
22.8562 1.409509588862878360e-01
22.8645 1.410965284409864129e-01
22.8728 1.412421478507215333e-01
22.8811 1.413878168193744012e-01
22.8894 1.415335350506806145e-01
22.8977 1.416793022477535469e-01
22.906 1.418251181133514116e-01
22.9144 1.419709823501131840e-01
22.9227 1.421168946600420147e-01
22.931 1.422628547450054126e-01
22.9393 1.424088623062396697e-01
22.9476 1.425549170449002256e-01
22.9559 1.427010186616777809e-01
22.9642 1.428471668568009889e-01
22.9725 1.429933613303115691e-01
22.9808 1.431396017818439004e-01
22.9891 1.432858879106269634e-01
22.9975 1.434322194156077979e-01
23.0058 1.435785959953121416e-01
23.0141 1.437250173479978077e-01
23.0224 1.438714831715457443e-01
23.0307 1.440179931635326149e-01
23.039 1.441645470211420921e-01
23.0473 1.443111444412074618e-01
23.0556 1.444577851202737129e-01
23.0639 1.446044687545491314e-01
23.0722 1.447511950397974700e-01
23.0806 1.448979636716803132e-01
23.0889 1.450447743453682492e-01
23.0972 1.451916267556534468e-01
23.1055 1.453385205971015615e-01
23.1138 1.454854555638935842e-01
23.1221 1.456324313499678391e-01
23.1304 1.457794476489416846e-01
23.1387 1.459265041539442864e-01
23.147 1.460736005579175711e-01
23.1553 1.462207365535782566e-01
23.1637 1.463679118331606688e-01
23.172 1.465151260886279339e-01
23.1803 1.466623790116640125e-01
23.1886 1.468096702935958175e-01
23.1969 1.469569996255144506e-01
23.2052 1.471043666981283193e-01
23.2135 1.472517712019135172e-01
23.2218 1.473992128270464608e-01
23.2301 1.475466912632869554e-01
23.2384 1.476942062001682932e-01
23.2467 1.478417573268901164e-01
23.2551 1.479893443325573099e-01
23.2634 1.481369669056684379e-01
23.2717 1.482846247345325497e-01
23.28 1.484323175073787859e-01
23.2883 1.485800449119147604e-01
23.2966 1.487278066355752215e-01
23.3049 1.488756023655138094e-01
23.3132 1.490234317887422222e-01
23.3215 1.491712945918176603e-01
23.3298 1.493191904611982923e-01
23.3382 1.494671190829307827e-01
23.3465 1.496150801426721078e-01
23.3548 1.497630733260636171e-01
23.3631 1.499110983183015722e-01
23.3714 1.500591548043545276e-01
23.3797 1.502072424689649410e-01
23.388 1.503553609965532223e-01
23.3963 1.505035100713073837e-01
23.4046 1.506516893770581123e-01
23.4129 1.507998985974947914e-01
23.4213 1.509481374159724332e-01
23.4296 1.510964055156691355e-01
23.4379 1.512447025793445532e-01
23.4462 1.513930282896336910e-01
23.4545 1.515413823289604722e-01
23.4628 1.516897643793747030e-01
23.4711 1.518381741226993709e-01
23.4794 1.519866112405614533e-01
23.4877 1.521350754142869188e-01
23.496 1.522835663250282079e-01
23.5044 1.524320836535917045e-01
23.5127 1.525806270806717158e-01
23.521 1.527291962866101083e-01
23.5293 1.528777909514661970e-01
23.5376 1.530264107553072905e-01
23.5459 1.531750553776704826e-01
23.5542 1.533237244980847069e-01
23.5625 1.534724177958121383e-01
23.5708 1.536211349496768852e-01
23.5791 1.537698756384705823e-01
23.5875 1.539186395408573826e-01
23.5958 1.540674263350395867e-01
23.6041 1.542162356989997818e-01
23.6124 1.543650673108371285e-01
23.6207 1.545139208480696691e-01
23.629 1.546627959880864933e-01
23.6373 1.548116924082346690e-01
23.6456 1.549606097853432896e-01
23.6539 1.551095477963933544e-01
23.6622 1.552585061178989312e-01
23.6706 1.554074844262046118e-01
23.6789 1.555564823975248701e-01
23.6872 1.557054997077078895e-01
23.6955 1.558545360327219242e-01
23.7038 1.560035910480766508e-01
23.7121 1.561526644290438803e-01
23.7204 1.563017558509528226e-01
23.7287 1.564508649886887648e-01
23.737 1.565999915171120971e-01
23.7453 1.567491351107560549e-01
23.7536 1.568982954440465150e-01
23.762 1.570474721911799820e-01
23.7703 1.571966650263333931e-01
23.7786 1.573458736232870026e-01
23.7869 1.574950976557380755e-01
23.7952 1.576443367971983311e-01
23.8035 1.577935907208727340e-01
23.8118 1.579428591000285598e-01
23.8201 1.580921416077044339e-01
23.8284 1.582414379165802409e-01
23.8367 1.583907476993266783e-01
23.8451 1.585400706285499672e-01
23.8534 1.586894063764268947e-01
23.8617 1.588387546149976903e-01
23.87 1.589881150163826862e-01
23.8783 1.591374872524458917e-01
23.8866 1.592868709947407591e-01
23.8949 1.594362659148576000e-01
23.9032 1.595856716840787504e-01
23.9115 1.597350879735766893e-01
23.9198 1.598845144544985830e-01
23.9282 1.600339507977814324e-01
23.9365 1.601833966740321136e-01
23.9448 1.603328517539295006e-01
23.9531 1.604823157079927065e-01
23.9614 1.606317882064986768e-01
23.9697 1.607812689195673717e-01
23.978 1.609307575172745641e-01
23.9863 1.610802536697732712e-01
23.9946 1.612297570466176555e-01
24.0029 1.613792673174145043e-01
24.0113 1.615287841518418810e-01
24.0196 1.616783072191692316e-01
24.0279 1.618278361887767192e-01
24.0362 1.619773707297494092e-01
24.0445 1.621269105111009246e-01
24.0528 1.622764552017553763e-01
24.0611 1.624260044705674311e-01
24.0694 1.625755579861020983e-01
24.0777 1.627251154169863379e-01
24.086 1.628746764316702511e-01
24.0944 1.630242406983737347e-01
24.1027 1.631738078855286267e-01
24.111 1.633233776610996113e-01
24.1193 1.634729496931554837e-01
24.1276 1.636225236495943147e-01
24.1359 1.637720991982732077e-01
24.1442 1.639216760069176493e-01
24.1525 1.640712537430680795e-01
24.1608 1.642208320743002437e-01
24.1691 1.643704106680254629e-01
24.1775 1.645199891917286938e-01
24.1858 1.646695673124587977e-01
24.1941 1.648191446974686114e-01
24.2024 1.649687210138507110e-01
24.2107 1.651182959285752150e-01
24.219 1.652678691086909013e-01
24.2273 1.654174402208898054e-01
24.2356 1.655670089320175065e-01
24.2439 1.657165749086379203e-01
24.2522 1.658661378173796053e-01
24.2605 1.660156973250813961e-01
24.2689 1.661652530979410847e-01
24.2772 1.663148048023510572e-01
24.2855 1.664643521047355357e-01
24.2938 1.666138946714429969e-01
24.3021 1.667634321686204957e-01
24.3104 1.669129642623598808e-01
24.3187 1.670624906189508430e-01
24.327 1.672120109041604630e-01
24.3353 1.673615247841541143e-01
24.3436 1.675110319249730195e-01
24.352 1.676605319922655768e-01
24.3603 1.678100246521164185e-01
24.3686 1.679595095701294505e-01
24.3769 1.681089864122561339e-01
24.3852 1.682584548439877703e-01
24.3935 1.684079145310390102e-01
24.4018 1.685573651392406336e-01
24.4101 1.687068063340383672e-01
24.4184 1.688562377809422199e-01
24.4267 1.690056591456166879e-01
24.4351 1.691550700935056384e-01
24.4434 1.693044702900481091e-01
24.4517 1.694538594006433363e-01
24.46 1.696032370909193732e-01
24.4683 1.697526030261268526e-01
24.4766 1.699019568716579609e-01
24.4849 1.700512982929571482e-01
24.4932 1.702006269552554241e-01
24.5015 1.703499425239626830e-01
24.5098 1.704992446643304183e-01
24.5182 1.706485330417014945e-01
24.5265 1.707978073214042047e-01
24.5348 1.709470671688240739e-01
24.5431 1.710963122489790600e-01
24.5514 1.712455422273360950e-01
24.5597 1.713947567692265250e-01
24.568 1.715439555398649285e-01
24.5763 1.716931382045622234e-01
24.5846 1.718423044285850854e-01
24.5929 1.719914538772272239e-01
24.6013 1.721405862158982281e-01
24.6096 1.722897011098774578e-01
24.6179 1.724387982243151818e-01
24.6262 1.725878772248492510e-01
24.6345 1.727369377767431768e-01
24.6428 1.728859795452567794e-01
24.6511 1.730350021960159190e-01
24.6594 1.731840053943626279e-01
24.6677 1.733329888056374668e-01
24.676 1.734819520954781202e-01
24.6844 1.736308949293464687e-01
24.6927 1.737798169726872677e-01
24.701 1.739287178912264642e-01
24.7093 1.740775973505513108e-01
24.7176 1.742264550162515302e-01
24.7259 1.743752905540072173e-01
24.7342 1.745241036295719084e-01
24.7425 1.746728939086684973e-01
24.7508 1.748216610571990681e-01
24.7591 1.749704047409491314e-01
24.7674 1.751191246258323730e-01
24.7758 1.752678203779082511e-01
24.7841 1.754164916629655235e-01
24.7924 1.755651381472701222e-01
24.8007 1.757137594968532501e-01
24.809 1.758623553779461723e-01
24.8173 1.760109254567725212e-01
24.8256 1.761594693994451566e-01
24.8339 1.763079868725727362e-01
24.8422 1.764564775425846443e-01
24.8505 1.766049410758877836e-01
24.8589 1.767533771390055186e-01
24.8672 1.769017853986469824e-01
24.8755 1.770501655214831715e-01
24.8838 1.771985171742511411e-01
24.8921 1.773468400239784359e-01
24.9004 1.774951337375868798e-01
24.9087 1.776433979818939635e-01
24.917 1.777916324241465007e-01
24.9253 1.779398367317279184e-01
24.9336 1.780880105715924033e-01
24.942 1.782361536112958833e-01
24.9503 1.783842655182579229e-01
24.9586 1.785323459599342244e-01
24.9669 1.786803946042106739e-01
24.9752 1.788284111186675129e-01
24.9835 1.789763951712131929e-01
24.9918 1.791243464297254950e-01
25.0001 1.792722645622571720e-01
25.0084 1.794201492371214068e-01
25.0167 1.795680001223972089e-01
25.0251 1.797158168863399186e-01
25.0334 1.798635991978750903e-01
25.0417 1.800113467252016652e-01
25.05 1.801590591370875460e-01
25.0583 1.803067361025284809e-01
25.0666 1.804543772903404730e-01
25.0749 1.806019823696363436e-01
25.0832 1.807495510095203928e-01
25.0915 1.808970828793766694e-01
25.0998 1.810445776484969627e-01
25.1082 1.811920349866227020e-01
25.1165 1.813394545633865429e-01
25.1248 1.814868360485160648e-01
25.1331 1.816341791121044713e-01
25.1414 1.817814834242219291e-01
25.1497 1.819287486550510979e-01
25.158 1.820759744749215203e-01
25.1663 1.822231605544780697e-01
25.1746 1.823703065642430232e-01
25.1829 1.825174121748862621e-01
25.1913 1.826644770577804666e-01
25.1996 1.828115008836722344e-01
25.2079 1.829584833237926367e-01
25.2162 1.831054240497058394e-01
25.2245 1.832523227328723969e-01
25.2328 1.833991790450526238e-01
25.2411 1.835459926580718104e-01
25.2494 1.836927632439212532e-01
25.2577 1.838394904748752168e-01
25.266 1.839861740231568399e-01
25.2743 1.841328135614730965e-01
25.2827 1.842794087623631782e-01
25.291 1.844259592986166874e-01
25.2993 1.845724648434570458e-01
25.3076 1.847189250698575425e-01
25.3159 1.848653396514751135e-01
25.3242 1.850117082616341835e-01
25.3325 1.851580305741430121e-01
25.3408 1.853043062628774718e-01
25.3491 1.854505350019308163e-01
25.3574 1.855967164656636692e-01
25.3658 1.857428503284217491e-01
25.3741 1.858889362650173460e-01
25.3824 1.860349739501156174e-01
25.3907 1.861809630587490383e-01
25.399 1.863269032663164571e-01
25.4073 1.864727942481202994e-01
25.4156 1.866186356798793522e-01
25.4239 1.867644272374309189e-01
25.4322 1.869101685965993964e-01
25.4405 1.870558594337243252e-01
25.4489 1.872014994252640951e-01
25.4572 1.873470882478291411e-01
25.4655 1.874926255782974338e-01
25.4738 1.876381110936331809e-01
25.4821 1.877835444712653568e-01
25.4904 1.879289253885449429e-01
25.4987 1.880742535231725854e-01
25.507 1.882195285530995355e-01
25.5153 1.883647501565606230e-01
25.5236 1.885099180117296991e-01
25.532 1.886550317973427759e-01
25.5403 1.888000911921897396e-01
25.5486 1.889450958751802134e-01
25.5569 1.890900455256867285e-01
25.5652 1.892349398231851221e-01
25.5735 1.893797784474503532e-01
25.5818 1.895245610782954893e-01
25.5901 1.896692873960771630e-01
25.5984 1.898139570811249732e-01
25.6067 1.899585698140833778e-01
25.6151 1.901031252760583268e-01
25.6234 1.902476231480146884e-01
25.6317 1.903920631114271456e-01
25.64 1.905364448480035278e-01
25.6483 1.906807680396193638e-01
25.6566 1.908250323682698368e-01
25.6649 1.909692375165233935e-01
25.6732 1.911133831670511207e-01
25.6815 1.912574690026755952e-01
25.6898 1.914014947065815209e-01
25.6982 1.915454599621692067e-01
25.7065 1.916893644533134433e-01
25.7148 1.918332078637976779e-01
25.7231 1.919769898777664019e-01
25.7314 1.921207101799180528e-01
25.7397 1.922643684548436260e-01
25.748 1.924079643876393797e-01
25.7563 1.925514976636162057e-01
25.7646 1.926949679682673500e-01
25.7729 1.928383749874454378e-01
25.7812 1.929817184072975533e-01
25.7896 1.931249979142970474e-01
25.7979 1.932682131951471149e-01
25.8062 1.934113639365722670e-01
25.8145 1.935544498258631174e-01
25.8228 1.936974705506998296e-01
25.8311 1.938404257990067048e-01
25.8394 1.939833152587132070e-01
25.8477 1.941261386181372117e-01
25.856 1.942688955661763250e-01
25.8643 1.944115857916365875e-01
25.8727 1.945542089838550592e-01
25.881 1.946967648325236278e-01
25.8893 1.948392530273860557e-01
25.8976 1.949816732586041601e-01
25.9059 1.951240252168527367e-01
25.9142 1.952663085927305309e-01
25.9225 1.954085230773962845e-01
25.9308 1.955506683622186270e-01
25.9391 1.956927441389500755e-01
25.9474 1.958347500997269230e-01
25.9558 1.959766859366090797e-01
25.9641 1.961185513424356930e-01
25.9724 1.962603460102221309e-01
25.9807 1.964020696330179283e-01
25.989 1.965437219046813622e-01
25.9973 1.966853025190878346e-01
26.0056 1.968268111703519729e-01
26.0139 1.969682475531420174e-01
26.0222 1.971096113624114243e-01
26.0305 1.972509022933826572e-01
26.0389 1.973921200415153787e-01
26.0472 1.975332643026478097e-01
26.0555 1.976743347731693412e-01
26.0638 1.978153311496576860e-01
26.0721 1.979562531288480975e-01
26.0804 1.980971004080248621e-01
26.0887 1.982378726848642581e-01
26.097 1.983785696571042090e-01
26.1053 1.985191910231714207e-01
26.1136 1.986597364815849975e-01
26.122 1.988002057313164317e-01
26.1303 1.989405984715702791e-01
26.1386 1.990809144021581656e-01
26.1469 1.992211532230613313e-01
26.1552 1.993613146342896325e-01
26.1635 1.995013983369579302e-01
26.1718 1.996414040320368677e-01
26.1801 1.997813314207742552e-01
26.1884 1.999211802050994136e-01
26.1967 2.000609500871083080e-01
26.2051 2.002006407691883094e-01
26.2134 2.003402519543899529e-01
26.2217 2.004797833458518141e-01
26.23 2.006192346471417920e-01
26.2383 2.007586055622252452e-01
26.2466 2.008978957954491162e-01
26.2549 2.010371050515254443e-01
26.2632 2.011762330355002792e-01
26.2715 2.013152794529539380e-01
26.2798 2.014542440095982156e-01
26.2881 2.015931264115237431e-01
26.2965 2.017319263654923089e-01
26.3048 2.018706435784576869e-01
26.3131 2.020092777576421583e-01
26.3214 2.021478286110140743e-01
26.3297 2.022862958464241578e-01
26.338 2.024246791725905215e-01
26.3463 2.025629782982054095e-01
26.3546 2.027011929326268114e-01
26.3629 2.028393227856621628e-01
26.3712 2.029773675672452982e-01
26.3796 2.031153269879270584e-01
26.3879 2.032532007584759715e-01
26.3962 2.033909885901382386e-01
26.4045 2.035286901946825600e-01
26.4128 2.036663052840627375e-01
26.4211 2.038038335707233750e-01
26.4294 2.039412747676905557e-01
26.4377 2.040786285880209494e-01
26.446 2.042158947455042228e-01
26.4543 2.043530729543102664e-01
26.4627 2.044901629287604883e-01
26.471 2.046271643837996312e-01
26.4793 2.047640770348423400e-01
26.4876 2.049009005973614905e-01
26.4959 2.050376347878005989e-01
26.5042 2.051742793226448980e-01
26.5125 2.053108339187250664e-01
26.5208 2.054472982935658665e-01
26.5291 2.055836721650660670e-01
26.5374 2.057199552512857799e-01
26.5458 2.058561472709459494e-01
26.5541 2.059922479432757803e-01
26.5624 2.061282569875578785e-01
26.5707 2.062641741238996351e-01
26.579 2.063999990728077050e-01
26.5873 2.065357315547957373e-01
26.5956 2.066713712910931144e-01
26.6039 2.068069180036735677e-01
26.6122 2.069423714144854876e-01
26.6205 2.070777312460693742e-01
26.6289 2.072129972214363236e-01
26.6372 2.073481690639468744e-01
26.6455 2.074832464975507051e-01
26.6538 2.076182292465151569e-01
26.6621 2.077531170354698919e-01
26.6704 2.078879095898710228e-01
26.6787 2.080226066352048042e-01
26.687 2.081572078975122697e-01
26.6953 2.082917131034481562e-01
26.7036 2.084261219799649900e-01
26.712 2.085604342544922496e-01
26.7203 2.086946496547862628e-01
26.7286 2.088287679093622506e-01
26.7369 2.089627887470452139e-01
26.7452 2.090967118970440963e-01
26.7535 2.092305370890547023e-01
26.7618 2.093642640532303034e-01
26.7701 2.094978925202535258e-01
26.7784 2.096314222211879963e-01
26.7867 2.097648528876845941e-01
26.795 2.098981842516690621e-01
26.8034 2.100314160456081269e-01
26.8117 2.101645480027168611e-01
26.82 2.102975798562147502e-01
26.8283 2.104305113399194405e-01
26.8366 2.105633421883489342e-01
26.8449 2.106960721364238287e-01
26.8532 2.108287009193333950e-01
26.8615 2.109612282728754729e-01
26.8698 2.110936539334108131e-01
26.8781 2.112259776374923737e-01
26.8865 2.113581991224851298e-01
26.8948 2.114903181261957033e-01
26.9031 2.116223343867679185e-01
26.9114 2.117542476426382825e-01
26.9197 2.118860576331243195e-01
26.928 2.120177640981134870e-01
26.9363 2.121493667774147773e-01
26.9446 2.122808654116122018e-01
26.9529 2.124122597419154101e-01
26.9612 2.125435495100853056e-01
26.9696 2.126747344579192900e-01
26.9779 2.128058143280873449e-01
26.9862 2.129367888637926920e-01
26.9945 2.130676578084486628e-01
27.0028 2.131984209061613678e-01
27.0111 2.133290779015818428e-01
27.0194 2.134596285395686244e-01
27.0277 2.135900725658012589e-01
27.036 2.137204097262378755e-01
27.0443 2.138506397675963844e-01
27.0527 2.139807624368862127e-01
27.061 2.141107774816990439e-01
27.0693 2.142406846499308737e-01
27.0776 2.143704836901456356e-01
27.0859 2.145001743517332971e-01
27.0942 2.146297563841374489e-01
27.1025 2.147592295373208227e-01
27.1108 2.148885935619960219e-01
27.1191 2.150178482093337562e-01
27.1274 2.151469932309472421e-01
27.1358 2.152760283789059981e-01
27.1441 2.154049534060099580e-01
27.1524 2.155337680653390264e-01
27.1607 2.156624721106144005e-01
27.169 2.157910652959799391e-01
27.1773 2.159195473763341477e-01
27.1856 2.160479181068800381e-01
27.1939 2.161761772433995754e-01
27.2022 2.163043245421076288e-01
27.2105 2.164323597599969451e-01
27.2189 2.165602826542894488e-01
27.2272 2.166880929828529923e-01
27.2355 2.168157905041853128e-01
27.2438 2.169433749771831621e-01
27.2521 2.170708461612559370e-01
27.2604 2.171982038163817741e-01
27.2687 2.173254477032795784e-01
27.277 2.174525775828750340e-01
27.2853 2.175795932166462998e-01
27.2936 2.177064943669497488e-01
27.3019 2.178332807962903850e-01
27.3103 2.179599522678630219e-01
27.3186 2.180865085454241070e-01
27.3269 2.182129493933027686e-01
27.3352 2.183392745762584020e-01
27.3435 2.184654838597065718e-01
27.3518 2.185915770094341015e-01
27.3601 2.187175537918525092e-01
27.3684 2.188434139741844142e-01
27.3767 2.189691573235905686e-01
27.385 2.190947836085101741e-01
27.3934 2.192202925973185113e-01
27.4017 2.193456840591542223e-01
27.41 2.194709577639292475e-01
27.4183 2.195961134817613070e-01
27.4266 2.197211509833404686e-01
27.4349 2.198460700403127299e-01
27.4432 2.199708704244394131e-01
27.4515 2.200955519080950995e-01
27.4598 2.202201142645610898e-01
27.4681 2.203445572670917618e-01
27.4765 2.204688806898601472e-01
27.4848 2.205930843077314740e-01
27.4931 2.207171678959205241e-01
27.5014 2.208411312301346019e-01
27.5097 2.209649740867811463e-01
27.518 2.210886962427432989e-01
27.5263 2.212122974753764904e-01
27.5346 2.213357775630162838e-01
27.5429 2.214591362841014655e-01
27.5512 2.215823734177106707e-01
27.5596 2.217054887437131527e-01
27.5679 2.218284820423614689e-01
27.5762 2.219513530944719482e-01
27.5845 2.220741016814380964e-01
27.5928 2.221967275853970192e-01
27.6011 2.223192305888776477e-01
27.6094 2.224416104748978273e-01
27.6177 2.225638670272990505e-01
27.626 2.226860000302408882e-01
27.6343 2.228080092685641167e-01
27.6427 2.229298945277886357e-01
27.651 2.230516555938049927e-01
27.6593 2.231732922532920493e-01
27.6676 2.232948042933802779e-01
27.6759 2.234161915015955568e-01
27.6842 2.235374536664146705e-01
27.6925 2.236585905765954285e-01
27.7008 2.237796020216487325e-01
27.7091 2.239004877915586333e-01
27.7174 2.240212476769763428e-01
27.7258 2.241418814690513683e-01
27.7341 2.242623889596248032e-01
27.7424 2.243827699410060328e-01
27.7507 2.245030242059714853e-01
27.759 2.246231515482621510e-01
27.7673 2.247431517618338204e-01
27.7756 2.248630246413546030e-01
27.7839 2.249827699821482230e-01
27.7922 2.251023875801639873e-01
27.8005 2.252218772317002016e-01
27.8088 2.253412387337339617e-01
27.8172 2.254604718841126676e-01
27.8255 2.255795764807249915e-01
27.8338 2.256985523225752688e-01
27.8421 2.258173992090376503e-01
27.8504 2.259361169400747604e-01
27.8587 2.260547053161270081e-01
27.867 2.261731641385782143e-01
27.8753 2.262914932089843123e-01
27.8836 2.264096923296497477e-01
27.8919 2.265277613037624815e-01
27.9003 2.266456999346516121e-01
27.9086 2.267635080265271719e-01
27.9169 2.268811853840945192e-01
27.9252 2.269987318125254172e-01
27.9335 2.271161471179499181e-01
27.9418 2.272334311069888202e-01
27.9501 2.273505835863701141e-01
27.9584 2.274676043640483092e-01
27.9667 2.275844932483011840e-01
27.975 2.277012500480828372e-01
27.9834 2.278178745729138588e-01
27.9917 2.279343666327977025e-01
28 2.280507260384104229e-01
28.0083 2.281669526012075622e-01
28.0166 2.282830461333137384e-01
28.0249 2.283990064468685854e-01
28.0332 2.285148333551679789e-01
28.0415 2.286305266718460516e-01
28.0498 2.287460862114449878e-01
28.0581 2.288615117888154749e-01
28.0665 2.289768032194147984e-01
28.0748 2.290919603195484544e-01
28.0831 2.292069829059086017e-01
28.0914 2.293218707959511493e-01
28.0997 2.294366238075429554e-01
28.108 2.295512417592040499e-01
28.1163 2.296657244705103962e-01
28.1246 2.297800717610126164e-01
28.1329 2.298942834509909161e-01
28.1412 2.300083593616691346e-01
28.1496 2.301222993147808149e-01
28.1579 2.302361031324879903e-01
28.1662 2.303497706375411680e-01
28.1745 2.304633016536811185e-01
28.1828 2.305766960047500036e-01
28.1911 2.306899535155233771e-01
28.1994 2.308030740115469825e-01
28.2077 2.309160573185178034e-01
28.216 2.310289032629810613e-01
28.2243 2.311416116722739833e-01
28.2327 2.312541823741225966e-01
28.241 2.313666151968281903e-01
28.2493 2.314789099696665242e-01
28.2576 2.315910665220575482e-01
28.2659 2.317030846842858538e-01
28.2742 2.318149642872048000e-01
28.2825 2.319267051625023279e-01
28.2908 2.320383071420852594e-01
28.2991 2.321497700586385715e-01
28.3074 2.322610937457299518e-01
28.3157 2.323722780372218799e-01
28.3241 2.324833227677500225e-01
28.3324 2.325942277724287466e-01
28.3407 2.327049928872748363e-01
28.349 2.328156179485948440e-01
28.3573 2.329261027934355355e-01
28.3656 2.330364472596612446e-01
28.3739 2.331466511853690915e-01
28.3822 2.332567144097359713e-01
28.3905 2.333666367723008506e-01
28.3988 2.334764181132287508e-01
28.4072 2.335860582731504598e-01
28.4155 2.336955570937164217e-01
28.4238 2.338049144170128435e-01
28.4321 2.339141300856928118e-01
28.4404 2.340232039429748778e-01
28.4487 2.341321358328526669e-01
28.457 2.342409256000135553e-01
28.4653 2.343495730895740481e-01
28.4736 2.344580781473678543e-01
28.4819 2.345664406197337237e-01
28.4903 2.346746603537511744e-01
28.4986 2.347827371973693067e-01
28.5069 2.348906709987488572e-01
28.5152 2.349984616067597731e-01
28.5235 2.351061088711371427e-01
28.5318 2.352136126421381368e-01
28.5401 2.353209727703834686e-01
28.5484 2.354281891075897248e-01
28.5567 2.355352615057290377e-01
28.565 2.356421898175779517e-01
28.5734 2.357489738963753079e-01
28.5817 2.358556135962916189e-01
28.59 2.359621087719302457e-01
28.5983 2.360684592781963076e-01
28.6066 2.361746649714691060e-01
28.6149 2.362807257080868639e-01
28.6232 2.363866413450501913e-01
28.6315 2.364924117403066350e-01
28.6398 2.365980367520980621e-01
28.6481 2.367035162396098347e-01
28.6565 2.368088500624224713e-01
28.6648 2.369140380807969737e-01
28.6731 2.370190801558021976e-01
28.6814 2.371239761489500608e-01
28.6897 2.372287259223498923e-01
28.698 2.373333293388362186e-01
28.7063 2.374377862618639590e-01
28.7146 2.375420965557132613e-01
28.7229 2.376462600849702789e-01
28.7312 2.377502767148886031e-01
28.7396 2.378541463116971288e-01
28.7479 2.379578687417200633e-01
28.7562 2.380614438725379700e-01
28.7645 2.381648715717718523e-01
28.7728 2.382681517079343059e-01
28.7811 2.383712841505043201e-01
28.7894 2.384742687689720975e-01
28.7977 2.385771054338682584e-01
28.806 2.386797940162213305e-01
28.8143 2.387823343876079307e-01
28.8226 2.388847264205364029e-01
28.831 2.389869699880595166e-01
28.8393 2.390890649634394571e-01
28.8476 2.391910112210194339e-01
28.8559 2.392928086358617479e-01
28.8642 2.393944570832338137e-01
28.8725 2.394959564393502605e-01
28.8808 2.395973065808838787e-01
28.8891 2.396985073853484804e-01
28.8974 2.397995587308667520e-01
28.9057 2.399004604958617226e-01
28.9141 2.400012125596435730e-01
28.9224 2.401018148023562615e-01
28.9307 2.402022671044652669e-01
28.939 2.403025693469862667e-01
28.9473 2.404027214121203793e-01
28.9556 2.405027231821820211e-01
28.9639 2.406025745400820759e-01
28.9722 2.407022753697332096e-01
28.9805 2.408018255555641196e-01
28.9888 2.409012249824934448e-01
28.9972 2.410004735361309103e-01
29.0055 2.410995711027760502e-01
29.0138 2.411985175693401040e-01
29.0221 2.412973128236232112e-01
29.0304 2.413959567533246753e-01
29.0387 2.414944492474854487e-01
29.047 2.415927901957516111e-01
29.0553 2.416909794878922824e-01
29.0636 2.417890170146581585e-01
29.0719 2.418869026677036294e-01
29.0803 2.419846363387511690e-01
29.0886 2.420822179202220259e-01
29.0969 2.421796473057639121e-01
29.1052 2.422769243891136903e-01
29.1135 2.423740490647521562e-01
29.1218 2.424710212277510213e-01
29.1301 2.425678407740480547e-01
29.1384 2.426645075999672163e-01
29.1467 2.427610216025946344e-01
29.155 2.428573826795000778e-01
29.1634 2.429535907291880681e-01
29.1717 2.430496456503923874e-01
29.18 2.431455473428030534e-01
29.1883 2.432412957066376613e-01
29.1966 2.433368906428404754e-01
29.2049 2.434323320526550483e-01
29.2132 2.435276198382984314e-01
29.2215 2.436227539024344024e-01
29.2298 2.437177341484966786e-01
29.2381 2.438125604806116731e-01
29.2465 2.439072328032231007e-01
29.2548 2.440017510214398666e-01
29.2631 2.440961150416077197e-01
29.2714 2.441903247700354385e-01
29.2797 2.442843801137420945e-01
29.288 2.443782809806044620e-01
29.2963 2.444720272789566717e-01
29.3046 2.445656189180860918e-01
29.3129 2.446590558074363819e-01
29.3212 2.447523378573515374e-01
29.3295 2.448454649788253945e-01
29.3379 2.449384370832769775e-01
29.3462 2.450312540830695274e-01
29.3545 2.451239158908891658e-01
29.3628 2.452164224203131349e-01
29.3711 2.453087735853128060e-01
29.3794 2.454009693005494985e-01
29.3877 2.454930094814958830e-01
29.396 2.455848940439895323e-01
29.4043 2.456766229046516703e-01
29.4126 2.457681959807368755e-01
29.421 2.458596131897864689e-01
29.4293 2.459508744507364064e-01
29.4376 2.460419796824608873e-01
29.4459 2.461329288044122598e-01
29.4542 2.462237217373575426e-01
29.4625 2.463143584021703081e-01
29.4708 2.464048387200760137e-01
29.4791 2.464951626136338281e-01
29.4874 2.465853300057015141e-01
29.4957 2.466753408194845287e-01
29.5041 2.467651949793681354e-01
29.5124 2.468548924098606656e-01
29.5207 2.469444330362794982e-01
29.529 2.470338167846257427e-01
29.5373 2.471230435816319793e-01
29.5456 2.472121133542467819e-01
29.5539 2.473010260302935248e-01
29.5622 2.473897815384930587e-01
29.5705 2.474783798076800323e-01
29.5788 2.475668207675586763e-01
29.5872 2.476551043484325754e-01
29.5955 2.477432304812030861e-01
29.6038 2.478311990975623769e-01
29.6121 2.479190101294317938e-01
29.6204 2.480066635098852890e-01
29.6287 2.480941591721743111e-01
29.637 2.481814970501402540e-01
29.6453 2.482686770786255992e-01
29.6536 2.483556991928161928e-01
29.6619 2.484425633285554380e-01
29.6703 2.485292694224640053e-01
29.6786 2.486158174115741526e-01
29.6869 2.487022072334499345e-01
29.6952 2.487884388266937696e-01
29.7035 2.488745121300249552e-01
29.7118 2.489604270830281796e-01
29.7201 2.490461836259342254e-01
29.7284 2.491317816997148937e-01
29.7367 2.492172212454533131e-01
29.745 2.493025022052362261e-01
29.7534 2.493876245218860088e-01
29.7617 2.494725881384289579e-01
29.77 2.495573929989132467e-01
29.7783 2.496420390475879714e-01
29.7866 2.497265262296244626e-01
29.7949 2.498108544907528261e-01
29.8032 2.498950237772847305e-01
29.8115 2.499790340359439866e-01
29.8198 2.500628852143208514e-01
29.8281 2.501465772607505689e-01
29.8365 2.502301101236154568e-01
29.8448 2.503134837524954026e-01
29.8531 2.503966980972542888e-01
29.8614 2.504797531083985396e-01
29.8697 2.505626487370993805e-01
29.878 2.506453849352383578e-01
29.8863 2.507279616549522583e-01
29.8946 2.508103788493482034e-01
29.9029 2.508926364721195679e-01
29.9112 2.509747344771623978e-01
29.9195 2.510566728194336128e-01
29.9279 2.511384514542330804e-01
29.9362 2.512200703377026612e-01
29.9445 2.513015294262529453e-01
29.9528 2.513828286770861675e-01
29.9611 2.514639680480982853e-01
29.9694 2.515449474976637623e-01
29.9777 2.516257669846342915e-01
29.986 2.517064264687171038e-01
29.9943 2.517869259100933843e-01
30.0026 2.518672652694165515e-01
30.011 2.519474445081906766e-01
30.0193 2.520274635881759595e-01
30.0276 2.521073224722633621e-01
30.0359 2.521870211234789050e-01
30.0442 2.522665595055735843e-01
30.0525 2.523459375829508189e-01
30.0608 2.524251553204053811e-01
30.0691 2.525042126835226886e-01
30.0774 2.525831096385360852e-01
30.0857 2.526618461521120129e-01
30.0941 2.527404221917032290e-01
30.1024 2.528188377250750185e-01
30.1107 2.528970927205400621e-01
30.119 2.529751871474743008e-01
30.1273 2.530531209755618183e-01
30.1356 2.531308941748647845e-01
30.1439 2.532085067164090431e-01
30.1522 2.532859585716655260e-01
30.1605 2.533632497124315153e-01
30.1688 2.534403801113928600e-01
30.1772 2.535173497418868882e-01
30.1855 2.535941585776430029e-01
30.1938 2.536708065929693667e-01
30.2021 2.537472937629146053e-01
30.2104 2.538236200628685713e-01
30.2187 2.538997854689818978e-01
30.227 2.539757899580007416e-01
30.2353 2.540516335071716369e-01
30.2436 2.541273160945666243e-01
30.2519 2.542028376982420901e-01
30.2603 2.542781982974732236e-01
30.2686 2.543533978718663380e-01
30.2769 2.544284364013111310e-01
30.2852 2.545033138668640338e-01
30.2935 2.545780302498147352e-01
30.3018 2.546525855319184961e-01
30.3101 2.547269796955571319e-01
30.3184 2.548012127242013092e-01
30.3267 2.548752846012715123e-01
30.335 2.549491953107172471e-01
30.3434 2.550229448375487817e-01
30.3517 2.550965331670702607e-01
30.36 2.551699602852489646e-01
30.3683 2.552432261785745338e-01
30.3766 2.553163308339194137e-01
30.3849 2.553892742390227455e-01
30.3932 2.554620563821875523e-01
30.4015 2.555346772518872767e-01
30.4098 2.556071368376187647e-01
30.4181 2.556794351294151557e-01
30.4264 2.557515721174296597e-01
30.4348 2.558235477929027279e-01
30.4431 2.558953621472841999e-01
30.4514 2.559670151728310472e-01
30.4597 2.560385068621912064e-01
30.468 2.561098372087013408e-01
30.4763 2.561810062059943216e-01
30.4846 2.562520138485958054e-01
30.4929 2.563228601316000499e-01
30.5012 2.563935450503243563e-01
30.5095 2.564640686007446102e-01
30.5179 2.565344307797217671e-01
30.5262 2.566046315844277004e-01
30.5345 2.566746710125040742e-01
30.5428 2.567445490620156034e-01
30.5511 2.568142657320432454e-01
30.5594 2.568838210220872886e-01
30.5677 2.569532149320433168e-01
30.576 2.570224474624296374e-01
30.5843 2.570915186140887987e-01
30.5926 2.571604283887112818e-01
30.601 2.572291767884911651e-01
30.6093 2.572977638162387559e-01
30.6176 2.573661894751741452e-01
30.6259 2.574344537689713941e-01
30.6342 2.575025567020076123e-01
30.6425 2.575704982791108266e-01
30.6508 2.576382785058543012e-01
30.6591 2.577058973881910520e-01
30.6674 2.577733549325892937e-01
30.6757 2.578406511461890926e-01
30.6841 2.579077860364387131e-01
30.6924 2.579747596115462560e-01
30.7007 2.580415718804779379e-01
30.709 2.581082228520053534e-01
30.7173 2.581747125361083528e-01
30.7256 2.582410409432484011e-01
30.7339 2.583072080840058682e-01
30.7422 2.583732139698021180e-01
30.7505 2.584390586125361322e-01
30.7588 2.585047420249442784e-01
30.7672 2.585702642195832346e-01
30.7755 2.586356252101829067e-01
30.7838 2.587008250106966334e-01
30.7921 2.587658636358864395e-01
30.8004 2.588307411006009473e-01
30.8087 2.588954574206064341e-01
30.817 2.589600126120905066e-01
30.8253 2.590244066915707855e-01
30.8336 2.590886396764779942e-01
30.8419 2.591527115844800000e-01
30.8503 2.592166224337056901e-01
30.8586 2.592803722430573887e-01
30.8669 2.593439610319619448e-01
30.8752 2.594073888201687272e-01
30.8835 2.594706556278820186e-01
30.8918 2.595337614760510614e-01
30.9001 2.595967063861666646e-01
30.9084 2.596594903800810150e-01
30.9167 2.597221134803192055e-01
30.925 2.597845757097653197e-01
30.9333 2.598468770917723991e-01
30.9417 2.599090176504513794e-01
30.95 2.599709974103346921e-01
30.9583 2.600328163963525618e-01
30.9666 2.600944746340105307e-01
30.9749 2.601559721493874600e-01
30.9832 2.602173089689116536e-01
30.9915 2.602784851199153593e-01
30.9998 2.603395006297887782e-01
31.0081 2.604003555266231618e-01
31.0164 2.604610498389425821e-01
31.0248 2.605215835959251436e-01
31.0331 2.605819568271563469e-01
31.0414 2.606421695627176294e-01
31.0497 2.607022218330074526e-01
31.058 2.607621136695144060e-01
31.0663 2.608218451037532803e-01
31.0746 2.608814161673095322e-01
31.0829 2.609408268935166642e-01
31.0912 2.610000773152227338e-01
31.0995 2.610591674658724881e-01
31.1079 2.611180973797923022e-01
31.1162 2.611768670913503509e-01
31.1245 2.612354766358154778e-01
31.1328 2.612939260488043591e-01
31.1411 2.613522153662806158e-01
31.1494 2.614103446248176588e-01
31.1577 2.614683138615748748e-01
31.166 2.615261231141426390e-01
31.1743 2.615837724203869952e-01
31.1826 2.616412618189759565e-01
31.191 2.616985913490038618e-01
31.1993 2.617557610498812970e-01
31.2076 2.618127709614869181e-01
31.2159 2.618696211245170047e-01
31.2242 2.619263115799358443e-01
31.2325 2.619828423690186980e-01
31.2408 2.620392135338099893e-01
31.2491 2.620954251170123372e-01
31.2574 2.621514771609576022e-01
31.2657 2.622073697091799604e-01
31.2741 2.622631028059108083e-01
31.2824 2.623186764951828120e-01
31.2907 2.623740908218759049e-01
31.299 2.624293458310845151e-01
31.3073 2.624844415686818366e-01
31.3156 2.625393780811003941e-01
31.3239 2.625941554150266199e-01
31.3322 2.626487736174208387e-01
31.3405 2.627032327359302699e-01
31.3488 2.627575328188212489e-01
31.3572 2.628116739144786829e-01
31.3655 2.628656560722950064e-01
31.3738 2.629194793415184361e-01
31.3821 2.629731437723363818e-01
31.3904 2.630266494150289569e-01
31.3987 2.630799963204009106e-01
31.407 2.631331845401695402e-01
31.4153 2.631862141259899701e-01
31.4236 2.632390851301676937e-01
31.4319 2.632917976055919040e-01
31.4402 2.633443516051952038e-01
31.4486 2.633967471829011808e-01
31.4569 2.634489843928468633e-01
31.4652 2.635010632895536942e-01
31.4735 2.635529839280126851e-01
31.4818 2.636047463638988564e-01
31.4901 2.636563506530306134e-01
31.4984 2.637077968516925441e-01
31.5067 2.637590850171500079e-01
31.515 2.638102152064429329e-01
31.5233 2.638611874773097998e-01
31.5317 2.639120018879070884e-01
31.54 2.639626584970649614e-01
31.5483 2.640131573637496953e-01
31.5566 2.640634985476205121e-01
31.5649 2.641136821087276543e-01
31.5732 2.641637081071472326e-01
31.5815 2.642135766041154854e-01
31.5898 2.642632876606777481e-01
31.5981 2.643128413387796360e-01
31.6064 2.643622377007299740e-01
31.6148 2.644114768088585143e-01
31.6231 2.644605587264332036e-01
31.6314 2.645094835167617342e-01
31.6397 2.645582512439378919e-01
31.648 2.646068619724766813e-01
31.6563 2.646553157668662948e-01
31.6646 2.647036126925044197e-01
31.6729 2.647517528152916744e-01
31.6812 2.647997362008434052e-01
31.6895 2.648475629159355305e-01
31.6979 2.648952330275666234e-01
31.7062 2.649427466030636613e-01
31.7145 2.649901037103356005e-01
31.7228 2.650373044173838788e-01
31.7311 2.650843487929805398e-01
31.7394 2.651312369063903995e-01
31.7477 2.651779688269043644e-01
31.756 2.652245446243254312e-01
31.7643 2.652709643692636732e-01
31.7726 2.653172281324365778e-01
31.781 2.653633359847951123e-01
31.7893 2.654092879980933239e-01
31.7976 2.654550842444639014e-01
31.8059 2.655007247961642114e-01
31.8142 2.655462097259974619e-01
31.8225 2.655915391071003717e-01
31.8308 2.656367130135735000e-01
31.8391 2.656817315191750684e-01
31.8474 2.657265946982246274e-01
31.8557 2.657713026258550770e-01
31.8641 2.658158553773372623e-01
31.8724 2.658602530283109555e-01
31.8807 2.659044956548464733e-01
31.889 2.659485833335485938e-01
31.8973 2.659925161413031480e-01
31.9056 2.660362941553393035e-01
31.9139 2.660799174532705869e-01
31.9222 2.661233861137633494e-01
31.9305 2.661667002145671201e-01
31.9388 2.662098598348173195e-01
31.9471 2.662528650542378417e-01
31.9555 2.662957159520939476e-01
31.9638 2.663384126086138504e-01
31.9721 2.663809551041926849e-01
31.9804 2.664233435198510858e-01
31.9887 2.664655779366915667e-01
31.997 2.665076584366062873e-01
32.0053 2.665495851014417772e-01
32.0136 2.665913580135408356e-01
32.0219 2.666329772561146783e-01
32.0302 2.666744429121187254e-01
32.0386 2.667157550649171260e-01
32.0469 2.667569137989054817e-01
32.0552 2.667979191983455012e-01
32.0635 2.668387713477796686e-01
32.0718 2.668794703322794892e-01
32.0801 2.669200162376104135e-01
32.0884 2.669604091496488585e-01
32.0967 2.670006491543824856e-01
32.105 2.670407363387375943e-01
32.1133 2.670806707895833632e-01
32.1217 2.671204525940627517e-01
32.13 2.671600818402945499e-01
32.1383 2.671995586164206404e-01
32.1466 2.672388830106052771e-01
32.1549 2.672780551117782122e-01
32.1632 2.673170750095913428e-01
32.1715 2.673559427931384569e-01
32.1798 2.673946585526463249e-01
32.1881 2.674332223782356355e-01
32.1964 2.674716343608684599e-01
32.2048 2.675098945914816673e-01
32.2131 2.675480031613979848e-01
32.2214 2.675859601627360584e-01
32.2297 2.676237656873403092e-01
32.238 2.676614198275614753e-01
32.2463 2.676989226766653962e-01
32.2546 2.677362743276824331e-01
32.2629 2.677734748741454895e-01
32.2712 2.678105244099663329e-01
32.2795 2.678474230294334846e-01
32.2879 2.678841708274577460e-01
32.2962 2.679207678985875973e-01
32.3045 2.679572143381969695e-01
32.3128 2.679935102424819693e-01
32.3211 2.680296557070294683e-01
32.3294 2.680656508282472372e-01
32.3377 2.681014957029135282e-01
32.346 2.681371904281747431e-01
32.3543 2.681727351013009630e-01
32.3626 2.682081298202146358e-01
32.371 2.682433746827556087e-01
32.3793 2.682784697876178237e-01
32.3876 2.683134152336144607e-01
32.3959 2.683482111195959474e-01
32.4042 2.683828575451818743e-01
32.4125 2.684173546102708863e-01
32.4208 2.684517024146746422e-01
32.4291 2.684859010590107120e-01
32.4374 2.685199506444569395e-01
32.4457 2.685538512714934489e-01
32.454 2.685876030417269078e-01
32.4624 2.686212060573618943e-01
32.4707 2.686546604200654165e-01
32.479 2.686879662324246354e-01
32.4873 2.687211235972973844e-01
32.4956 2.687541326176497991e-01
32.5039 2.687869933968387026e-01
32.5122 2.688197060391753768e-01
32.5205 2.688522706478653768e-01
32.5288 2.688846873275922977e-01
32.5371 2.689169561833448241e-01
32.5455 2.689490773200128859e-01
32.5538 2.689810508427907254e-01
32.5621 2.690128768575378304e-01
32.5704 2.690445554700129915e-01
32.5787 2.690760867863971617e-01
32.587 2.691074709139752441e-01
32.5953 2.691387079591652798e-01
32.6036 2.691697980289653458e-01
32.6119 2.692007412309523340e-01
32.6202 2.692315376735207044e-01
32.6286 2.692621874644773872e-01
32.6369 2.692926907121249713e-01
32.6452 2.693230475255806167e-01
32.6535 2.693532580138132126e-01
32.6618 2.693833222858034726e-01
32.6701 2.694132404517035617e-01
32.6784 2.694430126213552823e-01
32.6867 2.694726389048897053e-01
32.695 2.695021194132056763e-01
32.7033 2.695314542569298144e-01
32.7117 2.695606435471750717e-01
32.72 2.695896873955793138e-01
32.7283 2.696185859138656715e-01
32.7366 2.696473392141999770e-01
32.7449 2.696759474085135277e-01
32.7532 2.697044106100546235e-01
32.7615 2.697327289315564758e-01
32.7698 2.697609024859530247e-01
32.7781 2.697889313867763428e-01
32.7864 2.698168157483129548e-01
32.7948 2.698445556842928306e-01
32.8031 2.698721513089219481e-01
32.8114 2.698996027372765893e-01
32.8197 2.699269100843114666e-01
32.828 2.699540734648195883e-01
32.8363 2.699810929944222448e-01
32.8446 2.700079687892896207e-01
32.8529 2.700347009651515306e-01
32.8612 2.700612896381272554e-01
32.8695 2.700877349253175130e-01
32.8779 2.701140369435385269e-01
32.8862 2.701401958097167655e-01
32.8945 2.701662116413230397e-01
32.9028 2.701920845563700047e-01
32.9111 2.702178146725841557e-01
32.9194 2.702434021081935867e-01
32.9277 2.702688469818085859e-01
32.936 2.702941494123807797e-01
32.9443 2.703193095188493045e-01
32.9526 2.703443274203358171e-01
32.9609 2.703692032366554754e-01
32.9693 2.703939370875688697e-01
32.9776 2.704185290932918928e-01
32.9859 2.704429793743771127e-01
32.9942 2.704672880511246325e-01
33.0025 2.704914552444835918e-01
33.0108 2.705154810757371964e-01
33.0191 2.705393656664628610e-01
33.0274 2.705631091380220621e-01
33.0357 2.705867116124999194e-01
33.044 2.706101732119993719e-01
33.0524 2.706334940589142368e-01
33.0607 2.706566742762800404e-01
33.069 2.706797139866797264e-01
33.0773 2.707026133132969803e-01
33.0856 2.707253723799936118e-01
33.0939 2.707479913099429814e-01
33.1022 2.707704702273456832e-01
33.1105 2.707928092562588152e-01
33.1188 2.708150085214913183e-01
33.1271 2.708370681472795360e-01
33.1355 2.708589882585708541e-01
33.1438 2.708807689806341235e-01
33.1521 2.709024104388246812e-01
33.1604 2.709239127590505891e-01
33.1687 2.709452760669171512e-01
33.177 2.709665004884642125e-01
33.1853 2.709875861501652716e-01
33.1936 2.710085331785385687e-01
33.2019 2.710293417004953631e-01
33.2102 2.710500118431839467e-01
33.2186 2.710705437335633738e-01
33.2269 2.710909374993707988e-01
33.2352 2.711111932683841763e-01
33.2435 2.711313111686162181e-01
33.2518 2.711512913278881221e-01
33.2601 2.711711338751808253e-01
33.2684 2.711908389388193452e-01
33.2767 2.712104066473993713e-01
33.285 2.712298371307490519e-01
33.2933 2.712491305179244305e-01
33.3017 2.712682869380569350e-01
33.31 2.712873065211999224e-01
33.3183 2.713061893975953764e-01
33.3266 2.713249356970587334e-01
33.3349 2.713435455502471449e-01
33.3432 2.713620190878506810e-01
33.3515 2.713803564402856860e-01
33.3598 2.713985577392291071e-01
33.3681 2.714166231157367215e-01
33.3764 2.714345527011645665e-01
33.3848 2.714523466272439345e-01
33.3931 2.714700050261572573e-01
33.4014 2.714875280296954463e-01
33.4097 2.715049157701754368e-01
33.418 2.715221683805544295e-01
33.4263 2.715392859935870096e-01
33.4346 2.715562687415972176e-01
33.4429 2.715731167580428540e-01
33.4512 2.715898301765220513e-01
33.4595 2.716064091305430694e-01
33.4678 2.716228537539822629e-01
33.4762 2.716391641803210244e-01
33.4845 2.716553405440929048e-01
33.4928 2.716713829795878166e-01
33.5011 2.716872916211560129e-01
33.5094 2.717030666040063935e-01
33.5177 2.717187080629505092e-01
33.526 2.717342161329727723e-01
33.5343 2.717495909494578310e-01
33.5426 2.717648326478097620e-01
33.5509 2.717799413640586970e-01
33.5593 2.717949172337599806e-01
33.5676 2.718097603933971040e-01
33.5759 2.718244709790533786e-01
33.5842 2.718390491271324150e-01
33.5925 2.718534949744324525e-01
33.6008 2.718678086576917785e-01
33.6091 2.718819903141552197e-01
33.6174 2.718960400808934641e-01
33.6257 2.719099580951800932e-01
33.634 2.719237444946798199e-01
33.6424 2.719373994172214482e-01
33.6507 2.719509230006840195e-01
33.659 2.719643153831466376e-01
33.6673 2.719775767031148428e-01
33.6756 2.719907070987279685e-01
33.6839 2.720037067088515448e-01
33.6922 2.720165756720597794e-01
33.7005 2.720293141276131088e-01
33.7088 2.720419222147431038e-01
33.7171 2.720544000724268163e-01
33.7255 2.720667478402500894e-01
33.7338 2.720789656581064087e-01
33.7421 2.720910536657455969e-01
33.7504 2.721030120029990784e-01
33.7587 2.721148408101914384e-01
33.767 2.721265402275400702e-01
33.7753 2.721381103957912773e-01
33.7836 2.721495514553588513e-01
33.7919 2.721608635469975335e-01
33.8002 2.721720468120255032e-01
33.8086 2.721831013915026465e-01
33.8169 2.721940274264162962e-01
33.8252 2.722048250585398232e-01
33.8335 2.722154944294240542e-01
33.8418 2.722260356807699733e-01
33.8501 2.722364489545398558e-01
33.8584 2.722467343928823280e-01
33.8667 2.722568921380197904e-01
33.875 2.722669223322110588e-01
33.8833 2.722768251181972299e-01
33.8917 2.722866006383827808e-01
33.9 2.722962490358016852e-01
33.9083 2.723057704536334112e-01
33.9166 2.723151650347200858e-01
33.9249 2.723244329224198124e-01
33.9332 2.723335742600861975e-01
33.9415 2.723425891914396657e-01
33.9498 2.723514778602684205e-01
33.9581 2.723602404102448693e-01
33.9664 2.723688769852573577e-01
33.9747 2.723773877297429591e-01
33.9831 2.723857727879465673e-01
33.9914 2.723940323039947820e-01
33.9997 2.724021664225982908e-01
34.008 2.724101752886067818e-01
34.0163 2.724180590468242014e-01
34.0246 2.724258178422665488e-01
34.0329 2.724334518196827593e-01
34.0412 2.724409611243651108e-01
34.0495 2.724483459021469489e-01
34.0578 2.724556062982254612e-01
34.0662 2.724627424578968671e-01
34.0745 2.724697545275129862e-01
34.0828 2.724766426527509000e-01
34.0911 2.724834069791657321e-01
34.0994 2.724900476535851435e-01
34.1077 2.724965648218685144e-01
34.116 2.725029586304125728e-01
34.1243 2.725092292260394289e-01
34.1326 2.725153767550436701e-01
34.1409 2.725214013641815147e-01
34.1493 2.725273032006331198e-01
34.1576 2.725330824111600325e-01
34.1659 2.725387391430200146e-01
34.1742 2.725442735431986008e-01
34.1825 2.725496857592488720e-01
34.1908 2.725549759386338700e-01
34.1991 2.725601442289077858e-01
34.2074 2.725651907778265381e-01
34.2157 2.725701157331631430e-01
34.224 2.725749192425268586e-01
34.2324 2.725796014544910606e-01
34.2407 2.725841625170629667e-01
34.249 2.725886025781210642e-01
34.2573 2.725929217865419862e-01
34.2656 2.725971202905632662e-01
34.2739 2.726011982385831978e-01
34.2822 2.726051557794875180e-01
34.2905 2.726089930622849211e-01
34.2988 2.726127102353448906e-01
34.3071 2.726163074482117477e-01
34.3155 2.726197848495724996e-01
34.3238 2.726231425890697779e-01
34.3321 2.726263808156698110e-01
34.3404 2.726294996786411962e-01
34.3487 2.726324993280608844e-01
34.357 2.726353799128587441e-01
34.3653 2.726381415830612664e-01
34.3736 2.726407844885245235e-01
34.3819 2.726433087791870769e-01
34.3902 2.726457146051056157e-01
34.3986 2.726480021160935241e-01
34.4069 2.726501714620466754e-01
34.4152 2.726522227939868204e-01
34.4235 2.726541562617548764e-01
34.4318 2.726559720159922873e-01
34.4401 2.726576702073486569e-01
34.4484 2.726592509860484848e-01
34.4567 2.726607145031875734e-01
34.465 2.726620609093645120e-01
34.4733 2.726632903554720433e-01
34.4816 2.726644029927680069e-01
34.49 2.726653989719771132e-01
34.4983 2.726662784443324994e-01
34.5066 2.726670415609643849e-01
34.5149 2.726676884734021700e-01
34.5232 2.726682193330355886e-01
34.5315 2.726686342910444316e-01
34.5398 2.726689334990773372e-01
34.5481 2.726691171090006582e-01
34.5564 2.726691852724335008e-01
34.5647 2.726691381409260817e-01
34.5731 2.726689758663889407e-01
34.5814 2.726686986008058367e-01
34.5897 2.726683064961976100e-01
34.598 2.726677997046582647e-01
34.6063 2.726671783784252456e-01
34.6146 2.726664426695230570e-01
34.6229 2.726655927303329729e-01
34.6312 2.726646287130943258e-01
34.6395 2.726635507705085781e-01
34.6478 2.726623590548143961e-01
34.6562 2.726610537186052730e-01
34.6645 2.726596349148291965e-01
34.6728 2.726581027955088388e-01
34.6811 2.726564575139088231e-01
34.6894 2.726546992230780009e-01
34.6977 2.726528280753533484e-01
34.706 2.726508442238502750e-01
34.7143 2.726487478217516913e-01
34.7226 2.726465390220249030e-01
34.7309 2.726442179777044394e-01
34.7393 2.726417848422815204e-01
34.7476 2.726392397686417390e-01
34.7559 2.726365829100203531e-01
34.7642 2.726338144202134495e-01
34.7725 2.726309344526938183e-01
34.7808 2.726279431603996772e-01
34.7891 2.726248406968646010e-01
34.7974 2.726216272163918819e-01
34.8057 2.726183028720445267e-01
34.814 2.726148678174083462e-01
34.8224 2.726113222065563169e-01
34.8307 2.726076661931662870e-01
34.839 2.726038999308747490e-01
34.8473 2.726000235740140276e-01
34.8556 2.725960372760298234e-01
34.8639 2.725919411912037238e-01
34.8722 2.725877354734579372e-01
34.8805 2.725834202767412617e-01
34.8888 2.725789957555205256e-01
34.8971 2.725744620635168203e-01
34.9055 2.725698193552489323e-01
34.9138 2.725650677849101866e-01
34.9221 2.725602075066849705e-01
34.9304 2.725552386748528177e-01
34.9387 2.725501614440676290e-01
34.947 2.725449759683437612e-01
34.9553 2.725396824022444098e-01
34.9636 2.725342809006011113e-01
34.9719 2.725287716175009978e-01
34.9802 2.725231547075439575e-01
34.9885 2.725174303255620267e-01
34.9969 2.725115986260617240e-01
35.0052 2.725056597634332722e-01
35.0135 2.724996138927512912e-01
35.0218 2.724934611686250507e-01
35.0301 2.724872017458947471e-01
35.0384 2.724808357790400315e-01
35.0467 2.724743634229445655e-01
35.055 2.724677848326875762e-01
35.0633 2.724611001631251916e-01
35.0716 2.724543095691351891e-01
35.08 2.724474132051302178e-01
35.0883 2.724404112266189393e-01
35.0966 2.724333037889904441e-01
35.1049 2.724260910461294150e-01
35.1132 2.724187731535001600e-01
35.1215 2.724113502666547504e-01
35.1298 2.724038225401604896e-01
35.1381 2.723961901294000287e-01
35.1464 2.723884531892906136e-01
35.1547 2.723806118748027805e-01
35.1631 2.723726663413401639e-01
35.1714 2.723646167440825772e-01
35.1797 2.723564632381242356e-01
35.188 2.723482059791289545e-01
35.1963 2.723398451215367500e-01
35.2046 2.723313808206675457e-01
35.2129 2.723228132324084783e-01
35.2212 2.723141425118374426e-01
35.2295 2.723053688139113193e-01
35.2378 2.722964922941540911e-01
35.2462 2.722875131076590849e-01
35.2545 2.722784314101885927e-01
35.2628 2.722692473568675275e-01
35.2711 2.722599611025285915e-01
35.2794 2.722505728030491512e-01
35.2877 2.722410826141155038e-01
35.296 2.722314906906060927e-01
35.3043 2.722217971876208509e-01
35.3126 2.722120022608907619e-01
35.3209 2.722021060661262148e-01
35.3293 2.721921087585731924e-01
35.3376 2.721820104931156892e-01
35.3459 2.721718114254385035e-01
35.3542 2.721615117111712001e-01
35.3625 2.721511115054108254e-01
35.3708 2.721406109639840643e-01
35.3791 2.721300102419463851e-01
35.3874 2.721193094945373314e-01
35.3957 2.721085088777246419e-01
35.404 2.720976085466026428e-01
35.4124 2.720866086563467623e-01
35.4207 2.720755093627575949e-01
35.429 2.720643108210347716e-01
35.4373 2.720530131868326151e-01
35.4456 2.720416166152048731e-01
35.4539 2.720301212616252906e-01
35.4622 2.720185272815447974e-01
35.4705 2.720068348302900341e-01
35.4788 2.719950440633344679e-01
35.4871 2.719831551358908306e-01
35.4954 2.719711682037256884e-01
35.5038 2.719590834214975494e-01
35.5121 2.719469009448582941e-01
35.5204 2.719346209295713246e-01
35.5287 2.719222435302594554e-01
35.537 2.719097689024357889e-01
35.5453 2.718971972016902550e-01
35.5536 2.718845285829130098e-01
35.5619 2.718717632017133012e-01
35.5702 2.718589012130009364e-01
35.5785 2.718459427721334198e-01
35.5869 2.718328880346124743e-01
35.5952 2.718197371555102215e-01
35.6035 2.718064902894029577e-01
35.6118 2.717931475923909268e-01
35.6201 2.717797092191351904e-01
35.6284 2.717661753247093137e-01
35.6367 2.717525460643970825e-01
35.645 2.717388215930532924e-01
35.6533 2.717250020661793330e-01
35.6616 2.717110876387129337e-01
35.67 2.716970784651639437e-01
35.6783 2.716829747009895657e-01
35.6866 2.716687765014189071e-01
35.6949 2.716544840209511036e-01
35.7032 2.716400974146628289e-01
35.7115 2.716256168376038338e-01
35.7198 2.716110424444293514e-01
35.7281 2.715963743899021954e-01
35.7364 2.715816128292933285e-01
35.7447 2.715667579172448276e-01
35.7531 2.715518098080386689e-01
35.7614 2.715367686571983907e-01
35.7697 2.715216346192519947e-01
35.778 2.715064078487003929e-01
35.7863 2.714910884997847607e-01
35.7946 2.714756767277516913e-01
35.8029 2.714601726871870291e-01
35.8112 2.714445765324490223e-01
35.8195 2.714288884179354433e-01
35.8278 2.714131084985816345e-01
35.8362 2.713972369284967101e-01
35.8445 2.713812738620615117e-01
35.8528 2.713652194538944684e-01
35.8611 2.713490738584195539e-01
35.8694 2.713328372296675561e-01
35.8777 2.713165097221389432e-01
35.886 2.713000914898080485e-01
35.8943 2.712835826871184963e-01
35.9026 2.712669834685177417e-01
35.9109 2.712502939875638397e-01
35.9193 2.712335143987132935e-01
35.9276 2.712166448557651321e-01
35.9359 2.711996855129522599e-01
35.9442 2.711826365243466541e-01
35.9525 2.711654980433964024e-01
35.9608 2.711482702245447407e-01
35.9691 2.711309532214126738e-01
35.9774 2.711135471875598113e-01
35.9857 2.710960522768133263e-01
35.994 2.710784686432344825e-01
36.0023 2.710607964403933812e-01
36.0107 2.710430358216005531e-01
36.019 2.710251869404335934e-01
36.0273 2.710072499508679456e-01
36.0356 2.709892250061254337e-01
36.0439 2.709711122594313237e-01
36.0522 2.709529118644742884e-01
36.0605 2.709346239742886353e-01
36.0688 2.709162487423718013e-01
36.0771 2.708977863218624549e-01
36.0854 2.708792368660007943e-01
36.0938 2.708606005278329509e-01
36.1021 2.708418774607354029e-01
36.1104 2.708230678172025563e-01
36.1187 2.708041717505831336e-01
36.127 2.707851894136715232e-01
36.1353 2.707661209594935392e-01
36.1436 2.707469665402929548e-01
36.1519 2.707277263092309760e-01
36.1602 2.707084004197639060e-01
36.1685 2.706889890232284657e-01
36.1769 2.706694922726285979e-01
36.1852 2.706499103210021628e-01
36.1935 2.706302433201824842e-01
36.2018 2.706104914228851244e-01
36.2101 2.705906547814690422e-01
36.2184 2.705707335481646880e-01
36.2267 2.705507278753018774e-01
36.235 2.705306379146592000e-01
36.2433 2.705104638188301491e-01
36.2516 2.704902057397589044e-01
36.26 2.704698638293592805e-01
36.2683 2.704494382394168617e-01
36.2766 2.704289291219457159e-01
36.2849 2.704083366288961288e-01
36.2932 2.703876609117337737e-01
36.3015 2.703669021221525859e-01
36.3098 2.703460604120742627e-01
36.3181 2.703251359327739634e-01
36.3264 2.703041288354315341e-01
36.3347 2.702830392721659591e-01
36.3431 2.702618673939005678e-01
36.3514 2.702406133519155151e-01
36.3597 2.702192772974277291e-01
36.368 2.701978593815255181e-01
36.3763 2.701763597555891794e-01
36.3846 2.701547785701927662e-01
36.3929 2.701331159764600587e-01
36.4012 2.701113721255155031e-01
36.4095 2.700895471677429716e-01
36.4178 2.700676412541399007e-01
36.4262 2.700456545351242466e-01
36.4345 2.700235871614052319e-01
36.4428 2.700014392833384735e-01
36.4511 2.699792110517626464e-01
36.4594 2.699569026165852814e-01
36.4677 2.699345141283569505e-01
36.476 2.699120457371474990e-01
36.4843 2.698894975932198403e-01
36.4926 2.698668698468371097e-01
36.5009 2.698441626469496590e-01
36.5092 2.698213761447191272e-01
36.5176 2.697985104896093445e-01
36.5259 2.697755658309892723e-01
36.5342 2.697525423190286209e-01
36.5425 2.697294401030337352e-01
36.5508 2.697062593325351698e-01
36.5591 2.696830001571283164e-01
36.5674 2.696596627258977530e-01
36.5757 2.696362471884393153e-01
36.584 2.696127536939346703e-01
36.5923 2.695891823913102447e-01
36.6007 2.695655334297168415e-01
36.609 2.695418069582094511e-01
36.6173 2.695180031253663344e-01
36.6256 2.694941220803705462e-01
36.6339 2.694701639715785801e-01
36.6422 2.694461289480786781e-01
36.6505 2.694220171579739809e-01
36.6588 2.693978287497495461e-01
36.6671 2.693735638720496373e-01
36.6754 2.693492226732329686e-01
36.6838 2.693248053011511045e-01
36.6921 2.693003119040047744e-01
36.7004 2.692757426300276258e-01
36.7087 2.692510976271989542e-01
36.717 2.692263770430557979e-01
36.7253 2.692015810257372688e-01
36.7336 2.691767097229393335e-01
36.7419 2.691517632815996763e-01
36.7502 2.691267418501427366e-01
36.7585 2.691016455755071979e-01
36.7669 2.690764746049488232e-01
36.7752 2.690512290863551481e-01
36.7835 2.690259091660671675e-01
36.7918 2.690005149913425320e-01
36.8001 2.689750467096277964e-01
36.8084 2.689495044672036150e-01
36.8167 2.689238884112341577e-01
36.825 2.688981986883480779e-01
36.8333 2.688724354450805487e-01
36.8416 2.688465988281245611e-01
36.85 2.688206889838276048e-01
36.8583 2.687947060582866476e-01
36.8666 2.687686501977567533e-01
36.8749 2.687425215487757035e-01
36.8832 2.687163202573170651e-01
36.8915 2.686900464689784274e-01
36.8998 2.686637003295783699e-01
36.9081 2.686372819854062066e-01
36.9164 2.686107915816548508e-01
36.9247 2.685842292642387497e-01
36.9331 2.685575951781030146e-01
36.9414 2.685308894692259307e-01
36.9497 2.685041122827105942e-01
36.958 2.684772637632864556e-01
36.9663 2.684503440565277899e-01
36.9746 2.684233533073220324e-01
36.9829 2.683962916606517091e-01
36.9912 2.683691592608759002e-01
36.9995 2.683419562529481550e-01
37.0078 2.683146827814796298e-01
37.0161 2.682873389908957407e-01
37.0245 2.682599250256543777e-01
37.0328 2.682324410300898077e-01
37.0411 2.682048871479151275e-01
37.0494 2.681772635235299962e-01
37.0577 2.681495703012723442e-01
37.066 2.681218076245484583e-01
37.0743 2.680939756371402694e-01
37.0826 2.680660744828612940e-01
37.0909 2.680381043050615308e-01
37.0992 2.680100652475262968e-01
37.1076 2.679819574533605087e-01
37.1159 2.679537810661355435e-01
37.1242 2.679255362284948538e-01
37.1325 2.678972230836725865e-01
37.1408 2.678688417745947459e-01
37.1491 2.678403924442199213e-01
37.1574 2.678118752353847998e-01
37.1657 2.677832902901860490e-01
37.174 2.677546377517422971e-01
37.1823 2.677259177618147024e-01
37.1907 2.676971304630933468e-01
37.199 2.676682759977758730e-01
37.2073 2.676393545079388536e-01
37.2156 2.676103661353838592e-01
37.2239 2.675813110221298974e-01
37.2322 2.675521893095827997e-01
37.2405 2.675230011396742547e-01
37.2488 2.674937466542143261e-01
37.2571 2.674644259940932578e-01
37.2654 2.674350393006652005e-01
37.2738 2.674055867155324395e-01
37.2821 2.673760683794088600e-01
37.2904 2.673464844332877899e-01
37.2987 2.673168350182572595e-01
37.307 2.672871202750086717e-01
37.3153 2.672573403439610362e-01
37.3236 2.672274953659955488e-01
37.3319 2.671975854811080020e-01
37.3402 2.671676108297568741e-01
37.3485 2.671375715521280836e-01
37.3569 2.671074677888692905e-01
37.3652 2.670772996789491649e-01
37.3735 2.670470673628381753e-01
37.3818 2.670167709800626565e-01
37.3901 2.669864106703050965e-01
37.3984 2.669559865729153603e-01
37.4067 2.669254988275218676e-01
37.415 2.668949475732376175e-01
37.4233 2.668643329491492411e-01
37.4316 2.668336550945602514e-01
37.44 2.668029141482598510e-01
37.4483 2.667721102486455553e-01
37.4566 2.667412435352450872e-01
37.4649 2.667103141459163385e-01
37.4732 2.666793222194037694e-01
37.4815 2.666482678938175144e-01
37.4898 2.666171513074846455e-01
37.4981 2.665859725989490059e-01
37.5064 2.665547319056957853e-01
37.5147 2.665234293652457565e-01
37.523 2.664920651160649356e-01
37.5314 2.664606392956219150e-01
37.5397 2.664291520409364233e-01
37.548 2.663976034898509759e-01
37.5563 2.663659937796367672e-01
37.5646 2.663343230471166834e-01
37.5729 2.663025914295115149e-01
37.5812 2.662707990636540845e-01
37.5895 2.662389460863524571e-01
37.5978 2.662070326342077520e-01
37.6061 2.661750588441590404e-01
37.6145 2.661430248518524277e-01
37.6228 2.661109307941771362e-01
37.6311 2.660787768070923542e-01
37.6394 2.660465630262924819e-01
37.6477 2.660142895883507164e-01
37.656 2.659819566290326787e-01
37.6643 2.659495642834175388e-01
37.6726 2.659171126872832969e-01
37.6809 2.658846019765033208e-01
37.6892 2.658520322856647300e-01
37.6976 2.658194037504126861e-01
37.7059 2.657867165060678327e-01
37.7142 2.657539706867263485e-01
37.7225 2.657211664275417329e-01
37.7308 2.656883038635236560e-01
37.7391 2.656553831291184609e-01
37.7474 2.656224043583897410e-01
37.7557 2.655893676857978836e-01
37.764 2.655562732460786668e-01
37.7723 2.655231211724488061e-01
37.7807 2.654899115990601022e-01
37.789 2.654566446597421137e-01
37.7973 2.654233204883616470e-01
37.8056 2.653899392184039252e-01
37.8139 2.653565009830933796e-01
37.8222 2.653230059157514198e-01
37.8305 2.652894541497369252e-01
37.8388 2.652558458178494449e-01
37.8471 2.652221810532247037e-01
37.8554 2.651884599882013971e-01
37.8638 2.651546827555739116e-01
37.8721 2.651208494882925093e-01
37.8804 2.650869603183932943e-01
37.8887 2.650530153780695231e-01
37.897 2.650190147994930800e-01
37.9053 2.649849587146960728e-01
37.9136 2.649508472552138394e-01
37.9219 2.649166805535110858e-01
37.9302 2.648824587409623899e-01
37.9385 2.648481819482691457e-01
37.9469 2.648138503075364580e-01
37.9552 2.647794639499585490e-01
37.9635 2.647450230064126719e-01
37.9718 2.647105276078750569e-01
37.9801 2.646759778849460121e-01
37.9884 2.646413739685019029e-01
37.9967 2.646067159893395471e-01
38.005 2.645720040774673376e-01
38.0133 2.645372383635828939e-01
38.0216 2.645024189774784484e-01
38.0299 2.644675460492215135e-01
38.0383 2.644326197089195696e-01
38.0466 2.643976400859527343e-01
38.0549 2.643626073104484164e-01
38.0632 2.643275215115127308e-01
38.0715 2.642923828188222246e-01
38.0798 2.642571913609154111e-01
38.0881 2.642219472674902092e-01
38.0964 2.641866506677542081e-01
38.1047 2.641513016900139954e-01
38.113 2.641159004627354201e-01
38.1214 2.640804471148943122e-01
38.1297 2.640449417749197170e-01
38.138 2.640093845711051213e-01
38.1463 2.639737756312564576e-01
38.1546 2.639381150835733436e-01
38.1629 2.639024030561196721e-01
38.1712 2.638666396764143829e-01
38.1795 2.638308250722522508e-01
38.1878 2.637949593707661911e-01
38.1961 2.637590426994239068e-01
38.2045 2.637230751856169952e-01
38.2128 2.636870569561353128e-01
38.2211 2.636509881381028375e-01
38.2294 2.636148688582762856e-01
38.2377 2.635786992431619624e-01
38.246 2.635424794194836662e-01
38.2543 2.635062095133065552e-01
38.2626 2.634698896510884181e-01
38.2709 2.634335199589795118e-01
38.2792 2.633971005628802375e-01
38.2876 2.633606315883266213e-01
38.2959 2.633241131613630048e-01
38.3042 2.632875454076682997e-01
38.3125 2.632509284520920256e-01
38.3208 2.632142624202827297e-01
38.3291 2.631775474374085655e-01
38.3374 2.631407836282158019e-01
38.3457 2.631039711177267093e-01
38.354 2.630671100308901167e-01
38.3623 2.630302004918860792e-01
38.3707 2.629932426251703759e-01
38.379 2.629562365550687786e-01
38.3873 2.629191824060082561e-01
38.3956 2.628820803019380481e-01
38.4039 2.628449303665620906e-01
38.4122 2.628077327235128768e-01
38.4205 2.627704874968138649e-01
38.4288 2.627331948094918657e-01
38.4371 2.626958547850230530e-01
38.4454 2.626584675465810093e-01
38.4538 2.626210332173262718e-01
38.4621 2.625835519201752954e-01
38.4704 2.625460237776854888e-01
38.4787 2.625084489125170673e-01
38.487 2.624708274470292091e-01
38.4953 2.624331595040296783e-01
38.5036 2.623954452051615038e-01
38.5119 2.623576846728620238e-01
38.5202 2.623198780285201925e-01
38.5285 2.622820253944340707e-01
38.5368 2.622441268925439495e-01
38.5452 2.622061826434566312e-01
38.5535 2.621681927689170633e-01
38.5618 2.621301573902561910e-01
38.5701 2.620920766283347247e-01
38.5784 2.620539506041745237e-01
38.5867 2.620157794384991856e-01
38.595 2.619775632519646402e-01
38.6033 2.619393021649290554e-01
38.6116 2.619009962978554595e-01
38.6199 2.618626457712525668e-01
38.6283 2.618242507048751389e-01
38.6366 2.617858112184680563e-01
38.6449 2.617473274321663324e-01
38.6532 2.617087994652947947e-01
38.6615 2.616702274375686810e-01
38.6698 2.616316114681221938e-01
38.6781 2.615929516763088603e-01
38.6864 2.615542481815293918e-01
38.6947 2.615155011019776321e-01
38.703 2.614767105568650551e-01
38.7114 2.614378766646531793e-01
38.7197 2.613989995439656155e-01
38.728 2.613600793134740474e-01
38.7363 2.613211160909308384e-01
38.7446 2.612821099941944336e-01
38.7529 2.612430611413996684e-01
38.7612 2.612039696505021324e-01
38.7695 2.611648356389950076e-01
38.7778 2.611256592244206587e-01
38.7861 2.610864405238595976e-01
38.7945 2.610471796547823575e-01
38.8028 2.610078767343113615e-01
38.8111 2.609685318788249608e-01
38.8194 2.609291452053749127e-01
38.8277 2.608897168311188897e-01
38.836 2.608502468715655498e-01
38.8443 2.608107354436325354e-01
38.8526 2.607711826633254404e-01
38.8609 2.607315886468697386e-01
38.8692 2.606919535099757601e-01
38.8776 2.606522773679528227e-01
38.8859 2.606125603371774457e-01
38.8942 2.605728025327778141e-01
38.9025 2.605330040698203287e-01
38.9108 2.604931650639302210e-01
38.9191 2.604532856297684940e-01
38.9274 2.604133658819915431e-01
38.9357 2.603734059359266162e-01
38.944 2.603334059059382866e-01
38.9523 2.602933659062741101e-01
38.9607 2.602532860511210799e-01
38.969 2.602131664547743806e-01
38.9773 2.601730072316367215e-01
38.9856 2.601328084949266484e-01
38.9939 2.600925703583649717e-01
39.0022 2.600522929361174795e-01
39.0105 2.600119763409988183e-01
39.0188 2.599716206864940427e-01
39.0271 2.599312260858600010e-01
39.0354 2.598907926517338707e-01
39.0437 2.598503204970301628e-01
39.0521 2.598098097347721347e-01
39.0604 2.597692604769167857e-01
39.0687 2.597286728362017683e-01
39.077 2.596880469250267831e-01
39.0853 2.596473828548943596e-01
39.0936 2.596066807381994246e-01
39.1019 2.595659406869434416e-01
39.1102 2.595251628122883236e-01
39.1185 2.594843472259527606e-01
39.1268 2.594434940392630895e-01
39.1352 2.594026033634327377e-01
39.1435 2.593616753095622784e-01
39.1518 2.593207099883056421e-01
39.1601 2.592797075105384152e-01
39.1684 2.592386679874692512e-01
39.1767 2.591975915291369059e-01
39.185 2.591564782453580906e-01
39.1933 2.591153282469497721e-01
39.2016 2.590741416436723732e-01
39.2099 2.590329185456752281e-01
39.2183 2.589916590627187043e-01
39.2266 2.589503633038975905e-01
39.2349 2.589090313787512643e-01
39.2432 2.588676633972073482e-01
39.2515 2.588262594679188733e-01
39.2598 2.587848196998172035e-01
39.2681 2.587433442018346463e-01
39.2764 2.587018330829045643e-01
39.2847 2.586602864515183953e-01
39.293 2.586187044157269854e-01
39.3014 2.585770870841356261e-01
39.3097 2.585354345645776708e-01
39.318 2.584937469653300623e-01
39.3263 2.584520243941746953e-01
39.3346 2.584102669588402845e-01
39.3429 2.583684747666167292e-01
39.3512 2.583266479247414149e-01
39.3595 2.582847865408402499e-01
39.3678 2.582428907221555603e-01
39.3761 2.582009605748314396e-01
39.3845 2.581589962063918775e-01
39.3928 2.581169977231525525e-01
39.4011 2.580749652314331954e-01
39.4094 2.580328988379969046e-01
39.4177 2.579907986490052596e-01
39.426 2.579486647702942670e-01
39.4343 2.579064973074847722e-01
39.4426 2.578642963670250698e-01
39.4509 2.578220620538307362e-01
39.4592 2.577797944739196323e-01
39.4676 2.577374937322168269e-01
39.4759 2.576951599344747268e-01
39.4842 2.576527931846973596e-01
39.4925 2.576103935884279106e-01
39.5008 2.575679612504475635e-01
39.5091 2.575254962751054033e-01
39.5174 2.574829987667562325e-01
39.5257 2.574404688296513255e-01
39.534 2.573979065684301459e-01
39.5423 2.573553120864814359e-01
39.5506 2.573126854879105863e-01
39.559 2.572700268761740627e-01
39.5673 2.572273363548988057e-01
39.5756 2.571846140278814530e-01
39.5839 2.571418599976718067e-01
39.5922 2.570990743675355406e-01
39.6005 2.570562572411260183e-01
39.6088 2.570134087205792617e-01
39.6171 2.569705289083115130e-01
39.6254 2.569276179071273702e-01
39.6337 2.568846758197300129e-01
39.6421 2.568417027480148773e-01
39.6504 2.567986987938860599e-01
39.6587 2.567556640596898587e-01
39.667 2.567125986464783849e-01
39.6753 2.566695026562351711e-01
39.6836 2.566263761908971208e-01
39.6919 2.565832193510007020e-01
39.7002 2.565400322382839771e-01
39.7085 2.564968149534102571e-01
39.7168 2.564535675974855544e-01
39.7252 2.564102902711921095e-01
39.7335 2.563669830747352107e-01
39.7418 2.563236461091407681e-01
39.7501 2.562802794747414681e-01
39.7584 2.562368832708539212e-01
39.7667 2.561934575980473472e-01
39.775 2.561500025562530869e-01
39.7833 2.561065182446036759e-01
39.7916 2.560630047635907292e-01
39.7999 2.560194622118291963e-01
39.8083 2.559758906887540930e-01
39.8166 2.559322902936495558e-01
39.8249 2.558886611251647847e-01
39.8332 2.558450032824988174e-01
39.8415 2.558013168640011492e-01
39.8498 2.557576019679260182e-01
39.8581 2.557138586933456748e-01
39.8664 2.556700871380006013e-01
39.8747 2.556262874001808405e-01
39.883 2.555824595777057007e-01
39.8914 2.555386037682459421e-01
39.8997 2.554947200698066689e-01
39.908 2.554508085795479944e-01
39.9163 2.554068693946430213e-01
39.9246 2.553629026124389911e-01
39.9329 2.553189083305638096e-01
39.9412 2.552748866449988663e-01
39.9495 2.552308376526499778e-01
39.9578 2.551867614508105397e-01
39.9661 2.551426581354505618e-01
39.9745 2.550985278029287984e-01
39.9828 2.550543705492977486e-01
39.9911 2.550101864705175969e-01
39.9994 2.549659756627229990e-01
40.0077 2.549217382214228333e-01
40.016 2.548774742421945905e-01
40.0243 2.548331838208967026e-01
40.0326 2.547888670521241683e-01
40.0409 2.547445240314460957e-01
40.0492 2.547001548538080362e-01
40.0575 2.546557596140113233e-01
40.0659 2.546113384066073237e-01
40.0742 2.545668913262165156e-01
40.0825 2.545224184673690049e-01
40.0908 2.544779199242389600e-01
40.0991 2.544333957908049837e-01
40.1074 2.543888461613802998e-01
40.1157 2.543442711297109748e-01
40.124 2.542996707888176000e-01
40.1323 2.542550452331166499e-01
40.1406 2.542103945556099531e-01
40.149 2.541657188491053265e-01
40.1573 2.541210182070637869e-01
40.1656 2.540762927230161838e-01
40.1739 2.540315424890293161e-01
40.1822 2.539867675975590045e-01
40.1905 2.539419681417135477e-01
40.1988 2.538971442137732404e-01
40.2071 2.538522959054030914e-01
40.2154 2.538074233093433052e-01
40.2237 2.537625265172433475e-01
40.2321 2.537176056206140173e-01
40.2404 2.536726607115651344e-01
40.2487 2.536276918812236936e-01
40.257 2.535826992206838826e-01
40.2653 2.535376828221125312e-01
40.2736 2.534926427758000256e-01
40.2819 2.534475791724783988e-01
40.2902 2.534024921034782052e-01
40.2985 2.533573816592030736e-01
40.3068 2.533122479300771168e-01
40.3152 2.532670910060719760e-01
40.3235 2.532219109779155208e-01
40.3318 2.531767079357779004e-01
40.3401 2.531314819688010864e-01
40.3484 2.530862331673546795e-01
40.3567 2.530409616207279777e-01
40.365 2.529956674183368448e-01
40.3733 2.529503506498801957e-01
40.3816 2.529050114042405983e-01
40.3899 2.528596497704794221e-01
40.3983 2.528142658373140894e-01
40.4066 2.527688596937976429e-01
40.4149 2.527234314282210681e-01
40.4232 2.526779811290023048e-01
40.4315 2.526325088849999956e-01
40.4398 2.525870147839457402e-01
40.4481 2.525414989136470223e-01
40.4564 2.524959613621953758e-01
40.4647 2.524504022174441364e-01
40.473 2.524048215668008854e-01
40.4814 2.523592194979571990e-01
40.4897 2.523135960981071069e-01
40.498 2.522679514539480916e-01
40.5063 2.522222856528264501e-01
40.5146 2.521765987819037935e-01
40.5229 2.521308909275858934e-01
40.5312 2.520851621766148631e-01
40.5395 2.520394126150818925e-01
40.5478 2.519936423297263195e-01
40.5561 2.519478514062215568e-01
40.5645 2.519020399308374847e-01
40.5728 2.518562079895573236e-01
40.5811 2.518103556680266197e-01
40.5894 2.517644830518127042e-01
40.5977 2.517185902260939967e-01
40.606 2.516726772768516640e-01
40.6143 2.516267442886425676e-01
40.6226 2.515807913460504364e-01
40.6309 2.515348185348750820e-01
40.6392 2.514888259397523029e-01
40.6475 2.514428136444145090e-01
40.6559 2.513967817343778499e-01
40.6642 2.513507302932734278e-01
40.6725 2.513046594054310634e-01
40.6808 2.512585691547433719e-01
40.6891 2.512124596247690689e-01
40.6974 2.511663309004347755e-01
40.7057 2.511201830643743915e-01
40.714 2.510740162000235087e-01
40.7223 2.510278303908453634e-01
40.7306 2.509816257203309475e-01
40.739 2.509354022710728604e-01
40.7473 2.508891601258985138e-01
40.7556 2.508428993677661589e-01
40.7639 2.507966200796626910e-01
40.7722 2.507503223432162587e-01
40.7805 2.507040062418303683e-01
40.7888 2.506576718567810058e-01
40.7971 2.506113192696309833e-01
40.8054 2.505649485637161944e-01
40.8137 2.505185598199912156e-01
40.8221 2.504721531200048701e-01
40.8304 2.504257285454893900e-01
40.8387 2.503792861780015921e-01
40.847 2.503328260981561582e-01
40.8553 2.502863483872635464e-01
40.8636 2.502398531265107029e-01
40.8719 2.501933403962459113e-01
40.8802 2.501468102772574365e-01
40.8885 2.501002628501086678e-01
40.8968 2.500536981950365334e-01
40.9052 2.500071163926154139e-01
40.9135 2.499605175226851661e-01
40.9218 2.499139016648117273e-01
40.9301 2.498672688992044089e-01
40.9384 2.498206193056961011e-01
40.9467 2.497739529638456357e-01
40.955 2.497272699524805128e-01
40.9633 2.496805703508170882e-01
40.9716 2.496338542386126458e-01
40.9799 2.495871216946898286e-01
40.9883 2.495403727975993857e-01
40.9966 2.494936076259250957e-01
41.0049 2.494468262587912766e-01
41.0132 2.494000287741364175e-01
41.0215 2.493532152499836618e-01
41.0298 2.493063857653531057e-01
41.0381 2.492595403974215418e-01
41.0464 2.492126792246671108e-01
41.0547 2.491658023246385578e-01
41.063 2.491189097743111980e-01
41.0714 2.490720016520108493e-01
41.0797 2.490250780345787118e-01
41.088 2.489781389993460103e-01
41.0963 2.489311846230715664e-01
41.1046 2.488842149830040040e-01
41.1129 2.488372301561229405e-01
41.1212 2.487902302184329117e-01
41.1295 2.487432152465296475e-01
41.1378 2.486961853175479187e-01
41.1461 2.486491405066399984e-01
41.1544 2.486020808902552892e-01
41.1628 2.485550065447771073e-01
41.1711 2.485079175456672007e-01
41.1794 2.484608139686249606e-01
41.1877 2.484136958887317725e-01
41.196 2.483665633820109908e-01
41.2043 2.483194165242699480e-01
41.2126 2.482722553893915440e-01
41.2209 2.482250800525029888e-01
41.2292 2.481778905893703424e-01
41.2375 2.481306870744901250e-01
41.2459 2.480834695813927959e-01
41.2542 2.480362381857538490e-01
41.2625 2.479889929614794708e-01
41.2708 2.479417339825139288e-01
41.2791 2.478944613230897320e-01
41.2874 2.478471750573767451e-01
41.2957 2.477998752589315734e-01
41.304 2.477525620013490970e-01
41.3123 2.477052353580624366e-01
41.3206 2.476578954023929691e-01
41.329 2.476105422078006546e-01
41.3373 2.475631758476335986e-01
41.3456 2.475157963942797301e-01
41.3539 2.474684039212647901e-01
41.3622 2.474209985002563950e-01
41.3705 2.473735802048082077e-01
41.3788 2.473261491074646434e-01
41.3871 2.472787052792148887e-01
41.3954 2.472312487939288261e-01
41.4037 2.471837797224261946e-01
41.4121 2.471362981366139189e-01
41.4204 2.470888041088863396e-01
41.4287 2.470412977107321328e-01
41.437 2.469937790137301248e-01
41.4453 2.469462480886547295e-01
41.4536 2.468987050075633627e-01
41.4619 2.468511498414109051e-01
41.4702 2.468035826605481931e-01
41.4785 2.467560035358143111e-01
41.4868 2.467084125387836724e-01
41.4952 2.466608097397321175e-01
41.5035 2.466131952087296242e-01
41.5118 2.465655690163338631e-01
41.5201 2.465179312327477890e-01
41.5284 2.464702819279684376e-01
41.5367 2.464226211718864579e-01
41.545 2.463749490342368453e-01
41.5533 2.463272655850933801e-01
41.5616 2.462795708930396177e-01
41.5699 2.462318650287775024e-01
41.5783 2.461841480606304366e-01
41.5866 2.461364200579527761e-01
41.5949 2.460886810898455512e-01
41.6032 2.460409312251073399e-01
41.6115 2.459931705326293128e-01
41.6198 2.459453990808528334e-01
41.6281 2.458976169383614296e-01
41.6364 2.458498241732403888e-01
41.6447 2.458020208540621920e-01
41.653 2.457542070488026864e-01
41.6613 2.457063828253346627e-01
41.6697 2.456585482516731034e-01
41.678 2.456107033956313745e-01
41.6863 2.455628483242811022e-01
41.6946 2.455149831054757315e-01
41.7029 2.454671078064252776e-01
41.7112 2.454192224944831413e-01
41.7195 2.453713272363114706e-01
41.7278 2.453234220990102854e-01
41.7361 2.452755071493815386e-01
41.7444 2.452275824542723415e-01
41.7528 2.451796480804770140e-01
41.7611 2.451317040938563174e-01
41.7694 2.450837505610512224e-01
41.7777 2.450357875477700842e-01
41.786 2.449878151202564691e-01
41.7943 2.449398333448487841e-01
41.8026 2.448918422869539591e-01
41.8109 2.448438420124164627e-01
41.8192 2.447958325864924289e-01
41.8275 2.447478140745338315e-01
41.8359 2.446997865419881235e-01
41.8442 2.446517500543494705e-01
41.8525 2.446037046757452982e-01
41.8608 2.445556504719101076e-01
41.8691 2.445075875073586258e-01
41.8774 2.444595158465558138e-01
41.8857 2.444114355543550721e-01
41.894 2.443633466944411248e-01
41.9023 2.443152493318114515e-01
41.9106 2.442671435303440663e-01
41.919 2.442190293540625057e-01
41.9273 2.441709068668929117e-01
41.9356 2.441227761322756207e-01
41.9439 2.440746372141365805e-01
41.9522 2.440264901759648386e-01
41.9605 2.439783350811528806e-01
41.9688 2.439301719929963530e-01
41.9771 2.438820009744040729e-01
41.9854 2.438338220885760965e-01
41.9937 2.437856353981808499e-01
42.0021 2.437374409661297592e-01
42.0104 2.436892388553835720e-01
42.0187 2.436410291279851315e-01
42.027 2.435928118462209746e-01
42.0353 2.435445870728144002e-01
42.0436 2.434963548693786228e-01
42.0519 2.434481152984468988e-01
42.0602 2.433998684215885056e-01
42.0685 2.433516143006649035e-01
42.0768 2.433033529975394404e-01
42.0852 2.432550845731620837e-01
42.0935 2.432068090893532153e-01
42.1018 2.431585266075500518e-01
42.1101 2.431102371883742397e-01
42.1184 2.430619408931728731e-01
42.1267 2.430136377827664951e-01
42.135 2.429653279182678316e-01
42.1433 2.429170113594947278e-01
42.1516 2.428686881681434151e-01
42.1599 2.428203584037032792e-01
42.1682 2.427720221266769229e-01
42.1766 2.427236793978584106e-01
42.1849 2.426753302762706122e-01
42.1932 2.426269748224283429e-01
42.2015 2.425786130962748754e-01
42.2098 2.425302451569913975e-01
42.2181 2.424818710646264863e-01
42.2264 2.424334908784670506e-01
42.2347 2.423851046579008350e-01
42.243 2.423367124621771396e-01
42.2513 2.422883143497856495e-01
42.2597 2.422399103801779474e-01
42.268 2.421915006123807612e-01
42.2763 2.421430851048052835e-01
42.2846 2.420946639162508685e-01
42.2929 2.420462371047593375e-01
42.3012 2.419978047293327994e-01
42.3095 2.419493668482162185e-01
42.3178 2.419009235186599105e-01
42.3261 2.418524747990179469e-01
42.3344 2.418040207477456516e-01
42.3428 2.417555614222095528e-01
42.3511 2.417070968802119135e-01
42.3594 2.416586271791338059e-01
42.3677 2.416101523764588033e-01
42.376 2.415616725291550582e-01
42.3843 2.415131876948163059e-01
42.3926 2.414646979302360053e-01
42.4009 2.414162032923105605e-01
42.4092 2.413677038383717222e-01
42.4175 2.413191996246672466e-01
42.4259 2.412706907076437590e-01
42.4342 2.412221771441353524e-01
42.4425 2.411736589903683281e-01
42.4508 2.411251363022461069e-01
42.4591 2.410766091361548902e-01
42.4674 2.410280775484420490e-01
42.4757 2.409795415946117958e-01
42.484 2.409310013303201381e-01
42.4923 2.408824568109961262e-01
42.5006 2.408339080926928943e-01
42.509 2.407853552309054956e-01
42.5173 2.407367982808553408e-01
42.5256 2.406882372972546646e-01
42.5339 2.406396723351565958e-01
42.5422 2.405911034498130763e-01
42.5505 2.405425306964387999e-01
42.5588 2.404939541291271632e-01
42.5671 2.404453738024541487e-01
42.5754 2.403967897717599334e-01
42.5837 2.403482020901818728e-01
42.5921 2.402996108127050390e-01
42.6004 2.402510159936192546e-01
42.6087 2.402024176862376237e-01
42.617 2.401538159453899257e-01
42.6253 2.401052108242715810e-01
42.6336 2.400566023764663104e-01
42.6419 2.400079906558982012e-01
42.6502 2.399593757157989782e-01
42.6585 2.399107576095064198e-01
42.6668 2.398621363907454951e-01
42.6751 2.398135121119873703e-01
42.6835 2.397648848261382248e-01
42.6918 2.397162545867724259e-01
42.7001 2.396676214463525911e-01
42.7084 2.396189854570269229e-01
42.7167 2.395703466720332242e-01
42.725 2.395217051437797673e-01
42.7333 2.394730609240803276e-01
42.7416 2.394244140654634978e-01
42.7499 2.393757646200040390e-01
42.7582 2.393271126396967763e-01
42.7666 2.392784581765969032e-01
42.7749 2.392298012819335240e-01
42.7832 2.391811420075567185e-01
42.7915 2.391324804050507791e-01
42.7998 2.390838165264332904e-01
42.8081 2.390351504220586953e-01
42.8164 2.389864821434612707e-01
42.8247 2.389378117422825687e-01
42.833 2.388891392687357007e-01
42.8413 2.388404647740730302e-01
42.8497 2.387917883090499016e-01
42.858 2.387431099239721854e-01
42.8663 2.386944296697189050e-01
42.8746 2.386457475967195541e-01
42.8829 2.385970637550943185e-01
42.8912 2.385483781950256121e-01
42.8995 2.384996909668045395e-01
42.9078 2.384510021209231279e-01
42.9161 2.384023117062666342e-01
42.9244 2.383536197726182360e-01
42.9328 2.383049263705644960e-01
42.9411 2.382562315488554461e-01
42.9494 2.382075353571379284e-01
42.9577 2.381588378452139665e-01
42.966 2.381101390615606994e-01
42.9743 2.380614390555977899e-01
42.9826 2.380127378764378687e-01
42.9909 2.379640355730721357e-01
42.9992 2.379153321939088128e-01
43.0075 2.378666277878353219e-01
43.0159 2.378179224032491990e-01
43.0242 2.377692160885656603e-01
43.0325 2.377205088930012811e-01
43.0408 2.376718008642228763e-01
43.0491 2.376230920499621535e-01
43.0574 2.375743824983837515e-01
43.0657 2.375256722578086566e-01
43.074 2.374769613760235321e-01
43.0823 2.374282499004195524e-01
43.0906 2.373795378788208510e-01
43.099 2.373308253585186822e-01
43.1073 2.372821123871907412e-01
43.1156 2.372333990122119374e-01
43.1239 2.371846852805631067e-01
43.1322 2.371359712391987173e-01
43.1405 2.370872569348175529e-01
43.1488 2.370385424149636100e-01
43.1571 2.369898277263743913e-01
43.1654 2.369411129151202666e-01
43.1737 2.368923980282534314e-01
43.182 2.368436831117015362e-01
43.1904 2.367949682121447408e-01
43.1987 2.367462533761001131e-01
43.207 2.366975386492816413e-01
43.2153 2.366488240777441521e-01
43.2236 2.366001097071976089e-01
43.2319 2.365513955839665394e-01
43.2402 2.365026817538934956e-01
43.2485 2.364539682617462779e-01
43.2568 2.364052551535468505e-01
43.2651 2.363565424749726473e-01
43.2735 2.363078302706734801e-01
43.2818 2.362591185859139464e-01
43.2901 2.362104074667543407e-01
43.2984 2.361616969571351254e-01
43.3067 2.361129871016118542e-01
43.315 2.360642779464000307e-01
43.3233 2.360155695354612670e-01
43.3316 2.359668619127348599e-01
43.3399 2.359181551236827212e-01
43.3482 2.358694492121977404e-01
43.3566 2.358207442223323735e-01
43.3649 2.357720401988425696e-01
43.3732 2.357233371849634940e-01
43.3815 2.356746352254509014e-01
43.3898 2.356259343640395854e-01
43.3981 2.355772346439890808e-01
43.4064 2.355285361093527041e-01
43.4147 2.354798388038443491e-01
43.423 2.354311427708839499e-01
43.4313 2.353824480528291796e-01
43.4397 2.353337546940979241e-01
43.448 2.352850627378191006e-01
43.4563 2.352363722265124191e-01
43.4646 2.351876832034000553e-01
43.4729 2.351389957109602247e-01
43.4812 2.350903097924630092e-01
43.4895 2.350416254903897884e-01
43.4978 2.349929428470211301e-01
43.5061 2.349442619051582692e-01
43.5144 2.348955827072208846e-01
43.5228 2.348469052948873870e-01
43.5311 2.347982297108074656e-01
43.5394 2.347495559972950230e-01
43.5477 2.347008841951581937e-01
43.556 2.346522143474815414e-01
43.5643 2.346035464957989258e-01
43.5726 2.345548806813103349e-01
43.5809 2.345062169457361734e-01
43.5892 2.344575553307772509e-01
43.5975 2.344088958778903220e-01
43.6059 2.343602386272560512e-01
43.6142 2.343115836212812664e-01
43.6225 2.342629309009167937e-01
43.6308 2.342142805066017297e-01
43.6391 2.341656324793849053e-01
43.6474 2.341169868602515636e-01
43.6557 2.340683436898996217e-01
43.664 2.340197030083819574e-01
43.6723 2.339710648567187856e-01
43.6806 2.339224292754641388e-01
43.6889 2.338737963044832668e-01
43.6973 2.338251659838477825e-01
43.7056 2.337765383538353559e-01
43.7139 2.337279134551525916e-01
43.7222 2.336792913265678395e-01
43.7305 2.336306720084407040e-01
43.7388 2.335820555407111809e-01
43.7471 2.335334419627223823e-01
43.7554 2.334848313138009057e-01
43.7637 2.334362236337025331e-01
43.772 2.333876189618096508e-01
43.7804 2.333390173372654197e-01
43.7887 2.332904187991968470e-01
43.797 2.332418233864031465e-01
43.8053 2.331932311382461376e-01
43.8136 2.331446420933596109e-01
43.8219 2.330960562906283784e-01
43.8302 2.330474737687438513e-01
43.8385 2.329988945664260014e-01
43.8468 2.329503187217576987e-01
43.8551 2.329017462733393995e-01
43.8635 2.328531772596674487e-01
43.8718 2.328046117183356634e-01
43.8801 2.327560496880321239e-01
43.8884 2.327074912067201296e-01
43.8967 2.326589363123481025e-01
43.905 2.326103850425843833e-01
43.9133 2.325618374350827411e-01
43.9216 2.325132935278367285e-01
43.9299 2.324647533580731784e-01
43.9382 2.324162169634473862e-01
43.9466 2.323676843810257020e-01
43.9549 2.323191556483469589e-01
43.9632 2.322706308031122768e-01
43.9715 2.322221098813751494e-01
43.9798 2.321735929208978977e-01
43.9881 2.321250799585901081e-01
43.9964 2.320765710302015172e-01
44.0047 2.320280661736742467e-01
44.013 2.319795654258337558e-01
44.0213 2.319310688222591121e-01
44.0297 2.318825763996624489e-01
44.038 2.318340881945228638e-01
44.0463 2.317856042431746255e-01
44.0546 2.317371245821591152e-01
44.0629 2.316886492470376924e-01
44.0712 2.316401782738875537e-01
44.0795 2.315917116985537205e-01
44.0878 2.315432495571768945e-01
44.0961 2.314947918852706121e-01
44.1044 2.314463387187756793e-01
44.1128 2.313978900929189453e-01
44.1211 2.313494460430038646e-01
44.1294 2.313010066050674995e-01
44.1377 2.312525718136013153e-01
44.146 2.312041417042690339e-01
44.1543 2.311557163125035619e-01
44.1626 2.311072956729385841e-01
44.1709 2.310588798201099747e-01
44.1792 2.310104687894614928e-01
44.1875 2.309620626156387024e-01
44.1958 2.309136613330578514e-01
44.2042 2.308652649765622900e-01
44.2125 2.308168735808095451e-01
44.2208 2.307684871797483772e-01
44.2291 2.307201058078418021e-01
44.2374 2.306717294994550249e-01
44.2457 2.306233582883765454e-01
44.254 2.305749922093005833e-01
44.2623 2.305266312958652586e-01
44.2706 2.304782755821349893e-01
44.2789 2.304299251012502936e-01
44.2873 2.303815798874744025e-01
44.2956 2.303332399744517645e-01
44.3039 2.302849053954261205e-01
44.3122 2.302365761843280512e-01
44.3205 2.301882523740789999e-01
44.3288 2.301399339981570202e-01
44.3371 2.300916210898139302e-01
44.3454 2.300433136816851798e-01
44.3537 2.299950118073963157e-01
44.362 2.299467154997394125e-01
44.3704 2.298984247911518009e-01
44.3787 2.298501397149298187e-01
44.387 2.298018603033212814e-01
44.3953 2.297535865894326512e-01
44.4036 2.297053186055394436e-01
44.4119 2.296570563837797008e-01
44.4202 2.296087999567169302e-01
44.4285 2.295605493570364308e-01
44.4368 2.295123046161618163e-01
44.4451 2.294640657664180350e-01
44.4535 2.294158328402086389e-01
44.4618 2.293676058689796127e-01
44.4701 2.293193848849475192e-01
44.4784 2.292711699192859498e-01
44.4867 2.292229610044133059e-01
44.495 2.291747581715328497e-01
44.5033 2.291265614524885252e-01
44.5116 2.290783708780399774e-01
44.5199 2.290301864795875053e-01
44.5282 2.289820082892138620e-01
44.5366 2.289338363377032282e-01
44.5449 2.288856706555333909e-01
44.5532 2.288375112746388607e-01
44.5615 2.287893582253994751e-01
44.5698 2.287412115384481193e-01
44.5781 2.286930712453569270e-01
44.5864 2.286449373761029191e-01
44.5947 2.285968099613452098e-01
44.603 2.285486890319520792e-01
44.6113 2.285005746183999542e-01
44.6197 2.284524667506027673e-01
44.628 2.284043654592842476e-01
44.6363 2.283562707742629039e-01
44.6446 2.283081827254813678e-01
44.6529 2.282601013438622373e-01
44.6612 2.282120266587391033e-01
44.6695 2.281639586998265856e-01
44.6778 2.281158974972201103e-01
44.6861 2.280678430807110413e-01
44.6944 2.280197954797018312e-01
44.7027 2.279717547238899467e-01
44.7111 2.279237208425844707e-01
44.7194 2.278756938652188035e-01
44.7277 2.278276738212649533e-01
44.736 2.277796607399777962e-01
44.7443 2.277316546504806472e-01
44.7526 2.276836555812538632e-01
44.7609 2.276356635622664715e-01
44.7692 2.275876786222475467e-01
44.7775 2.275397007891995782e-01
44.7858 2.274917300923571528e-01
44.7942 2.274437665610787029e-01
44.8025 2.273958102234004963e-01
44.8108 2.273478611076542588e-01
44.8191 2.272999192422967552e-01
44.8274 2.272519846561643353e-01
44.8357 2.272040573771134386e-01
44.844 2.271561374333806449e-01
44.8523 2.271082248534971038e-01
44.8606 2.270603196654398803e-01
44.8689 2.270124218967174423e-01
44.8773 2.269645315757267690e-01
44.8856 2.269166487300574298e-01
44.8939 2.268687733874242274e-01
44.9022 2.268209055757519077e-01
44.9105 2.267730453224132137e-01
44.9188 2.267251926550753471e-01
44.9271 2.266773476007697130e-01
44.9354 2.266295101877527363e-01
44.9437 2.265816804426300790e-01
44.952 2.265338583926408966e-01
44.9604 2.264860440652342322e-01
44.9687 2.264382374870556325e-01
44.977 2.263904386854675710e-01
44.9853 2.263426476873672544e-01
44.9936 2.262948645194400865e-01
45.0019 2.262470892084133822e-01
45.0102 2.261993217812243995e-01
45.0185 2.261515622644307000e-01
45.0268 2.261038106842103712e-01
45.0351 2.260560670672889794e-01
45.0435 2.260083314401810373e-01
45.0518 2.259606038292746866e-01
45.0601 2.259128842604953558e-01
45.0684 2.258651727599792769e-01
45.0767 2.258174693541567524e-01
45.085 2.257697740688280885e-01
45.0933 2.257220869300879118e-01
45.1016 2.256744079635696343e-01
45.1099 2.256267371952849210e-01
45.1182 2.255790746510361600e-01
45.1266 2.255314203561651354e-01
45.1349 2.254837743364758174e-01
45.1432 2.254361366175633985e-01
45.1515 2.253885072244794507e-01
45.1598 2.253408861830723253e-01
45.1681 2.252932735182287816e-01
45.1764 2.252456692555480366e-01
45.1847 2.251980734197523981e-01
45.193 2.251504860361929206e-01
45.2013 2.251029071297622197e-01
45.2096 2.250553367252293713e-01
45.218 2.250077748479079598e-01
45.2263 2.249602215223200363e-01
45.2346 2.249126767731147447e-01
45.2429 2.248651406251518103e-01
45.2512 2.248176131027508906e-01
45.2595 2.247700942305256855e-01
45.2678 2.247225840329669655e-01
45.2761 2.246750825340264879e-01
45.2844 2.246275897584496251e-01
45.2927 2.245801057305259751e-01
45.3011 2.245326304738404499e-01
45.3094 2.244851640131041159e-01
45.3177 2.244377063720736920e-01
45.326 2.243902575745506944e-01
45.3343 2.243428176443812982e-01
45.3426 2.242953866057052215e-01
45.3509 2.242479644819591611e-01
45.3592 2.242005512964591052e-01
45.3675 2.241531470736443099e-01
45.3758 2.241057518363392953e-01
45.3842 2.240583656083262598e-01
45.3925 2.240109884130175033e-01
45.4008 2.239636202733732429e-01
45.4091 2.239162612124821206e-01
45.4174 2.238689112546367599e-01
45.4257 2.238215704219396196e-01
45.434 2.237742387368705788e-01
45.4423 2.237269162238570974e-01
45.4506 2.236796029052212642e-01
45.4589 2.236322988036619219e-01
45.4673 2.235850039419235713e-01
45.4756 2.235377183424661907e-01
45.4839 2.234904420280432180e-01
45.4922 2.234431750215362389e-01
45.5005 2.233959173454596880e-01
45.5088 2.233486690218794146e-01
45.5171 2.233014300734020297e-01
45.5254 2.232542005221032355e-01
45.5337 2.232069803901050586e-01
45.542 2.231597696997403846e-01
45.5504 2.231125684730589365e-01
45.5587 2.230653767322390568e-01
45.567 2.230181944994228393e-01
45.5753 2.229710217960588770e-01
45.5836 2.229238586436428360e-01
45.5919 2.228767050649493320e-01
45.6002 2.228295610804992277e-01
45.6085 2.227824267124211832e-01
45.6168 2.227353019828076375e-01
45.6251 2.226881869126489666e-01
45.6335 2.226410815233930696e-01
45.6418 2.225939858362887547e-01
45.6501 2.225468998726320424e-01
45.6584 2.224998236538479057e-01
45.6667 2.224527572010805421e-01
45.675 2.224057005348669125e-01
45.6833 2.223586536771823274e-01
45.6916 2.223116166487400236e-01
45.6999 2.222645894698921099e-01
45.7082 2.222175721617741517e-01
45.7165 2.221705647451606147e-01
45.7249 2.221235672410367123e-01
45.7332 2.220765796695368943e-01
45.7415 2.220296020513338187e-01
45.7498 2.219826344075553071e-01
45.7581 2.219356767579086509e-01
45.7664 2.218887291231280423e-01
45.7747 2.218417915234247861e-01
45.783 2.217948639790585097e-01
45.7913 2.217479465105806347e-01
45.7996 2.217010391375326961e-01
45.808 2.216541418803998909e-01
45.8163 2.216072547589831576e-01
45.8246 2.215603777932133034e-01
45.8329 2.215135110033133736e-01
45.8412 2.214666544085794053e-01
45.8495 2.214198080292498760e-01
45.8578 2.213729718846371153e-01
45.8661 2.213261459945082277e-01
45.8744 2.212793303786787513e-01
45.8827 2.212325250560395473e-01
45.8911 2.211857300465038811e-01
45.8994 2.211389453698709151e-01
45.9077 2.210921710445304111e-01
45.916 2.210454070898128232e-01
45.9243 2.209986535257451035e-01
45.9326 2.209519103711073962e-01
45.9409 2.209051776446489257e-01
45.9492 2.208584553651680993e-01
45.9575 2.208117435524830641e-01
45.9658 2.207650422254903155e-01
45.9742 2.207183514015205461e-01
45.9825 2.206716711009430731e-01
45.9908 2.206250013421567624e-01
45.9991 2.205783421427231494e-01
46.0074 2.205316935227547293e-01
46.0157 2.204850554999930878e-01
46.024 2.204384280931170059e-01
46.0323 2.203918113198880258e-01
46.0406 2.203452051990043292e-01
46.0489 2.202986097496963391e-01
46.0573 2.202520249893117898e-01
46.0656 2.202054509355713952e-01
46.0739 2.201588876073723167e-01
46.0822 2.201123350225353548e-01
46.0905 2.200657931989317417e-01
46.0988 2.200192621544829752e-01
46.1071 2.199727419077230073e-01
46.1154 2.199262324753088471e-01
46.1237 2.198797338757946529e-01
46.132 2.198332461269018878e-01
46.1404 2.197867692452797894e-01
46.1487 2.197403032498737308e-01
46.157 2.196938481575945179e-01
46.1653 2.196474039854847404e-01
46.1736 2.196009707515987897e-01
46.1819 2.195545484727604857e-01
46.1902 2.195081371668052561e-01
46.1985 2.194617368507387201e-01
46.2068 2.194153475414578336e-01
46.2151 2.193689692561508475e-01
46.2234 2.193226020122165387e-01
46.2318 2.192762458260660019e-01
46.2401 2.192299007152002377e-01
46.2484 2.191835666966918672e-01
46.2567 2.191372437871855761e-01
46.265 2.190909320023409768e-01
46.2733 2.190446313596244587e-01
46.2816 2.189983418767918466e-01
46.2899 2.189520635687807470e-01
46.2982 2.189057964530514433e-01
46.3065 2.188595405463184262e-01
46.3149 2.188132958638354386e-01
46.3232 2.187670624228187088e-01
46.3315 2.187208402398192753e-01
46.3398 2.186746293306446320e-01
46.3481 2.186284297115521358e-01
46.3564 2.185822413986124868e-01
46.3647 2.185360644081073278e-01
46.373 2.184898987559730221e-01
46.3813 2.184437444581981136e-01
46.3896 2.183976015309818663e-01
46.398 2.183514699896235700e-01
46.4063 2.183053498503476630e-01
46.4146 2.182592411287961054e-01
46.4229 2.182131438410594704e-01
46.4312 2.181670580020922401e-01
46.4395 2.181209836279312808e-01
46.4478 2.180749207341114160e-01
46.4561 2.180288693356663143e-01
46.4644 2.179828294487895224e-01
46.4727 2.179368010883035722e-01
46.4811 2.178907842692422436e-01
46.4894 2.178447790077194246e-01
46.4977 2.177987853192684953e-01
46.506 2.177528032177389883e-01
46.5143 2.177068327184552565e-01
46.5226 2.176608738370307272e-01
46.5309 2.176149265885791162e-01
46.5392 2.175689909875575812e-01
46.5475 2.175230670494222862e-01
46.5558 2.174771547882641543e-01
46.5642 2.174312542190942055e-01
46.5725 2.173853653573697142e-01
46.5808 2.173394882171054698e-01
46.5891 2.172936228127636260e-01
46.5974 2.172477691592528126e-01
46.6057 2.172019272710630777e-01
46.614 2.171560971628950509e-01
46.6223 2.171102788484813306e-01
46.6306 2.170644723432578471e-01
46.6389 2.170186776610641410e-01
46.6473 2.169728948149314274e-01
46.6556 2.169271238204554808e-01
46.6639 2.168813646921079197e-01
46.6722 2.168356174433165584e-01
46.6805 2.167898820875637789e-01
46.6888 2.167441586401878673e-01
46.6971 2.166984471142304192e-01
46.7054 2.166527475232578603e-01
46.7137 2.166070598823771343e-01
46.722 2.165613842047925675e-01
46.7303 2.165157205037632204e-01
46.7387 2.164700687935407486e-01
46.747 2.164244290869457576e-01
46.7553 2.163788013988065806e-01
46.7636 2.163331857425986049e-01
46.7719 2.162875821301351031e-01
46.7802 2.162419905767181405e-01
46.7885 2.161964110954400220e-01
46.7968 2.161508436983566595e-01
46.8051 2.161052884002295504e-01
46.8134 2.160597452140030350e-01
46.8218 2.160142141518198722e-01
46.8301 2.159686952280582273e-01
46.8384 2.159231884552819114e-01
46.8467 2.158776938468875972e-01
46.855 2.158322114151599858e-01
46.8633 2.157867411735275853e-01
46.8716 2.157412831350846161e-01
46.8799 2.156958373126690032e-01
46.8882 2.156504037183194777e-01
46.8965 2.156049823653723996e-01
46.9049 2.155595732666753805e-01
46.9132 2.155141764345101518e-01
46.9215 2.154687918818342096e-01
46.9298 2.154234196208069663e-01
46.9381 2.153780596642635159e-01
46.9464 2.153327120247836568e-01
46.9547 2.152873767139181493e-01
46.963 2.152420537450544791e-01
46.9713 2.151967431296996358e-01
46.9796 2.151514448805771085e-01
46.988 2.151061590104651755e-01
46.9963 2.150608855304189104e-01
47.0046 2.150156244529411176e-01
47.0129 2.149703757902034773e-01
47.0212 2.149251395547417398e-01
47.0295 2.148799157574484975e-01
47.0378 2.148347044108164794e-01
47.0461 2.147895055271619169e-01
47.0544 2.147443191175454624e-01
47.0627 2.146991451940862827e-01
47.0711 2.146539837686509411e-01
47.0794 2.146088348528531475e-01
47.0877 2.145636984584398943e-01
47.096 2.145185745966748936e-01
47.1043 2.144734632794937645e-01
47.1126 2.144283645182723241e-01
47.1209 2.143832783244424833e-01
47.1292 2.143382047091847986e-01
47.1375 2.142931436841971071e-01
47.1458 2.142480952607720979e-01
47.1542 2.142030594500283769e-01
47.1625 2.141580362636013590e-01
47.1708 2.141130257124916059e-01
47.1791 2.140680278072192022e-01
47.1874 2.140230425594349395e-01
47.1957 2.139780699801552555e-01
47.204 2.139331100807593533e-01
47.2123 2.138881628717633210e-01
47.2206 2.138432283637404230e-01
47.2289 2.137983065683156103e-01
47.2372 2.137533974959453242e-01
47.2456 2.137085011570663551e-01
47.2539 2.136636175630137469e-01
47.2622 2.136187467240317772e-01
47.2705 2.135738886514152446e-01
47.2788 2.135290433550636191e-01
47.2871 2.134842108454685639e-01
47.2954 2.134393911340178307e-01
47.3037 2.133945842303241469e-01
47.312 2.133497901447442557e-01
47.3203 2.133050088885306284e-01
47.3287 2.132602404714672717e-01
47.337 2.132154849034719468e-01
47.3453 2.131707421954337489e-01
47.3536 2.131260123576128873e-01
47.3619 2.130812953997175130e-01
47.3702 2.130365913316658033e-01
47.3785 2.129919001638894138e-01
47.3868 2.129472219070287775e-01
47.3951 2.129025565703367706e-01
47.4034 2.128579041631244451e-01
47.4118 2.128132646967355046e-01
47.4201 2.127686381801396076e-01
47.4284 2.127240246231238419e-01
47.4367 2.126794240361394306e-01
47.445 2.126348364281017977e-01
47.4533 2.125902618093491181e-01
47.4616 2.125457001887607889e-01
47.4699 2.125011515767138148e-01
47.4782 2.124566159825816147e-01
47.4865 2.124120934155681595e-01
47.4949 2.123675838853139874e-01
47.5032 2.123230874010628433e-01
47.5115 2.122786039730998053e-01
47.5198 2.122341336096494613e-01
47.5281 2.121896763202048841e-01
47.5364 2.121452321145431419e-01
47.5447 2.121008010015922041e-01
47.553 2.120563829908667375e-01
47.5613 2.120119780909577867e-01
47.5696 2.119675863109676262e-01
47.578 2.119232076605087056e-01
47.5863 2.118788421483463469e-01
47.5946 2.118344897830777562e-01
47.6029 2.117901505744136104e-01
47.6112 2.117458245304647269e-01
47.6195 2.117015116601536628e-01
47.6278 2.116572119729880630e-01
47.6361 2.116129254771030865e-01
47.6444 2.115686521816708132e-01
47.6527 2.115243920950937995e-01
47.6611 2.114801452256829806e-01
47.6694 2.114359115827845748e-01
47.6777 2.113916911746006044e-01
47.686 2.113474840093917950e-01
47.6943 2.113032900961528959e-01
47.7026 2.112591094428863669e-01
47.7109 2.112149420585532900e-01
47.7192 2.111707879511230679e-01
47.7275 2.111266471289986457e-01
47.7358 2.110825196001172022e-01
47.7441 2.110384053733733722e-01
47.7525 2.109943044566713888e-01
47.7608 2.109502168583488046e-01
47.7691 2.109061425861281092e-01
47.7774 2.108620816482398019e-01
47.7857 2.108180340530474983e-01
47.794 2.107739998083754118e-01
47.8023 2.107299789222559783e-01
47.8106 2.106859714027057018e-01
47.8189 2.106419772572771520e-01
47.8272 2.105979964937315096e-01
47.8356 2.105540291205602599e-01
47.8439 2.105100751451941254e-01
47.8522 2.104661345751980550e-01
47.8605 2.104222074183449420e-01
47.8688 2.103782936828389738e-01
47.8771 2.103343933756767759e-01
47.8854 2.102905065050315325e-01
47.8937 2.102466330772739256e-01
47.902 2.102027731009185885e-01
47.9103 2.101589265837940645e-01
47.9187 2.101150935325980518e-01
47.927 2.100712739545344820e-01
47.9353 2.100274678577580267e-01
47.9436 2.099836752489961100e-01
47.9519 2.099398961354076443e-01
47.9602 2.098961305251013931e-01
47.9685 2.098523784246121293e-01
47.9768 2.098086398414988618e-01
47.9851 2.097649147825640381e-01
47.9934 2.097212032549662930e-01
48.0018 2.096775052657755267e-01
48.0101 2.096338208222689736e-01
48.0184 2.095901499309687499e-01
48.0267 2.095464925991230298e-01
48.035 2.095028488340392736e-01
48.0433 2.094592186416784352e-01
48.0516 2.094156020298369447e-01
48.0599 2.093719990048911739e-01
48.0682 2.093284095734255223e-01
48.0765 2.092848337426011784e-01
48.0849 2.092412715188264605e-01
48.0932 2.091977229088647083e-01
48.1015 2.091541879191701481e-01
48.1098 2.091106665566992984e-01
48.1181 2.090671588278046333e-01
48.1264 2.090236647389721036e-01
48.1347 2.089801842968213308e-01
48.143 2.089367175071477067e-01
48.1513 2.088932643775744114e-01
48.1596 2.088498249139428276e-01
48.168 2.088063991221549842e-01
48.1763 2.087629870089824369e-01
48.1846 2.087195885805943341e-01
48.1929 2.086762038432934119e-01
48.2012 2.086328328027812207e-01
48.2095 2.085894754660682915e-01
48.2178 2.085461318392699548e-01
48.2261 2.085028019272401334e-01
48.2344 2.084594857370958010e-01
48.2427 2.084161832754259092e-01
48.251 2.083728945469724425e-01
48.2594 2.083296195580782162e-01
48.2677 2.082863583152192999e-01
48.276 2.082431108234660266e-01
48.2843 2.081998770891217709e-01
48.2926 2.081566571183299241e-01
48.3009 2.081134509163425350e-01
48.3092 2.080702584886188200e-01
48.3175 2.080270798421412215e-01
48.3258 2.079839149819772692e-01
48.3341 2.079407639128902918e-01
48.3425 2.078976266417504604e-01
48.3508 2.078545031732961512e-01
48.3591 2.078113935138600488e-01
48.3674 2.077682976680101656e-01
48.3757 2.077252156421268148e-01
48.384 2.076821474417016311e-01
48.3923 2.076390930711933258e-01
48.4006 2.075960525365800613e-01
48.4089 2.075530258433893327e-01
48.4172 2.075100129969910667e-01
48.4256 2.074670140018689823e-01
48.4339 2.074240288640968599e-01
48.4422 2.073810575893716701e-01
48.4505 2.073381001811230306e-01
48.4588 2.072951566457517381e-01
48.4671 2.072522269887727975e-01
48.4754 2.072093112144537119e-01
48.4837 2.071664093278501317e-01
48.492 2.071235213342963455e-01
48.5003 2.070806472391142905e-01
48.5087 2.070377870471058757e-01
48.517 2.069949407622640181e-01
48.5253 2.069521083904559688e-01
48.5336 2.069092899365215787e-01
48.5419 2.068664854049269419e-01
48.5502 2.068236948011409060e-01
48.5585 2.067809181289549936e-01
48.5668 2.067381553933084759e-01
48.5751 2.066954065999972168e-01
48.5834 2.066526717527791546e-01
48.5918 2.066099508557636966e-01
48.6001 2.065672439148566464e-01
48.6084 2.065245509342167607e-01
48.6167 2.064818719177757000e-01
48.625 2.064392068706098760e-01
48.6333 2.063965557972065601e-01
48.6416 2.063539187018255117e-01
48.6499 2.063112955894370881e-01
48.6582 2.062686864636300299e-01
48.6665 2.062260913290644149e-01
48.6749 2.061835101903169987e-01
48.6832 2.061409430513051477e-01
48.6915 2.060983899170160671e-01
48.6998 2.060558507912016446e-01
48.7081 2.060133256778914901e-01
48.7164 2.059708145813926583e-01
48.7247 2.059283175057856075e-01
48.733 2.058858344560030029e-01
48.7413 2.058433654350975417e-01
48.7496 2.058009104472622863e-01
48.7579 2.057584694972540151e-01
48.7663 2.057160425890286470e-01
48.7746 2.056736297257424628e-01
48.7829 2.056312309116901937e-01
48.7912 2.055888461509408072e-01
48.7995 2.055464754471943989e-01
48.8078 2.055041188049293310e-01
48.8161 2.054617762268222403e-01
48.8244 2.054194477171880362e-01
48.8327 2.053771332808322636e-01
48.841 2.053348329206882150e-01
48.8494 2.052925466394658061e-01
48.8577 2.052502744420831582e-01
48.866 2.052080163324461470e-01
48.8743 2.051657723131640743e-01
48.8826 2.051235423877663389e-01
48.8909 2.050813265607726310e-01
48.8992 2.050391248354779539e-01
48.9075 2.049969372153106206e-01
48.9158 2.049547637032614333e-01
48.9241 2.049126043030966571e-01
48.9325 2.048704590184300678e-01
48.9408 2.048283278527942564e-01
48.9491 2.047862108090710009e-01
48.9574 2.047441078909879864e-01
48.9657 2.047020191015509749e-01
48.974 2.046599444440412863e-01
48.9823 2.046178839221579893e-01
48.9906 2.045758375383811556e-01
48.9989 2.045338052965333386e-01
49.0072 2.044917871998586378e-01
49.0156 2.044497832509521995e-01
49.0239 2.044077934536794594e-01
49.0322 2.043658178098364808e-01
49.0405 2.043238563239803129e-01
49.0488 2.042819089985281888e-01
49.0571 2.042399758358894035e-01
49.0654 2.041980568399539286e-01
49.0737 2.041561520131131291e-01
49.082 2.041142613589549959e-01
49.0903 2.040723848790741424e-01
49.0987 2.040305225778200060e-01
49.107 2.039886744575491462e-01
49.1153 2.039468405202562173e-01
49.1236 2.039050207696261607e-01
49.1319 2.038632152080610271e-01
49.1402 2.038214238384496724e-01
49.1485 2.037796466639549275e-01
49.1568 2.037378836859642661e-01
49.1651 2.036961349084007444e-01
49.1734 2.036544003338359166e-01
49.1818 2.036126799637745510e-01
49.1901 2.035709738014075676e-01
49.1984 2.035292818492114575e-01
49.2067 2.034876041105709854e-01
49.215 2.034459405868177251e-01
49.2233 2.034042912805447689e-01
49.2316 2.033626561949706535e-01
49.2399 2.033210353321078523e-01
49.2482 2.032794286941019823e-01
49.2565 2.032378362833019980e-01
49.2648 2.031962581026818260e-01
49.2732 2.031546941535894990e-01
49.2815 2.031131444388422080e-01
49.2898 2.030716089613188446e-01
49.2981 2.030300877219931299e-01
49.3064 2.029885807239389939e-01
49.3147 2.029470879693090757e-01
49.323 2.029056094596867477e-01
49.3313 2.028641451977706567e-01
49.3396 2.028226951854798510e-01
49.3479 2.027812594249360501e-01
49.3563 2.027398379184635613e-01
49.3646 2.026984306675381209e-01
49.3729 2.026570376743289104e-01
49.3812 2.026156589407172304e-01
49.3895 2.025742944693470216e-01
49.3978 2.025329442617341547e-01
49.4061 2.024916083191781457e-01
49.4144 2.024502866447195903e-01
49.4227 2.024089792390837139e-01
49.431 2.023676861048766262e-01
49.4394 2.023264072439971417e-01
49.4477 2.022851426577787215e-01
49.456 2.022438923477572204e-01
49.4643 2.022026563160198298e-01
49.4726 2.021614345647159416e-01
49.4809 2.021202270945925972e-01
49.4892 2.020790339077851994e-01
49.4975 2.020378550063516854e-01
49.5058 2.019966903915761391e-01
49.5141 2.019555400650147048e-01
49.5225 2.019144040281470043e-01
49.5308 2.018732822825154427e-01
49.5391 2.018321748296554308e-01
49.5474 2.017910816706783572e-01
49.5557 2.017500028082881425e-01
49.564 2.017089382431648537e-01
49.5723 2.016678879766777566e-01
49.5806 2.016268520101199280e-01
49.5889 2.015858303447084499e-01
49.5972 2.015448229822783544e-01
49.6056 2.015038299243108733e-01
49.6139 2.014628511717253545e-01
49.6222 2.014218867255739565e-01
49.6305 2.013809365879420110e-01
49.6388 2.013400007594524643e-01
49.6471 2.012990792412072960e-01
49.6554 2.012581720346486025e-01
49.6637 2.012172791410730133e-01
49.672 2.011764005611482442e-01
49.6803 2.011355362968501870e-01
49.6887 2.010946863489027903e-01
49.697 2.010538507175406164e-01
49.7053 2.010130294046511557e-01
49.7136 2.009722224116310407e-01
49.7219 2.009314297390419057e-01
49.7302 2.008906513875086119e-01
49.7385 2.008498873581335276e-01
49.7468 2.008091376527025851e-01
49.7551 2.007684022714773531e-01
49.7634 2.007276812145076528e-01
49.7717 2.006869744841812409e-01
49.7801 2.006462820810868686e-01
49.7884 2.006056040050502032e-01
49.7967 2.005649402577510676e-01
49.805 2.005242908398300883e-01
49.8133 2.004836557520596196e-01
49.8216 2.004430349950001300e-01
49.8299 2.004024285694126217e-01
49.8382 2.003618364761898529e-01
49.8465 2.003212587156689983e-01
49.8548 2.002806952886626302e-01
49.8632 2.002401461963896068e-01
49.8715 2.001996114391013104e-01
49.8798 2.001590910169069037e-01
49.8881 2.001185849304593645e-01
49.8964 2.000780931811602104e-01
49.9047 2.000376157684850276e-01
49.913 1.999971526934129218e-01
49.9213 1.999567039565058602e-01
49.9296 1.999162695585942895e-01
49.9379 1.998758494994757884e-01
49.9463 1.998354437796965311e-01
49.9546 1.997950523998651973e-01
49.9629 1.997546753603116343e-01
49.9712 1.997143126611553299e-01
49.9795 1.996739643029892819e-01
49.9878 1.996336302864007428e-01
49.9961 1.995933106110839572e-01
50.0044 1.995530052776160190e-01
50.0127 1.995127142862274106e-01
50.021 1.994724376374846786e-01
50.0294 1.994321753314032275e-01
50.0377 1.993919273675847370e-01
50.046 1.993516937469895223e-01
50.0543 1.993114744696864726e-01
50.0626 1.992712695351945007e-01
50.0709 1.992310789439817875e-01
50.0792 1.991909026969876373e-01
50.0875 1.991507407929677953e-01
50.0958 1.991105932325117345e-01
50.1041 1.990704600162032378e-01
50.1125 1.990303411430572045e-01
50.1208 1.989902366135800071e-01
50.1291 1.989501464279331278e-01
50.1374 1.989100705860013529e-01
50.1457 1.988700090871896864e-01
50.154 1.988299619321885758e-01
50.1623 1.987899291203939767e-01
50.1706 1.987499106516046887e-01
50.1789 1.987099065262931397e-01
50.1872 1.986699167437742386e-01
50.1956 1.986299413043753070e-01
50.2039 1.985899802068607500e-01
50.2122 1.985500334515490906e-01
50.2205 1.985101010388893028e-01
50.2288 1.984701829681069785e-01
50.2371 1.984302792387621639e-01
50.2454 1.983903898508166397e-01
50.2537 1.983505148034838961e-01
50.262 1.983106540969873377e-01
50.2703 1.982708077308699413e-01
50.2786 1.982309757042653720e-01
50.287 1.981911580181263954e-01
50.2953 1.981513546705654938e-01
50.3036 1.981115656610422104e-01
50.3119 1.980717909903609575e-01
50.3202 1.980320306577021405e-01
50.3285 1.979922846624450616e-01
50.3368 1.979525530038301895e-01
50.3451 1.979128356810271050e-01
50.3534 1.978731326942116120e-01
50.3617 1.978334440427468033e-01
50.3701 1.977937697261268613e-01
50.3784 1.977541097432363171e-01
50.3867 1.977144640938306441e-01
50.395 1.976748327775266489e-01
50.4033 1.976352157927945830e-01
50.4116 1.975956131398483862e-01
50.4199 1.975560248176886080e-01
50.4282 1.975164508257149787e-01
50.4365 1.974768911631222812e-01
50.4448 1.974373458289672145e-01
50.4532 1.973978148226386287e-01
50.4615 1.973582981439907236e-01
50.4698 1.973187957911976820e-01
50.4781 1.972793077644414139e-01
50.4864 1.972398340620905854e-01
50.4947 1.972003746832479421e-01
50.503 1.971609296279495382e-01
50.5113 1.971214988942866786e-01
50.5196 1.970820824819535799e-01
50.5279 1.970426803905065138e-01
50.5363 1.970032926184952793e-01
50.5446 1.969639191639988574e-01
50.5529 1.969245600272319097e-01
50.5612 1.968852152076694673e-01
50.5695 1.968458847035145232e-01
50.5778 1.968065685132344422e-01
50.5861 1.967672666360946176e-01
50.5944 1.967279790724904553e-01
50.6027 1.966887058198789617e-01
50.611 1.966494468769819925e-01
50.6194 1.966102022437844210e-01
50.6277 1.965709719183348914e-01
50.636 1.965317558998120329e-01
50.6443 1.964925541872576953e-01
50.6526 1.964533667792446314e-01
50.6609 1.964141936746088835e-01
50.6692 1.963750348722500261e-01
50.6775 1.963358903705325342e-01
50.6858 1.962967601689481478e-01
50.6941 1.962576442658553189e-01
50.7025 1.962185426595437765e-01
50.7108 1.961794553496947757e-01
50.7191 1.961403823345919117e-01
50.7274 1.961013236121846859e-01
50.7357 1.960622791823437849e-01
50.744 1.960232490432120556e-01
50.7523 1.959842331929298742e-01
50.7606 1.959452316307619679e-01
50.7689 1.959062443557043343e-01
50.7772 1.958672713654256436e-01
50.7855 1.958283126582549272e-01
50.7939 1.957893682337095431e-01
50.8022 1.957504380900465524e-01
50.8105 1.957115222258510590e-01
50.8188 1.956726206393088197e-01
50.8271 1.956337333289339397e-01
50.8354 1.955948602935018710e-01
50.8437 1.955560015313231870e-01
50.852 1.955171570409038329e-01
50.8603 1.954783268204174640e-01
50.8686 1.954395108687607963e-01
50.877 1.954007091838386168e-01
50.8853 1.953619217642129369e-01
50.8936 1.953231486082453450e-01
50.9019 1.952843897145587204e-01
50.9102 1.952456450815754363e-01
50.9185 1.952069147069253607e-01
50.9268 1.951681985892240734e-01
50.9351 1.951294967268213665e-01
50.9434 1.950908091181960402e-01
50.9517 1.950521357616271378e-01
50.9601 1.950134766545369991e-01
50.9684 1.949748317963179156e-01
50.9767 1.949362011849789245e-01
50.985 1.948975848176736358e-01
50.9933 1.948589826931302060e-01
51.0016 1.948203948105989847e-01
51.0099 1.947818211670961364e-01
51.0182 1.947432617606866534e-01
51.0265 1.947047165900889221e-01
51.0348 1.946661856529698642e-01
51.0432 1.946276689483711075e-01
51.0515 1.945891664728417181e-01
51.0598 1.945506782250916722e-01
51.0681 1.945122042038279209e-01
51.0764 1.944737444062498988e-01
51.0847 1.944352988312565145e-01
51.093 1.943968674761090976e-01
51.1013 1.943584503386562301e-01
51.1096 1.943200474179211934e-01
51.1179 1.942816587106372950e-01
51.1263 1.942432842156277539e-01
51.1346 1.942049239309290853e-01
51.1429 1.941665778534664433e-01
51.1512 1.941282459819261841e-01
51.1595 1.940899283140785359e-01
51.1678 1.940516248480835260e-01
51.1761 1.940133355811864413e-01
51.1844 1.939750605116742355e-01
51.1927 1.939367996375711278e-01
51.201 1.938985529561177701e-01
51.2094 1.938603204655307000e-01
51.2177 1.938221021635684327e-01
51.226 1.937838980476628836e-01
51.2343 1.937457081166754358e-01
51.2426 1.937075323667989679e-01
51.2509 1.936693707968264178e-01
51.2592 1.936312234050281689e-01
51.2675 1.935930901874640953e-01
51.2758 1.935549711427918262e-01
51.2841 1.935168662691469366e-01
51.2925 1.934787755636897810e-01
51.3008 1.934406990239040947e-01
51.3091 1.934026366474022596e-01
51.3174 1.933645884324434461e-01
51.3257 1.933265543761182037e-01
51.334 1.932885344764233015e-01
51.3423 1.932505287309004560e-01
51.3506 1.932125371367014455e-01
51.3589 1.931745596916894236e-01
51.3672 1.931365963934670027e-01
51.3755 1.930986472397647480e-01
51.3839 1.930607122279884846e-01
51.3922 1.930227913552844121e-01
51.4005 1.929848846195733325e-01
51.4088 1.929469920181285381e-01
51.4171 1.929091135489969244e-01
51.4254 1.928712492091910202e-01
51.4337 1.928333989957226602e-01
51.442 1.927955629066351873e-01
51.4503 1.927577409397121799e-01
51.4586 1.927199330917687137e-01
51.467 1.926821393598126819e-01
51.4753 1.926443597422690668e-01
51.4836 1.926065942361433470e-01
51.4919 1.925688428387623830e-01
51.5002 1.925311055468731380e-01
51.5085 1.924933823590877502e-01
51.5168 1.924556732716362628e-01
51.5251 1.924179782824209373e-01
51.5334 1.923802973883780298e-01
51.5417 1.923426305872144582e-01
51.5501 1.923049778761861117e-01
51.5584 1.922673392522911417e-01
51.5667 1.922297147126556249e-01
51.575 1.921921042549823433e-01
51.5833 1.921545078763313430e-01
51.5916 1.921169255740184656e-01
51.5999 1.920793573451662350e-01
51.6082 1.920418031865762376e-01
51.6165 1.920042630961388830e-01
51.6248 1.919667370708462439e-01
51.6332 1.919292251077538702e-01
51.6415 1.918917272038528354e-01
51.6498 1.918542433565814942e-01
51.6581 1.918167735630574577e-01
51.6664 1.917793178196940951e-01
51.6747 1.917418761244393810e-01
51.683 1.917044484746643351e-01
51.6913 1.916670348664613610e-01
51.6996 1.916296352979033613e-01
51.7079 1.915922497649544531e-01
51.7163 1.915548782652389537e-01
51.7246 1.915175207961248016e-01
51.7329 1.914801773544047847e-01
51.7412 1.914428479368078806e-01
51.7495 1.914055325409551311e-01
51.7578 1.913682311630645894e-01
51.7661 1.913309438001191132e-01
51.7744 1.912936704503110374e-01
51.7827 1.912564111096663744e-01
51.791 1.912191657747844831e-01
51.7994 1.911819344430283063e-01
51.8077 1.911447171116963106e-01
51.816 1.911075137777680233e-01
51.8243 1.910703244371421416e-01
51.8326 1.910331490869256466e-01
51.8409 1.909959877253679383e-01
51.8492 1.909588403481132235e-01
51.8575 1.909217069519494325e-01
51.8658 1.908845875346797394e-01
51.8741 1.908474820919487669e-01
51.8824 1.908103906213685919e-01
51.8908 1.907733131199158549e-01
51.8991 1.907362495838064720e-01
51.9074 1.906992000103336360e-01
51.9157 1.906621643958400225e-01
51.924 1.906251427369851092e-01
51.9323 1.905881350316943057e-01
51.9406 1.905511412754236356e-01
51.9489 1.905141614650855408e-01
51.9572 1.904771955984141674e-01
51.9655 1.904402436713722446e-01
51.9739 1.904033056804290136e-01
51.9822 1.903663816224960559e-01
51.9905 1.903294714949269328e-01
51.9988 1.902925752936851234e-01
52.0071 1.902556930156818205e-01
52.0154 1.902188246575124420e-01
52.0237 1.901819702159617265e-01
52.032 1.901451296872466445e-01
52.0403 1.901083030685304653e-01
52.0486 1.900714903566605718e-01
52.057 1.900346915472243270e-01
52.0653 1.899979066377626147e-01
52.0736 1.899611356244931826e-01
52.0819 1.899243785038862431e-01
52.0902 1.898876352727895400e-01
52.0985 1.898509059277991295e-01
52.1068 1.898141904654483403e-01
52.1151 1.897774888822705841e-01
52.1234 1.897408011742340583e-01
52.1317 1.897041273385639826e-01
52.1401 1.896674673717315684e-01
52.1484 1.896308212699570062e-01
52.1567 1.895941890297750676e-01
52.165 1.895575706479714628e-01
52.1733 1.895209661202657270e-01
52.1816 1.894843754442593620e-01
52.1899 1.894477986161740291e-01
52.1982 1.894112356312295242e-01
52.2065 1.893746864867768276e-01
52.2148 1.893381511797280481e-01
52.2232 1.893016297061186903e-01
52.2315 1.892651220618597474e-01
52.2398 1.892286282437392053e-01
52.2481 1.891921482482946670e-01
52.2564 1.891556820715638298e-01
52.2647 1.891192297103977960e-01
52.273 1.890827911607101397e-01
52.2813 1.890463664190402682e-01
52.2896 1.890099554819274497e-01
52.2979 1.889735583455370849e-01
52.3063 1.889371750058478072e-01
52.3146 1.889008054597124675e-01
52.3229 1.888644497033603042e-01
52.3312 1.888281077328340385e-01
52.3395 1.887917795447380531e-01
52.3478 1.887554651352410795e-01
52.3561 1.887191645002631313e-01
52.3644 1.886828776365969129e-01
52.3727 1.886466045404749658e-01
52.381 1.886103452079437859e-01
52.3893 1.885740996351129850e-01
52.3977 1.885378678183415035e-01
52.406 1.885016497537402580e-01
52.4143 1.884654454381665400e-01
52.4226 1.884292548671730461e-01
52.4309 1.883930780365002389e-01
52.4392 1.883569149435038170e-01
52.4475 1.883207655841115102e-01
52.4558 1.882846299540036350e-01
52.4641 1.882485080492343477e-01
52.4724 1.882123998665403142e-01
52.4808 1.881763054019145454e-01
52.4891 1.881402246509794041e-01
52.4974 1.881041576105972890e-01
52.5057 1.880681042765778577e-01
52.514 1.880320646451033584e-01
52.5223 1.879960387119855025e-01
52.5306 1.879600264734082871e-01
52.5389 1.879240279259275781e-01
52.5472 1.878880430649246813e-01
52.5555 1.878520718873898099e-01
52.5639 1.878161143885826168e-01
52.5722 1.877801705648148023e-01
52.5805 1.877442404119047115e-01
52.5888 1.877083239267827997e-01
52.5971 1.876724211044047963e-01
52.6054 1.876365319407774790e-01
52.6137 1.876006564329567305e-01
52.622 1.875647945763336821e-01
52.6303 1.875289463670407053e-01
52.6386 1.874931118007182318e-01
52.647 1.874572908735005483e-01
52.6553 1.874214835816462310e-01
52.6636 1.873856899209833116e-01
52.6719 1.873499098874029378e-01
52.6802 1.873141434769814706e-01
52.6885 1.872783906854890157e-01
52.6968 1.872426515089427035e-01
52.7051 1.872069259433606914e-01
52.7134 1.871712139845776446e-01
52.7217 1.871355156286139132e-01
52.7301 1.870998308711222524e-01
52.7384 1.870641597081865171e-01
52.7467 1.870285021361981770e-01
52.755 1.869928581500773512e-01
52.7633 1.869572277461564458e-01
52.7716 1.869216109205235621e-01
52.7799 1.868860076686547911e-01
52.7882 1.868504179867629400e-01
52.7965 1.868148418704492775e-01
52.8048 1.867792793158060960e-01
52.8132 1.867437303181313235e-01
52.8215 1.867081948738869290e-01
52.8298 1.866726729786791494e-01
52.8381 1.866371646282380670e-01
52.8464 1.866016698185394285e-01
52.8547 1.865661885450103641e-01
52.863 1.865307208036292574e-01
52.8713 1.864952665904977269e-01
52.8796 1.864598259012300030e-01
52.8879 1.864243987311976214e-01
52.8962 1.863889850761399625e-01
52.9046 1.863535849330786032e-01
52.9129 1.863181982962912042e-01
52.9212 1.862828251622527798e-01
52.9295 1.862474655264639567e-01
52.9378 1.862121193842441458e-01
52.9461 1.861767867320717751e-01
52.9544 1.861414675657560025e-01
52.9627 1.861061618805596451e-01
52.971 1.860708696719298449e-01
52.9793 1.860355909358629989e-01
52.9877 1.860003256680523298e-01
52.996 1.859650738643143508e-01
53.0043 1.859298355202842479e-01
53.0126 1.858946106311738511e-01
53.0209 1.858593991934719691e-01
53.0292 1.858242012024537149e-01
53.0375 1.857890166532143450e-01
53.0458 1.857538455422464707e-01
53.0541 1.857186878648909023e-01
53.0624 1.856835436158839336e-01
53.0708 1.856484127923284655e-01
53.0791 1.856132953898726734e-01
53.0874 1.855781914024704493e-01
53.0957 1.855431008268646209e-01
53.104 1.855080236587084708e-01
53.1123 1.854729598931123824e-01
53.1206 1.854379095260355326e-01
53.1289 1.854028725533780342e-01
53.1372 1.853678489694692566e-01
53.1455 1.853328387711799530e-01
53.1539 1.852978419535684373e-01
53.1622 1.852628585122992610e-01
53.1705 1.852278884427366323e-01
53.1788 1.851929317399446662e-01
53.1871 1.851579884009207921e-01
53.1954 1.851230584197064988e-01
53.2037 1.850881417923969652e-01
53.212 1.850532385147871106e-01
53.2203 1.850183485818895635e-01
53.2286 1.849834719898641455e-01
53.237 1.849486087336668083e-01
53.2453 1.849137588084970307e-01
53.2536 1.848789222103986718e-01
53.2619 1.848440989351762820e-01
53.2702 1.848092889774325120e-01
53.2785 1.847744923331559597e-01
53.2868 1.847397089974948947e-01
53.2951 1.847049389669216390e-01
53.3034 1.846701822355660549e-01
53.3117 1.846354387986426371e-01
53.3201 1.846007086532290842e-01
53.3284 1.845659917942421846e-01
53.3367 1.845312882163611667e-01
53.345 1.844965979146877544e-01
53.3533 1.844619208859452075e-01
53.3616 1.844272571249385151e-01
53.3699 1.843926066268949115e-01
53.3782 1.843579693876427061e-01
53.3865 1.843233454022929485e-01
53.3948 1.842887346666773618e-01
53.4031 1.842541371751924006e-01
53.4115 1.842195529242721952e-01
53.4198 1.841849819089756701e-01
53.4281 1.841504241233473116e-01
53.4364 1.841158795648428215e-01
53.4447 1.840813482281681568e-01
53.453 1.840468301082112401e-01
53.4613 1.840123252005194665e-01
53.4696 1.839778335002835163e-01
53.4779 1.839433550029951348e-01
53.4862 1.839088897039683201e-01
53.4946 1.838744375987580726e-01
53.5029 1.838399986827418398e-01
53.5112 1.838055729507628855e-01
53.5195 1.837711603978454400e-01
53.5278 1.837367610203866908e-01
53.5361 1.837023748129378020e-01
53.5444 1.836680017709463875e-01
53.5527 1.836336418895642142e-01
53.561 1.835992951645995797e-01
53.5693 1.835649615906131404e-01
53.5777 1.835306411632984802e-01
53.586 1.834963338782315823e-01
53.5943 1.834620397299801253e-01
53.6026 1.834277587134708620e-01
53.6109 1.833934908254744867e-01
53.6192 1.833592360602681326e-01
53.6275 1.833249944128444719e-01
53.6358 1.832907658794445116e-01
53.6441 1.832565504544717838e-01
53.6524 1.832223481326288039e-01
53.6608 1.831881589104592256e-01
53.6691 1.831539827829660183e-01
53.6774 1.831198197444434683e-01
53.6857 1.830856697903741614e-01
53.694 1.830515329167159977e-01
53.7023 1.830174091184809670e-01
53.7106 1.829832983902691390e-01
53.7189 1.829492007273346432e-01
53.7272 1.829151161251108271e-01
53.7355 1.828810445791513029e-01
53.7439 1.828469860841246686e-01
53.7522 1.828129406353525277e-01
53.7605 1.827789082282768873e-01
53.7688 1.827448888572782981e-01
53.7771 1.827108825180983331e-01
53.7854 1.826768892061852723e-01
53.7937 1.826429089164581798e-01
53.802 1.826089416434259483e-01
53.8103 1.825749873827793301e-01
53.8186 1.825410461299752929e-01
53.827 1.825071178797068316e-01
53.8353 1.824732026270815821e-01
53.8436 1.824393003672687419e-01
53.8519 1.824054110956162544e-01
53.8602 1.823715348070035214e-01
53.8685 1.823376714967828993e-01
53.8768 1.823038211594266156e-01
53.8851 1.822699837910564113e-01
53.8934 1.822361593864433027e-01
53.9017 1.822023479398320878e-01
53.91 1.821685494470567657e-01
53.9184 1.821347639030136412e-01
53.9267 1.821009913035994410e-01
53.935 1.820672316430101689e-01
53.9433 1.820334849156801660e-01
53.9516 1.819997511175717453e-01
53.9599 1.819660302438278754e-01
53.9682 1.819323222899451586e-01
53.9765 1.818986272501917356e-01
53.9848 1.818649451195421818e-01
53.9931 1.818312758933250117e-01
54.0015 1.817976195662850403e-01
54.0098 1.817639761341648674e-01
54.0181 1.817303455918312660e-01
54.0264 1.816967279336859642e-01
54.0347 1.816631231553027803e-01
54.043 1.816295312513808435e-01
54.0513 1.815959522173233864e-01
54.0596 1.815623860480682639e-01
54.0679 1.815288327380303879e-01
54.0762 1.814952922832621940e-01
54.0846 1.814617646778335369e-01
54.0929 1.814282499171012697e-01
54.1012 1.813947479965990484e-01
54.1095 1.813612589102883421e-01
54.1178 1.813277826539413384e-01
54.1261 1.812943192222829791e-01
54.1344 1.812608686103321654e-01
54.1427 1.812274308130520650e-01
54.151 1.811940058252919650e-01
54.1593 1.811605936423114904e-01
54.1677 1.811271942589650075e-01
54.176 1.810938076700511767e-01
54.1843 1.810604338705462391e-01
54.1926 1.810270728558359132e-01
54.2009 1.809937246206103356e-01
54.2092 1.809603891595045755e-01
54.2175 1.809270664679116514e-01
54.2258 1.808937565407044146e-01
54.2341 1.808604593722936971e-01
54.2424 1.808271749586600197e-01
54.2508 1.807939032939296642e-01
54.2591 1.807606443728701773e-01
54.2674 1.807273981915849537e-01
54.2757 1.806941647437447229e-01
54.284 1.806609440244730524e-01
54.2923 1.806277360294165357e-01
54.3006 1.805945407530662461e-01
54.3089 1.805613581899158382e-01
54.3172 1.805281883350991767e-01
54.3255 1.804950311840410326e-01
54.3339 1.804618867313015351e-01
54.3422 1.804287549717901173e-01
54.3505 1.803956359003039689e-01
54.3588 1.803625295118733984e-01
54.3671 1.803294358012432763e-01
54.3754 1.802963547635069719e-01
54.3837 1.802632863931837859e-01
54.392 1.802302306854304259e-01
54.4003 1.801971876353484769e-01
54.4086 1.801641572371769084e-01
54.4169 1.801311394865420246e-01
54.4253 1.800981343776305588e-01
54.4336 1.800651419056129299e-01
54.4419 1.800321620656612498e-01
54.4502 1.799991948520870688e-01
54.4585 1.799662402598952438e-01
54.4668 1.799332982843241113e-01
54.4751 1.799003689199234479e-01
54.4834 1.798674521612466382e-01
54.4917 1.798345480037119581e-01
54.5 1.798016564418208896e-01
54.5084 1.797687774701923757e-01
54.5167 1.797359110840232588e-01
54.525 1.797030572786270930e-01
54.5333 1.796702160478851895e-01
54.5416 1.796373873871168203e-01
54.5499 1.796045712908982406e-01
54.5582 1.795717677542096602e-01
54.5665 1.795389767717479323e-01
54.5748 1.795061983387853111e-01
54.5831 1.794734324498520883e-01
54.5915 1.794406790992521539e-01
54.5998 1.794079382826673508e-01
54.6081 1.793752099943501654e-01
54.6164 1.793424942295866187e-01
54.6247 1.793097909820631775e-01
54.633 1.792771002475294917e-01
54.6413 1.792444220212219830e-01
54.6496 1.792117562968368327e-01
54.6579 1.791791030698449694e-01
54.6662 1.791464623346917806e-01
54.6746 1.791138340860539135e-01
54.6829 1.790812183192394547e-01
54.6912 1.790486150288733147e-01
54.6995 1.790160242095840404e-01
54.7078 1.789834458558887675e-01
54.7161 1.789508799626502999e-01
54.7244 1.789183265257598687e-01
54.7327 1.788857855384893003e-01
54.741 1.788532569958239393e-01
54.7493 1.788207408929798625e-01
54.7577 1.787882372248903728e-01
54.766 1.787557459860936726e-01
54.7743 1.787232671711305454e-01
54.7826 1.786908007752282257e-01
54.7909 1.786583467923645308e-01
54.7992 1.786259052177156803e-01
54.8075 1.785934760465165416e-01
54.8158 1.785610592725844492e-01
54.8241 1.785286548912172200e-01
54.8324 1.784962628973745247e-01
54.8408 1.784638832852805390e-01
54.8491 1.784315160497876029e-01
54.8574 1.783991611859206405e-01
54.8657 1.783668186879136253e-01
54.874 1.783344885510242672e-01
54.8823 1.783021707693793756e-01
54.8906 1.782698653386956544e-01
54.8989 1.782375722527661244e-01
54.9072 1.782052915064067378e-01
54.9155 1.781730230944368054e-01
54.9238 1.781407670120175868e-01
54.9322 1.781085232538605623e-01
54.9405 1.780762918137752115e-01
54.9488 1.780440726869321477e-01
54.9571 1.780118658685042043e-01
54.9654 1.779796713526498042e-01
54.9737 1.779474891343218734e-01
54.982 1.779153192082500445e-01
54.9903 1.778831615687155310e-01
54.9986 1.778510162111316961e-01
55.0069 1.778188831295599848e-01
55.0153 1.777867623189681723e-01
55.0236 1.777546537741011567e-01
55.0319 1.777225574894812921e-01
55.0402 1.776904734597471724e-01
55.0485 1.776584016798781751e-01
55.0568 1.776263421446313273e-01
55.0651 1.775942948483161254e-01
55.0734 1.775622597854708828e-01
55.0817 1.775302369510870504e-01
55.09 1.774982263400465277e-01
55.0984 1.774662279468964821e-01
55.1067 1.774342417659625637e-01
55.115 1.774022677917987123e-01
55.1233 1.773703060199732506e-01
55.1316 1.773383564447087724e-01
55.1399 1.773064190604559109e-01
55.1482 1.772744938617811516e-01
55.1565 1.772425808434784367e-01
55.1648 1.772106800002325455e-01
55.1731 1.771787913272921400e-01
55.1815 1.771469148190112919e-01
55.1898 1.771150504695235273e-01
55.1981 1.770831982730779741e-01
55.2064 1.770513582256077467e-01
55.2147 1.770195303210318205e-01
55.223 1.769877145543928554e-01
55.2313 1.769559109202882008e-01
55.2396 1.769241194128711170e-01
55.2479 1.768923400267459478e-01
55.2562 1.768605727574147080e-01
55.2646 1.768288175990401778e-01
55.2729 1.767970745459007398e-01
55.2812 1.767653435933952966e-01
55.2895 1.767336247358083090e-01
55.2978 1.767019179673161855e-01
55.3061 1.766702232828804287e-01
55.3144 1.766385406772419675e-01
55.3227 1.766068701453679946e-01
55.331 1.765752116813364692e-01
55.3393 1.765435652801207733e-01
55.3477 1.765119309356943389e-01
55.356 1.764803086435940971e-01
55.3643 1.764486983979113577e-01
55.3726 1.764171001931864602e-01
55.3809 1.763855140248537512e-01
55.3892 1.763539398862352670e-01
55.3975 1.763223777727716823e-01
55.4058 1.762908276791273210e-01
55.4141 1.762592895997472098e-01
55.4224 1.762277635289688227e-01
55.4307 1.761962494616886865e-01
55.4391 1.761647473925840035e-01
55.4474 1.761332573166682625e-01
55.4557 1.761017792279586103e-01
55.464 1.760703131202542848e-01
55.4723 1.760388589897992628e-01
55.4806 1.760074168305098830e-01
55.4889 1.759759866369717263e-01
55.4972 1.759445684038845326e-01
55.5055 1.759131621255078104e-01
55.5138 1.758817677966587334e-01
55.5222 1.758503854120466170e-01
55.5305 1.758190149662733903e-01
55.5388 1.757876564537226294e-01
55.5471 1.757563098694454040e-01
55.5554 1.757249752077213178e-01
55.5637 1.756936524627227825e-01
55.572 1.756623416298422335e-01
55.5803 1.756310427032586885e-01
55.5886 1.755997556777073865e-01
55.5969 1.755684805471532661e-01
55.6053 1.755372173068906749e-01
55.6136 1.755059659524369764e-01
55.6219 1.754747264761114811e-01
55.6302 1.754434988736593704e-01
55.6385 1.754122831401661864e-01
55.6468 1.753810792691763432e-01
55.6551 1.753498872565537048e-01
55.6634 1.753187070957396010e-01
55.6717 1.752875387818322861e-01
55.68 1.752563823096026097e-01
55.6884 1.752252376731636418e-01
55.6967 1.751941048669626577e-01
55.705 1.751629838861105404e-01
55.7133 1.751318747251708052e-01
55.7216 1.751007773787104094e-01
55.7299 1.750696918403102931e-01
55.7382 1.750386181055338386e-01
55.7465 1.750075561698367921e-01
55.7548 1.749765060261512517e-01
55.7631 1.749454676693907029e-01
55.7715 1.749144410942521377e-01
55.7798 1.748834262956552865e-01
55.7881 1.748524232685225166e-01
55.7964 1.748214320061344251e-01
55.8047 1.747904525037497214e-01
55.813 1.747594847563008202e-01
55.8213 1.747285287579561919e-01
55.8296 1.746975845037642416e-01
55.8379 1.746666519872431822e-01
55.8462 1.746357312037769560e-01
55.8546 1.746048221476571294e-01
55.8629 1.745739248139453192e-01
55.8712 1.745430391967209560e-01
55.8795 1.745121652903959542e-01
55.8878 1.744813030897133244e-01
55.8961 1.744504525895287927e-01
55.9044 1.744196137842637107e-01
55.9127 1.743887866679066923e-01
55.921 1.743579712361965905e-01
55.9293 1.743271674829101892e-01
55.9376 1.742963754022646972e-01
55.946 1.742655949892448208e-01
55.9543 1.742348262387288516e-01
55.9626 1.742040691452714785e-01
55.9709 1.741733237022313197e-01
55.9792 1.741425899056962545e-01
55.9875 1.741118677497946465e-01
55.9958 1.740811572281146524e-01
56.0041 1.740504583362081081e-01
56.0124 1.740197710686499921e-01
56.0207 1.739890954198005935e-01
56.0291 1.739584313841330832e-01
56.0374 1.739277789563410392e-01
56.0457 1.738971381304697250e-01
56.054 1.738665089019803822e-01
56.0623 1.738358912643817866e-01
56.0706 1.738052852125987202e-01
56.0789 1.737746907421020004e-01
56.0872 1.737441078458683563e-01
56.0955 1.737135365198094195e-01
56.1038 1.736829767582113437e-01
56.1122 1.736524285549307101e-01
56.1205 1.736218919051287779e-01
56.1288 1.735913668025609313e-01
56.1371 1.735608532430450157e-01
56.1454 1.735303512202351628e-01
56.1537 1.734998607289804373e-01
56.162 1.734693817642417035e-01
56.1703 1.734389143190346039e-01
56.1786 1.734084583891930265e-01
56.1869 1.733780139696870781e-01
56.1953 1.733475810539768514e-01
56.2036 1.733171596368234535e-01
56.2119 1.732867497136401369e-01
56.2202 1.732563512778975690e-01
56.2285 1.732259643246915337e-01
56.2368 1.731955888482564487e-01
56.2451 1.731652248433706576e-01
56.2534 1.731348723053545702e-01
56.2617 1.731045312266194514e-01
56.27 1.730742016038951669e-01
56.2784 1.730438834306790019e-01
56.2867 1.730135767015502091e-01
56.295 1.729832814113072270e-01
56.3033 1.729529975542127007e-01
56.3116 1.729227251258256826e-01
56.3199 1.728924641191235678e-01
56.3282 1.728622145295645174e-01
56.3365 1.728319763515329677e-01
56.3448 1.728017495795247382e-01
56.3531 1.727715342080389793e-01
56.3615 1.727413302321160193e-01
56.3698 1.727111376459391223e-01
56.3781 1.726809564435885236e-01
56.3864 1.726507866201142660e-01
56.3947 1.726206281697111877e-01
56.403 1.725904810878650664e-01
56.4113 1.725603453678117849e-01
56.4196 1.725302210050439211e-01
56.4279 1.725001079938773829e-01
56.4362 1.724700063288459317e-01
56.4445 1.724399160040585022e-01
56.4529 1.724098370148060000e-01
56.4612 1.723797693549901366e-01
56.4695 1.723497130195869587e-01
56.4778 1.723196680031479355e-01
56.4861 1.722896342996925179e-01
56.4944 1.722596119038864448e-01
56.5027 1.722296008109331367e-01
56.511 1.721996010153976908e-01
56.5193 1.721696125106725317e-01
56.5276 1.721396352923991735e-01
56.536 1.721096693547254641e-01
56.5443 1.720797146919105236e-01
56.5526 1.720497712986436278e-01
56.5609 1.720198391702583984e-01
56.5692 1.719899183010235588e-01
56.5775 1.719600086844654541e-01
56.5858 1.719301103153943744e-01
56.5941 1.719002231895833122e-01
56.6024 1.718703473004627724e-01
56.6107 1.718404826427466503e-01
56.6191 1.718106292108323163e-01
56.6274 1.717807870006118343e-01
56.6357 1.717509560052113415e-01
56.644 1.717211362189330348e-01
56.6523 1.716913276377845243e-01
56.6606 1.716615302550106026e-01
56.6689 1.716317440651365100e-01
56.6772 1.716019690637541895e-01
56.6855 1.715722052452888224e-01
56.6938 1.715424526035321806e-01
56.7022 1.715127111328111353e-01
56.7105 1.714829808286240931e-01
56.7188 1.714532616854108349e-01
56.7271 1.714235536970839247e-01
56.7354 1.713938568589395139e-01
56.7437 1.713641711647912735e-01
56.752 1.713344966098360178e-01
56.7603 1.713048331881069919e-01
56.7686 1.712751808947014787e-01
56.7769 1.712455397236600507e-01
56.7853 1.712159096693455507e-01
56.7936 1.711862907273942747e-01
56.8019 1.711566828916462335e-01
56.8102 1.711270861559454903e-01
56.8185 1.710975005160444151e-01
56.8268 1.710679259665340568e-01
56.8351 1.710383625006354491e-01
56.8434 1.710088101141102324e-01
56.8517 1.709792688017716111e-01
56.86 1.709497385569575811e-01
56.8684 1.709202193748058651e-01
56.8767 1.708907112499291059e-01
56.885 1.708612141771548021e-01
56.8933 1.708317281505749297e-01
56.9016 1.708022531646020692e-01
56.9099 1.707727892143904025e-01
56.9182 1.707433362943594213e-01
56.9265 1.707138943988264213e-01
56.9348 1.706844635229558260e-01
56.9431 1.706550436605454302e-01
56.9514 1.706256348055032734e-01
56.9598 1.705962369545823143e-01
56.9681 1.705668501008551774e-01
56.9764 1.705374742391869980e-01
56.9847 1.705081093636054979e-01
56.993 1.704787554692982765e-01
57.0013 1.704494125511410718e-01
57.0096 1.704200806026465731e-01
57.0179 1.703907596194331742e-01
57.0262 1.703614495957561092e-01
57.0345 1.703321505259800805e-01
57.0429 1.703028624044731765e-01
57.0512 1.702735852263417837e-01
57.0595 1.702443189857510419e-01
57.0678 1.702150636776044446e-01
57.0761 1.701858192959698202e-01
57.0844 1.701565858358622951e-01
57.0927 1.701273632921950496e-01
57.101 1.700981516585235165e-01
57.1093 1.700689509308150604e-01
57.1176 1.700397611021093047e-01
57.126 1.700105821675430562e-01
57.1343 1.699814141224656183e-01
57.1426 1.699522569604510480e-01
57.1509 1.699231106766465327e-01
57.1592 1.698939752655745650e-01
57.1675 1.698648507213439685e-01
57.1758 1.698357370391115617e-01
57.1841 1.698066342135153006e-01
57.1924 1.697775422385701949e-01
57.2007 1.697484611089216389e-01
57.2091 1.697193908197399959e-01
57.2174 1.696903313651558221e-01
57.2257 1.696612827399289203e-01
57.234 1.696322449383017295e-01
57.2423 1.696032179551455188e-01
57.2506 1.695742017852307215e-01
57.2589 1.695451964232269348e-01
57.2672 1.695162018632868084e-01
57.2755 1.694872181000872113e-01
57.2838 1.694582451275803425e-01
57.2922 1.694292829419067892e-01
57.3005 1.694003315375454677e-01
57.3088 1.693713909068995105e-01
57.3171 1.693424610463275803e-01
57.3254 1.693135419510466977e-01
57.3337 1.692846336140959862e-01
57.342 1.692557360306999048e-01
57.3503 1.692268491955673804e-01
57.3586 1.691979731032024203e-01
57.3669 1.691691077481135286e-01
57.3753 1.691402531251232633e-01
57.3836 1.691114092289544013e-01
57.3919 1.690825760535033806e-01
57.4002 1.690537535940185854e-01
57.4085 1.690249418451292840e-01
57.4168 1.689961408009506838e-01
57.4251 1.689673504566372719e-01
57.4334 1.689385708066221403e-01
57.4417 1.689098018449279870e-01
57.45 1.688810435669268195e-01
57.4583 1.688522959672689450e-01
57.4667 1.688235590396784114e-01
57.475 1.687948327800535275e-01
57.4833 1.687661171816088879e-01
57.4916 1.687374122399394882e-01
57.4999 1.687087179497138156e-01
57.5082 1.686800343044679851e-01
57.5165 1.686513613001167922e-01
57.5248 1.686226989307196555e-01
57.5331 1.685940471908564109e-01
57.5414 1.685654060754193106e-01
57.5498 1.685367755783765409e-01
57.5581 1.685081556947306547e-01
57.5664 1.684795464195908976e-01
57.5747 1.684509477465241378e-01
57.583 1.684223596713674276e-01
57.5913 1.683937821880042429e-01
57.5996 1.683652152913514555e-01
57.6079 1.683366589757119280e-01
57.6162 1.683081132357009957e-01
57.6245 1.682795780661432705e-01
57.6329 1.682510534624831744e-01
57.6412 1.682225394183184120e-01
57.6495 1.681940359278676633e-01
57.6578 1.681655429866886209e-01
57.6661 1.681370605894176862e-01
57.6744 1.681085887304893389e-01
57.6827 1.680801274038288828e-01
57.691 1.680516766046995236e-01
57.6993 1.680232363285723285e-01
57.7076 1.679948065691783121e-01
57.716 1.679663873204578495e-01
57.7243 1.679379785787124268e-01
57.7326 1.679095803375818263e-01
57.7409 1.678811925918371473e-01
57.7492 1.678528153358432584e-01
57.7575 1.678244485646854245e-01
57.7658 1.677960922729402338e-01
57.7741 1.677677464553925524e-01
57.7824 1.677394111063194859e-01
57.7907 1.677110862205131447e-01
57.7991 1.676827717932799222e-01
57.8074 1.676544678175793945e-01
57.8157 1.676261742901555551e-01
57.824 1.675978912046903746e-01
57.8323 1.675696185550746564e-01
57.8406 1.675413563375507398e-01
57.8489 1.675131045456081380e-01
57.8572 1.674848631736593207e-01
57.8655 1.674566322176498923e-01
57.8738 1.674284116716927007e-01
57.8822 1.674002015302105961e-01
57.8905 1.673720017878340682e-01
57.8988 1.673438124397062521e-01
57.9071 1.673156334794461131e-01
57.9154 1.672874649033238570e-01
57.9237 1.672593067052710880e-01
57.932 1.672311588788165937e-01
57.9403 1.672030214206469967e-01
57.9486 1.671748943242983010e-01
57.9569 1.671467775838194336e-01
57.9652 1.671186711951944404e-01
57.9736 1.670905751529870864e-01
57.9819 1.670624894512571512e-01
57.9902 1.670344140849823189e-01
57.9985 1.670063490486360935e-01
58.0068 1.669782943372029871e-01
58.0151 1.669502499447578781e-01
58.0234 1.669222158665967792e-01
58.0317 1.668941920979170879e-01
58.04 1.668661786321962992e-01
58.0483 1.668381754650445636e-01
58.0567 1.668101825907577496e-01
58.065 1.667822000036356667e-01
58.0733 1.667542276987920569e-01
58.0816 1.667262656716471947e-01
58.0899 1.666983139158031424e-01
58.0982 1.666703724262826869e-01
58.1065 1.666424411984150922e-01
58.1148 1.666145202260161662e-01
58.1231 1.665866095041190487e-01
58.1314 1.665587090272547255e-01
58.1398 1.665308187906652249e-01
58.1481 1.665029387886864110e-01
58.1564 1.664750690161630464e-01
58.1647 1.664472094674386005e-01
58.173 1.664193601372641607e-01
58.1813 1.663915210211002194e-01
58.1896 1.663636921130991764e-01
58.1979 1.663358734079216916e-01
58.2062 1.663080649004334832e-01
58.2145 1.662802665858058582e-01
58.2229 1.662524784574003489e-01
58.2312 1.662247005112014175e-01
58.2395 1.661969327423903631e-01
58.2478 1.661691751438368891e-01
58.2561 1.661414277114345583e-01
58.2644 1.661136904395704716e-01
58.2727 1.660859633238420674e-01
58.281 1.660582463583418211e-01
58.2893 1.660305395375682447e-01
58.2976 1.660028428563251612e-01
58.306 1.659751563095200610e-01
58.3143 1.659474798916624472e-01
58.3226 1.659198135981686251e-01
58.3309 1.658921574233541696e-01
58.3392 1.658645113616389610e-01
58.3475 1.658368754081485652e-01
58.3558 1.658092495579114867e-01
58.3641 1.657816338049572791e-01
58.3724 1.657540281441212959e-01
58.3807 1.657264325705428420e-01
58.3891 1.656988470791640189e-01
58.3974 1.656712716644297423e-01
58.4057 1.656437063210889349e-01
58.414 1.656161510435940065e-01
58.4223 1.655886058271013039e-01
58.4306 1.655610706666703069e-01
58.4389 1.655335455563640423e-01
58.4472 1.655060304912491786e-01
58.4555 1.654785254657959725e-01
58.4638 1.654510304753778194e-01
58.4721 1.654235455147713141e-01
58.4805 1.653960705783577845e-01
58.4888 1.653686056611209099e-01
58.4971 1.653411507570501926e-01
58.5054 1.653137058621341748e-01
58.5137 1.652862709704691346e-01
58.522 1.652588460768532885e-01
58.5303 1.652314311761882426e-01
58.5386 1.652040262632789025e-01
58.5469 1.651766313329342817e-01
58.5552 1.651492463795678767e-01
58.5636 1.651218713984936026e-01
58.5719 1.650945063846298855e-01
58.5802 1.650671513321028128e-01
58.5885 1.650398062360370066e-01
58.5968 1.650124710912624082e-01
58.6051 1.649851458926119840e-01
58.6134 1.649578306344254564e-01
58.6217 1.649305253118413528e-01
58.63 1.649032299198027740e-01
58.6383 1.648759444531565088e-01
58.6467 1.648486689066540611e-01
58.655 1.648214032753476388e-01
58.6633 1.647941475528050814e-01
58.6716 1.647669017344831344e-01
58.6799 1.647396658163373107e-01
58.6882 1.647124397921443939e-01
58.6965 1.646852236565779781e-01
58.7048 1.646580174048102863e-01
58.7131 1.646308210317199150e-01
58.7214 1.646036345312973936e-01
58.7298 1.645764578991217864e-01
58.7381 1.645492911308733264e-01
58.7464 1.645221342197620562e-01
58.7547 1.644949871613763659e-01
58.763 1.644678499504180491e-01
58.7713 1.644407225812954676e-01
58.7796 1.644136050500022705e-01
58.7879 1.643864973504596261e-01
58.7962 1.643593994773835665e-01
58.8045 1.643323114263817164e-01
58.8129 1.643052331916831921e-01
58.8212 1.642781647679153745e-01
58.8295 1.642511061505977366e-01
58.8378 1.642240573343643206e-01
58.8461 1.641970183136561567e-01
58.8544 1.641699890837064191e-01
58.8627 1.641429696392589788e-01
58.871 1.641159599755534215e-01
58.8793 1.640889600863555120e-01
58.8876 1.640619699677982879e-01
58.896 1.640349896140486929e-01
58.9043 1.640080190198678622e-01
58.9126 1.639810581802176870e-01
58.9209 1.639541070901613384e-01
58.9292 1.639271657448639063e-01
58.9375 1.639002341382154726e-01
58.9458 1.638733122659781771e-01
58.9541 1.638464001228354949e-01
58.9624 1.638194977032786104e-01
58.9707 1.637926050024894331e-01
58.979 1.637657220154570548e-01
58.9874 1.637388487363887202e-01
58.9957 1.637119851610654708e-01
59.004 1.636851312836035688e-01
59.0123 1.636582870993001648e-01
59.0206 1.636314526033573469e-01
59.0289 1.636046277896085477e-01
59.0372 1.635778126538508792e-01
59.0455 1.635510071913944263e-01
59.0538 1.635242113957897647e-01
59.0621 1.634974252621587409e-01
59.0705 1.634706487863109015e-01
59.0788 1.634438819628848683e-01
59.0871 1.634171247863270282e-01
59.0954 1.633903772516745179e-01
59.1037 1.633636393536744003e-01
59.112 1.633369110878592767e-01
59.1203 1.633101924482990297e-01
59.1286 1.632834834308258265e-01
59.1369 1.632567840296143824e-01
59.1452 1.632300942398201005e-01
59.1536 1.632034140566009928e-01
59.1619 1.631767434747286583e-01
59.1702 1.631500824879050515e-01
59.1785 1.631234310928595388e-01
59.1868 1.630967892843732392e-01
59.1951 1.630701570561595148e-01
59.2034 1.630435344036895717e-01
59.2117 1.630169213219506141e-01
59.22 1.629903178063225322e-01
59.2283 1.629637238513124697e-01
59.2367 1.629371394518203120e-01
59.245 1.629105646022634135e-01
59.2533 1.628839992982297202e-01
59.2616 1.628574435348240923e-01
59.2699 1.628308973067655596e-01
59.2782 1.628043606087772321e-01
59.2865 1.627778334364595736e-01
59.2948 1.627513157836684432e-01
59.3031 1.627248076459140991e-01
59.3114 1.626983090180306735e-01
59.3198 1.626718198955346140e-01
59.3281 1.626453402725874797e-01
59.3364 1.626188701447127405e-01
59.3447 1.625924095067577679e-01
59.353 1.625659583533799468e-01
59.3613 1.625395166798214719e-01
59.3696 1.625130844806499109e-01
59.3779 1.624866617516952105e-01
59.3862 1.624602484874347885e-01
59.3945 1.624338446814786174e-01
59.4029 1.624074503311185858e-01
59.4112 1.623810654308419643e-01
59.4195 1.623546899741734884e-01
59.4278 1.623283239568657221e-01
59.4361 1.623019673742878977e-01
59.4444 1.622756202214250543e-01
59.4527 1.622492824925900190e-01
59.461 1.622229541832581889e-01
59.4693 1.621966352882323603e-01
59.4776 1.621703258027046290e-01
59.4859 1.621440257214846192e-01
59.4943 1.621177350400605233e-01
59.5026 1.620914537524771881e-01
59.5109 1.620651818541331834e-01
59.5192 1.620389193401413352e-01
59.5275 1.620126662057136679e-01
59.5358 1.619864224455840607e-01
59.5441 1.619601880546824302e-01
59.5524 1.619339630283274933e-01
59.5607 1.619077473614556617e-01
59.569 1.618815410480451411e-01
59.5774 1.618553440844829050e-01
59.5857 1.618291564663888737e-01
59.594 1.618029781863090655e-01
59.6023 1.617768092409285485e-01
59.6106 1.617506496252040793e-01
59.6189 1.617244993336160452e-01
59.6272 1.616983583619927556e-01
59.6355 1.616722267048212869e-01
59.6438 1.616461043569765166e-01
59.6521 1.616199913134327981e-01
59.6605 1.615938875694555299e-01
59.6688 1.615677931205053430e-01
59.6771 1.615417079613742923e-01
59.6854 1.615156320865709094e-01
59.6937 1.614895654917571366e-01
59.702 1.614635081711611464e-01
59.7103 1.614374601206428339e-01
59.7186 1.614114213353948502e-01
59.7269 1.613853918095600193e-01
59.7352 1.613593715392948602e-01
59.7436 1.613333605182711572e-01
59.7519 1.613073587426516742e-01
59.7602 1.612813662073585563e-01
59.7685 1.612553829070310085e-01
59.7768 1.612294088368847744e-01
59.7851 1.612034439921394002e-01
59.7934 1.611774883677305759e-01
59.8017 1.611515419585979603e-01
59.81 1.611256047603523422e-01
59.8183 1.610996767675580976e-01
59.8267 1.610737579751647941e-01
59.835 1.610478483788885251e-01
59.8433 1.610219479729224357e-01
59.8516 1.609960567532751907e-01
59.8599 1.609701747145281248e-01
59.8682 1.609443018515527291e-01
59.8765 1.609184381594140067e-01
59.8848 1.608925836343231552e-01
59.8931 1.608667382702088922e-01
59.9014 1.608409020624322061e-01
59.9098 1.608150750061664025e-01
59.9181 1.607892570958276979e-01
59.9264 1.607634483282127380e-01
59.9347 1.607376486968885299e-01
59.943 1.607118581967570403e-01
59.9513 1.606860768245287063e-01
59.9596 1.606603045743514591e-01
59.9679 1.606345414413271888e-01
59.9762 1.606087874207504651e-01
59.9845 1.605830425070655931e-01
59.9928 1.605573066955741646e-01
60.0012 1.605315799828139767e-01
60.0095 1.605058623623854541e-01
60.0178 1.604801538295055063e-01
60.0261 1.604544543801519063e-01
60.0344 1.604287640084105515e-01
60.0427 1.604030827106443791e-01
60.051 1.603774104809463918e-01
60.0593 1.603517473145494587e-01
60.0676 1.603260932066900291e-01
60.0759 1.603004481527018632e-01
60.0843 1.602748121483006383e-01
60.0926 1.602491851871241935e-01
60.1009 1.602235672656512899e-01
60.1092 1.601979583787558337e-01
60.1175 1.601723585207489031e-01
60.1258 1.601467676873618295e-01
60.1341 1.601211858743292193e-01
60.1424 1.600956130765383012e-01
60.1507 1.600700492879367220e-01
60.159 1.600444945048347389e-01
60.1674 1.600189487226019169e-01
60.1757 1.599934119356676843e-01
60.184 1.599678841392198625e-01
60.1923 1.599423653292033065e-01
60.2006 1.599168555005288928e-01
60.2089 1.598913546472637837e-01
60.2172 1.598658627656448505e-01
60.2255 1.598403798509698548e-01
60.2338 1.598149058980694037e-01
60.2421 1.597894409019656459e-01
60.2505 1.597639848578723820e-01
60.2588 1.597385377615708479e-01
60.2671 1.597130996071528530e-01
60.2754 1.596876703910639905e-01
60.2837 1.596622501077788747e-01
60.292 1.596368387514944254e-01
60.3003 1.596114363196981523e-01
60.3086 1.595860428065930814e-01
60.3169 1.595606582062925605e-01
60.3252 1.595352825149785325e-01
60.3336 1.595099157280845670e-01
60.3419 1.594845578404848474e-01
60.3502 1.594592088470571101e-01
60.3585 1.594338687433387303e-01
60.3668 1.594085375247761838e-01
60.3751 1.593832151863507629e-01
60.3834 1.593579017230471739e-01
60.3917 1.593325971306961686e-01
60.4 1.593073014038208779e-01
60.4083 1.592820145379775509e-01
60.4167 1.592567365281641611e-01
60.425 1.592314673696627048e-01
60.4333 1.592062070585996691e-01
60.4416 1.591809555895150330e-01
60.4499 1.591557129563921369e-01
60.4582 1.591304791564883137e-01
60.4665 1.591052541840735080e-01
60.4748 1.590800380347290599e-01
60.4831 1.590548307033858577e-01
60.4914 1.590296321848849725e-01
60.4997 1.590044424757503516e-01
60.5081 1.589792615697099287e-01
60.5164 1.589540894632934798e-01
60.5247 1.589289261515414164e-01
60.533 1.589037716287521607e-01
60.5413 1.588786258913708060e-01
60.5496 1.588534889337026301e-01
60.5579 1.588283607511741524e-01
60.5662 1.588032413399597664e-01
60.5745 1.587781306940957426e-01
60.5828 1.587530288093905451e-01
60.5912 1.587279356821200971e-01
60.5995 1.587028513055874501e-01
60.6078 1.586777756763540770e-01
60.6161 1.586527087896822674e-01
60.6244 1.586276506401875230e-01
60.6327 1.586026012238820337e-01
60.641 1.585775605354807771e-01
60.6493 1.585525285708162535e-01
60.6576 1.585275053244246390e-01
60.6659 1.585024907923301973e-01
60.6743 1.584774849695394783e-01
60.6826 1.584524878511554269e-01
60.6909 1.584274994328402908e-01
60.6992 1.584025197095179638e-01
60.7075 1.583775486768569940e-01
60.7158 1.583525863306213255e-01
60.7241 1.583276326647258259e-01
60.7324 1.583026876751264800e-01
60.7407 1.582777513577817152e-01
60.749 1.582528237075423172e-01
60.7574 1.582279047189852628e-01
60.7657 1.582029943887256762e-01
60.774 1.581780927112544921e-01
60.7823 1.581531996820831620e-01
60.7906 1.581283152966336258e-01
60.7989 1.581034395505158674e-01
60.8072 1.580785724382344770e-01
60.8155 1.580537139556828508e-01
60.8238 1.580288640982032422e-01
60.8321 1.580040228611410968e-01
60.8405 1.579791902393837821e-01
60.8488 1.579543662289287775e-01
60.8571 1.579295508251308822e-01
60.8654 1.579047440221498788e-01
60.8737 1.578799458168217984e-01
60.882 1.578551562037737444e-01
60.8903 1.578303751787417386e-01
60.8986 1.578056027368200109e-01
60.9069 1.577808388729223243e-01
60.9152 1.577560835827020724e-01
60.9236 1.577313368617234424e-01
60.9319 1.577065987061972430e-01
60.9402 1.576818691099463599e-01
60.9485 1.576571480685447779e-01
60.9568 1.576324355783041975e-01
60.9651 1.576077316337934631e-01
60.9734 1.575830362309627308e-01
60.9817 1.575583493649384548e-01
60.99 1.575336710309422350e-01
60.9983 1.575090012244743931e-01
61.0066 1.574843399407628020e-01
61.015 1.574596871754974370e-01
61.0233 1.574350429241875016e-01
61.0316 1.574104071817038208e-01
61.0399 1.573857799437453631e-01
61.0482 1.573611612059223341e-01
61.0565 1.573365509629322256e-01
61.0648 1.573119492107579453e-01
61.0731 1.572873559450188030e-01
61.0814 1.572627711605135703e-01
61.0897 1.572381948529594231e-01
61.0981 1.572136270177107720e-01
61.1064 1.571890676503076567e-01
61.1147 1.571645167455622827e-01
61.123 1.571399742995695237e-01
61.1313 1.571154403080615991e-01
61.1396 1.570909147653118121e-01
61.1479 1.570663976677895146e-01
61.1562 1.570418890105052812e-01
61.1645 1.570173887883821728e-01
61.1728 1.569928969980800004e-01
61.1812 1.569684136339805636e-01
61.1895 1.569439386915637558e-01
61.1978 1.569194721671331727e-01
61.2061 1.568950140556273354e-01
61.2144 1.568705643516241366e-01
61.2227 1.568461230520736271e-01
61.231 1.568216901511955419e-01
61.2393 1.567972656453987812e-01
61.2476 1.567728495297293911e-01
61.2559 1.567484417985085809e-01
61.2643 1.567240424497918505e-01
61.2726 1.566996514769966875e-01
61.2809 1.566752688757281908e-01
61.2892 1.566508946422301429e-01
61.2975 1.566265287715678522e-01
61.3058 1.566021712587187531e-01
61.3141 1.565778221003897852e-01
61.3224 1.565534812911103246e-01
61.3307 1.565291488260495967e-01
61.339 1.565048247017408467e-01
61.3474 1.564805089130867355e-01
61.3557 1.564562014553562141e-01
61.364 1.564319023248188778e-01
61.3723 1.564076115162962299e-01
61.3806 1.563833290246136598e-01
61.3889 1.563590548465026153e-01
61.3972 1.563347889775190125e-01
61.4055 1.563105314121351341e-01
61.4138 1.562862821462757956e-01
61.4221 1.562620411753253002e-01
61.4305 1.562378084957570801e-01
61.4388 1.562135841020562688e-01
61.4471 1.561893679896168563e-01
61.4554 1.561651601546491519e-01
61.4637 1.561409605923719801e-01
61.472 1.561167692980976740e-01
61.4803 1.560925862674128750e-01
61.4886 1.560684114960876612e-01
61.4969 1.560442449795339803e-01
61.5052 1.560200867128959945e-01
61.5135 1.559959366922236967e-01
61.5219 1.559717949127575332e-01
61.5302 1.559476613705532422e-01
61.5385 1.559235360602260478e-01
61.5468 1.558994189777477002e-01
61.5551 1.558753101189117862e-01
61.5634 1.558512094796951908e-01
61.5717 1.558271170546361439e-01
61.58 1.558030328387273178e-01
61.5883 1.557789568286750415e-01
61.5966 1.557548890203777348e-01
61.605 1.557308294090164191e-01
61.6133 1.557067779891463666e-01
61.6216 1.556827347573047637e-01
61.6299 1.556586997092218316e-01
61.6382 1.556346728398217416e-01
61.6465 1.556106541450207603e-01
61.6548 1.555866436200190606e-01
61.6631 1.555626412610081610e-01
61.6714 1.555386470632838802e-01
61.6797 1.555146610220560222e-01
61.6881 1.554906831331652750e-01
61.6964 1.554667133921865119e-01
61.7047 1.554427517949661386e-01
61.713 1.554187983369950121e-01
61.7213 1.553948530131395445e-01
61.7296 1.553709158195243356e-01
61.7379 1.553469867520971825e-01
61.7462 1.553230658061817426e-01
61.7545 1.552991529774628843e-01
61.7628 1.552752482610020579e-01
61.7712 1.552513516531167093e-01
61.7795 1.552274631486060263e-01
61.7878 1.552035827436141213e-01
61.7961 1.551797104343773936e-01
61.8044 1.551558462154357942e-01
61.8127 1.551319900824954801e-01
61.821 1.551081420312649950e-01
61.8293 1.550843020580814358e-01
61.8376 1.550604701577656952e-01
61.8459 1.550366463263033456e-01
61.8543 1.550128305592360367e-01
61.8626 1.549890228518410462e-01
61.8709 1.549652232000230112e-01
61.8792 1.549414315997786895e-01
61.8875 1.549176480462157723e-01
61.8958 1.548938725354259971e-01
61.9041 1.548701050624340658e-01
61.9124 1.548463456228031110e-01
61.9207 1.548225942134345834e-01
61.929 1.547988508291844034e-01
61.9374 1.547751154650900129e-01
61.9457 1.547513881176160455e-01
61.954 1.547276687820730301e-01
61.9623 1.547039574539523510e-01
61.9706 1.546802541294600986e-01
61.9789 1.546565588034711780e-01
61.9872 1.546328714726416531e-01
61.9955 1.546091921322965690e-01
62.0038 1.545855207774095297e-01
62.0121 1.545618574044667626e-01
62.0205 1.545382020085366570e-01
62.0288 1.545145545860218961e-01
62.0371 1.544909151316420648e-01
62.0454 1.544672836415394990e-01
62.0537 1.544436601115930507e-01
62.062 1.544200445378615394e-01
62.0703 1.543964369146339777e-01
62.0786 1.543728372388615266e-01
62.0869 1.543492455060798407e-01
62.0952 1.543256617110306261e-01
62.1035 1.543020858505843029e-01
62.1119 1.542785179199310519e-01
62.1202 1.542549579145303940e-01
62.1285 1.542314058309944558e-01
62.1368 1.542078616635500776e-01
62.1451 1.541843254089919624e-01
62.1534 1.541607970630562985e-01
62.1617 1.541372766206866307e-01
62.17 1.541137640785089635e-01
62.1783 1.540902594314726703e-01
62.1866 1.540667626758558950e-01
62.195 1.540432738071439989e-01
62.2033 1.540197928211790579e-01
62.2116 1.539963197130114203e-01
62.2199 1.539728544786655440e-01
62.2282 1.539493971150498741e-01
62.2365 1.539259476163421791e-01
62.2448 1.539025059789276284e-01
62.2531 1.538790721988413102e-01
62.2614 1.538556462713280282e-01
62.2697 1.538322281926048363e-01
62.2781 1.538088179575703429e-01
62.2864 1.537854155626234565e-01
62.2947 1.537620210035488266e-01
62.303 1.537386342754308854e-01
62.3113 1.537152553747640760e-01
62.3196 1.536918842975177335e-01
62.3279 1.536685210388726297e-01
62.3362 1.536451655941890315e-01
62.3445 1.536218179600598865e-01
62.3528 1.535984781320266501e-01
62.3612 1.535751461054579714e-01
62.3695 1.535518218766038223e-01
62.3778 1.535285054411018313e-01
62.3861 1.535051967945053608e-01
62.3944 1.534818959328967114e-01
62.4027 1.534586028515718403e-01
62.411 1.534353175475827724e-01
62.4193 1.534120400148289431e-01
62.4276 1.533887702501049999e-01
62.4359 1.533655082496822863e-01
62.4443 1.533422540088710539e-01
62.4526 1.533190075230727034e-01
62.4609 1.532957687881290887e-01
62.4692 1.532725378004976824e-01
62.4775 1.532493145555879899e-01
62.4858 1.532260990494253849e-01
62.4941 1.532028912771631612e-01
62.5024 1.531796912351821582e-01
62.5107 1.531564989193406057e-01
62.519 1.531333143250633577e-01
62.5274 1.531101374482145838e-01
62.5357 1.530869682851855318e-01
62.544 1.530638068309726485e-01
62.5523 1.530406530818854416e-01
62.5606 1.530175070339734877e-01
62.5689 1.529943686826790161e-01
62.5772 1.529712380233597402e-01
62.5855 1.529481150527716993e-01
62.5938 1.529249997665396155e-01
62.6021 1.529018921598560288e-01
62.6104 1.528787922293100010e-01
62.6188 1.528556999702740393e-01
62.6271 1.528326153792550768e-01
62.6354 1.528095384514573385e-01
62.6437 1.527864691824360466e-01
62.652 1.527634075686196136e-01
62.6603 1.527403536055687294e-01
62.6686 1.527173072893693029e-01
62.6769 1.526942686159353246e-01
62.6852 1.526712375811840328e-01
62.6935 1.526482141802532888e-01
62.7019 1.526251984096742287e-01
62.7102 1.526021902657192508e-01
62.7185 1.525791897434482791e-01
62.7268 1.525561968385321099e-01
62.7351 1.525332115478590378e-01
62.7434 1.525102338659774792e-01
62.7517 1.524872637896076411e-01
62.76 1.524643013152112980e-01
62.7683 1.524413464377797067e-01
62.7766 1.524183991536066651e-01
62.785 1.523954594579497168e-01
62.7933 1.523725273471948083e-01
62.8016 1.523496028176440642e-01
62.8099 1.523266858641303401e-01
62.8182 1.523037764832209096e-01
62.8265 1.522808746705337224e-01
62.8348 1.522579804230730360e-01
62.8431 1.522350937354245148e-01
62.8514 1.522122146033876300e-01
62.8597 1.521893430237152567e-01
62.8681 1.521664789918663607e-01
62.8764 1.521436225046849944e-01
62.8847 1.521207735566856012e-01
62.893 1.520979321433366671e-01
62.9013 1.520750982630434123e-01
62.9096 1.520522719108470255e-01
62.9179 1.520294530803259769e-01
62.9262 1.520066417696339378e-01
62.9345 1.519838379748557344e-01
62.9428 1.519610416913038109e-01
62.9512 1.519382529143794569e-01
62.9595 1.519154716406937722e-01
62.9678 1.518926978663424909e-01
62.9761 1.518699315867358679e-01
62.9844 1.518471727983198016e-01
62.9927 1.518244214965960570e-01
63.001 1.518016776781877797e-01
63.0093 1.517789413376563201e-01
63.0176 1.517562124723181305e-01
63.0259 1.517334910781159840e-01
63.0343 1.517107771499639490e-01
63.0426 1.516880706838111825e-01
63.0509 1.516653716768973092e-01
63.0592 1.516426801253474010e-01
63.0675 1.516199960234006494e-01
63.0758 1.515973193674461095e-01
63.0841 1.515746501543897284e-01
63.0924 1.515519883801958456e-01
63.1007 1.515293340399738731e-01
63.109 1.515066871300371765e-01
63.1173 1.514840476463585328e-01
63.1257 1.514614155852560540e-01
63.134 1.514387909422793832e-01
63.1423 1.514161737134095131e-01
63.1506 1.513935638951436902e-01
63.1589 1.513709614831254269e-01
63.1672 1.513483664734292522e-01
63.1755 1.513257788618754263e-01
63.1838 1.513031986443728050e-01
63.1921 1.512806258174314300e-01
63.2004 1.512580603767940679e-01
63.2088 1.512355023183775404e-01
63.2171 1.512129516376741478e-01
63.2254 1.511904083323146741e-01
63.2337 1.511678723963446602e-01
63.242 1.511453438268019478e-01
63.2503 1.511228226205555414e-01
63.2586 1.511003087714898330e-01
63.2669 1.510778022767355622e-01
63.2752 1.510553031333394247e-01
63.2835 1.510328113360481783e-01
63.2919 1.510103268813169919e-01
63.3002 1.509878497646661433e-01
63.3085 1.509653799823002795e-01
63.3168 1.509429175309377757e-01
63.3251 1.509204624060216937e-01
63.3334 1.508980146041048465e-01
63.3417 1.508755741209764634e-01
63.35 1.508531409516628563e-01
63.3583 1.508307150941708974e-01
63.3666 1.508082965431069566e-01
63.375 1.507858852944415906e-01
63.3833 1.507634813453377354e-01
63.3916 1.507410846907510094e-01
63.3999 1.507186953278490393e-01
63.4082 1.506963132515933002e-01
63.4165 1.506739384583071495e-01
63.4248 1.506515709444861406e-01
63.4331 1.506292107062886243e-01
63.4414 1.506068577394511498e-01
63.4497 1.505845120398831838e-01
63.4581 1.505621736038358360e-01
63.4664 1.505398424270542046e-01
63.4747 1.505175185064726029e-01
63.483 1.504952018382646750e-01
63.4913 1.504728924167433590e-01
63.4996 1.504505902389355332e-01
63.5079 1.504282953021234548e-01
63.5162 1.504060076008829627e-01
63.5245 1.503837271326704805e-01
63.5328 1.503614538922369570e-01
63.5412 1.503391878759440803e-01
63.5495 1.503169290806630198e-01
63.5578 1.502946775019145531e-01
63.5661 1.502724331358985255e-01
63.5744 1.502501959780570551e-01
63.5827 1.502279660258623861e-01
63.591 1.502057432749304422e-01
63.5993 1.501835277206271246e-01
63.6076 1.501613193596718354e-01
63.6159 1.501391181887014870e-01
63.6242 1.501169242030055417e-01
63.6326 1.500947373987203404e-01
63.6409 1.500725577722374360e-01
63.6492 1.500503853201194115e-01
63.6575 1.500282200378354747e-01
63.6658 1.500060619214479696e-01
63.6741 1.499839109671058934e-01
63.6824 1.499617671720552825e-01
63.6907 1.499396305317760858e-01
63.699 1.499175010414151299e-01
63.7073 1.498953786979732028e-01
63.7157 1.498732634981166933e-01
63.724 1.498511554370843546e-01
63.7323 1.498290545112114791e-01
63.7406 1.498069607175917528e-01
63.7489 1.497848740513044452e-01
63.7572 1.497627945086080770e-01
63.7655 1.497407220860157429e-01
63.7738 1.497186567795389112e-01
63.7821 1.496965985853596359e-01
63.7904 1.496745474993269598e-01
63.7988 1.496525035186347385e-01
63.8071 1.496304666382981541e-01
63.8154 1.496084368548451504e-01
63.8237 1.495864141654761614e-01
63.832 1.495643985648796859e-01
63.8403 1.495423900491719971e-01
63.8486 1.495203886156449002e-01
63.8569 1.494983942601677274e-01
63.8652 1.494764069785294580e-01
63.8735 1.494544267678604987e-01
63.8819 1.494324536232016776e-01
63.8902 1.494104875407681332e-01
63.8985 1.493885285179485101e-01
63.9068 1.493665765496245690e-01
63.9151 1.493446316333564561e-01
63.9234 1.493226937641152774e-01
63.9317 1.493007629387972379e-01
63.94 1.492788391528804548e-01
63.9483 1.492569224030989572e-01
63.9566 1.492350126860215176e-01
63.965 1.492131099973847963e-01
63.9733 1.491912143337624785e-01
63.9816 1.491693256910634757e-01
63.9899 1.491474440646989585e-01
63.9982 1.491255694524177278e-01
64.0065 1.491037018503858502e-01
64.0148 1.490818412536890902e-01
64.0231 1.490599876594990159e-01
64.0314 1.490381410626573921e-01
64.0397 1.490163014608400782e-01
64.0481 1.489944688507255366e-01
64.0564 1.489726432270801759e-01
64.0647 1.489508245870870551e-01
64.073 1.489290129260178452e-01
64.0813 1.489072082411432574e-01
64.0896 1.488854105284052598e-01
64.0979 1.488636197836658015e-01
64.1062 1.488418360042848554e-01
64.1145 1.488200591852983645e-01
64.1228 1.487982893229914116e-01
64.1311 1.487765264143157129e-01
64.1395 1.487547704558926098e-01
64.1478 1.487330214426035024e-01
64.1561 1.487112793713240011e-01
64.1644 1.486895442391808209e-01
64.1727 1.486678160414779404e-01
64.181 1.486460947749320971e-01
64.1893 1.486243804355160403e-01
64.1976 1.486026730193713286e-01
64.2059 1.485809725237182966e-01
64.2142 1.485592789437920891e-01
64.2226 1.485375922759071265e-01
64.2309 1.485159125172908212e-01
64.2392 1.484942396636825535e-01
64.2475 1.484725737108252008e-01
64.2558 1.484509146557871639e-01
64.2641 1.484292624952255335e-01
64.2724 1.484076172241463598e-01
64.2807 1.483859788395426038e-01
64.289 1.483643473381608957e-01
64.2973 1.483427227158418682e-01
64.3057 1.483211049684285965e-01
64.314 1.482994940930880967e-01
64.3223 1.482778900856683291e-01
64.3306 1.482562929426804454e-01
64.3389 1.482347026605550233e-01
64.3472 1.482131192350657212e-01
64.3555 1.481915426633076682e-01
64.3638 1.481699729411418975e-01
64.3721 1.481484100645966973e-01
64.3804 1.481268540305271109e-01
64.3888 1.481053048350487178e-01
64.3971 1.480837624747739500e-01
64.4054 1.480622269454938689e-01
64.4137 1.480406982437436070e-01
64.422 1.480191763663891436e-01
64.4303 1.479976613098873961e-01
64.4386 1.479761530694640725e-01
64.4469 1.479546516412528767e-01
64.4552 1.479331570234441451e-01
64.4635 1.479116692114358922e-01
64.4719 1.478901882007113977e-01
64.4802 1.478687139894671043e-01
64.4885 1.478472465728623009e-01
64.4968 1.478257859463064650e-01
64.5051 1.478043321084121509e-01
64.5134 1.477828850545110373e-01
64.5217 1.477614447801020303e-01
64.53 1.477400112825731637e-01
64.5383 1.477185845583302570e-01
64.5466 1.476971646035357133e-01
64.555 1.476757514144361461e-01
64.5633 1.476543449871171032e-01
64.5716 1.476329453183220508e-01
64.5799 1.476115524046323624e-01
64.5882 1.475901662427955563e-01
64.5965 1.475687868286608972e-01
64.6048 1.475474141577537701e-01
64.6131 1.475260482276468665e-01
64.6214 1.475046890345243777e-01
64.6297 1.474833365743277447e-01
64.638 1.474619908445541083e-01
64.6464 1.474406518403322541e-01
64.6547 1.474193195587553684e-01
64.663 1.473979939962645203e-01
64.6713 1.473766751488137516e-01
64.6796 1.473553630126860359e-01
64.6879 1.473340575852278567e-01
64.6962 1.473127588626447493e-01
64.7045 1.472914668404927963e-01
64.7128 1.472701815156354233e-01
64.7211 1.472489028846936665e-01
64.7295 1.472276309442905884e-01
64.7378 1.472063656896666628e-01
64.7461 1.471851071194047178e-01
64.7544 1.471638552284243173e-01
64.7627 1.471426100121367708e-01
64.771 1.471213714691309016e-01
64.7793 1.471001395951479218e-01
64.7876 1.470789143860950776e-01
64.7959 1.470576958391830724e-01
64.8042 1.470364839497548259e-01
64.8126 1.470152787152696205e-01
64.8209 1.469940801319692958e-01
64.8292 1.469728881958544953e-01
64.8375 1.469517029033347577e-01
64.8458 1.469305242525268951e-01
64.8541 1.469093522380582328e-01
64.8624 1.468881868562641468e-01
64.8707 1.468670281046186576e-01
64.879 1.468458759797044155e-01
64.8873 1.468247304768903472e-01
64.8957 1.468035915935751445e-01
64.904 1.467824593256193966e-01
64.9123 1.467613336701015236e-01
64.9206 1.467402146236160831e-01
64.9289 1.467191021814637508e-01
64.9372 1.466979963407300802e-01
64.9455 1.466768970986639664e-01
64.9538 1.466558044517070059e-01
64.9621 1.466347183949273936e-01
64.9704 1.466136389254193984e-01
64.9788 1.465925660400361208e-01
64.9871 1.465714997361179661e-01
64.9954 1.465504400080969161e-01
65.0037 1.465293868533184274e-01
65.012 1.465083402700175785e-01
65.0203 1.464873002523925660e-01
65.0286 1.464662667976329713e-01
65.0369 1.464452399025268636e-01
65.0452 1.464242195633796984e-01
65.0535 1.464032057766612160e-01
65.0619 1.463821985398914838e-01
65.0702 1.463611978479314735e-01
65.0785 1.463402036971772346e-01
65.0868 1.463192160862842317e-01
65.0951 1.462982350102819129e-01
65.1034 1.462772604656538133e-01
65.1117 1.462562924496908223e-01
65.12 1.462353309579142724e-01
65.1283 1.462143759873779092e-01
65.1366 1.461934275351373658e-01
65.1449 1.461724855963191794e-01
65.1533 1.461515501689490681e-01
65.1616 1.461306212490430800e-01
65.1699 1.461096988325399915e-01
65.1782 1.460887829171491903e-01
65.1865 1.460678734987335692e-01
65.1948 1.460469705731584911e-01
65.2031 1.460260741376579463e-01
65.2114 1.460051841895472491e-01
65.2197 1.459843007246989788e-01
65.228 1.459634237394695777e-01
65.2364 1.459425532303789130e-01
65.2447 1.459216891939485727e-01
65.253 1.459008316274247319e-01
65.2613 1.458799805268520267e-01
65.2696 1.458591358882782851e-01
65.2779 1.458382977094364319e-01
65.2862 1.458174659866188216e-01
65.2945 1.457966407156397193e-01
65.3028 1.457758218935172601e-01
65.3111 1.457550095170312976e-01
65.3195 1.457342035824037429e-01
65.3278 1.457134040866586433e-01
65.3361 1.456926110262625196e-01
65.3444 1.456718243972040805e-01
65.3527 1.456510441967540648e-01
65.361 1.456302704213054133e-01
65.3693 1.456095030670942203e-01
65.3776 1.455887421315567032e-01
65.3859 1.455679876110128057e-01
65.3942 1.455472395008268471e-01
65.4026 1.455264977993996345e-01
65.4109 1.455057625025787948e-01
65.4192 1.454850336064545113e-01
65.4275 1.454643111084752138e-01
65.4358 1.454435950049745574e-01
65.4441 1.454228852921294057e-01
65.4524 1.454021819671549587e-01
65.4607 1.453814850267106662e-01
65.469 1.453607944667408836e-01
65.4773 1.453401102842283577e-01
65.4857 1.453194324759982947e-01
65.494 1.452987610382412420e-01
65.5023 1.452780959679459971e-01
65.5106 1.452574372625806964e-01
65.5189 1.452367849169898806e-01
65.5272 1.452161389280899051e-01
65.5355 1.451954992936728972e-01
65.5438 1.451748660105789124e-01
65.5521 1.451542390739809785e-01
65.5604 1.451336184802476115e-01
65.5688 1.451130042282907096e-01
65.5771 1.450923963133703143e-01
65.5854 1.450717947319403456e-01
65.5937 1.450511994811714833e-01
65.602 1.450306105571252668e-01
65.6103 1.450100279565798844e-01
65.6186 1.449894516770290909e-01
65.6269 1.449688817146205511e-01
65.6352 1.449483180651874314e-01
65.6435 1.449277607266259704e-01
65.6518 1.449072096955658917e-01
65.6602 1.448866649674514784e-01
65.6685 1.448661265396301301e-01
65.6768 1.448455944092928438e-01
65.6851 1.448250685726822362e-01
65.6934 1.448045490267559909e-01
65.7017 1.447840357676032086e-01
65.71 1.447635287915533531e-01
65.7183 1.447430280971514216e-01
65.7266 1.447225336793866446e-01
65.7349 1.447020455349901369e-01
65.7433 1.446815636617221901e-01
65.7516 1.446610880555274925e-01
65.7599 1.446406187133803811e-01
65.7682 1.446201556317831260e-01
65.7765 1.445996988074774170e-01
65.7848 1.445792482365754750e-01
65.7931 1.445588039170856709e-01
65.8014 1.445383658448876896e-01
65.8097 1.445179340168893933e-01
65.818 1.444975084296850898e-01
65.8264 1.444770890795563367e-01
65.8347 1.444566759638897524e-01
65.843 1.444362690796801574e-01
65.8513 1.444158684230576195e-01
65.8596 1.443954739900766282e-01
65.8679 1.443750857791548659e-01
65.8762 1.443547037854852055e-01
65.8845 1.443343280067020951e-01
65.8928 1.443139584391047725e-01
65.9011 1.442935950790733002e-01
65.9095 1.442732379247194663e-01
65.9178 1.442528869714841400e-01
65.9261 1.442325422162258064e-01
65.9344 1.442122036564328358e-01
65.9427 1.441918712880250752e-01
65.951 1.441715451080239352e-01
65.9593 1.441512251133742761e-01
65.9676 1.441309113003167719e-01
65.9759 1.441106036671339352e-01
65.9842 1.440903022083450391e-01
65.9926 1.440700069218447399e-01
66.0009 1.440497178044309878e-01
66.0092 1.440294348526692803e-01
66.0175 1.440091580639103752e-01
66.0258 1.439888874337836577e-01
66.0341 1.439686229598791944e-01
66.0424 1.439483646383793725e-01
66.0507 1.439281124667994571e-01
66.059 1.439078664416391373e-01
66.0673 1.438876265591655934e-01
66.0757 1.438673928171346483e-01
66.084 1.438471652116611876e-01
66.0923 1.438269437387068028e-01
66.1006 1.438067283965016596e-01
66.1089 1.437865191814801380e-01
66.1172 1.437663160903911996e-01
66.1255 1.437461191195175680e-01
66.1338 1.437259282657689929e-01
66.1421 1.437057435262913407e-01
66.1504 1.436855648975297883e-01
66.1587 1.436653923767902685e-01
66.1671 1.436452259606001147e-01
66.1754 1.436250656454893249e-01
66.1837 1.436049114289251472e-01
66.192 1.435847633070520268e-01
66.2003 1.435646212768734997e-01
66.2086 1.435444853347724037e-01
66.2169 1.435243554784573494e-01
66.2252 1.435042317043928872e-01
66.2335 1.434841140093570111e-01
66.2418 1.434640023894297733e-01
66.2502 1.434438968421717364e-01
66.2585 1.434237973649895026e-01
66.2668 1.434037039536580349e-01
66.2751 1.433836166048886307e-01
66.2834 1.433635353167929394e-01
66.2917 1.433434600854640029e-01
66.3 1.433233909073855228e-01
66.3083 1.433033277793544225e-01
66.3166 1.432832706984026594e-01
66.3249 1.432632196621070053e-01
66.3333 1.432431746669594885e-01
66.3416 1.432231357090665846e-01
66.3499 1.432031027853906680e-01
66.3582 1.431830758932059744e-01
66.3665 1.431630550296335846e-01
66.3748 1.431430401909435657e-01
66.3831 1.431230313745710248e-01
66.3914 1.431030285767904142e-01
66.3997 1.430830317943435626e-01
66.408 1.430630410246711282e-01
66.4164 1.430430562640542524e-01
66.4247 1.430230775102468432e-01
66.433 1.430031047592246196e-01
66.4413 1.429831380078943892e-01
66.4496 1.429631772541699875e-01
66.4579 1.429432224932607742e-01
66.4662 1.429232737231617978e-01
66.4745 1.429033309408646313e-01
66.4828 1.428833941422041620e-01
66.4911 1.428634633252576780e-01
66.4995 1.428435384864048807e-01
66.5078 1.428236196224909882e-01
66.5161 1.428037067302861673e-01
66.5244 1.427837998070255188e-01
66.5327 1.427638988487118232e-01
66.541 1.427440038533553668e-01
66.5493 1.427241148176569829e-01
66.5576 1.427042317373178049e-01
66.5659 1.426843546104305249e-01
66.5742 1.426644834343183676e-01
66.5826 1.426446182050740696e-01
66.5909 1.426247589191010079e-01
66.5992 1.426049055740366001e-01
66.6075 1.425850581670578265e-01
66.6158 1.425652166940354904e-01
66.6241 1.425453811529969750e-01
66.6324 1.425255515406633755e-01
66.6407 1.425057278526047910e-01
66.649 1.424859100873920037e-01
66.6573 1.424660982413678834e-01
66.6656 1.424462923109545975e-01
66.674 1.424264922937288069e-01
66.6823 1.424066981869613890e-01
66.6906 1.423869099868501076e-01
66.6989 1.423671276902861438e-01
66.7072 1.423473512940860441e-01
66.7155 1.423275807955284022e-01
66.7238 1.423078161922004536e-01
66.7321 1.422880574800039211e-01
66.7404 1.422683046560698494e-01
66.7487 1.422485577177610150e-01
66.7571 1.422288166613691340e-01
66.7654 1.422090814844140794e-01
66.7737 1.421893521840340568e-01
66.782 1.421696287560677285e-01
66.7903 1.421499111984233232e-01
66.7986 1.421301995087803638e-01
66.8069 1.421104936820657416e-01
66.8152 1.420907937162694812e-01
66.8235 1.420710996086178568e-01
66.8318 1.420514113559566971e-01
66.8402 1.420317289550574180e-01
66.8485 1.420120524031519282e-01
66.8568 1.419923816967100239e-01
66.8651 1.419727168328148437e-01
66.8734 1.419530578087803419e-01
66.8817 1.419334046216931544e-01
66.89 1.419137572676495984e-01
66.8983 1.418941157448087853e-01
66.9066 1.418744800494235736e-01
66.9149 1.418548501785884541e-01
66.9233 1.418352261286373317e-01
66.9316 1.418156078980405965e-01
66.9399 1.417959954831355951e-01
66.9482 1.417763888795768867e-01
66.9565 1.417567880863729035e-01
66.9648 1.417371930994104356e-01
66.9731 1.417176039160255863e-01
66.9814 1.416980205330994058e-01
66.9897 1.416784429473627316e-01
66.998 1.416588711563093184e-01
67.0064 1.416393051565977557e-01
67.0147 1.416197449454971447e-01
67.023 1.416001905195941601e-01
67.0313 1.415806418769973984e-01
67.0396 1.415610990128538527e-01
67.0479 1.415415619252758939e-01
67.0562 1.415220306119971960e-01
67.0645 1.415025050687031827e-01
67.0728 1.414829852926759446e-01
67.0811 1.414634712813510331e-01
67.0895 1.414439630317105845e-01
67.0978 1.414244605405866606e-01
67.1061 1.414049638056475156e-01
67.1144 1.413854728234257840e-01
67.1227 1.413659875893954754e-01
67.131 1.413465081024432579e-01
67.1393 1.413270343605467771e-01
67.1476 1.413075663585046660e-01
67.1559 1.412881040942230992e-01
67.1642 1.412686475651554197e-01
67.1725 1.412491967673187021e-01
67.1809 1.412297516990778101e-01
67.1892 1.412103123568322072e-01
67.1975 1.411908787369834661e-01
67.2058 1.411714508370699173e-01
67.2141 1.411520286547064129e-01
67.2224 1.411326121867539918e-01
67.2307 1.411132014293201009e-01
67.239 1.410937963801765782e-01
67.2473 1.410743970372471678e-01
67.2556 1.410550033959660776e-01
67.264 1.410356154544118723e-01
67.2723 1.410162332092307347e-01
67.2806 1.409968566574480442e-01
67.2889 1.409774857965438166e-01
67.2972 1.409581206230945405e-01
67.3055 1.409387611342068636e-01
67.3138 1.409194073278179082e-01
67.3221 1.409000592002086771e-01
67.3304 1.408807167476627542e-01
67.3387 1.408613799693274604e-01
67.3471 1.408420488607366738e-01
67.3554 1.408227234190835564e-01
67.3637 1.408034036420141022e-01
67.372 1.407840895262731096e-01
67.3803 1.407647810695852042e-01
67.3886 1.407454782677966532e-01
67.3969 1.407261811184853939e-01
67.4052 1.407068896195315943e-01
67.4135 1.406876037668628454e-01
67.4218 1.406683235585131087e-01
67.4302 1.406490489912403385e-01
67.4385 1.406297800617300475e-01
67.4468 1.406105167681705737e-01
67.4551 1.405912591062752903e-01
67.4634 1.405720070741609262e-01
67.4717 1.405527606685203490e-01
67.48 1.405335198868732094e-01
67.4883 1.405142847252416616e-01
67.4966 1.404950551820485782e-01
67.5049 1.404758312539944043e-01
67.5133 1.404566129380062089e-01
67.5216 1.404374002314627556e-01
67.5299 1.404181931306210107e-01
67.5382 1.403989916339863087e-01
67.5465 1.403797957381187345e-01
67.5548 1.403606054392816660e-01
67.5631 1.403414207356105670e-01
67.5714 1.403222416239710557e-01
67.5797 1.403030681013799352e-01
67.588 1.402839001655288853e-01
67.5964 1.402647378128402400e-01
67.6047 1.402455810403368253e-01
67.613 1.402264298460140224e-01
67.6213 1.402072842262256924e-01
67.6296 1.401881441788209448e-01
67.6379 1.401690097006801916e-01
67.6462 1.401498807882379793e-01
67.6545 1.401307574393486910e-01
67.6628 1.401116396514203166e-01
67.6711 1.400925274205204740e-01
67.6794 1.400734207451046764e-01
67.6878 1.400543196217662045e-01
67.6961 1.400352240471748611e-01
67.7044 1.400161340196417192e-01
67.7127 1.399970495352442501e-01
67.721 1.399779705909564020e-01
67.7293 1.399588971856143838e-01
67.7376 1.399398293151530026e-01
67.7459 1.399207669764025441e-01
67.7542 1.399017101673110386e-01
67.7625 1.398826588845634433e-01
67.7709 1.398636131256648096e-01
67.7792 1.398445728877497907e-01
67.7875 1.398255381676580256e-01
67.7958 1.398065089630480262e-01
67.8041 1.397874852712084337e-01
67.8124 1.397684670886870095e-01
67.8207 1.397494544128506655e-01
67.829 1.397304472415127341e-01
67.8373 1.397114455707074987e-01
67.8456 1.396924493985487459e-01
67.854 1.396734587224838786e-01
67.8623 1.396544735390719549e-01
67.8706 1.396354938449489436e-01
67.8789 1.396165196383086227e-01
67.8872 1.395975509167535489e-01
67.8955 1.395785876761095334e-01
67.9038 1.395596299141310670e-01
67.9121 1.395406776283516226e-01
67.9204 1.395217308163060610e-01
67.9287 1.395027894742729146e-01
67.9371 1.394838535994950834e-01
67.9454 1.394649231900303710e-01
67.9537 1.394459982431985601e-01
67.962 1.394270787547683965e-01
67.9703 1.394081647230986654e-01
67.9786 1.393892561451446910e-01
67.9869 1.393703530180117056e-01
67.9952 1.393514553394713251e-01
68.0035 1.393325631061890224e-01
68.0118 1.393136763152753588e-01
68.0202 1.392947949648021266e-01
68.0285 1.392759190511450307e-01
68.0368 1.392570485717151973e-01
68.0451 1.392381835242937904e-01
68.0534 1.392193239049676068e-01
68.0617 1.392004697118164325e-01
68.07 1.391816209424785733e-01
68.0783 1.391627775934890232e-01
68.0866 1.391439396622686231e-01
68.0949 1.391251071463137645e-01
68.1033 1.391062800422385171e-01
68.1116 1.390874583480580240e-01
68.1199 1.390686420606843943e-01
68.1282 1.390498311769585438e-01
68.1365 1.390310256947527578e-01
68.1448 1.390122256108378418e-01
68.1531 1.389934309233097354e-01
68.1614 1.389746416288690500e-01
68.1697 1.389558577243656667e-01
68.178 1.389370792073860439e-01
68.1863 1.389183060760318944e-01
68.1947 1.388995383262037198e-01
68.203 1.388807759560065636e-01
68.2113 1.388620189625194290e-01
68.2196 1.388432673430429753e-01
68.2279 1.388245210945865116e-01
68.2362 1.388057802148208175e-01
68.2445 1.387870447011983754e-01
68.2528 1.387683145505134719e-01
68.2611 1.387495897597090799e-01
68.2694 1.387308703269755361e-01
68.2778 1.387121562490394033e-01
68.2861 1.386934475235810649e-01
68.2944 1.386747441476967602e-01
68.3027 1.386560461181918502e-01
68.311 1.386373534337761726e-01
68.3193 1.386186660900875778e-01
68.3276 1.385999840849612419e-01
68.3359 1.385813074158678548e-01
68.3442 1.385626360803527135e-01
68.3525 1.385439700753048620e-01
68.3609 1.385253093982000139e-01
68.3692 1.385066540466612373e-01
68.3775 1.384880040176559857e-01
68.3858 1.384693593083726471e-01
68.3941 1.384507199161473801e-01
68.4024 1.384320858379529950e-01
68.4107 1.384134570720048085e-01
68.419 1.383948336157163617e-01
68.4273 1.383762154656279497e-01
68.4356 1.383576026187194608e-01
68.444 1.383389950729205786e-01
68.4523 1.383203928260888504e-01
68.4606 1.383017958747720100e-01
68.4689 1.382832042165395292e-01
68.4772 1.382646178485257560e-01
68.4855 1.382460367682305791e-01
68.4938 1.382274609739559679e-01
68.5021 1.382088904608761715e-01
68.5104 1.381903252275879235e-01
68.5187 1.381717652718882083e-01
68.5271 1.381532105905576568e-01
68.5354 1.381346611809603775e-01
68.5437 1.381161170400989624e-01
68.552 1.380975781659221635e-01
68.5603 1.380790445558716661e-01
68.5686 1.380605162071725511e-01
68.5769 1.380419931161082914e-01
68.5852 1.380234752812871113e-01
68.5935 1.380049626999394485e-01
68.6018 1.379864553683539941e-01
68.6102 1.379679532851432744e-01
68.6185 1.379494564477599383e-01
68.6268 1.379309648526434173e-01
68.6351 1.379124784973950468e-01
68.6434 1.378939973796178831e-01
68.6517 1.378755214964088871e-01
68.66 1.378570508455191634e-01
68.6683 1.378385854241213904e-01
68.6766 1.378201252299695589e-01
68.6849 1.378016702592989029e-01
68.6932 1.377832205104457253e-01
68.7016 1.377647759809511874e-01
68.7099 1.377463366672009859e-01
68.7182 1.377279025675354207e-01
68.7265 1.377094736794281515e-01
68.7348 1.376910499996316373e-01
68.7431 1.376726315249729160e-01
68.7514 1.376542182543756820e-01
68.7597 1.376358101843809245e-01
68.768 1.376174073123260788e-01
68.7763 1.375990096357669057e-01
68.7847 1.375806171518996757e-01
68.793 1.375622298584996961e-01
68.8013 1.375438477528385384e-01
68.8096 1.375254708320455543e-01
68.8179 1.375070990933957016e-01
68.8262 1.374887325351751011e-01
68.8345 1.374703711540850304e-01
68.8428 1.374520149476939623e-01
68.8511 1.374336639132112126e-01
68.8594 1.374153180481363090e-01
68.8678 1.373969773503299074e-01
68.8761 1.373786418166464685e-01
68.8844 1.373603114445181572e-01
68.8927 1.373419862317382945e-01
68.901 1.373236661755260768e-01
68.9093 1.373053512733184711e-01
68.9176 1.372870415223380325e-01
68.9259 1.372687369207434560e-01
68.9342 1.372504374652573911e-01
68.9425 1.372321431525329594e-01
68.9509 1.372138539822415904e-01
68.9592 1.371955699496748560e-01
68.9675 1.371772910532141065e-01
68.9758 1.371590172907393435e-01
68.9841 1.371407486584814706e-01
68.9924 1.371224851546107570e-01
69.0007 1.371042267762943301e-01
69.009 1.370859735217767328e-01
69.0173 1.370677253878696267e-01
69.0256 1.370494823716018606e-01
69.034 1.370312444711505873e-01
69.0423 1.370130116831180522e-01
69.0506 1.369947840061138677e-01
69.0589 1.369765614367435824e-01
69.0672 1.369583439724740281e-01
69.0755 1.369401316114889633e-01
69.0838 1.369219243502564631e-01
69.0921 1.369037221868202314e-01
69.1004 1.368855251185100985e-01
69.1087 1.368673331429434148e-01
69.1171 1.368491462574532580e-01
69.1254 1.368309644595170071e-01
69.1337 1.368127877463281294e-01
69.142 1.367946161163671737e-01
69.1503 1.367764495655450219e-01
69.1586 1.367582880920599209e-01
69.1669 1.367401316938252898e-01
69.1752 1.367219803683276946e-01
69.1835 1.367038341120567213e-01
69.1918 1.366856929232157514e-01
69.2001 1.366675567994387885e-01
69.2085 1.366494257376484334e-01
69.2168 1.366312997354818815e-01
69.2251 1.366131787910053463e-01
69.2334 1.365950629014312245e-01
69.2417 1.365769520636888057e-01
69.25 1.365588462758486610e-01
69.2583 1.365407455348434662e-01
69.2666 1.365226498384618514e-01
69.2749 1.365045591847783013e-01
69.2832 1.364864735708724852e-01
69.2916 1.364683929938260987e-01
69.2999 1.364503174518600925e-01
69.3082 1.364322469417749151e-01
69.3165 1.364141814609415582e-01
69.3248 1.363961210077272446e-01
69.3331 1.363780655796476837e-01
69.3414 1.363600151735100408e-01
69.3497 1.363419697865494440e-01
69.358 1.363239294172804983e-01
69.3663 1.363058940632249361e-01
69.3747 1.362878637207710075e-01
69.383 1.362698383881534303e-01
69.3913 1.362518180633241205e-01
69.3996 1.362338027432438980e-01
69.4079 1.362157924247335838e-01
69.4162 1.361977871064586898e-01
69.4245 1.361797867858096922e-01
69.4328 1.361617914604623947e-01
69.4411 1.361438011271024762e-01
69.4494 1.361258157834090154e-01
69.4578 1.361078354277700520e-01
69.4661 1.360898600573009487e-01
69.4744 1.360718896689774304e-01
69.4827 1.360539242606257637e-01
69.491 1.360359638303563212e-01
69.4993 1.360180083751496016e-01
69.5076 1.360000578926945924e-01
69.5159 1.359821123806817800e-01
69.5242 1.359641718363791274e-01
69.5325 1.359462362571977889e-01
69.5409 1.359283056408326362e-01
69.5492 1.359103799852624250e-01
69.5575 1.358924592876201431e-01
69.5658 1.358745435457461848e-01
69.5741 1.358566327569179222e-01
69.5824 1.358387269185553914e-01
69.5907 1.358208260286443703e-01
69.599 1.358029300844668108e-01
69.6073 1.357850390837292420e-01
69.6156 1.357671530238577506e-01
69.624 1.357492719022800332e-01
69.6323 1.357313957172703311e-01
69.6406 1.357135244652734607e-01
69.6489 1.356956581449887955e-01
69.6572 1.356777967532867557e-01
69.6655 1.356599402876026983e-01
69.6738 1.356420887463582192e-01
69.6821 1.356242421262879305e-01
69.6904 1.356064004255348454e-01
69.6987 1.355885636409776829e-01
69.707 1.355707317706216497e-01
69.7154 1.355529048124729241e-01
69.7237 1.355350827636959965e-01
69.732 1.355172656218786020e-01
69.7403 1.354994533848906113e-01
69.7486 1.354816460491995445e-01
69.7569 1.354638436132400703e-01
69.7652 1.354460460755876339e-01
69.7735 1.354282534327144460e-01
69.7818 1.354104656816562668e-01
69.7901 1.353926828215534783e-01
69.7985 1.353749048483229023e-01
69.8068 1.353571317601265367e-01
69.8151 1.353393635559675956e-01
69.8234 1.353216002320485056e-01
69.8317 1.353038417861145704e-01
69.84 1.352860882153526234e-01
69.8483 1.352683395183507664e-01
69.8566 1.352505956927181341e-01
69.8649 1.352328567349462829e-01
69.8732 1.352151226436272002e-01
69.8816 1.351973934158150481e-01
69.8899 1.351796690502438392e-01
69.8982 1.351619495434114582e-01
69.9065 1.351442348926569781e-01
69.9148 1.351265250964383546e-01
69.9231 1.351088201520972976e-01
69.9314 1.350911200568373216e-01
69.9397 1.350734248091203238e-01
69.948 1.350557344067107035e-01
69.9563 1.350380488461188910e-01
69.9647 1.350203681248338117e-01
69.973 1.350026922424382714e-01
69.9813 1.349850211946103107e-01
69.9896 1.349673549798194316e-01
69.9979 1.349496935954207222e-01
70.0062 1.349320370396070168e-01
70.0145 1.349143853098754564e-01
70.0228 1.348967384024716276e-01
70.0311 1.348790963168458035e-01
70.0394 1.348614590502210941e-01
70.0478 1.348438265996831642e-01
70.0561 1.348261989628761204e-01
70.0644 1.348085761378628455e-01
70.0727 1.347909581225681386e-01
70.081 1.347733449142227979e-01
70.0893 1.347557365106155369e-01
70.0976 1.347381329084244295e-01
70.1059 1.347205341072476859e-01
70.1142 1.347029401037659613e-01
70.1225 1.346853508946626032e-01
70.1309 1.346677664788441808e-01
70.1392 1.346501868534134838e-01
70.1475 1.346326120165851070e-01
70.1558 1.346150419657423658e-01
70.1641 1.345974766984086024e-01
70.1724 1.345799162122477965e-01
70.1807 1.345623605054795391e-01
70.189 1.345448095746613060e-01
70.1973 1.345272634175999071e-01
70.2056 1.345097220334889598e-01
70.2139 1.344921854194444932e-01
70.2223 1.344746535718921721e-01
70.2306 1.344571264889211915e-01
70.2389 1.344396041690373578e-01
70.2472 1.344220866103316425e-01
70.2555 1.344045738085446473e-01
70.2638 1.343870657628773169e-01
70.2721 1.343695624708718395e-01
70.2804 1.343520639295185115e-01
70.2887 1.343345701367775202e-01
70.297 1.343170810915770563e-01
70.3054 1.342995967899448528e-01
70.3137 1.342821172298448440e-01
70.322 1.342646424097946045e-01
70.3303 1.342471723263796712e-01
70.3386 1.342297069782581453e-01
70.3469 1.342122463629847051e-01
70.3552 1.341947904778398315e-01
70.3635 1.341773393212088994e-01
70.3718 1.341598928900994414e-01
70.3801 1.341424511819342136e-01
70.3885 1.341250141955161457e-01
70.3968 1.341075819282704362e-01
70.4051 1.340901543773485860e-01
70.4134 1.340727315401792630e-01
70.4217 1.340553134159829241e-01
70.43 1.340379000012265065e-01
70.4383 1.340204912934809811e-01
70.4466 1.340030872914190485e-01
70.4549 1.339856879923387312e-01
70.4632 1.339682933940894993e-01
70.4716 1.339509034934225906e-01
70.4799 1.339335182892904541e-01
70.4882 1.339161377791343033e-01
70.4965 1.338987619602594326e-01
70.5048 1.338813908310719503e-01
70.5131 1.338640243881932257e-01
70.5214 1.338466626303066731e-01
70.5297 1.338293055554096445e-01
70.538 1.338119531605402035e-01
70.5463 1.337946054430125542e-01
70.5547 1.337772624012402434e-01
70.563 1.337599240337744855e-01
70.5713 1.337425903368364977e-01
70.5796 1.337252613089803255e-01
70.5879 1.337079369479384217e-01
70.5962 1.336906172507596191e-01
70.6045 1.336733022161384066e-01
70.6128 1.336559918412633108e-01
70.6211 1.336386861242832014e-01
70.6294 1.336213850625264932e-01
70.6378 1.336040886538709949e-01
70.6461 1.335867968963322105e-01
70.6544 1.335695097872432457e-01
70.6627 1.335522273254427239e-01
70.671 1.335349495067620906e-01
70.6793 1.335176763300430225e-01
70.6876 1.335004077937173295e-01
70.6959 1.334831438944418247e-01
70.7042 1.334658846302412549e-01
70.7125 1.334486299995513159e-01
70.7208 1.334313799994429617e-01
70.7292 1.334141346278083506e-01
70.7375 1.333968938824041384e-01
70.7458 1.333796577612614553e-01
70.7541 1.333624262625486279e-01
70.7624 1.333451993823896176e-01
70.7707 1.333279771199105401e-01
70.779 1.333107594731473555e-01
70.7873 1.332935464393190661e-01
70.7956 1.332763380163280720e-01
70.8039 1.332591342013968450e-01
70.8123 1.332419349931114883e-01
70.8206 1.332247403891055615e-01
70.8289 1.332075503867419519e-01
70.8372 1.331903649840655290e-01
70.8455 1.331731841789864368e-01
70.8538 1.331560079694157350e-01
70.8621 1.331388363527220564e-01
70.8704 1.331216693265473150e-01
70.8787 1.331045068896224703e-01
70.887 1.330873490395917125e-01
70.8954 1.330701957727422613e-01
70.9037 1.330530470882161087e-01
70.912 1.330359029836618856e-01
70.9203 1.330187634568651411e-01
70.9286 1.330016285053415570e-01
70.9369 1.329844981278293647e-01
70.9452 1.329673723211682035e-01
70.9535 1.329502510827423045e-01
70.9618 1.329331344115648739e-01
70.9701 1.329160223052934520e-01
70.9785 1.328989147605029730e-01
70.9868 1.328818117764806739e-01
70.9951 1.328647133496689836e-01
71.0034 1.328476194798987320e-01
71.0117 1.328305301634797875e-01
71.02 1.328134453975367002e-01
71.0283 1.327963651813617030e-01
71.0366 1.327792895127583861e-01
71.0449 1.327622183888552687e-01
71.0532 1.327451518067828407e-01
71.0616 1.327280897663778159e-01
71.0699 1.327110322646374574e-01
71.0782 1.326939792981557675e-01
71.0865 1.326769308660961100e-01
71.0948 1.326598869660012836e-01
71.1031 1.326428475955503394e-01
71.1114 1.326258127532342068e-01
71.1197 1.326087824355191847e-01
71.128 1.325917566414388793e-01
71.1363 1.325747353688123131e-01
71.1447 1.325577186145157627e-01
71.153 1.325407063774504124e-01
71.1613 1.325236986542258633e-01
71.1696 1.325066954440151379e-01
71.1779 1.324896967449133156e-01
71.1862 1.324727025529953139e-01
71.1945 1.324557128674372919e-01
71.2028 1.324387276856645035e-01
71.2111 1.324217470057774682e-01
71.2194 1.324047708250696009e-01
71.2277 1.323877991423169642e-01
71.2361 1.323708319553537072e-01
71.2444 1.323538692598633104e-01
71.2527 1.323369110566429419e-01
71.261 1.323199573424546915e-01
71.2693 1.323030081146003845e-01
71.2776 1.322860633714592615e-01
71.2859 1.322691231110076915e-01
71.2942 1.322521873306862494e-01
71.3025 1.322352560286086109e-01
71.3108 1.322183292027550860e-01
71.3192 1.322014068508387263e-01
71.3275 1.321844889705740822e-01
71.3358 1.321675755600793811e-01
71.3441 1.321506666173401512e-01
71.3524 1.321337621407448759e-01
71.3607 1.321168621269402377e-01
71.369 1.320999665736473927e-01
71.3773 1.320830754803313245e-01
71.3856 1.320661888439108589e-01
71.3939 1.320493066623788792e-01
71.4023 1.320324289333272560e-01
71.4106 1.320155556554209464e-01
71.4189 1.319986868258526402e-01
71.4272 1.319818224428876974e-01
71.4355 1.319649625039894247e-01
71.4438 1.319481070074256801e-01
71.4521 1.319312559509299154e-01
71.4604 1.319144093325046452e-01
71.4687 1.318975671502870539e-01
71.477 1.318807294020144238e-01
71.4854 1.318638960850245512e-01
71.4937 1.318470671975922603e-01
71.502 1.318302427382600783e-01
71.5103 1.318134227038356976e-01
71.5186 1.317966070929975364e-01
71.5269 1.317797959038912170e-01
71.5352 1.317629891334619607e-01
71.5435 1.317461867798579711e-01
71.5518 1.317293888413618719e-01
71.5601 1.317125953162571472e-01
71.5685 1.316958062014948472e-01
71.5768 1.316790214953612870e-01
71.5851 1.316622411968095818e-01
71.5934 1.316454653018625243e-01
71.6017 1.316286938098754633e-01
71.61 1.316119267179400032e-01
71.6183 1.315951640247472187e-01
71.6266 1.315784057276577768e-01
71.6349 1.315616518248324818e-01
71.6432 1.315449023141671281e-01
71.6516 1.315281571928934579e-01
71.6599 1.315114164603728986e-01
71.6682 1.314946801134408982e-01
71.6765 1.314779481507956094e-01
71.6848 1.314612205692756719e-01
71.6931 1.314444973675817085e-01
71.7014 1.314277785438834056e-01
71.7097 1.314110640958206233e-01
71.718 1.313943540209016880e-01
71.7263 1.313776483173002552e-01
71.7346 1.313609469837217214e-01
71.743 1.313442500172800065e-01
71.7513 1.313275574157543035e-01
71.7596 1.313108691781183224e-01
71.7679 1.312941853009598758e-01
71.7762 1.312775057835201542e-01
71.7845 1.312608306231850819e-01
71.7928 1.312441598177396529e-01
71.8011 1.312274933656326636e-01
71.8094 1.312108312635921203e-01
71.8177 1.311941735103340778e-01
71.8261 1.311775201049723283e-01
71.8344 1.311608710442387637e-01
71.8427 1.311442263259259833e-01
71.851 1.311275859486216167e-01
71.8593 1.311109499101205111e-01
71.8676 1.310943182079542246e-01
71.8759 1.310776908401848906e-01
71.8842 1.310610678054041078e-01
71.8925 1.310444491016756752e-01
71.9008 1.310278347254795472e-01
71.9092 1.310112246762033528e-01
71.9175 1.309946189517822990e-01
71.9258 1.309780175494930365e-01
71.9341 1.309614204681973371e-01
71.9424 1.309448277043827602e-01
71.9507 1.309282392571772813e-01
71.959 1.309116551247859750e-01
71.9673 1.308950753043602866e-01
71.9756 1.308784997945032225e-01
71.9839 1.308619285926326259e-01
71.9923 1.308453616974854516e-01
72.0006 1.308287991059549626e-01
72.0089 1.308122408173071349e-01
72.0172 1.307956868290963137e-01
72.0255 1.307791371386153034e-01
72.0338 1.307625917444743546e-01
72.0421 1.307460506447583604e-01
72.0504 1.307295138367640386e-01
72.0587 1.307129813189732426e-01
72.067 1.306964530902632315e-01
72.0754 1.306799291472769131e-01
72.0837 1.306634094882366814e-01
72.092 1.306468941118912597e-01
72.1003 1.306303830155451096e-01
72.1086 1.306138761972923112e-01
72.1169 1.305973736554907338e-01
72.1252 1.305808753873176076e-01
72.1335 1.305643813916581852e-01
72.1418 1.305478916666107936e-01
72.1501 1.305314062092254590e-01
72.1585 1.305149250186525556e-01
72.1668 1.304984480922068701e-01
72.1751 1.304819754281228428e-01
72.1834 1.304655070238492087e-01
72.1917 1.304490428774917610e-01
72.2 1.304325829889909361e-01
72.2083 1.304161273542271127e-01
72.2166 1.303996759711784914e-01
72.2249 1.303832288386097826e-01
72.2332 1.303667859548936492e-01
72.2415 1.303503473178801997e-01
72.2499 1.303339129248977102e-01
72.2582 1.303174827743222575e-01
72.2665 1.303010568638771627e-01
72.2748 1.302846351932478997e-01
72.2831 1.302682177579375655e-01
72.2914 1.302518045572416960e-01
72.2997 1.302353955900639737e-01
72.308 1.302189908533495921e-01
72.3163 1.302025903446984711e-01
72.3246 1.301861940634092829e-01
72.333 1.301698020066923700e-01
72.3413 1.301534141724124960e-01
72.3496 1.301370305592183529e-01
72.3579 1.301206511658895282e-01
72.3662 1.301042759883377642e-01
72.3745 1.300879050254758751e-01
72.3828 1.300715382766081119e-01
72.3911 1.300551757384327545e-01
72.3994 1.300388174093438654e-01
72.4077 1.300224632877363395e-01
72.4161 1.300061133705736338e-01
72.4244 1.299897676574248706e-01
72.4327 1.299734261460367413e-01
72.441 1.299570888327261642e-01
72.4493 1.299407557177153782e-01
72.4576 1.299244267978442446e-01
72.4659 1.299081020715151524e-01
72.4742 1.298917815373913376e-01
72.4825 1.298754651924470538e-01
72.4908 1.298591530352178336e-01
72.4992 1.298428450647594878e-01
72.5075 1.298265412766215765e-01
72.5158 1.298102416707716256e-01
72.5241 1.297939462460083182e-01
72.5324 1.297776549982753991e-01
72.5407 1.297613679268934117e-01
72.549 1.297450850296260338e-01
72.5573 1.297288063050167639e-01
72.5656 1.297125317505721243e-01
72.5739 1.296962613648375839e-01
72.5823 1.296799951453222466e-01
72.5906 1.296637330899257923e-01
72.5989 1.296474751982331086e-01
72.6072 1.296312214672386554e-01
72.6155 1.296149718938091333e-01
72.6238 1.295987264776619907e-01
72.6321 1.295824852176079567e-01
72.6404 1.295662481101291785e-01
72.6487 1.295500151527451682e-01
72.657 1.295337863456934302e-01
72.6654 1.295175616864948642e-01
72.6737 1.295013411716378349e-01
72.682 1.294851248005860211e-01
72.6903 1.294689125713815447e-01
72.6986 1.294527044814216266e-01
72.7069 1.294365005293970083e-01
72.7152 1.294203007141278838e-01
72.7235 1.294041050322402853e-01
72.7318 1.293879134822987498e-01
72.7401 1.293717260623522547e-01
72.7485 1.293555427708379946e-01
72.7568 1.293393636060650442e-01
72.7651 1.293231885655694302e-01
72.7734 1.293070176480494160e-01
72.7817 1.292908508511722565e-01
72.79 1.292746881723493280e-01
72.7983 1.292585296114413806e-01
72.8066 1.292423751652174713e-01
72.8149 1.292262248317365136e-01
72.8232 1.292100786097024612e-01
72.8315 1.291939364975623339e-01
72.8399 1.291777984926057721e-01
72.8482 1.291616645927672891e-01
72.8565 1.291455347972693124e-01
72.8648 1.291294091039195124e-01
72.8731 1.291132875100126642e-01
72.8814 1.290971700137450995e-01
72.8897 1.290810566143425209e-01
72.898 1.290649473094885591e-01
72.9063 1.290488420964831795e-01
72.9146 1.290327409744259357e-01
72.923 1.290166439412613053e-01
72.9313 1.290005509946778872e-01
72.9396 1.289844621330077934e-01
72.9479 1.289683773545836631e-01
72.9562 1.289522966573546370e-01
72.9645 1.289362200395270663e-01
72.9728 1.289201474987958229e-01
72.9811 1.289040790337543096e-01
72.9894 1.288880146429969287e-01
72.9977 1.288719543240932075e-01
73.0061 1.288558980749989480e-01
73.0144 1.288398458943113278e-01
73.0227 1.288237977798599998e-01
73.031 1.288077537299879283e-01
73.0393 1.287917137431671966e-01
73.0476 1.287756778163346993e-01
73.0559 1.287596459482209243e-01
73.0642 1.287436181379404132e-01
73.0725 1.287275943825619273e-01
73.0808 1.287115746804346761e-01
73.0892 1.286955590297810537e-01
73.0975 1.286795474289519903e-01
73.1058 1.286635398768106175e-01
73.1141 1.286475363690270102e-01
73.1224 1.286315369065103575e-01
73.1307 1.286155414863382751e-01
73.139 1.285995501062285606e-01
73.1473 1.285835627639004553e-01
73.1556 1.285675794593713339e-01
73.1639 1.285516001898514560e-01
73.1723 1.285356249530632267e-01
73.1806 1.285196537478779655e-01
73.1889 1.285036865720202703e-01
73.1972 1.284877234239805432e-01
73.2055 1.284717643012310284e-01
73.2138 1.284558092027738574e-01
73.2221 1.284398581259561800e-01
73.2304 1.284239110695271635e-01
73.2387 1.284079680319822891e-01
73.247 1.283920290110537876e-01
73.2554 1.283760940042210918e-01
73.2637 1.283601630110006442e-01
73.272 1.283442360293824414e-01
73.2803 1.283283130563405705e-01
73.2886 1.283123940907579252e-01
73.2969 1.282964791315180375e-01
73.3052 1.282805681757256122e-01
73.3135 1.282646612222662630e-01
73.3218 1.282487582687555638e-01
73.3301 1.282328593135726724e-01
73.3384 1.282169643553514038e-01
73.3468 1.282010733917110790e-01
73.3551 1.281851864217949111e-01
73.3634 1.281693034424629951e-01
73.3717 1.281534244522263555e-01
73.38 1.281375494503577961e-01
73.3883 1.281216784334674175e-01
73.3966 1.281058114014638205e-01
73.4049 1.280899483510866133e-01
73.4132 1.280740892808516218e-01
73.4215 1.280582341899086096e-01
73.4299 1.280423830755082204e-01
73.4382 1.280265359354090526e-01
73.4465 1.280106927686372187e-01
73.4548 1.279948535740923488e-01
73.4631 1.279790183491562872e-01
73.4714 1.279631870909595515e-01
73.4797 1.279473597989113087e-01
73.488 1.279315364714086467e-01
73.4963 1.279157171069764398e-01
73.5046 1.278999017026233864e-01
73.513 1.278840902568766646e-01
73.5213 1.278682827683903511e-01
73.5296 1.278524792354404638e-01
73.5379 1.278366796555460705e-01
73.5462 1.278208840276168767e-01
73.5545 1.278050923498053049e-01
73.5628 1.277893046197605131e-01
73.5711 1.277735208360158969e-01
73.5794 1.277577409977364298e-01
73.5877 1.277419651013129709e-01
73.5961 1.277261931456606103e-01
73.6044 1.277104251298205040e-01
73.6127 1.276946610519523739e-01
73.621 1.276789009094607685e-01
73.6293 1.276631447007599562e-01
73.6376 1.276473924238868407e-01
73.6459 1.276316440776353867e-01
73.6542 1.276158996606736595e-01
73.6625 1.276001591704122862e-01
73.6708 1.275844226046409791e-01
73.6792 1.275686899619054293e-01
73.6875 1.275529612420096270e-01
73.6958 1.275372364409855797e-01
73.7041 1.275215155580103898e-01
73.7124 1.275057985917588399e-01
73.7207 1.274900855401523148e-01
73.729 1.274743764013649139e-01
73.7373 1.274586711730691657e-01
73.7456 1.274429698540694433e-01
73.7539 1.274272724427936432e-01
73.7623 1.274115789374198893e-01
73.7706 1.273958893354995570e-01
73.7789 1.273802036362168266e-01
73.7872 1.273645218381284916e-01
73.7955 1.273488439375356773e-01
73.8038 1.273331699347529933e-01
73.8121 1.273174998269615832e-01
73.8204 1.273018336125971706e-01
73.8287 1.272861712908480991e-01
73.837 1.272705128581472778e-01
73.8453 1.272548583138104761e-01
73.8537 1.272392076562768870e-01
73.862 1.272235608839868692e-01
73.8703 1.272079179943801097e-01
73.8786 1.271922789858992986e-01
73.8869 1.271766438569875146e-01
73.8952 1.271610126059639079e-01
73.9035 1.271453852313983446e-01
73.9118 1.271297617312367456e-01
73.9201 1.271141421041756814e-01
73.9284 1.270985263470387205e-01
73.9368 1.270829144593992044e-01
73.9451 1.270673064402062236e-01
73.9534 1.270517022852876987e-01
73.9617 1.270361019947190140e-01
73.97 1.270205055669521577e-01
73.9783 1.270049129994421655e-01
73.9866 1.269893242915165477e-01
73.9949 1.269737394401336539e-01
74.0032 1.269581584442485145e-01
74.0115 1.269425813015703786e-01
74.0199 1.269270080114297539e-01
74.0282 1.269114385722852623e-01
74.0365 1.268958729804784136e-01
74.0448 1.268803112359653540e-01
74.0531 1.268647533362111668e-01
74.0614 1.268491992799277435e-01
74.0697 1.268336490658272808e-01
74.078 1.268181026915029819e-01
74.0863 1.268025601556689030e-01
74.0946 1.267870214559206898e-01
74.103 1.267714865907256239e-01
74.1113 1.267559555591736831e-01
74.1196 1.267404283602304449e-01
74.1279 1.267249049892587298e-01
74.1362 1.267093854467180036e-01
74.1445 1.266938697310798223e-01
74.1528 1.266783578396986909e-01
74.1611 1.266628497716692503e-01
74.1694 1.266473455239760793e-01
74.1777 1.266318450967083009e-01
74.1861 1.266163484874732181e-01
74.1944 1.266008556937553986e-01
74.2027 1.265853667140333372e-01
74.211 1.265698815482741713e-01
74.2193 1.265544001934693630e-01
74.2276 1.265389226472322937e-01
74.2359 1.265234489091602577e-01
74.2442 1.265079789771161312e-01
74.2525 1.264925128489641781e-01
74.2608 1.264770505238080600e-01
74.2692 1.264615920001327942e-01
74.2775 1.264461372754341340e-01
74.2858 1.264306863477042686e-01
74.2941 1.264152392162976590e-01
74.3024 1.263997958790843423e-01
74.3107 1.263843563345541932e-01
74.319 1.263689205809503946e-01
74.3273 1.263534886158992898e-01
74.3356 1.263380604391294570e-01
74.3439 1.263226360477747445e-01
74.3522 1.263072154405766312e-01
74.3606 1.262917986170180862e-01
74.3689 1.262763855731252327e-01
74.3772 1.262609763078893499e-01
74.3855 1.262455708207958771e-01
74.3938 1.262301691096026912e-01
74.4021 1.262147711726859245e-01
74.4104 1.261993770080526989e-01
74.4187 1.261839866140811173e-01
74.427 1.261685999891502541e-01
74.4353 1.261532171322562179e-01
74.4437 1.261378380414097111e-01
74.452 1.261224627137605137e-01
74.4603 1.261070911486770474e-01
74.4686 1.260917233452814867e-01
74.4769 1.260763593006037353e-01
74.4852 1.260609990136445924e-01
74.4935 1.260456424820520227e-01
74.5018 1.260302897050745163e-01
74.5101 1.260149406806078953e-01
74.5184 1.259995954070411428e-01
74.5268 1.259842538831329739e-01
74.5351 1.259689161060447149e-01
74.5434 1.259535820753973634e-01
74.5517 1.259382517889690023e-01
74.56 1.259229252451529169e-01
74.5683 1.259076024427121243e-01
74.5766 1.258922833793048868e-01
74.5849 1.258769680529593926e-01
74.5932 1.258616564641593105e-01
74.6015 1.258463486094613393e-01
74.6099 1.258310444866512223e-01
74.6182 1.258157440953556472e-01
74.6265 1.258004474338524081e-01
74.6348 1.257851545002977578e-01
74.6431 1.257698652927264071e-01
74.6514 1.257545798101545320e-01
74.6597 1.257392980506185642e-01
74.668 1.257240200119112417e-01
74.6763 1.257087456926837821e-01
74.6846 1.256934750926899380e-01
74.693 1.256782082083783558e-01
74.7013 1.256629450384030844e-01
74.7096 1.256476855828866368e-01
74.7179 1.256324298382817672e-01
74.7262 1.256171778036115627e-01
74.7345 1.256019294771661132e-01
74.7428 1.255866848574808681e-01
74.7511 1.255714439426030837e-01
74.7594 1.255562067318030939e-01
74.7677 1.255409732226411834e-01
74.7761 1.255257434130457872e-01
74.7844 1.255105173030219845e-01
74.7927 1.254952948896448373e-01
74.801 1.254800761714559842e-01
74.8093 1.254648611467536756e-01
74.8176 1.254496498145690475e-01
74.8259 1.254344421729579606e-01
74.8342 1.254192382197335254e-01
74.8425 1.254040379544169581e-01
74.8508 1.253888413745792851e-01
74.8591 1.253736484787679462e-01
74.8675 1.253584592655311303e-01
74.8758 1.253432737330524571e-01
74.8841 1.253280918793946708e-01
74.8924 1.253129137039610541e-01
74.9007 1.252977392043289617e-01
74.909 1.252825683790510514e-01
74.9173 1.252674012272888548e-01
74.9256 1.252522377463796410e-01
74.9339 1.252370779345138851e-01
74.9422 1.252219217912203253e-01
74.9506 1.252067693145690885e-01
74.9589 1.251916205022667039e-01
74.9672 1.251764753533578245e-01
74.9755 1.251613338664015751e-01
74.9838 1.251461960392289685e-01
74.9921 1.251310618701582389e-01
75.0004 1.251159313582368426e-01
75.0087 1.251008045022698190e-01
75.017 1.250856812992426070e-01
75.0253 1.250705617483265364e-01
75.0337 1.250554458482077691e-01
75.042 1.250403335967245899e-01
75.0503 1.250252249926861181e-01
75.0586 1.250101200346599717e-01
75.0669 1.249950187207295310e-01
75.0752 1.249799210493429125e-01
75.0835 1.249648270184645082e-01
75.0918 1.249497366270288651e-01
75.1001 1.249346498739707240e-01
75.1084 1.249195667577413515e-01
75.1168 1.249044872754613011e-01
75.1251 1.248894114254635312e-01
75.1334 1.248743392086215653e-01
75.1417 1.248592706212126313e-01
75.15 1.248442056616926171e-01
75.1583 1.248291443288812308e-01
75.1666 1.248140866218401257e-01
75.1749 1.247990325389065763e-01
75.1832 1.247839820773313096e-01
75.1915 1.247689352362995469e-01
75.1999 1.247538920143927144e-01
75.2082 1.247388524101933072e-01
75.2165 1.247238164215600381e-01
75.2248 1.247087840468359687e-01
75.2331 1.246937552854505554e-01
75.2414 1.246787301351448135e-01
75.2497 1.246637085936612432e-01
75.258 1.246486906607932460e-01
75.2663 1.246336763346463511e-01
75.2746 1.246186656130865433e-01
75.283 1.246036584948239934e-01
75.2913 1.245886549780882702e-01
75.2996 1.245736550623137151e-01
75.3079 1.245586587451290583e-01
75.3162 1.245436660245253513e-01
75.3245 1.245286768996986676e-01
75.3328 1.245136913687622388e-01
75.3411 1.244987094301913400e-01
75.3494 1.244837310827025256e-01
75.3577 1.244687563251333368e-01
75.366 1.244537851551195951e-01
75.3744 1.244388175713803668e-01
75.3827 1.244238535721547273e-01
75.391 1.244088931559230726e-01
75.3993 1.243939363217669292e-01
75.4076 1.243789830675676999e-01
75.4159 1.243640333919280722e-01
75.4242 1.243490872932116603e-01
75.4325 1.243341447701427488e-01
75.4408 1.243192058210865758e-01
75.4491 1.243042704445290886e-01
75.4575 1.242893386385972992e-01
75.4658 1.242744104014193440e-01
75.4741 1.242594857329226560e-01
75.4824 1.242445646302774848e-01
75.4907 1.242296470929330349e-01
75.499 1.242147331181819025e-01
75.5073 1.241998227046361147e-01
75.5156 1.241849158519859053e-01
75.5239 1.241700125577666208e-01
75.5322 1.241551128208317062e-01
75.5406 1.241402166391975398e-01
75.5489 1.241253240118386780e-01
75.5572 1.241104349368929993e-01
75.5655 1.240955494126188552e-01
75.5738 1.240806674379931196e-01
75.5821 1.240657890116344392e-01
75.5904 1.240509141312060720e-01
75.5987 1.240360427959260464e-01
75.607 1.240211750041764621e-01
75.6153 1.240063107531459430e-01
75.6237 1.239914500436072736e-01
75.632 1.239765928734667400e-01
75.6403 1.239617392395581941e-01
75.6486 1.239468891412233292e-01
75.6569 1.239320425776846424e-01
75.6652 1.239171995472105048e-01
75.6735 1.239023600475936127e-01
75.6818 1.238875240773431446e-01
75.6901 1.238726916359227243e-01
75.6984 1.238578627213658551e-01
75.7068 1.238430373312309207e-01
75.7151 1.238282154649834044e-01
75.7234 1.238133971218509238e-01
75.7317 1.237985822989179086e-01
75.74 1.237837709943424014e-01
75.7483 1.237689632086634295e-01
75.7566 1.237541589388498064e-01
75.7649 1.237393581832998274e-01
75.7732 1.237245609411263964e-01
75.7815 1.237097672106101942e-01
75.7899 1.236949769906274116e-01
75.7982 1.236801902793415869e-01
75.8065 1.236654070749174106e-01
75.8148 1.236506273756393798e-01
75.8231 1.236358511818121536e-01
75.8314 1.236210784898209847e-01
75.8397 1.236063092994967721e-01
75.848 1.235915436086521130e-01
75.8563 1.235767814164064338e-01
75.8646 1.235620227204557581e-01
75.8729 1.235472675198023701e-01
75.8813 1.235325158129744610e-01
75.8896 1.235177675989754809e-01
75.8979 1.235030228756236609e-01
75.9062 1.234882816407388423e-01
75.9145 1.234735438945117753e-01
75.9228 1.234588096341711766e-01
75.9311 1.234440788589610816e-01
75.9394 1.234293515671782832e-01
75.9477 1.234146277572392009e-01
75.956 1.233999074275608648e-01
75.9644 1.233851905769163121e-01
75.9727 1.233704772040791209e-01
75.981 1.233557673068773342e-01
75.9893 1.233410608846774309e-01
75.9976 1.233263579344816702e-01
76.0059 1.233116584561310819e-01
76.0142 1.232969624488756133e-01
76.0225 1.232822699096021435e-01
76.0308 1.232675808374444626e-01
76.0391 1.232528952311819637e-01
76.0475 1.232382130887683669e-01
76.0558 1.232235344092210139e-01
76.0641 1.232088591913215875e-01
76.0724 1.231941874327903419e-01
76.0807 1.231795191330005979e-01
76.089 1.231648542896745663e-01
76.0973 1.231501929020689112e-01
76.1056 1.231355349684971623e-01
76.1139 1.231208804873918927e-01
76.1222 1.231062294567150384e-01
76.1306 1.230915818764327374e-01
76.1389 1.230769377441548740e-01
76.1472 1.230622970581995157e-01
76.1555 1.230476598175921088e-01
76.1638 1.230330260202990994e-01
76.1721 1.230183956661710376e-01
76.1804 1.230037687523522077e-01
76.1887 1.229891452777530925e-01
76.197 1.229745252415201801e-01
76.2053 1.229599086415063963e-01
76.2137 1.229452954766245276e-01
76.222 1.229306857451997886e-01
76.2303 1.229160794462636486e-01
76.2386 1.229014765780252899e-01
76.2469 1.228868771385778907e-01
76.2552 1.228722811268374154e-01
76.2635 1.228576885417206055e-01
76.2718 1.228430993820269906e-01
76.2801 1.228285136453834553e-01
76.2884 1.228139313305914582e-01
76.2968 1.227993524359840133e-01
76.3051 1.227847769608330225e-01
76.3134 1.227702049037074500e-01
76.3217 1.227556362630593534e-01
76.33 1.227410710368732616e-01
76.3383 1.227265092238376681e-01
76.3466 1.227119508228762951e-01
76.3549 1.226973958325617009e-01
76.3632 1.226828442513503425e-01
76.3715 1.226682960774651554e-01
76.3798 1.226537513098326787e-01
76.3882 1.226392099473795905e-01
76.3965 1.226246719887993664e-01
76.4048 1.226101374307974334e-01
76.4131 1.225956062738238483e-01
76.4214 1.225810785161063204e-01
76.4297 1.225665541558736971e-01
76.438 1.225520331920570000e-01
76.4463 1.225375156230036899e-01
76.4546 1.225230014467113687e-01
76.4629 1.225084906630479059e-01
76.4713 1.224939832701290449e-01
76.4796 1.224794792656050541e-01
76.4879 1.224649786492282288e-01
76.4962 1.224504814191173102e-01
76.5045 1.224359875729253422e-01
76.5128 1.224214971114562095e-01
76.5211 1.224070100311978465e-01
76.5294 1.223925263314390721e-01
76.5377 1.223780460113520763e-01
76.546 1.223635690688276434e-01
76.5544 1.223490955029226113e-01
76.5627 1.223346253115297211e-01
76.571 1.223201584935909164e-01
76.5793 1.223056950479323723e-01
76.5876 1.222912349731477277e-01
76.5959 1.222767782672497805e-01
76.6042 1.222623249297648679e-01
76.6125 1.222478749590562713e-01
76.6208 1.222334283522085729e-01
76.6291 1.222189851092156665e-01
76.6375 1.222045452298382295e-01
76.6458 1.221901087100013134e-01
76.6541 1.221756755499324304e-01
76.6624 1.221612457479996638e-01
76.6707 1.221468193024557308e-01
76.679 1.221323962129481633e-01
76.6873 1.221179764765698283e-01
76.6956 1.221035600927374148e-01
76.7039 1.220891470602871315e-01
76.7122 1.220747373768956423e-01
76.7206 1.220603310425611571e-01
76.7289 1.220459280541499464e-01
76.7372 1.220315284120092464e-01
76.7455 1.220171321138191073e-01
76.7538 1.220027391577246101e-01
76.7621 1.219883495431468290e-01
76.7704 1.219739632685799824e-01
76.7787 1.219595803329823619e-01
76.787 1.219452007340388888e-01
76.7953 1.219308244709412098e-01
76.8037 1.219164515421865547e-01
76.812 1.219020819465045924e-01
76.8203 1.218877156825097785e-01
76.8286 1.218733527481233314e-01
76.8369 1.218589931428869094e-01
76.8452 1.218446368653014339e-01
76.8535 1.218302839138686033e-01
76.8618 1.218159342862820821e-01
76.8701 1.218015879825478792e-01
76.8784 1.217872450004767459e-01
76.8867 1.217729053393822175e-01
76.8951 1.217585689974231278e-01
76.9034 1.217442359725288692e-01
76.9117 1.217299062644766061e-01
76.92 1.217155798715431753e-01
76.9283 1.217012567923526356e-01
76.9366 1.216869370256450228e-01
76.9449 1.216726205690076557e-01
76.9532 1.216583074217591903e-01
76.9615 1.216439975834488763e-01
76.9698 1.216296910521276337e-01
76.9782 1.216153878253865422e-01
76.9865 1.216010879035834408e-01
76.9948 1.215867912839653370e-01
77.0031 1.215724979652782617e-01
77.0114 1.215582079470747395e-01
77.0197 1.215439212279864761e-01
77.028 1.215296378052647813e-01
77.0363 1.215153576784641226e-01
77.0446 1.215010808462185926e-01
77.0529 1.214868073075079380e-01
77.0613 1.214725370602776494e-01
77.0696 1.214582701033941059e-01
77.0779 1.214440064356091808e-01
77.0862 1.214297460552159480e-01
77.0945 1.214154889616571448e-01
77.1028 1.214012351534567158e-01
77.1111 1.213869846283355813e-01
77.1194 1.213727373851642699e-01
77.1277 1.213584934235026058e-01
77.136 1.213442527414183014e-01
77.1444 1.213300153369804291e-01
77.1527 1.213157812096356120e-01
77.161 1.213015503580278792e-01
77.1693 1.212873227806872817e-01
77.1776 1.212730984761445779e-01
77.1859 1.212588774423583177e-01
77.1942 1.212446596791218328e-01
77.2025 1.212304451851969889e-01
77.2108 1.212162339579718751e-01
77.2191 1.212020259975847419e-01
77.2275 1.211878213016544387e-01
77.2358 1.211736198683737165e-01
77.2441 1.211594216977674859e-01
77.2524 1.211452267880296224e-01
77.2607 1.211310351373550004e-01
77.269 1.211168467450832315e-01
77.2773 1.211026616094107999e-01
77.2856 1.210884797293353271e-01
77.2939 1.210743011027119870e-01
77.3022 1.210601257284257964e-01
77.3106 1.210459536063904079e-01
77.3189 1.210317847343489184e-01
77.3272 1.210176191103886079e-01
77.3355 1.210034567340820683e-01
77.3438 1.209892976038604018e-01
77.3521 1.209751417182696465e-01
77.3604 1.209609890760849488e-01
77.3687 1.209468396757397840e-01
77.377 1.209326935162387262e-01
77.3853 1.209185505962447615e-01
77.3936 1.209044109139655460e-01
77.402 1.208902744688635095e-01
77.4103 1.208761412590337592e-01
77.4186 1.208620112834839916e-01
77.4269 1.208478845398554824e-01
77.4352 1.208337610280685176e-01
77.4435 1.208196407465630534e-01
77.4518 1.208055236943490762e-01
77.4601 1.207914098688436522e-01
77.4684 1.207772992687173030e-01
77.4767 1.207631918945748506e-01
77.4851 1.207490877437222693e-01
77.4934 1.207349868151727512e-01
77.5017 1.207208891074852269e-01
77.51 1.207067946189922247e-01
77.5183 1.206927033490498152e-01
77.5266 1.206786152959917618e-01
77.5349 1.206645304583799788e-01
77.5432 1.206504488347770881e-01
77.5515 1.206363704249954899e-01
77.5598 1.206222952263500681e-01
77.5682 1.206082232385406738e-01
77.5765 1.205941544587709607e-01
77.5848 1.205800888875360743e-01
77.5931 1.205660265231755374e-01
77.6014 1.205519673633495131e-01
77.6097 1.205379114071934155e-01
77.618 1.205238586533896455e-01
77.6263 1.205098091013011852e-01
77.6346 1.204957627493847550e-01
77.6429 1.204817195955317360e-01
77.6513 1.204676796389934773e-01
77.6596 1.204536428789087787e-01
77.6679 1.204396093127183681e-01
77.6762 1.204255789404680144e-01
77.6845 1.204115517612975028e-01
77.6928 1.203975277720848169e-01
77.7011 1.203835069718586920e-01
77.7094 1.203694893602139659e-01
77.7177 1.203554749359536796e-01
77.726 1.203414636966385759e-01
77.7344 1.203274556418646307e-01
77.7427 1.203134507706632855e-01
77.751 1.202994490809364131e-01
77.7593 1.202854505710394262e-01
77.7676 1.202714552415862642e-01
77.7759 1.202574630893525343e-01
77.7842 1.202434741126956613e-01
77.7925 1.202294883124567504e-01
77.8008 1.202155056865422816e-01
77.8091 1.202015262329734352e-01
77.8175 1.201875499505614675e-01
77.8258 1.201735768385695513e-01
77.8341 1.201596068951335250e-01
77.8424 1.201456401196304147e-01
77.8507 1.201316765109862045e-01
77.859 1.201177160665509169e-01
77.8673 1.201037587853651389e-01
77.8756 1.200898046674836323e-01
77.8839 1.200758537110465651e-01
77.8922 1.200619059139706596e-01
77.9005 1.200479612760863429e-01
77.9089 1.200340197951992871e-01
77.9172 1.200200814701284091e-01
77.9255 1.200061463000309803e-01
77.9338 1.199922142833895755e-01
77.9421 1.199782854195872578e-01
77.9504 1.199643597063211609e-01
77.9587 1.199504371424138932e-01
77.967 1.199365177272497668e-01
77.9753 1.199226014597644802e-01
77.9836 1.199086883379955754e-01
77.992 1.198947783600944200e-01
78.0003 1.198808715261210911e-01
78.0086 1.198669678337793004e-01
78.0169 1.198530672824565518e-01
78.0252 1.198391698715408210e-01
78.0335 1.198252755980650786e-01
78.0418 1.198113844615311119e-01
78.0501 1.197974964612161519e-01
78.0584 1.197836115951653735e-01
78.0667 1.197697298620969547e-01
78.0751 1.197558512617383913e-01
78.0834 1.197419757919125916e-01
78.0917 1.197281034511161885e-01
78.1 1.197142342386298408e-01
78.1083 1.197003681531752101e-01
78.1166 1.196865051926909174e-01
78.1249 1.196726453575785581e-01
78.1332 1.196587886463371109e-01
78.1415 1.196449350554539270e-01
78.1498 1.196310845854434007e-01
78.1582 1.196172372358134672e-01
78.1665 1.196033930035013126e-01
78.1748 1.195895518884633885e-01
78.1831 1.195757138893149413e-01
78.1914 1.195618790038905643e-01
78.1997 1.195480472313657644e-01
78.208 1.195342185720330991e-01
78.2163 1.195203930228356803e-01
78.2246 1.195065705821699020e-01
78.2329 1.194927512504407735e-01
78.2413 1.194789350252644933e-01
78.2496 1.194651219064887387e-01
78.2579 1.194513118917315264e-01
78.2662 1.194375049797266330e-01
78.2745 1.194237011697662637e-01
78.2828 1.194099004608080439e-01
78.2911 1.193961028513649131e-01
78.2994 1.193823083400615964e-01
78.3077 1.193685169254126571e-01
78.316 1.193547286067123681e-01
78.3244 1.193409433823651583e-01
78.3327 1.193271612516662306e-01
78.341 1.193133822127988297e-01
78.3493 1.192996062645030053e-01
78.3576 1.192858334056311614e-01
78.3659 1.192720636353694075e-01
78.3742 1.192582969522374692e-01
78.3825 1.192445333547555997e-01
78.3908 1.192307728416674983e-01
78.3991 1.192170154127169257e-01
78.4074 1.192032610657596803e-01
78.4158 1.191895097989857100e-01
78.4241 1.191757616125848629e-01
78.4324 1.191620165040820495e-01
78.4407 1.191482744730018167e-01
78.449 1.191345355185354365e-01
78.4573 1.191207996386546980e-01
78.4656 1.191070668311103864e-01
78.4739 1.190933370973143585e-01
78.4822 1.190796104341311917e-01
78.4905 1.190658868403124127e-01
78.4989 1.190521663159393867e-01
78.5072 1.190384488586561512e-01
78.5155 1.190247344678802416e-01
78.5238 1.190110231420326847e-01
78.5321 1.189973148793141006e-01
78.5404 1.189836096796971776e-01
78.5487 1.189699075410515644e-01
78.557 1.189562084627973221e-01
78.5653 1.189425124441333692e-01
78.5736 1.189288194820468936e-01
78.582 1.189151295767338912e-01
78.5903 1.189014427271737756e-01
78.5986 1.188877589314620981e-01
78.6069 1.188740781878061675e-01
78.6152 1.188604004964030764e-01
78.6235 1.188467258559029044e-01
78.6318 1.188330542637416609e-01
78.6401 1.188193857200070536e-01
78.6484 1.188057202230200643e-01
78.6567 1.187920577708818926e-01
78.6651 1.187783983637915597e-01
78.6734 1.187647419998512921e-01
78.6817 1.187510886780470537e-01
78.69 1.187374383965932173e-01
78.6983 1.187237911541463298e-01
78.7066 1.187101469513476559e-01
78.7149 1.186965057853111016e-01
78.7232 1.186828676545849115e-01
78.7315 1.186692325589298741e-01
78.7398 1.186556004965646782e-01
78.7482 1.186419714668102560e-01
78.7565 1.186283454679968874e-01
78.7648 1.186147224992263327e-01
78.7731 1.186011025592705742e-01
78.7814 1.185874856461320986e-01
78.7897 1.185738717597945580e-01
78.798 1.185602608992514795e-01
78.8063 1.185466530621774872e-01
78.8146 1.185330482473480329e-01
78.8229 1.185194464544182952e-01
78.8313 1.185058476822743179e-01
78.8396 1.184922519288139353e-01
78.8479 1.184786591931444588e-01
78.8562 1.184650694742638288e-01
78.8645 1.184514827713899210e-01
78.8728 1.184378990825335348e-01
78.8811 1.184243184070236099e-01
78.8894 1.184107407439697751e-01
78.8977 1.183971660910560358e-01
78.906 1.183835944483806607e-01
78.9143 1.183700258139581823e-01
78.9227 1.183564601863525412e-01
78.931 1.183428975650051979e-01
78.9393 1.183293379489194358e-01
78.9476 1.183157813365512123e-01
78.9559 1.183022277264669381e-01
78.9642 1.182886771176717838e-01
78.9725 1.182751295096093475e-01
78.9808 1.182615849004098052e-01
78.9891 1.182480432884232685e-01
78.9974 1.182345046729856852e-01
79.0058 1.182209690533237018e-01
79.0141 1.182074364294298657e-01
79.0224 1.181939067965943752e-01
79.0307 1.181803801553585748e-01
79.039 1.181668565065907700e-01
79.0473 1.181533358467871941e-01
79.0556 1.181398181751777965e-01
79.0639 1.181263034911021609e-01
79.0722 1.181127917924802706e-01
79.0805 1.180992830797447379e-01
79.0889 1.180857773499433272e-01
79.0972 1.180722746024179121e-01
79.1055 1.180587748369468643e-01
79.1138 1.180452780521084599e-01
79.1221 1.180317842452818788e-01
79.1304 1.180182934159201003e-01
79.1387 1.180048055651114758e-01
79.147 1.179913206887110294e-01
79.1553 1.179778387862820410e-01
79.1636 1.179643598579326741e-01
79.172 1.179508839010472016e-01
79.1803 1.179374109149721322e-01
79.1886 1.179239408990540722e-01
79.1969 1.179104738514423351e-01
79.2052 1.178970097710492215e-01
79.2135 1.178835486572228780e-01
79.2218 1.178700905082236405e-01
79.2301 1.178566353237269770e-01
79.2384 1.178431831017769105e-01
79.2467 1.178297338407450073e-01
79.2551 1.178162875403081372e-01
79.2634 1.178028441994910802e-01
79.2717 1.177894038173189495e-01
79.28 1.177759663912964355e-01
79.2883 1.177625319211022259e-01
79.2966 1.177491004056546164e-01
79.3049 1.177356718438726108e-01
79.3132 1.177222462345670073e-01
79.3215 1.177088235765493401e-01
79.3298 1.176954038677636982e-01
79.3382 1.176819871090843822e-01
79.3465 1.176685732983478588e-01
79.3548 1.176551624319824019e-01
79.3631 1.176417545128150277e-01
79.3714 1.176283495383590727e-01
79.3797 1.176149475060212085e-01
79.388 1.176015484163517172e-01
79.3963 1.175881522671922141e-01
79.4046 1.175747590576851215e-01
79.4129 1.175613687871898266e-01
79.4212 1.175479814535503459e-01
79.4296 1.175345970564520282e-01
79.4379 1.175212155949307696e-01
79.4462 1.175078370666166189e-01
79.4545 1.174944614721696173e-01
79.4628 1.174810888084641264e-01
79.4711 1.174677190760526069e-01
79.4794 1.174543522731086587e-01
79.4877 1.174409883981311908e-01
79.496 1.174276274505924866e-01
79.5043 1.174142694288845545e-01
79.5127 1.174009143320484533e-01
79.521 1.173875621595575347e-01
79.5293 1.173742129091578934e-01
79.5376 1.173608665802161194e-01
79.5459 1.173475231714515704e-01
79.5542 1.173341826825552159e-01
79.5625 1.173208451115999029e-01
79.5708 1.173075104576303124e-01
79.5791 1.172941787193681334e-01
79.5874 1.172808498959668072e-01
79.5958 1.172675239857180612e-01
79.6041 1.172542009883153075e-01
79.6124 1.172408809025900917e-01
79.6207 1.172275637265128428e-01
79.629 1.172142494595628942e-01
79.6373 1.172009381001430373e-01
79.6456 1.171876296483791990e-01
79.6539 1.171743241025674509e-01
79.6622 1.171610214604667799e-01
79.6705 1.171477217223119011e-01
79.6789 1.171344248865086035e-01
79.6872 1.171211309515711868e-01
79.6955 1.171078399167672368e-01
79.7038 1.170945517812572584e-01
79.7121 1.170812665434496913e-01
79.7204 1.170679842025060813e-01
79.7287 1.170547047568363808e-01
79.737 1.170414282061401773e-01
79.7453 1.170281545485064162e-01
79.7536 1.170148837828839383e-01
79.762 1.170016159089735247e-01
79.7703 1.169883509249734777e-01
79.7786 1.169750888292977603e-01
79.7869 1.169618296221847792e-01
79.7952 1.169485733016203399e-01
79.8035 1.169353198663420218e-01
79.8118 1.169220693158385116e-01
79.8201 1.169088216487410847e-01
79.8284 1.168955768633604259e-01
79.8367 1.168823349591865679e-01
79.8451 1.168690959363522658e-01
79.8534 1.168558597908135877e-01
79.8617 1.168426265233472455e-01
79.87 1.168293961335515746e-01
79.8783 1.168161686188845111e-01
79.8866 1.168029439781966966e-01
79.8949 1.167897222109811339e-01
79.9032 1.167765033168378097e-01
79.9115 1.167632872931213123e-01
79.9198 1.167500741399674358e-01
79.9281 1.167368638553739763e-01
79.9365 1.167236564385153857e-01
79.9448 1.167104518894211546e-01
79.9531 1.166972502050227511e-01
79.9614 1.166840513856712003e-01
79.9697 1.166708554296882194e-01
79.978 1.166576623361437609e-01
79.9863 1.166444721040014593e-01
79.9946 1.166312847315852802e-01
80.0029 1.166181002183935972e-01
80.0112 1.166049185631783253e-01
80.0196 1.165917397653318255e-01
80.0279 1.165785638235002364e-01
80.0362 1.165653907349448459e-01
80.0445 1.165522205008718420e-01
80.0528 1.165390531197159213e-01
80.0611 1.165258885895930074e-01
80.0694 1.165127269098983342e-01
80.0777 1.164995680790689159e-01
80.086 1.164864120967137595e-01
80.0943 1.164732589616967462e-01
80.1027 1.164601086721374495e-01
80.111 1.164469612276461258e-01
80.1193 1.164338166271947639e-01
80.1276 1.164206748692241389e-01
80.1359 1.164075359523884662e-01
80.1442 1.163943998771500704e-01
80.1525 1.163812666411007946e-01
80.1608 1.163681362428966859e-01
80.1691 1.163550086823632729e-01
80.1774 1.163418839580511871e-01
80.1858 1.163287620685118928e-01
80.1941 1.163156430129347746e-01
80.2024 1.163025267911463601e-01
80.2107 1.162894134008504721e-01
80.219 1.162763028413439648e-01
80.2273 1.162631951119240115e-01
80.2356 1.162500902104030703e-01
80.2439 1.162369881363976981e-01
80.2522 1.162238888892064698e-01
80.2605 1.162107924680221699e-01
80.2689 1.161976988704479796e-01
80.2772 1.161846080958903599e-01
80.2855 1.161715201446029549e-01
80.2938 1.161584350133441634e-01
80.3021 1.161453527028980387e-01
80.3104 1.161322732110838529e-01
80.3187 1.161191965366744350e-01
80.327 1.161061226799251778e-01
80.3353 1.160930516384455907e-01
80.3436 1.160799834117511031e-01
80.352 1.160669179987222771e-01
80.3603 1.160538553985578786e-01
80.3686 1.160407956098222781e-01
80.3769 1.160277386305525738e-01
80.3852 1.160146844607945066e-01
80.3935 1.160016331008050794e-01
80.4018 1.159885845469321858e-01
80.4101 1.159755387993285092e-01
80.4184 1.159624958562453650e-01
80.4267 1.159494557179412272e-01
80.435 1.159364183827738815e-01
80.4434 1.159233838486804502e-01
80.4517 1.159103521156034100e-01
80.46 1.158973231829578954e-01
80.4683 1.158842970486825830e-01
80.4766 1.158712737115612235e-01
80.4849 1.158582531713264890e-01
80.4932 1.158452354269736972e-01
80.5015 1.158322204776034703e-01
80.5098 1.158192083198944511e-01
80.5181 1.158061989553719751e-01
80.5265 1.157931923829276927e-01
80.5348 1.157801885992425783e-01
80.5431 1.157671876061579230e-01
80.5514 1.157541894011981792e-01
80.5597 1.157411939824158770e-01
80.568 1.157282013499683071e-01
80.5763 1.157152115023298428e-01
80.5846 1.157022244386063797e-01
80.5929 1.156892401584301289e-01
80.6012 1.156762586595410508e-01
80.6096 1.156632799411520668e-01
80.6179 1.156503040033165786e-01
80.6262 1.156373308434619773e-01
80.6345 1.156243604611173481e-01
80.6428 1.156113928559172471e-01
80.6511 1.155984280259210878e-01
80.6594 1.155854659705544268e-01
80.6677 1.155725066882980490e-01
80.676 1.155595501784734136e-01
80.6843 1.155465964404017165e-01
80.6927 1.155336454726707124e-01
80.701 1.155206972735540599e-01
80.7093 1.155077518431088246e-01
80.7176 1.154948091799240795e-01
80.7259 1.154818692829045063e-01
80.7342 1.154689321504310251e-01
80.7425 1.154559977821428829e-01
80.7508 1.154430661778882705e-01
80.7591 1.154301373342700165e-01
80.7674 1.154172112516612253e-01
80.7758 1.154042879294929075e-01
80.7841 1.153913673662540496e-01
80.7924 1.153784495606442473e-01
80.8007 1.153655345118862890e-01
80.809 1.153526222185762284e-01
80.8173 1.153397126803560602e-01
80.8256 1.153268058956137682e-01
80.8339 1.153139018633649870e-01
80.8422 1.153010005830440582e-01
80.8505 1.152881020536672269e-01
80.8589 1.152752062731028371e-01
80.8672 1.152623132407864515e-01
80.8755 1.152494229564673123e-01
80.8838 1.152365354190590940e-01
80.8921 1.152236506266417215e-01
80.9004 1.152107685782348540e-01
80.9087 1.151978892737977322e-01
80.917 1.151850127116203493e-01
80.9253 1.151721388906197935e-01
80.9336 1.151592678094004729e-01
80.9419 1.151463994681313635e-01
80.9503 1.151335338646881923e-01
80.9586 1.151206709987194210e-01
80.9669 1.151078108685191087e-01
80.9752 1.150949534741530361e-01
80.9835 1.150820988144368034e-01
80.9918 1.150692468863133977e-01
81.0001 1.150563976904740715e-01
81.0084 1.150435512264651183e-01
81.0167 1.150307074920638994e-01
81.025 1.150178664874418333e-01
81.0334 1.150050282104817662e-01
81.0417 1.149921926596921551e-01
81.05 1.149793598357646690e-01
81.0583 1.149665297366885830e-01
81.0666 1.149537023610774367e-01
81.0749 1.149408777085847849e-01
81.0832 1.149280557779289169e-01
81.0915 1.149152365683484972e-01
81.0998 1.149024200792897327e-01
81.1081 1.148896063084346997e-01
81.1165 1.148767952549196031e-01
81.1248 1.148639869189188450e-01
81.1331 1.148511812988426001e-01
81.1414 1.148383783932059032e-01
81.1497 1.148255782019762528e-01
81.158 1.148127807227364711e-01
81.1663 1.147999859552476659e-01
81.1746 1.147871938991670560e-01
81.1829 1.147744045527014090e-01
81.1912 1.147616179153016225e-01
81.1996 1.147488339846581412e-01
81.2079 1.147360527614656317e-01
81.2162 1.147232742435192882e-01
81.2245 1.147104984307892872e-01
81.2328 1.146977253217967285e-01
81.2411 1.146849549155809778e-01
81.2494 1.146721872110783025e-01
81.2577 1.146594222066050911e-01
81.266 1.146466599025465771e-01
81.2743 1.146339002972199123e-01
81.2827 1.146211433888399828e-01
81.291 1.146083891776893265e-01
81.2993 1.145956376623970263e-01
81.3076 1.145828888419027497e-01
81.3159 1.145701427150434826e-01
81.3242 1.145573992806568075e-01
81.3325 1.145446585375809456e-01
81.3408 1.145319204857899037e-01
81.3491 1.145191851239160258e-01
81.3574 1.145064524500766928e-01
81.3658 1.144937224639375195e-01
81.3741 1.144809951654733871e-01
81.3824 1.144682705522877125e-01
81.3907 1.144555486234285213e-01
81.399 1.144428293787687484e-01
81.4073 1.144301128164295911e-01
81.4156 1.144173989363875266e-01
81.4239 1.144046877364559983e-01
81.4322 1.143919792165093152e-01
81.4405 1.143792733760096714e-01
81.4488 1.143665702134930989e-01
81.4572 1.143538697263644793e-01
81.4655 1.143411719156314649e-01
81.4738 1.143284767804490232e-01
81.4821 1.143157843180184347e-01
81.4904 1.143030945284219252e-01
81.4987 1.142904074118441665e-01
81.507 1.142777229654886872e-01
81.5153 1.142650411892327522e-01
81.5236 1.142523620814122620e-01
81.5319 1.142396856413913364e-01
81.5403 1.142270118693558822e-01
81.5486 1.142143407625136470e-01
81.5569 1.142016723203327921e-01
81.5652 1.141890065426921647e-01
81.5735 1.141763434282388745e-01
81.5818 1.141636829754157784e-01
81.5901 1.141510251837948436e-01
81.5984 1.141383700519226357e-01
81.6067 1.141257175791666884e-01
81.615 1.141130677653048736e-01
81.6234 1.141004206076551702e-01
81.6317 1.140877761065089147e-01
81.64 1.140751342606202284e-01
81.6483 1.140624950687438854e-01
81.6566 1.140498585300449980e-01
81.6649 1.140372246437913739e-01
81.6732 1.140245934090463875e-01
81.6815 1.140119648240551092e-01
81.6898 1.139993388883938641e-01
81.6981 1.139867156016390048e-01
81.7065 1.139740949622417981e-01
81.7148 1.139614769683477552e-01
81.7231 1.139488616204549359e-01
81.7314 1.139362489175274468e-01
81.7397 1.139236388576101433e-01
81.748 1.139110314398731061e-01
81.7563 1.138984266637931564e-01
81.7646 1.138858245290515769e-01
81.7729 1.138732250328787360e-01
81.7812 1.138606281763865496e-01
81.7896 1.138480339575214662e-01
81.7979 1.138354423738230370e-01
81.8062 1.138228534274238340e-01
81.8145 1.138102671154559570e-01
81.8228 1.137976834373992108e-01
81.8311 1.137851023916118809e-01
81.8394 1.137725239777785113e-01
81.8477 1.137599481955836878e-01
81.856 1.137473750434889463e-01
81.8643 1.137348045196511087e-01
81.8727 1.137222366238580945e-01
81.881 1.137096713552865068e-01
81.8893 1.136971087130114744e-01
81.8976 1.136845486955996021e-01
81.9059 1.136719913028396700e-01
81.9142 1.136594365331974471e-01
81.9225 1.136468843848343069e-01
81.9308 1.136343348589645280e-01
81.9391 1.136217879536483011e-01
81.9474 1.136092436669470795e-01
81.9557 1.135967019989567728e-01
81.9641 1.135841629484515974e-01
81.9724 1.135716265148160459e-01
81.9807 1.135590926965205499e-01
81.989 1.135465614926458450e-01
81.9973 1.135340329023746403e-01
82.0056 1.135215069254992271e-01
82.0139 1.135089835599844554e-01
82.0222 1.134964628053189289e-01
82.0305 1.134839446607884272e-01
82.0388 1.134714291241571138e-01
82.0472 1.134589161961322146e-01
82.0555 1.134464058760003835e-01
82.0638 1.134338981610205355e-01
82.0721 1.134213930511906582e-01
82.0804 1.134088905452921014e-01
82.0887 1.133963906436269015e-01
82.097 1.133838933434572344e-01
82.1053 1.133713986444780802e-01
82.1136 1.133589065464856299e-01
82.1219 1.133464170474534488e-01
82.1303 1.133339301473809818e-01
82.1386 1.133214458448504880e-01
82.1469 1.133089641384449897e-01
82.1552 1.132964850282658503e-01
82.1635 1.132840085122900214e-01
82.1718 1.132715345902148563e-01
82.1801 1.132590632608276721e-01
82.1884 1.132465945237251526e-01
82.1967 1.132341283777965890e-01
82.205 1.132216648216285981e-01
82.2134 1.132092038539097983e-01
82.2217 1.131967454752484670e-01
82.23 1.131842896836266071e-01
82.2383 1.131718364778352554e-01
82.2466 1.131593858575744571e-01
82.2549 1.131469378223424888e-01
82.2632 1.131344923695187105e-01
82.2715 1.131220494995107545e-01
82.2798 1.131096092115152080e-01
82.2881 1.130971715035189867e-01
82.2965 1.130847363761315755e-01
82.3048 1.130723038270385200e-01
82.3131 1.130598738555393390e-01
82.3214 1.130474464614375785e-01
82.3297 1.130350216431264126e-01
82.338 1.130225993996041567e-01
82.3463 1.130101797309773504e-01
82.3546 1.129977626351372638e-01
82.3629 1.129853481115870445e-01
82.3712 1.129729361586222502e-01
82.3796 1.129605267762500559e-01
82.3879 1.129481199642760059e-01
82.3962 1.129357157206952456e-01
82.4045 1.129233140445097400e-01
82.4128 1.129109149347219260e-01
82.4211 1.128985183906362766e-01
82.4294 1.128861244123614826e-01
82.4377 1.128737329971925551e-01
82.446 1.128613441444354520e-01
82.4543 1.128489578549028705e-01
82.4626 1.128365741263941263e-01
82.471 1.128241929576136032e-01
82.4793 1.128118143485711961e-01
82.4876 1.127994382973697973e-01
82.4959 1.127870648035182166e-01
82.5042 1.127746938671270877e-01
82.5125 1.127623254860001117e-01
82.5208 1.127499596594463971e-01
82.5291 1.127375963867753017e-01
82.5374 1.127252356660937427e-01
82.5457 1.127128774985160925e-01
82.5541 1.127005218818492860e-01
82.5624 1.126881688146028210e-01
82.5707 1.126758182972901756e-01
82.579 1.126634703280209454e-01
82.5873 1.126511249061072778e-01
82.5956 1.126387820304611542e-01
82.6039 1.126264416999951667e-01
82.6122 1.126141039145229644e-01
82.6205 1.126017686730576700e-01
82.6288 1.125894359742129619e-01
82.6372 1.125771058170032951e-01
82.6455 1.125647782011432868e-01
82.6538 1.125524531246484133e-01
82.6621 1.125401305878338254e-01
82.6704 1.125278105892156821e-01
82.6787 1.125154931281102388e-01
82.687 1.125031782030349314e-01
82.6953 1.124908658135066464e-01
82.7036 1.124785559592419715e-01
82.7119 1.124662486379612303e-01
82.7203 1.124539438491825305e-01
82.7286 1.124416415926235147e-01
82.7369 1.124293418676028111e-01
82.7452 1.124170446720430677e-01
82.7535 1.124047500054636550e-01
82.7618 1.123924578676830377e-01
82.7701 1.123801682565261917e-01
82.7784 1.123678811724103804e-01
82.7867 1.123555966140585283e-01
82.795 1.123433145797958915e-01
82.8034 1.123310350694425586e-01
82.8117 1.123187580816236153e-01
82.82 1.123064836160600488e-01
82.8283 1.122942116719750499e-01
82.8366 1.122819422470995310e-01
82.8449 1.122696753415536319e-01
82.8532 1.122574109546614074e-01
82.8615 1.122451490857470369e-01
82.8698 1.122328897326436287e-01
82.8781 1.122206328957702781e-01
82.8865 1.122083785728618804e-01
82.8948 1.121961267638411502e-01
82.9031 1.121838774684316281e-01
82.9114 1.121716306847678063e-01
82.9197 1.121593864118787809e-01
82.928 1.121471446493902679e-01
82.9363 1.121349053972253151e-01
82.9446 1.121226686522305144e-01
82.9529 1.121104344157195648e-01
82.9612 1.120982026856320035e-01
82.9695 1.120859734605036268e-01
82.9779 1.120737467413505661e-01
82.9862 1.120615225257172720e-01
82.9945 1.120493008139259450e-01
83.0028 1.120370816036217604e-01
83.0111 1.120248648940374292e-01
83.0194 1.120126506862877680e-01
83.0277 1.120004389770297148e-01
83.036 1.119882297667841725e-01
83.0443 1.119760230548837582e-01
83.0526 1.119638188390770228e-01
83.061 1.119516171195886201e-01
83.0693 1.119394178958508512e-01
83.0776 1.119272211659114169e-01
83.0859 1.119150269286102450e-01
83.0942 1.119028351843704833e-01
83.1025 1.118906459319335134e-01
83.1108 1.118784591698440273e-01
83.1191 1.118662748974379312e-01
83.1274 1.118540931142493200e-01
83.1357 1.118419138193180312e-01
83.1441 1.118297370111908939e-01
83.1524 1.118175626896002334e-01
83.1607 1.118053908530939194e-01
83.169 1.117932215009112690e-01
83.1773 1.117810546329831012e-01
83.1856 1.117688902479569563e-01
83.1939 1.117567283443827997e-01
83.2022 1.117445689218960619e-01
83.2105 1.117324119790478326e-01
83.2188 1.117202575164601558e-01
83.2272 1.117081055316988120e-01
83.2355 1.116959560240062821e-01
83.2438 1.116838089941038087e-01
83.2521 1.116716644388692642e-01
83.2604 1.116595223586304281e-01
83.2687 1.116473827526309193e-01
83.277 1.116352456203119903e-01
83.2853 1.116231109598348620e-01
83.2936 1.116109787701498185e-01
83.3019 1.115988490514863707e-01
83.3103 1.115867218026966312e-01
83.3186 1.115745970222395828e-01
83.3269 1.115624747094605129e-01
83.3352 1.115503548646877979e-01
83.3435 1.115382374852022934e-01
83.3518 1.115261225710382359e-01
83.3601 1.115140101214438240e-01
83.3684 1.115019001354707190e-01
83.3767 1.114897926123678273e-01
83.385 1.114776875507947906e-01
83.3934 1.114655849498051438e-01
83.4017 1.114534848093359370e-01
83.41 1.114413871280485469e-01
83.4183 1.114292919053896797e-01
83.4266 1.114171991405122769e-01
83.4349 1.114051088312942028e-01
83.4432 1.113930209773802277e-01
83.4515 1.113809355793952405e-01
83.4598 1.113688526359051523e-01
83.4681 1.113567721443002451e-01
83.4765 1.113446941050105776e-01
83.4848 1.113326185185631589e-01
83.4931 1.113205453817626978e-01
83.5014 1.113084746939617953e-01
83.5097 1.112964064562761424e-01
83.518 1.112843406663936996e-01
83.5263 1.112722773222978995e-01
83.5346 1.112602164257893711e-01
83.5429 1.112481579746563143e-01
83.5512 1.112361019680572771e-01
83.5595 1.112240484048583611e-01
83.5679 1.112119972847079030e-01
83.5762 1.111999486056906988e-01
83.5845 1.111879023687266238e-01
83.5928 1.111758585718034542e-01
83.6011 1.111638172144730624e-01
83.6094 1.111517782954086625e-01
83.6177 1.111397418141627930e-01
83.626 1.111277077694096116e-01
83.6343 1.111156761607999532e-01
83.6426 1.111036469877897948e-01
83.651 1.110916202493469201e-01
83.6593 1.110795959435620789e-01
83.6676 1.110675740700874103e-01
83.6759 1.110555546299408225e-01
83.6842 1.110435376189711221e-01
83.6925 1.110315230380019974e-01
83.7008 1.110195108876611131e-01
83.7091 1.110075011651649596e-01
83.7174 1.109954938695828369e-01
83.7257 1.109834890008613711e-01
83.7341 1.109714865584596893e-01
83.7424 1.109594865400848757e-01
83.7507 1.109474889465602854e-01
83.759 1.109354937758860460e-01
83.7673 1.109235010280096856e-01
83.7756 1.109115107019055385e-01
83.7839 1.108995227954786833e-01
83.7922 1.108875373098446304e-01
83.8005 1.108755542429091800e-01
83.8088 1.108635735935516453e-01
83.8172 1.108515953622070671e-01
83.8255 1.108396195474634222e-01
83.8338 1.108276461485896841e-01
83.8421 1.108156751642723203e-01
83.8504 1.108037065937812898e-01
83.8587 1.107917404361924985e-01
83.867 1.107797766914561666e-01
83.8753 1.107678153577751345e-01
83.8836 1.107558564338386176e-01
83.8919 1.107438999215382136e-01
83.9003 1.107319458174286647e-01
83.9086 1.107199941209767030e-01
83.9169 1.107080448323278232e-01
83.9252 1.106960979495914127e-01
83.9335 1.106841534726226567e-01
83.9418 1.106722114005013330e-01
83.9501 1.106602717321139018e-01
83.9584 1.106483344670254609e-01
83.9667 1.106363996043170095e-01
83.975 1.106244671432635718e-01
83.9834 1.106125370821723908e-01
83.9917 1.106006094207068469e-01
84 1.105886841587238462e-01
84.0083 1.105767612942417932e-01
84.0166 1.105648408273118277e-01
84.0249 1.105529227571143414e-01
84.0332 1.105410070824432434e-01
84.0415 1.105290938018031605e-01
84.0498 1.105171829155360969e-01
84.0581 1.105052744225338973e-01
84.0664 1.104933683213991658e-01
84.0748 1.104814646118945642e-01
84.0831 1.104695632933962307e-01
84.0914 1.104576643642184997e-01
84.0997 1.104457678239316454e-01
84.108 1.104338736721061226e-01
84.1163 1.104219819072508463e-01
84.1246 1.104100925284545731e-01
84.1329 1.103982055364463311e-01
84.1412 1.103863209287716945e-01
84.1495 1.103744387049063053e-01
84.1579 1.103625588644224637e-01
84.1662 1.103506814061213370e-01
84.1745 1.103388063293830462e-01
84.1828 1.103269336329133765e-01
84.1911 1.103150633167675754e-01
84.1994 1.103031953800374665e-01
84.2077 1.102913298210448645e-01
84.216 1.102794666390754241e-01
84.2243 1.102676058345702231e-01
84.2326 1.102557474056599096e-01
84.241 1.102438913514386110e-01
84.2493 1.102320376713856326e-01
84.2576 1.102201863645956570e-01
84.2659 1.102083374306447178e-01
84.2742 1.101964908682435684e-01
84.2825 1.101846466760075388e-01
84.2908 1.101728048542827132e-01
84.2991 1.101609654025498125e-01
84.3074 1.101491283180802278e-01
84.3157 1.101372936016048465e-01
84.3241 1.101254612526054028e-01
84.3324 1.101136312683555218e-01
84.3407 1.101018036497783126e-01
84.349 1.100899783956845873e-01
84.3573 1.100781555050776156e-01
84.3656 1.100663349766734939e-01
84.3739 1.100545168109154232e-01
84.3822 1.100427010062321742e-01
84.3905 1.100308875611494680e-01
84.3988 1.100190764761109219e-01
84.4072 1.100072677489719736e-01
84.4155 1.099954613804640657e-01
84.4238 1.099836573690185226e-01
84.4321 1.099718557134507779e-01
84.4404 1.099600564131515135e-01
84.4487 1.099482594676073621e-01
84.457 1.099364648757307217e-01
84.4653 1.099246726372959809e-01
84.4736 1.099128827507377115e-01
84.4819 1.099010952155438509e-01
84.4903 1.098893100303416220e-01
84.4986 1.098775271954804678e-01
84.5069 1.098657467099705964e-01
84.5152 1.098539685721536263e-01
84.5235 1.098421927813279797e-01
84.5318 1.098304193377478699e-01
84.5401 1.098186482394697128e-01
84.5484 1.098068794861750130e-01
84.5567 1.097951130770676853e-01
84.565 1.097833490113520605e-01
84.5733 1.097715872878509830e-01
84.5817 1.097598279062468318e-01
84.59 1.097480708657450205e-01
84.5983 1.097363161652649549e-01
84.6066 1.097245638037266657e-01
84.6149 1.097128137809090798e-01
84.6232 1.097010660959235745e-01
84.6315 1.096893207479772564e-01
84.6398 1.096775777359917520e-01
84.6481 1.096658370591750142e-01
84.6564 1.096540987174976084e-01
84.6648 1.096423627091200059e-01
84.6731 1.096306290327752481e-01
84.6814 1.096188976897679995e-01
84.6897 1.096071686779744314e-01
84.698 1.095954419963191123e-01
84.7063 1.095837176448691830e-01
84.7146 1.095719956220739533e-01
84.7229 1.095602759271447069e-01
84.7312 1.095485585600539102e-01
84.7395 1.095368435194425810e-01
84.7479 1.095251308049032396e-01
84.7562 1.095134204142224343e-01
84.7645 1.095017123485143712e-01
84.7728 1.094900066060416483e-01
84.7811 1.094783031863979239e-01
84.7894 1.094666020887970215e-01
84.7977 1.094549033115984477e-01
84.806 1.094432068547766951e-01
84.8143 1.094315127178314695e-01
84.8226 1.094198208986491699e-01
84.831 1.094081313982488285e-01
84.8393 1.093964442148972899e-01
84.8476 1.093847593471470037e-01
84.8559 1.093730767952582339e-01
84.8642 1.093613965580685771e-01
84.8725 1.093497186350799039e-01
84.8808 1.093380430255098401e-01
84.8891 1.093263697271549678e-01
84.8974 1.093146987406555526e-01
84.9057 1.093030300657038129e-01
84.9141 1.092913637002873445e-01
84.9224 1.092796996442887830e-01
84.9307 1.092680378966438409e-01
84.939 1.092563784559103385e-01
84.9473 1.092447213230124531e-01
84.9556 1.092330664956568664e-01
84.9639 1.092214139738218320e-01
84.9722 1.092097637570125790e-01
84.9805 1.091981158435052363e-01
84.9888 1.091864702323332714e-01
84.9972 1.091748269239483926e-01
85.0055 1.091631859165338170e-01
85.0138 1.091515472104467588e-01
85.0221 1.091399108042493959e-01
85.0304 1.091282766966934215e-01
85.0387 1.091166448871923600e-01
85.047 1.091050153750654367e-01
85.0553 1.090933881598209476e-01
85.0636 1.090817632406841653e-01
85.0719 1.090701406174469090e-01
85.0802 1.090585202882028287e-01
85.0886 1.090469022516127595e-01
85.0969 1.090352865088841383e-01
85.1052 1.090236730580179947e-01
85.1135 1.090120618978648454e-01
85.1218 1.090004530286894507e-01
85.1301 1.089888464491544084e-01
85.1384 1.089772421588650064e-01
85.1467 1.089656401566732741e-01
85.155 1.089540404417142228e-01
85.1633 1.089424430138764832e-01
85.1717 1.089308478715425577e-01
85.18 1.089192550144133242e-01
85.1883 1.089076644408725342e-01
85.1966 1.088960761514684572e-01
85.2049 1.088844901457141773e-01
85.2132 1.088729064206779146e-01
85.2215 1.088613249776607117e-01
85.2298 1.088497458151423958e-01
85.2381 1.088381689320735701e-01
85.2464 1.088265943286269299e-01
85.2548 1.088150220019686171e-01
85.2631 1.088034519533993272e-01
85.2714 1.087918841822465704e-01
85.2797 1.087803186865235888e-01
85.288 1.087687554657468525e-01
85.2963 1.087571945189637623e-01
85.3046 1.087456358455974187e-01
85.3129 1.087340794456340826e-01
85.3212 1.087225253188721652e-01
85.3295 1.087109734617339174e-01
85.3379 1.086994238753321573e-01
85.3462 1.086878765589975038e-01
85.3545 1.086763315119670115e-01
85.3628 1.086647887329159901e-01
85.3711 1.086532482215509521e-01
85.3794 1.086417099764544342e-01
85.3877 1.086301739973335873e-01
85.396 1.086186402837082676e-01
85.4043 1.086071088342559499e-01
85.4126 1.085955796490588043e-01
85.421 1.085840527268885358e-01
85.4293 1.085725280659563113e-01
85.4376 1.085610056666257983e-01
85.4459 1.085494855283248988e-01
85.4542 1.085379676500141666e-01
85.4625 1.085264520305612573e-01
85.4708 1.085149386691148937e-01
85.4791 1.085034275657585923e-01
85.4874 1.084919187195479279e-01
85.4957 1.084804121295388363e-01
85.5041 1.084689077940405727e-01
85.5124 1.084574057127642571e-01
85.5207 1.084459058869145370e-01
85.529 1.084344083133080283e-01
85.5373 1.084229129913763384e-01
85.5456 1.084114199219512187e-01
85.5539 1.083999291036242124e-01
85.5622 1.083884405344284901e-01
85.5705 1.083769542151023779e-01
85.5788 1.083654701443326207e-01
85.5871 1.083539883208996107e-01
85.5955 1.083425087452623142e-01
85.6038 1.083310314156424592e-01
85.6121 1.083195563311947912e-01
85.6204 1.083080834920987640e-01
85.6287 1.082966128962056240e-01
85.637 1.082851445450919853e-01
85.6453 1.082736784357719306e-01
85.6536 1.082622145680534470e-01
85.6619 1.082507529416516651e-01
85.6702 1.082392935549788410e-01
85.6786 1.082278364086809719e-01
85.6869 1.082163815014500347e-01
85.6952 1.082049288311422441e-01
85.7035 1.081934783989615123e-01
85.7118 1.081820302036013842e-01
85.7201 1.081705842437559323e-01
85.7284 1.081591405182131815e-01
85.7367 1.081476990283623402e-01
85.745 1.081362597720626345e-01
85.7533 1.081248227477314139e-01
85.7617 1.081133879555512128e-01
85.77 1.081019553954254142e-01
85.7783 1.080905250658655142e-01
85.7866 1.080790969656619804e-01
85.7949 1.080676710949977359e-01
85.8032 1.080562474526637340e-01
85.8115 1.080448260386575182e-01
85.8198 1.080334068507509404e-01
85.8281 1.080219898892203351e-01
85.8364 1.080105751530438668e-01
85.8448 1.079991626421270418e-01
85.8531 1.079877523546148160e-01
85.8614 1.079763442905060378e-01
85.8697 1.079649384485951158e-01
85.878 1.079535348289737129e-01
85.8863 1.079421334301591401e-01
85.8946 1.079307342517805968e-01
85.9029 1.079193372930043054e-01
85.9112 1.079079425527196406e-01
85.9195 1.078965500307412229e-01
85.9279 1.078851597260516437e-01
85.9362 1.078737716385582412e-01
85.9445 1.078623857660424012e-01
85.9528 1.078510021089668924e-01
85.9611 1.078396206663157636e-01
85.9694 1.078282414377198933e-01
85.9777 1.078168644211480176e-01
85.986 1.078054896172478822e-01
85.9943 1.077941170251896508e-01
86.0026 1.077827466439588155e-01
86.011 1.077713784722648255e-01
86.0193 1.077600125099249934e-01
86.0276 1.077486487561109679e-01
86.0359 1.077372872102712181e-01
86.0442 1.077259278714857577e-01
86.0525 1.077145707390192164e-01
86.0608 1.077032158122290390e-01
86.0691 1.076918630902882479e-01
86.0774 1.076805125724627915e-01
86.0857 1.076691642582027347e-01
86.094 1.076578181470509710e-01
86.1024 1.076464742375368849e-01
86.1107 1.076351325292961569e-01
86.119 1.076237930214117983e-01
86.1273 1.076124557139801069e-01
86.1356 1.076011206050720842e-01
86.1439 1.075897876942324277e-01
86.1522 1.075784569813737490e-01
86.1605 1.075671284657648136e-01
86.1688 1.075558021458468266e-01
86.1771 1.075444780213494350e-01
86.1855 1.075331560920938789e-01
86.1938 1.075218363568905960e-01
86.2021 1.075105188146423113e-01
86.2104 1.074992034648038358e-01
86.2187 1.074878903069217684e-01
86.227 1.074765793401756958e-01
86.2353 1.074652705643881351e-01
86.2436 1.074539639779129030e-01
86.2519 1.074426595805730161e-01
86.2602 1.074313573711823955e-01
86.2686 1.074200573496562200e-01
86.2769 1.074087595138000228e-01
86.2852 1.073974638653640984e-01
86.2935 1.073861704024296898e-01
86.3018 1.073748791231706329e-01
86.3101 1.073635900282370326e-01
86.3184 1.073523031163534924e-01
86.3267 1.073410183871618684e-01
86.335 1.073297358397541229e-01
86.3433 1.073184554738641078e-01
86.3517 1.073071772878517460e-01
86.36 1.072959012818178043e-01
86.3683 1.072846274538487021e-01
86.3766 1.072733558039540985e-01
86.3849 1.072620863334243502e-01
86.3932 1.072508190383341387e-01
86.4015 1.072395539188767538e-01
86.4098 1.072282909761596431e-01
86.4181 1.072170302070833414e-01
86.4264 1.072057716116585763e-01
86.4348 1.071945151907184035e-01
86.4431 1.071832609410742904e-01
86.4514 1.071720088633771467e-01
86.4597 1.071607589572722979e-01
86.468 1.071495112213092654e-01
86.4763 1.071382656546775308e-01
86.4846 1.071270222575712028e-01
86.4929 1.071157810285410655e-01
86.5012 1.071045419668688048e-01
86.5095 1.070933050723838903e-01
86.5179 1.070820703438210147e-01
86.5262 1.070708377802803701e-01
86.5345 1.070596073813186305e-01
86.5428 1.070483791473129387e-01
86.5511 1.070371530759967049e-01
86.5594 1.070259291668362728e-01
86.5677 1.070147074201181908e-01
86.576 1.070034878343066181e-01
86.5843 1.069922704094150023e-01
86.5926 1.069810551436353452e-01
86.6009 1.069698420370726322e-01
86.6093 1.069586310897406300e-01
86.6176 1.069474222991954743e-01
86.6259 1.069362156653608231e-01
86.6342 1.069250111882510818e-01
86.6425 1.069138088663341701e-01
86.6508 1.069026086996248820e-01
86.6591 1.068914106868648906e-01
86.6674 1.068802148275237868e-01
86.6757 1.068690211205260143e-01
86.684 1.068578295656145011e-01
86.6924 1.068466401626229079e-01
86.7007 1.068354529100222772e-01
86.709 1.068242678071927992e-01
86.7173 1.068130848539689121e-01
86.7256 1.068019040485507637e-01
86.7339 1.067907253914995996e-01
86.7422 1.067795488818333305e-01
86.7505 1.067683745176630089e-01
86.7588 1.067572022991873093e-01
86.7671 1.067460322269673523e-01
86.7755 1.067348642984804752e-01
86.7838 1.067236985130189525e-01
86.7921 1.067125348713256344e-01
86.8004 1.067013733714237966e-01
86.8087 1.066902140128783982e-01
86.817 1.066790567961603681e-01
86.8253 1.066679017189321454e-01
86.8336 1.066567487807596193e-01
86.8419 1.066455979819328770e-01
86.8502 1.066344493209313016e-01
86.8586 1.066233027976831171e-01
86.8669 1.066121584103972009e-01
86.8752 1.066010161592738509e-01
86.8835 1.065898760438799275e-01
86.8918 1.065787380629683034e-01
86.9001 1.065676022159256497e-01
86.9084 1.065564685015963076e-01
86.9167 1.065453369208138740e-01
86.925 1.065342074718806792e-01
86.9333 1.065230801532809080e-01
86.9417 1.065119549649449354e-01
86.95 1.065008319070738924e-01
86.9583 1.064897109782432377e-01
86.9666 1.064785921774805966e-01
86.9749 1.064674755043557158e-01
86.9832 1.064563609588897314e-01
86.9915 1.064452485397500009e-01
86.9998 1.064341382452438228e-01
87.0081 1.064230300757541409e-01
87.0164 1.064119240316632881e-01
87.0248 1.064008201104679058e-01
87.0331 1.063897183122805984e-01
87.0414 1.063786186363122194e-01
87.0497 1.063675210814137156e-01
87.058 1.063564256482384535e-01
87.0663 1.063453323342864049e-01
87.0746 1.063342411403013776e-01
87.0829 1.063231520654055740e-01
87.0912 1.063120651080014939e-01
87.0995 1.063009802681127852e-01
87.1078 1.062898975451327804e-01
87.1162 1.062788169380053244e-01
87.1245 1.062677384468441733e-01
87.1328 1.062566620700539505e-01
87.1411 1.062455878069395454e-01
87.1494 1.062345156571656568e-01
87.1577 1.062234456202173216e-01
87.166 1.062123776955796600e-01
87.1743 1.062013118817496521e-01
87.1826 1.061902481783032065e-01
87.1909 1.061791865853551481e-01
87.1993 1.061681271015832984e-01
87.2076 1.061570697257559481e-01
87.2159 1.061460144587965393e-01
87.2242 1.061349612985760527e-01
87.2325 1.061239102444026527e-01
87.2408 1.061128612964818835e-01
87.2491 1.061018144539425390e-01
87.2574 1.060907697161829477e-01
87.2657 1.060797270812566390e-01
87.274 1.060686865504456983e-01
87.2824 1.060576481216251310e-01
87.2907 1.060466117941946534e-01
87.299 1.060355775686294411e-01
87.3073 1.060245454433436929e-01
87.3156 1.060135154174691730e-01
87.3239 1.060024874912125631e-01
87.3322 1.059914616627209843e-01
87.3405 1.059804379322015766e-01
87.3488 1.059694162995925143e-01
87.3571 1.059583967623265038e-01
87.3655 1.059473793211480191e-01
87.3738 1.059363639751906699e-01
87.3821 1.059253507229626218e-01
87.3904 1.059143395657445030e-01
87.3987 1.059033305008826448e-01
87.407 1.058923235278700914e-01
87.4153 1.058813186469148432e-01
87.4236 1.058703158573312125e-01
87.4319 1.058593151578978292e-01
87.4402 1.058483165482870525e-01
87.4486 1.058373200271891523e-01
87.4569 1.058263255947234915e-01
87.4652 1.058153332505627903e-01
87.4735 1.058043429925950990e-01
87.4818 1.057933548210295560e-01
87.4901 1.057823687356289205e-01
87.4984 1.057713847352640402e-01
87.5067 1.057604028187171530e-01
87.515 1.057494229864652246e-01
87.5233 1.057384452369343752e-01
87.5317 1.057274695691756417e-01
87.54 1.057164959842898100e-01
87.5483 1.057055244800805260e-01
87.5566 1.056945550553325675e-01
87.5649 1.056835877108796840e-01
87.5732 1.056726224460410590e-01
87.5815 1.056616592588010134e-01
87.5898 1.056506981495480973e-01
87.5981 1.056397391176026324e-01
87.6064 1.056287821615734396e-01
87.6147 1.056178272814933400e-01
87.6231 1.056068744766835155e-01
87.6314 1.055959237458429928e-01
87.6397 1.055849750887383615e-01
87.648 1.055740285050471988e-01
87.6563 1.055630839937363452e-01
87.6646 1.055521415539507207e-01
87.6729 1.055412011853688325e-01
87.6812 1.055302628874914272e-01
87.6895 1.055193266589315171e-01
87.6978 1.055083924998121703e-01
87.7062 1.054974604090134632e-01
87.7145 1.054865303861261122e-01
87.7228 1.054756024302084955e-01
87.7311 1.054646765408517456e-01
87.7394 1.054537527173810274e-01
87.7477 1.054428309587670948e-01
87.756 1.054319112654884677e-01
87.7643 1.054209936353637383e-01
87.7726 1.054100780685172933e-01
87.7809 1.053991645643642672e-01
87.7893 1.053882531223200997e-01
87.7976 1.053773437410031044e-01
87.8059 1.053664364200952996e-01
87.8142 1.053555311599870398e-01
87.8225 1.053446279592975265e-01
87.8308 1.053337268166468776e-01
87.8391 1.053228277310984534e-01
87.8474 1.053119307039280805e-01
87.8557 1.053010357335796704e-01
87.864 1.052901428187632965e-01
87.8724 1.052792519596047749e-01
87.8807 1.052683631548149701e-01
87.889 1.052574764043430200e-01
87.8973 1.052465917071657292e-01
87.9056 1.052357090630557240e-01
87.9139 1.052248284709020876e-01
87.9222 1.052139499296829150e-01
87.9305 1.052030734401430273e-01
87.9388 1.051921989997595536e-01
87.9471 1.051813266095425470e-01
87.9555 1.051704562686474470e-01
87.9638 1.051595879754359392e-01
87.9721 1.051487217291530579e-01
87.9804 1.051378575308084123e-01
87.9887 1.051269953785001626e-01
87.997 1.051161352707685598e-01
88.0053 1.051052772089760001e-01
88.0136 1.050944211922799493e-01
88.0219 1.050835672182519609e-01
88.0302 1.050727152867561298e-01
88.0386 1.050618653987136081e-01
88.0469 1.050510175521379708e-01
88.0552 1.050401717468934654e-01
88.0635 1.050293279816114644e-01
88.0718 1.050184862559806614e-01
88.0801 1.050076465697776518e-01
88.0884 1.049968089228670298e-01
88.0967 1.049859733126498607e-01
88.105 1.049751397403113073e-01
88.1133 1.049643082045730036e-01
88.1216 1.049534787041571521e-01
88.13 1.049426512403365264e-01
88.1383 1.049318258102511503e-01
88.1466 1.049210024144707210e-01
88.1549 1.049101810520702421e-01
88.1632 1.048993617218620111e-01
88.1715 1.048885444242395881e-01
88.1798 1.048777291583669891e-01
88.1881 1.048669159231448711e-01
88.1964 1.048561047182649669e-01
88.2047 1.048452955426286970e-01
88.2131 1.048344883957527396e-01
88.2214 1.048236832774167293e-01
88.2297 1.048128801866988896e-01
88.238 1.048020791227652765e-01
88.2463 1.047912800858349230e-01
88.2546 1.047804830745480836e-01
88.2629 1.047696880881597847e-01
88.2712 1.047588951260126494e-01
88.2795 1.047481041871870661e-01
88.2878 1.047373152722527317e-01
88.2962 1.047265283803778535e-01
88.3045 1.047157435097672284e-01
88.3128 1.047049606598530608e-01
88.3211 1.046941798314678373e-01
88.3294 1.046834010232556844e-01
88.3377 1.046726242340361157e-01
88.346 1.046618494632421265e-01
88.3543 1.046510767106564460e-01
88.3626 1.046403059761494697e-01
88.3709 1.046295372579299776e-01
88.3793 1.046187705562187376e-01
88.3876 1.046080058699248722e-01
88.3959 1.045972431990070117e-01
88.4042 1.045864825418506838e-01
88.4125 1.045757238979782150e-01
88.4208 1.045649672683092446e-01
88.4291 1.045542126504446501e-01
88.4374 1.045434600448675727e-01
88.4457 1.045327094495295955e-01
88.454 1.045219608646522913e-01
88.4624 1.045112142908935088e-01
88.4707 1.045004697258567206e-01
88.479 1.044897271695022362e-01
88.4873 1.044789866207435497e-01
88.4956 1.044682480803258706e-01
88.5039 1.044575115456808229e-01
88.5122 1.044467770173797688e-01
88.5205 1.044360444953829764e-01
88.5288 1.044253139770373179e-01
88.5371 1.044145854636978898e-01
88.5455 1.044038589541933931e-01
88.5538 1.043931344474398476e-01
88.5621 1.043824119425283414e-01
88.5704 1.043716914401169038e-01
88.5787 1.043609729389485680e-01
88.587 1.043502564377667974e-01
88.5953 1.043395419372299543e-01
88.6036 1.043288294350381562e-01
88.6119 1.043181189316760848e-01
88.6202 1.043074104262364937e-01
88.6285 1.042967039190297596e-01
88.6369 1.042859994079321506e-01
88.6452 1.042752968929070156e-01
88.6535 1.042645963740909537e-01
88.6618 1.042538978497096619e-01
88.6701 1.042432013185106560e-01
88.6784 1.042325067821947421e-01
88.6867 1.042218142395092695e-01
88.695 1.042111236883346281e-01
88.7033 1.042004351289821523e-01
88.7116 1.041897485614160374e-01
88.72 1.041790639838649085e-01
88.7283 1.041683813964670441e-01
88.7366 1.041577007977991381e-01
88.7449 1.041470221881730662e-01
88.7532 1.041363455675531763e-01
88.7615 1.041256709334773822e-01
88.7698 1.041149982864309070e-01
88.7781 1.041043276260324446e-01
88.7864 1.040936589506878118e-01
88.7947 1.040829922601897300e-01
88.8031 1.040723275543305459e-01
88.8114 1.040616648329028421e-01
88.8197 1.040510040936216130e-01
88.828 1.040403453367997472e-01
88.8363 1.040296885630955098e-01
88.8446 1.040190337698795042e-01
88.8529 1.040083809576374391e-01
88.8612 1.039977301254711856e-01
88.8695 1.039870812724827814e-01
88.8778 1.039764343989851847e-01
88.8862 1.039657895028707341e-01
88.8945 1.039551465841072331e-01
88.9028 1.039445056436986980e-01
88.9111 1.039338666788479915e-01
88.9194 1.039232296902138641e-01
88.9277 1.039125946765551978e-01
88.936 1.039019616373218630e-01
88.9443 1.038913305717916041e-01
88.9526 1.038807014806229501e-01
88.9609 1.038700743611954413e-01
88.9693 1.038594492136504649e-01
88.9776 1.038488260383018252e-01
88.9859 1.038382048340830699e-01
88.9942 1.038275856001008024e-01
89.0025 1.038169683352896527e-01
89.0108 1.038063530394467832e-01
89.0191 1.037957397127137749e-01
89.0274 1.037851283535091429e-01
89.0357 1.037745189616302299e-01
89.044 1.037639115370468240e-01
89.0524 1.037533060766287069e-01
89.0607 1.037427025827573346e-01
89.069 1.037321010543693911e-01
89.0773 1.037215014897136939e-01
89.0856 1.037109038879005657e-01
89.0939 1.037003082495891737e-01
89.1022 1.036897145747499166e-01
89.1105 1.036791228609453414e-01
89.1188 1.036685331074590766e-01
89.1271 1.036579453156379893e-01
89.1354 1.036473594832183071e-01
89.1438 1.036367756106872789e-01
89.1521 1.036261936966415831e-01
89.1604 1.036156137405376959e-01
89.1687 1.036050357421758605e-01
89.177 1.035944597010126506e-01
89.1853 1.035838856159899679e-01
89.1936 1.035733134865651217e-01
89.2019 1.035627433127105923e-01
89.2102 1.035521750931975016e-01
89.2185 1.035416088276554514e-01
89.2269 1.035310445151995523e-01
89.2352 1.035204821559743832e-01
89.2435 1.035099217484094780e-01
89.2518 1.034993632926498180e-01
89.2601 1.034888067881543083e-01
89.2684 1.034782522331825216e-01
89.2767 1.034676996287366146e-01
89.285 1.034571489732480642e-01
89.2933 1.034466002661770384e-01
89.3016 1.034360535068126891e-01
89.31 1.034255086956428760e-01
89.3183 1.034149658311008246e-01
89.3266 1.034044249117918451e-01
89.3349 1.033938859382043662e-01
89.3432 1.033833489103129361e-01
89.3515 1.033728138267236280e-01
89.3598 1.033622806862142668e-01
89.3681 1.033517494892732952e-01
89.3764 1.033412202350209308e-01
89.3847 1.033306929227488513e-01
89.3931 1.033201675517488871e-01
89.4014 1.033096441214842454e-01
89.4097 1.032991226317598321e-01
89.418 1.032886030815266115e-01
89.4263 1.032780854702484291e-01
89.4346 1.032675697970477785e-01
89.4429 1.032570560617304678e-01
89.4512 1.032465442644435738e-01
89.4595 1.032360344026036769e-01
89.4678 1.032255264773823816e-01
89.4762 1.032150204884150352e-01
89.4845 1.032045164329495335e-01
89.4928 1.031940143128393522e-01
89.5011 1.031835141256744054e-01
89.5094 1.031730158721143181e-01
89.5177 1.031625195506025300e-01
89.526 1.031520251611169336e-01
89.5343 1.031415327031241919e-01
89.5426 1.031310421754098733e-01
89.5509 1.031205535782928756e-01
89.5593 1.031100669103890005e-01
89.5676 1.030995821725279316e-01
89.5759 1.030890993621345758e-01
89.5842 1.030786184793581611e-01
89.5925 1.030681395233268155e-01
89.6008 1.030576624948701392e-01
89.6091 1.030471873924359849e-01
89.6174 1.030367142146430964e-01
89.6257 1.030262429623212406e-01
89.634 1.030157736339196162e-01
89.6423 1.030053062294179617e-01
89.6507 1.029948407482860068e-01
89.659 1.029843771888045573e-01
89.6673 1.029739155518032551e-01
89.6756 1.029634558360730673e-01
89.6839 1.029529980410848339e-01
89.6922 1.029425421664793422e-01
89.7005 1.029320882108790969e-01
89.7088 1.029216361746043834e-01
89.7171 1.029111860562783448e-01
89.7254 1.029007378562213637e-01
89.7338 1.028902915733965334e-01
89.7421 1.028798472076153520e-01
89.7504 1.028694047578416204e-01
89.7587 1.028589642227006606e-01
89.767 1.028485256026828720e-01
89.7753 1.028380888972613705e-01
89.7836 1.028276541055706816e-01
89.7919 1.028172212270845737e-01
89.8002 1.028067902611075612e-01
89.8085 1.027963612069445892e-01
89.8169 1.027859340645779773e-01
89.8252 1.027755088328051319e-01
89.8335 1.027650855111010009e-01
89.8418 1.027546640997867300e-01
89.8501 1.027442445966456064e-01
89.8584 1.027338270025066613e-01
89.8667 1.027234113165071683e-01
89.875 1.027129975371086079e-01
89.8833 1.027025856654778524e-01
89.8916 1.026921756994007978e-01
89.9 1.026817676385233385e-01
89.9083 1.026713614836740618e-01
89.9166 1.026609572328093800e-01
89.9249 1.026505548855756594e-01
89.9332 1.026401544419570794e-01
89.9415 1.026297559012624150e-01
89.9498 1.026193592622943879e-01
89.9581 1.026089645252064031e-01
89.9664 1.025985716893079575e-01
89.9747 1.025881807539088530e-01
89.9831 1.025777917179819809e-01
89.9914 1.025674045808379065e-01
89.9997 1.025570193429677646e-01
90.008 1.025466360035136443e-01
90.0163 1.025362545616180232e-01
90.0246 1.025258750162552912e-01
90.0329 1.025154973672428305e-01
90.0412 1.025051216147347677e-01
90.0495 1.024947477570325172e-01
90.0578 1.024843757937854982e-01
90.0662 1.024740057249798747e-01
90.0745 1.024636375495918544e-01
90.0828 1.024532712671029078e-01
90.0911 1.024429068774995455e-01
90.0994 1.024325443797587387e-01
90.1077 1.024221837726898565e-01
90.116 1.024118250561118076e-01
90.1243 1.024014682301798707e-01
90.1326 1.023911132940403257e-01
90.1409 1.023807602465037353e-01
90.1492 1.023704090880617479e-01
90.1576 1.023600598158453112e-01
90.1659 1.023497124320266599e-01
90.1742 1.023393669355851243e-01
90.1825 1.023290233239894653e-01
90.1908 1.023186815980677844e-01
90.1991 1.023083417579759152e-01
90.2074 1.022980038015199600e-01
90.2157 1.022876677291920666e-01
90.224 1.022773335404771888e-01
90.2323 1.022670012343574464e-01
90.2407 1.022566708103184313e-01
90.249 1.022463422676783695e-01
90.2573 1.022360156064263115e-01
90.2656 1.022256908255455427e-01
90.2739 1.022153679243549412e-01
90.2822 1.022050469026764136e-01
90.2905 1.021947277594942305e-01
90.2988 1.021844104947981224e-01
90.3071 1.021740951080752080e-01
90.3154 1.021637815978083397e-01
90.3238 1.021534699639878307e-01
90.3321 1.021431602062689986e-01
90.3404 1.021328523248092868e-01
90.3487 1.021225463169217473e-01
90.357 1.021122421834338156e-01
90.3653 1.021019399245031850e-01
90.3736 1.020916395379463798e-01
90.3819 1.020813410249248321e-01
90.3902 1.020710443832560516e-01
90.3985 1.020607496124300573e-01
90.4069 1.020504567129395801e-01
90.4152 1.020401656837733595e-01
90.4235 1.020298765249227912e-01
90.4318 1.020195892345421851e-01
90.4401 1.020093038132913882e-01
90.4484 1.019990202601603196e-01
90.4567 1.019887385736388263e-01
90.465 1.019784587550542493e-01
90.4733 1.019681808027298464e-01
90.4816 1.019579047158239160e-01
90.49 1.019476304946626000e-01
90.4983 1.019373581382376354e-01
90.5066 1.019270876457080699e-01
90.5149 1.019168190165666843e-01
90.5232 1.019065522513064592e-01
90.5315 1.018962873480869918e-01
90.5398 1.018860243069016763e-01
90.5481 1.018757631267442204e-01
90.5564 1.018655038074416930e-01
90.5647 1.018552463488209270e-01
90.5731 1.018449907497100404e-01
90.5814 1.018347370094370430e-01
90.5897 1.018244851286614905e-01
90.598 1.018142351050476263e-01
90.6063 1.018039869392552699e-01
90.6146 1.017937406309457893e-01
90.6229 1.017834961777851488e-01
90.6312 1.017732535809322131e-01
90.6395 1.017630128398825246e-01
90.6478 1.017527739529685282e-01
90.6561 1.017425369208499047e-01
90.6645 1.017323017421921244e-01
90.6728 1.017220684161597305e-01
90.6811 1.017118369430802111e-01
90.6894 1.017016073217862221e-01
90.6977 1.016913795519412134e-01
90.706 1.016811536325446935e-01
90.7143 1.016709295637584082e-01
90.7226 1.016607073450801341e-01
90.7309 1.016504869750125134e-01
90.7392 1.016402684537175138e-01
90.7476 1.016300517811912774e-01
90.7559 1.016198369559372372e-01
90.7642 1.016096239769573861e-01
90.7725 1.015994128449112660e-01
90.7808 1.015892035592982079e-01
90.7891 1.015789961182918671e-01
90.7974 1.015687905225521881e-01
90.8057 1.015585867704194567e-01
90.814 1.015483848622223267e-01
90.8223 1.015381847979575647e-01
90.8307 1.015279865754703109e-01
90.839 1.015177901952546285e-01
90.8473 1.015075956568116805e-01
90.8556 1.014974029586497434e-01
90.8639 1.014872121015940737e-01
90.8722 1.014770230848150295e-01
90.8805 1.014668359063263248e-01
90.8888 1.014566505669529523e-01
90.8971 1.014464670665277540e-01
90.9054 1.014362854030653599e-01
90.9138 1.014261055762342711e-01
90.9221 1.014159275863634746e-01
90.9304 1.014057514334514992e-01
90.9387 1.013955771158450980e-01
90.947 1.013854046322225089e-01
90.9553 1.013752339830782945e-01
90.9636 1.013650651692368371e-01
90.9719 1.013548981875611321e-01
90.9802 1.013447330387111933e-01
90.9885 1.013345697223563130e-01
90.9969 1.013244082376714428e-01
91.0052 1.013142485844911733e-01
91.0135 1.013040907614962960e-01
91.0218 1.012939347680274493e-01
91.0301 1.012837806050738282e-01
91.0384 1.012736282714814529e-01
91.0467 1.012634777657678148e-01
91.055 1.012533290876039271e-01
91.0633 1.012431822364965178e-01
91.0716 1.012330372131047540e-01
91.08 1.012228940167704816e-01
91.0883 1.012127526442020281e-01
91.0966 1.012026130975408195e-01
91.1049 1.011924753764582713e-01
91.1132 1.011823394784876068e-01
91.1215 1.011722054039593671e-01
91.1298 1.011620731536973378e-01
91.1381 1.011519427252359771e-01
91.1464 1.011418141182486019e-01
91.1547 1.011316873333944072e-01
91.163 1.011215623701819805e-01
91.1714 1.011114392261482781e-01
91.1797 1.011013179016246322e-01
91.188 1.010911983972700851e-01
91.1963 1.010810807111161141e-01
91.2046 1.010709648436577540e-01
91.2129 1.010608507944048690e-01
91.2212 1.010507385613902687e-01
91.2295 1.010406281446172144e-01
91.2378 1.010305195447448456e-01
91.2461 1.010204127604634877e-01
91.2545 1.010103077906280566e-01
91.2628 1.010002046352420912e-01
91.2711 1.009901032943087140e-01
91.2794 1.009800037668477091e-01
91.2877 1.009699060520429653e-01
91.296 1.009598101494067340e-01
91.3043 1.009497160591064646e-01
91.3126 1.009396237791804485e-01
91.3209 1.009295333101240810e-01
91.3292 1.009194446517777677e-01
91.3376 1.009093578031629995e-01
91.3459 1.008992727636294773e-01
91.3542 1.008891895321996079e-01
91.3625 1.008791081095326281e-01
91.3708 1.008690284941604065e-01
91.3791 1.008589506847795553e-01
91.3874 1.008488746833574173e-01
91.3957 1.008388004871189070e-01
91.404 1.008287280972135491e-01
91.4123 1.008186575113580868e-01
91.4207 1.008085887292312355e-01
91.429 1.007985217524724753e-01
91.4373 1.007884565786361791e-01
91.4456 1.007783932067483901e-01
91.4539 1.007683316368150478e-01
91.4622 1.007582718693319640e-01
91.4705 1.007482139036515595e-01
91.4788 1.007381577379845572e-01
91.4871 1.007281033725003633e-01
91.4954 1.007180508075315450e-01
91.5038 1.007080000401479603e-01
91.5121 1.006979510711722980e-01
91.5204 1.006879039012632121e-01
91.5287 1.006778585284706928e-01
91.537 1.006678149528015820e-01
91.5453 1.006577731731220504e-01
91.5536 1.006477331899279515e-01
91.5619 1.006376950022487837e-01
91.5702 1.006276586091143233e-01
91.5785 1.006176240098807934e-01
91.5869 1.006075912047184884e-01
91.5952 1.005975601929837704e-01
91.6035 1.005875309738703122e-01
91.6118 1.005775035477113610e-01
91.6201 1.005674779125620560e-01
91.6284 1.005574540684307516e-01
91.6367 1.005474320159760043e-01
91.645 1.005374117522786631e-01
91.6533 1.005273932791359293e-01
91.6616 1.005173765947677267e-01
91.6699 1.005073616983700457e-01
91.6783 1.004973485915766906e-01
91.6866 1.004873372714712582e-01
91.6949 1.004773277387126934e-01
91.7032 1.004673199915233212e-01
91.7115 1.004573140307244983e-01
91.7198 1.004473098561626393e-01
91.7281 1.004373074654120179e-01
91.7364 1.004273068596183843e-01
91.7447 1.004173080376552091e-01
91.753 1.004073109990452906e-01
91.7614 1.003973157433116770e-01
91.7697 1.003873222699776108e-01
91.778 1.003773305785665010e-01
91.7863 1.003673406681156038e-01
91.7946 1.003573525379868048e-01
91.8029 1.003473661886766649e-01
91.8112 1.003373816193849771e-01
91.8195 1.003273988289881125e-01
91.8278 1.003174178163629970e-01
91.8361 1.003074385831399101e-01
91.8445 1.002974611283574957e-01
91.8528 1.002874854495980766e-01
91.8611 1.002775115465495276e-01
91.8694 1.002675394210031101e-01
91.8777 1.002575690702189465e-01
91.886 1.002476004946939309e-01
91.8943 1.002376336942775031e-01
91.9026 1.002276686676872031e-01
91.9109 1.002177054144497287e-01
91.9192 1.002077439340918058e-01
91.9276 1.001977842259788587e-01
91.9359 1.001878262906074762e-01
91.9442 1.001778701262121957e-01
91.9525 1.001679157328052988e-01
91.9608 1.001579631103988455e-01
91.9691 1.001480122570673204e-01
91.9774 1.001380631736305815e-01
91.9857 1.001281158588096520e-01
91.994 1.001181703127785177e-01
92.0023 1.001082265340975663e-01
92.0107 1.000982845235863367e-01
92.019 1.000883442789992916e-01
92.0273 1.000784058001886329e-01
92.0356 1.000684690887798656e-01
92.0439 1.000585341425286184e-01
92.0522 1.000486009606423587e-01
92.0605 1.000386695428123890e-01
92.0688 1.000287398884078249e-01
92.0771 1.000188119972813677e-01
92.0854 1.000088858697687488e-01
92.0938 9.999896150475608148e-02
92.1021 9.998903890016420937e-02
92.1104 9.997911805761744430e-02
92.1187 9.996919897600280158e-02
92.127 9.995928165436895885e-02
92.1353 9.994936609176502396e-02
92.1436 9.993945228868825192e-02
92.1519 9.992954024450961814e-02
92.1602 9.991962995827888272e-02
92.1685 9.990972143017155804e-02
92.1768 9.989981465907706026e-02
92.1852 9.988990964420681185e-02
92.1935 9.988000638525465491e-02
92.2018 9.987010488271771957e-02
92.2101 9.986020513548642119e-02
92.2184 9.985030714148836195e-02
92.2267 9.984041090266626561e-02
92.235 9.983051641775085583e-02
92.2433 9.982062368499201865e-02
92.2516 9.981073270568970035e-02
92.2599 9.980084347761303265e-02
92.2683 9.979095600077837747e-02
92.2766 9.978107027632446280e-02
92.2849 9.977118630218211048e-02
92.2932 9.976130407772632047e-02
92.3015 9.975142360249268647e-02
92.3098 9.974154487617721554e-02
92.3181 9.973166789959761469e-02
92.3264 9.972179266956561483e-02
92.3347 9.971191918802085885e-02
92.343 9.970204745433898508e-02
92.3514 9.969217746581432449e-02
92.3597 9.968230922278481509e-02
92.368 9.967244272670829075e-02
92.3763 9.966257797584078537e-02
92.3846 9.965271496795939654e-02
92.3929 9.964285370468202452e-02
92.4012 9.963299418586586687e-02
92.4095 9.962313640896927613e-02
92.4178 9.961328037465000396e-02
92.4261 9.960342608308565826e-02
92.4345 9.959357353269530921e-02
92.4428 9.958372272381672829e-02
92.4511 9.957387365407101287e-02
92.4594 9.956402632475502834e-02
92.4677 9.955418073572705473e-02
92.476 9.954433688556781068e-02
92.4843 9.953449477365715337e-02
92.4926 9.952465439985408446e-02
92.5009 9.951481576337919965e-02
92.5092 9.950497886345339993e-02
92.5176 9.949514370105308481e-02
92.5259 9.948531027412284289e-02
92.5342 9.947547858252250852e-02
92.5425 9.946564862563346543e-02
92.5508 9.945582040443165517e-02
92.5591 9.944599391670411181e-02
92.5674 9.943616916231116931e-02
92.5757 9.942634614127242310e-02
92.584 9.941652485233273828e-02
92.5923 9.940670529519349263e-02
92.6007 9.939688747035232974e-02
92.609 9.938707137639564426e-02
92.6173 9.937725701302516090e-02
92.6256 9.936744437930582208e-02
92.6339 9.935763347509884991e-02
92.6422 9.934782430106108009e-02
92.6505 9.933801685434863471e-02
92.6588 9.932821113545983738e-02
92.6671 9.931840714568762607e-02
92.6754 9.930860488155371368e-02
92.6837 9.929880434403351441e-02
92.6921 9.928900553378362803e-02
92.7004 9.927920844828165559e-02
92.7087 9.926941308754910764e-02
92.717 9.925961945192504632e-02
92.7253 9.924982754079503255e-02
92.7336 9.924003735259216696e-02
92.7419 9.923024888813211652e-02
92.7502 9.922046214616611626e-02
92.7585 9.921067712608094835e-02
92.7668 9.920089382758108532e-02
92.7752 9.919111225037101354e-02
92.7835 9.918133239383801480e-02
92.7918 9.917155425721110862e-02
92.8001 9.916177784067101153e-02
92.8084 9.915200314360554656e-02
92.8167 9.914223016476865491e-02
92.825 9.913245890386596093e-02
92.8333 9.912268936107855588e-02
92.8416 9.911292153563656948e-02
92.8499 9.910315542772105135e-02
92.8583 9.909339103513696567e-02
92.8666 9.908362835774933708e-02
92.8749 9.907386739573971479e-02
92.8832 9.906410814928934272e-02
92.8915 9.905435061731303337e-02
92.8998 9.904459479840985181e-02
92.9081 9.903484069307803839e-02
92.9164 9.902508830118270100e-02
92.9247 9.901533762084921420e-02
92.933 9.900558865210155879e-02
92.9414 9.899584139575400010e-02
92.9497 9.898609584961684527e-02
92.958 9.897635201371433877e-02
92.9663 9.896660988791246283e-02
92.9746 9.895686947191920102e-02
92.9829 9.894713076512670624e-02
92.9912 9.893739376582186273e-02
92.9995 9.892765847481899133e-02
93.0078 9.891792489166871538e-02
93.0161 9.890819301529048257e-02
93.0245 9.889846284507773644e-02
93.0328 9.888873438152871731e-02
93.0411 9.887900762340580407e-02
93.0494 9.886928256962984607e-02
93.0577 9.885955922054158462e-02
93.066 9.884983757600836196e-02
93.0743 9.884011763558213370e-02
93.0826 9.883039939802694407e-02
93.0909 9.882068286242275124e-02
93.0992 9.881096802926800371e-02
93.1076 9.880125489764289559e-02
93.1159 9.879154346710058987e-02
93.1242 9.878183373813927137e-02
93.1325 9.877212570889490340e-02
93.1408 9.876241937939363169e-02
93.1491 9.875271474887449552e-02
93.1574 9.874301181673424133e-02
93.1657 9.873331058378587155e-02
93.174 9.872361104848213775e-02
93.1823 9.871391321084946324e-02
93.1906 9.870421706965609721e-02
93.199 9.869452262414266097e-02
93.2073 9.868482987480771407e-02
93.2156 9.867513882183491514e-02
93.2239 9.866544946352212575e-02
93.2322 9.865576179863941308e-02
93.2405 9.864607582847095824e-02
93.2488 9.863639155178703655e-02
93.2571 9.862670896814366983e-02
93.2654 9.861702807725414299e-02
93.2737 9.860734887836075657e-02
93.2821 9.859767137007852122e-02
93.2904 9.858799555353386923e-02
93.2987 9.857832142828336364e-02
93.307 9.856864899247207157e-02
93.3153 9.855897824644176131e-02
93.3236 9.854930918959306507e-02
93.3319 9.853964182132683713e-02
93.3402 9.852997614151443040e-02
93.3485 9.852031214955704608e-02
93.3568 9.851064984485596865e-02
93.3652 9.850098922618638619e-02
93.3735 9.849133029467339873e-02
93.3818 9.848167304862250060e-02
93.3901 9.847201748790576636e-02
93.3984 9.846236361286514471e-02
93.4067 9.845271142165058775e-02
93.415 9.844306091460432173e-02
93.4233 9.843341209081625520e-02
93.4316 9.842376495015922599e-02
93.4399 9.841411949141083693e-02
93.4483 9.840447571538268878e-02
93.4566 9.839483362053998150e-02
93.4649 9.838519320659980250e-02
93.4732 9.837555447468566971e-02
93.4815 9.836591742232615732e-02
93.4898 9.835628204861365798e-02
93.4981 9.834664835451586984e-02
93.5064 9.833701634021840832e-02
93.5147 9.832738600325220679e-02
93.523 9.831775734349144924e-02
93.5314 9.830813036159112561e-02
93.5397 9.829850505726876742e-02
93.548 9.828888142883784873e-02
93.5563 9.827925947648481764e-02
93.5646 9.826963919946021808e-02
93.5729 9.826002059701462177e-02
93.5812 9.825040366917896228e-02
93.5895 9.824078841551597829e-02
93.5978 9.823117483512122661e-02
93.6061 9.822156292849312798e-02
93.6145 9.821195269394829286e-02
93.6228 9.820234413151790465e-02
93.6311 9.819273724123318836e-02
93.6394 9.818313202172331000e-02
93.6477 9.817352847255274295e-02
93.656 9.816392659468704818e-02
93.6643 9.815432638597805515e-02
93.6726 9.814472784661311400e-02
93.6809 9.813513097584593281e-02
93.6892 9.812553577355272172e-02
93.6975 9.811594223960974637e-02
93.7059 9.810635037342650688e-02
93.7142 9.809676017379091728e-02
93.7225 9.808717164011333811e-02
93.7308 9.807758477304806544e-02
93.7391 9.806799957153899960e-02
93.7474 9.805841603546322505e-02
93.7557 9.804883416314395805e-02
93.764 9.803925395523556408e-02
93.7723 9.802967541192568468e-02
93.7806 9.802009853091753211e-02
93.789 9.801052331333093282e-02
93.7973 9.800094975749108761e-02
93.8056 9.799137786374148562e-02
93.8139 9.798180763149444417e-02
93.8222 9.797223906062775545e-02
93.8305 9.796267214977849580e-02
93.8388 9.795310689835963480e-02
93.8471 9.794354330687016219e-02
93.8554 9.793398137518809221e-02
93.8637 9.792442110117670351e-02
93.8721 9.791486248517988766e-02
93.8804 9.790530552769630135e-02
93.8887 9.789575022705512830e-02
93.897 9.788619658251603017e-02
93.9053 9.787664459566178254e-02
93.9136 9.786709426358390640e-02
93.9219 9.785754558678136372e-02
93.9302 9.784799856559807385e-02
93.9385 9.783845319805596630e-02
93.9468 9.782890948511836771e-02
93.9552 9.781936742573625609e-02
93.9635 9.780982701839761873e-02
93.9718 9.780028826452923096e-02
93.9801 9.779075116323773798e-02
93.9884 9.778121571316625293e-02
93.9967 9.777168191404085607e-02
94.005 9.776214976558740555e-02
94.0133 9.775261926784108157e-02
94.0216 9.774309041944635734e-02
94.0299 9.773356322028431409e-02
94.0383 9.772403767085345583e-02
94.0466 9.771451377026239837e-02
94.0549 9.770499151653944114e-02
94.0632 9.769547090972081904e-02
94.0715 9.768595195076822113e-02
94.0798 9.767643463956274252e-02
94.0881 9.766691897305422587e-02
94.0964 9.765740495297592361e-02
94.1047 9.764789257782120757e-02
94.113 9.763838184747222759e-02
94.1214 9.762887276165657657e-02
94.1297 9.761936531902334901e-02
94.138 9.760985952007132649e-02
94.1463 9.760035536437462744e-02
94.1546 9.759085285150717604e-02
94.1629 9.758135198073546179e-02
94.1712 9.757185275070989761e-02
94.1795 9.756235516146774533e-02
94.1878 9.755285921412340522e-02
94.1961 9.754336490655843295e-02
94.2045 9.753387223804038664e-02
94.2128 9.752438121014538053e-02
94.2211 9.751489182014073942e-02
94.2294 9.750540406867942711e-02
94.2377 9.749591795549099327e-02
94.246 9.748643347953640792e-02
94.2543 9.747695064069945847e-02
94.2626 9.746746943794172557e-02
94.2709 9.745798987160836369e-02
94.2792 9.744851194142960249e-02
94.2875 9.743903564682843133e-02
94.2959 9.742956098569231782e-02
94.3042 9.742008795882761696e-02
94.3125 9.741061656719347817e-02
94.3208 9.740114680745015630e-02
94.3291 9.739167868163177422e-02
94.3374 9.738221218824155700e-02
94.3457 9.737274732655067100e-02
94.354 9.736328409675108764e-02
94.3623 9.735382249780753783e-02
94.3706 9.734436252929866418e-02
94.379 9.733490419110986391e-02
94.3873 9.732544748373971044e-02
94.3956 9.731599240554053565e-02
94.4039 9.730653895486568450e-02
94.4122 9.729708713359334904e-02
94.4205 9.728763694038332355e-02
94.4288 9.727818837374321848e-02
94.4371 9.726874143555014340e-02
94.4454 9.725929612308691075e-02
94.4537 9.724985243700558224e-02
94.4621 9.724041037673328280e-02
94.4704 9.723096994139135418e-02
94.4787 9.722153113132558921e-02
94.487 9.721209394519861324e-02
94.4953 9.720265838396807689e-02
94.5036 9.719322444583834708e-02
94.5119 9.718379212977935888e-02
94.5202 9.717436143690152961e-02
94.5285 9.716493236632761654e-02
94.5368 9.715550491825047930e-02
94.5452 9.714607908995992469e-02
94.5535 9.713665488256625902e-02
94.5618 9.712723229626248067e-02
94.5701 9.711781132986710419e-02
94.5784 9.710839198280991902e-02
94.5867 9.709897425436841978e-02
94.595 9.708955814488866298e-02
94.6033 9.708014365334313722e-02
94.6116 9.707073077946762329e-02
94.6199 9.706131952330297741e-02
94.6283 9.705190988305986699e-02
94.6366 9.704250185938977091e-02
94.6449 9.703309545248611778e-02
94.6532 9.702369066056051872e-02
94.6615 9.701428748319736173e-02
94.6698 9.700488592059056114e-02
94.6781 9.699548597156273932e-02
94.6864 9.698608763676495881e-02
94.6947 9.697669091593394408e-02
94.703 9.696729580682698912e-02
94.7114 9.695790231024757622e-02
94.7197 9.694851042593306822e-02
94.728 9.693912015255545800e-02
94.7363 9.692973149106998143e-02
94.7446 9.692034443893199347e-02
94.7529 9.691095899755319820e-02
94.7612 9.690157516651926040e-02
94.7695 9.689219294359131818e-02
94.7778 9.688281233018058991e-02
94.7861 9.687343332480917446e-02
94.7944 9.686405592691182953e-02
94.8028 9.685468013683530553e-02
94.8111 9.684530595462206848e-02
94.8194 9.683593337788418132e-02
94.8277 9.682656240712063378e-02
94.836 9.681719304298178064e-02
94.8443 9.680782528414383359e-02
94.8526 9.679845912943554898e-02
94.8609 9.678909457920388537e-02
94.8692 9.677973163334034623e-02
94.8775 9.677037029097770859e-02
94.8859 9.676101055155263142e-02
94.8942 9.675165241419871054e-02
94.9025 9.674229587926300167e-02
94.9108 9.673294094633416718e-02
94.9191 9.672358761484943501e-02
94.9274 9.671423588424632456e-02
94.9357 9.670488575350795479e-02
94.944 9.669553722298154796e-02
94.9523 9.668619029271090237e-02
94.9606 9.667684496092246449e-02
94.969 9.666750122796347044e-02
94.9773 9.665815909251557203e-02
94.9856 9.664881855598564386e-02
94.9939 9.663947961675277420e-02
95.0022 9.663014227365095132e-02
95.0105 9.662080652687639326e-02
95.0188 9.661147237692747913e-02
95.0271 9.660213982278986755e-02
95.0354 9.659280886329855986e-02
95.0437 9.658347949834744650e-02
95.0521 9.657415172813266224e-02
95.0604 9.656482555118767186e-02
95.0687 9.655550096846440833e-02
95.077 9.654617797895004294e-02
95.0853 9.653685658148129789e-02
95.0936 9.652753677580168390e-02
95.1019 9.651821856195662297e-02
95.1102 9.650890194014243029e-02
95.1185 9.649958690874387013e-02
95.1268 9.649027346659935778e-02
95.1352 9.648096161586749986e-02
95.1435 9.647165135448125539e-02
95.1518 9.646234268173221882e-02
95.1601 9.645303559781734370e-02
95.1684 9.644373010187770601e-02
95.1767 9.643442619426095819e-02
95.185 9.642512387350557490e-02
95.1933 9.641582314011008792e-02
95.2016 9.640652399351776203e-02
95.2099 9.639722643196688145e-02
95.2183 9.638793045655870417e-02
95.2266 9.637863606628523094e-02
95.2349 9.636934326104240611e-02
95.2432 9.636005204027445203e-02
95.2515 9.635076240297438255e-02
95.2598 9.634147434843660929e-02
95.2681 9.633218787761113622e-02
95.2764 9.632290298979222232e-02
95.2847 9.631361968427457065e-02
95.293 9.630433795960124943e-02
95.3013 9.629505781702267508e-02
95.3097 9.628577925463129017e-02
95.318 9.627650227262492255e-02
95.3263 9.626722687255377664e-02
95.3346 9.625795304995654611e-02
95.3429 9.624868080683475491e-02
95.3512 9.623941014323576792e-02
95.3595 9.623014105740461399e-02
95.3678 9.622087354908899492e-02
95.3761 9.621160761953771734e-02
95.3844 9.620234326594616359e-02
95.3928 9.619308048926308863e-02
95.4011 9.618381928893612876e-02
95.4094 9.617455966381303900e-02
95.4177 9.616530161394218346e-02
95.426 9.615604513937175968e-02
95.4343 9.614679023940007896e-02
95.4426 9.613753691347572128e-02
95.4509 9.612828516044791272e-02
95.4592 9.611903498126465883e-02
95.4675 9.610978637477543551e-02
95.4759 9.610053934013000621e-02
95.4842 9.609129387752700369e-02
95.4925 9.608204998671564245e-02
95.5008 9.607280766699587138e-02
95.5091 9.606356691736855913e-02
95.5174 9.605432773878107289e-02
95.5257 9.604509012903711396e-02
95.534 9.603585408923363820e-02
95.5423 9.602661961807311408e-02
95.5506 9.601738671530575531e-02
95.559 9.600815538068180333e-02
95.5673 9.599892561410103275e-02
95.5756 9.598969741426723046e-02
95.5839 9.598047078093123463e-02
95.5922 9.597124571503938550e-02
95.6005 9.596202221425008394e-02
95.6088 9.595280027906168130e-02
95.6171 9.594357990937452119e-02
95.6254 9.593436110329688071e-02
95.6337 9.592514386237235846e-02
95.6421 9.591592818560545908e-02
95.6504 9.590671407244903690e-02
95.6587 9.589750152131151784e-02
95.667 9.588829053209436959e-02
95.6753 9.587908110619090818e-02
95.6836 9.586987324201012850e-02
95.6919 9.586066693870760880e-02
95.7002 9.585146219722870398e-02
95.7085 9.584225901523821256e-02
95.7168 9.583305739323436101e-02
95.7252 9.582385733096984715e-02
95.7335 9.581465882760135944e-02
95.7418 9.580546188347782710e-02
95.7501 9.579626649820306705e-02
95.7584 9.578707267033849393e-02
95.7667 9.577788039919091223e-02
95.775 9.576868968585403041e-02
95.7833 9.575950052948548064e-02
95.7916 9.575031292909465253e-02
95.7999 9.574112688473299104e-02
95.8082 9.573194239481527812e-02
95.8166 9.572275946058345086e-02
95.8249 9.571357808134509093e-02
95.8332 9.570439825551589619e-02
95.8415 9.569521998329662271e-02
95.8498 9.568604326503631075e-02
95.8581 9.567686810019201959e-02
95.8664 9.566769448703221768e-02
95.8747 9.565852242516352522e-02
95.883 9.564935191567819350e-02
95.8913 9.564018295833084937e-02
95.8997 9.563101555079733807e-02
95.908 9.562184969327885975e-02
95.9163 9.561268538642168913e-02
95.9246 9.560352262923885180e-02
95.9329 9.559436142118923896e-02
95.9412 9.558520176128675050e-02
95.9495 9.557604364943593500e-02
95.9578 9.556688708598615190e-02
95.9661 9.555773207024846616e-02
95.9744 9.554857860153412319e-02
95.9828 9.553942667900668095e-02
95.9911 9.553027630316374141e-02
95.9994 9.552112747302096696e-02
96.0077 9.551198018744599949e-02
96.016 9.550283444827011026e-02
96.0243 9.549369025302777148e-02
96.0326 9.548454760192076618e-02
96.0409 9.547540649470621921e-02
96.0492 9.546626692995718866e-02
96.0575 9.545712890905948267e-02
96.0659 9.544799243014256973e-02
96.0742 9.543885749326012913e-02
96.0825 9.542972409876178397e-02
96.0908 9.542059224507387638e-02
96.0991 9.541146193195480796e-02
96.1074 9.540233315916264722e-02
96.1157 9.539320592704718382e-02
96.124 9.538408023374056466e-02
96.1323 9.537495608047949491e-02
96.1406 9.536583346628328683e-02
96.149 9.535671238913802361e-02
96.1573 9.534759285042772314e-02
96.1656 9.533847484991125887e-02
96.1739 9.532935838557549113e-02
96.1822 9.532024345836118129e-02
96.1905 9.531113006743696658e-02
96.1988 9.530201821256238659e-02
96.2071 9.529290789334923795e-02
96.2154 9.528379910822959431e-02
96.2237 9.527469185888100267e-02
96.2321 9.526558614344077247e-02
96.2404 9.525648196122664391e-02
96.2487 9.524737931362081689e-02
96.257 9.523827819772973102e-02
96.2653 9.522917861493558622e-02
96.2736 9.522008056529314424e-02
96.2819 9.521098404664762871e-02
96.2902 9.520188905934914847e-02
96.2985 9.519279560227508763e-02
96.3068 9.518370367651184105e-02
96.3151 9.517461328167294010e-02
96.3235 9.516552441560567621e-02
96.3318 9.515643707836630993e-02
96.3401 9.514735127104054224e-02
96.3484 9.513826699235983231e-02
96.3567 9.512918424120306304e-02
96.365 9.512010301792071798e-02
96.3733 9.511102332198032028e-02
96.3816 9.510194515285003147e-02
96.3899 9.509286851014481234e-02
96.3982 9.508379339348016490e-02
96.4066 9.507471980335294170e-02
96.4149 9.506564773776238209e-02
96.4232 9.505657719661821103e-02
96.4315 9.504750818027085657e-02
96.4398 9.503844068760182451e-02
96.4481 9.502937471954885085e-02
96.4564 9.502031027425963949e-02
96.4647 9.501124735135103860e-02
96.473 9.500218595132003951e-02
96.4813 9.499312607348976700e-02
96.4897 9.498406771659674563e-02
96.498 9.497501088143167625e-02
96.5063 9.496595556731793342e-02
96.5146 9.495690177255336484e-02
96.5229 9.494784949836802823e-02
96.5312 9.493879874452589018e-02
96.5395 9.492974950873922513e-02
96.5478 9.492070179179848410e-02
96.5561 9.491165559361443294e-02
96.5644 9.490261091351213929e-02
96.5728 9.489356775081680961e-02
96.5811 9.488452610558617550e-02
96.5894 9.487548597699929642e-02
96.5977 9.486644736379691578e-02
96.606 9.485741026750037219e-02
96.6143 9.484837468685039519e-02
96.6226 9.483934062073449967e-02
96.6309 9.483030806994230399e-02
96.6392 9.482127703306908462e-02
96.6475 9.481224751017330865e-02
96.6559 9.480321950116674112e-02
96.6642 9.479419300552294203e-02
96.6725 9.478516802169244249e-02
96.6808 9.477614455046479147e-02
96.6891 9.476712259204408961e-02
96.6974 9.475810214429770950e-02
96.7057 9.474908320772254533e-02
96.714 9.474006578223127806e-02
96.7223 9.473104986671439243e-02
96.7306 9.472203546108497185e-02
96.739 9.471302256525573893e-02
96.7473 9.470401117841005523e-02
96.7556 9.469500130060679033e-02
96.7639 9.468599293088385271e-02
96.7722 9.467698606900863678e-02
96.7805 9.466798071474875897e-02
96.7888 9.465897686743429684e-02
96.7971 9.464997452712467507e-02
96.8054 9.464097369300449036e-02
96.8137 9.463197436527902295e-02
96.822 9.462297654225912402e-02
96.8304 9.461398022473303804e-02
96.8387 9.460498541232315040e-02
96.847 9.459599210334160291e-02
96.8553 9.458700029901316586e-02
96.8636 9.457800999823268162e-02
96.8719 9.456902120033230941e-02
96.8802 9.456003390566297684e-02
96.8885 9.455104811282956379e-02
96.8968 9.454206382203769743e-02
96.9051 9.453308103305653465e-02
96.9135 9.452409974521890079e-02
96.9218 9.451511995814888822e-02
96.9301 9.450614167147056155e-02
96.9384 9.449716488335493936e-02
96.9467 9.448818959676903717e-02
96.955 9.447921580872145619e-02
96.9633 9.447024351927289787e-02
96.9716 9.446127272833874933e-02
96.9799 9.445230343554388008e-02
96.9882 9.444333563978742074e-02
96.9966 9.443436934171087205e-02
97.0049 9.442540454093942270e-02
97.0132 9.441644123535700150e-02
97.0215 9.440747942647589874e-02
97.0298 9.439851911319623035e-02
97.0381 9.438956029470882414e-02
97.0464 9.438060297208995808e-02
97.0547 9.437164714351546635e-02
97.063 9.436269280817700944e-02
97.0713 9.435373996729559676e-02
97.0797 9.434478861933821847e-02
97.088 9.433583876422145520e-02
97.0963 9.432689040171698958e-02
97.1046 9.431794353188621693e-02
97.1129 9.430899815261831187e-02
97.1212 9.430005426469932617e-02
97.1295 9.429111186934882594e-02
97.1378 9.428217096257532348e-02
97.1461 9.427323154675673611e-02
97.1544 9.426429362065236184e-02
97.1628 9.425535718331154444e-02
97.1711 9.424642223595350310e-02
97.1794 9.423748877661519696e-02
97.1877 9.422855680535900669e-02
97.196 9.421962632181334063e-02
97.2043 9.421069732575138023e-02
97.2126 9.420176981622377377e-02
97.2209 9.419284379430435672e-02
97.2292 9.418391925846597568e-02
97.2375 9.417499620703784213e-02
97.2459 9.416607464210494105e-02
97.2542 9.415715456199660882e-02
97.2625 9.414823596720858778e-02
97.2708 9.413931885607119965e-02
97.2791 9.413040322835883322e-02
97.2874 9.412148908427873939e-02
97.2957 9.411257642360518205e-02
97.304 9.410366524582387815e-02
97.3123 9.409475554998820990e-02
97.3206 9.408584733673813760e-02
97.3289 9.407694060426224913e-02
97.3373 9.406803535348887135e-02
97.3456 9.405913158303973176e-02
97.3539 9.405022929196975301e-02
97.3622 9.404132848264763755e-02
97.3705 9.403242915239917732e-02
97.3788 9.402353130085595867e-02
97.3871 9.401463492822571821e-02
97.3954 9.400574003414001456e-02
97.4037 9.399684661837445776e-02
97.412 9.398795468056085622e-02
97.4204 9.397906421917996689e-02
97.4287 9.397017523429589125e-02
97.437 9.396128772683576269e-02
97.4453 9.395240169542477815e-02
97.4536 9.394351713955169381e-02
97.4619 9.393463405899310503e-02
97.4702 9.392575245295060882e-02
97.4785 9.391687232220706505e-02
97.4868 9.390799366538934989e-02
97.4951 9.389911648227451668e-02
97.5035 9.389024077278314284e-02
97.5118 9.388136653597416170e-02
97.5201 9.387249377205572620e-02
97.5284 9.386362247965643335e-02
97.5367 9.385475265898474140e-02
97.545 9.384588431182747104e-02
97.5533 9.383701743480434010e-02
97.5616 9.382815202769353990e-02
97.5699 9.381928809113397605e-02
97.5782 9.381042562432977128e-02
97.5866 9.380156462734595690e-02
97.5949 9.379270510010383199e-02
97.6032 9.378384704152133156e-02
97.6115 9.377499045109016773e-02
97.6198 9.376613532815911145e-02
97.6281 9.375728167293674586e-02
97.6364 9.374842948591809166e-02
97.6447 9.373957876501941289e-02
97.653 9.373072951044962575e-02
97.6613 9.372188172284690033e-02
97.6697 9.371303540070145821e-02
97.678 9.370419054307704831e-02
97.6863 9.369534715046891338e-02
97.6946 9.368650522337186592e-02
97.7029 9.367766476056353653e-02
97.7112 9.366882576139444472e-02
97.7195 9.365998822464333129e-02
97.7278 9.365115215137741200e-02
97.7361 9.364231754151941534e-02
97.7444 9.363348439341959151e-02
97.7528 9.362465270728716205e-02
97.7611 9.361582248233078773e-02
97.7694 9.360699371847387706e-02
97.7777 9.359816641635396173e-02
97.786 9.358934057418016872e-02
97.7943 9.358051619159059309e-02
97.8026 9.357169326922287755e-02
97.8109 9.356287180600111886e-02
97.8192 9.355405180099277129e-02
97.8275 9.354523325440736170e-02
97.8358 9.353641616673948056e-02
97.8442 9.352760053705683196e-02
97.8525 9.351878636371439846e-02
97.8608 9.350997364792025535e-02
97.8691 9.350116238931312218e-02
97.8774 9.349235258525108450e-02
97.8857 9.348354423865241902e-02
97.894 9.347473734701813863e-02
97.9023 9.346593190927574013e-02
97.9106 9.345712792777209621e-02
97.9189 9.344832540072191274e-02
97.9273 9.343952432605628911e-02
97.9356 9.343072470612126534e-02
97.9439 9.342192653927525181e-02
97.9522 9.341312982530095010e-02
97.9605 9.340433456383881450e-02
97.9688 9.339554075353337370e-02
97.9771 9.338674839615972167e-02
97.9854 9.337795748936671136e-02
97.9937 9.336916803407561971e-02
98.002 9.336038002836320737e-02
98.0104 9.335159347286628440e-02
98.0187 9.334280836864755626e-02
98.027 9.333402471307396253e-02
98.0353 9.332524250564534773e-02
98.0436 9.331646174756667855e-02
98.0519 9.330768243805333262e-02
98.0602 9.329890457617907862e-02
98.0685 9.329012816215408177e-02
98.0768 9.328135319505262424e-02
98.0851 9.327257967480105660e-02
98.0935 9.326380760132566006e-02
98.1018 9.325503697313368423e-02
98.1101 9.324626779114518482e-02
98.1184 9.323750005500268390e-02
98.1267 9.322873376293067116e-02
98.135 9.321996891556531828e-02
98.1433 9.321120551198264215e-02
98.1516 9.320244355281849524e-02
98.1599 9.319368303743268134e-02
98.1682 9.318492396476001083e-02
98.1766 9.317616633373605739e-02
98.1849 9.316741014683836697e-02
98.1932 9.315865540116056998e-02
98.2015 9.314990209648883746e-02
98.2098 9.314115023402509685e-02
98.2181 9.313239981100662757e-02
98.2264 9.312365082934333238e-02
98.2347 9.311490328853774812e-02
98.243 9.310615718597047008e-02
98.2513 9.309741252355056840e-02
98.2597 9.308866930021543473e-02
98.268 9.307992751462010328e-02
98.2763 9.307118716796573821e-02
98.2846 9.306244825904901041e-02
98.2929 9.305371078709148702e-02
98.3012 9.304497475343495583e-02
98.3095 9.303624015631152544e-02
98.3178 9.302750699451953209e-02
98.3261 9.301877526869427315e-02
98.3344 9.301004497961169737e-02
98.3427 9.300131612508186207e-02
98.3511 9.299258870559852508e-02
98.3594 9.298386272094931460e-02
98.3677 9.297513817021613169e-02
98.376 9.296641505304586994e-02
98.3843 9.295769336936759997e-02
98.3926 9.294897311882835411e-02
98.4009 9.294025430163931067e-02
98.4092 9.293153691575521680e-02
98.4175 9.292282096181087025e-02
98.4258 9.291410643987663143e-02
98.4342 9.290539334889522105e-02
98.4425 9.289668168893722155e-02
98.4508 9.288797146021396389e-02
98.4591 9.287926266040084922e-02
98.4674 9.287055528999170473e-02
98.4757 9.286184935004308805e-02
98.484 9.285314483865408919e-02
98.4923 9.284444175603642768e-02
98.5006 9.283574010127565446e-02
98.5089 9.282703987472430696e-02
98.5173 9.281834107617180363e-02
98.5256 9.280964370442276734e-02
98.5339 9.280094775870453838e-02
98.5422 9.279225324063551661e-02
98.5505 9.278356014747408953e-02
98.5588 9.277486848013558052e-02
98.5671 9.276617823883170910e-02
98.5754 9.275748942293078614e-02
98.5837 9.274880203039628790e-02
98.592 9.274011606200253943e-02
98.6004 9.273143151894500114e-02
98.6087 9.272274839862584828e-02
98.617 9.271406670097680214e-02
98.6253 9.270538642606952762e-02
98.6336 9.269670757355474855e-02
98.6419 9.268803014406548635e-02
98.6502 9.267935413626991747e-02
98.6585 9.267067954869634416e-02
98.6668 9.266200638239933951e-02
98.6751 9.265333463688951721e-02
98.6835 9.264466431069630359e-02
98.6918 9.263599540571477997e-02
98.7001 9.262732792047448371e-02
98.7084 9.261866185224403025e-02
98.7167 9.260999720474044627e-02
98.725 9.260133397551272016e-02
98.7333 9.259267216309241544e-02
98.7416 9.258401176937319788e-02
98.7499 9.257535279260649397e-02
98.7582 9.256669523230477703e-02
98.7666 9.255803908966082905e-02
98.7749 9.254938436236699595e-02
98.7832 9.254073105133620025e-02
98.7915 9.253207915594104105e-02
98.7998 9.252342867485532918e-02
98.8081 9.251477960885144680e-02
98.8164 9.250613195814201550e-02
98.8247 9.249748572084171006e-02
98.833 9.248884089674425102e-02
98.8413 9.248019748718074029e-02
98.8496 9.247155548956825788e-02
98.858 9.246291490453918682e-02
98.8663 9.245427573258588327e-02
98.8746 9.244563797168561803e-02
98.8829 9.243700162177247159e-02
98.8912 9.242836668487483531e-02
98.8995 9.241973315827278768e-02
98.9078 9.241110104078346932e-02
98.9161 9.240247033415588396e-02
98.9244 9.239384103762576794e-02
98.9327 9.238521314987117872e-02
98.9411 9.237658667166342985e-02
98.9494 9.236796160168113390e-02
98.9577 9.235933793957966376e-02
98.966 9.235071568640908224e-02
98.9743 9.234209484043014171e-02
98.9826 9.233347540129885345e-02
98.9909 9.232485736950719890e-02
98.9992 9.231624074387484447e-02
99.0075 9.230762552391852394e-02
99.0158 9.229901171096625834e-02
99.0242 9.229039930216666188e-02
99.0325 9.228178829870856137e-02
99.0408 9.227317870108346642e-02
99.0491 9.226457050672039195e-02
99.0574 9.225596371611147206e-02
99.0657 9.224735832933125823e-02
99.074 9.223875434687124619e-02
99.0823 9.223015176657969882e-02
99.0906 9.222155058769686276e-02
99.0989 9.221295081252275927e-02
99.1073 9.220435243876753950e-02
99.1156 9.219575546608906047e-02
99.1239 9.218715989483995676e-02
99.1322 9.217856572467800214e-02
99.1405 9.216997295470508167e-02
99.1488 9.216138158430153826e-02
99.1571 9.215279161423685361e-02
99.1654 9.214420304305806497e-02
99.1737 9.213561587139565412e-02
99.182 9.212703009835258861e-02
99.1904 9.211844572275462717e-02
99.1987 9.210986274578755739e-02
99.207 9.210128116669345777e-02
99.2153 9.209270098416018346e-02
99.2236 9.208412219826313250e-02
99.2319 9.207554480949384224e-02
99.2402 9.206696881667920940e-02
99.2485 9.205839421934029765e-02
99.2568 9.204982101782968607e-02
99.2651 9.204124921139125726e-02
99.2735 9.203267879968467235e-02
99.2818 9.202410978236993944e-02
99.2901 9.201554215855289875e-02
99.2984 9.200697592900203281e-02
99.3067 9.199841109254630611e-02
99.315 9.198984764884639287e-02
99.3233 9.198128559797798254e-02
99.3316 9.197272493960172157e-02
99.3399 9.196416567310132517e-02
99.3482 9.195560779827613440e-02
99.3565 9.194705131354187488e-02
99.3649 9.193849622022011447e-02
99.3732 9.192994251810986117e-02
99.3815 9.192139020548953376e-02
99.3898 9.191283928271203052e-02
99.3981 9.190428974999180489e-02
99.4064 9.189574160574633110e-02
99.4147 9.188719484936146153e-02
99.423 9.187864948174279123e-02
99.4313 9.187010550351912275e-02
99.4396 9.186156291297072063e-02
99.448 9.185302170865530802e-02
99.4563 9.184448189106406146e-02
99.4646 9.183594346054975432e-02
99.4729 9.182740641677480942e-02
99.4812 9.181887075815971244e-02
99.4895 9.181033648560946170e-02
99.4978 9.180180359795898914e-02
99.5061 9.179327209528534426e-02
99.5144 9.178474197683789138e-02
99.5227 9.177621324338311459e-02
99.5311 9.176768589320549729e-02
99.5394 9.175915992720920511e-02
99.5477 9.175063534367955409e-02
99.556 9.174211214214275656e-02
99.5643 9.173359032405402347e-02
99.5726 9.172506988880127499e-02
99.5809 9.171655083398254360e-02
99.5892 9.170803315995115779e-02
99.5975 9.169951686843673400e-02
99.6058 9.169100195676302412e-02
99.6142 9.168248842583356928e-02
99.6225 9.167397627462486875e-02
99.6308 9.166546550335212540e-02
99.6391 9.165695611126742359e-02
99.6474 9.164844809803583681e-02
99.6557 9.163994146318503453e-02
99.664 9.163143620665534228e-02
99.6723 9.162293232852444791e-02
99.6806 9.161442982735808205e-02
99.6889 9.160592870378400643e-02
99.6973 9.159742895678078811e-02
99.7056 9.158893058601436099e-02
99.7139 9.158043359211227863e-02
99.7222 9.157193797350428321e-02
99.7305 9.156344373068057985e-02
99.7388 9.155495086317001763e-02
99.7471 9.154645937008987211e-02
99.7554 9.153796925151855279e-02
99.7637 9.152948050629933219e-02
99.772 9.152099313560839444e-02
99.7804 9.151250713870064113e-02
99.7887 9.150402251428291223e-02
99.797 9.149553926188540298e-02
99.8053 9.148705738254661601e-02
99.8136 9.147857687552225781e-02
99.8219 9.147009774020550821e-02
99.8302 9.146161997585279535e-02
99.8385 9.145314358226894202e-02
99.8468 9.144466855939573091e-02
99.8551 9.143619490690105267e-02
99.8634 9.142772262404195993e-02
99.8718 9.141925171130826921e-02
99.8801 9.141078216795718581e-02
99.8884 9.140231399297266135e-02
99.8967 9.139384718766552229e-02
99.905 9.138538174910411371e-02
99.9133 9.137691767846267688e-02
99.9216 9.136845497636737756e-02
99.9299 9.135999364043533022e-02
99.9382 9.135153367252368817e-02
99.9465 9.134307507011364680e-02
99.9549 9.133461783424179359e-02
99.9632 9.132616196471399217e-02
99.9715 9.131770746037953801e-02
99.9798 9.130925432022506116e-02
99.9881 9.130080254501345138e-02
99.9964 9.129235213509732938e-02
100.005 9.128390308946339460e-02
100.013 9.127545540709894323e-02
100.021 9.126700908808385582e-02
100.03 9.125856413154248559e-02
100.038 9.125012053878298057e-02
100.046 9.124167830906598775e-02
100.055 9.123323743974273703e-02
100.063 9.122479793225780897e-02
100.071 9.121635978696378266e-02
100.08 9.120792300257675456e-02
100.088 9.119948757849515031e-02
100.096 9.119105351575329532e-02
100.104 9.118262081197778257e-02
100.113 9.117418946738553576e-02
100.121 9.116575948314681321e-02
100.129 9.115733085838780003e-02
100.138 9.114890359114577456e-02
100.146 9.114047768190999821e-02
100.154 9.113205313185018808e-02
100.163 9.112362993900430252e-02
100.171 9.111520810345297150e-02
100.179 9.110678762473235770e-02
100.188 9.109836850197071401e-02
100.196 9.108995073579298496e-02
100.204 9.108153432736776356e-02
100.212 9.107311927283114061e-02
100.221 9.106470557280857414e-02
100.229 9.105629322928428249e-02
100.237 9.104788223961993165e-02
100.246 9.103947260389673446e-02
100.254 9.103106432287501326e-02
100.262 9.102265739514091292e-02
100.271 9.101425182023227534e-02
100.279 9.100584759836609361e-02
100.287 9.099744472921593441e-02
100.296 9.098904321177675447e-02
100.304 9.098064304735156704e-02
100.312 9.097224423371380597e-02
100.32 9.096384677094505877e-02
100.329 9.095545066021211433e-02
100.337 9.094705589888268937e-02
100.345 9.093866248785251183e-02
100.354 9.093027042679598104e-02
100.362 9.092187971538787106e-02
100.37 9.091349035370943632e-02
100.379 9.090510233994454625e-02
100.387 9.089671567431063803e-02
100.395 9.088833035810897631e-02
100.404 9.087994638952391624e-02
100.412 9.087156376782470901e-02
100.42 9.086318249336414188e-02
100.429 9.085480256635936058e-02
100.437 9.084642398553803566e-02
100.445 9.083804675017015384e-02
100.453 9.082967086155581404e-02
100.462 9.082129631842350559e-02
100.47 9.081292311950218965e-02
100.478 9.080455126609189576e-02
100.487 9.079618075746272166e-02
100.495 9.078781159261498090e-02
100.503 9.077944377109010976e-02
100.512 9.077107729405205216e-02
100.52 9.076271215969022865e-02
100.528 9.075434836714138531e-02
100.537 9.074598591824462046e-02
100.545 9.073762481173093530e-02
100.553 9.072926504646690316e-02
100.561 9.072090662280546391e-02
100.57 9.071254954001876925e-02
100.578 9.070419379818962791e-02
100.586 9.069583939699545072e-02
100.595 9.068748633557423278e-02
100.603 9.067913461427851152e-02
100.611 9.067078423305607870e-02
100.62 9.066243519037055221e-02
100.628 9.065408748563089092e-02
100.636 9.064574111999884609e-02
100.645 9.063739609355714322e-02
100.653 9.062905240423126119e-02
100.661 9.062071005156550896e-02
100.67 9.061236903699070033e-02
100.678 9.060402935897274301e-02
100.686 9.059569101732521668e-02
100.694 9.058735401226619688e-02
100.703 9.057901834280111808e-02
100.711 9.057068400860945889e-02
100.719 9.056235100977448604e-02
100.728 9.055401934570647682e-02
100.736 9.054568901608489595e-02
100.744 9.053736002058966614e-02
100.753 9.052903235916942570e-02
100.761 9.052070603096616652e-02
100.769 9.051238103660126655e-02
100.778 9.050405737454446375e-02
100.786 9.049573504461058682e-02
100.794 9.048741404795888899e-02
100.802 9.047909438198442622e-02
100.811 9.047077604798095529e-02
100.819 9.046245904589744757e-02
100.827 9.045414337339950650e-02
100.836 9.044582903245172723e-02
100.844 9.043751602166050230e-02
100.852 9.042920433976686656e-02
100.861 9.042089398833207115e-02
100.869 9.041258496623151564e-02
100.877 9.040427727274406855e-02
100.886 9.039597090755129016e-02
100.894 9.038766587046914713e-02
100.902 9.037936216198415307e-02
100.91 9.037105978110732130e-02
100.919 9.036275872671596654e-02
100.927 9.035445899956516536e-02
100.935 9.034616059906869223e-02
100.944 9.033786352584703694e-02
100.952 9.032956777703596285e-02
100.96 9.032127335432844906e-02
100.969 9.031298025660304540e-02
100.977 9.030468848488198974e-02
100.985 9.029639803750834359e-02
100.994 9.028810891296022711e-02
101.002 9.027982111373247798e-02
101.01 9.027153463843691494e-02
101.019 9.026324948541822324e-02
101.027 9.025496565623361556e-02
101.035 9.024668315029842069e-02
101.043 9.023840196515585388e-02
101.052 9.023012210249627130e-02
101.06 9.022184356186956078e-02
101.068 9.021356634188973378e-02
101.077 9.020529044411264297e-02
101.085 9.019701586715242470e-02
101.093 9.018874260962431166e-02
101.102 9.018047067228182612e-02
101.11 9.017220005440855501e-02
101.118 9.016393075702465454e-02
101.127 9.015566277847888998e-02
101.135 9.014739611778839479e-02
101.143 9.013913077570645527e-02
101.151 9.013086675231822553e-02
101.16 9.012260404690816684e-02
101.168 9.011434265862747206e-02
101.176 9.010608258729504993e-02
101.185 9.009782383286293883e-02
101.193 9.008956639528341304e-02
101.201 9.008131027357499376e-02
101.21 9.007305546689024778e-02
101.218 9.006480197691475731e-02
101.226 9.005654980226755757e-02
101.235 9.004829894210153451e-02
101.243 9.004004939623620751e-02
101.251 9.003180116475743844e-02
101.26 9.002355424695185349e-02
101.268 9.001530864330491155e-02
101.276 9.000706435323654886e-02
101.284 8.999882137483569688e-02
101.293 8.999057970951997165e-02
101.301 8.998233935684281370e-02
101.309 8.997410031555962140e-02
101.318 8.996586258682094661e-02
101.326 8.995762616885037699e-02
101.334 8.994939106160135256e-02
101.343 8.994115726582502246e-02
101.351 8.993292478014489055e-02
101.359 8.992469360438147541e-02
101.368 8.991646373782373469e-02
101.376 8.990823518135562797e-02
101.384 8.990000793386743183e-02
101.392 8.989178199438292716e-02
101.401 8.988355736405152785e-02
101.409 8.987533404189695929e-02
101.417 8.986711202747474370e-02
101.426 8.985889132007490732e-02
101.434 8.985067192071348463e-02
101.442 8.984245382761874010e-02
101.451 8.983423704061234416e-02
101.459 8.982602156057714615e-02
101.467 8.981780738587528956e-02
101.476 8.980959451699166429e-02
101.484 8.980138295334999521e-02
101.492 8.979317269410913571e-02
101.5 8.978496374001906921e-02
101.509 8.977675609103392962e-02
101.517 8.976854974406003884e-02
101.525 8.976034470143776089e-02
101.534 8.975214096259143126e-02
101.542 8.974393852615104861e-02
101.55 8.973573739366071111e-02
101.559 8.972753756255898161e-02
101.567 8.971933903293351220e-02
101.575 8.971114180579839448e-02
101.584 8.970294588004952552e-02
101.592 8.969475125524496717e-02
101.6 8.968655793094297557e-02
101.609 8.967836590709887812e-02
101.617 8.967017518406457388e-02
101.625 8.966198576073719506e-02
101.633 8.965379763641105615e-02
101.642 8.964561081157049194e-02
101.65 8.963742528471707605e-02
101.658 8.962924105739232539e-02
101.667 8.962105812849445463e-02
101.675 8.961287649679000600e-02
101.683 8.960469616302751961e-02
101.692 8.959651712676634794e-02
101.7 8.958833938664187424e-02
101.708 8.958016294353436659e-02
101.717 8.957198779713562709e-02
101.725 8.956381394674156615e-02
101.733 8.955564139164848281e-02
101.741 8.954747013168067038e-02
101.75 8.953930016732208896e-02
101.758 8.953113149720980102e-02
101.766 8.952296412182773888e-02
101.775 8.951479804100022364e-02
101.783 8.950663325323343633e-02
101.791 8.949846975953855421e-02
101.8 8.949030755868574161e-02
101.808 8.948214664997299062e-02
101.816 8.947398703454283175e-02
101.825 8.946582871156127936e-02
101.833 8.945767168019484739e-02
101.841 8.944951594053207611e-02
101.85 8.944136149187154050e-02
101.858 8.943320833482841514e-02
101.866 8.942505646764843663e-02
101.874 8.941690589107853526e-02
101.883 8.940875660441784112e-02
101.891 8.940060860775503326e-02
101.899 8.939246190052113628e-02
101.908 8.938431648201583535e-02
101.916 8.937617235206517241e-02
101.924 8.936802951154676489e-02
101.933 8.935988795805176188e-02
101.941 8.935174769285231244e-02
101.949 8.934360871538014892e-02
101.958 8.933547102467311041e-02
101.966 8.932733462134592739e-02
101.974 8.931919950391134511e-02
101.982 8.931106567337795954e-02
101.991 8.930293312852170817e-02
101.999 8.929480186930062457e-02
102.007 8.928667189541013294e-02
102.016 8.927854320628333951e-02
102.024 8.927041580227201845e-02
102.032 8.926228968267817254e-02
102.041 8.925416484641073012e-02
102.049 8.924604129434619837e-02
102.057 8.923791902644262475e-02
102.066 8.922979804095386436e-02
102.074 8.922167833836287809e-02
102.082 8.921355991771073857e-02
102.09 8.920544277987345338e-02
102.099 8.919732692441627309e-02
102.107 8.918921235011870174e-02
102.115 8.918109905641573298e-02
102.124 8.917298704379025831e-02
102.132 8.916487631272464187e-02
102.14 8.915676686173738819e-02
102.149 8.914865869026405987e-02
102.157 8.914055179826381459e-02
102.165 8.913244618700416622e-02
102.174 8.912434185408889264e-02
102.182 8.911623879921586056e-02
102.19 8.910813702391390256e-02
102.199 8.910003652644200856e-02
102.207 8.909193730636735808e-02
102.215 8.908383936456457097e-02
102.223 8.907574269916304632e-02
102.232 8.906764731155995818e-02
102.24 8.905955320014669052e-02
102.248 8.905146036475244942e-02
102.257 8.904336880572878699e-02
102.265 8.903527852277404175e-02
102.273 8.902718951467272768e-02
102.282 8.901910178060171153e-02
102.29 8.901101532274012518e-02
102.298 8.900293014026419702e-02
102.307 8.899484623000211703e-02
102.315 8.898676359387158730e-02
102.323 8.897868223157168188e-02
102.331 8.897060214293203706e-02
102.34 8.896252332686947761e-02
102.348 8.895444578321401452e-02
102.356 8.894636951218683196e-02
102.365 8.893829451244480988e-02
102.373 8.893022078538205533e-02
102.381 8.892214832952548276e-02
102.39 8.891407714405408225e-02
102.398 8.890600722984048909e-02
102.406 8.889793858619399192e-02
102.415 8.888987121190342067e-02
102.423 8.888180510836188319e-02
102.431 8.887374027409804256e-02
102.439 8.886567670907283278e-02
102.448 8.885761441324718790e-02
102.456 8.884955338502084632e-02
102.464 8.884149362539586758e-02
102.473 8.883343513511350598e-02
102.481 8.882537791192376964e-02
102.489 8.881732195448800715e-02
102.498 8.880926726601796883e-02
102.506 8.880121384361479298e-02
102.514 8.879316168762999006e-02
102.523 8.878511079802504924e-02
102.531 8.877706117450147316e-02
102.539 8.876901281611153383e-02
102.548 8.876096572333642964e-02
102.556 8.875291989509891122e-02
102.564 8.874487533188014921e-02
102.572 8.873683203273309561e-02
102.581 8.872878999723032845e-02
102.589 8.872074922676126407e-02
102.597 8.871270971843295272e-02
102.606 8.870467147324567758e-02
102.614 8.869663449206934003e-02
102.622 8.868859877253129631e-02
102.631 8.868056431550164209e-02
102.639 8.867253112003503634e-02
102.647 8.866449918570502853e-02
102.656 8.865646851364041015e-02
102.664 8.864843910276655470e-02
102.672 8.864041095149113869e-02
102.68 8.863238406133150393e-02
102.689 8.862435843121375945e-02
102.697 8.861633406071198205e-02
102.705 8.860831094952997811e-02
102.714 8.860028909737162339e-02
102.722 8.859226850510562579e-02
102.73 8.858424917075329030e-02
102.739 8.857623109427775754e-02
102.747 8.856821427654756884e-02
102.755 8.856019871623195538e-02
102.764 8.855218441290607645e-02
102.772 8.854417136679174072e-02
102.78 8.853615957733486364e-02
102.789 8.852814904488638670e-02
102.797 8.852013976760002290e-02
102.805 8.851213174686085872e-02
102.813 8.850412498198585720e-02
102.822 8.849611947177578319e-02
102.83 8.848811521645252864e-02
102.838 8.848011221597970599e-02
102.847 8.847211047044979682e-02
102.855 8.846410997827708345e-02
102.863 8.845611073955456094e-02
102.872 8.844811275476227586e-02
102.88 8.844011602347662260e-02
102.888 8.843212054475821371e-02
102.897 8.842412631753918117e-02
102.905 8.841613334358941478e-02
102.913 8.840814162222762618e-02
102.921 8.840015115096805376e-02
102.93 8.839216193170897073e-02
102.938 8.838417396364094125e-02
102.946 8.837618724608373166e-02
102.955 8.836820177938824183e-02
102.963 8.836021756235915015e-02
102.971 8.835223459586254158e-02
102.98 8.834425287780220404e-02
102.988 8.833627240981674344e-02
102.996 8.832829319122671718e-02
103.005 8.832031521993695400e-02
103.013 8.831233849797186231e-02
103.021 8.830436302323677045e-02
103.029 8.829638879659741646e-02
103.038 8.828841581840420061e-02
103.046 8.828044408617795324e-02
103.054 8.827247360091272643e-02
103.063 8.826450436321629789e-02
103.071 8.825653637061066370e-02
103.079 8.824856962396122884e-02
103.088 8.824060412348989912e-02
103.096 8.823263986800533587e-02
103.104 8.822467685811508087e-02
103.113 8.821671509275669232e-02
103.121 8.820875457163859790e-02
103.129 8.820079529549675057e-02
103.138 8.819283726262709677e-02
103.146 8.818488047209699365e-02
103.154 8.817692492656746539e-02
103.162 8.816897062420687992e-02
103.171 8.816101756344114915e-02
103.179 8.815306574539091833e-02
103.187 8.814511516950870873e-02
103.196 8.813716583524731918e-02
103.204 8.812921774308542233e-02
103.212 8.812127089170673777e-02
103.221 8.811332528133362929e-02
103.229 8.810538091129131721e-02
103.237 8.809743778116145563e-02
103.246 8.808949589206345465e-02
103.254 8.808155524242565482e-02
103.262 8.807361583221452739e-02
103.27 8.806567766075588943e-02
103.279 8.805774072840044653e-02
103.287 8.804980503409011450e-02
103.295 8.804187057868761990e-02
103.304 8.803393736139113190e-02
103.312 8.802600538088764526e-02
103.32 8.801807463867916681e-02
103.329 8.801014513332494626e-02
103.337 8.800221686402431853e-02
103.345 8.799428983227874923e-02
103.354 8.798636403549753293e-02
103.362 8.797843947505412654e-02
103.37 8.797051615078729792e-02
103.379 8.796259406138591530e-02
103.387 8.795467320681700507e-02
103.395 8.794675358730329184e-02
103.403 8.793883520230059980e-02
103.412 8.793091805139299777e-02
103.42 8.792300213352610694e-02
103.428 8.791508744956122445e-02
103.437 8.790717399959296907e-02
103.445 8.789926178180171301e-02
103.453 8.789135079743101708e-02
103.462 8.788344104440683202e-02
103.47 8.787553252371743673e-02
103.478 8.786762523545785242e-02
103.487 8.785971917832004208e-02
103.495 8.785181435176186993e-02
103.503 8.784391075677107363e-02
103.511 8.783600839280525374e-02
103.52 8.782810725868496482e-02
103.528 8.782020735412358892e-02
103.536 8.781230867896158698e-02
103.545 8.780441123456832198e-02
103.553 8.779651501925542223e-02
103.561 8.778862003197233921e-02
103.57 8.778072627345134826e-02
103.578 8.777283374340595634e-02
103.586 8.776494244078594797e-02
103.595 8.775705236594168179e-02
103.603 8.774916351947743831e-02
103.611 8.774127589970741325e-02
103.619 8.773338950583695062e-02
103.628 8.772550433897952082e-02
103.636 8.771762039923039489e-02
103.644 8.770973768465085973e-02
103.653 8.770185619584527914e-02
103.661 8.769397593227400145e-02
103.669 8.768609689365143567e-02
103.678 8.767821907994657882e-02
103.686 8.767034249049281136e-02
103.694 8.766246712564022825e-02
103.703 8.765459298548436418e-02
103.711 8.764672006758153500e-02
103.719 8.763884837278988760e-02
103.728 8.763097790171325840e-02
103.736 8.762310865393957426e-02
103.744 8.761524062842271365e-02
103.752 8.760737382411698526e-02
103.761 8.759950824226053756e-02
103.769 8.759164388244182475e-02
103.777 8.758378074323522333e-02
103.786 8.757591882549783935e-02
103.794 8.756805812869188077e-02
103.802 8.756019865151921933e-02
103.811 8.755234039471018748e-02
103.819 8.754448335772731238e-02
103.827 8.753662754066708629e-02
103.836 8.752877294286558196e-02
103.844 8.752091956416588325e-02
103.852 8.751306740390463190e-02
103.86 8.750521646255818298e-02
103.869 8.749736673807091691e-02
103.877 8.748951823205858291e-02
103.885 8.748167094360505269e-02
103.894 8.747382487280688790e-02
103.902 8.746598001900149355e-02
103.91 8.745813638127356016e-02
103.919 8.745029396085821083e-02
103.927 8.744245275582859800e-02
103.935 8.743461276628176904e-02
103.944 8.742677399332575428e-02
103.952 8.741893643528751701e-02
103.96 8.741110009125316327e-02
103.969 8.740326496296230152e-02
103.977 8.739543104886909886e-02
103.985 8.738759834894424539e-02
103.993 8.737976686189555253e-02
104.002 8.737193658946167119e-02
104.01 8.736410753035049603e-02
104.018 8.735627968364917395e-02
104.027 8.734845304958117895e-02
104.035 8.734062762773889266e-02
104.043 8.733280341834552540e-02
104.052 8.732498042111966341e-02
104.06 8.731715863514928622e-02
104.068 8.730933806027950383e-02
104.077 8.730151869635541240e-02
104.085 8.729370054322208028e-02
104.093 8.728588359996838908e-02
104.101 8.727806786719594090e-02
104.11 8.727025334424584613e-02
104.118 8.726244003146735317e-02
104.126 8.725462792769797526e-02
104.135 8.724681703215370066e-02
104.143 8.723900734568765247e-02
104.151 8.723119886726413141e-02
104.16 8.722339159698069833e-02
104.168 8.721558553556416071e-02
104.176 8.720778068046891596e-02
104.185 8.719997703342874384e-02
104.193 8.719217459303130191e-02
104.201 8.718437335899698049e-02
104.209 8.717657333230389993e-02
104.218 8.716877451066026850e-02
104.226 8.716097689479290755e-02
104.234 8.715318048593070910e-02
104.243 8.714538528128033812e-02
104.251 8.713759128144257793e-02
104.259 8.712979848626413448e-02
104.268 8.712200689609400639e-02
104.276 8.711421651002504429e-02
104.284 8.710642732752726936e-02
104.293 8.709863934832207111e-02
104.301 8.709085257300965000e-02
104.309 8.708306700068355055e-02
104.318 8.707528263031237559e-02
104.326 8.706749946262182238e-02
104.334 8.705971749808624760e-02
104.342 8.705193673416906919e-02
104.351 8.704415717272484532e-02
104.359 8.703637881234654872e-02
104.367 8.702860165313240637e-02
104.376 8.702082569392707856e-02
104.384 8.701305093558109327e-02
104.392 8.700527737756590108e-02
104.401 8.699750501947857428e-02
104.409 8.698973386091628235e-02
104.417 8.698196390185214399e-02
104.426 8.697419514175827593e-02
104.434 8.696642757948093438e-02
104.442 8.695866121687173544e-02
104.45 8.695089605277674105e-02
104.459 8.694313208516672720e-02
104.467 8.693536931651836552e-02
104.475 8.692760774555331749e-02
104.484 8.691984737036849429e-02
104.492 8.691208819231378835e-02
104.5 8.690433021098743771e-02
104.509 8.689657342586283584e-02
104.517 8.688881783716359553e-02
104.525 8.688106344348831001e-02
104.534 8.687331024581078365e-02
104.542 8.686555824310490670e-02
104.55 8.685780743471990806e-02
104.559 8.685005782150426179e-02
104.567 8.684230940193292392e-02
104.575 8.683456217660451282e-02
104.583 8.682681614536806591e-02
104.592 8.681907130757329782e-02
104.6 8.681132766344398788e-02
104.608 8.680358521145643824e-02
104.617 8.679584395146049125e-02
104.625 8.678810388430394096e-02
104.633 8.678036500946192944e-02
104.642 8.677262732703334980e-02
104.65 8.676489083499717980e-02
104.658 8.675715553457512275e-02
104.667 8.674942142536748446e-02
104.675 8.674168850610235182e-02
104.683 8.673395677700379558e-02
104.691 8.672622623979094059e-02
104.7 8.671849689107402614e-02
104.708 8.671076873170030508e-02
104.716 8.670304176264088947e-02
104.725 8.669531598200237721e-02
104.733 8.668759138975982992e-02
104.741 8.667986798563938333e-02
104.75 8.667214577110962659e-02
104.758 8.666442474328277246e-02
104.766 8.665670490325419473e-02
104.775 8.664898625099887175e-02
104.783 8.664126878549670285e-02
104.791 8.663355250672297170e-02
104.799 8.662583741427994088e-02
104.808 8.661812350839158403e-02
104.816 8.661041078853584652e-02
104.824 8.660269925406662017e-02
104.833 8.659498890471094279e-02
104.841 8.658727974044443110e-02
104.849 8.657957176285745182e-02
104.858 8.657186496795016284e-02
104.866 8.656415935718927979e-02
104.874 8.655645493104714705e-02
104.883 8.654875168925087181e-02
104.891 8.654104962991404637e-02
104.899 8.653334875388161984e-02
104.908 8.652564906112937548e-02
104.916 8.651795055051642036e-02
104.924 8.651025322251504335e-02
104.932 8.650255707697711294e-02
104.941 8.649486211301032901e-02
104.949 8.648716833059094666e-02
104.957 8.647947572944700290e-02
104.966 8.647178430905892721e-02
104.974 8.646409406965085975e-02
104.982 8.645640501057931526e-02
104.991 8.644871713132509794e-02
104.999 8.644103043161691091e-02
105.007 8.643334491291752852e-02
105.016 8.642566057309752914e-02
105.024 8.641797741163841085e-02
105.032 8.641029542913591932e-02
105.04 8.640261462581405594e-02
105.049 8.639493499979286617e-02
105.057 8.638725655216297761e-02
105.065 8.637957928240601324e-02
105.074 8.637190318988018090e-02
105.082 8.636422827468601127e-02
105.09 8.635655453618196198e-02
105.099 8.634888197409772148e-02
105.107 8.634121058828664319e-02
105.115 8.633354037922008617e-02
105.124 8.632587134502113513e-02
105.132 8.631820348665567022e-02
105.14 8.631053680422415275e-02
105.149 8.630287129560361425e-02
105.157 8.629520696213024977e-02
105.165 8.628754380328713947e-02
105.173 8.627988181917492505e-02
105.182 8.627222100754874945e-02
105.19 8.626456136999101354e-02
105.198 8.625690290610876776e-02
105.207 8.624924561526235711e-02
105.215 8.624158949718252476e-02
105.223 8.623393455086017512e-02
105.232 8.622628077812298508e-02
105.24 8.621862817574212079e-02
105.248 8.621097674579181191e-02
105.257 8.620332648750986260e-02
105.265 8.619567740087387409e-02
105.273 8.618802948425952071e-02
105.281 8.618038273776827685e-02
105.29 8.617273716273327056e-02
105.298 8.616509275728445605e-02
105.306 8.615744952103056298e-02
105.315 8.614980745542744067e-02
105.323 8.614216655835979508e-02
105.331 8.613452683091385453e-02
105.34 8.612688827159066529e-02
105.348 8.611925087987652716e-02
105.356 8.611161465759552269e-02
105.365 8.610397960312617116e-02
105.373 8.609634571620089494e-02
105.381 8.608871299655219966e-02
105.389 8.608108144342076218e-02
105.398 8.607345105752295389e-02
105.406 8.606582183871419600e-02
105.414 8.605819378562092059e-02
105.423 8.605056689809913173e-02
105.431 8.604294117686481225e-02
105.439 8.603531662103654221e-02
105.448 8.602769323047024241e-02
105.456 8.602007100428513131e-02
105.464 8.601244994356520290e-02
105.473 8.600483004681590271e-02
105.481 8.599721131413905206e-02
105.489 8.598959374588183158e-02
105.498 8.598197734055046393e-02
105.506 8.597436209812438224e-02
105.514 8.596674801956412371e-02
105.522 8.595913510362201970e-02
105.531 8.595152334978682640e-02
105.539 8.594391275938652319e-02
105.547 8.593630332933527294e-02
105.556 8.592869506157414794e-02
105.564 8.592108795620474748e-02
105.572 8.591348201075549307e-02
105.581 8.590587722618651945e-02
105.589 8.589827360259966182e-02
105.597 8.589067113936205144e-02
105.606 8.588306983657560678e-02
105.614 8.587546969397505392e-02
105.622 8.586787070982590531e-02
105.63 8.586027288423096759e-02
105.639 8.585267621925053716e-02
105.647 8.584508071364017889e-02
105.655 8.583748636542198884e-02
105.664 8.582989317494341130e-02
105.672 8.582230114279594535e-02
105.68 8.581471026859266438e-02
105.689 8.580712055206879407e-02
105.697 8.579953199247096485e-02
105.705 8.579194458880146090e-02
105.714 8.578435834299616425e-02
105.722 8.577677325356843074e-02
105.73 8.576918931915476774e-02
105.739 8.576160654095722757e-02
105.747 8.575402491932242188e-02
105.755 8.574644445178805641e-02
105.763 8.573886513882346405e-02
105.772 8.573128698224023736e-02
105.78 8.572370997982127483e-02
105.788 8.571613413044892882e-02
105.797 8.570855943630052709e-02
105.805 8.570098589540420253e-02
105.813 8.569341350700908355e-02
105.822 8.568584227280343080e-02
105.83 8.567827219142641615e-02
105.838 8.567070326237105626e-02
105.847 8.566313548598407379e-02
105.855 8.565556886127113911e-02
105.863 8.564800338894452969e-02
105.871 8.564043906886303903e-02
105.88 8.563287589832739577e-02
105.888 8.562531387914640302e-02
105.896 8.561775301166636709e-02
105.905 8.561019329404145894e-02
105.913 8.560263472710548383e-02
105.921 8.559507731010893017e-02
105.93 8.558752104218128598e-02
105.938 8.557996592427749571e-02
105.946 8.557241195564874170e-02
105.955 8.556485913542472010e-02
105.963 8.555730746480343096e-02
105.971 8.554975694218490412e-02
105.979 8.554220756706459872e-02
105.988 8.553465934003205706e-02
105.996 8.552711226082576612e-02
106.004 8.551956632967018523e-02
106.013 8.551202154435957881e-02
106.021 8.550447790645550328e-02
106.029 8.549693541496773685e-02
106.038 8.548939406951368281e-02
106.046 8.548185387043970296e-02
106.054 8.547431481760597860e-02
106.063 8.546677690978034259e-02
106.071 8.545924014730897633e-02
106.079 8.545170452980987985e-02
106.088 8.544417005605159376e-02
106.096 8.543663672832184364e-02
106.104 8.542910454441850210e-02
106.112 8.542157350383884629e-02
106.121 8.541404360692908537e-02
106.129 8.540651485439899882e-02
106.137 8.539898724356338733e-02
106.146 8.539146077634461596e-02
106.154 8.538393545260350437e-02
106.162 8.537641127026222854e-02
106.171 8.536888822930358001e-02
106.179 8.536136633176981403e-02
106.187 8.535384557473585376e-02
106.196 8.534632595915363218e-02
106.204 8.533880748488457957e-02
106.212 8.533129015130598571e-02
106.22 8.532377395803747433e-02
106.229 8.531625890566706116e-02
106.237 8.530874499284611667e-02
106.245 8.530123221967877978e-02
106.254 8.529372058675267765e-02
106.262 8.528621009199445491e-02
106.27 8.527870073587116850e-02
106.279 8.527119252005871397e-02
106.287 8.526368544200066402e-02
106.295 8.525617950143885015e-02
106.304 8.524867469956498578e-02
106.312 8.524117103539545492e-02
106.32 8.523366850830921271e-02
106.329 8.522616711853135685e-02
106.337 8.521866686556194004e-02
106.345 8.521116774902211255e-02
106.353 8.520366976889526267e-02
106.362 8.519617292504416683e-02
106.37 8.518867721745201904e-02
106.378 8.518118264441286447e-02
106.387 8.517368920675508215e-02
106.395 8.516619690566880341e-02
106.403 8.515870573836255286e-02
106.412 8.515121570482052371e-02
106.42 8.514372680695604656e-02
106.428 8.513623904234099427e-02
106.437 8.512875241156214745e-02
106.445 8.512126691496496589e-02
106.453 8.511378255096629930e-02
106.461 8.510629931991189889e-02
106.47 8.509881722190615339e-02
106.478 8.509133625596927708e-02
106.486 8.508385642256723058e-02
106.495 8.507637772168395729e-02
106.503 8.506890015125653792e-02
106.511 8.506142371343645980e-02
106.52 8.505394840604098283e-02
106.528 8.504647422929532963e-02
106.536 8.503900118462773272e-02
106.545 8.503152926961583813e-02
106.553 8.502405848448488235e-02
106.561 8.501658882921939164e-02
106.569 8.500912030320259549e-02
106.578 8.500165290810229868e-02
106.586 8.499418664113750355e-02
106.594 8.498672150301438133e-02
106.603 8.497925749359735992e-02
106.611 8.497179461130903444e-02
106.619 8.496433285913798650e-02
106.628 8.495687223454560788e-02
106.636 8.494941273703632278e-02
106.644 8.494195436695546608e-02
106.653 8.493449712368743298e-02
106.661 8.492704100745739060e-02
106.669 8.491958601728993861e-02
106.678 8.491213215365024658e-02
106.686 8.490467941724313961e-02
106.694 8.489722780565378546e-02
106.702 8.488977731874777777e-02
106.711 8.488232795818956289e-02
106.719 8.487487972348420340e-02
106.727 8.486743261161923402e-02
106.736 8.485998662509809665e-02
106.744 8.485254176366592571e-02
106.752 8.484509802479120455e-02
106.761 8.483765541013732481e-02
106.769 8.483021391968943725e-02
106.777 8.482277355175575628e-02
106.786 8.481533430692092534e-02
106.794 8.480789618505060745e-02
106.802 8.480045918601053501e-02
106.81 8.479302330823000611e-02
106.819 8.478558855253287563e-02
106.827 8.477815491962273353e-02
106.835 8.477072240709185302e-02
106.844 8.476329101588352122e-02
106.852 8.475586074646183909e-02
106.86 8.474843159689884886e-02
106.869 8.474100356765908171e-02
106.877 8.473357665908715086e-02
106.885 8.472615087069060302e-02
106.894 8.471872620042356083e-02
106.902 8.471130265102122525e-02
106.91 8.470388022139357931e-02
106.919 8.469645890901784935e-02
106.927 8.468903871638920611e-02
106.935 8.468161964194084734e-02
106.943 8.467420168530087610e-02
106.952 8.466678484681380845e-02
106.96 8.465936912586902174e-02
106.968 8.465195452245294350e-02
106.977 8.464454103655176531e-02
106.985 8.463712866683940905e-02
106.993 8.462971741318327246e-02
107.002 8.462230727735930991e-02
107.01 8.461489825756454697e-02
107.018 8.460749035283159081e-02
107.027 8.460008356338594160e-02
107.035 8.459267789004883131e-02
107.043 8.458527333221058098e-02
107.051 8.457786988902372960e-02
107.06 8.457046755987929210e-02
107.068 8.456306634440703685e-02
107.076 8.455566624438073942e-02
107.085 8.454826725871485149e-02
107.093 8.454086938560996523e-02
107.101 8.453347262552976527e-02
107.11 8.452607697858034730e-02
107.118 8.451868244558195797e-02
107.126 8.451128902449812907e-02
107.135 8.450389671519735468e-02
107.143 8.449650551921358832e-02
107.151 8.448911543486815889e-02
107.159 8.448172646155380217e-02
107.168 8.447433859937698852e-02
107.176 8.446695184856284344e-02
107.184 8.445956620909864099e-02
107.193 8.445218167942640519e-02
107.201 8.444479826036581371e-02
107.209 8.443741595142899292e-02
107.218 8.443003475224690468e-02
107.226 8.442265466268847329e-02
107.234 8.441527568238492429e-02
107.243 8.440789781144261705e-02
107.251 8.440052104973042035e-02
107.259 8.439314539569267581e-02
107.268 8.438577085014833945e-02
107.276 8.437839741308515717e-02
107.284 8.437102508354146768e-02
107.292 8.436365386209844497e-02
107.301 8.435628374779491345e-02
107.309 8.434891473931423189e-02
107.317 8.434154683889799609e-02
107.326 8.433418004546654190e-02
107.334 8.432681435734823427e-02
107.342 8.431944977571682875e-02
107.351 8.431208630044172148e-02
107.359 8.430472392973356599e-02
107.367 8.429736266500267861e-02
107.376 8.429000250517088011e-02
107.384 8.428264345022651316e-02
107.392 8.427528550063161095e-02
107.4 8.426792865412464917e-02
107.409 8.426057291199676169e-02
107.417 8.425321827399943897e-02
107.425 8.424586473964770783e-02
107.434 8.423851230833845349e-02
107.442 8.423116098041520672e-02
107.45 8.422381075503845849e-02
107.459 8.421646163243352856e-02
107.467 8.420911361247061799e-02
107.475 8.420176669442910877e-02
107.484 8.419442087782479101e-02
107.492 8.418707616288309548e-02
107.5 8.417973255006550026e-02
107.508 8.417239003794257934e-02
107.517 8.416504862662151087e-02
107.525 8.415770831561883436e-02
107.533 8.415036910468741416e-02
107.542 8.414303099476108661e-02
107.55 8.413569398476579420e-02
107.558 8.412835807410042055e-02
107.567 8.412102326275422426e-02
107.575 8.411368955000822489e-02
107.583 8.410635693655985068e-02
107.592 8.409902542204417131e-02
107.6 8.409169500597853120e-02
107.608 8.408436568870601702e-02
107.617 8.407703746714978443e-02
107.625 8.406971034448341984e-02
107.633 8.406238431904550223e-02
107.641 8.405505939094337631e-02
107.65 8.404773556051990668e-02
107.658 8.404041282576131533e-02
107.666 8.403309118759999530e-02
107.675 8.402577064602553825e-02
107.683 8.401845119961406927e-02
107.691 8.401113284976860496e-02
107.7 8.400381559483020844e-02
107.708 8.399649943502425498e-02
107.716 8.398918437045818641e-02
107.725 8.398187040006266368e-02
107.733 8.397455752476903901e-02
107.741 8.396724574327274482e-02
107.749 8.395993505532874102e-02
107.758 8.395262546175033536e-02
107.766 8.394531696170418056e-02
107.774 8.393800955518017359e-02
107.783 8.393070324052259723e-02
107.791 8.392339801889736606e-02
107.799 8.391609389064708102e-02
107.808 8.390879085458646802e-02
107.816 8.390148890964845008e-02
107.824 8.389418805664600187e-02
107.833 8.388688829533436087e-02
107.841 8.387958962558632325e-02
107.849 8.387229204610069377e-02
107.858 8.386499555804211026e-02
107.866 8.385770016046170672e-02
107.874 8.385040585217642950e-02
107.882 8.384311263505465905e-02
107.891 8.383582050849981704e-02
107.899 8.382852947027345791e-02
107.907 8.382123952130496325e-02
107.916 8.381395066111603509e-02
107.924 8.380666289075265618e-02
107.932 8.379937620891565742e-02
107.941 8.379209061442362272e-02
107.949 8.378480610914296189e-02
107.957 8.377752269083771353e-02
107.966 8.377024035985060346e-02
107.974 8.376295911734397970e-02
107.982 8.375567896178583160e-02
107.99 8.374839989234743320e-02
107.999 8.374112190983981630e-02
108.007 8.373384501401967550e-02
108.015 8.372656920464394137e-02
108.024 8.371929448111846417e-02
108.032 8.371202084273238198e-02
108.04 8.370474828936005918e-02
108.049 8.369747682169485781e-02
108.057 8.369020643925995095e-02
108.065 8.368293714076019407e-02
108.074 8.367566892817487889e-02
108.082 8.366840179868913208e-02
108.09 8.366113575206107766e-02
108.098 8.365387079120439884e-02
108.107 8.364660691318831498e-02
108.115 8.363934411800470758e-02
108.123 8.363208240611262612e-02
108.132 8.362482177668592587e-02
108.14 8.361756223030022972e-02
108.148 8.361030376589616286e-02
108.157 8.360304638299864699e-02
108.165 8.359579008300031810e-02
108.173 8.358853486425849022e-02
108.182 8.358128072641515804e-02
108.19 8.357402766957901241e-02
108.198 8.356677569374196257e-02
108.207 8.355952479831263435e-02
108.215 8.355227498328310354e-02
108.223 8.354502624887852336e-02
108.231 8.353777859415809082e-02
108.24 8.353053201829796492e-02
108.248 8.352328652257257069e-02
108.256 8.351604210604157696e-02
108.265 8.350879876811451163e-02
108.273 8.350155650831778131e-02
108.281 8.349431532804149625e-02
108.29 8.348707522576361006e-02
108.298 8.347983620066140587e-02
108.306 8.347259825365895003e-02
108.315 8.346536138393360893e-02
108.323 8.345812559136155107e-02
108.331 8.345089087640072956e-02
108.339 8.344365723799618273e-02
108.348 8.343642467555884012e-02
108.356 8.342919318977945475e-02
108.364 8.342196278018529365e-02
108.373 8.341473344595486117e-02
108.381 8.340750518719733386e-02
108.389 8.340027800413798986e-02
108.398 8.339305189607201796e-02
108.406 8.338582686334078398e-02
108.414 8.337860290396170715e-02
108.423 8.337138001943845966e-02
108.431 8.336415820976365854e-02
108.439 8.335693747318785596e-02
108.448 8.334971781040101391e-02
108.456 8.334249922046733927e-02
108.464 8.333528170454092276e-02
108.472 8.332806526156978644e-02
108.481 8.332084989038655853e-02
108.489 8.331363559272522701e-02
108.497 8.330642236660631972e-02
108.506 8.329921021213927690e-02
108.514 8.329199913047717618e-02
108.522 8.328478911952569286e-02
108.531 8.327758017962620662e-02
108.539 8.327037231135177298e-02
108.547 8.326316551342057004e-02
108.556 8.325595978617385262e-02
108.564 8.324875512879394146e-02
108.572 8.324155154220121144e-02
108.58 8.323434902499897425e-02
108.589 8.322714757764415605e-02
108.597 8.321994719931970208e-02
108.605 8.321274788990357107e-02
108.614 8.320554964996824954e-02
108.622 8.319835247846554815e-02
108.63 8.319115637550500431e-02
108.639 8.318396134015459964e-02
108.647 8.317676737310247814e-02
108.655 8.316957447330133868e-02
108.664 8.316238264224873333e-02
108.672 8.315519187762514253e-02
108.68 8.314800217907802882e-02
108.688 8.314081354787346279e-02
108.697 8.313362598388952807e-02
108.705 8.312643948584870490e-02
108.713 8.311925405328292327e-02
108.722 8.311206968641775272e-02
108.73 8.310488638582490262e-02
108.738 8.309770415034320457e-02
108.747 8.309052297996695480e-02
108.755 8.308334287399769813e-02
108.763 8.307616383277620364e-02
108.772 8.306898585641210586e-02
108.78 8.306180894432252382e-02
108.788 8.305463309604022015e-02
108.797 8.304745831017522339e-02
108.805 8.304028458902958099e-02
108.813 8.303311193052111128e-02
108.821 8.302594033568252985e-02
108.83 8.301876980289384089e-02
108.838 8.301160033238041969e-02
108.846 8.300443192482860610e-02
108.855 8.299726457942607771e-02
108.863 8.299009829547601691e-02
108.871 8.298293307239719419e-02
108.88 8.297576891168224889e-02
108.888 8.296860581171300320e-02
108.896 8.296144377213904297e-02
108.905 8.295428279330069321e-02
108.913 8.294712287542310714e-02
108.921 8.293996401769522520e-02
108.929 8.293280621953656728e-02
108.938 8.292564948094219290e-02
108.946 8.291849380167713723e-02
108.954 8.291133918208160036e-02
108.963 8.290418562111533107e-02
108.971 8.289703311934856766e-02
108.979 8.288988167539645957e-02
108.988 8.288273129017424690e-02
108.996 8.287558196298734636e-02
109.004 8.286843369337115739e-02
109.013 8.286128648201063207e-02
109.021 8.285414032752203006e-02
109.029 8.284699522932659210e-02
109.038 8.283985118914290180e-02
109.046 8.283270820524323008e-02
109.054 8.282556627750842226e-02
109.062 8.281842540673776953e-02
109.071 8.281128559097493402e-02
109.079 8.280414683193752790e-02
109.087 8.279700912755501296e-02
109.096 8.278987247747929268e-02
109.104 8.278273688411556808e-02
109.112 8.277560234573816400e-02
109.121 8.276846886119587632e-02
109.129 8.276133643025547493e-02
109.137 8.275420505394491533e-02
109.146 8.274707473145734293e-02
109.154 8.273994546301786934e-02
109.162 8.273281724782007018e-02
109.17 8.272569008494318199e-02
109.179 8.271856397575842734e-02
109.187 8.271143891911586499e-02
109.195 8.270431491569889271e-02
109.204 8.269719196355641844e-02
109.212 8.269007006348649824e-02
109.22 8.268294921479830972e-02
109.229 8.267582941817508413e-02
109.237 8.266871067315485766e-02
109.245 8.266159297904723813e-02
109.254 8.265447633493325230e-02
109.262 8.264736074263992482e-02
109.27 8.264024620044736757e-02
109.278 8.263313270755157092e-02
109.287 8.262602026566442937e-02
109.295 8.261890887329569055e-02
109.303 8.261179852884163732e-02
109.312 8.260468923469949099e-02
109.32 8.259758099006535292e-02
109.328 8.259047379390739574e-02
109.337 8.258336764587953516e-02
109.345 8.257626254643549157e-02
109.353 8.256915849511496652e-02
109.362 8.256205549145796685e-02
109.37 8.255495353546123127e-02
109.378 8.254785262643667132e-02
109.387 8.254075276552251539e-02
109.395 8.253365395100348278e-02
109.403 8.252655618276258376e-02
109.411 8.251945946148134259e-02
109.42 8.251236378578771791e-02
109.428 8.250526915659138483e-02
109.436 8.249817557400306034e-02
109.445 8.249108303539715026e-02
109.453 8.248399154213938156e-02
109.461 8.247690109536659486e-02
109.47 8.246981169268209622e-02
109.478 8.246272333408338762e-02
109.486 8.245563602070717091e-02
109.495 8.244854975152514365e-02
109.503 8.244146452596506913e-02
109.511 8.243438034391051272e-02
109.519 8.242729720501729140e-02
109.528 8.242021510951066943e-02
109.536 8.241313405784317370e-02
109.544 8.240605404853239280e-02
109.553 8.239897508112084545e-02
109.561 8.239189715697160799e-02
109.569 8.238482027528544471e-02
109.578 8.237774443423996618e-02
109.586 8.237066963485678572e-02
109.594 8.236359587770210322e-02
109.603 8.235652316129520034e-02
109.611 8.234945148597500042e-02
109.619 8.234238085094360005e-02
109.628 8.233531125653989480e-02
109.636 8.232824270355680596e-02
109.644 8.232117518971976411e-02
109.652 8.231410871559485809e-02
109.661 8.230704328072584175e-02
109.669 8.229997888624615565e-02
109.677 8.229291553010978366e-02
109.686 8.228585321288260646e-02
109.694 8.227879193490313103e-02
109.702 8.227173169492088545e-02
109.711 8.226467249293410722e-02
109.719 8.225761432950820518e-02
109.727 8.225055720350693544e-02
109.736 8.224350111560888021e-02
109.744 8.223644606411124880e-02
109.752 8.222939205025971143e-02
109.76 8.222233907314552281e-02
109.769 8.221528713254026843e-02
109.777 8.220823622832902633e-02
109.785 8.220118636096336584e-02
109.794 8.219413752942182627e-02
109.802 8.218708973290998754e-02
109.81 8.218004297187959939e-02
109.819 8.217299724610269140e-02
109.827 8.216595255670998410e-02
109.835 8.215890890132218627e-02
109.844 8.215186627959869536e-02
109.852 8.214482469323600156e-02
109.86 8.213778414076144951e-02
109.868 8.213074462251315766e-02
109.877 8.212370613713229628e-02
109.885 8.211666868597515545e-02
109.893 8.210963226836175133e-02
109.902 8.210259688293387870e-02
109.91 8.209556253059517583e-02
109.918 8.208852921111826906e-02
109.927 8.208149692337185499e-02
109.935 8.207446566837202362e-02
109.943 8.206743544521363787e-02
109.952 8.206040625333096972e-02
109.96 8.205337809249721448e-02
109.968 8.204635096384094162e-02
109.977 8.203932486600583329e-02
109.985 8.203229979842668884e-02
109.993 8.202527576155428657e-02
110.001 8.201825275538782156e-02
110.01 8.201123077924921123e-02
110.018 8.200420983167105993e-02
110.026 8.199718991513489652e-02
110.035 8.199017102851158256e-02
110.043 8.198315316909363104e-02
110.051 8.197613634003851624e-02
110.06 8.196912053965381417e-02
110.068 8.196210576850269935e-02
110.076 8.195509202376662083e-02
110.085 8.194807930758701842e-02
110.093 8.194106762075187289e-02
110.101 8.193405696055638954e-02
110.109 8.192704732745111074e-02
110.118 8.192003872177368307e-02
110.126 8.191303114307316169e-02
110.134 8.190602459078635822e-02
110.143 8.189901906491309225e-02
110.151 8.189201456635357423e-02
110.159 8.188501109341901618e-02
110.168 8.187800864565941694e-02
110.176 8.187100722386239648e-02
110.184 8.186400682847759513e-02
110.193 8.185700745714259707e-02
110.201 8.185000911053257056e-02
110.209 8.184301178842269542e-02
110.218 8.183601549193723901e-02
110.226 8.182902021950207161e-02
110.234 8.182202597066780270e-02
110.242 8.181503274565952999e-02
110.251 8.180804054470203202e-02
110.259 8.180104936678417316e-02
110.267 8.179405921134480506e-02
110.276 8.178707008063039463e-02
110.284 8.178008197160875625e-02
110.292 8.177309488428058382e-02
110.301 8.176610882021802251e-02
110.309 8.175912377818644883e-02
110.317 8.175213975762514462e-02
110.326 8.174515675887118749e-02
110.334 8.173817478046664642e-02
110.342 8.173119382476781714e-02
110.35 8.172421388986804425e-02
110.359 8.171723497509505996e-02
110.367 8.171025708089814377e-02
110.375 8.170328020660531931e-02
110.384 8.169630435300186122e-02
110.392 8.168932951874331716e-02
110.4 8.168235570472699714e-02
110.409 8.167538290916087629e-02
110.417 8.166841113316619660e-02
110.425 8.166144037663149169e-02
110.434 8.165447063899747282e-02
110.442 8.164750191880938701e-02
110.45 8.164053421707609393e-02
110.458 8.163356753424599876e-02
110.467 8.162660186886488978e-02
110.475 8.161963722071004235e-02
110.483 8.161267358989451881e-02
110.492 8.160571097709046207e-02
110.5 8.159874938039723968e-02
110.508 8.159178880082268437e-02
110.517 8.158482923724970359e-02
110.525 8.157787069046208706e-02
110.533 8.157091316068436349e-02
110.542 8.156395664467633311e-02
110.55 8.155700114579238214e-02
110.558 8.155004666269233260e-02
110.567 8.154309319359001607e-02
110.575 8.153614073915739502e-02
110.583 8.152918930062440228e-02
110.591 8.152223887609359732e-02
110.6 8.151528946556674260e-02
110.608 8.150834107071967816e-02
110.616 8.150139368820497054e-02
110.625 8.149444731902903694e-02
110.633 8.148750196486724551e-02
110.641 8.148055762270832447e-02
110.65 8.147361429378136011e-02
110.658 8.146667197831085339e-02
110.666 8.145973067473709361e-02
110.675 8.145279038283906314e-02
110.683 8.144585110395642646e-02
110.691 8.143891283719878471e-02
110.699 8.143197558189922691e-02
110.708 8.142503933772535230e-02
110.716 8.141810410501336415e-02
110.724 8.141116988331936755e-02
110.733 8.140423667264533314e-02
110.741 8.139730447265892954e-02
110.749 8.139037328191472964e-02
110.758 8.138344310219625122e-02
110.766 8.137651393283730494e-02
110.774 8.136958577150267546e-02
110.783 8.136265862186715936e-02
110.791 8.135573248037158978e-02
110.799 8.134880734813108860e-02
110.808 8.134188322525885695e-02
110.816 8.133496010964398615e-02
110.824 8.132803800273466499e-02
110.832 8.132111690542238869e-02
110.841 8.131419681459645110e-02
110.849 8.130727773203806630e-02
110.857 8.130035965774924656e-02
110.866 8.129344258962102610e-02
110.874 8.128652652832288328e-02
110.882 8.127961147530124442e-02
110.891 8.127269742855891543e-02
110.899 8.126578438787643299e-02
110.907 8.125887235358961180e-02
110.916 8.125196132470180466e-02
110.924 8.124505130299167210e-02
110.932 8.123814228601973497e-02
110.94 8.123123427378907413e-02
110.949 8.122432726752293330e-02
110.957 8.121742126622523428e-02
110.965 8.121051626901143461e-02
110.974 8.120361227710441721e-02
110.982 8.119670928950864508e-02
110.99 8.118980730534006152e-02
110.999 8.118290632482343117e-02
111.007 8.117600634873749221e-02
111.015 8.116910737553344191e-02
111.024 8.116220940565758990e-02
111.032 8.115531243866971889e-02
111.04 8.114841647446209560e-02
111.048 8.114152151325919327e-02
111.057 8.113462755417798211e-02
111.065 8.112773459666812459e-02
111.073 8.112084264139710066e-02
111.082 8.111395168781448950e-02
111.09 8.110706173581277989e-02
111.098 8.110017278517374362e-02
111.107 8.109328483590061420e-02
111.115 8.108639788689037120e-02
111.123 8.107951193803591972e-02
111.132 8.107262699022531327e-02
111.14 8.106574304235604489e-02
111.148 8.105886009476322152e-02
111.157 8.105197814656578403e-02
111.165 8.104509719776729904e-02
111.173 8.103821724914479774e-02
111.181 8.103133829948604150e-02
111.19 8.102446034713767231e-02
111.198 8.101758339486503369e-02
111.206 8.101070744156677050e-02
111.215 8.100383248492765143e-02
111.223 8.099695852738056367e-02
111.231 8.099008556738342135e-02
111.24 8.098321360482965692e-02
111.248 8.097634263994377135e-02
111.256 8.096947267250859115e-02
111.265 8.096260370186594835e-02
111.273 8.095573572735786927e-02
111.281 8.094886874987078373e-02
111.289 8.094200276852604736e-02
111.298 8.093513778299690764e-02
111.306 8.092827379405904964e-02
111.314 8.092141080017309362e-02
111.323 8.091454880167379959e-02
111.331 8.090768779922627441e-02
111.339 8.090082779129190160e-02
111.348 8.089396877776482142e-02
111.356 8.088711076008089917e-02
111.364 8.088025373560095432e-02
111.373 8.087339770554077822e-02
111.381 8.086654266968423821e-02
111.389 8.085968862704476234e-02
111.398 8.085283557839713364e-02
111.406 8.084598352385545528e-02
111.414 8.083913246111334994e-02
111.422 8.083228239160560047e-02
111.431 8.082543331555636090e-02
111.439 8.081858523099026692e-02
111.447 8.081173813912163884e-02
111.456 8.080489203962476497e-02
111.464 8.079804693107506264e-02
111.472 8.079120281457644048e-02
111.481 8.078435968980351989e-02
111.489 8.077751755566195402e-02
111.497 8.077067641303534162e-02
111.506 8.076383626061010845e-02
111.514 8.075699709970884932e-02
111.522 8.075015892846916510e-02
111.53 8.074332174700574183e-02
111.539 8.073648555620163703e-02
111.547 8.072965035397595968e-02
111.555 8.072281614263836225e-02
111.564 8.071598292043745404e-02
111.572 8.070915068661026204e-02
111.58 8.070231944192970963e-02
111.589 8.069548918585212061e-02
111.597 8.068865991794378634e-02
111.605 8.068183163875800035e-02
111.614 8.067500434753209493e-02
111.622 8.066817804394223190e-02
111.63 8.066135272810301404e-02
111.638 8.065452839958119069e-02
111.647 8.064770505816271084e-02
111.655 8.064088270374313028e-02
111.663 8.063406133577988300e-02
111.672 8.062724095416878844e-02
111.68 8.062042155979101676e-02
111.688 8.061360315122814701e-02
111.697 8.060678572826661392e-02
111.705 8.059996929134953525e-02
111.713 8.059315383938787936e-02
111.722 8.058633937293414873e-02
111.73 8.057952589188417669e-02
111.738 8.057271339536811738e-02
111.747 8.056590188371970385e-02
111.755 8.055909135596002468e-02
111.763 8.055228181264147136e-02
111.771 8.054547325409726344e-02
111.78 8.053866567858392056e-02
111.788 8.053185908610727139e-02
111.796 8.052505347765648303e-02
111.805 8.051824885236283369e-02
111.813 8.051144521066892767e-02
111.821 8.050464255170636241e-02
111.83 8.049784087427962198e-02
111.838 8.049104017883153273e-02
111.846 8.048424046722386926e-02
111.855 8.047744173662366163e-02
111.863 8.047064398660057349e-02
111.871 8.046384721934320139e-02
111.879 8.045705143398408643e-02
111.888 8.045025662867429095e-02
111.896 8.044346280363831592e-02
111.904 8.043666996051808404e-02
111.913 8.042987809822869927e-02
111.921 8.042308721492252843e-02
111.929 8.041629731147817428e-02
111.938 8.040950838855563665e-02
111.946 8.040272044485304026e-02
111.954 8.039593348081242041e-02
111.963 8.038914749633081780e-02
111.971 8.038236249097847896e-02
111.979 8.037557846356360725e-02
111.988 8.036879541496382007e-02
111.996 8.036201334453195455e-02
112.004 8.035523225238319633e-02
112.012 8.034845213819730159e-02
112.021 8.034167300154512747e-02
112.029 8.033489484286839011e-02
112.037 8.032811766195563363e-02
112.046 8.032134145718140827e-02
112.054 8.031456622974884885e-02
112.062 8.030779197835929972e-02
112.071 8.030101870399798669e-02
112.079 8.029424640634513777e-02
112.087 8.028747508464607885e-02
112.096 8.028070473705986587e-02
112.104 8.027393536717974953e-02
112.112 8.026716697272986978e-02
112.12 8.026039955219589628e-02
112.129 8.025363310743156842e-02
112.137 8.024686763768301700e-02
112.145 8.024010314263116395e-02
112.154 8.023333962065407055e-02
112.162 8.022657707425588647e-02
112.17 8.021981550181463139e-02
112.179 8.021305490214351852e-02
112.187 8.020629527741986176e-02
112.195 8.019953662515466597e-02
112.204 8.019277894633143611e-02
112.212 8.018602223998100298e-02
112.22 8.017926650654415288e-02
112.228 8.017251174646153333e-02
112.237 8.016575795854721798e-02
112.245 8.015900514150775535e-02
112.253 8.015225329686785638e-02
112.262 8.014550242474281772e-02
112.27 8.013875252383922954e-02
112.278 8.013200359427276320e-02
112.287 8.012525563550888796e-02
112.295 8.011850864755500068e-02
112.303 8.011176263031000166e-02
112.312 8.010501758399768413e-02
112.32 8.009827350819213876e-02
112.328 8.009153040095232101e-02
112.337 8.008478826434235753e-02
112.345 8.007804709815287414e-02
112.353 8.007130690076806612e-02
112.361 8.006456767252018158e-02
112.37 8.005782941330846780e-02
112.378 8.005109212400558782e-02
112.386 8.004435580191544830e-02
112.395 8.003762044834343559e-02
112.403 8.003088606340512390e-02
112.411 8.002415264710792397e-02
112.42 8.001742019773019909e-02
112.428 8.001068871603625454e-02
112.436 8.000395820181760431e-02
112.445 7.999722865486592893e-02
112.453 7.999050007540479956e-02
112.461 7.998377246171413379e-02
112.469 7.997704581455775119e-02
112.478 7.997032013448331089e-02
112.486 7.996359542128229914e-02
112.494 7.995687167258822003e-02
112.503 7.995014888992005297e-02
112.511 7.994342707296200889e-02
112.519 7.993670622204541998e-02
112.528 7.992998633609944836e-02
112.536 7.992326741426944436e-02
112.544 7.991654945699508406e-02
112.553 7.990983246525455719e-02
112.561 7.990311643765431182e-02
112.569 7.989640137334033665e-02
112.578 7.988968727382955715e-02
112.586 7.988297413783691792e-02
112.594 7.987626196483198215e-02
112.602 7.986955075590025654e-02
112.611 7.986284050997261019e-02
112.619 7.985613122673435038e-02
112.627 7.984942290587079827e-02
112.636 7.984271554749804156e-02
112.644 7.983600915237766549e-02
112.652 7.982930371825784632e-02
112.661 7.982259924568531340e-02
112.669 7.981589573638990520e-02
112.677 7.980919318736745538e-02
112.686 7.980249159970247141e-02
112.694 7.979579097340330773e-02
112.702 7.978909130761821511e-02
112.71 7.978239260289332613e-02
112.719 7.977569485880706135e-02
112.727 7.976899807450815727e-02
112.735 7.976230224989798445e-02
112.744 7.975560738605953770e-02
112.752 7.974891348117506273e-02
112.76 7.974222053579040070e-02
112.769 7.973552855023648134e-02
112.777 7.972883752312580341e-02
112.785 7.972214745500420807e-02
112.794 7.971545834545103182e-02
112.802 7.970877019426041155e-02
112.81 7.970208300154844883e-02
112.818 7.969539676657290406e-02
112.827 7.968871149030821999e-02
112.835 7.968202717018864345e-02
112.843 7.967534380793958593e-02
112.852 7.966866140399878060e-02
112.86 7.966197995655203978e-02
112.868 7.965529946453663024e-02
112.877 7.964861993053450051e-02
112.885 7.964194135283943210e-02
112.893 7.963526373103195499e-02
112.902 7.962858706533555708e-02
112.91 7.962191135533079611e-02
112.918 7.961523660091979204e-02
112.927 7.960856280243297500e-02
112.935 7.960188995827323366e-02
112.943 7.959521806973481051e-02
112.951 7.958854713575633233e-02
112.96 7.958187715656114825e-02
112.968 7.957520813162349826e-02
112.976 7.956854006073872665e-02
112.985 7.956187294380925867e-02
112.993 7.955520678041667904e-02
113.001 7.954854157142603188e-02
113.01 7.954187731545626916e-02
113.018 7.953521401262395041e-02
113.026 7.952855166261788011e-02
113.035 7.952189026576828024e-02
113.043 7.951522982101576209e-02
113.051 7.950857032879755926e-02
113.059 7.950191178933686820e-02
113.068 7.949525420104071316e-02
113.076 7.948859756466664095e-02
113.084 7.948194188001078686e-02
113.093 7.947528714665558214e-02
113.101 7.946863336482434814e-02
113.109 7.946198053420633345e-02
113.118 7.945532865353056862e-02
113.126 7.944867772366083492e-02
113.134 7.944202774439350356e-02
113.143 7.943537871520479909e-02
113.151 7.942873063653138610e-02
113.159 7.942208350656981830e-02
113.167 7.941543732693000235e-02
113.176 7.940879209612886069e-02
113.184 7.940214781513600661e-02
113.192 7.939550448342823363e-02
113.201 7.938886209877747679e-02
113.209 7.938222066428450574e-02
113.217 7.937558017846720049e-02
113.226 7.936894063973767843e-02
113.234 7.936230204895856899e-02
113.242 7.935566440645948350e-02
113.251 7.934902771150499634e-02
113.259 7.934239196367952329e-02
113.267 7.933575716363203134e-02
113.276 7.932912331041457044e-02
113.284 7.932249040276057039e-02
113.292 7.931585844302159460e-02
113.3 7.930922742971800721e-02
113.309 7.930259736200913345e-02
113.317 7.929596824054375992e-02
113.325 7.928934006458777939e-02
113.334 7.928271283457700991e-02
113.342 7.927608654945866862e-02
113.35 7.926946121062519723e-02
113.359 7.926283681659875013e-02
113.367 7.925621336590239763e-02
113.375 7.924959086056575230e-02
113.384 7.924296930038668418e-02
113.392 7.923634868335743819e-02
113.4 7.922972901055105877e-02
113.408 7.922311028272122080e-02
113.417 7.921649249786101576e-02
113.425 7.920987565555684395e-02
113.433 7.920325975645654826e-02
113.442 7.919664480141977436e-02
113.45 7.919003078897138281e-02
113.458 7.918341771901621362e-02
113.467 7.917680559188333689e-02
113.475 7.917019440652277307e-02
113.483 7.916358416262750386e-02
113.492 7.915697486116288206e-02
113.5 7.915036650160950371e-02
113.508 7.914375908270621096e-02
113.517 7.913715260605393154e-02
113.525 7.913054707007385891e-02
113.533 7.912394247424739402e-02
113.541 7.911733881985696937e-02
113.55 7.911073610638373610e-02
113.558 7.910413433129696859e-02
113.566 7.909753349789105936e-02
113.575 7.909093360384719662e-02
113.583 7.908433464938843804e-02
113.591 7.907773663463191216e-02
113.6 7.907113955863627475e-02
113.608 7.906454342257683565e-02
113.616 7.905794822519492115e-02
113.625 7.905135396607880505e-02
113.633 7.904476064545154501e-02
113.641 7.903816826279562446e-02
113.649 7.903157681939129708e-02
113.658 7.902498631302945498e-02
113.666 7.901839674414465331e-02
113.674 7.901180811391086967e-02
113.683 7.900522041969734732e-02
113.691 7.899863366278396526e-02
113.699 7.899204784360470966e-02
113.708 7.898546296037509129e-02
113.716 7.897887901405740985e-02
113.724 7.897229600455751841e-02
113.733 7.896571393061989352e-02
113.741 7.895913279193965406e-02
113.749 7.895255258958419620e-02
113.757 7.894597332367041254e-02
113.766 7.893939499209941257e-02
113.774 7.893281759498872729e-02
113.782 7.892624113382713802e-02
113.791 7.891966560862605229e-02
113.799 7.891309101623310285e-02
113.807 7.890651735792610089e-02
113.816 7.889994463466572239e-02
113.824 7.889337284540949569e-02
113.832 7.888680199016921690e-02
113.841 7.888023206842977031e-02
113.849 7.887366307883345029e-02
113.857 7.886709502318363374e-02
113.866 7.886052790170261506e-02
113.874 7.885396171229556994e-02
113.882 7.884739645476422643e-02
113.89 7.884083213027909265e-02
113.899 7.883426873822038661e-02
113.907 7.882770627796850671e-02
113.915 7.882114474900948908e-02
113.924 7.881458415261841099e-02
113.932 7.880802448743935706e-02
113.94 7.880146575285339183e-02
113.949 7.879490794960923583e-02
113.957 7.878835107771907376e-02
113.965 7.878179513614347318e-02
113.974 7.877524012499992345e-02
113.982 7.876868604545707309e-02
113.99 7.876213289479405688e-02
113.998 7.875558067302382281e-02
114.007 7.874902938194522362e-02
114.015 7.874247902115005804e-02
114.023 7.873592958865474611e-02
114.032 7.872938108531229995e-02
114.04 7.872283351134518048e-02
114.048 7.871628686634569994e-02
114.057 7.870974114927653531e-02
114.065 7.870319636088525528e-02
114.073 7.869665250023967495e-02
114.082 7.869010956745750573e-02
114.09 7.868356756360056492e-02
114.098 7.867702648647814656e-02
114.107 7.867048633652268252e-02
114.115 7.866394711427134034e-02
114.123 7.865740881910750215e-02
114.131 7.865087144999545476e-02
114.14 7.864433500810130706e-02
114.148 7.863779949291349602e-02
114.156 7.863126490245368749e-02
114.165 7.862473123893566618e-02
114.173 7.861819850258137954e-02
114.181 7.861166669067964907e-02
114.19 7.860513580418654334e-02
114.198 7.859860584290556673e-02
114.206 7.859207680643078009e-02
114.215 7.858554869529874032e-02
114.223 7.857902150920821616e-02
114.231 7.857249524670691099e-02
114.239 7.856596990833134009e-02
114.248 7.855944549566408475e-02
114.256 7.855292200610225484e-02
114.264 7.854639943986853334e-02
114.273 7.853987779854482154e-02
114.281 7.853335707827480139e-02
114.289 7.852683728200007818e-02
114.298 7.852031840973341947e-02
114.306 7.851380045918815442e-02
114.314 7.850728343142303334e-02
114.323 7.850076732613774089e-02
114.331 7.849425214345004398e-02
114.339 7.848773788222397629e-02
114.347 7.848122454289084560e-02
114.356 7.847471212588172373e-02
114.364 7.846820062922588157e-02
114.372 7.846169005345908498e-02
114.381 7.845518039984752945e-02
114.389 7.844867166725610907e-02
114.397 7.844216385423735671e-02
114.406 7.843565696237023155e-02
114.414 7.842915099104201537e-02
114.422 7.842264593922304572e-02
114.431 7.841614180755297758e-02
114.439 7.840963859531527302e-02
114.447 7.840313630283644863e-02
114.456 7.839663493033849351e-02
114.464 7.839013447616714758e-02
114.472 7.838363494075323290e-02
114.48 7.837713632463154390e-02
114.489 7.837063862666952818e-02
114.497 7.836414184729785515e-02
114.505 7.835764598590515273e-02
114.514 7.835115104229707639e-02
114.522 7.834465701690397632e-02
114.53 7.833816390953136921e-02
114.539 7.833167171883963220e-02
114.547 7.832518044630008835e-02
114.555 7.831869009057342013e-02
114.564 7.831220065032103161e-02
114.572 7.830571212763810796e-02
114.58 7.829922452191412363e-02
114.588 7.829273783191477432e-02
114.597 7.828625205765443740e-02
114.605 7.827976719987499166e-02
114.613 7.827328325848631474e-02
114.622 7.826680023152728094e-02
114.63 7.826031811953215733e-02
114.638 7.825383692396996327e-02
114.647 7.824735664246462719e-02
114.655 7.824087727596566733e-02
114.663 7.823439882407175194e-02
114.672 7.822792128669317502e-02
114.68 7.822144466322109024e-02
114.688 7.821496895418904305e-02
114.697 7.820849415867683896e-02
114.705 7.820202027649134080e-02
114.713 7.819554730826965006e-02
114.721 7.818907525288451565e-02
114.73 7.818260411097302520e-02
114.738 7.817613388099334260e-02
114.746 7.816966456472354552e-02
114.755 7.816319616124424441e-02
114.763 7.815672866953299325e-02
114.771 7.815026208950077991e-02
114.78 7.814379642168060858e-02
114.788 7.813733166525772822e-02
114.796 7.813086782097229677e-02
114.805 7.812440488852775977e-02
114.813 7.811794286669532239e-02
114.821 7.811148175548986161e-02
114.829 7.810502155534052027e-02
114.838 7.809856226595110473e-02
114.846 7.809210388661153024e-02
114.854 7.808564641795774641e-02
114.863 7.807918985907280618e-02
114.871 7.807273420986805823e-02
114.879 7.806627947108270293e-02
114.888 7.805982564107580290e-02
114.896 7.805337272048319675e-02
114.904 7.804692070952655436e-02
114.913 7.804046960666917443e-02
114.921 7.803401941254678453e-02
114.929 7.802757012800143332e-02
114.937 7.802112175046323206e-02
114.946 7.801467428191151410e-02
114.954 7.800822772163749919e-02
114.962 7.800178206841622275e-02
114.971 7.799533732319273438e-02
114.979 7.798889348577536795e-02
114.987 7.798245055493957523e-02
114.996 7.797600853152696077e-02
115.004 7.796956741400359880e-02
115.012 7.796312720383044570e-02
115.021 7.795668790091904443e-02
115.029 7.795024950373623251e-02
115.037 7.794381201260697223e-02
115.046 7.793737542692739939e-02
115.054 7.793093974691933656e-02
115.062 7.792450497404219967e-02
115.07 7.791807110490711619e-02
115.079 7.791163814118001740e-02
115.087 7.790520608287611337e-02
115.095 7.789877492949520699e-02
115.104 7.789234468043410020e-02
115.112 7.788591533560529356e-02
115.12 7.787948689584860140e-02
115.129 7.787305935911860433e-02
115.137 7.786663272666730085e-02
115.145 7.786020699851006754e-02
115.154 7.785378217280836122e-02
115.162 7.784735825040198232e-02
115.17 7.784093523213010679e-02
115.178 7.783451311594904998e-02
115.187 7.782809190290407297e-02
115.195 7.782167159301055237e-02
115.203 7.781525218463759830e-02
115.212 7.780883367841853748e-02
115.22 7.780241607436909346e-02
115.228 7.779599937209340232e-02
115.237 7.778958357201863627e-02
115.245 7.778316867292643655e-02
115.253 7.777675467483279037e-02
115.262 7.777034157857587449e-02
115.27 7.776392938314345693e-02
115.278 7.775751808752377758e-02
115.287 7.775110769317156167e-02
115.295 7.774469819969138940e-02
115.303 7.773828960525003273e-02
115.311 7.773188191109638157e-02
115.32 7.772547511663005504e-02
115.328 7.771906922186708200e-02
115.336 7.771266422661807227e-02
115.345 7.770626013110432107e-02
115.353 7.769985693472583610e-02
115.361 7.769345463585679290e-02
115.37 7.768705323636063143e-02
115.378 7.768065273584287556e-02
115.386 7.767425313349883564e-02
115.395 7.766785442893442415e-02
115.403 7.766145662216604462e-02
115.411 7.765505971320989242e-02
115.419 7.764866370249222383e-02
115.428 7.764226858859393787e-02
115.436 7.763587437132665747e-02
115.444 7.762948105275620236e-02
115.453 7.762308863002949366e-02
115.461 7.761669710336807637e-02
115.469 7.761030647381284009e-02
115.478 7.760391674097021075e-02
115.486 7.759752790362764441e-02
115.494 7.759113996200654728e-02
115.503 7.758475291591868106e-02
115.511 7.757836676681349741e-02
115.519 7.757198151184147017e-02
115.527 7.756559715204272565e-02
115.536 7.755921368845693220e-02
115.544 7.755283111803130958e-02
115.552 7.754644944262413520e-02
115.561 7.754006866225172934e-02
115.569 7.753368877672597859e-02
115.577 7.752730978504090986e-02
115.586 7.752093168619114683e-02
115.594 7.751455448080687982e-02
115.602 7.750817816972253860e-02
115.611 7.750180275234133664e-02
115.619 7.749542822745403292e-02
115.627 7.748905459589466860e-02
115.636 7.748268185747572701e-02
115.644 7.747631001139684837e-02
115.652 7.746993905706238415e-02
115.66 7.746356899571443799e-02
115.669 7.745719982594059805e-02
115.677 7.745083154877845100e-02
115.685 7.744446416302011582e-02
115.694 7.743809766847854770e-02
115.702 7.743173206496677119e-02
115.71 7.742536735372582135e-02
115.719 7.741900353273260815e-02
115.727 7.741264060241223599e-02
115.735 7.740627856278176067e-02
115.744 7.739991741446984597e-02
115.752 7.739355715565854332e-02
115.76 7.738719778656899528e-02
115.768 7.738083930742228889e-02
115.777 7.737448171843923361e-02
115.785 7.736812501882192605e-02
115.793 7.736176920858743589e-02
115.802 7.735541428673468889e-02
115.81 7.734906025531758378e-02
115.818 7.734270711231662487e-02
115.827 7.733635485673122367e-02
115.835 7.733000349020761888e-02
115.843 7.732365301235576138e-02
115.852 7.731730342217535412e-02
115.86 7.731095472009069658e-02
115.868 7.730460690530538415e-02
115.877 7.729825997804029569e-02
115.885 7.729191393831291723e-02
115.893 7.728556878675051089e-02
115.901 7.727922452072692738e-02
115.91 7.727288114168329169e-02
115.918 7.726653865004352861e-02
115.926 7.726019704399561538e-02
115.935 7.725385632437031802e-02
115.943 7.724751649118505314e-02
115.951 7.724117754384779433e-02
115.96 7.723483948136049271e-02
115.968 7.722850230536586202e-02
115.976 7.722216601425659077e-02
115.985 7.721583060805059517e-02
115.993 7.720949608838950651e-02
116.001 7.720316245224585761e-02
116.009 7.719682970085553486e-02
116.018 7.719049783322164127e-02
116.026 7.718416685037655933e-02
116.034 7.717783675274358934e-02
116.043 7.717150753790610884e-02
116.051 7.716517920608517711e-02
116.059 7.715885175892103764e-02
116.068 7.715252519501189510e-02
116.076 7.714619951336208759e-02
116.084 7.713987471621944203e-02
116.093 7.713355080116932050e-02
116.101 7.712722776822994453e-02
116.109 7.712090561843251701e-02
116.117 7.711458435057927385e-02
116.126 7.710826396428327456e-02
116.134 7.710194446118280587e-02
116.142 7.709562583987801532e-02
116.151 7.708930809836245235e-02
116.159 7.708299123888148752e-02
116.167 7.707667526165536132e-02
116.176 7.707036016467810891e-02
116.184 7.706404594877752645e-02
116.192 7.705773261376934469e-02
116.201 7.705142015825565405e-02
116.209 7.704510858306412580e-02
116.217 7.703879788902179282e-02
116.226 7.703248807594427483e-02
116.234 7.702617914101907159e-02
116.242 7.701987108466951115e-02
116.25 7.701356390893526749e-02
116.259 7.700725761262172675e-02
116.267 7.700095219514094258e-02
116.275 7.699464765651140019e-02
116.284 7.698834399735747513e-02
116.292 7.698204121547563838e-02
116.3 7.697573931169249262e-02
116.309 7.696943828703617374e-02
116.317 7.696313813990970920e-02
116.325 7.695683887093725251e-02
116.334 7.695054047892625759e-02
116.342 7.694424296530807950e-02
116.35 7.693794632909201070e-02
116.358 7.693165056888444375e-02
116.367 7.692535568490609099e-02
116.375 7.691906167919258797e-02
116.383 7.691276855035039661e-02
116.392 7.690647629597861801e-02
116.4 7.690018491912045673e-02
116.408 7.689389441898787647e-02
116.417 7.688760479378548007e-02
116.425 7.688131604333088565e-02
116.433 7.687502816965785524e-02
116.442 7.686874117077023560e-02
116.45 7.686245504729126432e-02
116.458 7.685616979863539588e-02
116.467 7.684988542421747337e-02
116.475 7.684360192445922888e-02
116.483 7.683731930038596725e-02
116.491 7.683103754939947516e-02
116.5 7.682475667353157178e-02
116.508 7.681847666998377344e-02
116.516 7.681219754038511038e-02
116.525 7.680591928555907666e-02
116.533 7.679964190311054650e-02
116.541 7.679336539386340255e-02
116.55 7.678708975803766323e-02
116.558 7.678081499525009346e-02
116.566 7.677454110391153386e-02
116.575 7.676826808564950200e-02
116.583 7.676199593947805044e-02
116.591 7.675572466642090197e-02
116.599 7.674945426509055535e-02
116.608 7.674318473389933615e-02
116.616 7.673691607628133071e-02
116.624 7.673064828864026299e-02
116.633 7.672438137220070897e-02
116.641 7.671811532798560040e-02
116.649 7.671185015420722841e-02
116.658 7.670558585068429358e-02
116.666 7.669932241763700864e-02
116.674 7.669305985488400479e-02
116.683 7.668679816344770028e-02
116.691 7.668053734093996376e-02
116.699 7.667427738798227033e-02
116.707 7.666801830599781487e-02
116.716 7.666176009239901445e-02
116.724 7.665550274740613734e-02
116.732 7.664924627284290526e-02
116.741 7.664299066712493280e-02
116.749 7.663673592947028990e-02
116.757 7.663048206070009749e-02
116.766 7.662422906043309112e-02
116.774 7.661797692828827000e-02
116.782 7.661172566388466110e-02
116.791 7.660547526784264316e-02
116.799 7.659922573938082735e-02
116.807 7.659297707831871915e-02
116.816 7.658672928527643364e-02
116.824 7.658048235827213945e-02
116.832 7.657423629872658899e-02
116.84 7.656799110605917724e-02
116.849 7.656174677988952793e-02
116.857 7.655550332083738141e-02
116.865 7.654926072672244008e-02
116.874 7.654301900016453886e-02
116.882 7.653677813878367875e-02
116.89 7.653053814299987101e-02
116.899 7.652429901363234921e-02
116.907 7.651806074990143147e-02
116.915 7.651182335022836678e-02
116.924 7.650558681563239538e-02
116.932 7.649935114633321653e-02
116.94 7.649311634195112009e-02
116.948 7.648688240190697207e-02
116.957 7.648064932622071488e-02
116.965 7.647441711511206164e-02
116.973 7.646818576760272546e-02
116.982 7.646195528411219022e-02
116.99 7.645572566446078022e-02
116.998 7.644949690747136761e-02
117.007 7.644326901476032610e-02
117.015 7.643704198495117341e-02
117.023 7.643081581726626772e-02
117.032 7.642459051332146924e-02
117.04 7.641836607233896961e-02
117.048 7.641214249334209174e-02
117.057 7.640591977635113885e-02
117.065 7.639969792118721237e-02
117.073 7.639347692806990053e-02
117.081 7.638725679761722287e-02
117.09 7.638103752845445960e-02
117.098 7.637481912000450290e-02
117.106 7.636860157308460184e-02
117.115 7.636238488731672547e-02
117.123 7.635616906252208624e-02
117.131 7.634995409852189663e-02
117.14 7.634373999473940964e-02
117.148 7.633752675119519215e-02
117.156 7.633131436810867976e-02
117.165 7.632510284490334751e-02
117.173 7.631889218100286476e-02
117.181 7.631268237762148243e-02
117.189 7.630647343477928168e-02
117.198 7.630026534911590885e-02
117.206 7.629405812323750147e-02
117.214 7.628785175716437661e-02
117.223 7.628164624892910806e-02
117.231 7.627544159934761259e-02
117.239 7.626923780883791693e-02
117.248 7.626303487702315587e-02
117.256 7.625683280253311991e-02
117.264 7.625063158519024276e-02
117.273 7.624443122640568726e-02
117.281 7.623823172639851431e-02
117.289 7.623203308221075669e-02
117.297 7.622583529505493061e-02
117.306 7.621963836673824322e-02
117.314 7.621344229390705771e-02
117.322 7.620724707717801971e-02
117.331 7.620105271855620588e-02
117.339 7.619485921607811740e-02
117.347 7.618866656916969959e-02
117.356 7.618247477844702908e-02
117.364 7.617628384373266448e-02
117.372 7.617009376484920602e-02
117.381 7.616390454122290432e-02
117.389 7.615771617287475648e-02
117.397 7.615152866022215083e-02
117.406 7.614534200189883306e-02
117.414 7.613915619891672981e-02
117.422 7.613297125010806687e-02
117.43 7.612678715628638793e-02
117.439 7.612060391648237112e-02
117.447 7.611442153051924120e-02
117.455 7.610823999940811990e-02
117.464 7.610205932138817964e-02
117.472 7.609587949707466437e-02
117.48 7.608970052668664885e-02
117.489 7.608352241004719130e-02
117.497 7.607734514500108514e-02
117.505 7.607116873315267203e-02
117.514 7.606499317531426052e-02
117.522 7.605881846873796537e-02
117.53 7.605264461423660860e-02
117.538 7.604647161420391432e-02
117.547 7.604029946450927002e-02
117.555 7.603412816734879398e-02
117.563 7.602795772175546807e-02
117.572 7.602178812676284314e-02
117.58 7.601561938436830757e-02
117.588 7.600945149321002015e-02
117.597 7.600328445350690298e-02
117.605 7.599711826409538684e-02
117.613 7.599095292401002177e-02
117.622 7.598478843643149960e-02
117.63 7.597862479901180965e-02
117.638 7.597246201118046383e-02
117.647 7.596630007295933351e-02
117.655 7.596013898515931173e-02
117.663 7.595397874760445589e-02
117.671 7.594781935893533953e-02
117.68 7.594166081897671394e-02
117.688 7.593550312991957651e-02
117.696 7.592934628882730408e-02
117.705 7.592319029651056761e-02
117.713 7.591703515299112748e-02
117.721 7.591088085789642059e-02
117.73 7.590472741105112886e-02
117.738 7.589857481247705429e-02
117.746 7.589242306219591561e-02
117.755 7.588627215885050681e-02
117.763 7.588012210384163791e-02
117.771 7.587397289600930628e-02
117.779 7.586782453616308652e-02
117.788 7.586167702294642490e-02
117.796 7.585553035677511380e-02
117.804 7.584938453767099686e-02
117.813 7.584323956447516779e-02
117.821 7.583709543819364129e-02
117.829 7.583095215825799706e-02
117.838 7.582480972390338858e-02
117.846 7.581866813554527518e-02
117.854 7.581252739399228779e-02
117.863 7.580638749671000931e-02
117.871 7.580024844549032581e-02
117.879 7.579411024074807213e-02
117.887 7.578797287975344577e-02
117.896 7.578183636272557699e-02
117.904 7.577570069263414587e-02
117.912 7.576956586596421406e-02
117.921 7.576343188352419045e-02
117.929 7.575729874592544710e-02
117.937 7.575116645220811296e-02
117.946 7.574503500200174821e-02
117.954 7.573890439532879326e-02
117.962 7.573277463338923265e-02
117.971 7.572664571463481875e-02
117.979 7.572051763869538932e-02
117.987 7.571439040559349576e-02
117.996 7.570826401633234948e-02
118.004 7.570213846877636710e-02
118.012 7.569601376451710883e-02
118.02 7.568988990200803402e-02
118.029 7.568376688205599723e-02
118.037 7.567764470429122481e-02
118.045 7.567152336795196499e-02
118.054 7.566540287404081855e-02
118.062 7.565928322101227177e-02
118.07 7.565316440908506634e-02
118.079 7.564704643926120631e-02
118.087 7.564092931097524120e-02
118.095 7.563481302268278139e-02
118.104 7.562869757440676688e-02
118.112 7.562258296773623212e-02
118.12 7.561646920093155477e-02
118.128 7.561035627421126837e-02
118.137 7.560424418857654427e-02
118.145 7.559813294228844016e-02
118.153 7.559202253556553119e-02
118.162 7.558591296843052143e-02
118.17 7.557980424012374077e-02
118.178 7.557369635145026743e-02
118.187 7.556758930165057009e-02
118.195 7.556148309113844275e-02
118.203 7.555537771935004476e-02
118.212 7.554927318611259768e-02
118.22 7.554316949027639616e-02
118.228 7.553706663323242476e-02
118.236 7.553096461519864802e-02
118.245 7.552486343424394399e-02
118.253 7.551876309039161350e-02
118.261 7.551266358444588822e-02
118.27 7.550656491564848583e-02
118.278 7.550046708480327717e-02
118.286 7.549437009173770585e-02
118.295 7.548827393296121679e-02
118.303 7.548217861162019593e-02
118.311 7.547608412890806362e-02
118.32 7.546999048192051807e-02
118.328 7.546389766892523665e-02
118.336 7.545780569326183962e-02
118.345 7.545171455436777697e-02
118.353 7.544562424973094705e-02
118.361 7.543953478054474249e-02
118.369 7.543344614839182782e-02
118.378 7.542735835017602697e-02
118.386 7.542127138728525748e-02
118.394 7.541518525993734512e-02
118.403 7.540909996581732222e-02
118.411 7.540301550689688936e-02
118.419 7.539693188280949254e-02
118.428 7.539084909202022067e-02
118.436 7.538476713572098142e-02
118.444 7.537868601374009270e-02
118.453 7.537260572493274802e-02
118.461 7.536652627010095862e-02
118.469 7.536044764790569839e-02
118.477 7.535436985895416218e-02
118.486 7.534829290307527849e-02
118.494 7.534221678107039244e-02
118.502 7.533614149082309974e-02
118.511 7.533006703274604254e-02
118.519 7.532399340919611330e-02
118.527 7.531792061630757096e-02
118.536 7.531184865488207980e-02
118.544 7.530577752610942421e-02
118.552 7.529970722806955674e-02
118.561 7.529363776214641202e-02
118.569 7.528756912797480993e-02
118.577 7.528150132480100620e-02
118.586 7.527543435284299311e-02
118.594 7.526936821095901731e-02
118.602 7.526330290092056452e-02
118.61 7.525723842119758089e-02
118.619 7.525117477103737684e-02
118.627 7.524511195201659397e-02
118.635 7.523904996260609435e-02
118.644 7.523298880321770132e-02
118.652 7.522692847387514592e-02
118.66 7.522086897305009512e-02
118.669 7.521481030231841336e-02
118.677 7.520875246092777189e-02
118.685 7.520269544812627216e-02
118.694 7.519663926529507325e-02
118.702 7.519058391032522326e-02
118.71 7.518452938362849003e-02
118.718 7.517847568561641936e-02
118.727 7.517242281670025172e-02
118.735 7.516637077496622632e-02
118.743 7.516031955985738588e-02
118.752 7.515426917469071599e-02
118.76 7.514821961619717883e-02
118.768 7.514217088575646242e-02
118.777 7.513612298203702078e-02
118.785 7.513007590506302902e-02
118.793 7.512402965543929501e-02
118.802 7.511798423299610727e-02
118.81 7.511193963678985952e-02
118.818 7.510589586665120110e-02
118.826 7.509985292279786062e-02
118.835 7.509381080564071775e-02
118.843 7.508776951346311790e-02
118.851 7.508172904706296447e-02
118.86 7.507568940801108426e-02
118.868 7.506965059304472609e-02
118.876 7.506361260354151022e-02
118.885 7.505757543952551458e-02
118.893 7.505153910005474271e-02
118.901 7.504550358496034357e-02
118.91 7.503946889503934625e-02
118.918 7.503343502935007348e-02
118.926 7.502740198830314122e-02
118.935 7.502136977192265521e-02
118.943 7.501533837849515274e-02
118.951 7.500930780881746862e-02
118.959 7.500327806349299520e-02
118.968 7.499724914138793108e-02
118.976 7.499122104233375830e-02
118.984 7.498519376635491562e-02
118.993 7.497916731386171374e-02
119.001 7.497314168468545426e-02
119.009 7.496711687653623279e-02
119.018 7.496109289136726472e-02
119.026 7.495506972997408035e-02
119.034 7.494904738987460957e-02
119.043 7.494302587244279501e-02
119.051 7.493700517539042538e-02
119.059 7.493098530066948093e-02
119.067 7.492496624772623792e-02
119.076 7.491894801581461261e-02
119.084 7.491293060553715077e-02
119.092 7.490691401634054503e-02
119.101 7.490089824767173776e-02
119.109 7.489488329917046161e-02
119.117 7.488886917201649507e-02
119.126 7.488285586604176425e-02
119.134 7.487684337876890361e-02
119.142 7.487083171195489661e-02
119.151 7.486482086523948976e-02
119.159 7.485881083807036096e-02
119.167 7.485280163085691885e-02
119.176 7.484679324266224620e-02
119.184 7.484078567428038842e-02
119.192 7.483477892419788946e-02
119.2 7.482877299359327883e-02
119.209 7.482276788172231852e-02
119.217 7.481676358784113134e-02
119.225 7.481076011389635461e-02
119.234 7.480475745741470284e-02
119.242 7.479875561746092416e-02
119.25 7.479275459790181435e-02
119.259 7.478675439472859399e-02
119.267 7.478075500950284726e-02
119.275 7.477475644244133135e-02
119.284 7.476875869126527185e-02
119.292 7.476276175830345871e-02
119.3 7.475676564242898781e-02
119.308 7.475077034328309056e-02
119.317 7.474477586089080250e-02
119.325 7.473878219393446931e-02
119.333 7.473278934378213556e-02
119.342 7.472679731065043351e-02
119.35 7.472080609322193090e-02
119.358 7.471481569113848364e-02
119.367 7.470882610461711260e-02
119.375 7.470283733444965657e-02
119.383 7.469684937912786371e-02
119.392 7.469086223925194834e-02
119.4 7.468487591484707089e-02
119.408 7.467889040459733951e-02
119.416 7.467290570910285752e-02
119.425 7.466692182819742452e-02
119.433 7.466093876171479848e-02
119.441 7.465495650987166720e-02
119.45 7.464897507250176090e-02
119.458 7.464299444829047836e-02
119.466 7.463701463745490983e-02
119.475 7.463103564116849165e-02
119.483 7.462505745773438670e-02
119.491 7.461908008775211543e-02
119.5 7.461310353105575499e-02
119.508 7.460712778690567482e-02
119.516 7.460115285628352022e-02
119.525 7.459517873749381411e-02
119.533 7.458920543151811855e-02
119.541 7.458323293799953846e-02
119.549 7.457726125639016490e-02
119.558 7.457129038786204644e-02
119.566 7.456532033033880236e-02
119.574 7.455935108403730083e-02
119.583 7.455338264936521575e-02
119.591 7.454741502596623492e-02
119.599 7.454144821443879632e-02
119.608 7.453548221404450447e-02
119.616 7.452951702423631086e-02
119.624 7.452355264503995880e-02
119.633 7.451758907609952465e-02
119.641 7.451162631744075171e-02
119.649 7.450566436985253671e-02
119.657 7.449970323221563606e-02
119.666 7.449374290436519552e-02
119.674 7.448778338594551351e-02
119.682 7.448182467793591777e-02
119.691 7.447586677883656636e-02
119.699 7.446990968810167366e-02
119.707 7.446395340766331916e-02
119.716 7.445799793659405030e-02
119.724 7.445204327320453785e-02
119.732 7.444608941923583356e-02
119.741 7.444013637299902453e-02
119.749 7.443418413566307845e-02
119.757 7.442823270649190359e-02
119.766 7.442228208513063104e-02
119.774 7.441633227217639424e-02
119.782 7.441038326575125095e-02
119.79 7.440443506740437862e-02
119.799 7.439848767773246663e-02
119.807 7.439254109352612387e-02
119.815 7.438659531671465430e-02
119.824 7.438065034770438566e-02
119.832 7.437470618480919449e-02
119.84 7.436876282862589504e-02
119.849 7.436282027803961525e-02
119.857 7.435687853459772845e-02
119.865 7.435093759718548745e-02
119.874 7.434499746601898329e-02
119.882 7.433905814036413651e-02
119.89 7.433311961986714678e-02
119.898 7.432718190474442432e-02
119.907 7.432124499578192378e-02
119.915 7.431530889186593880e-02
119.923 7.430937359359246486e-02
119.932 7.430343909889869369e-02
119.94 7.429750540838099548e-02
119.948 7.429157252377431575e-02
119.957 7.428564044320626336e-02
119.965 7.427970916613398089e-02
119.973 7.427377869410205224e-02
119.982 7.426784902504940389e-02
119.99 7.426192016052031442e-02
119.998 7.425599209940283996e-02
120.006 7.425006484153370834e-02
120.015 7.424413838712903835e-02
120.023 7.423821273583587621e-02
120.031 7.423228788711201676e-02
120.04 7.422636384098398044e-02
120.048 7.422044059804686067e-02
120.056 7.421451815794791185e-02
120.065 7.420859651976614846e-02
120.073 7.420267568258097357e-02
120.081 7.419675564869240847e-02
120.09 7.419083641699006360e-02
120.098 7.418491798579611440e-02
120.106 7.417900035684162063e-02
120.115 7.417308352901701152e-02
120.123 7.416716750197034635e-02
120.131 7.416125227743181059e-02
120.139 7.415533785239968034e-02
120.148 7.414942422936082744e-02
120.156 7.414351140588204547e-02
120.164 7.413759938293625062e-02
120.173 7.413168816073914535e-02
120.181 7.412577773837175643e-02
120.189 7.411986811529365504e-02
120.198 7.411395929285526096e-02
120.206 7.410805127051579844e-02
120.214 7.410214404660095400e-02
120.223 7.409623762246067558e-02
120.231 7.409033199774375800e-02
120.239 7.408442717153224111e-02
120.247 7.407852314498655777e-02
120.256 7.407261991586673588e-02
120.264 7.406671748608868733e-02
120.272 7.406081585530122080e-02
120.281 7.405491502088798472e-02
120.289 7.404901498627429468e-02
120.297 7.404311574978786337e-02
120.306 7.403721731032314457e-02
120.314 7.403131966828482846e-02
120.322 7.402542282369990734e-02
120.331 7.401952677697266891e-02
120.339 7.401363152643239407e-02
120.347 7.400773707380370325e-02
120.356 7.400184341760478179e-02
120.364 7.399595055842848879e-02
120.372 7.399005849554762815e-02
120.38 7.398416722861247963e-02
120.389 7.397827675878092257e-02
120.397 7.397238708476081004e-02
120.405 7.396649820639088213e-02
120.414 7.396061012388678579e-02
120.422 7.395472283576885741e-02
120.43 7.394883634451283883e-02
120.439 7.394295064863899702e-02
120.447 7.393706574723313274e-02
120.455 7.393118164107574664e-02
120.464 7.392529832981738214e-02
120.472 7.391941581310894349e-02
120.48 7.391353409060141821e-02
120.488 7.390765316194587708e-02
120.497 7.390177302848652263e-02
120.505 7.389589368968606242e-02
120.513 7.389001514331482168e-02
120.522 7.388413739090497756e-02
120.53 7.387826043248373054e-02
120.538 7.387238426789032031e-02
120.547 7.386650889564831679e-02
120.555 7.386063431616132768e-02
120.563 7.385476053077215386e-02
120.572 7.384888753744116296e-02
120.58 7.384301533675960427e-02
120.588 7.383714392931842174e-02
120.596 7.383127331383007586e-02
120.605 7.382540348975899502e-02
120.613 7.381953445844713357e-02
120.621 7.381366621935858685e-02
120.63 7.380779877139446998e-02
120.638 7.380193211514562979e-02
120.646 7.379606625045186108e-02
120.655 7.379020117696548364e-02
120.663 7.378433689415124508e-02
120.671 7.377847340222450090e-02
120.68 7.377261070121293729e-02
120.688 7.376674879133157670e-02
120.696 7.376088767185788597e-02
120.705 7.375502734206973443e-02
120.713 7.374916780274477779e-02
120.721 7.374330905372319944e-02
120.729 7.373745109447035762e-02
120.738 7.373159392445195748e-02
120.746 7.372573754425792991e-02
120.754 7.371988195316667158e-02
120.763 7.371402715139328821e-02
120.771 7.370817313952737759e-02
120.779 7.370231991628571622e-02
120.788 7.369646748207066278e-02
120.796 7.369061583503810908e-02
120.804 7.368476497802381453e-02
120.813 7.367891490824808598e-02
120.821 7.367306562723603680e-02
120.829 7.366721713426691021e-02
120.837 7.366136942824641487e-02
120.846 7.365552251182108656e-02
120.854 7.364967638146516227e-02
120.862 7.364383103795496543e-02
120.871 7.363798648281433268e-02
120.879 7.363214271494923635e-02
120.887 7.362629973345309609e-02
120.896 7.362045753891469091e-02
120.904 7.361461613136202620e-02
120.912 7.360877550951525072e-02
120.921 7.360293567377627910e-02
120.929 7.359709662510705019e-02
120.937 7.359125836278836152e-02
120.946 7.358542088516771551e-02
120.954 7.357958419376715853e-02
120.962 7.357374828768130370e-02
120.97 7.356791316749826393e-02
120.979 7.356207883268620074e-02
120.987 7.355624528290002906e-02
120.995 7.355041251723504203e-02
121.004 7.354458053683908536e-02
121.012 7.353874934099410843e-02
121.02 7.353291893047432526e-02
121.029 7.352708930325645154e-02
121.037 7.352126045974215207e-02
121.045 7.351543240201030560e-02
121.054 7.350960512729276530e-02
121.062 7.350377863599079353e-02
121.07 7.349795292887827125e-02
121.078 7.349212800449275718e-02
121.087 7.348630386342172582e-02
121.095 7.348048050625220762e-02
121.103 7.347465793096381870e-02
121.112 7.346883613870250351e-02
121.12 7.346301513024136587e-02
121.128 7.345719490356057702e-02
121.137 7.345137545924727840e-02
121.145 7.344555679677162996e-02
121.153 7.343973891709255908e-02
121.162 7.343392181856372991e-02
121.17 7.342810550214413923e-02
121.178 7.342228996730407187e-02
121.186 7.341647521388612596e-02
121.195 7.341066124173280250e-02
121.203 7.340484805068676899e-02
121.211 7.339903564040477224e-02
121.22 7.339322401165902787e-02
121.228 7.338741316336261367e-02
121.236 7.338160309480105947e-02
121.245 7.337579380748959768e-02
121.253 7.336998530034193056e-02
121.261 7.336417757282939767e-02
121.27 7.335837062609522341e-02
121.278 7.335256445831074557e-02
121.286 7.334675907024766628e-02
121.295 7.334095446193465706e-02
121.303 7.333515063265777512e-02
121.311 7.332934758318832014e-02
121.319 7.332354531188463309e-02
121.328 7.331774381951795816e-02
121.336 7.331194310648804502e-02
121.344 7.330614317171053884e-02
121.353 7.330034401502887043e-02
121.361 7.329454563721371496e-02
121.369 7.328874803662489834e-02
121.378 7.328295121496021525e-02
121.386 7.327715517113587984e-02
121.394 7.327135990462471660e-02
121.403 7.326556541564105407e-02
121.411 7.325977170365796654e-02
121.419 7.325397876907503714e-02
121.427 7.324818661155056698e-02
121.436 7.324239523185435696e-02
121.444 7.323660462779278679e-02
121.452 7.323081480050624981e-02
121.461 7.322502575020875537e-02
121.469 7.321923747526304371e-02
121.477 7.321344997680913347e-02
121.486 7.320766325506092298e-02
121.494 7.320187730875185594e-02
121.502 7.319609213828121019e-02
121.511 7.319030774312308696e-02
121.519 7.318452412312166644e-02
121.527 7.317874127886096758e-02
121.536 7.317295920981510549e-02
121.544 7.316717791545856997e-02
121.552 7.316139739545091114e-02
121.56 7.315561765074556078e-02
121.569 7.314983868007775281e-02
121.577 7.314406048421608075e-02
121.585 7.313828306245044597e-02
121.594 7.313250641407119390e-02
121.602 7.312673054021602559e-02
121.61 7.312095544091397337e-02
121.619 7.311518111416270838e-02
121.627 7.310940756073047719e-02
121.635 7.310363478138497129e-02
121.644 7.309786277412484712e-02
121.652 7.309209154064080782e-02
121.66 7.308632108022375395e-02
121.668 7.308055139216483587e-02
121.677 7.307478247667814619e-02
121.685 7.306901433342406771e-02
121.693 7.306324696243203520e-02
121.702 7.305748036373142795e-02
121.71 7.305171453753599164e-02
121.718 7.304594948221572459e-02
121.727 7.304018519835342449e-02
121.735 7.303442168708437765e-02
121.743 7.302865894696344840e-02
121.752 7.302289697783594102e-02
121.76 7.301713577936295996e-02
121.768 7.301137535286356117e-02
121.776 7.300561569634091141e-02
121.785 7.299985680964073131e-02
121.793 7.299409869408170215e-02
121.801 7.298834134950901720e-02
121.81 7.298258477503165309e-02
121.818 7.297682897031108895e-02
121.826 7.297107393519297602e-02
121.835 7.296531966933901547e-02
121.843 7.295956617406693101e-02
121.851 7.295381344848615723e-02
121.86 7.294806149097089742e-02
121.868 7.294231030283856998e-02
121.876 7.293655988430272630e-02
121.885 7.293081023428962806e-02
121.893 7.292506135227770636e-02
121.901 7.291931324013482818e-02
121.909 7.291356589605257899e-02
121.918 7.290781931987704023e-02
121.926 7.290207351108690670e-02
121.934 7.289632847099812574e-02
121.943 7.289058419982392956e-02
121.951 7.288484069538982146e-02
121.959 7.287909795735872387e-02
121.968 7.287335598649531676e-02
121.976 7.286761478466528830e-02
121.984 7.286187435024579773e-02
121.993 7.285613468033017015e-02
122.001 7.285039577825222490e-02
122.009 7.284465764385800179e-02
122.017 7.283892027497559929e-02
122.026 7.283318367181869368e-02
122.034 7.282744783588467052e-02
122.042 7.282171276573606855e-02
122.051 7.281597846140298869e-02
122.059 7.281024492273203974e-02
122.067 7.280451214956999706e-02
122.076 7.279878014194685054e-02
122.084 7.279304889989263172e-02
122.092 7.278731842178817746e-02
122.101 7.278158871004565544e-02
122.109 7.277585976249643929e-02
122.117 7.277013157990352976e-02
122.126 7.276440416138119094e-02
122.134 7.275867750750907026e-02
122.142 7.275295161831717150e-02
122.15 7.274722649200500435e-02
122.159 7.274150213189757574e-02
122.167 7.273577853363216716e-02
122.175 7.273005569833754236e-02
122.184 7.272433362933737599e-02
122.192 7.271861232227046223e-02
122.2 7.271289177844787732e-02
122.209 7.270717199680259979e-02
122.217 7.270145297901094150e-02
122.225 7.269573472418858207e-02
122.234 7.269001723145171456e-02
122.242 7.268430050211027726e-02
122.25 7.267858453436672195e-02
122.258 7.267286932825159362e-02
122.267 7.266715488507437259e-02
122.275 7.266144120376893945e-02
122.283 7.265572828436575592e-02
122.292 7.265001612561659827e-02
122.3 7.264430472883050272e-02
122.308 7.263859409403763956e-02
122.317 7.263288421980775011e-02
122.325 7.262717510653649011e-02
122.333 7.262146675425432130e-02
122.342 7.261575916244419893e-02
122.35 7.261005233131918868e-02
122.358 7.260434626127451607e-02
122.366 7.259864095106359494e-02
122.375 7.259293640053465779e-02
122.383 7.258723261063028398e-02
122.391 7.258152958028668555e-02
122.4 7.257582730916990743e-02
122.408 7.257012579895119608e-02
122.416 7.256442504747355471e-02
122.425 7.255872505422110430e-02
122.433 7.255302582214016860e-02
122.441 7.254732734834554164e-02
122.45 7.254162963195742719e-02
122.458 7.253593267501044772e-02
122.466 7.253023647753489844e-02
122.475 7.252454103828649690e-02
122.483 7.251884635602161289e-02
122.491 7.251315243259172372e-02
122.499 7.250745926693517862e-02
122.508 7.250176685944668964e-02
122.516 7.249607520997496113e-02
122.524 7.249038431709502184e-02
122.533 7.248469418265711395e-02
122.541 7.247900480396328449e-02
122.549 7.247331618304542200e-02
122.558 7.246762832047946856e-02
122.566 7.246194121284126044e-02
122.574 7.245625486270734772e-02
122.583 7.245056926901773109e-02
122.591 7.244488443107620357e-02
122.599 7.243920035018591719e-02
122.607 7.243351702456046759e-02
122.616 7.242783445532111064e-02
122.624 7.242215264177195855e-02
122.632 7.241647158358067993e-02
122.641 7.241079128114150110e-02
122.649 7.240511173502997555e-02
122.657 7.239943294327967627e-02
122.666 7.239375490574037619e-02
122.674 7.238807762407678537e-02
122.682 7.238240109704928427e-02
122.691 7.237672532450742380e-02
122.699 7.237105030611944156e-02
122.707 7.236537604246066901e-02
122.716 7.235970253410609065e-02
122.724 7.235402977818480852e-02
122.732 7.234835777581642702e-02
122.74 7.234268652793861276e-02
122.749 7.233701603476347386e-02
122.757 7.233134629342169442e-02
122.765 7.232567730503239312e-02
122.774 7.232000907180113902e-02
122.782 7.231434159122197836e-02
122.79 7.230867486278268197e-02
122.799 7.230300888687699046e-02
122.807 7.229734366335500984e-02
122.815 7.229167919297242728e-02
122.824 7.228601547521690263e-02
122.832 7.228035250867137496e-02
122.84 7.227469029499643260e-02
122.848 7.226902883277522283e-02
122.857 7.226336812222010353e-02
122.865 7.225770816354325221e-02
122.873 7.225204895605220889e-02
122.882 7.224639050014022845e-02
122.89 7.224073279493416211e-02
122.898 7.223507584136963644e-02
122.907 7.222941963821212508e-02
122.915 7.222376418603554393e-02
122.923 7.221810948432881572e-02
122.932 7.221245553276189888e-02
122.94 7.220680233172770135e-02
122.948 7.220114988125761468e-02
122.956 7.219549818047948930e-02
122.965 7.218984722978614987e-02
122.973 7.218419702866714360e-02
122.981 7.217854757625107032e-02
122.99 7.217289887401417969e-02
122.998 7.216725092144607445e-02
123.006 7.216160371767545156e-02
123.015 7.215595726309506630e-02
123.023 7.215031155737530733e-02
123.031 7.214466660018686861e-02
123.04 7.213902239156136376e-02
123.048 7.213337893134989798e-02
123.056 7.212773621904301768e-02
123.065 7.212209425557414288e-02
123.073 7.211645304043363958e-02
123.081 7.211081257257116739e-02
123.089 7.210517285147781397e-02
123.098 7.209953387916824552e-02
123.106 7.209389565441214065e-02
123.114 7.208825817724100193e-02
123.123 7.208262144570454222e-02
123.131 7.207698546199683975e-02
123.139 7.207135022560882953e-02
123.148 7.206571573513126383e-02
123.156 7.206008199149654958e-02
123.164 7.205444899473630038e-02
123.173 7.204881674434204797e-02
123.181 7.204318523962541243e-02
123.189 7.203755448043847043e-02
123.197 7.203192446825276707e-02
123.206 7.202629520166023425e-02
123.214 7.202066667997304716e-02
123.222 7.201503890394286844e-02
123.231 7.200941187288201206e-02
123.239 7.200378558736193757e-02
123.247 7.199816004633546873e-02
123.256 7.199253525127298492e-02
123.264 7.198691120040830171e-02
123.272 7.198128789341411149e-02
123.281 7.197566533229933505e-02
123.289 7.197004351457975124e-02
123.297 7.196442244136559696e-02
123.306 7.195880211143131089e-02
123.314 7.195318252642550483e-02
123.322 7.194756368422475235e-02
123.33 7.194194558557964747e-02
123.339 7.193632823159945566e-02
123.347 7.193071161980241213e-02
123.355 7.192509575129796273e-02
123.364 7.191948062629756333e-02
123.372 7.191386624375642467e-02
123.38 7.190825260460377566e-02
123.389 7.190263970707755359e-02
123.397 7.189702755318329308e-02
123.405 7.189141614026238469e-02
123.414 7.188580546978207142e-02
123.422 7.188019554231223074e-02
123.43 7.187458635627116954e-02
123.438 7.186897791222897347e-02
123.447 7.186337020896302330e-02
123.455 7.185776324740192345e-02
123.463 7.185215702847358443e-02
123.472 7.184655154952242218e-02
123.48 7.184094681111845293e-02
123.488 7.183534281454787007e-02
123.497 7.182973955858894255e-02
123.505 7.182413704291586154e-02
123.513 7.181853526791906472e-02
123.522 7.181293423380975816e-02
123.53 7.180733393883013960e-02
123.538 7.180173438390775875e-02
123.546 7.179613557050637529e-02
123.555 7.179053749597397172e-02
123.563 7.178494016052215654e-02
123.571 7.177934356489892864e-02
123.58 7.177374770877877064e-02
123.588 7.176815259255170387e-02
123.596 7.176255821446188288e-02
123.605 7.175696457489957880e-02
123.613 7.175137167514855641e-02
123.621 7.174577951363238226e-02
123.63 7.174018809020489551e-02
123.638 7.173459740597082357e-02
123.646 7.172900745971161340e-02
123.655 7.172341825145991945e-02
123.663 7.171782978160544386e-02
123.671 7.171224204839472816e-02
123.679 7.170665505364620662e-02
123.688 7.170106879685653190e-02
123.696 7.169548327663000098e-02
123.704 7.168989849335646869e-02
123.713 7.168431444867463809e-02
123.721 7.167873114011850955e-02
123.729 7.167314856789931687e-02
123.738 7.166756673276344913e-02
123.746 7.166198563420816958e-02
123.754 7.165640527244448998e-02
123.763 7.165082564714821134e-02
123.771 7.164524675692564293e-02
123.779 7.163966860323581209e-02
123.787 7.163409118539834641e-02
123.796 7.162851450273297060e-02
123.804 7.162293855669818465e-02
123.812 7.161736334607896048e-02
123.821 7.161178886966108881e-02
123.829 7.160621512890265328e-02
123.837 7.160064212365808978e-02
123.846 7.159506985253535905e-02
123.854 7.158949831645769479e-02
123.862 7.158392751474572380e-02
123.871 7.157835744832230507e-02
123.879 7.157278811579598221e-02
123.887 7.156721951702185724e-02
123.895 7.156165165238875803e-02
123.904 7.155608452157363741e-02
123.912 7.155051812532087219e-02
123.92 7.154495246224011618e-02
123.929 7.153938753218663793e-02
123.937 7.153382333572690099e-02
123.945 7.152825987253806639e-02
123.954 7.152269714300855952e-02
123.962 7.151713514521590431e-02
123.97 7.151157388043752339e-02
123.979 7.150601334941698861e-02
123.987 7.150045354987714930e-02
123.995 7.149489448362777999e-02
124.004 7.148933614910298051e-02
124.012 7.148377854615819982e-02
124.02 7.147822167553699590e-02
124.028 7.147266553638449704e-02
124.037 7.146711012962148057e-02
124.045 7.146155545457064107e-02
124.053 7.145600151002258482e-02
124.062 7.145044829707551670e-02
124.07 7.144489581487520335e-02
124.078 7.143934406451923902e-02
124.087 7.143379304479872960e-02
124.095 7.142824275521475474e-02
124.103 7.142269319668739791e-02
124.112 7.141714436818565048e-02
124.12 7.141159627045193248e-02
124.128 7.140604890334201205e-02
124.136 7.140050226511640563e-02
124.145 7.139495635669483586e-02
124.153 7.138941117899644251e-02
124.161 7.138386673028238039e-02
124.17 7.137832301182611694e-02
124.178 7.137278002153503442e-02
124.186 7.136723776032832811e-02
124.195 7.136169622947884095e-02
124.203 7.135615542671765177e-02
124.211 7.135061535243232556e-02
124.22 7.134507600736428312e-02
124.228 7.133953739066176136e-02
124.236 7.133399950271200607e-02
124.245 7.132846234248649275e-02
124.253 7.132292591054947839e-02
124.261 7.131739020604986601e-02
124.269 7.131185522972863233e-02
124.278 7.130632098126525598e-02
124.286 7.130078745980900079e-02
124.294 7.129525466645417198e-02
124.303 7.128972259964305724e-02
124.311 7.128419126099992675e-02
124.319 7.127866064879059826e-02
124.328 7.127313076198862896e-02
124.336 7.126760160380805897e-02
124.344 7.126207317216180781e-02
124.353 7.125654546567031233e-02
124.361 7.125101848578042907e-02
124.369 7.124549223323183023e-02
124.377 7.123996670593886471e-02
124.386 7.123444190393531106e-02
124.394 7.122891782831403118e-02
124.402 7.122339447857886641e-02
124.411 7.121787185352795868e-02
124.419 7.121234995443026516e-02
124.427 7.120682878026061979e-02
124.436 7.120130833105275947e-02
124.444 7.119578860789842201e-02
124.452 7.119026960836204176e-02
124.461 7.118475133353556472e-02
124.469 7.117923378345264451e-02
124.477 7.117371695744167948e-02
124.485 7.116820085606519186e-02
124.494 7.116268547882803608e-02
124.502 7.115717082470666977e-02
124.51 7.115165689514452163e-02
124.519 7.114614368999878924e-02
124.527 7.114063120789393402e-02
124.535 7.113511944780721852e-02
124.544 7.112960841241411369e-02
124.552 7.112409809998726518e-02
124.56 7.111858851073649124e-02
124.569 7.111307964434354645e-02
124.577 7.110757150031413176e-02
124.585 7.110206407885817648e-02
124.594 7.109655737983358592e-02
124.602 7.109105140309829318e-02
124.61 7.108554614903783708e-02
124.618 7.108004161698239232e-02
124.627 7.107453780679001687e-02
124.635 7.106903471831875485e-02
124.643 7.106353235107505661e-02
124.652 7.105803070579608249e-02
124.66 7.105252978198829672e-02
124.668 7.104702957915837169e-02
124.677 7.104153009786745576e-02
124.685 7.103603133674375736e-02
124.693 7.103053329669993532e-02
124.702 7.102503597776979594e-02
124.71 7.101953937910901460e-02
124.718 7.101404350127847598e-02
124.726 7.100854834308305275e-02
124.735 7.100305390508360182e-02
124.743 7.099756018819174119e-02
124.751 7.099206719033501756e-02
124.76 7.098657491154786170e-02
124.768 7.098108335344363584e-02
124.776 7.097559251482793430e-02
124.785 7.097010239538401044e-02
124.793 7.096461299479521478e-02
124.801 7.095912431274511989e-02
124.81 7.095363635049532769e-02
124.818 7.094814910685244558e-02
124.826 7.094266258237648393e-02
124.835 7.093717677622510265e-02
124.843 7.093169168755626697e-02
124.851 7.092620731780625853e-02
124.859 7.092072366665856664e-02
124.868 7.091524073309619924e-02
124.876 7.090975851662802143e-02
124.884 7.090427701781389092e-02
124.893 7.089879623826393640e-02
124.901 7.089331617556066112e-02
124.909 7.088783682921336038e-02
124.918 7.088235820118196640e-02
124.926 7.087688028957520037e-02
124.934 7.087140309442761799e-02
124.943 7.086592661664843640e-02
124.951 7.086045085574685376e-02
124.959 7.085497581105745790e-02
124.967 7.084950148243983337e-02
124.976 7.084402787045292194e-02
124.984 7.083855497460639361e-02
124.992 7.083308279441009880e-02
125.001 7.082761133042296542e-02
125.009 7.082214058180526239e-02
125.017 7.081667054824200558e-02
125.026 7.081120123134033995e-02
125.034 7.080573262973657855e-02
125.042 7.080026474206758957e-02
125.051 7.079479757011492014e-02
125.059 7.078933111251557719e-02
125.067 7.078386536982815558e-02
125.075 7.077840034261073665e-02
125.084 7.077293602932638317e-02
125.092 7.076747243053335690e-02
125.1 7.076200954609164484e-02
125.109 7.075654737551215212e-02
125.117 7.075108591813158987e-02
125.125 7.074562517503144021e-02
125.134 7.074016514659500765e-02
125.142 7.073470583076353624e-02
125.15 7.072924722861817504e-02
125.159 7.072378933984471705e-02
125.167 7.071833216395473354e-02
125.175 7.071287570115718235e-02
125.184 7.070741995026659510e-02
125.192 7.070196491340913214e-02
125.2 7.069651058992201809e-02
125.208 7.069105697809729971e-02
125.217 7.068560407727318695e-02
125.225 7.068015188957493811e-02
125.233 7.067470041486273447e-02
125.242 7.066924965160367722e-02
125.25 7.066379959983268289e-02
125.258 7.065835025941048786e-02
125.267 7.065290163159035353e-02
125.275 7.064745371397009033e-02
125.283 7.064200650780291801e-02
125.292 7.063656001347154434e-02
125.3 7.063111422996666555e-02
125.308 7.062566915749698970e-02
125.316 7.062022479540160103e-02
125.325 7.061478114388929084e-02
125.333 7.060933820247329573e-02
125.341 7.060389597188392041e-02
125.35 7.059845445163430433e-02
125.358 7.059301364123783673e-02
125.366 7.058757354159833630e-02
125.375 7.058213415083897102e-02
125.383 7.057669546951621242e-02
125.391 7.057125749888094879e-02
125.4 7.056582023705711137e-02
125.408 7.056038368355878332e-02
125.416 7.055494783981038076e-02
125.425 7.054951270602015378e-02
125.433 7.054407828066040775e-02
125.441 7.053864456376612857e-02
125.449 7.053321155537242704e-02
125.458 7.052777925568781692e-02
125.466 7.052234766370618635e-02
125.474 7.051691678119755002e-02
125.483 7.051148660611489261e-02
125.491 7.050605713814654674e-02
125.499 7.050062837958237516e-02
125.508 7.049520032768236133e-02
125.516 7.048977298352225584e-02
125.524 7.048434634713694746e-02
125.533 7.047892041734818425e-02
125.541 7.047349519488443903e-02
125.549 7.046807067960746129e-02
125.557 7.046264687189873754e-02
125.566 7.045722377023412586e-02
125.574 7.045180137482214000e-02
125.582 7.044637968673717054e-02
125.591 7.044095870514816005e-02
125.599 7.043553842853206293e-02
125.607 7.043011885882871637e-02
125.616 7.042469999589988372e-02
125.624 7.041928183735741975e-02
125.632 7.041386438514064816e-02
125.641 7.040844763911145721e-02
125.649 7.040303159688278412e-02
125.657 7.039761626143115070e-02
125.665 7.039220163106156558e-02
125.674 7.038678770477180269e-02
125.682 7.038137448398072704e-02
125.69 7.037596196820473937e-02
125.699 7.037055015696032367e-02
125.707 7.036513905011004821e-02
125.715 7.035972864734357790e-02
125.724 7.035431894904198291e-02
125.732 7.034890995524037405e-02
125.74 7.034350166511024738e-02
125.749 7.033809407834164251e-02
125.757 7.033268719669705238e-02
125.765 7.032728101762110440e-02
125.774 7.032187554166753618e-02
125.782 7.031647076956239195e-02
125.79 7.031106670099566969e-02
125.798 7.030566333531218515e-02
125.807 7.030026067220233876e-02
125.815 7.029485871152915677e-02
125.823 7.028945745401828094e-02
125.832 7.028405690022240804e-02
125.84 7.027865704793441470e-02
125.848 7.027325789684514545e-02
125.857 7.026785944905969417e-02
125.865 7.026246170323381668e-02
125.873 7.025706465854109073e-02
125.882 7.025166831622386976e-02
125.89 7.024627267614508286e-02
125.898 7.024087773713372229e-02
125.906 7.023548349853640793e-02
125.915 7.023008996176718921e-02
125.923 7.022469712634464567e-02
125.931 7.021930499213197008e-02
125.94 7.021391355882029839e-02
125.948 7.020852282472335448e-02
125.956 7.020313279228757031e-02
125.965 7.019774346103163642e-02
125.973 7.019235482875348098e-02
125.981 7.018696689858687499e-02
125.99 7.018157966626502320e-02
125.998 7.017619313406098236e-02
126.006 7.017080730338653982e-02
126.015 7.016542217135268711e-02
126.023 7.016003773868342841e-02
126.031 7.015465400558643094e-02
126.039 7.014927097158156488e-02
126.048 7.014388863704841548e-02
126.056 7.013850700099130697e-02
126.064 7.013312606464912335e-02
126.073 7.012774582754183195e-02
126.081 7.012236628712772979e-02
126.089 7.011698744602026800e-02
126.098 7.011160930459832408e-02
126.106 7.010623185980584260e-02
126.114 7.010085511305295947e-02
126.123 7.009547906557746233e-02
126.131 7.009010371501106507e-02
126.139 7.008472906190497953e-02
126.147 7.007935510749657704e-02
126.156 7.007398184941866781e-02
126.164 7.006860928925187637e-02
126.172 7.006323742703179924e-02
126.181 7.005786626090707014e-02
126.189 7.005249579057090670e-02
126.197 7.004712601863206933e-02
126.206 7.004175694375409933e-02
126.214 7.003638856460107920e-02
126.222 7.003102088155216398e-02
126.231 7.002565389515758021e-02
126.239 7.002028760528176965e-02
126.247 7.001492201024694939e-02
126.255 7.000955711214557065e-02
126.264 7.000419291067060124e-02
126.272 6.999882940363083561e-02
126.28 6.999346659226164669e-02
126.289 6.998810447642775379e-02
126.297 6.998274305530891026e-02
126.305 6.997738232962624760e-02
126.314 6.997202229890207847e-02
126.322 6.996666296437063781e-02
126.33 6.996130432298688917e-02
126.339 6.995594637581428743e-02
126.347 6.995058912391559358e-02
126.355 6.994523256681339785e-02
126.364 6.993987670351725638e-02
126.372 6.993452153423453110e-02
126.38 6.992916705831735136e-02
126.388 6.992381327648600209e-02
126.397 6.991846018997319168e-02
126.405 6.991310779556668409e-02
126.413 6.990775609449956240e-02
126.422 6.990240508732077640e-02
126.43 6.989705477269929357e-02
126.438 6.989170515135491313e-02
126.447 6.988635622332377284e-02
126.455 6.988100798761714971e-02
126.463 6.987566044495449602e-02
126.472 6.987031359503041716e-02
126.48 6.986496743685667588e-02
126.488 6.985962197115262728e-02
126.496 6.985427719812514757e-02
126.505 6.984893311644495284e-02
126.513 6.984358972768438256e-02
126.521 6.983824702966130726e-02
126.53 6.983290502258290844e-02
126.538 6.982756370904452670e-02
126.546 6.982222308584111470e-02
126.555 6.981688315352102547e-02
126.563 6.981154391331427511e-02
126.571 6.980620536338148774e-02
126.58 6.980086750444117194e-02
126.588 6.979553033601834655e-02
126.596 6.979019385866068459e-02
126.605 6.978485807155242193e-02
126.613 6.977952297490046252e-02
126.621 6.977418856925224344e-02
126.629 6.976885485208886295e-02
126.638 6.976352182600199792e-02
126.646 6.975818948966544530e-02
126.654 6.975285784158331837e-02
126.663 6.974752688485692798e-02
126.671 6.974219661850074303e-02
126.679 6.973686703948737964e-02
126.688 6.973153815023658275e-02
126.696 6.972620994993379562e-02
126.704 6.972088243878574176e-02
126.713 6.971555561716907823e-02
126.721 6.971022948307904754e-02
126.729 6.970490403808318747e-02
126.737 6.969957928153767968e-02
126.746 6.969425521262902212e-02
126.754 6.968893183275398640e-02
126.762 6.968360914058903399e-02
126.771 6.967828713685064734e-02
126.779 6.967296582038580433e-02
126.787 6.966764519123130883e-02
126.796 6.966232525027332700e-02
126.804 6.965700599737834064e-02
126.812 6.965168743071450952e-02
126.821 6.964636955116805528e-02
126.829 6.964105235979434205e-02
126.837 6.963573585391320819e-02
126.845 6.963042003559898052e-02
126.854 6.962510490386962514e-02
126.862 6.961979045825274215e-02
126.87 6.961447669963360951e-02
126.879 6.960916362770944166e-02
126.887 6.960385124082035802e-02
126.895 6.959853954002122312e-02
126.904 6.959322852551835803e-02
126.912 6.958791819751795893e-02
126.92 6.958260855368281206e-02
126.929 6.957729959642360018e-02
126.937 6.957199132442067058e-02
126.945 6.956668373686347717e-02
126.954 6.956137683548373196e-02
126.962 6.955607061913177125e-02
126.97 6.955076508716671879e-02
126.978 6.954546023979502056e-02
126.987 6.954015607722298375e-02
126.995 6.953485259914862771e-02
127.003 6.952954980577814859e-02
127.012 6.952424769613249622e-02
127.02 6.951894627092589096e-02
127.028 6.951364552985653256e-02
127.037 6.950834547296126653e-02
127.045 6.950304609824629887e-02
127.053 6.949774740896390302e-02
127.062 6.949244940210511090e-02
127.07 6.948715207906050462e-02
127.078 6.948185543969775946e-02
127.086 6.947655948219347288e-02
127.095 6.947126420810682823e-02
127.103 6.946596961713653873e-02
127.111 6.946067570881238329e-02
127.12 6.945538248384745816e-02
127.128 6.945008994075746456e-02
127.136 6.944479807957967821e-02
127.145 6.943950690153398442e-02
127.153 6.943421640496776071e-02
127.161 6.942892658974937625e-02
127.17 6.942363745760496418e-02
127.178 6.941834900654478280e-02
127.186 6.941306123778806514e-02
127.195 6.940777415002098716e-02
127.203 6.940248774311205682e-02
127.211 6.939720201760493645e-02
127.219 6.939191697353666588e-02
127.228 6.938663261043799546e-02
127.236 6.938134892800860987e-02
127.244 6.937606592628578484e-02
127.253 6.937078360513801445e-02
127.261 6.936550196477106467e-02
127.269 6.936022100454745931e-02
127.278 6.935494072450454350e-02
127.286 6.934966112484806933e-02
127.294 6.934438220510943940e-02
127.303 6.933910396482022287e-02
127.311 6.933382640368085381e-02
127.319 6.932854952341366284e-02
127.327 6.932327332203375159e-02
127.336 6.931799779974695541e-02
127.344 6.931272295692761376e-02
127.352 6.930744879327603580e-02
127.361 6.930217530849266949e-02
127.369 6.929690250311992816e-02
127.377 6.929163037601653030e-02
127.386 6.928635892705166388e-02
127.394 6.928108815676763121e-02
127.402 6.927581806486517169e-02
127.411 6.927054865087682589e-02
127.419 6.926527991551302554e-02
127.427 6.926001185881082434e-02
127.435 6.925474447811640066e-02
127.444 6.924947777649473335e-02
127.452 6.924421175280574825e-02
127.46 6.923894640523738098e-02
127.469 6.923368173567656658e-02
127.477 6.922841774264779091e-02
127.485 6.922315442702905997e-02
127.494 6.921789178969775524e-02
127.502 6.921262982850670542e-02
127.51 6.920736854349364420e-02
127.519 6.920210793452828690e-02
127.527 6.919684800282384363e-02
127.535 6.919158874808167825e-02
127.544 6.918633016832420601e-02
127.552 6.918107226560400724e-02
127.56 6.917581503861527925e-02
127.568 6.917055848672433449e-02
127.577 6.916530261147924019e-02
127.585 6.916004741174273940e-02
127.593 6.915479288671348701e-02
127.602 6.914953903793902290e-02
127.61 6.914428586361158480e-02
127.618 6.913903336494305052e-02
127.627 6.913378154113225538e-02
127.635 6.912853039221689144e-02
127.643 6.912327991789923853e-02
127.652 6.911803011771414096e-02
127.66 6.911278099270491693e-02
127.668 6.910753254207102625e-02
127.676 6.910228476501242834e-02
127.685 6.909703766257210833e-02
127.693 6.909179123428503544e-02
127.701 6.908654547918388622e-02
127.71 6.908130039847878989e-02
127.718 6.907605599137002506e-02
127.726 6.907081225739300501e-02
127.735 6.906556919641815284e-02
127.743 6.906032680881803165e-02
127.751 6.905508509463038902e-02
127.76 6.904984405355810151e-02
127.768 6.904460368530423997e-02
127.776 6.903936398990652423e-02
127.785 6.903412496706824719e-02
127.793 6.902888661632536338e-02
127.801 6.902364893821746894e-02
127.809 6.901841193228062943e-02
127.818 6.901317559838557325e-02
127.826 6.900793993707148022e-02
127.834 6.900270494720606163e-02
127.843 6.899747062866011527e-02
127.851 6.899223698214008993e-02
127.859 6.898700400701533730e-02
127.868 6.898177170382485679e-02
127.876 6.897654007093602380e-02
127.884 6.897130910972321116e-02
127.893 6.896607882022394442e-02
127.901 6.896084920030541576e-02
127.909 6.895562025184229227e-02
127.917 6.895039197403768361e-02
127.926 6.894516436659565983e-02
127.934 6.893993742955420445e-02
127.942 6.893471116245065977e-02
127.951 6.892948556649092229e-02
127.959 6.892426063971085481e-02
127.967 6.891903638314943181e-02
127.976 6.891381279634420376e-02
127.984 6.890858987883294318e-02
127.992 6.890336763098718620e-02
128.001 6.889814605351164689e-02
128.009 6.889292514461052563e-02
128.017 6.888770490448876960e-02
128.025 6.888248533335114554e-02
128.034 6.887726643140232308e-02
128.042 6.887204819868021632e-02
128.05 6.886683063422333051e-02
128.059 6.886161373823636300e-02
128.067 6.885639751075743609e-02
128.075 6.885118195249058382e-02
128.084 6.884596706180873271e-02
128.092 6.884075283825077940e-02
128.1 6.883553928318673909e-02
128.109 6.883032639632161165e-02
128.117 6.882511417702785739e-02
128.125 6.881990262534355696e-02
128.134 6.881469174047512294e-02
128.142 6.880948152329253997e-02
128.15 6.880427197400022787e-02
128.158 6.879906309180452983e-02
128.167 6.879385487524722342e-02
128.175 6.878864732619571765e-02
128.183 6.878344044468796825e-02
128.192 6.877823422893358796e-02
128.2 6.877302867963580590e-02
128.208 6.876782379733135941e-02
128.217 6.876261958023065224e-02
128.225 6.875741602920296125e-02
128.233 6.875221314627963376e-02
128.242 6.874701092668193680e-02
128.25 6.874180937377022405e-02
128.258 6.873660848675215707e-02
128.266 6.873140826466991871e-02
128.275 6.872620870905588042e-02
128.283 6.872100981795624397e-02
128.291 6.871581159124373617e-02
128.3 6.871061403011841096e-02
128.308 6.870541713461837674e-02
128.316 6.870022090345453969e-02
128.325 6.869502533666545230e-02
128.333 6.868983043379206510e-02
128.341 6.868463619619954996e-02
128.35 6.867944262342842721e-02
128.358 6.867424971385920063e-02
128.366 6.866905746835934299e-02
128.375 6.866386588647011013e-02
128.383 6.865867496922414825e-02
128.391 6.865348471549985454e-02
128.399 6.864829512467296446e-02
128.408 6.864310619893557175e-02
128.416 6.863791793451606837e-02
128.424 6.863273033410335899e-02
128.433 6.862754339740440024e-02
128.441 6.862235712263628495e-02
128.449 6.861717151083099320e-02
128.458 6.861198656186155709e-02
128.466 6.860680227543534959e-02
128.474 6.860161865225279654e-02
128.483 6.859643569036665001e-02
128.491 6.859125339080841821e-02
128.499 6.858607175394743072e-02
128.507 6.858089077849888193e-02
128.516 6.857571046532828785e-02
128.524 6.857053081414341000e-02
128.532 6.856535182332947065e-02
128.541 6.856017349474383127e-02
128.549 6.855499582859000962e-02
128.557 6.854981882242736080e-02
128.566 6.854464247679062372e-02
128.574 6.853946679370127859e-02
128.582 6.853429177071936051e-02
128.591 6.852911740821414355e-02
128.599 6.852394370688501268e-02
128.607 6.851877066610986833e-02
128.615 6.851359828510171501e-02
128.624 6.850842656505518047e-02
128.632 6.850325550534834551e-02
128.64 6.849808510502952696e-02
128.649 6.849291536545783210e-02
128.657 6.848774628485664040e-02
128.665 6.848257786392487889e-02
128.674 6.847741010253631522e-02
128.682 6.847224300138937680e-02
128.69 6.846707655953300498e-02
128.699 6.846191077634632138e-02
128.707 6.845674565186833649e-02
128.715 6.845158118663240143e-02
128.724 6.844641738051242263e-02
128.732 6.844125423305258415e-02
128.74 6.843609174445648702e-02
128.748 6.843092991360938404e-02
128.757 6.842576874153886990e-02
128.765 6.842060822861303904e-02
128.773 6.841544837223506592e-02
128.782 6.841028917425585887e-02
128.79 6.840513063405545546e-02
128.798 6.839997275249597164e-02
128.807 6.839481552813431176e-02
128.815 6.838965896068024963e-02
128.823 6.838450305148953412e-02
128.832 6.837934779977793143e-02
128.84 6.837419320443249848e-02
128.848 6.836903926615042759e-02
128.856 6.836388598480613865e-02
128.865 6.835873336027409319e-02
128.873 6.835358139292203872e-02
128.881 6.834843008229544992e-02
128.89 6.834327942761113384e-02
128.898 6.833812942874381569e-02
128.906 6.833298008655452893e-02
128.915 6.832783140108193709e-02
128.923 6.832268337055728835e-02
128.931 6.831753599649864617e-02
128.94 6.831238927845188769e-02
128.948 6.830724321481324024e-02
128.956 6.830209780775735318e-02
128.964 6.829695305551640450e-02
128.973 6.829180895862217715e-02
128.981 6.828666551662107564e-02
128.989 6.828152273037309261e-02
128.998 6.827638059860381692e-02
129.006 6.827123912151668306e-02
129.014 6.826609829865838697e-02
129.023 6.826095813072446949e-02
129.031 6.825581861775387171e-02
129.039 6.825067975896535744e-02
129.048 6.824554155390594179e-02
129.056 6.824040400277894824e-02
129.064 6.823526710595143041e-02
129.073 6.823013086182296016e-02
129.081 6.822499527354754234e-02
129.089 6.821986033772162172e-02
129.097 6.821472605454866056e-02
129.106 6.820959242587053273e-02
129.114 6.820445945041520019e-02
129.122 6.819932712723900115e-02
129.131 6.819419545654518966e-02
129.139 6.818906444066601125e-02
129.147 6.818393407669230688e-02
129.156 6.817880436499104690e-02
129.164 6.817367530576534662e-02
129.172 6.816854689839964287e-02
129.181 6.816341914473370012e-02
129.189 6.815829204300608013e-02
129.197 6.815316559243798922e-02
129.205 6.814803979355983643e-02
129.214 6.814291464690169775e-02
129.222 6.813779015299332997e-02
129.23 6.813266631007468266e-02
129.239 6.812754311785820804e-02
129.247 6.812242057720097055e-02
129.255 6.811729868846910785e-02
129.264 6.811217745023057102e-02
129.272 6.810705686187114305e-02
129.28 6.810193692588176195e-02
129.289 6.809681764115746438e-02
129.297 6.809169900545010423e-02
129.305 6.808658102075991481e-02
129.314 6.808146368696268991e-02
129.322 6.807634700344435130e-02
129.33 6.807123096975441212e-02
129.338 6.806611558527932149e-02
129.347 6.806100085152792800e-02
129.355 6.805588676788644487e-02
129.363 6.805077333325174060e-02
129.372 6.804566054896896143e-02
129.38 6.804054841311919788e-02
129.388 6.803543692672113508e-02
129.397 6.803032609079294468e-02
129.405 6.802521590227461612e-02
129.413 6.802010636348938821e-02
129.422 6.801499747431331844e-02
129.43 6.800988923234005390e-02
129.438 6.800478163956588662e-02
129.446 6.799967469603002135e-02
129.455 6.799456840014191095e-02
129.463 6.798946275308209719e-02
129.471 6.798435775260872060e-02
129.48 6.797925340136852512e-02
129.488 6.797414969907479565e-02
129.496 6.796904664250923156e-02
129.505 6.796394423448062772e-02
129.513 6.795884247405123424e-02
129.521 6.795374136109774699e-02
129.53 6.794864089500858573e-02
129.538 6.794354107712571866e-02
129.546 6.793844190602349453e-02
129.554 6.793334338043986731e-02
129.563 6.792824550334372602e-02
129.571 6.792314827265912014e-02
129.579 6.791805168826310635e-02
129.588 6.791295575084599356e-02
129.596 6.790786045947158622e-02
129.604 6.790276581336658623e-02
129.613 6.789767181435940602e-02
129.621 6.789257846265189800e-02
129.629 6.788748575519500117e-02
129.638 6.788239369349174934e-02
129.646 6.787730227806926253e-02
129.654 6.787221150799210845e-02
129.663 6.786712138297525121e-02
129.671 6.786203190403314323e-02
129.679 6.785694307039308315e-02
129.687 6.785185488128279985e-02
129.696 6.784676733674228910e-02
129.704 6.784168043778553148e-02
129.712 6.783659418412731068e-02
129.721 6.783150857337251483e-02
129.729 6.782642360815824278e-02
129.737 6.782133928771250098e-02
129.746 6.781625561093920784e-02
129.754 6.781117257836499768e-02
129.762 6.780609018986753778e-02
129.771 6.780100844564876383e-02
129.779 6.779592734509964913e-02
129.787 6.779084688761152777e-02
129.795 6.778576707435933490e-02
129.804 6.778068790424797430e-02
129.812 6.777560937731734458e-02
129.82 6.777053149441766844e-02
129.829 6.776545425331995109e-02
129.837 6.776037765714296168e-02
129.845 6.775530170284783937e-02
129.854 6.775022639079875120e-02
129.862 6.774515172152173470e-02
129.87 6.774007769473276708e-02
129.879 6.773500431063361749e-02
129.887 6.772993156877844811e-02
129.895 6.772485946969282467e-02
129.904 6.771978801244536716e-02
129.912 6.771471719626687147e-02
129.92 6.770964702216851483e-02
129.928 6.770457749067554376e-02
129.937 6.769950859988634051e-02
129.945 6.769444035081170763e-02
129.953 6.768937274365320611e-02
129.962 6.768430577699535711e-02
129.97 6.767923945104004080e-02
129.978 6.767417376712078769e-02
129.987 6.766910872414565181e-02
129.995 6.766404432102331168e-02
130.003 6.765898055973341985e-02
130.012 6.765391743869966779e-02
130.02 6.764885495763911516e-02
130.028 6.764379311659196592e-02
130.036 6.763873191624454606e-02
130.045 6.763367135615214187e-02
130.053 6.762861143587041435e-02
130.061 6.762355215576230927e-02
130.07 6.761849351473783742e-02
130.078 6.761343551316011113e-02
130.086 6.760837815252195016e-02
130.095 6.760332143011940631e-02
130.103 6.759826534744536874e-02
130.111 6.759320990341037561e-02
130.12 6.758815509853874359e-02
130.128 6.758310093303177002e-02
130.136 6.757804740563939927e-02
130.144 6.757299451801453138e-02
130.153 6.756794226874580922e-02
130.161 6.756289065738980970e-02
130.169 6.755783968414824647e-02
130.178 6.755278934986719275e-02
130.186 6.754773965394197943e-02
130.194 6.754269059544588949e-02
130.203 6.753764217522502389e-02
130.211 6.753259439235283212e-02
130.219 6.752754724638654338e-02
130.228 6.752250073913815265e-02
130.236 6.751745487016447278e-02
130.244 6.751240963660727623e-02
130.253 6.750736504172724639e-02
130.261 6.750232108347153925e-02
130.269 6.749727776123688738e-02
130.277 6.749223507699497748e-02
130.286 6.748719302949844623e-02
130.294 6.748215161782226967e-02
130.302 6.747711084361579514e-02
130.311 6.747207070482791336e-02
130.319 6.746703120310761082e-02
130.327 6.746199233736921430e-02
130.336 6.745695410781400725e-02
130.344 6.745191651416077017e-02
130.352 6.744687955628908549e-02
130.361 6.744184323359643518e-02
130.369 6.743680754724837301e-02
130.377 6.743177249616021107e-02
130.385 6.742673808053299689e-02
130.394 6.742170429960395173e-02
130.402 6.741667115437745272e-02
130.41 6.741163864457241917e-02
130.419 6.740660676878397484e-02
130.427 6.740157552833725418e-02
130.435 6.739654492279098519e-02
130.444 6.739151495074080511e-02
130.452 6.738648561383257796e-02
130.46 6.738145691178545893e-02
130.469 6.737642884335617866e-02
130.477 6.737140140874579852e-02
130.485 6.736637460831583490e-02
130.494 6.736134844258769017e-02
130.502 6.735632291047914666e-02
130.51 6.735129801090815327e-02
130.518 6.734627374632072561e-02
130.527 6.734125011371078218e-02
130.535 6.733622711504302916e-02
130.543 6.733120475051794507e-02
130.552 6.732618301777198999e-02
130.56 6.732116191844844666e-02
130.568 6.731614145162652385e-02
130.577 6.731112161862837229e-02
130.585 6.730610241837300944e-02
130.593 6.730108384833852209e-02
130.602 6.729606591240953894e-02
130.61 6.729104860886472861e-02
130.618 6.728603193662410775e-02
130.626 6.728101589764934332e-02
130.635 6.727600049038022501e-02
130.643 6.727098571405724925e-02
130.651 6.726597156984151504e-02
130.66 6.726095805745337108e-02
130.668 6.725594517677360717e-02
130.676 6.725093292688302804e-02
130.685 6.724592130830228665e-02
130.693 6.724091032155170289e-02
130.701 6.723589996555263959e-02
130.71 6.723089023938659536e-02
130.718 6.722588114549238325e-02
130.726 6.722087268279129668e-02
130.734 6.721586484844750686e-02
130.743 6.721085764617749925e-02
130.751 6.720585107458358631e-02
130.759 6.720084513194911346e-02
130.768 6.719583982023207003e-02
130.776 6.719083513883403191e-02
130.784 6.718583108619886890e-02
130.793 6.718082766412393492e-02
130.801 6.717582487201126384e-02
130.809 6.717082270862451132e-02
130.818 6.716582117560078447e-02
130.826 6.716082027106551333e-02
130.834 6.715581999681505265e-02
130.843 6.715082035145386596e-02
130.851 6.714582133438483369e-02
130.859 6.714082294612751245e-02
130.867 6.713582518736067872e-02
130.876 6.713082805700865130e-02
130.884 6.712583155511243904e-02
130.892 6.712083568187225679e-02
130.901 6.711584043685070444e-02
130.909 6.711084581945118976e-02
130.917 6.710585183114900487e-02
130.926 6.710085847070998422e-02
130.934 6.709586573785633612e-02
130.942 6.709087363246987734e-02
130.951 6.708588215506938734e-02
130.959 6.708089130537711609e-02
130.967 6.707590108200078838e-02
130.975 6.707091148689237059e-02
130.984 6.706592251865964305e-02
130.992 6.706093417845788995e-02
131 6.705594646505444456e-02
131.009 6.705095937737637346e-02
131.017 6.704597291753361388e-02
131.025 6.704098708397568385e-02
131.034 6.703600187626648776e-02
131.042 6.703101729587879198e-02
131.05 6.702603334158091508e-02
131.059 6.702105001293692799e-02
131.067 6.701606731125996086e-02
131.075 6.701108523484194945e-02
131.084 6.700610378420109037e-02
131.092 6.700112296001412004e-02
131.1 6.699614276089156661e-02
131.108 6.699116318703363104e-02
131.117 6.698618423943464295e-02
131.125 6.698120591670569945e-02
131.133 6.697622821904676560e-02
131.142 6.697125114665782031e-02
131.15 6.696627469894469997e-02
131.158 6.696129887674238945e-02
131.167 6.695632367882177471e-02
131.175 6.695134910490661839e-02
131.183 6.694637515630796898e-02
131.192 6.694140183290790691e-02
131.2 6.693642913157381302e-02
131.208 6.693145705504478793e-02
131.216 6.692648560399616642e-02
131.225 6.692151477640663482e-02
131.233 6.691654457184176286e-02
131.241 6.691157499177011192e-02
131.25 6.690660603432999065e-02
131.258 6.690163770051409109e-02
131.266 6.689666999210711062e-02
131.275 6.689170290502878535e-02
131.283 6.688673644138115604e-02
131.291 6.688177060072987568e-02
131.3 6.687680538295784349e-02
131.308 6.687184078953190003e-02
131.316 6.686687681716659004e-02
131.324 6.686191346827922988e-02
131.333 6.685695074116888847e-02
131.341 6.685198863651042878e-02
131.349 6.684702715497829739e-02
131.358 6.684206629471393935e-02
131.366 6.683710605670854787e-02
131.374 6.683214644084507772e-02
131.383 6.682718744700655300e-02
131.391 6.682222907412661839e-02
131.399 6.681727132382878076e-02
131.408 6.681231419441410746e-02
131.416 6.680735768608231373e-02
131.424 6.680240179998167549e-02
131.433 6.679744653441395397e-02
131.441 6.679249188989500041e-02
131.449 6.678753786630806100e-02
131.457 6.678258446401057202e-02
131.466 6.677763168209553679e-02
131.474 6.677267952076240687e-02
131.482 6.676772798005262133e-02
131.491 6.676277706000745271e-02
131.499 6.675782675940453159e-02
131.507 6.675287707907527623e-02
131.516 6.674792802032429584e-02
131.524 6.674297957940300563e-02
131.532 6.673803175919527930e-02
131.541 6.673308455942651707e-02
131.549 6.672813797808607728e-02
131.557 6.672319201679388634e-02
131.565 6.671824667496004113e-02
131.574 6.671330195246814865e-02
131.582 6.670835784935966184e-02
131.59 6.670341436551821546e-02
131.599 6.669847149925034469e-02
131.607 6.669352925185959013e-02
131.615 6.668858762464875689e-02
131.624 6.668364661560929885e-02
131.632 6.667870622509813883e-02
131.64 6.667376645236874899e-02
131.649 6.666882729809317509e-02
131.657 6.666388876215528780e-02
131.665 6.665895084491162137e-02
131.674 6.665401354530083033e-02
131.682 6.664907686257694197e-02
131.69 6.664414079741179386e-02
131.698 6.663920535142174584e-02
131.707 6.663427052323066258e-02
131.715 6.662933631099088316e-02
131.723 6.662440271647594725e-02
131.732 6.661946973909775582e-02
131.74 6.661453737842576439e-02
131.748 6.660960563607523643e-02
131.757 6.660467450925525168e-02
131.765 6.659974399942369949e-02
131.773 6.659481410677939306e-02
131.782 6.658988483057740049e-02
131.79 6.658495617085932738e-02
131.798 6.658002812609446763e-02
131.806 6.657510069836869437e-02
131.815 6.657017388756619747e-02
131.823 6.656524769168500888e-02
131.831 6.656032211218153305e-02
131.84 6.655539714831157361e-02
131.848 6.655047279980269570e-02
131.856 6.654554906732494668e-02
131.865 6.654062595013451875e-02
131.873 6.653570344827308691e-02
131.881 6.653078156005502730e-02
131.89 6.652586028881987690e-02
131.898 6.652093963366671747e-02
131.906 6.651601959134030573e-02
131.914 6.651110016376665657e-02
131.923 6.650618135145827670e-02
131.931 6.650126315414284228e-02
131.939 6.649634557060674078e-02
131.948 6.649142860151951995e-02
131.956 6.648651224629543999e-02
131.964 6.648159650607424198e-02
131.973 6.647668137964281299e-02
131.981 6.647176686594548356e-02
131.989 6.646685296643538299e-02
131.998 6.646193968193800372e-02
132.006 6.645702701045699823e-02
132.014 6.645211495140755653e-02
132.023 6.644720350655548835e-02
132.031 6.644229267468892974e-02
132.039 6.643738245631966577e-02
132.047 6.643247285039305394e-02
132.056 6.642756385742087932e-02
132.064 6.642265547775827450e-02
132.072 6.641774771050729109e-02
132.081 6.641284055586656188e-02
132.089 6.640793401372134530e-02
132.097 6.640302808395701084e-02
132.106 6.639812276661538615e-02
132.114 6.639321806142538251e-02
132.122 6.638831396717713440e-02
132.131 6.638341048594674498e-02
132.139 6.637850761699355673e-02
132.147 6.637360535863889854e-02
132.155 6.636870371186341655e-02
132.164 6.636380267717810477e-02
132.172 6.635890225399930509e-02
132.18 6.635400244221260901e-02
132.189 6.634910324076574717e-02
132.197 6.634420465048243565e-02
132.205 6.633930667187334929e-02
132.214 6.633440930419899628e-02
132.222 6.632951254640770400e-02
132.23 6.632461639916660545e-02
132.239 6.631972086329861182e-02
132.247 6.631482593712760554e-02
132.255 6.630993162163274779e-02
132.264 6.630503791669968561e-02
132.272 6.630014482112148166e-02
132.28 6.629525233509653281e-02
132.288 6.629036046022769579e-02
132.297 6.628546919515203306e-02
132.305 6.628057853772718888e-02
132.313 6.627568849189624522e-02
132.322 6.627079905536055471e-02
132.33 6.626591022707047085e-02
132.338 6.626102200847198975e-02
132.347 6.625613439882739597e-02
132.355 6.625124739864651779e-02
132.363 6.624636100734770938e-02
132.372 6.624147522450545000e-02
132.38 6.623659004969439934e-02
132.388 6.623170548482690267e-02
132.396 6.622682152823058943e-02
132.405 6.622193817807812966e-02
132.413 6.621705543783941439e-02
132.421 6.621217330630990716e-02
132.43 6.620729178228561274e-02
132.438 6.620241086518599549e-02
132.446 6.619753055645491435e-02
132.455 6.619265085566723716e-02
132.463 6.618777176208673341e-02
132.471 6.618289327653395504e-02
132.48 6.617801539811717093e-02
132.488 6.617313812734539058e-02
132.496 6.616826146363839756e-02
132.504 6.616338540563833359e-02
132.513 6.615850995541001922e-02
132.521 6.615363511268422536e-02
132.529 6.614876087656997028e-02
132.538 6.614388724695399735e-02
132.546 6.613901422325678403e-02
132.554 6.613414180660884267e-02
132.563 6.612926999549795237e-02
132.571 6.612439879136527976e-02
132.579 6.611952819409747106e-02
132.588 6.611465820093981316e-02
132.596 6.610978881411019858e-02
132.604 6.610492003411667927e-02
132.613 6.610005185882684986e-02
132.621 6.609518428874920637e-02
132.629 6.609031732532359704e-02
132.637 6.608545096750512160e-02
132.646 6.608058521316277634e-02
132.654 6.607572006435727396e-02
132.662 6.607085552159630559e-02
132.671 6.606599158321502241e-02
132.679 6.606112824972129594e-02
132.687 6.605626552038186550e-02
132.696 6.605140339679037298e-02
132.704 6.604654187573179291e-02
132.712 6.604168096035063773e-02
132.721 6.603682064975852084e-02
132.729 6.603196094213716061e-02
132.737 6.602710183985467662e-02
132.745 6.602224334093793889e-02
132.754 6.601738544527463448e-02
132.762 6.601252815306228594e-02
132.77 6.600767146558299270e-02
132.779 6.600281538194914532e-02
132.787 6.599795990065408791e-02
132.795 6.599310502282482171e-02
132.804 6.598825074834886728e-02
132.812 6.598339707664917231e-02
132.82 6.597854400807798281e-02
132.829 6.597369154314212947e-02
132.837 6.596883968080029248e-02
132.845 6.596398842001158225e-02
132.854 6.595913776252114447e-02
132.862 6.595428770806170682e-02
132.87 6.594943825389086578e-02
132.878 6.594458940345492015e-02
132.887 6.593974115648650047e-02
132.895 6.593489350962535023e-02
132.903 6.593004646492491017e-02
132.912 6.592520002227288123e-02
132.92 6.592035418140264336e-02
132.928 6.591550894251120563e-02
132.937 6.591066430425000788e-02
132.945 6.590582026820718253e-02
132.953 6.590097683303444698e-02
132.962 6.589613399815644201e-02
132.97 6.589129176546981714e-02
132.978 6.588645013300875597e-02
132.986 6.588160910220602906e-02
132.995 6.587676867186860463e-02
133.003 6.587192884219354727e-02
133.011 6.586708961276033225e-02
133.02 6.586225098422909818e-02
133.028 6.585741295617922320e-02
133.036 6.585257552741874409e-02
133.045 6.584773869922498635e-02
133.053 6.584290247102329852e-02
133.061 6.583806684285634092e-02
133.07 6.583323181430392190e-02
133.078 6.582839738556296727e-02
133.086 6.582356355605932519e-02
133.094 6.581873032629828590e-02
133.103 6.581389769647658095e-02
133.111 6.580906566602008623e-02
133.119 6.580423423327599886e-02
133.128 6.579940339982871811e-02
133.136 6.579457316679936107e-02
133.144 6.578974353114870610e-02
133.153 6.578491449446051409e-02
133.161 6.578008605677738985e-02
133.169 6.577525821829596775e-02
133.178 6.577043097690271622e-02
133.186 6.576560433402668659e-02
133.194 6.576077829017237808e-02
133.203 6.575595284384287698e-02
133.211 6.575112799600460467e-02
133.219 6.574630374593071203e-02
133.227 6.574148009243288571e-02
133.236 6.573665703801617743e-02
133.244 6.573183458056898465e-02
133.252 6.572701272013435625e-02
133.261 6.572219145813944230e-02
133.269 6.571737079278125448e-02
133.277 6.571255072456406998e-02
133.286 6.570773125383820579e-02
133.294 6.570291237926279004e-02
133.302 6.569809410287910656e-02
133.311 6.569327642242409060e-02
133.319 6.568845933763364786e-02
133.327 6.568364284993373492e-02
133.335 6.567882695967426632e-02
133.344 6.567401166520790701e-02
133.352 6.566919696673140239e-02
133.36 6.566438286382689227e-02
133.369 6.565956935761235735e-02
133.377 6.565475644705560943e-02
133.385 6.564994413235319959e-02
133.394 6.564513241324092252e-02
133.402 6.564032128960828327e-02
133.41 6.563551076149810870e-02
133.419 6.563070082864652655e-02
133.427 6.562589149232374297e-02
133.435 6.562108274965766652e-02
133.444 6.561627460222550778e-02
133.452 6.561146705007016300e-02
133.46 6.560666009231438944e-02
133.468 6.560185372946122917e-02
133.477 6.559704796232006252e-02
133.485 6.559224278832766208e-02
133.493 6.558743820936661917e-02
133.502 6.558263422456021841e-02
133.51 6.557783083333859619e-02
133.518 6.557302803697054316e-02
133.527 6.556822583442649399e-02
133.535 6.556342422605586362e-02
133.543 6.555862321144201310e-02
133.552 6.555382278955607100e-02
133.56 6.554902296289119579e-02
133.568 6.554422372858104140e-02
133.576 6.553942508819973756e-02
133.585 6.553462704056564614e-02
133.593 6.552982958602808494e-02
133.601 6.552503272524221045e-02
133.61 6.552023645656777917e-02
133.618 6.551544078096599444e-02
133.626 6.551064569863286613e-02
133.635 6.550585120869358013e-02
133.643 6.550105731134417408e-02
133.651 6.549626400601611664e-02
133.66 6.549147129290557034e-02
133.668 6.548667917281987549e-02
133.676 6.548188764412060658e-02
133.684 6.547709670746236499e-02
133.693 6.547230636319394115e-02
133.701 6.546751661074703965e-02
133.709 6.546272744955369816e-02
133.718 6.545793888011547379e-02
133.726 6.545315090262815438e-02
133.734 6.544836351606571345e-02
133.743 6.544357672047147745e-02
133.751 6.543879051711003203e-02
133.759 6.543400490465030306e-02
133.768 6.542921988206706896e-02
133.776 6.542443545047214870e-02
133.784 6.541965161067171686e-02
133.793 6.541486836179302711e-02
133.801 6.541008570189595084e-02
133.809 6.540530363285469717e-02
133.817 6.540052215547494108e-02
133.826 6.539574126735932247e-02
133.834 6.539096096916134637e-02
133.842 6.538618126138173725e-02
133.851 6.538140214375859349e-02
133.859 6.537662361542057043e-02
133.867 6.537184567686829539e-02
133.876 6.536706832860211813e-02
133.884 6.536229156929371231e-02
133.892 6.535751540005299565e-02
133.901 6.535273981924734354e-02
133.909 6.534796482752955327e-02
133.917 6.534319042509520448e-02
133.925 6.533841661213982133e-02
133.934 6.533364338885876144e-02
133.942 6.532887075346813233e-02
133.95 6.532409870662039819e-02
133.959 6.531932724790234790e-02
133.967 6.531455637827056349e-02
133.975 6.530978609731158402e-02
133.984 6.530501640385145967e-02
133.992 6.530024729960721974e-02
134 6.529547878310071329e-02
134.009 6.529071085361491666e-02
134.017 6.528594351286630404e-02
134.025 6.528117676044173368e-02
134.034 6.527641059471200879e-02
134.042 6.527164501587282008e-02
134.05 6.526688002594371873e-02
134.058 6.526211562299184810e-02
134.067 6.525735180736461083e-02
134.075 6.525258857895345488e-02
134.083 6.524782593658629004e-02
134.092 6.524306388182600502e-02
134.1 6.523830241471564872e-02
134.108 6.523354153317226234e-02
134.117 6.522878123906179770e-02
134.125 6.522402153060549712e-02
134.133 6.521926240875791647e-02
134.142 6.521450387416959094e-02
134.15 6.520974592551759264e-02
134.158 6.520498856254205999e-02
134.166 6.520023178467963809e-02
134.175 6.519547559379462731e-02
134.183 6.519071998962669423e-02
134.191 6.518596496964053355e-02
134.2 6.518121053615499871e-02
134.208 6.517645668784845248e-02
134.216 6.517170342476451272e-02
134.225 6.516695074709830116e-02
134.233 6.516219865474173756e-02
134.241 6.515744714743507138e-02
134.25 6.515269622446412390e-02
134.258 6.514794588693333111e-02
134.266 6.514319613443148027e-02
134.274 6.513844696760792696e-02
134.283 6.513369838362786934e-02
134.291 6.512895038435294326e-02
134.299 6.512420296952374510e-02
134.308 6.511945613903231955e-02
134.316 6.511470989367916518e-02
134.324 6.510996423199372218e-02
134.333 6.510521915341432875e-02
134.341 6.510047465843878112e-02
134.349 6.509573074847264940e-02
134.358 6.509098742204602606e-02
134.366 6.508624467920259837e-02
134.374 6.508150251862450386e-02
134.383 6.507676094201945982e-02
134.391 6.507201994958208835e-02
134.399 6.506727953893634564e-02
134.407 6.506253971148701076e-02
134.416 6.505780046788230131e-02
134.424 6.505306180740974553e-02
134.432 6.504832372875275770e-02
134.441 6.504358623240853732e-02
134.449 6.503884931917637557e-02
134.457 6.503411298849536004e-02
134.466 6.502937723995595720e-02
134.474 6.502464207345082237e-02
134.482 6.501990748917474416e-02
134.491 6.501517348717128497e-02
134.499 6.501044006672918041e-02
134.507 6.500570722864700002e-02
134.515 6.500097497221352105e-02
134.524 6.499624329671781220e-02
134.532 6.499151220356202963e-02
134.54 6.498678169143150274e-02
134.549 6.498205176021927543e-02
134.557 6.497732241087422755e-02
134.565 6.497259364268574700e-02
134.574 6.496786545479261987e-02
134.582 6.496313784814360115e-02
134.59 6.495841082278226708e-02
134.599 6.495368437709390930e-02
134.607 6.494895851262999509e-02
134.615 6.494423322898189299e-02
134.623 6.493950852513830085e-02
134.632 6.493478440234870530e-02
134.64 6.493006085945125794e-02
134.648 6.492533789633916919e-02
134.657 6.492061551320697788e-02
134.665 6.491589370994785280e-02
134.673 6.491117248705738363e-02
134.682 6.490645184322399452e-02
134.69 6.490173177894334455e-02
134.698 6.489701229516248171e-02
134.707 6.489229339026918175e-02
134.715 6.488757506400640029e-02
134.723 6.488285731717063909e-02
134.732 6.487814014935425200e-02
134.74 6.487342356090193551e-02
134.748 6.486870755155657586e-02
134.756 6.486399212000826253e-02
134.765 6.485927726825625739e-02
134.773 6.485456299468993213e-02
134.781 6.484984929905261708e-02
134.79 6.484513618259098167e-02
134.798 6.484042364369523026e-02
134.806 6.483571168376210669e-02
134.815 6.483100030163296834e-02
134.823 6.482628949690107112e-02
134.831 6.482157927066220515e-02
134.84 6.481686962160801424e-02
134.848 6.481216055113445118e-02
134.856 6.480745205748289495e-02
134.864 6.480274414069756017e-02
134.873 6.479803680322485104e-02
134.881 6.479333004135488794e-02
134.889 6.478862385678332836e-02
134.898 6.478391825105503377e-02
134.906 6.477921322016132188e-02
134.914 6.477450876609758268e-02
134.923 6.476980489085826243e-02
134.931 6.476510159148628210e-02
134.939 6.476039886712584015e-02
134.948 6.475569671977125796e-02
134.956 6.475099515006609019e-02
134.964 6.474629415550492428e-02
134.973 6.474159373763131720e-02
134.981 6.473689389573956954e-02
134.989 6.473219462957389980e-02
134.997 6.472749593932830559e-02
135.006 6.472279782579601348e-02
135.014 6.471810028707289386e-02
135.022 6.471340332275374307e-02
135.031 6.470870693542965513e-02
135.039 6.470401112364626561e-02
135.047 6.469931588654895260e-02
135.056 6.469462122418202787e-02
135.064 6.468992713733832944e-02
135.072 6.468523362546284294e-02
135.081 6.468054068770157095e-02
135.089 6.467584832589479138e-02
135.097 6.467115653829044741e-02
135.105 6.466646532493269817e-02
135.114 6.466177468676342910e-02
135.122 6.465708462233051013e-02
135.13 6.465239513167835017e-02
135.139 6.464770621649619520e-02
135.147 6.464301787533238697e-02
135.155 6.463833010718436634e-02
135.164 6.463364291209662549e-02
135.172 6.462895629115995855e-02
135.18 6.462427024606237635e-02
135.189 6.461958477340999651e-02
135.197 6.461489987339683050e-02
135.205 6.461021554696372293e-02
135.213 6.460553179340777774e-02
135.222 6.460084861411764801e-02
135.23 6.459616600779291562e-02
135.238 6.459148397328307034e-02
135.247 6.458680251257381544e-02
135.255 6.458212162451461291e-02
135.263 6.457744130885109679e-02
135.272 6.457276156652311250e-02
135.28 6.456808239548515738e-02
135.288 6.456340379727414092e-02
135.297 6.455872577193400019e-02
135.305 6.455404831756936246e-02
135.313 6.454937143661156063e-02
135.322 6.454469512627042382e-02
135.33 6.454001938808197336e-02
135.338 6.453534422253770497e-02
135.346 6.453066962833965692e-02
135.355 6.452599560419046421e-02
135.363 6.452132215386138792e-02
135.371 6.451664927486218393e-02
135.38 6.451197696485269639e-02
135.388 6.450730522790114330e-02
135.396 6.450263406107134556e-02
135.405 6.449796346574866723e-02
135.413 6.449329344093453209e-02
135.421 6.448862398682227159e-02
135.43 6.448395510405181830e-02
135.438 6.447928679132719498e-02
135.446 6.447461904884176087e-02
135.454 6.446995187768189695e-02
135.463 6.446528527521241947e-02
135.471 6.446061924356175088e-02
135.479 6.445595378292276467e-02
135.488 6.445128889155406215e-02
135.496 6.444662457024392943e-02
135.504 6.444196081888801941e-02
135.513 6.443729763619195083e-02
135.521 6.443263502443115354e-02
135.529 6.442797298127037053e-02
135.538 6.442331150705159215e-02
135.546 6.441865060390060405e-02
135.554 6.441399026918555315e-02
135.563 6.440933050235662927e-02
135.571 6.440467130524182848e-02
135.579 6.440001267729100753e-02
135.587 6.439535461795412030e-02
135.596 6.439069712697850778e-02
135.604 6.438604020544844153e-02
135.612 6.438138385266542474e-02
135.621 6.437672806674338277e-02
135.629 6.437207284936043161e-02
135.637 6.436741820160017669e-02
135.646 6.436276412083460907e-02
135.654 6.435811060874115086e-02
135.662 6.435345766358316344e-02
135.671 6.434880528644412734e-02
135.679 6.434415347796187956e-02
135.687 6.433950223610365726e-02
135.695 6.433485156254584170e-02
135.704 6.433020145525629452e-02
135.712 6.432555191620766000e-02
135.72 6.432090294499931415e-02
135.729 6.431625453871023246e-02
135.737 6.431160670138826030e-02
135.745 6.430695943040916351e-02
135.754 6.430231272566938605e-02
135.762 6.429766658854735306e-02
135.77 6.429302101745733300e-02
135.779 6.428837601362931420e-02
135.787 6.428373157532993321e-02
135.795 6.427908770378892855e-02
135.803 6.427444439875443227e-02
135.812 6.426980165953055657e-02
135.82 6.426515948601385642e-02
135.828 6.426051787854501762e-02
135.837 6.425587683761269098e-02
135.845 6.425123636148506734e-02
135.853 6.424659645183489198e-02
135.862 6.424195710752264588e-02
135.87 6.423731832844505052e-02
135.878 6.423268011479464634e-02
135.887 6.422804246617230817e-02
135.895 6.422340538247464647e-02
135.903 6.421876886478163071e-02
135.912 6.421413291165879722e-02
135.92 6.420949752344662365e-02
135.928 6.420486269930267276e-02
135.936 6.420022843971527615e-02
135.945 6.419559474620692430e-02
135.953 6.419096161601407780e-02
135.961 6.418632905065924099e-02
135.97 6.418169704989146185e-02
135.978 6.417706561124403297e-02
135.986 6.417243473860251290e-02
135.995 6.416780442994327038e-02
136.003 6.416317468427734649e-02
136.011 6.415854550386437816e-02
136.02 6.415391688535308778e-02
136.028 6.414928883203610543e-02
136.036 6.414466134100575700e-02
136.044 6.414003441319257592e-02
136.053 6.413540804923154037e-02
136.061 6.413078224828182294e-02
136.069 6.412615701156836046e-02
136.078 6.412153233648047734e-02
136.086 6.411690822439068682e-02
136.094 6.411228467578597434e-02
136.103 6.410766168923640040e-02
136.111 6.410303926552403386e-02
136.119 6.409841740484092942e-02
136.128 6.409379610634727276e-02
136.136 6.408917536949831906e-02
136.144 6.408455519507590126e-02
136.153 6.407993558371398446e-02
136.161 6.407531653339450239e-02
136.169 6.407069804593013007e-02
136.177 6.406608011974522510e-02
136.186 6.406146275473748042e-02
136.194 6.405684595227702227e-02
136.202 6.405222971064154780e-02
136.211 6.404761403061219605e-02
136.219 6.404299891223365349e-02
136.227 6.403838435555056496e-02
136.236 6.403377035898881464e-02
136.244 6.402915692362357025e-02
136.252 6.402454404994098458e-02
136.261 6.401993173651444879e-02
136.269 6.401531998427156811e-02
136.277 6.401070879296283378e-02
136.285 6.400609816189778423e-02
136.294 6.400148809023906149e-02
136.302 6.399687858023712927e-02
136.31 6.399226963076039276e-02
136.319 6.398766124053081872e-02
136.327 6.398305341076923614e-02
136.335 6.397844614152030374e-02
136.344 6.397383943121258409e-02
136.352 6.396923328091962124e-02
136.36 6.396462769068614329e-02
136.369 6.396002265982254908e-02
136.377 6.395541818896120778e-02
136.385 6.395081427770632487e-02
136.393 6.394621092478133817e-02
136.402 6.394160813067184534e-02
136.41 6.393700589703756043e-02
136.418 6.393240422245516363e-02
136.427 6.392780310564889767e-02
136.435 6.392320254813130265e-02
136.443 6.391860254994714829e-02
136.452 6.391400310952753683e-02
136.46 6.390940422794440245e-02
136.468 6.390480590568251018e-02
136.477 6.390020814073354982e-02
136.485 6.389561093387595425e-02
136.493 6.389101428632751323e-02
136.502 6.388641819564078173e-02
136.51 6.388182266347340599e-02
136.518 6.387722768943052132e-02
136.526 6.387263327282428904e-02
136.535 6.386803941428584319e-02
136.543 6.386344611312755326e-02
136.551 6.385885336910152033e-02
136.56 6.385426118254572403e-02
136.568 6.384966955365156682e-02
136.576 6.384507848143895770e-02
136.585 6.384048796668509440e-02
136.593 6.383589800855649088e-02
136.601 6.383130860812284701e-02
136.61 6.382671976425814686e-02
136.618 6.382213147612943172e-02
136.626 6.381754374568418542e-02
136.634 6.381295657179662795e-02
136.643 6.380836995421924895e-02
136.651 6.380378389255830784e-02
136.659 6.379919838671276044e-02
136.668 6.379461343833625619e-02
136.676 6.379002904528026374e-02
136.684 6.378544520832103715e-02
136.693 6.378086192648033115e-02
136.701 6.377627920111886284e-02
136.709 6.377169703228145747e-02
136.718 6.376711541738271094e-02
136.726 6.376253435749100473e-02
136.734 6.375795385498887746e-02
136.743 6.375337390802188198e-02
136.751 6.374879451473632053e-02
136.759 6.374421567620008888e-02
136.767 6.373963739318838639e-02
136.776 6.373505966545424395e-02
136.784 6.373048249304257007e-02
136.792 6.372590587468462964e-02
136.801 6.372132981057170020e-02
136.809 6.371675430104092874e-02
136.817 6.371217934672102068e-02
136.826 6.370760494590615997e-02
136.834 6.370303109907930750e-02
136.842 6.369845780759847420e-02
136.851 6.369388507004998534e-02
136.859 6.368931288472912122e-02
136.867 6.368474125401454855e-02
136.875 6.368017017853423722e-02
136.884 6.367559965498026386e-02
136.892 6.367102968529307627e-02
136.9 6.366646027053786405e-02
136.909 6.366189140784501987e-02
136.917 6.365732309828006641e-02
136.925 6.365275534247095968e-02
136.934 6.364818813827774480e-02
136.942 6.364362148865906899e-02
136.95 6.363905539264011479e-02
136.959 6.363448984749929538e-02
136.967 6.362992485532079079e-02
136.975 6.362536041760544214e-02
136.983 6.362079653119563638e-02
136.992 6.361623319730125292e-02
137 6.361167041567647451e-02
137.008 6.360710818491153995e-02
137.017 6.360254650796189069e-02
137.025 6.359798538283557845e-02
137.033 6.359342481015976822e-02
137.042 6.358886478837974532e-02
137.05 6.358430531797740204e-02
137.058 6.357974640030662761e-02
137.067 6.357518803454009770e-02
137.075 6.357063021897857436e-02
137.083 6.356607295497594678e-02
137.092 6.356151624301334402e-02
137.1 6.355696008168271183e-02
137.108 6.355240447132014248e-02
137.116 6.354784941153514277e-02
137.125 6.354329490455194740e-02
137.133 6.353874094736523814e-02
137.141 6.353418754016589010e-02
137.15 6.352963468387068380e-02
137.158 6.352508237867006413e-02
137.166 6.352053062373806680e-02
137.175 6.351597941912008605e-02
137.183 6.351142876399072656e-02
137.191 6.350687865955649547e-02
137.2 6.350232910499188643e-02
137.208 6.349778010121283345e-02
137.216 6.349323164710395095e-02
137.224 6.348868374213037513e-02
137.233 6.348413638662780967e-02
137.241 6.347958958122168482e-02
137.249 6.347504332566727969e-02
137.258 6.347049761913990673e-02
137.266 6.346595246168508508e-02
137.274 6.346140785407297646e-02
137.283 6.345686379489959283e-02
137.291 6.345232028435539295e-02
137.299 6.344777732335522835e-02
137.308 6.344323491150966055e-02
137.316 6.343869304770523299e-02
137.324 6.343415173300138987e-02
137.333 6.342961096686408617e-02
137.341 6.342507074832519354e-02
137.349 6.342053107960213265e-02
137.357 6.341599195871311379e-02
137.366 6.341145338526948949e-02
137.374 6.340691535989585736e-02
137.382 6.340237788336124114e-02
137.391 6.339784095498729455e-02
137.399 6.339330457221517556e-02
137.407 6.338876873870760709e-02
137.416 6.338423345393093267e-02
137.424 6.337969871518235598e-02
137.432 6.337516452308629422e-02
137.441 6.337063087956811003e-02
137.449 6.336609778351634525e-02
137.457 6.336156523410900465e-02
137.465 6.335703323110271346e-02
137.474 6.335250177598834853e-02
137.482 6.334797086823309997e-02
137.49 6.334344050585946628e-02
137.499 6.333891069006920838e-02
137.507 6.333438142191896714e-02
137.515 6.332985270029849179e-02
137.524 6.332532452438674464e-02
137.532 6.332079689495145880e-02
137.54 6.331626981146060151e-02
137.549 6.331174327439291483e-02
137.557 6.330721728350505173e-02
137.565 6.330269183783229781e-02
137.573 6.329816693886344825e-02
137.582 6.329364258505659757e-02
137.59 6.328911877732311397e-02
137.598 6.328459551513136716e-02
137.607 6.328007279766147131e-02
137.615 6.327555062625732363e-02
137.623 6.327102899995472318e-02
137.632 6.326650791836679888e-02
137.64 6.326198738254844300e-02
137.648 6.325746739095935989e-02
137.657 6.325294794523082798e-02
137.665 6.324842904396697774e-02
137.673 6.324391068678117400e-02
137.682 6.323939287472789272e-02
137.69 6.323487560713217381e-02
137.698 6.323035888403964744e-02
137.706 6.322584270506381721e-02
137.715 6.322132707082644965e-02
137.723 6.321681198022101322e-02
137.731 6.321229743343728669e-02
137.74 6.320778343124076881e-02
137.748 6.320326997223750520e-02
137.756 6.319875705848827796e-02
137.765 6.319424468701614894e-02
137.773 6.318973285858671407e-02
137.781 6.318522157526008931e-02
137.79 6.318071083420419287e-02
137.798 6.317620063618431536e-02
137.806 6.317169098225293433e-02
137.814 6.316718187202403911e-02
137.823 6.316267330396141411e-02
137.831 6.315816527882990583e-02
137.839 6.315365779653141221e-02
137.848 6.314915085682426543e-02
137.856 6.314464446061640590e-02
137.864 6.314013860536665801e-02
137.873 6.313563329385132872e-02
137.881 6.313112852482261061e-02
137.889 6.312662429760795835e-02
137.898 6.312212061239692862e-02
137.906 6.311761746937886997e-02
137.914 6.311311487003544440e-02
137.923 6.310861281024802982e-02
137.931 6.310411129264727192e-02
137.939 6.309961031742235271e-02
137.947 6.309510988390111541e-02
137.956 6.309060999169879835e-02
137.964 6.308611064086121212e-02
137.972 6.308161183215152401e-02
137.981 6.307711356403715441e-02
137.989 6.307261583670757676e-02
137.997 6.306811865078237878e-02
138.006 6.306362200602043389e-02
138.014 6.305912590218064329e-02
138.022 6.305463033887866164e-02
138.031 6.305013531702052809e-02
138.039 6.304564083550508180e-02
138.047 6.304114689337492194e-02
138.055 6.303665349268254559e-02
138.064 6.303216063275696168e-02
138.072 6.302766831192462005e-02
138.08 6.302317653209392467e-02
138.089 6.301868529173490496e-02
138.097 6.301419459160967351e-02
138.105 6.300970443205035354e-02
138.114 6.300521481224338749e-02
138.122 6.300072573080300886e-02
138.13 6.299623718963646979e-02
138.139 6.299174918878937268e-02
138.147 6.298726172616053720e-02
138.155 6.298277480294103836e-02
138.163 6.297828842032135443e-02
138.172 6.297380257534253289e-02
138.18 6.296931726962447240e-02
138.188 6.296483250464322834e-02
138.197 6.296034827629676256e-02
138.205 6.295586458677665531e-02
138.213 6.295138143813039378e-02
138.222 6.294689882668619285e-02
138.23 6.294241675306219697e-02
138.238 6.293793521887669495e-02
138.247 6.293345422260322730e-02
138.255 6.292897376414499644e-02
138.263 6.292449384426238024e-02
138.272 6.292001446242975748e-02
138.28 6.291553561912148484e-02
138.288 6.291105731309792892e-02
138.296 6.290657954511924554e-02
138.305 6.290210231451734413e-02
138.313 6.289762562090987774e-02
138.321 6.289314946577059806e-02
138.33 6.288867384771772151e-02
138.338 6.288419876636913708e-02
138.346 6.287972422376880699e-02
138.355 6.287525021739384656e-02
138.363 6.287077674757589330e-02
138.371 6.286630381493168995e-02
138.38 6.286183141964966914e-02
138.388 6.285735956120520884e-02
138.396 6.285288823864609853e-02
138.404 6.284841745301662785e-02
138.413 6.284394720407748824e-02
138.421 6.283947749201722333e-02
138.429 6.283500831488618432e-02
138.438 6.283053967486858238e-02
138.446 6.282607157158251465e-02
138.454 6.282160400293669567e-02
138.463 6.281713697040221256e-02
138.471 6.281267047473722276e-02
138.479 6.280820451499036228e-02
138.488 6.280373908935632521e-02
138.496 6.279927420001753247e-02
138.504 6.279480984687742240e-02
138.513 6.279034602898520001e-02
138.521 6.278588274539059766e-02
138.529 6.278141999685164787e-02
138.537 6.277695778426831130e-02
138.546 6.277249610754398468e-02
138.554 6.276803496459036624e-02
138.562 6.276357435673421414e-02
138.571 6.275911428288361016e-02
138.579 6.275465474507599395e-02
138.587 6.275019574193486938e-02
138.596 6.274573727165785875e-02
138.604 6.274127933656636902e-02
138.612 6.273682193613749902e-02
138.621 6.273236506871165963e-02
138.629 6.272790873717769278e-02
138.637 6.272345293930749188e-02
138.645 6.271899767401052650e-02
138.654 6.271454294374859129e-02
138.662 6.271008874629452334e-02
138.67 6.270563508297312405e-02
138.679 6.270118195411431006e-02
138.687 6.269672935820193305e-02
138.695 6.269227729528227544e-02
138.704 6.268782576540163354e-02
138.712 6.268337476988371237e-02
138.72 6.267892430692921513e-02
138.729 6.267447437601675331e-02
138.737 6.267002497832800667e-02
138.745 6.266557611419283635e-02
138.753 6.266112778465009192e-02
138.762 6.265667998492255308e-02
138.77 6.265223271831950325e-02
138.778 6.264778598531228759e-02
138.787 6.264333978268538106e-02
138.795 6.263889411374660987e-02
138.803 6.263444897783285170e-02
138.812 6.263000437243856910e-02
138.82 6.262556030001989460e-02
138.828 6.262111675920557785e-02
138.837 6.261667374961688015e-02
138.845 6.261223127285862888e-02
138.853 6.260778932755999004e-02
138.862 6.260334791405064436e-02
138.87 6.259890703181016092e-02
138.878 6.259446667946871878e-02
138.886 6.259002686047129838e-02
138.895 6.258558757273978423e-02
138.903 6.258114881433858578e-02
138.911 6.257671058842843859e-02
138.92 6.257227289392287839e-02
138.928 6.256783572860383225e-02
138.936 6.256339909478204897e-02
138.945 6.255896299207905353e-02
138.953 6.255452741997508115e-02
138.961 6.255009237795065846e-02
138.97 6.254565786647649228e-02
138.978 6.254122388503309538e-02
138.986 6.253679043409103577e-02
138.994 6.253235751298963363e-02
139.003 6.252792512276475478e-02
139.011 6.252349326162497112e-02
139.019 6.251906193046480320e-02
139.028 6.251463113003701000e-02
139.036 6.251020085784438074e-02
139.044 6.250577111577022837e-02
139.053 6.250134190400194467e-02
139.061 6.249691322103190921e-02
139.069 6.249248506733035002e-02
139.078 6.248805744294352177e-02
139.086 6.248363034791778320e-02
139.094 6.247920378159350918e-02
139.103 6.247477774401712092e-02
139.111 6.247035223551731381e-02
139.119 6.246592725642258898e-02
139.127 6.246150280579133157e-02
139.136 6.245707888409325614e-02
139.144 6.245265549038706010e-02
139.152 6.244823262457822877e-02
139.161 6.244381028798261929e-02
139.169 6.243938847909513007e-02
139.177 6.243496719852623111e-02
139.186 6.243054644561736588e-02
139.194 6.242612622154274787e-02
139.202 6.242170652634852074e-02
139.211 6.241728735712098741e-02
139.219 6.241286871559821592e-02
139.227 6.240845060210841594e-02
139.235 6.240403301669784214e-02
139.244 6.239961595884917916e-02
139.252 6.239519942748199266e-02
139.26 6.239078342362882473e-02
139.269 6.238636794663193763e-02
139.277 6.238195299780498887e-02
139.285 6.237753857550463327e-02
139.294 6.237312467949594069e-02
139.302 6.236871131151450198e-02
139.31 6.236429846893241924e-02
139.319 6.235988615348515146e-02
139.327 6.235547436550036710e-02
139.335 6.235106310291397419e-02
139.343 6.234665236619472972e-02
139.352 6.234224215679574910e-02
139.36 6.233783247405996070e-02
139.368 6.233342331718998847e-02
139.377 6.232901468524810334e-02
139.385 6.232460657968702522e-02
139.393 6.232019900013133218e-02
139.402 6.231579194662745930e-02
139.41 6.231138541908119721e-02
139.418 6.230697941613375784e-02
139.427 6.230257393895602402e-02
139.435 6.229816898745382109e-02
139.443 6.229376456026888831e-02
139.452 6.228936065997611737e-02
139.46 6.228495728493627093e-02
139.468 6.228055443351081938e-02
139.476 6.227615210701032550e-02
139.485 6.227175030590242910e-02
139.493 6.226734902967202140e-02
139.501 6.226294827836560686e-02
139.51 6.225854805118755109e-02
139.518 6.225414834860551472e-02
139.526 6.224974917150777332e-02
139.535 6.224535051727516505e-02
139.543 6.224095238735734281e-02
139.551 6.223655478222156479e-02
139.56 6.223215770065203961e-02
139.568 6.222776114409771936e-02
139.576 6.222336511078210841e-02
139.584 6.221896960019128453e-02
139.593 6.221457461461486760e-02
139.601 6.221018015311786248e-02
139.609 6.220578621420522203e-02
139.618 6.220139279918491387e-02
139.626 6.219699990684239566e-02
139.634 6.219260753806507558e-02
139.643 6.218821569317945636e-02
139.651 6.218382437027123594e-02
139.659 6.217943357078769412e-02
139.668 6.217504329477528680e-02
139.676 6.217065354158038404e-02
139.684 6.216626430984980439e-02
139.692 6.216187560242983356e-02
139.701 6.215748741670755473e-02
139.709 6.215309975370934825e-02
139.717 6.214871261292207599e-02
139.726 6.214432599425250697e-02
139.734 6.213993989788724193e-02
139.742 6.213555432331337863e-02
139.751 6.213116927127688288e-02
139.759 6.212678474182421751e-02
139.767 6.212240073388329564e-02
139.776 6.211801724694164528e-02
139.784 6.211363428216445937e-02
139.792 6.210925183861982363e-02
139.801 6.210486991691353820e-02
139.809 6.210048851709210060e-02
139.817 6.209610763794458366e-02
139.825 6.209172728105454703e-02
139.834 6.208734744353501533e-02
139.842 6.208296812766787159e-02
139.85 6.207858933461678913e-02
139.859 6.207421106023878338e-02
139.867 6.206983330667566190e-02
139.875 6.206545607523037550e-02
139.884 6.206107936329711278e-02
139.892 6.205670317329551461e-02
139.9 6.205232750220174287e-02
139.909 6.204795235187697544e-02
139.917 6.204357772320478331e-02
139.925 6.203920361274397471e-02
139.933 6.203483002277367098e-02
139.942 6.203045695403772153e-02
139.95 6.202608440407235413e-02
139.958 6.202171237376127161e-02
139.967 6.201734086454548794e-02
139.975 6.201296987438015273e-02
139.983 6.200859940289409067e-02
139.992 6.200422945208550196e-02
140 6.199986002018918058e-02
140.008 6.199549110780930988e-02
140.017 6.199112271429600696e-02
140.025 6.198675483913890227e-02
140.033 6.198238748503146628e-02
140.042 6.197802064937365379e-02
140.05 6.197365433151610231e-02
140.058 6.196928853261986919e-02
140.066 6.196492325245325089e-02
140.075 6.196055849189812531e-02
140.083 6.195619424905238898e-02
140.091 6.195183052465891294e-02
140.1 6.194746731918195776e-02
140.108 6.194310463169414721e-02
140.116 6.193874246154673635e-02
140.125 6.193438081031695658e-02
140.133 6.193001967735590335e-02
140.141 6.192565906145861693e-02
140.15 6.192129896406274592e-02
140.158 6.191693938438063566e-02
140.166 6.191258032204204759e-02
140.174 6.190822177681587490e-02
140.183 6.190386374999998914e-02
140.191 6.189950624080703401e-02
140.199 6.189514924775529198e-02
140.208 6.189079277269816937e-02
140.216 6.188643681470976099e-02
140.224 6.188208137272570991e-02
140.233 6.187772644915430498e-02
140.241 6.187337204209767544e-02
140.249 6.186901815104733915e-02
140.258 6.186466477743880754e-02
140.266 6.186031192104107096e-02
140.274 6.185595957981863957e-02
140.282 6.185160775534553207e-02
140.291 6.184725644766849578e-02
140.299 6.184290565669552098e-02
140.307 6.183855537997597768e-02
140.316 6.183420562144164440e-02
140.324 6.182985637878063434e-02
140.332 6.182550764982088637e-02
140.341 6.182115943877022901e-02
140.349 6.181681174304033688e-02
140.357 6.181246456240094972e-02
140.366 6.180811789814682350e-02
140.374 6.180377174921566213e-02
140.382 6.179942611537723313e-02
140.391 6.179508099681710331e-02
140.399 6.179073639344371399e-02
140.407 6.178639230488829764e-02
140.415 6.178204873216755488e-02
140.424 6.177770567435855037e-02
140.432 6.177336313067732093e-02
140.44 6.176902110214033820e-02
140.449 6.176467958879440501e-02
140.457 6.176033858888654859e-02
140.465 6.175599810426366659e-02
140.474 6.175165813524922942e-02
140.482 6.174731867953704711e-02
140.49 6.174297973703610914e-02
140.499 6.173864130973073794e-02
140.507 6.173430339683748380e-02
140.515 6.172996599771157777e-02
140.523 6.172562911170848682e-02
140.532 6.172129274067324894e-02
140.54 6.171695688244002026e-02
140.548 6.171262153926831973e-02
140.557 6.170828670843966218e-02
140.565 6.170395239124550762e-02
140.573 6.169961858800925708e-02
140.582 6.169528529642832188e-02
140.59 6.169095251972846194e-02
140.598 6.168662025615993805e-02
140.607 6.168228850535528024e-02
140.615 6.167795726736159667e-02
140.623 6.167362654208786293e-02
140.632 6.166929633054779591e-02
140.64 6.166496663113107957e-02
140.648 6.166063744333271507e-02
140.656 6.165630876982299002e-02
140.665 6.165198060830171661e-02
140.673 6.164765295854009175e-02
140.681 6.164332582086130136e-02
140.69 6.163899919503652153e-02
140.698 6.163467308304444031e-02
140.706 6.163034748231042276e-02
140.715 6.162602239301968182e-02
140.723 6.162169781604699692e-02
140.731 6.161737375088757740e-02
140.74 6.161305019717482068e-02
140.748 6.160872715523161430e-02
140.756 6.160440462455352845e-02
140.764 6.160008260518771289e-02
140.773 6.159576109731906834e-02
140.781 6.159144010140808756e-02
140.789 6.158711961653700467e-02
140.798 6.158279964165074005e-02
140.806 6.157848017844991251e-02
140.814 6.157416122629257721e-02
140.823 6.156984278522587700e-02
140.831 6.156552485405728664e-02
140.839 6.156120743352274521e-02
140.848 6.155689052463307609e-02
140.856 6.155257412509478748e-02
140.864 6.154825823660708961e-02
140.872 6.154394285839109163e-02
140.881 6.153962798980583404e-02
140.889 6.153531363213706612e-02
140.897 6.153099978391816244e-02
140.906 6.152668644615947452e-02
140.914 6.152237361835774521e-02
140.922 6.151806130028501796e-02
140.931 6.151374949143834092e-02
140.939 6.150943819214005348e-02
140.947 6.150512740284976715e-02
140.956 6.150081712265220713e-02
140.964 6.149650735228185533e-02
140.972 6.149219809123600278e-02
140.981 6.148788933969918935e-02
140.989 6.148358109648183883e-02
140.997 6.147927336245567059e-02
141.005 6.147496613711837810e-02
141.014 6.147065942092925367e-02
141.022 6.146635321434736066e-02
141.03 6.146204751549704665e-02
141.039 6.145774232483778438e-02
141.047 6.145343764324064095e-02
141.055 6.144913346979166691e-02
141.064 6.144482980563618219e-02
141.072 6.144052664999766905e-02
141.08 6.143622400100202940e-02
141.089 6.143192186075514816e-02
141.097 6.142762022916675030e-02
141.105 6.142331910463776773e-02
141.113 6.141901848762717359e-02
141.122 6.141471837845654397e-02
141.13 6.141041877854432757e-02
141.138 6.140611968533210563e-02
141.147 6.140182109859319837e-02
141.155 6.139752301988309069e-02
141.163 6.139322544870043363e-02
141.172 6.138892838522954504e-02
141.18 6.138463182883230340e-02
141.188 6.138033577887089254e-02
141.197 6.137604023552974825e-02
141.205 6.137174519954119445e-02
141.213 6.136745067163713180e-02
141.222 6.136315664953624627e-02
141.23 6.135886313328604846e-02
141.238 6.135457012430330093e-02
141.246 6.135027762167667709e-02
141.255 6.134598562517976084e-02
141.263 6.134169413581790076e-02
141.271 6.133740315322760983e-02
141.28 6.133311267403501049e-02
141.288 6.132882270266660357e-02
141.296 6.132453323793778804e-02
141.305 6.132024427852773851e-02
141.313 6.131595582407364103e-02
141.321 6.131166787681117253e-02
141.33 6.130738043432572282e-02
141.338 6.130309349680169995e-02
141.346 6.129880706565364601e-02
141.354 6.129452113997171242e-02
141.363 6.129023571898307987e-02
141.371 6.128595080369188958e-02
141.379 6.128166639332546101e-02
141.388 6.127738248752128553e-02
141.396 6.127309908714650977e-02
141.404 6.126881619170186644e-02
141.413 6.126453380150789774e-02
141.421 6.126025191592889690e-02
141.429 6.125597053405639619e-02
141.438 6.125168965716681901e-02
141.446 6.124740928448828975e-02
141.454 6.124312941716022335e-02
141.462 6.123885005277287380e-02
141.471 6.123457119328463982e-02
141.479 6.123029283806039752e-02
141.487 6.122601498687450100e-02
141.496 6.122173763991078932e-02
141.504 6.121746079571603605e-02
141.512 6.121318445597465074e-02
141.521 6.120890861977920649e-02
141.529 6.120463328704072586e-02
141.537 6.120035845848829925e-02
141.546 6.119608413294223143e-02
141.554 6.119181031072266214e-02
141.562 6.118753699201322227e-02
141.571 6.118326417604359052e-02
141.579 6.117899186354261443e-02
141.587 6.117472005442134431e-02
141.595 6.117044874736472793e-02
141.604 6.116617794378256118e-02
141.612 6.116190764304111488e-02
141.62 6.115763784464301606e-02
141.629 6.115336854918046461e-02
141.637 6.114909975533926872e-02
141.645 6.114483146466458824e-02
141.654 6.114056367706749429e-02
141.662 6.113629639041753827e-02
141.67 6.113202960625956084e-02
141.679 6.112776332436867938e-02
141.687 6.112349754492842069e-02
141.695 6.111923226716974022e-02
141.703 6.111496749114020410e-02
141.712 6.111070321675132755e-02
141.72 6.110643944405057260e-02
141.728 6.110217617322131339e-02
141.737 6.109791340363115997e-02
141.745 6.109365113573548417e-02
141.753 6.108938936890203480e-02
141.762 6.108512810345016752e-02
141.77 6.108086733942727498e-02
141.778 6.107660707620143209e-02
141.787 6.107234731354842933e-02
141.795 6.106808805273852142e-02
141.803 6.106382929300381568e-02
141.812 6.105957103303369382e-02
141.82 6.105531327409811221e-02
141.828 6.105105601542971938e-02
141.836 6.104679925829802067e-02
141.845 6.104254300084966528e-02
141.853 6.103828724353960872e-02
141.861 6.103403198682255670e-02
141.87 6.102977723020307915e-02
141.878 6.102552297400012232e-02
141.886 6.102126921785402253e-02
141.895 6.101701596086272356e-02
141.903 6.101276320388781399e-02
141.911 6.100851094711238348e-02
141.92 6.100425919004139746e-02
141.928 6.100000793204438804e-02
141.936 6.099575717425362309e-02
141.944 6.099150691549642955e-02
141.953 6.098725715541383763e-02
141.961 6.098300789649305914e-02
141.969 6.097875913552869287e-02
141.978 6.097451087324624874e-02
141.986 6.097026310996433995e-02
141.994 6.096601584667875329e-02
142.003 6.096176908194671923e-02
142.011 6.095752281513879683e-02
142.019 6.095327704806321328e-02
142.028 6.094903177900694302e-02
142.036 6.094478700828850209e-02
142.044 6.094054273622628859e-02
142.052 6.093629896340924113e-02
142.061 6.093205568744846506e-02
142.069 6.092781290920402937e-02
142.077 6.092357063061787370e-02
142.086 6.091932885038421619e-02
142.094 6.091508756706248001e-02
142.102 6.091084678097110489e-02
142.111 6.090660649432177304e-02
142.119 6.090236670445702688e-02
142.127 6.089812741142472396e-02
142.136 6.089388861675986558e-02
142.144 6.088965032037461922e-02
142.152 6.088541251988334457e-02
142.161 6.088117521682077232e-02
142.169 6.087693841204522283e-02
142.177 6.087270210371235890e-02
142.185 6.086846629227531114e-02
142.194 6.086423097832206752e-02
142.202 6.085999616081950309e-02
142.21 6.085576183954533730e-02
142.219 6.085152801549262302e-02
142.227 6.084729468762861693e-02
142.235 6.084306185748616230e-02
142.244 6.083882952349263518e-02
142.252 6.083459768475095453e-02
142.26 6.083036634333349735e-02
142.269 6.082613549766829192e-02
142.277 6.082190514807295223e-02
142.285 6.081767529446027720e-02
142.293 6.081344593647321217e-02
142.302 6.080921707550832750e-02
142.31 6.080498870918538828e-02
142.318 6.080076083957513394e-02
142.327 6.079653346510690420e-02
142.335 6.079230658623300393e-02
142.343 6.078808020273146484e-02
142.352 6.078385431424566943e-02
142.36 6.077962892136245382e-02
142.368 6.077540402385995383e-02
142.377 6.077117962165098225e-02
142.385 6.076695571410963004e-02
142.393 6.076273230182250434e-02
142.402 6.075850938402908158e-02
142.41 6.075428696037313975e-02
142.418 6.075006503292253862e-02
142.426 6.074584360051264037e-02
142.435 6.074162266090236961e-02
142.443 6.073740221683224250e-02
142.451 6.073318226673451309e-02
142.46 6.072896281079158409e-02
142.468 6.072474384932035479e-02
142.476 6.072052538236844682e-02
142.485 6.071630740877269339e-02
142.493 6.071208992925364312e-02
142.501 6.070787294439699416e-02
142.51 6.070365645344327071e-02
142.518 6.069944045496108304e-02
142.526 6.069522495020863301e-02
142.534 6.069100994017472689e-02
142.543 6.068679542289036333e-02
142.551 6.068258139934440409e-02
142.559 6.067836786864374415e-02
142.568 6.067415483164254747e-02
142.576 6.066994228758224722e-02
142.584 6.066573023731679920e-02
142.593 6.066151867914736789e-02
142.601 6.065730761352503692e-02
142.609 6.065309704237779181e-02
142.618 6.064888696279873564e-02
142.626 6.064467737523876467e-02
142.634 6.064046828149118745e-02
142.642 6.063625967985827175e-02
142.651 6.063205157079064322e-02
142.659 6.062784395473858751e-02
142.667 6.062363682933431808e-02
142.676 6.061943019690711060e-02
142.684 6.061522405669957092e-02
142.692 6.061101840849111855e-02
142.701 6.060681325246369128e-02
142.709 6.060260858812860363e-02
142.717 6.059840441499735747e-02
142.726 6.059420073378828792e-02
142.734 6.058999754481729505e-02
142.742 6.058579484638935281e-02
142.751 6.058159264069713779e-02
142.759 6.057739092470563330e-02
142.767 6.057318970154525889e-02
142.775 6.056898896978946123e-02
142.784 6.056478872640475020e-02
142.792 6.056058897612826702e-02
142.8 6.055638971820347105e-02
142.809 6.055219094919573469e-02
142.817 6.054799267143006619e-02
142.825 6.054379488428462269e-02
142.834 6.053959758767343824e-02
142.842 6.053540078177824940e-02
142.85 6.053120446597766435e-02
142.859 6.052700864165789368e-02
142.867 6.052281330766214051e-02
142.875 6.051861846203127060e-02
142.883 6.051442410735570487e-02
142.892 6.051023024408427181e-02
142.9 6.050603687012439530e-02
142.908 6.050184398512294809e-02
142.917 6.049765159073280940e-02
142.925 6.049345968553079128e-02
142.933 6.048926827076817059e-02
142.942 6.048507734515586737e-02
142.95 6.048088690887554880e-02
142.958 6.047669696291063657e-02
142.967 6.047250750517072643e-02
142.975 6.046831853677294560e-02
142.983 6.046413005829960607e-02
142.992 6.045994206832890072e-02
143 6.045575456797749880e-02
143.008 6.045156755622466821e-02
143.016 6.044738103258433942e-02
143.025 6.044319499843980870e-02
143.033 6.043900945303778971e-02
143.041 6.043482439682656276e-02
143.05 6.043063982851920590e-02
143.058 6.042645574763000349e-02
143.066 6.042227215647572036e-02
143.075 6.041808905296901233e-02
143.083 6.041390643809192718e-02
143.091 6.040972431122523800e-02
143.1 6.040554267241692726e-02
143.108 6.040136152171498435e-02
143.116 6.039718085836713601e-02
143.124 6.039300068268824845e-02
143.133 6.038882099579279128e-02
143.141 6.038464179586218450e-02
143.149 6.038046308321111388e-02
143.158 6.037628485882060025e-02
143.166 6.037210712140573393e-02
143.174 6.036792987088145102e-02
143.183 6.036375310769542812e-02
143.191 6.035957683322777656e-02
143.199 6.035540104379647636e-02
143.208 6.035122574118154115e-02
143.216 6.034705092702892515e-02
143.224 6.034287659965519024e-02
143.232 6.033870275817639767e-02
143.241 6.033452940343957127e-02
143.249 6.033035653575880702e-02
143.257 6.032618415451655031e-02
143.266 6.032201225989390625e-02
143.274 6.031784085060822725e-02
143.282 6.031366992830432955e-02
143.291 6.030949949329603155e-02
143.299 6.030532954283780028e-02
143.307 6.030116007870710282e-02
143.316 6.029699110095176201e-02
143.324 6.029282260829010170e-02
143.332 6.028865460196690396e-02
143.341 6.028448708163119951e-02
143.349 6.028032004626757839e-02
143.357 6.027615349658881766e-02
143.365 6.027198743344017173e-02
143.374 6.026782185447771001e-02
143.382 6.026365676067980265e-02
143.39 6.025949215329008679e-02
143.399 6.025532803009824023e-02
143.407 6.025116439261346546e-02
143.415 6.024700124021965114e-02
143.424 6.024283857137149173e-02
143.432 6.023867638824167980e-02
143.44 6.023451469008149484e-02
143.449 6.023035347680612273e-02
143.457 6.022619274780006277e-02
143.465 6.022203250311140149e-02
143.473 6.021787274265567175e-02
143.482 6.021371346661356233e-02
143.49 6.020955467543116085e-02
143.498 6.020539636796254368e-02
143.507 6.020123854491912785e-02
143.515 6.019708120581835492e-02
143.523 6.019292435070839470e-02
143.532 6.018876797963729902e-02
143.54 6.018461209119495281e-02
143.548 6.018045668702030893e-02
143.557 6.017630176742641557e-02
143.565 6.017214733140082566e-02
143.573 6.016799337779923235e-02
143.582 6.016383990719992997e-02
143.59 6.015968692057849926e-02
143.598 6.015553441811523350e-02
143.606 6.015138239840111395e-02
143.615 6.014723086042496336e-02
143.623 6.014307980701599776e-02
143.631 6.013892923610342223e-02
143.64 6.013477914747077796e-02
143.648 6.013062954143109928e-02
143.656 6.012648041869428361e-02
143.665 6.012233177917591237e-02
143.673 6.011818362133610621e-02
143.681 6.011403594601707340e-02
143.69 6.010988875300234124e-02
143.698 6.010574204194329972e-02
143.706 6.010159581394616812e-02
143.714 6.009745006786866572e-02
143.723 6.009330480283345266e-02
143.731 6.008916002047548499e-02
143.739 6.008501571991731877e-02
143.748 6.008087190160365382e-02
143.756 6.007672856518601889e-02
143.764 6.007258570952319493e-02
143.773 6.006844333585282386e-02
143.781 6.006430144303381152e-02
143.789 6.006016003256771374e-02
143.798 6.005601910397403292e-02
143.806 6.005187865531966263e-02
143.814 6.004773868757757455e-02
143.822 6.004359920211651408e-02
143.831 6.003946019687175784e-02
143.839 6.003532167334395264e-02
143.847 6.003118363012895087e-02
143.856 6.002704606740721927e-02
143.864 6.002290898615070258e-02
143.872 6.001877238469206788e-02
143.881 6.001463626373935295e-02
143.889 6.001050062386850681e-02
143.897 6.000636546473178679e-02
143.906 6.000223078505840385e-02
143.914 5.999809658595176703e-02
143.922 5.999396286706444592e-02
143.931 5.998982962712616496e-02
143.939 5.998569686829478831e-02
143.947 5.998156458956357268e-02
143.955 5.997743279045356091e-02
143.964 5.997330147061763483e-02
143.972 5.996917063129010572e-02
143.98 5.996504027080612476e-02
143.989 5.996091038908239745e-02
143.997 5.995678098814330448e-02
144.005 5.995265206645609274e-02
144.014 5.994852362420072245e-02
144.022 5.994439566010859033e-02
144.03 5.994026817541327906e-02
144.039 5.993614117029458926e-02
144.047 5.993201464374745685e-02
144.055 5.992788859608353530e-02
144.063 5.992376302774590074e-02
144.072 5.991963793812466604e-02
144.08 5.991551332621550957e-02
144.088 5.991138919311948807e-02
144.097 5.990726553980550706e-02
144.105 5.990314236316484492e-02
144.113 5.989901966535047390e-02
144.122 5.989489744733092480e-02
144.13 5.989077570494665687e-02
144.138 5.988665444192780435e-02
144.147 5.988253365819068419e-02
144.155 5.987841334984021074e-02
144.163 5.987429352073662253e-02
144.172 5.987017416948232917e-02
144.18 5.986605529533720049e-02
144.188 5.986193689992623523e-02
144.196 5.985781898093290448e-02
144.205 5.985370153958798761e-02
144.213 5.984958457593968217e-02
144.221 5.984546808937962065e-02
144.23 5.984135208074393975e-02
144.238 5.983723654850540974e-02
144.246 5.983312149310626715e-02
144.255 5.982900691538246829e-02
144.263 5.982489281511963602e-02
144.271 5.982077919052878473e-02
144.28 5.981666604218344174e-02
144.288 5.981255337170638536e-02
144.296 5.980844117757140588e-02
144.304 5.980432945969579167e-02
144.313 5.980021821865251497e-02
144.321 5.979610745370296521e-02
144.329 5.979199716528896258e-02
144.338 5.978788735306542895e-02
144.346 5.978377801708070760e-02
144.354 5.977966915685875571e-02
144.363 5.977556077257917960e-02
144.371 5.977145286442130806e-02
144.379 5.976734543230238089e-02
144.388 5.976323847509158738e-02
144.396 5.975913199401651499e-02
144.404 5.975502598820851136e-02
144.412 5.975092045876374131e-02
144.421 5.974681540468267105e-02
144.429 5.974271082562086083e-02
144.437 5.973860672110318376e-02
144.446 5.973450309248720669e-02
144.454 5.973039993916660906e-02
144.462 5.972629726027365443e-02
144.471 5.972219505768892184e-02
144.479 5.971809332858170338e-02
144.487 5.971399207522501418e-02
144.496 5.970989129596629419e-02
144.504 5.970579099046176286e-02
144.512 5.970169116150653155e-02
144.521 5.969759180627141892e-02
144.529 5.969349292467436563e-02
144.537 5.968939451833285559e-02
144.545 5.968529658651060277e-02
144.554 5.968119912755672635e-02
144.562 5.967710214361118815e-02
144.57 5.967300563393800744e-02
144.579 5.966890959806281369e-02
144.587 5.966481403616473445e-02
144.595 5.966071894724706698e-02
144.604 5.965662433253410973e-02
144.612 5.965253019142101321e-02
144.62 5.964843652447860550e-02
144.629 5.964434333084109308e-02
144.637 5.964025060925136346e-02
144.645 5.963615836249969160e-02
144.653 5.963206658880659816e-02
144.662 5.962797528730699737e-02
144.67 5.962388446052915847e-02
144.678 5.961979410617216507e-02
144.687 5.961570422389329826e-02
144.695 5.961161481530675293e-02
144.703 5.960752587889541626e-02
144.712 5.960343741509920024e-02
144.72 5.959934942553143239e-02
144.728 5.959526190737144541e-02
144.737 5.959117486066804747e-02
144.745 5.958708828833800958e-02
144.753 5.958300218782214969e-02
144.762 5.957891655838709610e-02
144.77 5.957483140203653771e-02
144.778 5.957074671764581164e-02
144.786 5.956666250565431642e-02
144.795 5.956257876467741658e-02
144.803 5.955849549554539241e-02
144.811 5.955441269960917716e-02
144.82 5.955033037509355198e-02
144.828 5.954624852100538074e-02
144.836 5.954216713856538834e-02
144.845 5.953808622873320994e-02
144.853 5.953400579012517457e-02
144.861 5.952992582265956983e-02
144.87 5.952584632586450236e-02
144.878 5.952176729991871112e-02
144.886 5.951768874656222785e-02
144.894 5.951361066324112326e-02
144.903 5.950953305052462255e-02
144.911 5.950545590989197303e-02
144.919 5.950137923944052304e-02
144.928 5.949730303882886512e-02
144.936 5.949322730927602415e-02
144.944 5.948915205226038699e-02
144.953 5.948507726419006297e-02
144.961 5.948100294511405456e-02
144.969 5.947692909768063224e-02
144.978 5.947285572050842878e-02
144.986 5.946878281377585007e-02
144.994 5.946471037766128814e-02
145.002 5.946063841000478328e-02
145.011 5.945656691267373062e-02
145.019 5.945249588597632112e-02
145.027 5.944842532853234635e-02
145.036 5.944435524026078776e-02
145.044 5.944028562302782620e-02
145.052 5.943621647467475788e-02
145.061 5.943214779576954515e-02
145.069 5.942807958597139117e-02
145.077 5.942401184597778663e-02
145.086 5.941994457440981370e-02
145.094 5.941587777274340981e-02
145.102 5.941181143998913727e-02
145.111 5.940774557684413287e-02
145.119 5.940368018180041537e-02
145.127 5.939961525555521871e-02
145.135 5.939555079854615116e-02
145.144 5.939148680978439954e-02
145.152 5.938742329074465920e-02
145.16 5.938336023953085657e-02
145.169 5.937929765632146001e-02
145.177 5.937523554246098428e-02
145.185 5.937117389709077597e-02
145.194 5.936711271870455386e-02
145.202 5.936305200838775525e-02
145.21 5.935899176787283460e-02
145.219 5.935493199487656968e-02
145.227 5.935087268931817095e-02
145.235 5.934681385137592635e-02
145.243 5.934275548187530752e-02
145.252 5.933869758034689135e-02
145.26 5.933464014554472310e-02
145.268 5.933058317816490568e-02
145.277 5.932652667825606685e-02
145.285 5.932247064677256820e-02
145.293 5.931841508233946098e-02
145.302 5.931435998435867496e-02
145.31 5.931030535520735725e-02
145.318 5.930625119247620591e-02
145.327 5.930219749543808733e-02
145.335 5.929814426621106416e-02
145.343 5.929409150523126670e-02
145.351 5.929003920892711443e-02
145.36 5.928598738057946904e-02
145.368 5.928193601920261208e-02
145.376 5.927788512303577145e-02
145.385 5.927383469380789749e-02
145.393 5.926978473182582807e-02
145.401 5.926573523571690427e-02
145.41 5.926168620552987182e-02
145.418 5.925763764157182534e-02
145.426 5.925358954453709137e-02
145.435 5.924954191344104087e-02
145.443 5.924549474717030750e-02
145.451 5.924144804732308506e-02
145.46 5.923740181459330456e-02
145.468 5.923335604606054516e-02
145.476 5.922931074319359723e-02
145.484 5.922526590694439375e-02
145.493 5.922122153568389058e-02
145.501 5.921717762894491283e-02
145.509 5.921313418871135964e-02
145.518 5.920909121387066959e-02
145.526 5.920504870408452303e-02
145.534 5.920100665888592545e-02
145.543 5.919696507871047286e-02
145.551 5.919292396450933497e-02
145.559 5.918888331426827576e-02
145.568 5.918484312919641832e-02
145.576 5.918080340844009829e-02
145.584 5.917676415282135255e-02
145.592 5.917272536290409807e-02
145.601 5.916868703577350674e-02
145.609 5.916464917315343575e-02
145.617 5.916061177509256835e-02
145.626 5.915657484202593852e-02
145.634 5.915253837310055496e-02
145.642 5.914850236797887517e-02
145.651 5.914446682709594005e-02
145.659 5.914043175011417242e-02
145.667 5.913639713721106916e-02
145.676 5.913236298792044071e-02
145.684 5.912832930306322760e-02
145.692 5.912429608114378593e-02
145.701 5.912026332272578288e-02
145.709 5.911623102811520980e-02
145.717 5.911219919697483643e-02
145.725 5.910816782986782342e-02
145.734 5.910413692607107555e-02
145.742 5.910010648409027428e-02
145.75 5.909607650577464871e-02
145.759 5.909204699168700559e-02
145.767 5.908801793981894451e-02
145.775 5.908398935124774265e-02
145.784 5.907996122473686829e-02
145.792 5.907593356059235440e-02
145.8 5.907190636040481058e-02
145.809 5.906787962370875500e-02
145.817 5.906385334811197624e-02
145.825 5.905982753417752390e-02
145.833 5.905580218477967519e-02
145.842 5.905177729714150558e-02
145.85 5.904775287131197592e-02
145.858 5.904372890746833330e-02
145.867 5.903970540565939285e-02
145.875 5.903568236670407587e-02
145.883 5.903165978936748826e-02
145.892 5.902763767305693743e-02
145.9 5.902361602038753291e-02
145.908 5.901959482832846993e-02
145.917 5.901557409705716212e-02
145.925 5.901155382867490778e-02
145.933 5.900753402169100353e-02
145.941 5.900351467641073294e-02
145.95 5.899949579147240747e-02
145.958 5.899547736820722615e-02
145.966 5.899145940653553744e-02
145.975 5.898744190522433456e-02
145.983 5.898342486586057032e-02
145.991 5.897940828733942015e-02
146 5.897539216958155167e-02
146.008 5.897137651263583552e-02
146.016 5.896736131655108681e-02
146.025 5.896334658150414326e-02
146.033 5.895933230575064327e-02
146.041 5.895531849177294142e-02
146.05 5.895130513821096596e-02
146.058 5.894729224460141387e-02
146.066 5.894327981150527390e-02
146.074 5.893926783820329501e-02
146.083 5.893525632551233767e-02
146.091 5.893124527322517181e-02
146.099 5.892723468011084459e-02
146.108 5.892322454775385937e-02
146.116 5.891921487556307790e-02
146.124 5.891520566154061223e-02
146.133 5.891119690791005864e-02
146.141 5.890718861459222355e-02
146.149 5.890318078227497339e-02
146.158 5.889917340717105987e-02
146.166 5.889516649099193341e-02
146.174 5.889116003595971927e-02
146.182 5.888715403905512430e-02
146.191 5.888314850096638270e-02
146.199 5.887914342378691712e-02
146.207 5.887513880526520915e-02
146.216 5.887113464378938843e-02
146.224 5.886713094324116241e-02
146.232 5.886312770111415404e-02
146.241 5.885912491681882797e-02
146.249 5.885512259231980015e-02
146.257 5.885112072549493478e-02
146.266 5.884711931741472279e-02
146.274 5.884311836825560638e-02
146.282 5.883911787653465369e-02
146.291 5.883511784408773648e-02
146.299 5.883111827096339924e-02
146.307 5.882711915478586878e-02
146.315 5.882312049509409030e-02
146.324 5.881912229499904748e-02
146.332 5.881512455276331069e-02
146.34 5.881112726869090063e-02
146.349 5.880713044193792982e-02
146.357 5.880313407242593327e-02
146.365 5.879913816147882416e-02
146.374 5.879514270863532566e-02
146.382 5.879114771203211576e-02
146.39 5.878715317184599748e-02
146.399 5.878315909054742522e-02
146.407 5.877916546716543261e-02
146.415 5.877517230034721291e-02
146.423 5.877117959065141645e-02
146.432 5.876718733749006912e-02
146.44 5.876319554142166862e-02
146.448 5.875920420224043511e-02
146.457 5.875521332012254710e-02
146.465 5.875122289473486137e-02
146.473 5.874723292587172296e-02
146.482 5.874324341396391230e-02
146.49 5.873925435906029308e-02
146.498 5.873526575942785571e-02
146.507 5.873127761600668156e-02
146.515 5.872728992986364638e-02
146.523 5.872330269977511785e-02
146.531 5.871931592579003600e-02
146.54 5.871532960706706689e-02
146.548 5.871134374518149207e-02
146.556 5.870735833941902182e-02
146.565 5.870337338868412969e-02
146.573 5.869938889493309109e-02
146.581 5.869540485618048725e-02
146.59 5.869142127298393463e-02
146.598 5.868743814628200883e-02
146.606 5.868345547383597288e-02
146.615 5.867947325696581951e-02
146.623 5.867549149572044015e-02
146.631 5.867151018951347746e-02
146.64 5.866752933941012105e-02
146.648 5.866354894418899374e-02
146.656 5.865956900313721439e-02
146.664 5.865558951681187211e-02
146.673 5.865161048703940866e-02
146.681 5.864763191145638821e-02
146.689 5.864365379023882968e-02
146.698 5.863967612356273118e-02
146.706 5.863569891122333289e-02
146.714 5.863172215453852504e-02
146.723 5.862774585140010514e-02
146.731 5.862377000299905105e-02
146.739 5.861979460989152901e-02
146.748 5.861581966870187121e-02
146.756 5.861184518315743636e-02
146.764 5.860787115229229571e-02
146.772 5.860389757450696485e-02
146.781 5.859992445099172775e-02
146.789 5.859595178154195644e-02
146.797 5.859197956481234509e-02
146.806 5.858800780300663785e-02
146.814 5.858403649465288715e-02
146.822 5.858006563942001060e-02
146.831 5.857609523786388994e-02
146.839 5.857212529016010694e-02
146.847 5.856815579509100367e-02
146.856 5.856418675384558042e-02
146.864 5.856021816634603139e-02
146.872 5.855625003086849939e-02
146.881 5.855228234847526664e-02
146.889 5.854831511972165281e-02
146.897 5.854434834402354182e-02
146.905 5.854038202079710207e-02
146.914 5.853641615034461954e-02
146.922 5.853245073284159966e-02
146.93 5.852848576783088036e-02
146.939 5.852452125548804340e-02
146.947 5.852055719586209126e-02
146.955 5.851659358748430989e-02
146.964 5.851263043204797676e-02
146.972 5.850866772972841690e-02
146.98 5.850470547880438216e-02
146.989 5.850074367957793647e-02
146.997 5.849678233336230021e-02
147.005 5.849282143881589374e-02
147.013 5.848886099636697172e-02
147.022 5.848490100518003582e-02
147.03 5.848094146593596498e-02
147.038 5.847698237792580550e-02
147.047 5.847302374233554617e-02
147.055 5.846906555845619163e-02
147.063 5.846510782494754310e-02
147.072 5.846115054387932691e-02
147.08 5.845719371353270966e-02
147.088 5.845323733458814008e-02
147.097 5.844928140759946683e-02
147.105 5.844532593009121868e-02
147.113 5.844137090425842451e-02
147.121 5.843741633002372260e-02
147.13 5.843346220592186835e-02
147.138 5.842950853301142472e-02
147.146 5.842555531096293303e-02
147.155 5.842160253957314614e-02
147.163 5.841765021800828656e-02
147.171 5.841369834757868806e-02
147.18 5.840974692770281584e-02
147.188 5.840579595767325660e-02
147.196 5.840184543905196229e-02
147.205 5.839789537012295834e-02
147.213 5.839394575106161139e-02
147.221 5.838999658116097308e-02
147.23 5.838604786261242935e-02
147.238 5.838209959370077584e-02
147.246 5.837815177497913260e-02
147.254 5.837420440574071778e-02
147.263 5.837025748565689148e-02
147.271 5.836631101603617644e-02
147.279 5.836236499604603722e-02
147.288 5.835841942384701470e-02
147.296 5.835447430313948219e-02
147.304 5.835052963170610923e-02
147.313 5.834658540858921050e-02
147.321 5.834264163459325359e-02
147.329 5.833869831039647375e-02
147.338 5.833475543516707801e-02
147.346 5.833081300857680812e-02
147.354 5.832687103117804861e-02
147.362 5.832292950226514172e-02
147.371 5.831898842239034014e-02
147.379 5.831504779197994870e-02
147.387 5.831110760932256554e-02
147.396 5.830716787509619692e-02
147.404 5.830322859022988441e-02
147.412 5.829928975276148229e-02
147.421 5.829535136387153926e-02
147.429 5.829141342298074097e-02
147.437 5.828747593164603641e-02
147.446 5.828353888727791365e-02
147.454 5.827960229105640100e-02
147.462 5.827566614340739387e-02
147.471 5.827173044337512209e-02
147.479 5.826779519125995649e-02
147.487 5.826386038673434659e-02
147.495 5.825992602997301373e-02
147.504 5.825599212039742070e-02
147.512 5.825205865805685446e-02
147.52 5.824812564438110879e-02
147.529 5.824419307753656017e-02
147.537 5.824026095895278032e-02
147.545 5.823632928667123176e-02
147.554 5.823239806149407144e-02
147.562 5.822846728309417907e-02
147.57 5.822453695202247509e-02
147.579 5.822060706882962317e-02
147.587 5.821667763155830705e-02
147.595 5.821274864151170653e-02
147.603 5.820882009861347295e-02
147.612 5.820489200203525504e-02
147.62 5.820096435019694869e-02
147.628 5.819703714791051724e-02
147.637 5.819311039159024562e-02
147.645 5.818918408028315309e-02
147.653 5.818525821692023536e-02
147.662 5.818133279791749130e-02
147.67 5.817740782557920959e-02
147.678 5.817348330045533228e-02
147.687 5.816955922096684467e-02
147.695 5.816563558753861524e-02
147.703 5.816171239946864302e-02
147.711 5.815778965705667436e-02
147.72 5.815386736097778037e-02
147.728 5.814994551065516548e-02
147.736 5.814602410551231865e-02
147.745 5.814210314597393486e-02
147.753 5.813818263171386530e-02
147.761 5.813426256315665924e-02
147.77 5.813034294060152873e-02
147.778 5.812642376234653657e-02
147.786 5.812250502956667342e-02
147.795 5.811858674231104582e-02
147.803 5.811466889912837025e-02
147.811 5.811075150119331123e-02
147.82 5.810683454855501001e-02
147.828 5.810291804038758556e-02
147.836 5.809900197749021111e-02
147.844 5.809508635866234005e-02
147.853 5.809117118507794303e-02
147.861 5.808725645628620704e-02
147.869 5.808334217121211007e-02
147.878 5.807942833027979201e-02
147.886 5.807551493403812631e-02
147.894 5.807160198278591562e-02
147.903 5.806768947457441321e-02
147.911 5.806377741057684033e-02
147.919 5.805986579096721056e-02
147.928 5.805595461542017999e-02
147.936 5.805204388386014241e-02
147.944 5.804813359658586580e-02
147.952 5.804422375165009529e-02
147.961 5.804031435072436185e-02
147.969 5.803640539435678258e-02
147.977 5.803249688134897583e-02
147.986 5.802858881125138452e-02
147.994 5.802468118498631255e-02
148.002 5.802077400210412655e-02
148.011 5.801686726165664054e-02
148.019 5.801296096469070462e-02
148.027 5.800905511162934153e-02
148.036 5.800514970102597229e-02
148.044 5.800124473293004346e-02
148.052 5.799734020901081699e-02
148.061 5.799343612732366787e-02
148.069 5.798953248804265131e-02
148.077 5.798562929121706816e-02
148.085 5.798172653689635109e-02
148.094 5.797782422637506178e-02
148.102 5.797392235820784945e-02
148.11 5.797002093169692505e-02
148.119 5.796611994751432045e-02
148.127 5.796221940533581585e-02
148.135 5.795831930583311697e-02
148.144 5.795441964880642532e-02
148.152 5.795052043293609512e-02
148.16 5.794662165951592475e-02
148.169 5.794272332834617123e-02
148.177 5.793882543848086208e-02
148.185 5.793492799034264534e-02
148.193 5.793103098422947017e-02
148.202 5.792713441956877374e-02
148.21 5.792323829703158178e-02
148.218 5.791934261505076592e-02
148.227 5.791544737429749068e-02
148.235 5.791155257606405565e-02
148.243 5.790765821853510048e-02
148.252 5.790376430238147742e-02
148.26 5.789987082690687542e-02
148.268 5.789597779265769767e-02
148.277 5.789208520055275087e-02
148.285 5.788819304703882868e-02
148.293 5.788430133551929896e-02
148.301 5.788041006554641571e-02
148.31 5.787651923505823109e-02
148.318 5.787262884571858085e-02
148.326 5.786873889794897502e-02
148.335 5.786484938906753112e-02
148.343 5.786096032110998183e-02
148.351 5.785707169362901137e-02
148.36 5.785318350667392751e-02
148.368 5.784929575992172474e-02
148.376 5.784540845267737569e-02
148.385 5.784152158647890007e-02
148.393 5.783763515963888380e-02
148.401 5.783374917233088941e-02
148.41 5.782986362522439527e-02
148.418 5.782597851824457930e-02
148.426 5.782209385057282547e-02
148.434 5.781820962263049812e-02
148.443 5.781432583421899918e-02
148.451 5.781044248588339263e-02
148.459 5.780655957643360959e-02
148.468 5.780267710653871904e-02
148.476 5.779879507624798712e-02
148.484 5.779491348437180293e-02
148.493 5.779103233244623633e-02
148.501 5.778715161990105598e-02
148.509 5.778327134418492772e-02
148.518 5.777939150992936201e-02
148.526 5.777551211396383252e-02
148.534 5.777163315522373249e-02
148.542 5.776775463710103614e-02
148.551 5.776387655655019354e-02
148.559 5.775999891461106039e-02
148.567 5.775612171207533674e-02
148.576 5.775224494763114141e-02
148.584 5.774836862120418662e-02
148.592 5.774449273321508730e-02
148.601 5.774061728358943768e-02
148.609 5.773674227250026603e-02
148.617 5.773286769838921473e-02
148.626 5.772899356316072567e-02
148.634 5.772511986612203355e-02
148.642 5.772124660596270745e-02
148.651 5.771737378483363795e-02
148.659 5.771350140167153669e-02
148.667 5.770962945467206229e-02
148.675 5.770575794536782210e-02
148.684 5.770188687479653467e-02
148.692 5.769801624140124402e-02
148.7 5.769414604498437210e-02
148.709 5.769027628608949104e-02
148.717 5.768640696451887706e-02
148.725 5.768253807970455393e-02
148.734 5.767866963268372671e-02
148.742 5.767480162276488603e-02
148.75 5.767093404913330862e-02
148.759 5.766706691282597746e-02
148.767 5.766320021352195485e-02
148.775 5.765933395053022409e-02
148.783 5.765546812414699962e-02
148.792 5.765160273466853058e-02
148.8 5.764773778214407618e-02
148.808 5.764387326489615188e-02
148.817 5.764000918556438924e-02
148.825 5.763614554284129943e-02
148.833 5.763228233517325716e-02
148.842 5.762841956384297248e-02
148.85 5.762455722889972543e-02
148.858 5.762069532989991250e-02
148.867 5.761683386701615950e-02
148.875 5.761297284054433393e-02
148.883 5.760911224967111416e-02
148.891 5.760525209370681576e-02
148.9 5.760139237430263875e-02
148.908 5.759753309064544191e-02
148.916 5.759367424204565183e-02
148.925 5.758981582966118951e-02
148.933 5.758595785206364892e-02
148.941 5.758210031016451624e-02
148.95 5.757824320376682403e-02
148.958 5.757438653267383383e-02
148.966 5.757053029607334116e-02
148.975 5.756667449463035574e-02
148.983 5.756281912925561434e-02
148.991 5.755896419790656332e-02
149 5.755510970174017304e-02
149.008 5.755125563969866465e-02
149.016 5.754740201318468001e-02
149.024 5.754354882224740203e-02
149.033 5.753969606447657120e-02
149.041 5.753584374164349285e-02
149.049 5.753199185318275816e-02
149.058 5.752814039963554532e-02
149.066 5.752428937969909090e-02
149.074 5.752043879416048056e-02
149.083 5.751658864331483240e-02
149.091 5.751273892622852518e-02
149.099 5.750888964331967584e-02
149.108 5.750504079525192019e-02
149.116 5.750119238010906880e-02
149.124 5.749734439830942595e-02
149.132 5.749349685063941812e-02
149.141 5.748964973776235499e-02
149.149 5.748580305764004750e-02
149.157 5.748195681081341019e-02
149.166 5.747811099880491964e-02
149.174 5.747426561871794154e-02
149.182 5.747042067305690310e-02
149.191 5.746657615990755780e-02
149.199 5.746273207968773805e-02
149.207 5.745888843404190621e-02
149.216 5.745504522154696453e-02
149.224 5.745120244065788501e-02
149.232 5.744736009289629769e-02
149.241 5.744351817892477674e-02
149.249 5.743967669707589901e-02
149.257 5.743583564862531077e-02
149.265 5.743199503239649478e-02
149.274 5.742815484831646777e-02
149.282 5.742431509753787716e-02
149.29 5.742047577974234568e-02
149.299 5.741663689326369918e-02
149.307 5.741279843925448101e-02
149.315 5.740896041813164236e-02
149.324 5.740512282798457960e-02
149.332 5.740128567094534423e-02
149.34 5.739744894645075479e-02
149.349 5.739361265295828129e-02
149.357 5.738977679198696558e-02
149.365 5.738594136236192800e-02
149.373 5.738210636425521843e-02
149.382 5.737827179955232865e-02
149.39 5.737443766438599102e-02
149.398 5.737060396137610985e-02
149.407 5.736677069093915754e-02
149.415 5.736293785104434190e-02
149.423 5.735910544345415585e-02
149.432 5.735527346613839006e-02
149.44 5.735144192049226181e-02
149.448 5.734761080632052449e-02
149.457 5.734378012208297265e-02
149.465 5.733994986917446968e-02
149.473 5.733612004801112022e-02
149.481 5.733229065754206349e-02
149.49 5.732846169818352211e-02
149.498 5.732463316900731493e-02
149.506 5.732080507042972700e-02
149.515 5.731697740286679360e-02
149.523 5.731315016539063889e-02
149.531 5.730932335829519442e-02
149.54 5.730549698285142962e-02
149.548 5.730167103678805718e-02
149.556 5.729784552052128582e-02
149.565 5.729402043568804226e-02
149.573 5.729019578026210008e-02
149.581 5.728637155526967312e-02
149.59 5.728254776002789095e-02
149.598 5.727872439385412601e-02
149.606 5.727490145862863119e-02
149.614 5.727107895354646011e-02
149.623 5.726725687743700055e-02
149.631 5.726343523108200217e-02
149.639 5.725961401404307954e-02
149.648 5.725579322722352399e-02
149.656 5.725197286994104795e-02
149.664 5.724815294126962134e-02
149.673 5.724433344247832622e-02
149.681 5.724051437312883267e-02
149.689 5.723669573241736697e-02
149.698 5.723287752014993846e-02
149.706 5.722905973881364100e-02
149.714 5.722524238504549804e-02
149.722 5.722142545974840538e-02
149.731 5.721760896540857566e-02
149.739 5.721379289854233718e-02
149.747 5.720997726029583563e-02
149.756 5.720616204986615771e-02
149.764 5.720234726925151059e-02
149.772 5.719853291691817665e-02
149.781 5.719471899279401222e-02
149.789 5.719090549790250416e-02
149.797 5.718709242998034487e-02
149.806 5.718327979005115996e-02
149.814 5.717946758023328968e-02
149.822 5.717565579741207965e-02
149.831 5.717184444151580947e-02
149.839 5.716803351514904846e-02
149.847 5.716422301677959172e-02
149.855 5.716041294584879584e-02
149.864 5.715660330192003091e-02
149.872 5.715279408577263187e-02
149.88 5.714898529794246868e-02
149.889 5.714517693787107139e-02
149.897 5.714136900463546304e-02
149.905 5.713756149779934679e-02
149.914 5.713375442020773159e-02
149.922 5.712994776996531410e-02
149.93 5.712614154590671400e-02
149.939 5.712233574868925967e-02
149.947 5.711853037909148806e-02
149.955 5.711472543679838032e-02
149.963 5.711092092125224368e-02
149.972 5.710711683274562883e-02
149.98 5.710331317011378693e-02
149.988 5.709950993437792194e-02
149.997 5.709570712680150928e-02
150.005 5.709190474488465283e-02
150.013 5.708810278867727794e-02
150.022 5.708430125968546459e-02
150.03 5.708050015771595070e-02
150.038 5.707669948148349354e-02
150.047 5.707289923103787271e-02
150.055 5.706909940739927217e-02
150.063 5.706530001013194325e-02
150.071 5.706150103831526127e-02
150.08 5.705770249260529864e-02
150.088 5.705390437317284236e-02
150.096 5.705010667994622059e-02
150.105 5.704630941091417412e-02
150.113 5.704251256903578732e-02
150.121 5.703871615254227367e-02
150.13 5.703492016136221809e-02
150.138 5.703112459602997092e-02
150.146 5.702732945550464949e-02
150.155 5.702353474128980110e-02
150.163 5.701974045186002787e-02
150.171 5.701594658690190692e-02
150.18 5.701215314816059088e-02
150.188 5.700836013495889920e-02
150.196 5.700456754577237772e-02
150.204 5.700077538186162224e-02
150.213 5.699698364327609318e-02
150.221 5.699319232958117987e-02
150.229 5.698940143985835316e-02
150.238 5.698561097560959909e-02
150.246 5.698182093543235904e-02
150.254 5.697803131937646814e-02
150.263 5.697424212930619208e-02
150.271 5.697045336357738771e-02
150.279 5.696666502103029522e-02
150.288 5.696287710328697823e-02
150.296 5.695908960979238767e-02
150.304 5.695530254047524027e-02
150.312 5.695151589514343970e-02
150.321 5.694772967457184532e-02
150.329 5.694394387675530411e-02
150.337 5.694015850452333050e-02
150.346 5.693637355490418356e-02
150.354 5.693258902806876132e-02
150.362 5.692880492769114564e-02
150.371 5.692502124898848187e-02
150.379 5.692123799346035518e-02
150.387 5.691745516320958348e-02
150.396 5.691367275562869005e-02
150.404 5.690989077028463933e-02
150.412 5.690610920903832470e-02
150.42 5.690232807121489711e-02
150.429 5.689854735686391413e-02
150.437 5.689476706531089445e-02
150.445 5.689098719672620874e-02
150.454 5.688720775128022766e-02
150.462 5.688342872829867808e-02
150.47 5.687965012831391193e-02
150.479 5.687587195113431165e-02
150.487 5.687209419729195858e-02
150.495 5.686831686514796924e-02
150.504 5.686453995547589152e-02
150.512 5.686076346953099214e-02
150.52 5.685698740543374680e-02
150.529 5.685321176323401837e-02
150.537 5.684943654346376329e-02
150.545 5.684566174641362407e-02
150.553 5.684188737080760057e-02
150.562 5.683811341765952763e-02
150.57 5.683433988641664603e-02
150.578 5.683056677748998808e-02
150.587 5.682679409008600802e-02
150.595 5.682302182485670511e-02
150.603 5.681924998112913849e-02
150.612 5.681547855943468173e-02
150.62 5.681170755946175766e-02
150.628 5.680793698065812747e-02
150.637 5.680416682331432959e-02
150.645 5.680039708711902974e-02
150.653 5.679662777260337941e-02
150.661 5.679285887933559207e-02
150.67 5.678909040820769721e-02
150.678 5.678532235722386773e-02
150.686 5.678155472727625108e-02
150.695 5.677778751877529673e-02
150.703 5.677402073128960669e-02
150.711 5.677025436462831282e-02
150.72 5.676648841811978569e-02
150.728 5.676272289337675608e-02
150.736 5.675895778888601084e-02
150.745 5.675519310505788839e-02
150.753 5.675142884218246919e-02
150.761 5.674766499922787727e-02
150.77 5.674390157660443024e-02
150.778 5.674013857496257307e-02
150.786 5.673637599327069347e-02
150.794 5.673261383205906866e-02
150.803 5.672885209053662309e-02
150.811 5.672509076923359927e-02
150.819 5.672132986819963113e-02
150.828 5.671756938724425989e-02
150.836 5.671380932617709619e-02
150.844 5.671004968444768451e-02
150.853 5.670629046234592491e-02
150.861 5.670253166112167176e-02
150.869 5.669877327926434174e-02
150.878 5.669501531586391974e-02
150.886 5.669125777288995527e-02
150.894 5.668750064931227239e-02
150.902 5.668374394398122823e-02
150.911 5.667998765898567270e-02
150.919 5.667623179425510666e-02
150.927 5.667247634732098388e-02
150.936 5.666872131943233998e-02
150.944 5.666496671135825419e-02
150.952 5.666121252123032526e-02
150.961 5.665745875065671816e-02
150.969 5.665370539884809209e-02
150.977 5.664995246537492257e-02
150.986 5.664619995160499050e-02
150.994 5.664244785650955627e-02
151.002 5.663869617918006888e-02
151.01 5.663494492014563286e-02
151.019 5.663119408005484745e-02
151.027 5.662744365907702859e-02
151.035 5.662369365534597465e-02
151.044 5.661994406963014731e-02
151.052 5.661619490221871109e-02
151.06 5.661244615423863952e-02
151.069 5.660869782382437626e-02
151.077 5.660494991006855686e-02
151.085 5.660120241541434505e-02
151.094 5.659745533871477635e-02
151.102 5.659370867906251407e-02
151.11 5.658996243758412231e-02
151.119 5.658621661337235459e-02
151.127 5.658247120767302685e-02
151.135 5.657872621933980606e-02
151.143 5.657498164770519838e-02
151.152 5.657123749329735080e-02
151.16 5.656749375640520577e-02
151.168 5.656375043755646620e-02
151.177 5.656000753596416436e-02
151.185 5.655626505072205989e-02
151.193 5.655252298271654793e-02
151.202 5.654878133116104932e-02
151.21 5.654504009753898164e-02
151.218 5.654129928070537880e-02
151.227 5.653755887975462496e-02
151.235 5.653381889628913970e-02
151.243 5.653007932952268388e-02
151.251 5.652634017938563959e-02
151.26 5.652260144568897748e-02
151.268 5.651886312824379310e-02
151.276 5.651512522769669422e-02
151.285 5.651138774278458704e-02
151.293 5.650765067415414872e-02
151.301 5.650391402269027558e-02
151.31 5.650017778724944484e-02
151.318 5.649644196680800312e-02
151.326 5.649270656201239166e-02
151.335 5.648897157458212387e-02
151.343 5.648523700361256922e-02
151.351 5.648150284736485477e-02
151.36 5.647776910660445848e-02
151.368 5.647403578150040487e-02
151.376 5.647030287174496788e-02
151.384 5.646657037917571925e-02
151.393 5.646283830086275268e-02
151.401 5.645910663876267666e-02
151.409 5.645537539113797826e-02
151.418 5.645164455887260319e-02
151.426 5.644791414213547187e-02
151.434 5.644418414061892070e-02
151.443 5.644045455377735832e-02
151.451 5.643672538320866627e-02
151.459 5.643299662598571381e-02
151.468 5.642926828418259183e-02
151.476 5.642554035820612768e-02
151.484 5.642181284608235869e-02
151.492 5.641808574845650487e-02
151.501 5.641435906644933634e-02
151.509 5.641063279832563004e-02
151.517 5.640690694377849257e-02
151.526 5.640318150440451483e-02
151.534 5.639945648084790375e-02
151.542 5.639573187066054816e-02
151.551 5.639200767401145870e-02
151.559 5.638828389225861853e-02
151.567 5.638456052438158006e-02
151.576 5.638083757054912493e-02
151.584 5.637711503092995152e-02
151.592 5.637339290474182446e-02
151.6 5.636967119262888820e-02
151.609 5.636594989499741498e-02
151.617 5.636222901082767883e-02
151.625 5.635850853910036318e-02
151.634 5.635478848164749560e-02
151.642 5.635106883839995084e-02
151.65 5.634734960857594455e-02
151.659 5.634363079139410868e-02
151.667 5.633991238844806432e-02
151.675 5.633619439848141369e-02
151.684 5.633247682142537849e-02
151.692 5.632875965721118039e-02
151.7 5.632504290671949687e-02
151.709 5.632132656798261722e-02
151.717 5.631761064354252888e-02
151.725 5.631389513214359738e-02
151.733 5.631018003324238935e-02
151.742 5.630646534700749911e-02
151.75 5.630275107313297694e-02
151.758 5.629903721202455386e-02
151.767 5.629532376361338214e-02
151.775 5.629161072783075287e-02
151.783 5.628789810460786691e-02
151.792 5.628418589340188766e-02
151.8 5.628047409367006176e-02
151.808 5.627676270771430483e-02
151.817 5.627305173285841733e-02
151.825 5.626934117116692835e-02
151.833 5.626563102091216434e-02
151.841 5.626192128273649340e-02
151.85 5.625821195609750913e-02
151.858 5.625450304140048458e-02
151.866 5.625079453857678713e-02
151.875 5.624708644850509587e-02
151.883 5.624337876827505828e-02
151.891 5.623967150065994208e-02
151.9 5.623596464440715204e-02
151.908 5.623225819968493550e-02
151.916 5.622855216618813379e-02
151.925 5.622484654455834480e-02
151.933 5.622114133330703006e-02
151.941 5.621743653354908943e-02
151.95 5.621373214545264535e-02
151.958 5.621002816776628913e-02
151.966 5.620632460184100260e-02
151.974 5.620262144595258857e-02
151.983 5.619891870192487288e-02
151.991 5.619521636827039951e-02
151.999 5.619151444539380313e-02
152.008 5.618781293299034141e-02
152.016 5.618411183122817842e-02
152.024 5.618041114051168516e-02
152.033 5.617671086029972505e-02
152.041 5.617301098981512114e-02
152.049 5.616931152922610693e-02
152.058 5.616561247988213074e-02
152.066 5.616191384076969773e-02
152.074 5.615821561158434311e-02
152.082 5.615451779320272674e-02
152.091 5.615082038413950205e-02
152.099 5.614712338527114155e-02
152.107 5.614342679676557341e-02
152.116 5.613973061737410897e-02
152.124 5.613603484750097350e-02
152.132 5.613233948778614812e-02
152.141 5.612864453816136107e-02
152.149 5.612494999737857593e-02
152.157 5.612125586654961168e-02
152.166 5.611756214513447666e-02
152.174 5.611386883353682020e-02
152.182 5.611017593098095724e-02
152.19 5.610648343716308217e-02
152.199 5.610279135225116481e-02
152.207 5.609909967829934674e-02
152.215 5.609540841240995973e-02
152.224 5.609171755498679190e-02
152.232 5.608802710761206373e-02
152.24 5.608433706880330827e-02
152.249 5.608064743778577027e-02
152.257 5.607695821637692646e-02
152.265 5.607326940356610612e-02
152.274 5.606958099928548850e-02
152.282 5.606589300393834824e-02
152.29 5.606220541675010355e-02
152.299 5.605851823883049867e-02
152.307 5.605483146775665226e-02
152.315 5.605114510581580417e-02
152.323 5.604745915223353914e-02
152.332 5.604377360647128103e-02
152.34 5.604008846916740116e-02
152.348 5.603640374001876007e-02
152.357 5.603271941872219053e-02
152.365 5.602903550521000364e-02
152.373 5.602535199988505771e-02
152.382 5.602166890197380483e-02
152.39 5.601798621211435264e-02
152.398 5.601430392929807045e-02
152.407 5.601062205510369540e-02
152.415 5.600694058828752792e-02
152.423 5.600325952760641657e-02
152.431 5.599957887604931073e-02
152.44 5.599589863143244334e-02
152.448 5.599221879321827910e-02
152.456 5.598853936321968039e-02
152.465 5.598486033995869054e-02
152.473 5.598118172336798842e-02
152.481 5.597750351455479251e-02
152.49 5.597382571274662350e-02
152.498 5.597014831740615426e-02
152.506 5.596647132917059730e-02
152.515 5.596279474773756257e-02
152.523 5.595911857280471552e-02
152.531 5.595544280430466560e-02
152.54 5.595176744193525870e-02
152.548 5.594809248797658063e-02
152.556 5.594441793954405689e-02
152.564 5.594074379680526177e-02
152.573 5.593707006063163012e-02
152.581 5.593339673142501411e-02
152.589 5.592972380864857929e-02
152.598 5.592605129082738741e-02
152.606 5.592237918000549785e-02
152.614 5.591870747494261801e-02
152.623 5.591503617580605850e-02
152.631 5.591136528229398439e-02
152.639 5.590769479480810211e-02
152.648 5.590402471257780587e-02
152.656 5.590035503717685761e-02
152.664 5.589668576806878370e-02
152.672 5.589301690237395703e-02
152.681 5.588934844236915361e-02
152.689 5.588568038939289301e-02
152.697 5.588201274150325637e-02
152.706 5.587834549699337988e-02
152.714 5.587467865977854831e-02
152.722 5.587101222744897400e-02
152.731 5.586734619993762724e-02
152.739 5.586368057787985397e-02
152.747 5.586001536050613087e-02
152.756 5.585635054751530992e-02
152.764 5.585268614001088344e-02
152.772 5.584902213722339054e-02
152.78 5.584535853908582231e-02
152.789 5.584169534529718343e-02
152.797 5.583803255766227325e-02
152.805 5.583437017354023202e-02
152.814 5.583070819356610731e-02
152.822 5.582704661860860701e-02
152.83 5.582338544789898493e-02
152.839 5.581972468137026688e-02
152.847 5.581606431942320173e-02
152.855 5.581240436035422164e-02
152.864 5.580874480666819792e-02
152.872 5.580508565736290449e-02
152.88 5.580142691143640671e-02
152.889 5.579776856952314845e-02
152.897 5.579411063108888347e-02
152.905 5.579045309700141064e-02
152.913 5.578679596672653229e-02
152.922 5.578313923973016869e-02
152.93 5.577948291594564401e-02
152.938 5.577582699670754346e-02
152.947 5.577217148124816171e-02
152.955 5.576851636809976309e-02
152.963 5.576486165836320313e-02
152.972 5.576120735220516100e-02
152.98 5.575755344932540464e-02
152.988 5.575389995012400984e-02
152.997 5.575024685383396517e-02
153.005 5.574659415968866161e-02
153.013 5.574294186948814539e-02
153.021 5.573928998176579802e-02
153.03 5.573563849715485602e-02
153.038 5.573198741582180427e-02
153.046 5.572833673676702571e-02
153.055 5.572468645969091972e-02
153.063 5.572103658592597597e-02
153.071 5.571738711447293824e-02
153.08 5.571373804573143823e-02
153.088 5.571008937963489727e-02
153.096 5.570644111541750432e-02
153.105 5.570279325324591774e-02
153.113 5.569914579421869627e-02
153.121 5.569549873710415155e-02
153.13 5.569185208136997328e-02
153.138 5.568820582764871102e-02
153.146 5.568455997680548525e-02
153.154 5.568091452807494984e-02
153.163 5.567726948045916696e-02
153.171 5.567362483435761566e-02
153.179 5.566998059086798040e-02
153.188 5.566633674875969690e-02
153.196 5.566269330819922923e-02
153.204 5.565905026935291655e-02
153.213 5.565540763145622460e-02
153.221 5.565176539490841040e-02
153.229 5.564812356010837707e-02
153.238 5.564448212722236664e-02
153.246 5.564084109478823620e-02
153.254 5.563720046367024580e-02
153.262 5.563356023403462358e-02
153.271 5.562992040488486112e-02
153.279 5.562628097731740773e-02
153.287 5.562264194987098787e-02
153.296 5.561900332340940362e-02
153.304 5.561536509833125280e-02
153.312 5.561172727387294484e-02
153.321 5.560808984973598240e-02
153.329 5.560445282678368184e-02
153.337 5.560081620402038821e-02
153.346 5.559717998114774989e-02
153.354 5.559354415949353811e-02
153.362 5.558990873783005437e-02
153.37 5.558627371655582017e-02
153.379 5.558263909560464539e-02
153.387 5.557900487444613485e-02
153.395 5.557537105417507256e-02
153.404 5.557173763379660847e-02
153.412 5.556810461301272402e-02
153.42 5.556447199245367202e-02
153.429 5.556083977089314174e-02
153.437 5.555720795058564226e-02
153.445 5.555357652914467981e-02
153.454 5.554994550696858852e-02
153.462 5.554631488515122256e-02
153.47 5.554268466246679165e-02
153.479 5.553905483977707863e-02
153.487 5.553542541608853106e-02
153.495 5.553179639203090906e-02
153.503 5.552816776753820294e-02
153.512 5.552453954184908419e-02
153.52 5.552091171559315336e-02
153.528 5.551728428754569566e-02
153.537 5.551365725833638104e-02
153.545 5.551003062928957371e-02
153.553 5.550640439987576669e-02
153.562 5.550277856840741403e-02
153.57 5.549915313528221150e-02
153.578 5.549552810136100522e-02
153.587 5.549190346634622767e-02
153.595 5.548827922901438531e-02
153.603 5.548465539138369707e-02
153.611 5.548103195176763008e-02
153.62 5.547740891033203781e-02
153.628 5.547378626840007015e-02
153.636 5.547016402289713100e-02
153.645 5.546654217676634524e-02
153.653 5.546292072924756400e-02
153.661 5.545929967888692941e-02
153.67 5.545567902770102975e-02
153.678 5.545205877307964049e-02
153.686 5.544843891680770881e-02
153.695 5.544481945974456816e-02
153.703 5.544120039951202367e-02
153.711 5.543758173650716742e-02
153.72 5.543396347205161584e-02
153.728 5.543034560515503611e-02
153.736 5.542672813552079053e-02
153.744 5.542311106285236627e-02
153.753 5.541949438870188982e-02
153.761 5.541587811092416049e-02
153.769 5.541226223107117294e-02
153.778 5.540864674930827405e-02
153.786 5.540503166349099867e-02
153.794 5.540141697517093206e-02
153.803 5.539780268358979187e-02
153.811 5.539418878937499291e-02
153.819 5.539057529246095568e-02
153.828 5.538696219208968929e-02
153.836 5.538334948750346654e-02
153.844 5.537973718140685314e-02
153.852 5.537612527258005402e-02
153.861 5.537251375818863508e-02
153.869 5.536890264116735294e-02
153.877 5.536529192029716884e-02
153.886 5.536168159712761411e-02
153.894 5.535807166951718650e-02
153.902 5.535446213740092408e-02
153.911 5.535085300371159200e-02
153.919 5.534724426492465543e-02
153.927 5.534363592235862217e-02
153.936 5.534002797640927979e-02
153.944 5.533642042516732223e-02
153.952 5.533281327064221156e-02
153.96 5.532920651299898934e-02
153.969 5.532560014986796781e-02
153.977 5.532199418279720032e-02
153.985 5.531838861195184642e-02
153.994 5.531478343657558749e-02
154.002 5.531117865660334365e-02
154.01 5.530757427197014603e-02
154.019 5.530397028330173020e-02
154.027 5.530036668961192670e-02
154.035 5.529676349106603384e-02
154.044 5.529316068898030428e-02
154.052 5.528955828167802372e-02
154.06 5.528595626932455986e-02
154.069 5.528235465185494385e-02
154.077 5.527875342874409570e-02
154.085 5.527515260199785535e-02
154.093 5.527155216948045902e-02
154.102 5.526795213250727812e-02
154.11 5.526435248986320131e-02
154.118 5.526075324125339500e-02
154.127 5.525715438868282481e-02
154.135 5.525355593070656324e-02
154.143 5.524995786611023446e-02
154.152 5.524636019597869985e-02
154.16 5.524276292093670965e-02
154.168 5.523916603977004069e-02
154.177 5.523556955471210089e-02
154.185 5.523197346202093905e-02
154.193 5.522837776347049032e-02
154.201 5.522478245945539044e-02
154.21 5.522118754991074685e-02
154.218 5.521759303454194107e-02
154.226 5.521399891213593647e-02
154.235 5.521040518400605751e-02
154.243 5.520681185077630504e-02
154.251 5.520321891031531453e-02
154.26 5.519962636370658038e-02
154.268 5.519603421019673301e-02
154.276 5.519244245040977326e-02
154.285 5.518885108473995521e-02
154.293 5.518526011243409662e-02
154.301 5.518166953319811330e-02
154.31 5.517807934765577016e-02
154.318 5.517448955482476269e-02
154.326 5.517090015555810995e-02
154.334 5.516731114979112754e-02
154.343 5.516372253700050493e-02
154.351 5.516013431666314665e-02
154.359 5.515654648963175255e-02
154.368 5.515295905607089239e-02
154.376 5.514937201499906655e-02
154.384 5.514578536589344326e-02
154.393 5.514219911029397819e-02
154.401 5.513861324767763139e-02
154.409 5.513502777706341673e-02
154.418 5.513144269861611907e-02
154.426 5.512785801341673481e-02
154.434 5.512427372094256400e-02
154.442 5.512068982044202731e-02
154.451 5.511710631185080811e-02
154.459 5.511352319556259843e-02
154.467 5.510994047197088214e-02
154.476 5.510635814009548494e-02
154.484 5.510277620032991153e-02
154.492 5.509919465306759023e-02
154.501 5.509561349755746906e-02
154.509 5.509203273327769462e-02
154.517 5.508845236085053998e-02
154.526 5.508487238021168159e-02
154.534 5.508129279221181396e-02
154.542 5.507771359495666069e-02
154.55 5.507413479021177477e-02
154.559 5.507055637585459712e-02
154.567 5.506697835319311618e-02
154.575 5.506340072307759625e-02
154.584 5.505982348338603338e-02
154.592 5.505624663382598094e-02
154.6 5.505267017730472445e-02
154.609 5.504909411215790777e-02
154.617 5.504551843649332227e-02
154.625 5.504194315161816536e-02
154.634 5.503836825906752162e-02
154.642 5.503479375740634449e-02
154.65 5.503121964679890538e-02
154.659 5.502764592581081693e-02
154.667 5.502407259506346404e-02
154.675 5.502049965768947282e-02
154.683 5.501692710974281225e-02
154.692 5.501335495093155614e-02
154.7 5.500978318301818354e-02
154.708 5.500621180730789345e-02
154.717 5.500264082122588438e-02
154.725 5.499907022379569438e-02
154.733 5.499550001769178131e-02
154.742 5.499193020170915769e-02
154.75 5.498836077646823695e-02
154.758 5.498479174144865061e-02
154.767 5.498122309521823181e-02
154.775 5.497765483976566753e-02
154.783 5.497408697411476641e-02
154.791 5.497051949820168371e-02
154.8 5.496695241150671707e-02
154.808 5.496338571578959081e-02
154.816 5.495981940916281477e-02
154.825 5.495625349156271766e-02
154.833 5.495268796360927577e-02
154.841 5.494912282523866515e-02
154.85 5.494555807638699246e-02
154.858 5.494199371721824460e-02
154.866 5.493842974675754859e-02
154.875 5.493486616539677847e-02
154.883 5.493130297398311074e-02
154.891 5.492774017108639079e-02
154.9 5.492417775755377429e-02
154.908 5.492061573263856689e-02
154.916 5.491705409696003015e-02
154.924 5.491349285022677912e-02
154.933 5.490993199169242472e-02
154.941 5.490637152265880061e-02
154.949 5.490281144215192199e-02
154.958 5.489925174988070922e-02
154.966 5.489569244669161019e-02
154.974 5.489213353161102871e-02
154.983 5.488857500503036696e-02
154.991 5.488501686688602998e-02
154.999 5.488145911711445751e-02
155.008 5.487790175587940050e-02
155.016 5.487434478220797052e-02
155.024 5.487078819717330913e-02
155.032 5.486723199912088567e-02
155.041 5.486367619026000925e-02
155.049 5.486012077052682123e-02
155.057 5.485656573622230137e-02
155.066 5.485301109046421264e-02
155.074 5.484945683318891152e-02
155.082 5.484590296296996265e-02
155.091 5.484234948133388798e-02
155.099 5.483879638685449504e-02
155.107 5.483524367969562496e-02
155.116 5.483169135979393261e-02
155.124 5.482813942799414503e-02
155.132 5.482458788332476851e-02
155.14 5.482103672526864729e-02
155.149 5.481748595557808107e-02
155.157 5.481393557282798756e-02
155.165 5.481038557582069287e-02
155.174 5.480683596789624051e-02
155.182 5.480328674604187378e-02
155.19 5.479973791042139913e-02
155.199 5.479618946323967094e-02
155.207 5.479264140239209491e-02
155.215 5.478909372758884733e-02
155.224 5.478554643990050238e-02
155.232 5.478199953835700270e-02
155.24 5.477845302425527613e-02
155.249 5.477490689662532081e-02
155.257 5.477136115495074425e-02
155.265 5.476781580030152391e-02
155.273 5.476427083170803956e-02
155.282 5.476072624888071727e-02
155.29 5.475718205266270205e-02
155.298 5.475363824276424651e-02
155.307 5.475009481980164933e-02
155.315 5.474655178144707812e-02
155.323 5.474300912899648236e-02
155.332 5.473946686419800534e-02
155.34 5.473592498427158615e-02
155.348 5.473238348960719757e-02
155.357 5.472884238104732540e-02
155.365 5.472530165898142201e-02
155.373 5.472176132153605543e-02
155.381 5.471822137023232835e-02
155.39 5.471468180387595304e-02
155.398 5.471114262330897121e-02
155.406 5.470760382914689052e-02
155.415 5.470406541929104943e-02
155.423 5.470052739458338559e-02
155.431 5.469698975586547579e-02
155.44 5.469345250126551178e-02
155.448 5.468991563230335418e-02
155.456 5.468637914868994948e-02
155.465 5.468284304991031380e-02
155.473 5.467930733567567120e-02
155.481 5.467577200592332182e-02
155.49 5.467223706194617588e-02
155.498 5.466870250300341627e-02
155.506 5.466516832790268426e-02
155.514 5.466163453771080705e-02
155.523 5.465810113304245960e-02
155.531 5.465456811089894340e-02
155.539 5.465103547415348095e-02
155.548 5.464750322251726161e-02
155.556 5.464397135434714142e-02
155.564 5.464043986958067728e-02
155.573 5.463690877063811374e-02
155.581 5.463337805610225806e-02
155.589 5.462984772478208378e-02
155.598 5.462631777796898153e-02
155.606 5.462278821402096612e-02
155.614 5.461925903535708865e-02
155.622 5.461573024078654470e-02
155.631 5.461220182799136208e-02
155.639 5.460867379939017552e-02
155.647 5.460514615604762645e-02
155.656 5.460161889632246524e-02
155.664 5.459809201902498382e-02
155.672 5.459456552634708859e-02
155.681 5.459103941619743161e-02
155.689 5.458751368873914628e-02
155.697 5.458398834593799348e-02
155.706 5.458046338592854180e-02
155.714 5.457693880932434904e-02
155.722 5.457341461583759684e-02
155.73 5.456989080540586984e-02
155.739 5.456636737729107095e-02
155.747 5.456284433323255190e-02
155.755 5.455932167249202824e-02
155.764 5.455579939320583799e-02
155.772 5.455227749711297203e-02
155.78 5.454875598482623184e-02
155.789 5.454523485425726015e-02
155.797 5.454171410579410073e-02
155.805 5.453819374027468747e-02
155.814 5.453467375831155123e-02
155.822 5.453115415826720325e-02
155.83 5.452763494007951961e-02
155.839 5.452411610458609420e-02
155.847 5.452059765127471869e-02
155.855 5.451707958075777821e-02
155.863 5.451356189184856232e-02
155.872 5.451004458493467070e-02
155.88 5.450652765950427664e-02
155.888 5.450301111729363712e-02
155.897 5.449949495666678301e-02
155.905 5.449597917733692981e-02
155.913 5.449246378059034029e-02
155.922 5.448894876501645529e-02
155.93 5.448543413055331741e-02
155.938 5.448191988005927217e-02
155.947 5.447840600987758491e-02
155.955 5.447489251927276760e-02
155.963 5.447137941222554569e-02
155.971 5.446786668620318128e-02
155.98 5.446435434136820408e-02
155.988 5.446084237855659815e-02
155.996 5.445733079478791427e-02
156.005 5.445381959448977738e-02
156.013 5.445030877468189090e-02
156.021 5.444679833575122307e-02
156.03 5.444328827786020647e-02
156.038 5.443977860094682819e-02
156.046 5.443626930405175840e-02
156.055 5.443276038890774299e-02
156.063 5.442925185477967553e-02
156.071 5.442574370025998060e-02
156.079 5.442223592708094609e-02
156.088 5.441872853383514924e-02
156.096 5.441522152203018964e-02
156.104 5.441171489093139108e-02
156.113 5.440820863958022863e-02
156.121 5.440470276813916262e-02
156.129 5.440119727721873938e-02
156.138 5.439769216765329152e-02
156.146 5.439418743758827474e-02
156.154 5.439068308673808416e-02
156.163 5.438717911638513147e-02
156.171 5.438367552579556619e-02
156.179 5.438017231669927537e-02
156.188 5.437666948657080696e-02
156.196 5.437316703534869622e-02
156.204 5.436966496498634588e-02
156.212 5.436616327363086310e-02
156.221 5.436266196301137860e-02
156.229 5.435916103082777395e-02
156.237 5.435566047858517158e-02
156.246 5.435216030622176675e-02
156.254 5.434866051278079008e-02
156.262 5.434516109887189278e-02
156.271 5.434166206353859691e-02
156.279 5.433816340783781396e-02
156.287 5.433466513170777390e-02
156.296 5.433116723508676221e-02
156.304 5.432766971768942382e-02
156.312 5.432417257721847137e-02
156.32 5.432067581718966198e-02
156.329 5.431717943709393065e-02
156.337 5.431368343463441328e-02
156.345 5.431018781064383266e-02
156.354 5.430669256528422584e-02
156.362 5.430319769938778129e-02
156.37 5.429970321244592668e-02
156.379 5.429620910216329671e-02
156.387 5.429271537138258968e-02
156.395 5.428922201959535815e-02
156.404 5.428572904562343343e-02
156.412 5.428223645074523040e-02
156.42 5.427874423311299795e-02
156.429 5.427525239445152999e-02
156.437 5.427176093380629840e-02
156.445 5.426826985066960513e-02
156.453 5.426477914475704573e-02
156.462 5.426128881823891192e-02
156.47 5.425779887038403859e-02
156.478 5.425430929845372063e-02
156.487 5.425082010506406677e-02
156.495 5.424733129082263960e-02
156.503 5.424384285276840495e-02
156.512 5.424035479106353169e-02
156.52 5.423686710854579152e-02
156.528 5.423337980426159305e-02
156.537 5.422989287547431980e-02
156.545 5.422640632524396154e-02
156.553 5.422292015328605830e-02
156.561 5.421943435708763415e-02
156.57 5.421594893814780936e-02
156.578 5.421246389685096395e-02
156.586 5.420897923291297105e-02
156.595 5.420549494604979396e-02
156.603 5.420201103530933318e-02
156.611 5.419852750174425360e-02
156.62 5.419504434529333337e-02
156.628 5.419156156589536449e-02
156.636 5.418807916282122189e-02
156.645 5.418459713667778815e-02
156.653 5.418111548673611166e-02
156.661 5.417763421382554290e-02
156.669 5.417415331766230885e-02
156.678 5.417067279774022415e-02
156.686 5.416719265422081236e-02
156.694 5.416371288704305981e-02
156.703 5.416023349525610903e-02
156.711 5.415675448102355571e-02
156.719 5.415327584317193577e-02
156.728 5.414979757986115166e-02
156.736 5.414631969325428562e-02
156.744 5.414284218329021986e-02
156.753 5.413936504879620498e-02
156.761 5.413588829126747548e-02
156.769 5.413241190775333611e-02
156.778 5.412893590041585601e-02
156.786 5.412546026986066877e-02
156.794 5.412198501358238961e-02
156.802 5.411851013374228969e-02
156.811 5.411503563005710948e-02
156.819 5.411156150068879150e-02
156.827 5.410808774690948481e-02
156.836 5.410461436954659004e-02
156.844 5.410114136698460086e-02
156.852 5.409766873894084754e-02
156.861 5.409419648690881599e-02
156.869 5.409072460927358966e-02
156.877 5.408725310708441258e-02
156.886 5.408378197961462991e-02
156.894 5.408031122857887008e-02
156.902 5.407684085169705418e-02
156.91 5.407337084913058783e-02
156.919 5.406990122148443156e-02
156.927 5.406643196825422493e-02
156.935 5.406296308982296711e-02
156.944 5.405949458701704569e-02
156.952 5.405602645844497650e-02
156.96 5.405255870404625240e-02
156.969 5.404909132376030378e-02
156.977 5.404562431841334474e-02
156.985 5.404215768750129240e-02
156.994 5.403869143118510826e-02
157.002 5.403522554740968625e-02
157.01 5.403176003877394745e-02
157.019 5.402829490455235417e-02
157.027 5.402483014446272935e-02
157.035 5.402136575888753095e-02
157.043 5.401790174577263820e-02
157.052 5.401443810793708777e-02
157.06 5.401097484332693238e-02
157.068 5.400751195210332783e-02
157.077 5.400404943487001341e-02
157.085 5.400058729200925278e-02
157.093 5.399712552191088949e-02
157.102 5.399366412540008986e-02
157.11 5.399020310241630510e-02
157.118 5.398674245312047593e-02
157.127 5.398328217723080691e-02
157.135 5.397982227490815549e-02
157.143 5.397636274498594788e-02
157.151 5.397290358828887857e-02
157.16 5.396944480586237519e-02
157.168 5.396598639565550193e-02
157.176 5.396252835805036285e-02
157.185 5.395907069475555651e-02
157.193 5.395561340372070913e-02
157.201 5.395215648576994621e-02
157.21 5.394869993995871776e-02
157.218 5.394524376711105212e-02
157.226 5.394178796782948815e-02
157.235 5.393833254028590485e-02
157.243 5.393487748442029467e-02
157.251 5.393142280260271315e-02
157.259 5.392796849256362157e-02
157.268 5.392451455600991844e-02
157.276 5.392106099155597604e-02
157.284 5.391760779847935142e-02
157.293 5.391415497760326109e-02
157.301 5.391070252886761421e-02
157.309 5.390725045375734797e-02
157.318 5.390379874912190616e-02
157.326 5.390034741777064570e-02
157.334 5.389689645743638707e-02
157.343 5.389344586805923376e-02
157.351 5.388999565222696991e-02
157.359 5.388654580723173382e-02
157.368 5.388309633455783121e-02
157.376 5.387964723370383680e-02
157.384 5.387619850394814031e-02
157.392 5.387275014567187437e-02
157.401 5.386930215947650230e-02
157.409 5.386585454419946101e-02
157.417 5.386240730022188311e-02
157.426 5.385896042814501683e-02
157.434 5.385551392702718487e-02
157.442 5.385206779702882141e-02
157.451 5.384862203919178053e-02
157.459 5.384517665147292576e-02
157.467 5.384173163381264504e-02
157.476 5.383828698901485521e-02
157.484 5.383484271437610769e-02
157.492 5.383139881049741476e-02
157.5 5.382795527797960833e-02
157.509 5.382451211522126105e-02
157.517 5.382106932348389161e-02
157.525 5.381762690292767048e-02
157.534 5.381418485349261788e-02
157.542 5.381074317379812982e-02
157.55 5.380730186356468686e-02
157.559 5.380386092515325458e-02
157.567 5.380042035696348118e-02
157.575 5.379698015937557642e-02
157.584 5.379354033166984517e-02
157.592 5.379010087356667774e-02
157.6 5.378666178610619353e-02
157.609 5.378322306922843354e-02
157.617 5.377978472155431344e-02
157.625 5.377634674434352696e-02
157.633 5.377290913687674673e-02
157.642 5.376947189909428437e-02
157.65 5.376603503181576205e-02
157.658 5.376259853388243304e-02
157.667 5.375916240545456498e-02
157.675 5.375572664713168525e-02
157.683 5.375229125797530844e-02
157.692 5.374885623836526266e-02
157.7 5.374542158802234071e-02
157.708 5.374198730776546390e-02
157.717 5.373855339665648684e-02
157.725 5.373511985441632027e-02
157.733 5.373168668186380920e-02
157.741 5.372825387762202032e-02
157.75 5.372482144316832048e-02
157.758 5.372138937910144602e-02
157.766 5.371795768294738982e-02
157.775 5.371452635398864250e-02
157.783 5.371109539655469223e-02
157.791 5.370766480773309093e-02
157.8 5.370423458570952602e-02
157.808 5.370080473459272474e-02
157.816 5.369737525147142559e-02
157.825 5.369394613606708749e-02
157.833 5.369051739051341338e-02
157.841 5.368708901255798277e-02
157.849 5.368366100323791745e-02
157.858 5.368023336293219899e-02
157.866 5.367680609092372740e-02
157.874 5.367337918627645976e-02
157.883 5.366995265024626649e-02
157.891 5.366652648255455793e-02
157.899 5.366310068379925857e-02
157.908 5.365967525216819994e-02
157.916 5.365625018847862415e-02
157.924 5.365282549289030617e-02
157.933 5.364940116556293076e-02
157.941 5.364597720621813032e-02
157.949 5.364255361392076399e-02
157.958 5.363913038992550175e-02
157.966 5.363570753329729296e-02
157.974 5.363228504441477223e-02
157.982 5.362886292321866755e-02
157.991 5.362544116964983870e-02
157.999 5.362201978364906918e-02
158.007 5.361859876340672321e-02
158.016 5.361517811258333099e-02
158.024 5.361175782849412347e-02
158.032 5.360833791086145467e-02
158.041 5.360491836181341396e-02
158.049 5.360149917910364548e-02
158.057 5.359808036267339759e-02
158.066 5.359466191443146982e-02
158.074 5.359124383300677141e-02
158.082 5.358782611812167723e-02
158.09 5.358440877015441250e-02
158.099 5.358099178904595500e-02
158.107 5.357757517386311369e-02
158.115 5.357415892629508597e-02
158.124 5.357074304606418425e-02
158.132 5.356732753070821140e-02
158.14 5.356391238213453754e-02
158.149 5.356049760159452972e-02
158.157 5.355708318662659451e-02
158.165 5.355366913673532264e-02
158.174 5.355025545448219293e-02
158.182 5.354684213784299818e-02
158.19 5.354342918850542310e-02
158.199 5.354001660531888113e-02
158.207 5.353660438626022672e-02
158.215 5.353319253410806361e-02
158.223 5.352978104858512054e-02
158.232 5.352636992897778084e-02
158.24 5.352295917435457434e-02
158.248 5.351954878552944023e-02
158.257 5.351613876287983351e-02
158.265 5.351272910547446443e-02
158.273 5.350931981434494528e-02
158.282 5.350591088877817286e-02
158.29 5.350250232849740328e-02
158.298 5.349909413344395431e-02
158.307 5.349568630421300958e-02
158.315 5.349227884030981206e-02
158.323 5.348887174123986149e-02
158.331 5.348546500738035614e-02
158.34 5.348205863823683737e-02
158.348 5.347865263549357595e-02
158.356 5.347524699778455348e-02
158.365 5.347184172461550561e-02
158.373 5.346843681592785419e-02
158.381 5.346503227318748913e-02
158.39 5.346162809394033183e-02
158.398 5.345822428074079036e-02
158.406 5.345482083222366509e-02
158.415 5.345141774702433929e-02
158.423 5.344801502791413778e-02
158.431 5.344461267287538286e-02
158.439 5.344121068228484955e-02
158.448 5.343780905630157035e-02
158.456 5.343440779443190541e-02
158.464 5.343100689683494275e-02
158.473 5.342760636432220683e-02
158.481 5.342420619509501839e-02
158.489 5.342080639083495591e-02
158.498 5.341740695017864471e-02
158.506 5.341400787350256835e-02
158.514 5.341060916248750040e-02
158.523 5.340721081272697957e-02
158.531 5.340381282829315818e-02
158.539 5.340041520869243802e-02
158.548 5.339701795147571567e-02
158.556 5.339362105810608466e-02
158.564 5.339022452939417435e-02
158.572 5.338682836267437393e-02
158.581 5.338343256027822115e-02
158.589 5.338003712236435994e-02
158.597 5.337664204648525507e-02
158.606 5.337324733562306966e-02
158.614 5.336985298733059463e-02
158.622 5.336645900176692492e-02
158.631 5.336306538017639850e-02
158.639 5.335967212206635391e-02
158.647 5.335627922607622670e-02
158.656 5.335288669345018137e-02
158.664 5.334949452412987569e-02
158.672 5.334610271827388422e-02
158.68 5.334271127430526005e-02
158.689 5.333932019346764031e-02
158.697 5.333592947635344694e-02
158.705 5.333253912073539216e-02
158.714 5.332914912785680778e-02
158.722 5.332575949939418608e-02
158.73 5.332237023225351591e-02
158.739 5.331898132746091395e-02
158.747 5.331559278517505884e-02
158.755 5.331220460598808802e-02
158.764 5.330881678789123335e-02
158.772 5.330542933299366182e-02
158.78 5.330204224080367648e-02
158.789 5.329865551017983621e-02
158.797 5.329526914171418828e-02
158.805 5.329188313578179376e-02
158.813 5.328849749167476751e-02
158.822 5.328511220955167715e-02
158.83 5.328172728978763234e-02
158.838 5.327834273102533685e-02
158.847 5.327495853364009465e-02
158.855 5.327157469865632933e-02
158.863 5.326819122644882443e-02
158.872 5.326480811566069312e-02
158.88 5.326142536601767563e-02
158.888 5.325804297724557462e-02
158.897 5.325466094993578509e-02
158.905 5.325127928467933425e-02
158.913 5.324789798185074891e-02
158.921 5.324451703879634623e-02
158.93 5.324113645718891313e-02
158.938 5.323775623761914377e-02
158.946 5.323437637851544807e-02
158.955 5.323099688068493041e-02
158.963 5.322761774428592940e-02
158.971 5.322423896839584972e-02
158.98 5.322086055382153902e-02
158.988 5.321748250028895261e-02
158.996 5.321410480644382657e-02
159.005 5.321072747503743233e-02
159.013 5.320735050298698587e-02
159.021 5.320397389217924877e-02
159.029 5.320059764298835925e-02
159.038 5.319722175319649415e-02
159.046 5.319384622404198931e-02
159.054 5.319047105481930493e-02
159.063 5.318709624676636744e-02
159.071 5.318372179874576722e-02
159.079 5.318034771177923559e-02
159.088 5.317697398408215148e-02
159.096 5.317360061689211520e-02
159.104 5.317022761101443395e-02
159.113 5.316685496444925607e-02
159.121 5.316348267606043482e-02
159.129 5.316011074924253954e-02
159.138 5.315673918329029413e-02
159.146 5.315336797577338568e-02
159.154 5.314999712900686513e-02
159.162 5.314662664163911227e-02
159.171 5.314325651275020324e-02
159.179 5.313988674508559468e-02
159.187 5.313651733707829700e-02
159.196 5.313314828780865695e-02
159.204 5.312977959808141970e-02
159.212 5.312641126783907569e-02
159.221 5.312304329723955415e-02
159.229 5.311967568536359041e-02
159.237 5.311630843387720596e-02
159.246 5.311294154121480593e-02
159.254 5.310957500667288361e-02
159.262 5.310620883256334662e-02
159.27 5.310284301667490825e-02
159.279 5.309947756002701691e-02
159.287 5.309611246277745611e-02
159.295 5.309274772400768977e-02
159.304 5.308938334409087079e-02
159.312 5.308601932296965614e-02
159.32 5.308265566080185016e-02
159.329 5.307929235623903147e-02
159.337 5.307592941094536887e-02
159.345 5.307256682507851403e-02
159.354 5.306920459729018436e-02
159.362 5.306584272687796949e-02
159.37 5.306248121593556272e-02
159.379 5.305912006376022061e-02
159.387 5.305575926878934589e-02
159.395 5.305239883290110980e-02
159.403 5.304903875431810772e-02
159.412 5.304567903470301660e-02
159.42 5.304231967292370731e-02
159.428 5.303896066913797724e-02
159.437 5.303560202285879932e-02
159.445 5.303224373531835456e-02
159.453 5.302888580495526694e-02
159.462 5.302552823235710810e-02
159.47 5.302217101832586155e-02
159.478 5.301881416130072716e-02
159.487 5.301545766165424722e-02
159.495 5.301210152061785336e-02
159.503 5.300874573641636139e-02
159.511 5.300539031028103643e-02
159.52 5.300203524108126202e-02
159.528 5.299868052918944861e-02
159.536 5.299532617497774295e-02
159.545 5.299197217753058575e-02
159.553 5.298861853679106421e-02
159.561 5.298526525527703229e-02
159.57 5.298191232992729288e-02
159.578 5.297855976111418008e-02
159.586 5.297520754878080884e-02
159.595 5.297185569415721607e-02
159.603 5.296850419804387949e-02
159.611 5.296515305566613235e-02
159.619 5.296180227125587420e-02
159.628 5.295845184454151672e-02
159.636 5.295510177375090111e-02
159.644 5.295175205925604922e-02
159.653 5.294840270207162858e-02
159.661 5.294505370149774764e-02
159.669 5.294170505662036674e-02
159.678 5.293835676909677129e-02
159.686 5.293500883715606536e-02
159.694 5.293166126224099072e-02
159.703 5.292831404279525753e-02
159.711 5.292496717940474438e-02
159.719 5.292162067265503839e-02
159.728 5.291827452141863175e-02
159.736 5.291492872735158864e-02
159.744 5.291158328889833395e-02
159.752 5.290823820643025810e-02
159.761 5.290489347989058011e-02
159.769 5.290154910815256240e-02
159.777 5.289820509222960959e-02
159.786 5.289486143270683699e-02
159.794 5.289151812952732484e-02
159.802 5.288817518156458536e-02
159.811 5.288483258876203186e-02
159.819 5.288149035127698294e-02
159.827 5.287814846883894665e-02
159.836 5.287480694331574832e-02
159.844 5.287146577229850236e-02
159.852 5.286812495658590322e-02
159.86 5.286478449548005776e-02
159.869 5.286144439020691588e-02
159.877 5.285810464070965498e-02
159.885 5.285476524586303626e-02
159.894 5.285142620432863036e-02
159.902 5.284808752010954069e-02
159.91 5.284474918994419568e-02
159.919 5.284141121441710692e-02
159.927 5.283807359368533629e-02
159.935 5.283473632811947623e-02
159.944 5.283139941680874141e-02
159.952 5.282806286055076461e-02
159.96 5.282472665928895222e-02
159.969 5.282139081211280340e-02
159.977 5.281805531960630934e-02
159.985 5.281472017979215589e-02
159.993 5.281138539581538976e-02
160.002 5.280805096719234926e-02
160.01 5.280471689151938763e-02
160.018 5.280138317044714980e-02
160.027 5.279804980327915814e-02
160.035 5.279471679038567900e-02
160.043 5.279138413213675662e-02
160.052 5.278805182719641109e-02
160.06 5.278471987614812705e-02
160.068 5.278138827936196265e-02
160.077 5.277805703614191907e-02
160.085 5.277472614664489858e-02
160.093 5.277139561145397645e-02
160.101 5.276806543029957663e-02
160.11 5.276473560120745893e-02
160.118 5.276140612689169535e-02
160.126 5.275807700559126401e-02
160.135 5.275474823874119756e-02
160.143 5.275141982479394920e-02
160.151 5.274809176326745314e-02
160.16 5.274476405602235990e-02
160.168 5.274143670193748301e-02
160.176 5.273810970116954433e-02
160.185 5.273478305344939804e-02
160.193 5.273145675872088767e-02
160.201 5.272813081692785675e-02
160.209 5.272480522865263808e-02
160.218 5.272147999234930160e-02
160.226 5.271815510923865550e-02
160.234 5.271483058096650826e-02
160.243 5.271150640258324277e-02
160.251 5.270818257828784048e-02
160.259 5.270485910738573893e-02
160.268 5.270153598790657673e-02
160.276 5.269821322128316610e-02
160.284 5.269489080682147886e-02
160.293 5.269156874595375822e-02
160.301 5.268824703713553825e-02
160.309 5.268492568009833232e-02
160.318 5.268160467542391118e-02
160.326 5.267828402284369105e-02
160.334 5.267496372378916575e-02
160.342 5.267164377629168781e-02
160.351 5.266832418029545465e-02
160.359 5.266500493701923441e-02
160.367 5.266168604534479658e-02
160.376 5.265836750542873118e-02
160.384 5.265504931742747557e-02
160.392 5.265173148192209274e-02
160.401 5.264841399758257018e-02
160.409 5.264509686583924986e-02
160.417 5.264178008515003199e-02
160.426 5.263846365524697118e-02
160.434 5.263514757777227465e-02
160.442 5.263183185266979286e-02
160.45 5.262851647818593548e-02
160.459 5.262520145468944227e-02
160.467 5.262188678276102233e-02
160.475 5.261857246192053889e-02
160.484 5.261525849380901954e-02
160.492 5.261194487624945570e-02
160.5 5.260863160897420038e-02
160.509 5.260531869341193711e-02
160.517 5.260200612887069166e-02
160.525 5.259869391487072970e-02
160.534 5.259538205326410448e-02
160.542 5.259207054123938435e-02
160.55 5.258875937980085624e-02
160.559 5.258544857016424212e-02
160.567 5.258213811057851905e-02
160.575 5.257882800225930492e-02
160.583 5.257551824409158886e-02
160.592 5.257220883580802917e-02
160.6 5.256889977925925661e-02
160.608 5.256559107290686983e-02
160.617 5.256228271669531604e-02
160.625 5.255897471120421494e-02
160.633 5.255566705574273023e-02
160.642 5.255235975046700092e-02
160.65 5.254905279595643158e-02
160.658 5.254574619130870927e-02
160.667 5.254243993625674208e-02
160.675 5.253913403222622291e-02
160.683 5.253582847810348705e-02
160.691 5.253252327298680441e-02
160.7 5.252921841787853985e-02
160.708 5.252591391356916523e-02
160.716 5.252260975852248576e-02
160.725 5.251930595247170791e-02
160.733 5.251600249705306450e-02
160.741 5.251269939115368185e-02
160.75 5.250939663492951853e-02
160.758 5.250609422811373939e-02
160.766 5.250279217022818523e-02
160.775 5.249949046248559431e-02
160.783 5.249618910440766867e-02
160.791 5.249288809467120981e-02
160.799 5.248958743469991917e-02
160.808 5.248628712401580410e-02
160.816 5.248298716235220290e-02
160.824 5.247968754986498396e-02
160.833 5.247638828607642525e-02
160.841 5.247308937135356649e-02
160.849 5.246979080627445918e-02
160.858 5.246649259057242776e-02
160.866 5.246319472208112178e-02
160.874 5.245989720327855210e-02
160.883 5.245660003305389896e-02
160.891 5.245330321135191487e-02
160.899 5.245000673875039460e-02
160.908 5.244671061498293319e-02
160.916 5.244341483851747837e-02
160.924 5.244011941098668944e-02
160.932 5.243682433360063316e-02
160.941 5.243352960356196385e-02
160.949 5.243023522081578791e-02
160.957 5.242694118636147260e-02
160.966 5.242364750077628532e-02
160.974 5.242035416421565036e-02
160.982 5.241706117409471871e-02
160.991 5.241376853394180690e-02
160.999 5.241047624075081263e-02
161.007 5.240718429509907961e-02
161.016 5.240389269861715771e-02
161.024 5.240060144808944553e-02
161.032 5.239731054641054431e-02
161.04 5.239401999331440296e-02
161.049 5.239072978685020698e-02
161.057 5.238743992822671169e-02
161.065 5.238415041759936913e-02
161.074 5.238086125428136064e-02
161.082 5.237757243884929442e-02
161.09 5.237428397040600619e-02
161.099 5.237099584931756424e-02
161.107 5.236770807594988419e-02
161.115 5.236442064982696487e-02
161.124 5.236113357026261211e-02
161.132 5.235784683804358547e-02
161.14 5.235456045332525371e-02
161.148 5.235127441605254284e-02
161.157 5.234798872596006097e-02
161.165 5.234470338194129047e-02
161.173 5.234141838520327966e-02
161.182 5.233813373548075465e-02
161.19 5.233484943250850396e-02
161.198 5.233156547623166177e-02
161.207 5.232828186659536224e-02
161.215 5.232499860396510466e-02
161.223 5.232171568723514854e-02
161.232 5.231843311803192204e-02
161.24 5.231515089524973322e-02
161.248 5.231186901799340233e-02
161.257 5.230858748872920655e-02
161.265 5.230530630488132438e-02
161.273 5.230202546639521610e-02
161.281 5.229874497531639826e-02
161.29 5.229546483011989627e-02
161.298 5.229218503117093186e-02
161.306 5.228890557883460188e-02
161.315 5.228562647158659787e-02
161.323 5.228234771105162715e-02
161.331 5.227906929612534392e-02
161.34 5.227579122780242477e-02
161.348 5.227251350413947284e-02
161.356 5.226923612655078738e-02
161.365 5.226595909582077565e-02
161.373 5.226268240979674295e-02
161.381 5.225940606905356972e-02
161.389 5.225613007437559382e-02
161.398 5.225285442486922449e-02
161.406 5.224957912173799207e-02
161.414 5.224630416387873039e-02
161.423 5.224302955144652372e-02
161.431 5.223975528354828091e-02
161.439 5.223648136117760299e-02
161.448 5.223320778469901088e-02
161.456 5.222993455363859894e-02
161.464 5.222666166605599569e-02
161.473 5.222338912357320923e-02
161.481 5.222011692739259026e-02
161.489 5.221684507724973917e-02
161.498 5.221357357015767031e-02
161.506 5.221030240794719002e-02
161.514 5.220703159077321603e-02
161.522 5.220376111858118090e-02
161.531 5.220049099089784511e-02
161.539 5.219722120934343346e-02
161.547 5.219395177093272969e-02
161.556 5.219068267665816219e-02
161.564 5.218741392730250062e-02
161.572 5.218414552260195599e-02
161.581 5.218087746187435177e-02
161.589 5.217760974590227030e-02
161.597 5.217434237525871848e-02
161.606 5.217107534821571746e-02
161.614 5.216780866492824048e-02
161.622 5.216454232555117754e-02
161.63 5.216127633044843198e-02
161.639 5.215801067935655483e-02
161.647 5.215474537263931759e-02
161.655 5.215148040940616181e-02
161.664 5.214821579064798235e-02
161.672 5.214495151589231686e-02
161.68 5.214168758383101038e-02
161.689 5.213842399629065039e-02
161.697 5.213516075279887863e-02
161.705 5.213189785225681716e-02
161.714 5.212863529502817506e-02
161.722 5.212537308189426483e-02
161.73 5.212211121280068554e-02
161.738 5.211884968602250451e-02
161.747 5.211558850338500470e-02
161.755 5.211232766420747370e-02
161.763 5.210906716760065061e-02
161.772 5.210580701351059940e-02
161.78 5.210254720438788067e-02
161.788 5.209928773871697755e-02
161.797 5.209602861414831115e-02
161.805 5.209276983313210208e-02
161.813 5.208951139603131691e-02
161.822 5.208625330070551507e-02
161.83 5.208299554897821010e-02
161.838 5.207973814016939040e-02
161.847 5.207648107380785651e-02
161.855 5.207322435004818617e-02
161.863 5.206996796925333210e-02
161.871 5.206671193116067103e-02
161.88 5.206345623550769769e-02
161.888 5.206020088161513598e-02
161.896 5.205694587109647303e-02
161.905 5.205369120285546769e-02
161.913 5.205043687725492002e-02
161.921 5.204718289382406771e-02
161.93 5.204392925167565520e-02
161.938 5.204067595221417014e-02
161.946 5.203742299580205177e-02
161.955 5.203417038113553050e-02
161.963 5.203091810774431586e-02
161.971 5.202766617724044473e-02
161.979 5.202441458852875150e-02
161.988 5.202116334134723741e-02
161.996 5.201791243605840415e-02
162.004 5.201466187281650333e-02
162.013 5.201141165177568249e-02
162.021 5.200816177142535135e-02
162.029 5.200491223233613680e-02
162.038 5.200166303591066685e-02
162.046 5.199841418209478344e-02
162.054 5.199516566854626987e-02
162.063 5.199191749625164949e-02
162.071 5.198866966557308400e-02
162.079 5.198542217541701760e-02
162.088 5.198217502780910770e-02
162.096 5.197892822082413045e-02
162.104 5.197568175461640683e-02
162.112 5.197243563100298336e-02
162.121 5.196918984681220266e-02
162.129 5.196594440427677181e-02
162.137 5.196269930417394406e-02
162.146 5.195945454395634738e-02
162.154 5.195621012336285038e-02
162.162 5.195296604483290448e-02
162.171 5.194972230665077795e-02
162.179 5.194647890980139820e-02
162.187 5.194323585443856583e-02
162.196 5.193999313760142011e-02
162.204 5.193675076172840632e-02
162.212 5.193350872801139051e-02
162.22 5.193026703328261495e-02
162.229 5.192702567935690572e-02
162.237 5.192378466535044201e-02
162.245 5.192054399307739765e-02
162.254 5.191730366082383807e-02
162.262 5.191406366749892753e-02
162.27 5.191082401616126107e-02
162.279 5.190758470343789094e-02
162.287 5.190434573031275922e-02
162.295 5.190110709922118176e-02
162.304 5.189786880720589912e-02
162.312 5.189463085400629339e-02
162.32 5.189139324184983970e-02
162.328 5.188815597026808640e-02
162.337 5.188491903734179789e-02
162.345 5.188168244426137610e-02
162.353 5.187844619076616842e-02
162.362 5.187521027700994769e-02
162.37 5.187197470273208211e-02
162.378 5.186873946912215483e-02
162.387 5.186550457405496306e-02
162.395 5.186227001727022196e-02
162.403 5.185903580140737573e-02
162.412 5.185580192475576500e-02
162.42 5.185256838664094314e-02
162.428 5.184933518783794992e-02
162.437 5.184610232953557746e-02
162.445 5.184286980898894504e-02
162.453 5.183963762780110368e-02
162.461 5.183640578612557642e-02
162.47 5.183317428287423367e-02
162.478 5.182994311840771751e-02
162.486 5.182671229350045011e-02
162.495 5.182348180665077853e-02
162.503 5.182025165842626263e-02
162.511 5.181702185042832975e-02
162.52 5.181379237970791529e-02
162.528 5.181056324869371538e-02
162.536 5.180733445588479869e-02
162.545 5.180410600060775250e-02
162.553 5.180087788467029053e-02
162.561 5.179765010615857562e-02
162.569 5.179442266749999246e-02
162.578 5.179119556740086061e-02
162.586 5.178796880456811025e-02
162.594 5.178474237936216140e-02
162.603 5.178151629214325369e-02
162.611 5.177829054513066048e-02
162.619 5.177506513537883520e-02
162.628 5.177184006324797583e-02
162.636 5.176861532889162620e-02
162.644 5.176539093246321221e-02
162.653 5.176216687473560174e-02
162.661 5.175894315400383222e-02
162.669 5.175571977062795592e-02
162.678 5.175249672579348287e-02
162.686 5.174927401882799954e-02
162.694 5.174605164988477918e-02
162.702 5.174282961643449086e-02
162.711 5.173960792213860155e-02
162.719 5.173638656549955916e-02
162.727 5.173316554563910791e-02
162.736 5.172994486332958136e-02
162.744 5.172672451789914888e-02
162.752 5.172350451032616675e-02
162.761 5.172028483993886677e-02
162.769 5.171706550647818534e-02
162.777 5.171384651050967007e-02
162.786 5.171062785074351936e-02
162.794 5.170740952856989897e-02
162.802 5.170419154393576106e-02
162.81 5.170097389575758345e-02
162.819 5.169775658418877123e-02
162.827 5.169453960958857869e-02
162.835 5.169132297169810181e-02
162.844 5.168810667128842518e-02
162.852 5.168489070686475145e-02
162.86 5.168167507837444219e-02
162.869 5.167845978700047471e-02
162.877 5.167524483351344788e-02
162.885 5.167203021518369105e-02
162.894 5.166881593298811720e-02
162.902 5.166560198790328545e-02
162.91 5.166238837905286208e-02
162.918 5.165917510556095049e-02
162.927 5.165596216922711120e-02
162.935 5.165274956917528804e-02
162.943 5.164953730514693087e-02
162.952 5.164632537647226990e-02
162.96 5.164311378433297101e-02
162.968 5.163990252867620145e-02
162.977 5.163669160842079137e-02
162.985 5.163348102371992376e-02
162.993 5.163027077513784174e-02
163.002 5.162706086241623110e-02
163.01 5.162385128550236318e-02
163.018 5.162064204434364811e-02
163.027 5.161743313929846588e-02
163.035 5.161422456764246103e-02
163.043 5.161101633343338768e-02
163.051 5.160780843415254532e-02
163.06 5.160460087056926298e-02
163.068 5.160139364283632124e-02
163.076 5.159818674987395187e-02
163.085 5.159498019224597470e-02
163.093 5.159177396989980680e-02
163.101 5.158856808196154997e-02
163.11 5.158536253022674711e-02
163.118 5.158215731382142372e-02
163.126 5.157895243146130154e-02
163.135 5.157574788350471201e-02
163.143 5.157254367195167333e-02
163.151 5.156933979551802522e-02
163.159 5.156613625271484064e-02
163.168 5.156293304492627627e-02
163.176 5.155973017209978387e-02
163.184 5.155652763356746021e-02
163.193 5.155332543050770294e-02
163.201 5.155012356184240918e-02
163.209 5.154692202731409739e-02
163.218 5.154372082748566453e-02
163.226 5.154051996168960287e-02
163.234 5.153731943007869298e-02
163.243 5.153411923444545240e-02
163.251 5.153091937186751736e-02
163.259 5.152771984372757352e-02
163.268 5.152452065058799741e-02
163.276 5.152132178952754243e-02
163.284 5.151812326418239718e-02
163.292 5.151492507265605786e-02
163.301 5.151172721469145926e-02
163.309 5.150852969105568224e-02
163.317 5.150533250190114654e-02
163.326 5.150213564594676580e-02
163.334 5.149893912314050526e-02
163.342 5.149574293547762305e-02
163.351 5.149254708003946079e-02
163.359 5.148935155882122111e-02
163.367 5.148615637258921462e-02
163.376 5.148296151822096683e-02
163.384 5.147976699689262720e-02
163.392 5.147657281039366706e-02
163.4 5.147337895683018472e-02
163.409 5.147018543696839366e-02
163.417 5.146699225014238904e-02
163.425 5.146379939568657830e-02
163.434 5.146060687600317873e-02
163.442 5.145741468879019148e-02
163.45 5.145422283440465039e-02
163.459 5.145103131361236648e-02
163.467 5.144784012574778881e-02
163.475 5.144464927096323997e-02
163.484 5.144145874859344658e-02
163.492 5.143826855919963331e-02
163.5 5.143507870211670024e-02
163.508 5.143188917851861802e-02
163.517 5.142869998814883492e-02
163.525 5.142551113013810876e-02
163.533 5.142232260443450192e-02
163.542 5.141913441078184432e-02
163.55 5.141594655035360006e-02
163.558 5.141275902248500923e-02
163.567 5.140957182630738476e-02
163.575 5.140638496319799300e-02
163.583 5.140319843147164031e-02
163.592 5.140001223352604065e-02
163.6 5.139682636726788240e-02
163.608 5.139364083203315503e-02
163.617 5.139045563103510766e-02
163.625 5.138727076054866449e-02
163.633 5.138408622297056111e-02
163.641 5.138090201661667938e-02
163.65 5.137771814245521013e-02
163.658 5.137453460043424347e-02
163.666 5.137135139009400830e-02
163.675 5.136816851117874394e-02
163.683 5.136498596445226994e-02
163.691 5.136180374945494703e-02
163.7 5.135862186491187836e-02
163.708 5.135544031362508643e-02
163.716 5.135225909411566397e-02
163.725 5.134907820490532127e-02
163.733 5.134589764675769052e-02
163.741 5.134271742104725561e-02
163.749 5.133953752670333825e-02
163.758 5.133635796285944408e-02
163.766 5.133317873109350532e-02
163.774 5.132999983033520452e-02
163.783 5.132682125992198141e-02
163.791 5.132364302163495290e-02
163.799 5.132046511358975827e-02
163.808 5.131728753736351095e-02
163.816 5.131411029168295168e-02
163.824 5.131093337670012550e-02
163.833 5.130775679338099582e-02
163.841 5.130458054045267807e-02
163.849 5.130140461786364403e-02
163.858 5.129822902617282160e-02
163.866 5.129505376573536418e-02
163.874 5.129187883507558415e-02
163.882 5.128870423515909105e-02
163.891 5.128552996674775460e-02
163.899 5.128235602755286393e-02
163.907 5.127918241894647428e-02
163.916 5.127600914108030455e-02
163.924 5.127283619329284919e-02
163.932 5.126966357675224323e-02
163.941 5.126649128998392313e-02
163.949 5.126331933212357334e-02
163.957 5.126014770576179519e-02
163.966 5.125697640901800273e-02
163.974 5.125380544163764956e-02
163.982 5.125063480580402397e-02
163.99 5.124746450004335346e-02
163.999 5.124429452247623168e-02
164.007 5.124112487548866668e-02
164.015 5.123795555862283718e-02
164.024 5.123478657020297256e-02
164.032 5.123161791241122309e-02
164.04 5.122844958478986466e-02
164.049 5.122528158708437168e-02
164.057 5.122211391741661457e-02
164.065 5.121894657817099850e-02
164.074 5.121577956909285217e-02
164.082 5.121261288769589359e-02
164.09 5.120944653575514732e-02
164.098 5.120628051463924774e-02
164.107 5.120311482165955386e-02
164.115 5.119994945919880552e-02
164.123 5.119678442416341485e-02
164.132 5.119361971893590657e-02
164.14 5.119045534305922962e-02
164.148 5.118729129567109459e-02
164.157 5.118412757732849344e-02
164.165 5.118096418899365646e-02
164.173 5.117780112858825309e-02
164.182 5.117463839727720565e-02
164.19 5.117147599440131228e-02
164.198 5.116831392011211149e-02
164.207 5.116515217516870440e-02
164.215 5.116199075850688671e-02
164.223 5.115882967007553267e-02
164.231 5.115566891103877356e-02
164.24 5.115250848033259246e-02
164.248 5.114934837750090973e-02
164.256 5.114618860249271759e-02
164.265 5.114302915687665707e-02
164.273 5.113987003958907901e-02
164.281 5.113671124956686159e-02
164.29 5.113355278918774172e-02
164.298 5.113039465738841022e-02
164.306 5.112723685148714420e-02
164.315 5.112407937446838274e-02
164.323 5.112092222526922608e-02
164.331 5.111776540485013509e-02
164.339 5.111460891255295569e-02
164.348 5.111145274691093060e-02
164.356 5.110829690888443744e-02
164.364 5.110514140024236679e-02
164.373 5.110198621850697842e-02
164.381 5.109883136403187143e-02
164.389 5.109567683818107275e-02
164.398 5.109252263888221235e-02
164.406 5.108936876749921308e-02
164.414 5.108621522357682798e-02
164.423 5.108306200605382263e-02
164.431 5.107990911892031083e-02
164.439 5.107675655687197308e-02
164.448 5.107360432107056758e-02
164.456 5.107045241409111092e-02
164.464 5.106730083446858054e-02
164.472 5.106414958215196170e-02
164.481 5.106099865628269119e-02
164.489 5.105784805781948821e-02
164.497 5.105469778529835717e-02
164.506 5.105154784068718227e-02
164.514 5.104839822292566581e-02
164.522 5.104524893115573725e-02
164.531 5.104209996694117346e-02
164.539 5.103895132962556203e-02
164.547 5.103580301875455805e-02
164.556 5.103265503447913798e-02
164.564 5.102950737695029215e-02
164.572 5.102636004712555323e-02
164.58 5.102321304172715427e-02
164.589 5.102006636312467897e-02
164.597 5.101692001247710301e-02
164.605 5.101377398711227917e-02
164.614 5.101062828798769849e-02
164.622 5.100748291606049811e-02
164.63 5.100433787007045694e-02
164.639 5.100119314895926181e-02
164.647 5.099804875449015507e-02
164.655 5.099490468681375926e-02
164.664 5.099176094628216083e-02
164.672 5.098861752962120103e-02
164.68 5.098547443899651560e-02
164.688 5.098233167576721181e-02
164.697 5.097918923686153847e-02
164.705 5.097604712444423619e-02
164.713 5.097290533806178581e-02
164.722 5.096976387705949574e-02
164.73 5.096662274158825917e-02
164.738 5.096348193240252816e-02
164.747 5.096034144804272720e-02
164.755 5.095720128946466809e-02
164.763 5.095406145601413112e-02
164.772 5.095092194864656032e-02
164.78 5.094778276630533564e-02
164.788 5.094464390873885279e-02
164.797 5.094150537710363108e-02
164.805 5.093836717094663707e-02
164.813 5.093522928941292965e-02
164.821 5.093209173285430380e-02
164.83 5.092895450182354650e-02
164.838 5.092581759667204333e-02
164.846 5.092268101473586273e-02
164.855 5.091954475857804474e-02
164.863 5.091640882774595145e-02
164.871 5.091327322118417709e-02
164.88 5.091013793924435704e-02
164.888 5.090700298288067249e-02
164.896 5.090386835103804380e-02
164.905 5.090073404326429796e-02
164.913 5.089760005950923899e-02
164.921 5.089446640193184823e-02
164.929 5.089133306847310606e-02
164.938 5.088820005868115864e-02
164.946 5.088506737350977777e-02
164.954 5.088193501331005758e-02
164.963 5.087880297662633611e-02
164.971 5.087567126501423009e-02
164.979 5.087253987681764067e-02
164.988 5.086940881319053365e-02
164.996 5.086627807428312914e-02
165.004 5.086314765984435021e-02
165.013 5.086001756882072011e-02
165.021 5.085688780015919924e-02
165.029 5.085375835681858053e-02
165.038 5.085062923694324416e-02
165.046 5.084750044188678098e-02
165.054 5.084437197019510413e-02
165.062 5.084124382201857945e-02
165.071 5.083811599850992374e-02
165.079 5.083498849721319879e-02
165.087 5.083186131948167624e-02
165.096 5.082873446686846097e-02
165.104 5.082560793751939032e-02
165.112 5.082248173158473298e-02
165.121 5.081935584721122834e-02
165.129 5.081623028675320147e-02
165.137 5.081310505116192616e-02
165.146 5.080998013878449543e-02
165.154 5.080685554836917445e-02
165.162 5.080373128166847801e-02
165.17 5.080060733763099717e-02
165.179 5.079748371760826192e-02
165.187 5.079436042014858627e-02
165.195 5.079123744580251593e-02
165.204 5.078811479512044397e-02
165.212 5.078499246665115624e-02
165.22 5.078187046094516377e-02
165.229 5.077874877775237494e-02
165.237 5.077562741722290579e-02
165.245 5.077250638090715501e-02
165.254 5.076938566655434665e-02
165.262 5.076626527291468877e-02
165.27 5.076314520413845177e-02
165.278 5.076002545757542922e-02
165.287 5.075690603157614889e-02
165.295 5.075378693128933250e-02
165.303 5.075066815266589954e-02
165.312 5.074754969285771855e-02
165.32 5.074443155861137894e-02
165.328 5.074131374607891015e-02
165.337 5.073819625580999748e-02
165.345 5.073507908715531312e-02
165.353 5.073196224066448684e-02
165.362 5.072884571728645403e-02
165.37 5.072572951557279691e-02
165.378 5.072261363347646546e-02
165.387 5.071949807514215813e-02
165.395 5.071638283972072780e-02
165.403 5.071326792456635341e-02
165.411 5.071015333122685237e-02
165.42 5.070703906045088277e-02
165.428 5.070392511119037326e-02
165.436 5.070081148319596775e-02
165.445 5.069769817681712282e-02
165.453 5.069458519200405189e-02
165.461 5.069147252870696840e-02
165.47 5.068836018687610662e-02
165.478 5.068524816666118704e-02
165.486 5.068213646761348529e-02
165.495 5.067902508948385343e-02
165.503 5.067591403361866587e-02
165.511 5.067280329857208609e-02
165.519 5.066969288469327926e-02
165.528 5.066658279153381239e-02
165.536 5.066347301924347540e-02
165.544 5.066036356856992717e-02
165.553 5.065725443826752522e-02
165.561 5.065414562948248461e-02
165.569 5.065103714156718451e-02
165.578 5.064792897387422610e-02
165.586 5.064482112814724241e-02
165.594 5.064171360194574811e-02
165.603 5.063860639661482005e-02
165.611 5.063549951290145096e-02
165.619 5.063239294916259403e-02
165.628 5.062928670594624148e-02
165.636 5.062618078320281489e-02
165.644 5.062307518108183357e-02
165.652 5.061996989913560008e-02
165.661 5.061686493850887231e-02
165.669 5.061376029656450976e-02
165.677 5.061065597504454255e-02
165.686 5.060755197549126477e-02
165.694 5.060444829487017321e-02
165.702 5.060134493432581065e-02
165.711 5.059824189420657897e-02
165.719 5.059513917366723762e-02
165.727 5.059203677385178816e-02
165.736 5.058893469351734978e-02
165.744 5.058583293360883332e-02
165.752 5.058273149387781942e-02
165.76 5.057963037228670883e-02
165.769 5.057652957117201448e-02
165.777 5.057342909008658016e-02
165.785 5.057032892917963374e-02
165.794 5.056722908701054287e-02
165.802 5.056412956452373264e-02
165.81 5.056103036206714696e-02
165.819 5.055793147839927892e-02
165.827 5.055483291486149999e-02
165.835 5.055173467021247674e-02
165.844 5.054863674499886911e-02
165.852 5.054553913976705254e-02
165.86 5.054244185407034962e-02
165.868 5.053934488666812774e-02
165.877 5.053624823751129425e-02
165.885 5.053315190833744530e-02
165.893 5.053005589790608709e-02
165.902 5.052696020696190171e-02
165.91 5.052386483624928676e-02
165.918 5.052076978234531363e-02
165.927 5.051767504778070100e-02
165.935 5.051458063310121371e-02
165.943 5.051148653667034832e-02
165.952 5.050839275903411946e-02
165.96 5.050529929895331005e-02
165.968 5.050220615796554430e-02
165.977 5.049911333641804445e-02
165.985 5.049602083406312669e-02
165.993 5.049292864906718137e-02
166.001 5.048983678276897785e-02
166.01 5.048674523511931939e-02
166.018 5.048365400487981464e-02
166.026 5.048056309319064877e-02
166.035 5.047747250059707314e-02
166.043 5.047438222586095313e-02
166.051 5.047129226913137784e-02
166.06 5.046820263095359860e-02
166.068 5.046511331088223556e-02
166.076 5.046202430748186057e-02
166.085 5.045893562426835566e-02
166.093 5.045584725802382958e-02
166.101 5.045275920850153528e-02
166.109 5.044967147862235851e-02
166.118 5.044658406615924046e-02
166.126 5.044349697205295635e-02
166.134 5.044041019368143697e-02
166.143 5.043732373337099506e-02
166.151 5.043423759186398125e-02
166.159 5.043115176752826362e-02
166.168 5.042806626051277857e-02
166.176 5.042498107215333258e-02
166.184 5.042189620022489993e-02
166.193 5.041881164546989369e-02
166.201 5.041572740823498100e-02
166.209 5.041264348787794641e-02
166.218 5.040955988494315310e-02
166.226 5.040647660017240350e-02
166.234 5.040339363252813870e-02
166.242 5.040031098097318835e-02
166.251 5.039722864684242215e-02
166.259 5.039414663028449204e-02
166.267 5.039106493026235256e-02
166.276 5.038798354672729962e-02
166.284 5.038490248022329393e-02
166.292 5.038182173129403252e-02
166.301 5.037874129929792444e-02
166.309 5.037566118260612680e-02
166.317 5.037258138393495288e-02
166.326 5.036950190244536552e-02
166.334 5.036642273591658558e-02
166.342 5.036334388627452391e-02
166.35 5.036026535386509129e-02
166.359 5.035718713784977790e-02
166.367 5.035410923837722874e-02
166.375 5.035103165441195266e-02
166.384 5.034795438748403129e-02
166.392 5.034487743636071461e-02
166.4 5.034180080217713626e-02
166.409 5.033872448370077524e-02
166.417 5.033564848127756314e-02
166.425 5.033257279584495841e-02
166.434 5.032949742656519371e-02
166.442 5.032642237161492893e-02
166.45 5.032334763370626546e-02
166.458 5.032027321180451707e-02
166.467 5.031719910546676722e-02
166.475 5.031412531523577619e-02
166.483 5.031105184086574755e-02
166.492 5.030797868132272366e-02
166.5 5.030490583813469752e-02
166.508 5.030183331066180596e-02
166.517 5.029876109905245113e-02
166.525 5.029568920384891451e-02
166.533 5.029261762224484372e-02
166.542 5.028954635596476902e-02
166.55 5.028647540692942480e-02
166.558 5.028340477272683767e-02
166.567 5.028033445330864354e-02
166.575 5.027726444882332085e-02
166.583 5.027419476020670436e-02
166.591 5.027112538721326823e-02
166.6 5.026805632841671589e-02
166.608 5.026498758553994001e-02
166.616 5.026191915755034989e-02
166.625 5.025885104479301674e-02
166.633 5.025578324564559246e-02
166.641 5.025271576202712531e-02
166.65 5.024964859310218634e-02
166.658 5.024658174118247500e-02
166.666 5.024351520228585721e-02
166.675 5.024044897675772336e-02
166.683 5.023738306848229973e-02
166.691 5.023431747406834069e-02
166.699 5.023125219327111146e-02
166.708 5.022818722781150630e-02
166.716 5.022512257685479015e-02
166.724 5.022205823995954527e-02
166.733 5.021899421766703314e-02
166.741 5.021593051012532977e-02
166.749 5.021286711650013723e-02
166.758 5.020980403713613122e-02
166.766 5.020674127257424013e-02
166.774 5.020367882178400354e-02
166.783 5.020061668452086012e-02
166.791 5.019755486230757097e-02
166.799 5.019449335411385604e-02
166.807 5.019143215890987247e-02
166.816 5.018837127900323269e-02
166.824 5.018531071257876369e-02
166.832 5.018225045978462473e-02
166.841 5.017919052037637939e-02
166.849 5.017613089548327715e-02
166.857 5.017307158387965260e-02
166.866 5.017001258649834289e-02
166.874 5.016695390191783926e-02
166.882 5.016389553107090948e-02
166.891 5.016083747528219533e-02
166.899 5.015777973136542611e-02
166.907 5.015472230142981047e-02
166.916 5.015166518464281298e-02
166.924 5.014860838115239167e-02
166.932 5.014555189169453420e-02
166.94 5.014249571484883511e-02
166.949 5.013943985174332263e-02
166.957 5.013638430213374769e-02
166.965 5.013332906479622125e-02
166.974 5.013027414046664076e-02
166.982 5.012721952929283242e-02
166.99 5.012416523201024959e-02
166.999 5.012111124661187272e-02
167.007 5.011805757579185922e-02
167.015 5.011500421597671340e-02
167.024 5.011098437142242484e-02
