# Temperature[K]  Cv[per site]
0.835118 7.420902930728016142e-06
0.843428 8.132551095342335158e-06
0.851737 8.939321298956538295e-06
0.860047 9.850254848043188576e-06
0.868357 1.087500415509898596e-05
0.876667 1.202384981376532576e-05
0.884977 1.330771659087216941e-05
0.893287 1.473818825500640531e-05
0.901596 1.632752116734191605e-05
0.909906 1.808865656692479768e-05
0.918216 2.003523148932231999e-05
0.926526 2.218158826445292730e-05
0.934836 2.454278254646239009e-05
0.943146 2.713458983563410567e-05
0.951455 2.997351045947162728e-05
0.959765 3.307677298721081315e-05
0.968075 3.646233605906664657e-05
0.976385 4.014888861844233443e-05
0.984695 4.415584854209422149e-05
0.993005 4.850335966981228405e-05
1.001315 5.321228724151258303e-05
1.009624 5.830421175571368823e-05
1.017934 6.380142126916369880e-05
1.026244 6.972690216287270296e-05
1.034554 7.610432840496124016e-05
1.042864 8.295804934557741625e-05
1.051174 9.031307608360145600e-05
1.059483 9.819506644898622386e-05
1.067793 1.066303086483489179e-04
1.076103 1.156457036248291048e-04
1.084413 1.252687461862799141e-04
1.092723 1.355275049585318080e-04
1.101033 1.464506012228233259e-04
1.109342 1.580671866984665718e-04
1.117652 1.704069203334841807e-04
1.125962 1.834999441672799489e-04
1.134272 1.973768583304249939e-04
1.142582 2.120686952473657173e-04
1.150892 2.276068931082775347e-04
1.159201 2.440232686764758476e-04
1.167511 2.613499894976673097e-04
1.175821 2.796195455770193738e-04
1.184131 2.988647205894364041e-04
1.192441 3.191185626876839529e-04
1.200751 3.404143549720158490e-04
1.209060 3.627855856838404190e-04
1.217370 3.862659181846158523e-04
1.225680 4.108891607797849959e-04
1.233990 4.366892364458848231e-04
1.242300 4.637001525173558365e-04
1.250610 4.919559703877106989e-04
1.258919 5.214907752778549311e-04
1.267229 5.523386461224071876e-04
1.275539 5.845336256227764938e-04
1.283849 6.181096905137491940e-04
1.292159 6.531007220881546692e-04
1.300469 6.895404770220651741e-04
1.308779 7.274625585407917512e-04
1.317088 7.669003879637874450e-04
1.325398 8.078871766643604124e-04
1.333708 8.504558984779479270e-04
1.342018 8.946392625905269297e-04
1.350328 9.404696869366081661e-04
1.358638 9.879792721341714747e-04
1.366947 1.037199775981776598e-03
1.375257 1.088162588541089285e-03
1.383567 1.140898707826063169e-03
1.391877 1.195438716118045561e-03
1.400187 1.251812756924195781e-03
1.408497 1.310050512594800693e-03
1.416806 1.370181182613173327e-03
1.425116 1.432233462570259861e-03
1.433426 1.496235523834232558e-03
1.441736 1.562214993923920084e-03
1.450046 1.630198937593206002e-03
1.458356 1.700213838632223026e-03
1.466665 1.772285582389605688e-03
1.474975 1.846439439018808136e-03
1.483285 1.922700047450211572e-03
1.491595 2.001091400089426414e-03
1.499905 2.081636828241160541e-03
1.508215 2.164358988256852561e-03
1.516524 2.249279848403278482e-03
1.524834 2.336420676448278978e-03
1.533144 2.425802027959034733e-03
1.541454 2.517443735307179145e-03
1.549764 2.611364897374545899e-03
1.558074 2.707583869952332346e-03
1.566383 2.806118256825994306e-03
1.574693 2.906984901537420715e-03
1.583003 3.010199879815304239e-03
1.591313 3.115778492664336881e-03
1.599623 3.223735260102985299e-03
1.607933 3.334083915539521204e-03
1.616242 3.446837400775408858e-03
1.624552 3.562007861624651682e-03
1.632862 3.679606644137767626e-03
1.641172 3.799644291418288397e-03
1.649482 3.922130541019938285e-03
1.657792 4.047074322911888532e-03
1.666102 4.174483757999876941e-03
1.674411 4.304366157190319363e-03
1.682721 4.436728020984787718e-03
1.691031 4.571575039591832881e-03
1.699341 4.708912093543419532e-03
1.707651 4.848743254802750924e-03
1.715961 4.991071788350787131e-03
1.724270 5.135900154238053419e-03
1.732580 5.283230010089047524e-03
1.740890 5.433062214046351611e-03
1.749200 5.585396828141114996e-03
1.757510 5.740233122077695142e-03
1.765820 5.897569577419114334e-03
1.774129 6.057403892161175932e-03
1.782439 6.219732985682296586e-03
1.790749 6.384553004057117766e-03
1.799059 6.551859325720946030e-03
1.807369 6.721646567473614498e-03
1.815679 6.893908590810200049e-03
1.823988 7.068638508567114120e-03
1.832298 7.245828691871666893e-03
1.840608 7.425470777383725088e-03
1.848918 7.607555674818173783e-03
1.857228 7.792073574736767781e-03
1.865538 7.979013956598774229e-03
1.873847 8.168365597059459512e-03
1.882157 8.360116578505561932e-03
1.890467 8.554254297817861369e-03
1.898777 8.750765475350202535e-03
1.907087 8.949636164115129869e-03
1.915397 9.150851759166319863e-03
1.923706 9.354397007168072098e-03
1.932016 9.560256016142514024e-03
1.940326 9.768412265385223101e-03
1.948636 9.978848615540341152e-03
1.956946 1.019154731882594700e-02
1.965256 1.040649002940146998e-02
1.973565 1.062365781386847077e-02
1.981875 1.084303116189628061e-02
1.990185 1.106458999696474828e-02
1.998495 1.128831368721593641e-02
2.006805 1.151418105640710302e-02
2.015115 1.174217039495727664e-02
2.023425 1.197225947108021896e-02
2.031734 1.220442554199630859e-02
2.040044 1.243864536521670401e-02
2.048354 1.267489520989221498e-02
2.056664 1.291315086822097252e-02
2.064974 1.315338766690764272e-02
2.073284 1.339558047866828971e-02
2.081593 1.363970373377434119e-02
2.089903 1.388573143162957421e-02
2.098213 1.413363715237456533e-02
2.106523 1.438339406851207522e-02
2.114833 1.463497495654860966e-02
2.123143 1.488835220864603674e-02
2.131452 1.514349784427779406e-02
2.139762 1.540038352188531807e-02
2.148072 1.565898055052861865e-02
2.156382 1.591925990152632739e-02
2.164692 1.618119222008092620e-02
2.173002 1.644474783688377670e-02
2.181311 1.670989677969546283e-02
2.189621 1.697660878489741509e-02
2.197931 1.724485330901015870e-02
2.206241 1.751459954017372395e-02
2.214551 1.778581640958661753e-02
2.222861 1.805847260289912548e-02
2.231170 1.833253657155680533e-02
2.239480 1.860797654409076379e-02
2.247790 1.888476053735095930e-02
2.256100 1.916285636767874057e-02
2.264410 1.944223166201520386e-02
2.272720 1.972285386894245471e-02
2.281029 2.000469026965346481e-02
2.289339 2.028770798884864043e-02
2.297649 2.057187400555504295e-02
2.305959 2.085715516386545815e-02
2.314269 2.114351818359479218e-02
2.322579 2.143092967085040088e-02
2.330888 2.171935612851451369e-02
2.339198 2.200876396663460632e-02
2.347508 2.229911951272111129e-02
2.355818 2.259038902194791809e-02
2.364128 2.288253868725540971e-02
2.372438 2.317553464935169158e-02
2.380748 2.346934300661126724e-02
2.389057 2.376392982486822888e-02
2.397367 2.405926114710223510e-02
2.405677 2.435530300301522524e-02
2.413987 2.465202141849647671e-02
2.422297 2.494938242497518263e-02
2.430607 2.524735206865778500e-02
2.438916 2.554589641964858521e-02
2.447226 2.584498158095270212e-02
2.455536 2.614457369735857448e-02
2.463846 2.644463896419982363e-02
2.472156 2.674514363599405503e-02
2.480466 2.704605403495781782e-02
2.488775 2.734733655939613692e-02
2.497085 2.764895769196563588e-02
2.505395 2.795088400780987997e-02
2.513705 2.825308218256602708e-02
2.522015 2.855551900024161024e-02
2.530325 2.885816136096057416e-02
2.538634 2.916097628857783688e-02
2.546944 2.946393093816114181e-02
2.555254 2.976699260333968630e-02
2.563564 3.007012872351912808e-02
2.571874 3.037330689096133171e-02
2.580184 3.067649485772970183e-02
2.588493 3.097966054249784093e-02
2.596803 3.128277203722296118e-02
2.605113 3.158579761368229821e-02
2.613423 3.188870572987190233e-02
2.621733 3.219146503626930250e-02
2.630043 3.249404438195754169e-02
2.638352 3.279641282061236673e-02
2.646662 3.309853961635073061e-02
2.654972 3.340039424944205720e-02
2.663282 3.370194642188120010e-02
2.671592 3.400316606282286630e-02
2.679902 3.430402333387933683e-02
2.688211 3.460448863427927763e-02
2.696521 3.490453260588962520e-02
2.704831 3.520412613809965202e-02
2.713141 3.550324037256802345e-02
2.721451 3.580184670783322087e-02
2.729761 3.609991680378712986e-02
2.738071 3.639742258601317421e-02
2.746380 3.669433624998762189e-02
2.754690 3.699063026514760183e-02
2.763000 3.728627737882288934e-02
2.771310 3.758125062003441624e-02
2.779620 3.787552330315960974e-02
2.787930 3.816906903146466412e-02
2.796239 3.846186170050497344e-02
2.804549 3.875387550139412773e-02
2.812859 3.904508492394281882e-02
2.821169 3.933546475966782224e-02
2.829479 3.962499010467211008e-02
2.837789 3.991363636239768364e-02
2.846098 4.020137924625059866e-02
2.854408 4.048819478210056999e-02
2.862718 4.077405931065539862e-02
2.871028 4.105894948971169217e-02
2.879338 4.134284229628241991e-02
2.887648 4.162571502860256539e-02
2.895957 4.190754530801438921e-02
2.904267 4.218831108073339831e-02
2.912577 4.246799061949546594e-02
2.920887 4.274656252508668430e-02
2.929197 4.302400572775839233e-02
2.937507 4.330029948852633093e-02
2.945816 4.357542340035731182e-02
2.954126 4.384935738924354565e-02
2.962436 4.412208171516595473e-02
2.970746 4.439357697294912808e-02
2.979056 4.466382409300715534e-02
2.987366 4.493280434198368423e-02
2.995675 4.520049932328655540e-02
3.003985 4.546689097751848568e-02
3.012295 4.573196158280650597e-02
3.020605 4.599569375502873814e-02
3.028915 4.625807044794405520e-02
3.037225 4.651907495322206432e-02
3.045535 4.677869090037842237e-02
3.053844 4.703690225661347202e-02
3.062154 4.729369332655975616e-02
3.070464 4.754904875193628755e-02
3.078774 4.780295351111301522e-02
3.087084 4.805539291858771517e-02
3.095394 4.830635262437425748e-02
3.103703 4.855581861330677401e-02
3.112013 4.880377720425974758e-02
3.120323 4.905021504928535475e-02
3.128633 4.929511913267083795e-02
3.136943 4.953847676991672555e-02
3.145253 4.978027560663719764e-02
3.153562 5.002050361738537287e-02
3.161872 5.025914910440424516e-02
3.170182 5.049620069630500474e-02
3.178492 5.073164734667379855e-02
3.186802 5.096547833261089178e-02
3.195112 5.119768325320021851e-02
3.203421 5.142825202791426881e-02
3.211731 5.165717489495383341e-02
3.220041 5.188444240952497233e-02
3.228351 5.211004544205525418e-02
3.236661 5.233397517634989782e-02
3.244971 5.255622310768995331e-02
3.253280 5.277678104087391020e-02
3.261590 5.299564108820524477e-02
3.269900 5.321279566742577460e-02
3.278210 5.342823749959785262e-02
3.286520 5.364195960693578930e-02
3.294830 5.385395531059024299e-02
3.303139 5.406421822838371888e-02
3.311449 5.427274227250179772e-02
3.319759 5.447952164713983775e-02
3.328069 5.468455084610788358e-02
3.336379 5.488782465039392100e-02
3.344689 5.508933812568800326e-02
3.352998 5.528908661986885187e-02
3.361308 5.548706576045314004e-02
3.369618 5.568327145201017875e-02
3.377928 5.587769987354356677e-02
3.386238 5.607034747583970746e-02
3.394548 5.626121097878646754e-02
3.402858 5.645028736866147812e-02
3.411167 5.663757389539368636e-02
3.419477 5.682306806979769281e-02
3.427787 5.700676766078305313e-02
3.436097 5.718867069253921048e-02
3.444407 5.736877544169839693e-02
3.452717 5.754708043447750998e-02
3.461026 5.772358444379974834e-02
3.469336 5.789828648639671477e-02
3.477646 5.807118581989497569e-02
3.485956 5.824228193988467001e-02
3.494266 5.841157457697402494e-02
3.502576 5.857906369383002188e-02
3.510885 5.874474948220642645e-02
3.519195 5.890863235996045277e-02
3.527505 5.907071296805899846e-02
3.535815 5.923099216757570645e-02
3.544125 5.938947103668032468e-02
3.552435 5.954615086762178600e-02
3.560744 5.970103316370334312e-02
3.569054 5.985411963625471982e-02
3.577364 6.000541220160093142e-02
3.585674 6.015491297802600529e-02
3.593984 6.030262428273749226e-02
3.602294 6.044854862882852176e-02
3.610603 6.059268872224116836e-02
3.618913 6.073504745873032490e-02
3.627223 6.087562792082943514e-02
3.635533 6.101443337482005680e-02
3.643843 6.115146726770442215e-02
3.652153 6.128673322418343172e-02
3.660462 6.142023504363938041e-02
3.668772 6.155197669712558772e-02
3.677082 6.168196232436348736e-02
3.685392 6.181019623074694713e-02
3.693702 6.193668288435586616e-02
3.702012 6.206142691297905634e-02
3.710321 6.218443310114787903e-02
3.718631 6.230570638717913140e-02
3.726941 6.242525186023223371e-02
3.735251 6.254307475737619360e-02
3.743561 6.265918046067109337e-02
3.751871 6.277357449426235192e-02
3.760181 6.288626252148939166e-02
3.768490 6.299725034201020257e-02
3.776800 6.310654388893834066e-02
3.785110 6.321414922600016029e-02
3.793420 6.332007254470459201e-02
3.801730 6.342432016153216889e-02
3.810040 6.352689851514080333e-02
3.818349 6.362781416359059028e-02
3.826659 6.372707378158531943e-02
3.834969 6.382468415773505377e-02
3.843279 6.392065219183609703e-02
3.851589 6.401498489217269383e-02
3.859899 6.410768937283783941e-02
3.868208 6.419877285107498943e-02
3.876518 6.428824264464076677e-02
3.884828 6.437610616918966466e-02
3.893138 6.446237093567980247e-02
3.901448 6.454704454780074707e-02
3.909758 6.463013469942423261e-02
3.918067 6.471164917207786194e-02
3.926377 6.479159583244036014e-02
3.934687 6.486998262986205799e-02
3.942997 6.494681759390698306e-02
3.951307 6.502210883192116597e-02
3.959617 6.509586452662154132e-02
3.967926 6.516809293371252088e-02
3.976236 6.523880237952565941e-02
3.984546 6.530800125868256589e-02
3.992856 6.537569803178507055e-02
4.001166 6.544190122312867897e-02
4.009476 6.550661941844199143e-02
4.017785 6.556986126265136605e-02
4.026095 6.563163545766996509e-02
4.034405 6.569195076021416835e-02
4.042715 6.575081597964378688e-02
4.051025 6.580823997582951890e-02
4.059335 6.586423165704495541e-02
4.067644 6.591879997788563372e-02
4.075954 6.597195393721336232e-02
4.084264 6.602370257612658055e-02
4.092574 6.607405497595711386e-02
4.100884 6.612302025629275548e-02
4.109194 6.617060757302652141e-02
4.117504 6.621682611643059380e-02
4.125813 6.626168510925850574e-02
4.134123 6.630519380487198688e-02
4.142433 6.634736148539414902e-02
4.150743 6.638819745988894239e-02
4.159053 6.642771106256689650e-02
4.167363 6.646591165101684018e-02
4.175672 6.650280860446360076e-02
4.183982 6.653841132205079445e-02
4.192292 6.657272922115135827e-02
4.200602 6.660577173570172982e-02
4.208912 6.663754831456333849e-02
4.217222 6.666806841990954857e-02
4.225531 6.669734152563798479e-02
4.233841 6.672537711580660280e-02
4.242151 6.675218468309930542e-02
4.250461 6.677777372731232008e-02
4.258771 6.680215375386835963e-02
4.267081 6.682533427235604062e-02
4.275390 6.684732479509131187e-02
4.283700 6.686813483570784589e-02
4.292010 6.688777390776881604e-02
4.300320 6.690625152340423654e-02
4.308630 6.692357719197303267e-02
4.316940 6.693976041874952210e-02
4.325249 6.695481070363254461e-02
4.333559 6.696873753987987732e-02
4.341869 6.698155041286621425e-02
4.350179 6.699325879886365576e-02
4.358489 6.700387216384745548e-02
4.366799 6.701339996232352769e-02
4.375108 6.702185163617865871e-02
4.383418 6.702923661355551788e-02
4.391728 6.703556430774931796e-02
4.400038 6.704084411612533378e-02
4.408348 6.704508541906228913e-02
4.416658 6.704829757891424269e-02
4.424968 6.705048993899723198e-02
4.433277 6.705167182259633152e-02
4.441587 6.705185253199365258e-02
4.449897 6.705104134751899148e-02
4.458207 6.704924752662137777e-02
4.466517 6.704648030296055106e-02
4.474827 6.704274888552047562e-02
4.483136 6.703806245774204808e-02
4.491446 6.703243017667810666e-02
4.499756 6.702586117216553785e-02
4.508066 6.701836454602040638e-02
4.516376 6.700994937125082096e-02
4.524686 6.700062469128938158e-02
4.532995 6.699039951924604108e-02
4.541305 6.697928283717881348e-02
4.549615 6.696728359538310638e-02
4.557925 6.695441071170185610e-02
4.566235 6.694067307085030394e-02
4.574545 6.692607952376299074e-02
4.582854 6.691063888695499007e-02
4.591164 6.689435994190419399e-02
4.599474 6.687725143444804565e-02
4.607784 6.685932207419992279e-02
4.616094 6.684058053398148069e-02
4.624404 6.682103544927131544e-02
4.632713 6.680069541767197361e-02
4.641023 6.677956899839185279e-02
4.649333 6.675766471174296446e-02
4.657643 6.673499103865655757e-02
4.665953 6.671155642021227294e-02
4.674263 6.668736925718549147e-02
4.682572 6.666243790960592330e-02
4.690882 6.663677069633620886e-02
4.699192 6.661037589466121955e-02
4.707502 6.658326173989433105e-02
4.715812 6.655543642499776869e-02
4.724122 6.652690810021608114e-02
4.732431 6.649768487272528228e-02
4.740741 6.646777480629458001e-02
4.749051 6.643718592096237163e-02
4.757361 6.640592619272463193e-02
4.765671 6.637400355323828938e-02
4.773981 6.634142588953538533e-02
4.782291 6.630820104375192980e-02
4.790600 6.627433681286758194e-02
4.798910 6.623984094845955517e-02
4.807220 6.620472115646643119e-02
4.815530 6.616898509696653163e-02
4.823840 6.613264038396525490e-02
4.832150 6.609569458519660989e-02
4.840459 6.605815522193407563e-02
4.848769 6.602002976881329865e-02
4.857079 6.598132565366651714e-02
4.865389 6.594205025736683823e-02
4.873699 6.590221091368227146e-02
4.882009 6.586181490914308490e-02
4.890318 6.582086948291612782e-02
4.898628 6.577938182669050560e-02
4.906938 6.573735908457449539e-02
4.915248 6.569480835299874866e-02
4.923558 6.565173668063226109e-02
4.931868 6.560815106830601706e-02
4.940177 6.556405846894608480e-02
4.948487 6.551946578751503825e-02
4.956797 6.547437988096349581e-02
4.965107 6.542880755818863969e-02
4.973417 6.538275558000275489e-02
4.981727 6.533623065910812433e-02
4.990036 6.528923946008291512e-02
4.998346 6.524178859937060371e-02
5.006656 6.519388464528162730e-02
5.014966 6.514553411800029503e-02
5.023276 6.509674348959919310e-02
5.031586 6.504751918406112554e-02
5.039895 6.499786757730842413e-02
5.048205 6.494779499723964122e-02
5.056515 6.489730772377105827e-02
5.064825 6.484641198888707603e-02
5.073135 6.479511397669654449e-02
5.081445 6.474341982349443581e-02
5.089754 6.469133561783099728e-02
5.098064 6.463886740058595592e-02
5.106374 6.458602116504973123e-02
5.114684 6.453280285700924157e-02
5.122994 6.447921837484039964e-02
5.131304 6.442527356960518758e-02
5.139614 6.437097424515555999e-02
5.147923 6.431632615824037225e-02
5.156233 6.426133501861937269e-02
5.164543 6.420600648918131648e-02
5.172853 6.415034618606774153e-02
5.181163 6.409435967879992258e-02
5.189473 6.403805249041184811e-02
5.197782 6.398143009758668065e-02
5.206092 6.392449793079935105e-02
5.214402 6.386726137446063767e-02
5.222712 6.380972576706823995e-02
5.231022 6.375189640135879576e-02
5.239332 6.369377852446767019e-02
5.247641 6.363537733808878605e-02
5.255951 6.357669799864040794e-02
5.264261 6.351774561743382674e-02
5.272571 6.345852526084477807e-02
5.280881 6.339904195049034241e-02
5.289191 6.333930066340665022e-02
5.297500 6.327930633223090295e-02
5.305810 6.321906384538669710e-02
5.314120 6.315857804727197100e-02
5.322430 6.309785373844933876e-02
5.330740 6.303689567584043474e-02
5.339050 6.297570857292131286e-02
5.347359 6.291429709992213404e-02
5.355669 6.285266588402742272e-02
5.363979 6.279081950958062541e-02
5.372289 6.272876251829047345e-02
5.380599 6.266649940943758157e-02
5.388909 6.260403464008691687e-02
5.397218 6.254137262529847752e-02
5.405528 6.247851773834267597e-02
5.413838 6.241547431091710313e-02
5.422148 6.235224663336289691e-02
5.430458 6.228883895488671052e-02
5.438768 6.222525548378083499e-02
5.447077 6.216150038764729768e-02
5.455387 6.209757779362145430e-02
5.463697 6.203349178859896007e-02
5.472007 6.196924641946280343e-02
5.480317 6.190484569331324710e-02
5.488627 6.184029357769512542e-02
5.496937 6.177559400083178220e-02
5.505246 6.171075085185675352e-02
5.513556 6.164576798104606098e-02
5.521866 6.158064920005303783e-02
5.530176 6.151539828214453581e-02
5.538486 6.145001896243523776e-02
5.546796 6.138451493812617510e-02
5.555105 6.131888986874182296e-02
5.563415 6.125314737636763929e-02
5.571725 6.118729104589044204e-02
5.580035 6.112132442523631609e-02
5.588345 6.105525102561251694e-02
5.596655 6.098907432174637683e-02
5.604964 6.092279775212722237e-02
5.613274 6.085642471924696678e-02
5.621584 6.078995858984258954e-02
5.629894 6.072340269513666622e-02
5.638204 6.065676033108149956e-02
5.646514 6.059003475859965626e-02
5.654823 6.052322920382697397e-02
5.663133 6.045634685835550581e-02
5.671443 6.038939087947551437e-02
5.679753 6.032236439041824966e-02
5.688063 6.025527048059883817e-02
5.696373 6.018811220585825600e-02
5.704682 6.012089258870595421e-02
5.712992 6.005361461856193600e-02
5.721302 5.998628125199935435e-02
5.729612 5.991889541298509730e-02
5.737922 5.985145999312257992e-02
5.746232 5.978397785189281527e-02
5.754541 5.971645181689418797e-02
5.762851 5.964888468408476724e-02
5.771161 5.958127921802101878e-02
5.779471 5.951363815209849417e-02
5.787781 5.944596418879048022e-02
5.796091 5.937825999988756431e-02
5.804400 5.931052822673529845e-02
5.812710 5.924277148047213393e-02
5.821020 5.917499234226691190e-02
5.829330 5.910719336355496623e-02
5.837640 5.903937706627505194e-02
5.845950 5.897154594310365788e-02
5.854260 5.890370245769007557e-02
5.862569 5.883584904489116973e-02
5.870879 5.876798811100277659e-02
5.879189 5.870012203399482126e-02
5.887499 5.863225316374125889e-02
5.895809 5.856438382225152145e-02
5.904119 5.849651630390044488e-02
5.912428 5.842865287565925103e-02
5.920738 5.836079577732196377e-02
5.929048 5.829294722173455900e-02
5.937358 5.822510939502155425e-02
5.945668 5.815728445681126596e-02
5.953978 5.808947454046173298e-02
5.962287 5.802168175328482891e-02
5.970597 5.795390817676829981e-02
5.978907 5.788615586679975167e-02
5.987217 5.781842685388670355e-02
5.995527 5.775072314337668239e-02
6.003837 5.768304671567787284e-02
6.012146 5.761539952647581897e-02
6.020456 5.754778350695179123e-02
6.028766 5.748020056399842648e-02
6.037076 5.741265258043559000e-02
6.045386 5.734514141522295549e-02
6.053696 5.727766890367552016e-02
6.062005 5.721023685767324951e-02
6.070315 5.714284706587337281e-02
6.078625 5.707550129391964627e-02
6.086935 5.700820128465078351e-02
6.095245 5.694094875830920527e-02
6.103555 5.687374541274613227e-02
6.111864 5.680659292362758017e-02
6.120174 5.673949294463819654e-02
6.128484 5.667244710768545857e-02
6.136794 5.660545702309967286e-02
6.145104 5.653852427983666051e-02
6.153414 5.647165044567575148e-02
6.161724 5.640483706741931946e-02
6.170033 5.633808567108911786e-02
6.178343 5.627139776212339295e-02
6.186653 5.620477482557097171e-02
6.194963 5.613821832628455855e-02
6.203273 5.607172970911514925e-02
6.211583 5.600531039910090075e-02
6.219892 5.593896180165889437e-02
6.228202 5.587268530277374190e-02
6.236512 5.580648226918443616e-02
6.244822 5.574035404857220072e-02
6.253132 5.567430196974455792e-02
6.261442 5.560832734282084716e-02
6.269751 5.554243145941293452e-02
6.278061 5.547661559280935017e-02
6.286371 5.541088099815391632e-02
6.294681 5.534522891262542987e-02
6.302991 5.527966055561637365e-02
6.311301 5.521417712890914348e-02
6.319610 5.514877981685131769e-02
6.327920 5.508346978653060749e-02
6.336230 5.501824818794767702e-02
6.344540 5.495311615418855405e-02
6.352850 5.488807480159461211e-02
6.361160 5.482312522993261494e-02
6.369469 5.475826852256260313e-02
6.377779 5.469350574660541975e-02
6.386089 5.462883795310839036e-02
6.394399 5.456426617720992744e-02
6.402709 5.449979143830301770e-02
6.411019 5.443541474019723825e-02
6.419328 5.437113707128023860e-02
6.427638 5.430695940467733518e-02
6.435948 5.424288269841043286e-02
6.444258 5.417890789555427494e-02
6.452568 5.411503592439480953e-02
6.460878 5.405126769858209501e-02
6.469187 5.398760411728556474e-02
6.477497 5.392404606534626638e-02
6.485807 5.386059441342837262e-02
6.494117 5.379725001816926949e-02
6.502427 5.373401372232878420e-02
6.510737 5.367088635493765664e-02
6.519047 5.360786873144438025e-02
6.527356 5.354496165385908002e-02
6.535666 5.348216591090075578e-02
6.543976 5.341948227813832911e-02
6.552286 5.335691151813394539e-02
6.560596 5.329445438058360435e-02
6.568906 5.323211160245750612e-02
6.577215 5.316988390813774668e-02
6.585525 5.310777200955770633e-02
6.593835 5.304577660633618547e-02
6.602145 5.298389838591482243e-02
6.610455 5.292213802369082759e-02
6.618765 5.286049618315153548e-02
6.627074 5.279897351600472410e-02
6.635384 5.273757066231097440e-02
6.643694 5.267628825061279607e-02
6.652004 5.261512689806325388e-02
6.660314 5.255408721055380289e-02
6.668624 5.249316978284006285e-02
6.676933 5.243237519866917468e-02
6.685243 5.237170403090157106e-02
6.693553 5.231115684163616109e-02
6.701863 5.225073418233180250e-02
6.710173 5.219043659392878093e-02
6.718483 5.213026460696836006e-02
6.726792 5.207021874171221393e-02
6.735102 5.201029950826089460e-02
6.743412 5.195050740667003092e-02
6.751722 5.189084292706658275e-02
6.760032 5.183130654976364493e-02
6.768342 5.177189874537459213e-02
6.776651 5.171261997492613421e-02
6.784961 5.165347068996951896e-02
6.793271 5.159445133269156131e-02
6.801581 5.153556233602533260e-02
6.809891 5.147680412375832404e-02
6.818201 5.141817711063999263e-02
6.826510 5.135968170248970260e-02
6.834820 5.130131829630215495e-02
6.843130 5.124308728035188026e-02
6.851440 5.118498903429805763e-02
6.859750 5.112702392928748785e-02
6.868060 5.106919232805600534e-02
6.876370 5.101149458503064643e-02
6.884679 5.095393104642912535e-02
6.892989 5.089650205035897018e-02
6.901299 5.083920792691697804e-02
6.909609 5.078204899828604041e-02
6.917919 5.072502557883105251e-02
6.926229 5.066813797519588436e-02
6.934538 5.061138648639684767e-02
6.942848 5.055477140391747420e-02
6.951158 5.049829301180108060e-02
6.959468 5.044195158674279894e-02
6.967778 5.038574739818101056e-02
6.976088 5.032968070838738511e-02
6.984397 5.027375177255649641e-02
6.992707 5.021796083889457085e-02
7.001017 5.016230814870711874e-02
7.009327 5.010679393648581614e-02
7.017637 5.005141842999447782e-02
7.025947 4.999618185035455131e-02
7.034256 4.994108441212937594e-02
7.042566 4.988612632340797687e-02
7.050876 4.983130778588701348e-02
7.059186 4.977662899495413629e-02
7.067496 4.972209013976835318e-02
7.075806 4.966769140334000021e-02
7.084115 4.961343296261101071e-02
7.092425 4.955931498853318601e-02
7.100735 4.950533764614716697e-02
7.109045 4.945150109465822064e-02
7.117355 4.939780548751380312e-02
7.125665 4.934425097247871483e-02
7.133974 4.929083769171078988e-02
7.142284 4.923756578183353244e-02
7.150594 4.918443537401184784e-02
7.158904 4.913144659402229886e-02
7.167214 4.907859956232721310e-02
7.175524 4.902589439414462708e-02
7.183833 4.897333119951884778e-02
7.192143 4.892091008339134739e-02
7.200453 4.886863114566852156e-02
7.208763 4.881649448129115471e-02
7.217073 4.876450018030156763e-02
7.225383 4.871264832791055016e-02
7.233693 4.866093900456402999e-02
7.242002 4.860937228600866605e-02
7.250312 4.855794824335640802e-02
7.258622 4.850666694314981903e-02
7.266932 4.845552844742402610e-02
7.275242 4.840453281377123801e-02
7.283552 4.835368009540281370e-02
7.291861 4.830297034120988042e-02
7.300171 4.825240359582537442e-02
7.308481 4.820197989968467989e-02
7.316791 4.815169928908361041e-02
7.325101 4.810156179624006101e-02
7.333411 4.805156744935051849e-02
7.341720 4.800171627264907676e-02
7.350030 4.795200828646387775e-02
7.358340 4.790244350727465572e-02
7.366650 4.785302194776790141e-02
7.374960 4.780374361689341406e-02
7.383270 4.775460851991800842e-02
7.391579 4.770561665848062349e-02
7.399889 4.765676803064620298e-02
7.408199 4.760806263095766766e-02
7.416509 4.755950045048991381e-02
7.424819 4.751108147690102923e-02
7.433129 4.746280569448382142e-02
7.441438 4.741467308421704746e-02
7.449748 4.736668362381503405e-02
7.458058 4.731883728777835224e-02
7.466368 4.727113404744272274e-02
7.474678 4.722357387102750492e-02
7.482988 4.717615672368395685e-02
7.491297 4.712888256754364097e-02
7.499607 4.708175136176395020e-02
7.507917 4.703476306257673573e-02
7.516227 4.698791762333275751e-02
7.524537 4.694121499454855656e-02
7.532847 4.689465512395020463e-02
7.541157 4.684823795651926748e-02
7.549466 4.680196343453624230e-02
7.557776 4.675583149762414098e-02
7.566086 4.670984208279143485e-02
7.574396 4.666399512447585995e-02
7.582706 4.661829055458485693e-02
7.591016 4.657272830253861295e-02
7.599325 4.652730829531110529e-02
7.607635 4.648203045746996526e-02
7.615945 4.643689471121836831e-02
7.624255 4.639190097643345473e-02
7.632565 4.634704917070596453e-02
7.640875 4.630233920938055248e-02
7.649184 4.625777100559246013e-02
7.657494 4.621334447030678999e-02
7.665804 4.616905951235607958e-02
7.674114 4.612491603847665433e-02
7.682424 4.608091395334670826e-02
7.690734 4.603705315962172695e-02
7.699043 4.599333355797036865e-02
7.707353 4.594975504711154568e-02
7.715663 4.590631752384703723e-02
7.723973 4.586302088309863328e-02
7.732283 4.581986501794093475e-02
7.740593 4.577684981963626998e-02
7.748902 4.573397517766716186e-02
7.757212 4.569124097977043941e-02
7.765522 4.564864711196978120e-02
7.773832 4.560619345860775220e-02
7.782142 4.556387990237781987e-02
7.790452 4.552170632435662695e-02
7.798761 4.547967260403468909e-02
7.807071 4.543777861934714807e-02
7.815381 4.539602424670487191e-02
7.823691 4.535440936102402842e-02
7.832001 4.531293383575620698e-02
7.840311 4.527159754291797816e-02
7.848620 4.523040035311915591e-02
7.856930 4.518934213559358537e-02
7.865240 4.514842275822487927e-02
7.873550 4.510764208757676169e-02
7.881860 4.506699998891870035e-02
7.890170 4.502649632625578546e-02
7.898480 4.498613096235330039e-02
7.906789 4.494590375876545557e-02
7.915099 4.490581457586041714e-02
7.923409 4.486586327284718817e-02
7.931719 4.482604970780140058e-02
7.940029 4.478637373768963592e-02
7.948339 4.474683521839682016e-02
7.956648 4.470743400474882362e-02
7.964958 4.466816995053780187e-02
7.973268 4.462904290854749489e-02
7.981578 4.459005273057523033e-02
7.989888 4.455119926745665371e-02
7.998198 4.451248236909006312e-02
8.006507 4.447390188445709408e-02
8.014817 4.443545766164743588e-02
8.023127 4.439714954788060580e-02
8.031437 4.435897738952790381e-02
8.039747 4.432094103213548436e-02
8.048057 4.428304032044495797e-02
8.056366 4.424527509841440220e-02
8.064676 4.420764520924048285e-02
8.072986 4.417015049537941634e-02
8.081296 4.413279079856657905e-02
8.089606 4.409556595983749744e-02
8.097916 4.405847581954765169e-02
8.106225 4.402152021739252213e-02
8.114535 4.398469899242682390e-02
8.122845 4.394801198308424112e-02
8.131155 4.391145902719603700e-02
8.139465 4.387503996201020523e-02
8.147775 4.383875462420978170e-02
8.156084 4.380260284993157949e-02
8.164394 4.376658447478361941e-02
8.172704 4.373069933386342784e-02
8.181014 4.369494726177557825e-02
8.189324 4.365932809264954501e-02
8.197634 4.362384166015585013e-02
8.205943 4.358848779752382691e-02
8.214253 4.355326633755790544e-02
8.222563 4.351817711265442562e-02
8.230873 4.348321995481766594e-02
8.239183 4.344839469567604584e-02
8.247493 4.341370116649782840e-02
8.255803 4.337913919820693409e-02
8.264112 4.334470862139806063e-02
8.272422 4.331040926635238569e-02
8.280732 4.327624096305193735e-02
8.289042 4.324220354119492210e-02
8.297352 4.320829683021021328e-02
8.305662 4.317452065927154109e-02
8.313971 4.314087485731225163e-02
8.322281 4.310735925303791488e-02
8.330591 4.307397367494251311e-02
8.338901 4.304071795131941824e-02
8.347211 4.300759191027696271e-02
8.355521 4.297459537975094335e-02
8.363830 4.294172818751645221e-02
8.372140 4.290899016120343357e-02
8.380450 4.287638112830696735e-02
8.388760 4.284390091620082081e-02
8.397070 4.281154935214956381e-02
8.405380 4.277932626332110744e-02
8.413689 4.274723147679884011e-02
8.421999 4.271526481959237592e-02
8.430309 4.268342611865028752e-02
8.438619 4.265171520087133322e-02
8.446929 4.262013189311549682e-02
8.455239 4.258867602221536736e-02
8.463548 4.255734741498740092e-02
8.471858 4.252614589824273150e-02
8.480168 4.249507129879679518e-02
8.488478 4.246412344348141771e-02
8.496788 4.243330215915429304e-02
8.505098 4.240260727270980801e-02
8.513407 4.237203861108822939e-02
8.521717 4.234159600128589024e-02
8.530027 4.231127927036607006e-02
8.538337 4.228108824546693290e-02
8.546647 4.225102275381249772e-02
8.554957 4.222108262272070839e-02
8.563266 4.219126767961390440e-02
8.571576 4.216157775202641900e-02
8.579886 4.213201266761501529e-02
8.588196 4.210257225416657451e-02
8.596506 4.207325633960765782e-02
8.604816 4.204406475201159787e-02
8.613126 4.201499731960865042e-02
8.621435 4.198605387079278745e-02
8.629745 4.195723423413089126e-02
8.638055 4.192853823836990151e-02
8.646365 4.189996571244528067e-02
8.654675 4.187151648548863986e-02
8.662985 4.184319038683461528e-02
8.671294 4.181498724603005535e-02
8.679604 4.178690689283950238e-02
8.687914 4.175894915725372053e-02
8.696224 4.173111386949618362e-02
8.704534 4.170340086003043040e-02
8.712844 4.167580995956687850e-02
8.721153 4.164834099906974951e-02
8.729463 4.162099380976349433e-02
8.737773 4.159376822313939903e-02
8.746083 4.156666407096198945e-02
8.754393 4.153968118527604642e-02
8.762703 4.151281939841200419e-02
8.771012 4.148607854299243836e-02
8.779322 4.145945845193775570e-02
8.787632 4.143295895847294574e-02
8.795942 4.140657989613269474e-02
8.804252 4.138032109876731840e-02
8.812562 4.135418240054793831e-02
8.820871 4.132816363597308779e-02
8.829181 4.130226463987301394e-02
8.837491 4.127648524741615171e-02
8.845801 4.125082529411237126e-02
8.854111 4.122528461582088827e-02
8.862421 4.119986304875272731e-02
8.870730 4.117456042947720274e-02
8.879040 4.114937659492669264e-02
8.887350 4.112431138240039974e-02
8.895660 4.109936462957006209e-02
8.903970 4.107453617448401928e-02
8.912280 4.104982585557247904e-02
8.920589 4.102523351165033444e-02
8.928899 4.100075898192329787e-02
8.937209 4.097640210599080846e-02
8.945519 4.095216272385098638e-02
8.953829 4.092804067590449096e-02
8.962139 4.090403580295840641e-02
8.970449 4.088014794623030801e-02
8.978758 4.085637694735188424e-02
8.987068 4.083272264837276011e-02
8.995378 4.080918489176479230e-02
9.003688 4.078576352042478925e-02
9.011998 4.076245837767838304e-02
9.020308 4.073926930728347801e-02
9.028617 4.071619615343385207e-02
9.036927 4.069323876076230695e-02
9.045237 4.067039697434386702e-02
9.053547 4.064767063969889488e-02
9.061857 4.062505960279631095e-02
9.070167 4.060256371005664666e-02
9.078476 4.058018280835442443e-02
9.086786 4.055791674502262634e-02
9.095096 4.053576536785397089e-02
9.103406 4.051372852510341099e-02
9.111716 4.049180606549238060e-02
9.120026 4.046999783821087632e-02
9.128335 4.044830369291891464e-02
9.136645 4.042672347975066749e-02
9.144955 4.040525704931563489e-02
9.153265 4.038390425270171891e-02
9.161575 4.036266494147729145e-02
9.169885 4.034153896769363673e-02
9.178194 4.032052618388658194e-02
9.186504 4.029962644308006381e-02
9.194814 4.027883959878596903e-02
9.203124 4.025816550500826985e-02
9.211434 4.023760401624390526e-02
9.219744 4.021715498748500150e-02
9.228053 4.019681827422032228e-02
9.236363 4.017659373243823162e-02
9.244673 4.015648121862640252e-02
9.252983 4.013648058977614674e-02
9.261293 4.011659170338176261e-02
9.269603 4.009681441744313707e-02
9.277913 4.007714859046757061e-02
9.286222 4.005759408147054751e-02
9.294532 4.003815074997756074e-02
9.302842 4.001881845602575649e-02
9.311152 3.999959706016478767e-02
9.319462 3.998048642345854858e-02
9.327772 3.996148640748589664e-02
9.336081 3.994259687434223438e-02
9.344391 3.992381768664096664e-02
9.352701 3.990514870751427079e-02
9.361011 3.988658980061355469e-02
9.369321 3.986814083011167714e-02
9.377631 3.984980166070356544e-02
9.385940 3.983157215760620845e-02
9.394250 3.981345218656073132e-02
9.402560 3.979544161383313100e-02
9.410870 3.977754030621450526e-02
9.419180 3.975974813102189226e-02
9.427490 3.974206495609947098e-02
9.435799 3.972449064981893596e-02
9.444109 3.970702508108076706e-02
9.452419 3.968966811931314009e-02
9.460729 3.967241963447550035e-02
9.469039 3.965527949705522498e-02
9.477349 3.963824757807177246e-02
9.485658 3.962132374907477439e-02
9.493968 3.960450788214567308e-02
9.502278 3.958779984989784645e-02
9.510588 3.957119952547642761e-02
9.518898 3.955470678255919997e-02
9.527208 3.953832149535686097e-02
9.535517 3.952204353861336894e-02
9.543827 3.950587278760544357e-02
9.552137 3.948980911814382877e-02
9.560447 3.947385240657286937e-02
9.568757 3.945800252977031686e-02
9.577067 3.944225936514803021e-02
9.585376 3.942662279065210079e-02
9.593686 3.941109268476248456e-02
9.601996 3.939566892649284252e-02
9.610306 3.938035139539112356e-02
9.618616 3.936513997153913424e-02
9.626926 3.935003453555257352e-02
9.635236 3.933503496858084536e-02
9.643545 3.932014115230732243e-02
9.651855 3.930535296894818731e-02
9.660165 3.929067030125327209e-02
9.668475 3.927609303250544082e-02
9.676785 3.926162104652062418e-02
9.685095 3.924725422764688970e-02
9.693404 3.923299246076446950e-02
9.701714 3.921883563128589212e-02
9.710024 3.920478362515499027e-02
9.718334 3.919083632884699103e-02
9.726644 3.917699362936813423e-02
9.734954 3.916325541425435403e-02
9.743263 3.914962157157216710e-02
9.751573 3.913609198991734733e-02
9.759883 3.912266655841469681e-02
9.768193 3.910934516671758787e-02
9.776503 3.909612770500700552e-02
9.784813 3.908301406399174865e-02
9.793122 3.907000413490731988e-02
9.801432 3.905709780951550913e-02
9.809742 3.904429498010321409e-02
9.818052 3.903159553948312710e-02
9.826362 3.901899938099164661e-02
9.834672 3.900650639848902285e-02
9.842981 3.899411648635849048e-02
9.851291 3.898182953950541513e-02
9.859601 3.896964545335641211e-02
9.867911 3.895756412385933953e-02
9.876221 3.894558544748154272e-02
9.884531 3.893370932120964606e-02
9.892840 3.892193564254900484e-02
9.901150 3.891026430952177623e-02
9.909460 3.889869522066731478e-02
9.917770 3.888722827504074997e-02
9.926080 3.887586337221198007e-02
9.934390 3.886460041226481865e-02
9.942699 3.885343929579661987e-02
9.951009 3.884237992391677274e-02
9.959319 3.883142219824550073e-02
9.967629 3.882056602091400743e-02
9.975939 3.880981129456254758e-02
9.984249 3.879915792233924049e-02
9.992559 3.878860580790028517e-02
10.000868 3.877815485540774681e-02
10.009178 3.876780496952911270e-02
10.017488 3.875755605543614035e-02
10.025798 3.874740801880344893e-02
10.034108 3.873736076580813759e-02
10.042418 3.872741420312836302e-02
10.050727 3.871756823794173658e-02
10.059037 3.870782277792497728e-02
10.067347 3.869817773125271837e-02
10.075657 3.868863300659552279e-02
10.083967 3.867918851311987621e-02
10.092277 3.866984416048642459e-02
10.100586 3.866059985884837819e-02
10.108896 3.865145551885180303e-02
10.117206 3.864241105163220003e-02
10.125516 3.863346636881543478e-02
10.133826 3.862462138251524651e-02
10.142136 3.861587600533250564e-02
10.150445 3.860723015035425615e-02
10.158755 3.859868373115113438e-02
10.167065 3.859023666177782003e-02
10.175375 3.858188885677075325e-02
10.183685 3.857364023114716323e-02
10.191995 3.856549070040359711e-02
10.200304 3.855744018051462246e-02
10.208614 3.854948858793208477e-02
10.216924 3.854163583958317846e-02
10.225234 3.853388185286880929e-02
10.233544 3.852622654566341398e-02
10.241854 3.851866983631234420e-02
10.250163 3.851121164363172089e-02
10.258473 3.850385188690594318e-02
10.266783 3.849659048588696675e-02
10.275093 3.848942736079308258e-02
10.283403 3.848236243230699488e-02
10.291713 3.847539562157494680e-02
10.300022 3.846852685020438201e-02
10.308332 3.846175604026449285e-02
10.316642 3.845508311428227216e-02
10.324952 3.844850799524287405e-02
10.333262 3.844203060658821225e-02
10.341572 3.843565087221401805e-02
10.349882 3.842936871646994434e-02
10.358191 3.842318406415754645e-02
10.366501 3.841709684052890816e-02
10.374811 3.841110697128511525e-02
10.383121 3.840521438257409742e-02
10.391431 3.839941900099141936e-02
10.399741 3.839372075357570108e-02
10.408050 3.838811956780962403e-02
10.416360 3.838261537161660047e-02
10.424670 3.837720809336155059e-02
10.432980 3.837189766184712775e-02
10.441290 3.836668400631326054e-02
10.449600 3.836156705643563314e-02
10.457909 3.835654674232409633e-02
10.466219 3.835162299452127971e-02
10.474529 3.834679574400055857e-02
10.482839 3.834206492216545720e-02
10.491149 3.833743046084713696e-02
10.499459 3.833289229230315426e-02
10.507768 3.832845034921697480e-02
10.516078 3.832410456469446947e-02
10.524388 3.831985487226372694e-02
10.532698 3.831570120587413780e-02
10.541008 3.831164349989266832e-02
10.549318 3.830768168910440863e-02
10.557627 3.830381570870961677e-02
10.565937 3.830004549432317051e-02
10.574247 3.829637098197227751e-02
10.582557 3.829279210809568429e-02
10.590867 3.828930880954061616e-02
10.599177 3.828592102356336013e-02
10.607486 3.828262868782601747e-02
10.615796 3.827943174039532409e-02
10.624106 3.827633011974164445e-02
10.632416 3.827332376473607106e-02
10.640726 3.827041261465086164e-02
10.649036 3.826759660915574068e-02
10.657346 3.826487568831835745e-02
10.665655 3.826224979260030301e-02
10.673965 3.825971886285826906e-02
10.682275 3.825728284033953763e-02
10.690585 3.825494166668345908e-02
10.698895 3.825269528391653240e-02
10.707205 3.825054363445426486e-02
10.715514 3.824848666109674500e-02
10.723824 3.824652430702862871e-02
10.732134 3.824465651581692577e-02
10.740444 3.824288323140935530e-02
10.748754 3.824120439813345068e-02
10.757064 3.823961996069373537e-02
10.765373 3.823812986417172988e-02
10.773683 3.823673405402242681e-02
10.781993 3.823543247607436024e-02
10.790303 3.823422507652703140e-02
10.798613 3.823311180194967351e-02
10.806923 3.823209259927937836e-02
10.815232 3.823116741582018724e-02
10.823542 3.823033619924055132e-02
10.831852 3.822959889757189533e-02
10.840162 3.822895545920772242e-02
10.848472 3.822840583290113003e-02
10.856782 3.822794996776408827e-02
10.865091 3.822758781326467820e-02
10.873401 3.822731931922648124e-02
10.881711 3.822714443582689997e-02
10.890021 3.822706311359457682e-02
10.898331 3.822707530340874876e-02
10.906641 3.822718095649758896e-02
10.914950 3.822738002443612504e-02
10.923260 3.822767245914478890e-02
10.931570 3.822805821288799422e-02
10.939880 3.822853723827256828e-02
10.948190 3.822910948824530947e-02
10.956500 3.822977491609300116e-02
10.964809 3.823053347543896308e-02
10.973119 3.823138512024280844e-02
10.981429 3.823232980479805698e-02
10.989739 3.823336748373135086e-02
10.998049 3.823449811199958193e-02
11.006359 3.823572164488925340e-02
11.014669 3.823703803801507123e-02
11.022978 3.823844724731739753e-02
11.031288 3.823994922906138322e-02
11.039598 3.824154393983504596e-02
11.047908 3.824323133654746604e-02
11.056218 3.824501137642827286e-02
11.064528 3.824688401702429352e-02
11.072837 3.824884921619976785e-02
11.081147 3.825090693213323290e-02
11.089457 3.825305712331684982e-02
11.097767 3.825529974855457899e-02
11.106077 3.825763476696019544e-02
11.114387 3.826006213795667132e-02
11.122696 3.826258182127369178e-02
11.131006 3.826519377694587165e-02
11.139316 3.826789796531238075e-02
11.147626 3.827069434701430017e-02
11.155936 3.827358288299326922e-02
11.164246 3.827656353448968124e-02
11.172555 3.827963626304199674e-02
11.180865 3.828280103048434246e-02
11.189175 3.828605779894520000e-02
11.197485 3.828940653084558776e-02
11.205795 3.829284718889793687e-02
11.214105 3.829637973610379442e-02
11.222414 3.830000413575353896e-02
11.230724 3.830372035142321635e-02
11.239034 3.830752834697419285e-02
11.247344 3.831142808655118442e-02
11.255654 3.831541953458027228e-02
11.263964 3.831950265576783421e-02
11.272273 3.832367741509966341e-02
11.280583 3.832794377783724921e-02
11.288893 3.833230170951861665e-02
11.297203 3.833675117595553711e-02
11.305513 3.834129214323225149e-02
11.313823 3.834592457770349960e-02
11.322132 3.835064844599360423e-02
11.330442 3.835546371499472251e-02
11.338752 3.836037035186551369e-02
11.347062 3.836536832402853703e-02
11.355372 3.837045759917019627e-02
11.363682 3.837563814523820699e-02
11.371992 3.838090993044056265e-02
11.380301 3.838627292324368889e-02
11.388611 3.839172709237128472e-02
11.396921 3.839727240680215758e-02
11.405231 3.840290883576944619e-02
11.413541 3.840863634875836541e-02
11.421851 3.841445491550553315e-02
11.430160 3.842036450599687486e-02
11.438470 3.842636509046611776e-02
11.446780 3.843245663939319490e-02
11.455090 3.843863912350359985e-02
11.463400 3.844491251376559032e-02
11.471710 3.845127678138961919e-02
11.480019 3.845773189782626666e-02
11.488329 3.846427783476539380e-02
11.496639 3.847091456413401916e-02
11.504949 3.847764205809514615e-02
11.513259 3.848446028904636829e-02
11.521569 3.849136922961769042e-02
11.529878 3.849836885267100828e-02
11.538188 3.850545913129849868e-02
11.546498 3.851264003882001047e-02
11.554808 3.851991154878268292e-02
11.563118 3.852727363495990487e-02
11.571428 3.853472627134817835e-02
11.579737 3.854226943216713247e-02
11.588047 3.854990309185762215e-02
11.596357 3.855762722507975748e-02
11.604667 3.856544180671223065e-02
11.612977 3.857334681185053959e-02
11.621287 3.858134221580492712e-02
11.629596 3.858942799410052665e-02
11.637906 3.859760412247392747e-02
11.646216 3.860587057687325102e-02
11.654526 3.861422733345595826e-02
11.662836 3.862267436858773245e-02
11.671146 3.863121165884069591e-02
11.679455 3.863983918099244547e-02
11.687765 3.864855691202423449e-02
11.696075 3.865736482911988348e-02
11.704385 3.866626290966403839e-02
11.712695 3.867525113124085923e-02
11.721005 3.868432947163254892e-02
11.729315 3.869349790881846524e-02
11.737624 3.870275642097281005e-02
11.745934 3.871210498646372039e-02
11.754244 3.872154358385213047e-02
11.762554 3.873107219188964140e-02
11.770864 3.874069078951768164e-02
11.779174 3.875039935586641754e-02
11.787483 3.876019787025231089e-02
11.795793 3.877008631217745971e-02
11.804103 3.878006466132885577e-02
11.812413 3.879013289757483884e-02
11.820723 3.880029100096629713e-02
11.829033 3.881053895173371820e-02
11.837342 3.882087673028580127e-02
11.845652 3.883130431720931142e-02
11.853962 3.884182169326614448e-02
11.862272 3.885242883939327152e-02
11.870582 3.886312573670041431e-02
11.878892 3.887391236646957349e-02
11.887201 3.888478871015250277e-02
11.895511 3.889575474937071592e-02
11.903821 3.890681046591314141e-02
11.912131 3.891795584173517869e-02
11.920441 3.892919085895736597e-02
11.928751 3.894051549986372873e-02
11.937060 3.895192974690095400e-02
11.945370 3.896343358267682216e-02
11.953680 3.897502698995859022e-02
11.961990 3.898670995167215214e-02
11.970300 3.899848245090022786e-02
11.978610 3.901034447088158608e-02
11.986919 3.902229599500926793e-02
11.995229 3.903433700682953228e-02
12.003539 3.904646749004087036e-02
12.011849 3.905868742849134823e-02
12.020159 3.907099680617889120e-02
12.028469 3.908339560724937573e-02
12.036778 3.909588381599545664e-02
12.045088 3.910846141685429128e-02
12.053398 3.912112839440803902e-02
12.061708 3.913388473338146739e-02
12.070018 3.914673041864003000e-02
12.078328 3.915966543519049103e-02
12.086638 3.917268976817755294e-02
12.094947 3.918580340288441849e-02
12.103257 3.919900632473010543e-02
12.111567 3.921229851926887056e-02
12.119877 3.922567997218912028e-02
12.128187 3.923915066931113471e-02
12.136497 3.925271059658747702e-02
12.144806 3.926635974009999586e-02
12.153116 3.928009808606000575e-02
12.161426 3.929392562080589318e-02
12.169736 3.930784233080261703e-02
12.178046 3.932184820264034847e-02
12.186356 3.933594322303307633e-02
12.194665 3.935012737881698336e-02
12.202975 3.936440065695014784e-02
12.211285 3.937876304451101012e-02
12.219595 3.939321452869642970e-02
12.227905 3.940775509682097055e-02
12.236215 3.942238473631628354e-02
12.244524 3.943710343472905250e-02
12.252834 3.945191117971979383e-02
12.261144 3.946680795906205852e-02
12.269454 3.948179376064112761e-02
12.277764 3.949686857245286037e-02
12.286074 3.951203238260229955e-02
12.294383 3.952728517930251956e-02
12.302693 3.954262695087346763e-02
12.311003 3.955805768574087444e-02
12.319313 3.957357737243494961e-02
12.327623 3.958918599958925061e-02
12.335933 3.960488355593944076e-02
12.344242 3.962067003032250512e-02
12.352552 3.963654541167476592e-02
12.360862 3.965250968903125117e-02
12.369172 3.966856285152485506e-02
12.377482 3.968470488838439503e-02
12.385792 3.970093578893411218e-02
12.394102 3.971725554259192964e-02
12.402411 3.973366413886892518e-02
12.410721 3.975016156736796424e-02
12.419031 3.976674781778202772e-02
12.427341 3.978342287989381637e-02
12.435651 3.980018674357409247e-02
12.443961 3.981703939878144388e-02
12.452270 3.983398083555932112e-02
12.460580 3.985101104403677985e-02
12.468890 3.986813001442669063e-02
12.477200 3.988533773702426788e-02
12.485510 3.990263420220625107e-02
12.493820 3.992001940042993330e-02
12.502129 3.993749332223179432e-02
12.510439 3.995505595822598788e-02
12.518749 3.997270729910474413e-02
12.527059 3.999044733563545534e-02
12.535369 4.000827605866064812e-02
12.543679 4.002619345909633891e-02
12.551988 4.004419952793171478e-02
12.560298 4.006229425622678114e-02
12.568608 4.008047763511277811e-02
12.576918 4.009874965578986289e-02
12.585228 4.011711030952659629e-02
12.593538 4.013555958765881865e-02
12.601847 4.015409748158849101e-02
12.610157 4.017272398278275147e-02
12.618467 4.019143908277232613e-02
12.626777 4.021024277315167483e-02
12.635087 4.022913504557621561e-02
12.643397 4.024811589176308796e-02
12.651706 4.026718530348809277e-02
12.660016 4.028634327258704545e-02
12.668326 4.030558979095215377e-02
12.676636 4.032492485053324610e-02
12.684946 4.034434844333509990e-02
12.693256 4.036386056141717110e-02
12.701565 4.038346119689256025e-02
12.709875 4.040315034192631938e-02
12.718185 4.042292798873551446e-02
12.726495 4.044279412958724784e-02
12.734805 4.046274875679844313e-02
12.743115 4.048279186273318064e-02
12.751425 4.050292343980400195e-02
12.759734 4.052314348046998083e-02
12.768044 4.054345197723393385e-02
12.776354 4.056384892264439102e-02
12.784664 4.058433430929244551e-02
12.792974 4.060490812981186470e-02
12.801284 4.062557037687713341e-02
12.809593 4.064632104320314854e-02
12.817903 4.066716012154446280e-02
12.826213 4.068808760469379976e-02
12.834523 4.070910348548063828e-02
12.842833 4.073020775677108074e-02
12.851143 4.075140041146652764e-02
12.859452 4.077268144250283805e-02
12.867762 4.079405084284917771e-02
12.876072 4.081550860550639537e-02
12.884382 4.083705472350784849e-02
12.892692 4.085868918991666238e-02
12.901002 4.088041199782548041e-02
12.909311 4.090222314035529133e-02
12.917621 4.092412261065512397e-02
12.925931 4.094611040190001411e-02
12.934241 4.096818650729072697e-02
12.942551 4.099035092005341024e-02
12.950861 4.101260363343652016e-02
12.959170 4.103494464071311132e-02
12.967480 4.105737393517614603e-02
12.975790 4.107989151014079104e-02
12.984100 4.110249735894193346e-02
12.992410 4.112519147493295252e-02
13.000720 4.114797385148594860e-02
13.009029 4.117084448198982116e-02
13.017339 4.119380335984981767e-02
13.025649 4.121685047848658995e-02
13.033959 4.123998583133470924e-02
13.042269 4.126320941184293684e-02
13.050579 4.128652121347190646e-02
13.058888 4.130992122969443653e-02
13.067198 4.133340945399387178e-02
13.075508 4.135698587986288977e-02
13.083818 4.138065050080436125e-02
13.092128 4.140440331032792243e-02
13.100438 4.142824430195091862e-02
13.108748 4.145217346919666951e-02
13.117057 4.147619080559405980e-02
13.125367 4.150029630467642200e-02
13.133677 4.152448995998101605e-02
13.141987 4.154877176504672559e-02
13.150297 4.157314171341546655e-02
13.158607 4.159759979862885648e-02
13.166916 4.162214601422977583e-02
13.175226 4.164678035375952297e-02
13.183536 4.167150281075816809e-02
13.191846 4.169631337876254090e-02
13.200156 4.172121205130684130e-02
13.208466 4.174619882192055070e-02
13.216775 4.177127368412796721e-02
13.225085 4.179643663144771981e-02
13.233395 4.182168765739126270e-02
13.241705 4.184702675546259770e-02
13.250015 4.187245391915692116e-02
13.258325 4.189796914196035338e-02
13.266634 4.192357241734862017e-02
13.274944 4.194926373878612308e-02
13.283254 4.197504309972594633e-02
13.291564 4.200091049360794859e-02
13.299874 4.202686591385872833e-02
13.308184 4.205290935389016660e-02
13.316493 4.207904080709880951e-02
13.324803 4.210526026686593759e-02
13.333113 4.213156772655519966e-02
13.341423 4.215796317951282096e-02
13.349733 4.218444661906625009e-02
13.358043 4.221101803852410350e-02
13.366352 4.223767743117459034e-02
13.374662 4.226442479028508920e-02
13.382972 4.229126010910108646e-02
13.391282 4.231818338084572528e-02
13.399592 4.234519459871847330e-02
13.407902 4.237229375589519897e-02
13.416211 4.239948084552610380e-02
13.424521 4.242675586073635374e-02
13.432831 4.245411879462439309e-02
13.441141 4.248156964026103544e-02
13.449451 4.250910839068932495e-02
13.457761 4.253673503892374530e-02
13.466071 4.256444957794837392e-02
13.474380 4.259225200071730527e-02
13.482690 4.262014230015373495e-02
13.491000 4.264812046914798205e-02
13.499310 4.267618650055873125e-02
13.507620 4.270434038721045850e-02
13.515930 4.273258212189357669e-02
13.524239 4.276091169736355446e-02
13.532549 4.278932910633963249e-02
13.540859 4.281783434150503859e-02
13.549169 4.284642739550573870e-02
13.557479 4.287510826094919486e-02
13.565789 4.290387693040428885e-02
13.574098 4.293273339640063524e-02
13.582408 4.296167765142705486e-02
13.590718 4.299070968793163722e-02
13.599028 4.301982949832090786e-02
13.607338 4.304903707495846138e-02
13.615648 4.307833241016503778e-02
13.623957 4.310771549621701670e-02
13.632267 4.313718632534648684e-02
13.640577 4.316674488973991364e-02
13.648887 4.319639118153754953e-02
13.657197 4.322612519283295512e-02
13.665507 4.325594691567193756e-02
13.673816 4.328585634205237009e-02
13.682126 4.331585346392254759e-02
13.690436 4.334593827318147102e-02
13.698746 4.337611076167772334e-02
13.707056 4.340637092120805396e-02
13.715366 4.343671874351857226e-02
13.723675 4.346715422030173609e-02
13.731985 4.349767734319722606e-02
13.740295 4.352828810379113372e-02
13.748605 4.355898649361410191e-02
13.756915 4.358977250414209498e-02
13.765225 4.362064612679472653e-02
13.773535 4.365160735293503735e-02
13.781844 4.368265617386859340e-02
13.790154 4.371379258084300695e-02
13.798464 4.374501656504682645e-02
13.806774 4.377632811760985565e-02
13.815084 4.380772722960075277e-02
13.823394 4.383921389202826563e-02
13.831703 4.387078809583953853e-02
13.840013 4.390244983191875922e-02
13.848323 4.393419909108883803e-02
13.856633 4.396603586410793157e-02
13.864943 4.399796014167043495e-02
13.873253 4.402997191440628094e-02
13.881562 4.406207117287944813e-02
13.889872 4.409425790758861319e-02
13.898182 4.412653210896450018e-02
13.906492 4.415889376737182348e-02
13.914802 4.419134287310607506e-02
13.923112 4.422387941639484288e-02
13.931421 4.425650338739607614e-02
13.939731 4.428921477619759267e-02
13.948041 4.432201357281694010e-02
13.956351 4.435489976720009830e-02
13.964661 4.438787334922150024e-02
13.972971 4.442093430868266496e-02
13.981280 4.445408263531231557e-02
13.989590 4.448731831876522047e-02
13.997900 4.452064134862181860e-02
14.006210 4.455405171438731049e-02
14.014520 4.458754940549171375e-02
14.022830 4.462113441128814917e-02
14.031139 4.465480672105340970e-02
14.039449 4.468856632398674616e-02
14.047759 4.472241320920872926e-02
14.056069 4.475634736576193651e-02
14.064379 4.479036878260915511e-02
14.072689 4.482447744863343742e-02
14.080998 4.485867335263726136e-02
14.089308 4.489295648334182959e-02
14.097618 4.492732682938706951e-02
14.105928 4.496178437932987076e-02
14.114238 4.499632912164468895e-02
14.122548 4.503096104472216477e-02
14.130858 4.506568013686940155e-02
14.139167 4.510048638630783507e-02
14.147477 4.513537978117476007e-02
14.155787 4.517036030952068654e-02
14.164097 4.520542795931021401e-02
14.172407 4.524058271842035239e-02
14.180717 4.527582457464119498e-02
14.189026 4.531115351567393396e-02
14.197336 4.534656952913166533e-02
14.205646 4.538207260253777908e-02
14.213956 4.541766272332591753e-02
14.222266 4.545333987883901777e-02
14.230576 4.548910405632917986e-02
14.238885 4.552495524295701451e-02
14.247195 4.556089342579076190e-02
14.255505 4.559691859180603490e-02
14.263815 4.563303072788504194e-02
14.272125 4.566922982081665638e-02
14.280435 4.570551585729486221e-02
14.288744 4.574188882391860139e-02
14.297054 4.577834870719198201e-02
14.305364 4.581489549352256441e-02
14.313674 4.585152916922147909e-02
14.321984 4.588824972050274675e-02
14.330294 4.592505713348296603e-02
14.338603 4.596195139418019632e-02
14.346913 4.599893248851390226e-02
14.355223 4.603600040230418355e-02
14.363533 4.607315512127191370e-02
14.371843 4.611039663103684572e-02
14.380153 4.614772491711870150e-02
14.388462 4.618513996493490981e-02
14.396772 4.622264175980189682e-02
14.405082 4.626023028693279637e-02
14.413392 4.629790553143879606e-02
14.421702 4.633566747832694455e-02
14.430012 4.637351611250054018e-02
14.438321 4.641145141875843011e-02
14.446631 4.644947338179419155e-02
14.454941 4.648758198619599991e-02
14.463251 4.652577721644682307e-02
14.471561 4.656405905692169445e-02
14.479871 4.660242749188989869e-02
14.488181 4.664088250551238352e-02
14.496490 4.667942408184245356e-02
14.504800 4.671805220482466020e-02
14.513110 4.675676685829509294e-02
14.521420 4.679556802597934634e-02
14.529730 4.683445569149398413e-02
14.538040 4.687342983834480448e-02
14.546349 4.691249044992622935e-02
14.554659 4.695163750952189435e-02
14.562969 4.699087100030272662e-02
14.571279 4.703019090532783303e-02
14.579589 4.706959720754324422e-02
14.587899 4.710908988978157463e-02
14.596208 4.714866893476144655e-02
14.604518 4.718833432508740683e-02
14.612828 4.722808604324884446e-02
14.621138 4.726792407162054566e-02
14.629448 4.730784839246068157e-02
14.637758 4.734785898791184916e-02
14.646067 4.738795583999956540e-02
14.654377 4.742813893063256570e-02
14.662687 4.746840824160190875e-02
14.670997 4.750876375458042838e-02
14.679307 4.754920545112245600e-02
14.687617 4.758973331266365403e-02
14.695926 4.763034732051969061e-02
14.704236 4.767104745588685022e-02
14.712546 4.771183369984112466e-02
14.720856 4.775270603333748448e-02
14.729166 4.779366443720980961e-02
14.737476 4.783470889217020933e-02
14.745785 4.787583937880874468e-02
14.754095 4.791705587759318569e-02
14.762405 4.795835836886791492e-02
14.770715 4.799974683285399002e-02
14.779025 4.804122124964916446e-02
14.787335 4.808278159922615980e-02
14.795644 4.812442786143328322e-02
14.803954 4.816616001599404590e-02
14.812264 4.820797804250568502e-02
14.820574 4.824988192044015606e-02
14.828884 4.829187162914237025e-02
14.837194 4.833394714783121465e-02
14.845504 4.837610845559729006e-02
14.853813 4.841835553140457632e-02
14.862123 4.846068835408810088e-02
14.870433 4.850310690235497268e-02
14.878743 4.854561115478329275e-02
14.887053 4.858820108982155050e-02
14.895363 4.863087668578851969e-02
14.903672 4.867363792087329999e-02
14.911982 4.871648477313403336e-02
14.920292 4.875941722049832727e-02
14.928602 4.880243524076165879e-02
14.936912 4.884553881158864436e-02
14.945222 4.888872791051128430e-02
14.953531 4.893200251492925423e-02
14.961841 4.897536260210903769e-02
14.970151 4.901880814918403717e-02
14.978461 4.906233913315383166e-02
14.986771 4.910595553088391990e-02
14.995081 4.914965731910537344e-02
15.003390 4.919344447441439255e-02
15.011700 4.923731697327166784e-02
15.020010 4.928127479200272026e-02
15.028320 4.932531790679691580e-02
15.036630 4.936944629370659116e-02
15.044940 4.941365992864868439e-02
15.053249 4.945795878740152224e-02
15.061559 4.950234284560640213e-02
15.069869 4.954681207876726612e-02
15.078179 4.959136646224941714e-02
15.086489 4.963600597127941494e-02
15.094799 4.968073058094522876e-02
15.103108 4.972554026619490503e-02
15.111418 4.977043500183721964e-02
15.119728 4.981541476254077588e-02
15.128038 4.986047952283371304e-02
15.136348 4.990562925710340103e-02
15.144658 4.995086393959606574e-02
15.152967 4.999618354441665025e-02
15.161277 5.004158804552776008e-02
15.169587 5.008707741675023223e-02
15.177897 5.013265163176216371e-02
15.186207 5.017831066409920299e-02
15.194517 5.022405448715284298e-02
15.202827 5.026988307417224605e-02
15.211136 5.031579639826137818e-02
15.219446 5.036179443238074371e-02
15.227756 5.040787714934640007e-02
15.236066 5.045404452182872951e-02
15.244376 5.050029652235347305e-02
15.252686 5.054663312330062719e-02
15.260995 5.059305429690421491e-02
15.269305 5.063956001525213996e-02
15.277615 5.068615025028534032e-02
15.285925 5.073282497379836414e-02
15.294235 5.077958415743838438e-02
15.302545 5.082642777270452578e-02
15.310854 5.087335579094894034e-02
15.319164 5.092036818337490611e-02
15.327474 5.096746492103747250e-02
15.335784 5.101464597484300229e-02
15.344094 5.106191131554821405e-02
15.352404 5.110926091376082753e-02
15.360713 5.115669473993863375e-02
15.369023 5.120421276438956448e-02
15.377333 5.125181495727117870e-02
15.385643 5.129950128858987851e-02
15.393953 5.134727172820158225e-02
15.402263 5.139512624581105832e-02
15.410572 5.144306481097097455e-02
15.418882 5.149108739308234928e-02
15.427192 5.153919396139413495e-02
15.435502 5.158738448500300999e-02
15.443812 5.163565893285220615e-02
15.452122 5.168401727373236887e-02
15.460431 5.173245947628109243e-02
15.468741 5.178098550898187907e-02
15.477051 5.182959534016425701e-02
15.485361 5.187828893800410651e-02
15.493671 5.192706627052204316e-02
15.501981 5.197592730558468072e-02
15.510291 5.202487201090336827e-02
15.518600 5.207390035403354489e-02
15.526910 5.212301230237569027e-02
15.535220 5.217220782317443656e-02
15.543530 5.222148688351781892e-02
15.551840 5.227084945033810826e-02
15.560150 5.232029549041003480e-02
15.568459 5.236982497035208572e-02
15.576769 5.241943785662513122e-02
15.585079 5.246913411553239676e-02
15.593389 5.251891371322037205e-02
15.601699 5.256877661567638943e-02
15.610009 5.261872278872958830e-02
15.618318 5.266875219805149805e-02
15.626628 5.271886480915397022e-02
15.634938 5.276906058738978916e-02
15.643248 5.281933949795356020e-02
15.651558 5.286970150587857326e-02
15.659868 5.292014657603990452e-02
15.668177 5.297067467315176581e-02
15.676487 5.302128576176799030e-02
15.684797 5.307197980628265699e-02
15.693107 5.312275677092796050e-02
15.701417 5.317361661977609150e-02
15.709727 5.322455931673715501e-02
15.718036 5.327558482556044028e-02
15.726346 5.332669310983272071e-02
15.734656 5.337788413297970408e-02
15.742966 5.342915785826372194e-02
15.751276 5.348051424878580429e-02
15.759586 5.353195326748384081e-02
15.767895 5.358347487713269186e-02
15.776205 5.363507904034409829e-02
15.784515 5.368676571956638999e-02
15.792825 5.373853487708440263e-02
15.801135 5.379038647501946380e-02
15.809445 5.384232047532853949e-02
15.817754 5.389433683980413697e-02
15.826064 5.394643553007456155e-02
15.834374 5.399861650760375692e-02
15.842684 5.405087973368978560e-02
15.850994 5.410322516946667465e-02
15.859304 5.415565277590236176e-02
15.867614 5.420816251379970835e-02
15.875923 5.426075434379565993e-02
15.884233 5.431342822636108653e-02
15.892543 5.436618412180057452e-02
15.900853 5.441902199025292625e-02
15.909163 5.447194179168996647e-02
15.917473 5.452494348591659795e-02
15.925782 5.457802703257081528e-02
15.934092 5.463119239112387837e-02
15.942402 5.468443952087930632e-02
15.950712 5.473776838097303699e-02
15.959022 5.479117893037313558e-02
15.967332 5.484467112788018323e-02
15.975641 5.489824493212620837e-02
15.983951 5.495190030157520722e-02
15.992261 5.500563719452253308e-02
16.000571 5.505945556909450089e-02
16.008881 5.511335538324940719e-02
16.017191 5.516733659477530277e-02
16.025500 5.522139916129222698e-02
16.033810 5.527554304024970278e-02
16.042120 5.532976818892852006e-02
16.050430 5.538407456443903559e-02
16.058740 5.543846212372221388e-02
16.067050 5.549293082354858631e-02
16.075359 5.554748062051818869e-02
16.083669 5.560211147106097762e-02
16.091979 5.565682333143601862e-02
16.100289 5.571161615773177062e-02
16.108599 5.576648990586570431e-02
16.116909 5.582144453158403158e-02
16.125218 5.587647999046146258e-02
16.133528 5.593159623790174007e-02
16.141838 5.598679322913668877e-02
16.150148 5.604207091922652761e-02
16.158458 5.609742926305927996e-02
16.166768 5.615286821535103029e-02
16.175077 5.620838773064590344e-02
16.183387 5.626398776331520413e-02
16.191697 5.631966826755796518e-02
16.200007 5.637542919740026748e-02
16.208317 5.643127050669577427e-02
16.216627 5.648719214912475972e-02
16.224937 5.654319407819458770e-02
16.233246 5.659927624723910811e-02
16.241556 5.665543860941946175e-02
16.249866 5.671168111772210280e-02
16.258176 5.676800372496104002e-02
16.266486 5.682440638377533187e-02
16.274796 5.688088904663101547e-02
16.283105 5.693745166581965639e-02
16.291415 5.699409419345805028e-02
16.299725 5.705081658148968698e-02
16.308035 5.710761878168293948e-02
16.316345 5.716450074563149408e-02
16.324655 5.722146242475475986e-02
16.332964 5.727850377029678614e-02
16.341274 5.733562473332710907e-02
16.349584 5.739282526473973856e-02
16.357894 5.745010531525363007e-02
16.366204 5.750746483541240711e-02
16.374514 5.756490377558428490e-02
16.382823 5.762242208596211196e-02
16.391133 5.768001971656235016e-02
16.399443 5.773769661722644164e-02
16.407753 5.779545273761942104e-02
16.416063 5.785328802723048447e-02
16.424373 5.791120243537254547e-02
16.432682 5.796919591118257498e-02
16.440992 5.802726840362117111e-02
16.449302 5.808541986147196939e-02
16.457612 5.814365023334275989e-02
16.465922 5.820195946766421741e-02
16.474232 5.826034751269042189e-02
16.482541 5.831881431649840047e-02
16.490851 5.837735982698884218e-02
16.499161 5.843598399188475179e-02
16.507471 5.849468675873244206e-02
16.515781 5.855346807490063865e-02
16.524091 5.861232788758084788e-02
16.532400 5.867126614378726651e-02
16.540710 5.873028279035684418e-02
16.549020 5.878937777394843689e-02
16.557330 5.884855104104384782e-02
16.565640 5.890780253794650201e-02
16.573950 5.896713221078239697e-02
16.582260 5.902654000549945046e-02
16.590569 5.908602586786789596e-02
16.598879 5.914558974347926268e-02
16.607189 5.920523157774801315e-02
16.615499 5.926495131590936438e-02
16.623809 5.932474890302045362e-02
16.632119 5.938462428396080323e-02
16.640428 5.944457740343044028e-02
16.648738 5.950460820595198513e-02
16.657048 5.956471663586825754e-02
16.665358 5.962490263734495505e-02
16.673668 5.968516615436782191e-02
16.681978 5.974550713074426589e-02
16.690287 5.980592551010290026e-02
16.698597 5.986642123589361320e-02
16.706907 5.992699425138743596e-02
16.715217 5.998764449967598084e-02
16.723527 6.004837192367238480e-02
16.731837 6.010917646610956788e-02
16.740146 6.017005806954309199e-02
16.748456 6.023101667634746942e-02
16.756766 6.029205222871952818e-02
16.765076 6.035316466867572671e-02
16.773386 6.041435393805373588e-02
16.781696 6.047561997851135657e-02
16.790005 6.053696273152752577e-02
16.798315 6.059838213840126886e-02
16.806625 6.065987814025263630e-02
16.814935 6.072145067802094121e-02
16.823245 6.078309969246754180e-02
16.831555 6.084482512417288547e-02
16.839864 6.090662691353809083e-02
16.848174 6.096850500078509344e-02
16.856484 6.103045932595541068e-02
16.864794 6.109248982891125890e-02
16.873104 6.115459644933452649e-02
16.881414 6.121677912672799510e-02
16.889724 6.127903780041403514e-02
16.898033 6.134137240953550091e-02
16.906343 6.140378289305500198e-02
16.914653 6.146626918975524323e-02
16.922963 6.152883123823987832e-02
16.931273 6.159146897693099088e-02
16.939583 6.165418234407202963e-02
16.947892 6.171697127772608066e-02
16.956202 6.177983571577577021e-02
16.964512 6.184277559592459006e-02
16.972822 6.190579085569476725e-02
16.981132 6.196888143243016456e-02
16.989442 6.203204726329233226e-02
16.997751 6.209528828526482414e-02
17.006061 6.215860443515018596e-02
17.014371 6.222199564957119761e-02
17.022681 6.228546186496992931e-02
17.030991 6.234900301760896990e-02
17.039301 6.241261904357074675e-02
17.047610 6.247630987875738007e-02
17.055920 6.254007545889116171e-02
17.064230 6.260391571951383349e-02
17.072540 6.266783059598762806e-02
17.080850 6.273182002349474151e-02
17.089160 6.279588393703640359e-02
17.097469 6.286002227143479282e-02
17.105779 6.292423496133160710e-02
17.114089 6.298852194118796655e-02
17.122399 6.305288314528657845e-02
17.130709 6.311731850772814290e-02
17.139019 6.318182796243479449e-02
17.147328 6.324641144314814556e-02
17.155638 6.331106888342973027e-02
17.163948 6.337580021666149033e-02
17.172258 6.344060537604516437e-02
17.180568 6.350548429460271815e-02
17.188878 6.357043690517613643e-02
17.197187 6.363546314042752006e-02
17.205497 6.370056293283954396e-02
17.213807 6.376573621471469389e-02
17.222117 6.383098291817568271e-02
17.230427 6.389630297516549207e-02
17.238737 6.396169631744762218e-02
17.247047 6.402716287660574490e-02
17.255356 6.409270258404395348e-02
17.263666 6.415831537098637405e-02
17.271976 6.422400116847817864e-02
17.280286 6.428975990738451662e-02
17.288596 6.435559151839151393e-02
17.296906 6.442149593200519053e-02
17.305215 6.448747307855284827e-02
17.313525 6.455352288818202999e-02
17.321835 6.461964529086093589e-02
17.330145 6.468584021637879822e-02
17.338455 6.475210759434531227e-02
17.346765 6.481844735419116377e-02
17.355074 6.488485942516783456e-02
17.363384 6.495134373634765812e-02
17.371694 6.501790021662448571e-02
17.380004 6.508452879471245123e-02
17.388314 6.515122939914723410e-02
17.396624 6.521800195828561519e-02
17.404933 6.528484640030537967e-02
17.413243 6.535176265320609412e-02
17.421553 6.541875064480769109e-02
17.429863 6.548581030275271719e-02
17.438173 6.555294155450419602e-02
17.446483 6.562014432734734892e-02
17.454792 6.568741854838844318e-02
17.463102 6.575476414455581897e-02
17.471412 6.582218104259922320e-02
17.479722 6.588966916909044791e-02
17.488032 6.595722845042298332e-02
17.496342 6.602485881281280888e-02
17.504651 6.609256018229671403e-02
17.512961 6.616033248473481010e-02
17.521271 6.622817564580914251e-02
17.529581 6.629608959102326060e-02
17.537891 6.636407424570392455e-02
17.546201 6.643212953499971762e-02
17.554510 6.650025538388222579e-02
17.562820 6.656845171714520504e-02
17.571130 6.663671845940527527e-02
17.579440 6.670505553510153174e-02
17.587750 6.677346286849646095e-02
17.596060 6.684194038367492763e-02
17.604370 6.691048800454515999e-02
17.612679 6.697910565483849998e-02
17.620989 6.704779325810926449e-02
17.629299 6.711655073773495350e-02
17.637609 6.718537801691740197e-02
17.645919 6.725427501868064262e-02
17.654229 6.732324166587277947e-02
17.662538 6.739227788116634865e-02
17.670848 6.746138358705663918e-02
17.679158 6.753055870586345544e-02
17.687468 6.759980315973028453e-02
17.695778 6.766911687062499015e-02
17.704088 6.773849976033920195e-02
17.712397 6.780795175048948131e-02
17.720707 6.787747276251654416e-02
17.729017 6.794706271768545525e-02
17.737327 6.801672153708561430e-02
17.745637 6.808644914163261563e-02
17.753947 6.815624545206523666e-02
17.762256 6.822611038894839386e-02
17.770566 6.829604387267149135e-02
17.778876 6.836604582344933678e-02
17.787186 6.843611616132232178e-02
17.795496 6.850625480615539498e-02
17.803806 6.857646167764101797e-02
17.812115 6.864673669529493261e-02
17.820425 6.871707977846072679e-02
17.828735 6.878749084630658706e-02
17.837045 6.885796981782761617e-02
17.845355 6.892851661184494494e-02
17.853665 6.899913114700574612e-02
17.861974 6.906981334178390053e-02
17.870284 6.914056311448005254e-02
17.878594 6.921138038322109665e-02
17.886904 6.928226506596135703e-02
17.895214 6.935321708048219902e-02
17.903524 6.942423634439093272e-02
17.911833 6.949532277512403267e-02
17.920143 6.956647628994418187e-02
17.928453 6.963769680594154854e-02
17.936763 6.970898424003456328e-02
17.945073 6.978033850896947499e-02
17.953383 6.985175952932010102e-02
17.961693 6.992324721748872929e-02
17.970002 6.999480148970592397e-02
17.978312 7.006642226203059487e-02
17.986622 7.013810945035024724e-02
17.994932 7.020986297038081525e-02
18.003242 7.028168273766795260e-02
18.011552 7.035356866758551986e-02
18.019861 7.042552067533693061e-02
18.028171 7.049753867595491552e-02
18.036481 7.056962258430170276e-02
18.044791 7.064177231506933718e-02
18.053101 7.071398778277923625e-02
18.061411 7.078626890178341124e-02
18.069720 7.085861558626344037e-02
18.078030 7.093102775023171769e-02
18.086340 7.100350530753074541e-02
18.094650 7.107604817183381385e-02
18.102960 7.114865625664526516e-02
18.111270 7.122132947529952185e-02
18.119579 7.129406774096330723e-02
18.127889 7.136687096663436869e-02
18.136199 7.143973906514092254e-02
18.144509 7.151267194914415204e-02
18.152819 7.158566953113663922e-02
18.161129 7.165873172344257303e-02
18.169438 7.173185843821860974e-02
18.177748 7.180504958745420607e-02
18.186058 7.187830508297068932e-02
18.194368 7.195162483642211781e-02
18.202678 7.202500875929625235e-02
18.210988 7.209845676291291861e-02
18.219297 7.217196875842589454e-02
18.227607 7.224554465682188342e-02
18.235917 7.231918436892197100e-02
18.244227 7.239288780538018220e-02
18.252537 7.246665487668574324e-02
18.260847 7.254048549316050032e-02
18.269156 7.261437956496169521e-02
18.277466 7.268833700208131299e-02
18.285776 7.276235771434588773e-02
18.294086 7.283644161141621109e-02
18.302396 7.291058860278967768e-02
18.310706 7.298479859779762047e-02
18.319016 7.305907150560789209e-02
18.327325 7.313340723522339382e-02
18.335635 7.320780569548390737e-02
18.343945 7.328226679506458230e-02
18.352255 7.335679044247696290e-02
18.360565 7.343137654606954334e-02
18.368875 7.350602501402764277e-02
18.377184 7.358073575437305835e-02
18.385494 7.365550867496528653e-02
18.393804 7.373034368350095402e-02
18.402114 7.380524068751419253e-02
18.410424 7.388019959437744366e-02
18.418734 7.395522031130057072e-02
18.427043 7.403030274533191346e-02
18.435353 7.410544680335849621e-02
18.443663 7.418065239210551443e-02
18.451973 7.425591941813798613e-02
18.460283 7.433124778785857312e-02
18.468593 7.440663740751055077e-02
18.476902 7.448208818317621216e-02
18.485212 7.455760002077786719e-02
18.493522 7.463317282607725978e-02
18.501832 7.470880650467692785e-02
18.510142 7.478450096201944008e-02
18.518452 7.486025610338840897e-02
18.526761 7.493607183390785242e-02
18.535071 7.501194805854376202e-02
18.543381 7.508788468210214617e-02
18.551691 7.516388160923176409e-02
18.560001 7.523993874442276575e-02
18.568311 7.531605599200728862e-02
18.576620 7.539223325615945770e-02
18.584930 7.546847044089645407e-02
18.593240 7.554476745007800143e-02
18.601550 7.562112418740667141e-02
18.609860 7.569754055642839707e-02
18.618170 7.577401646053225082e-02
18.626480 7.585055180295177668e-02
18.634789 7.592714648676338052e-02
18.643099 7.600380041488828675e-02
18.651409 7.608051349009239961e-02
18.659719 7.615728561498541493e-02
18.668029 7.623411669202287411e-02
18.676339 7.631100662350502606e-02
18.684648 7.638795531157731300e-02
18.692958 7.646496265823078675e-02
18.701268 7.654202856530351040e-02
18.709578 7.661915293447828235e-02
18.717888 7.669633566728499552e-02
18.726198 7.677357666510030432e-02
18.734507 7.685087582914734705e-02
18.742817 7.692823306049685617e-02
18.751127 7.700564826006640884e-02
18.759437 7.708312132862206456e-02
18.767747 7.716065216677742145e-02
18.776057 7.723824067499382440e-02
18.784366 7.731588675358223861e-02
18.792676 7.739359030270089035e-02
18.800986 7.747135122235818128e-02
18.809296 7.754916941241118966e-02
18.817606 7.762704477256689162e-02
18.825916 7.770497720238135619e-02
18.834225 7.778296660126166051e-02
18.842535 7.786101286846408565e-02
18.850845 7.793911590309661463e-02
18.859155 7.801727560411722551e-02
18.867465 7.809549187033539008e-02
18.875775 7.817376460041230990e-02
18.884084 7.825209369286008354e-02
18.892394 7.833047904604319156e-02
18.900704 7.840892055817870465e-02
18.909014 7.848741812733547873e-02
18.917324 7.856597165143534844e-02
18.925634 7.864458102825393204e-02
18.933943 7.872324615541899384e-02
18.942253 7.880196693041259526e-02
18.950563 7.888074325057083114e-02
18.958873 7.895957501308364934e-02
18.967183 7.903846211499555852e-02
18.975493 7.911740445320548931e-02
18.983803 7.919640192446818217e-02
18.992112 7.927545442539307707e-02
19.000422 7.935456185244549321e-02
19.008732 7.943372410194607380e-02
19.017042 7.951294107007278456e-02
19.025352 7.959221265285870706e-02
19.033662 7.967153874619523068e-02
19.041971 7.975091924582933256e-02
19.050281 7.983035404736592289e-02
19.058591 7.990984304626801149e-02
19.066901 7.998938613785576413e-02
19.075211 8.006898321730830659e-02
19.083521 8.014863417966269776e-02
19.091830 8.022833891981534515e-02
19.100140 8.030809733252124161e-02
19.108450 8.038790931239551962e-02
19.116760 8.046777475391234113e-02
19.125070 8.054769355140647957e-02
19.133380 8.062766559907266761e-02
19.141689 8.070769079096662413e-02
19.149999 8.078776902100420765e-02
19.158309 8.086790018296406701e-02
19.166619 8.094808417048490745e-02
19.174929 8.102832087706819675e-02
19.183239 8.110861019607726319e-02
19.191548 8.118895202073762862e-02
19.199858 8.126934624413853503e-02
19.208168 8.134979275923136244e-02
19.216478 8.143029145883154407e-02
19.224788 8.151084223561821940e-02
19.233098 8.159144498213417862e-02
19.241407 8.167209959078713943e-02
19.249717 8.175280595384895599e-02
19.258027 8.183356396345660422e-02
19.266337 8.191437351161311164e-02
19.274647 8.199523449018600307e-02
19.282957 8.207614679090967369e-02
19.291266 8.215711030538516702e-02
19.299576 8.223812492507849570e-02
19.307886 8.231919054132386115e-02
19.316196 8.240030704532270989e-02
19.324506 8.248147432814394164e-02
19.332816 8.256269228072377064e-02
19.341126 8.264396079386793215e-02
19.349435 8.272527975824908730e-02
19.357745 8.280664906441045914e-02
19.366055 8.288806860276322352e-02
19.374365 8.296953826358856310e-02
19.382675 8.305105793703806971e-02
19.390985 8.313262751313288401e-02
19.399294 8.321424688176433382e-02
19.407604 8.329591593269644600e-02
19.415914 8.337763455556228276e-02
19.424224 8.345940263986749430e-02
19.432534 8.354122007499006908e-02
19.440844 8.362308675017929294e-02
19.449153 8.370500255455765037e-02
19.457463 8.378696737712031106e-02
19.465773 8.386898110673596252e-02
19.474083 8.395104363214622722e-02
19.482393 8.403315484196741125e-02
19.490703 8.411531462468978260e-02
19.499012 8.419752286867855651e-02
19.507322 8.427977946217311833e-02
19.515632 8.436208429328896641e-02
19.523942 8.444443725001676837e-02
19.532252 8.452683822022365179e-02
19.540562 8.460928709165289885e-02
19.548871 8.469178375192450148e-02
19.557181 8.477432808853509194e-02
19.565491 8.485691998885946941e-02
19.573801 8.493955934014971176e-02
19.582111 8.502224602953611932e-02
19.590421 8.510497994402743682e-02
19.598730 8.518776097051128371e-02
19.607040 8.527058899575444550e-02
19.615350 8.535346390640281833e-02
19.623660 8.543638558898344892e-02
19.631970 8.551935392990182849e-02
19.640280 8.560236881544552867e-02
19.648589 8.568543013178242518e-02
19.656899 8.576853776496168313e-02
19.665209 8.585169160091461749e-02
19.673519 8.593489152545411014e-02
19.681829 8.601813742427544263e-02
19.690139 8.610142918295662917e-02
19.698449 8.618476668695966569e-02
19.706758 8.626814982162901713e-02
19.715068 8.635157847219311622e-02
19.723378 8.643505252376543213e-02
19.731688 8.651857186134292999e-02
19.739998 8.660213636980833296e-02
19.748308 8.668574593392984473e-02
19.756617 8.676940043836045557e-02
19.764927 8.685309976763984363e-02
19.773237 8.693684380619420837e-02
19.781547 8.702063243833610406e-02
19.789857 8.710446554826577203e-02
19.798167 8.718834302007093251e-02
19.806476 8.727226473772685400e-02
19.814786 8.735623058509729699e-02
19.823096 8.744024044593483314e-02
19.831406 8.752429420388103953e-02
19.839716 8.760839174246695671e-02
19.848026 8.769253294511374086e-02
19.856335 8.777671769513183120e-02
19.864645 8.786094587572305936e-02
19.872955 8.794521736997951145e-02
19.881265 8.802953206088566518e-02
19.889575 8.811388983131679398e-02
19.897885 8.819829056404038248e-02
19.906194 8.828273414171718125e-02
19.914504 8.836722044689965250e-02
19.922814 8.845174936203388516e-02
19.931124 8.853632076945999740e-02
19.939434 8.862093455141205334e-02
19.947744 8.870559059001813240e-02
19.956053 8.879028876730109265e-02
19.964363 8.887502896517959772e-02
19.972673 8.895981106546732575e-02
19.980983 8.904463494987402417e-02
19.989293 8.912950050000580104e-02
19.997603 8.921440759736533332e-02
20.005913 8.929935612335269945e-02
20.014222 8.938434595926564308e-02
20.022532 8.946937698629892077e-02
20.030842 8.955444908554700822e-02
20.039152 8.963956213800189365e-02
20.047462 8.972471602455499295e-02
20.055772 8.980991062599728847e-02
20.064081 8.989514582302016166e-02
20.072391 8.998042149621406083e-02
20.080701 9.006573752607124894e-02
20.089011 9.015109379298429093e-02
20.097321 9.023649017724758026e-02
20.105631 9.032192655905760259e-02
20.113940 9.040740281851300519e-02
20.122250 9.049291883561429162e-02
20.130560 9.057847449026656950e-02
20.138870 9.066406966227694153e-02
20.147180 9.074970423135729491e-02
20.155490 9.083537807712366297e-02
20.163799 9.092109107909628063e-02
20.172109 9.100684311670112492e-02
20.180419 9.109263406926887408e-02
20.188729 9.117846381603758599e-02
20.197039 9.126433223614965895e-02
20.205349 9.135023920865567582e-02
20.213658 9.143618461251247498e-02
20.221968 9.152216832658552348e-02
20.230278 9.160819022964711289e-02
20.238588 9.169425020037814955e-02
20.246898 9.178034811736805743e-02
20.255208 9.186648385911669323e-02
20.263517 9.195265730403215376e-02
20.271827 9.203886833043287141e-02
20.280137 9.212511681654812767e-02
20.288447 9.221140264051737312e-02
20.296757 9.229772568039190661e-02
20.305067 9.238408581413394549e-02
20.313376 9.247048291961842970e-02
20.321686 9.255691687463230011e-02
20.329996 9.264338755687624716e-02
20.338306 9.272989484396312876e-02
20.346616 9.281643861342023238e-02
20.354926 9.290301874268842852e-02
20.363236 9.298963510912394703e-02
20.371545 9.307628758999732244e-02
20.379855 9.316297606249472618e-02
20.388165 9.324970040371825808e-02
20.396475 9.333646049068611283e-02
20.404785 9.342325620033310740e-02
20.413095 9.351008740951143039e-02
20.421404 9.359695399499039226e-02
20.429714 9.368385583345700818e-02
20.438024 9.377079280151791318e-02
20.446334 9.385776477569664211e-02
20.454644 9.394477163243764029e-02
20.462954 9.403181324810336306e-02
20.471263 9.411888949897809220e-02
20.479573 9.420600026126520199e-02
20.487883 9.429314541108972658e-02
20.496193 9.438032482449738858e-02
20.504503 9.446753837745594518e-02
20.512813 9.455478594585557672e-02
20.521122 9.464206740550892838e-02
20.529432 9.472938263215122112e-02
20.537742 9.481673150144202811e-02
20.546052 9.490411388896395628e-02
20.554362 9.499152967022451988e-02
20.562672 9.507897872065577960e-02
20.570981 9.516646091561477283e-02
20.579291 9.525397613038431854e-02
20.587601 9.534152424017322547e-02
20.595911 9.542910512011765212e-02
20.604221 9.551671864527887246e-02
20.612531 9.560436469064734211e-02
20.620840 9.569204313113981175e-02
20.629150 9.577975384160189454e-02
20.637460 9.586749669680860730e-02
20.645770 9.595527157146235830e-02
20.654080 9.604307834019679135e-02
20.662390 9.613091687757432946e-02
20.670699 9.621878705808831200e-02
20.679009 9.630668875616264779e-02
20.687319 9.639462184615299467e-02
20.695629 9.648258620234613503e-02
20.703939 9.657058169896091948e-02
20.712249 9.665860821014993221e-02
20.720559 9.674666560999710396e-02
20.728868 9.683475377252107053e-02
20.737178 9.692287257167389591e-02
20.745488 9.701102188134212712e-02
20.753798 9.709920157534679408e-02
20.762108 9.718741152744465872e-02
20.770418 9.727565161132734062e-02
20.778727 9.736392170062357909e-02
20.787037 9.745222166889820625e-02
20.795347 9.754055138965279925e-02
20.803657 9.762891073632608274e-02
20.811967 9.771729958229598278e-02
20.820277 9.780571780087743416e-02
20.828586 9.789416526532475349e-02
20.836896 9.798264184883109795e-02
20.845206 9.807114742452976985e-02
20.853516 9.815968186549407781e-02
20.861826 9.824824504473708697e-02
20.870136 9.833683683521390884e-02
20.878445 9.842545710982048002e-02
20.886755 9.851410574139492227e-02
20.895065 9.860278260271737594e-02
20.903375 9.869148756651104082e-02
20.911685 9.878022050544273125e-02
20.919995 9.886898129212184916e-02
20.928304 9.895776979910242410e-02
20.936614 9.904658589888341857e-02
20.944924 9.913542946390900557e-02
20.953234 9.922430036656752772e-02
20.961544 9.931319847919437005e-02
20.969854 9.940212367407159910e-02
20.978163 9.949107582342689438e-02
20.986473 9.958005479943611571e-02
20.994783 9.966906047422227632e-02
21.003093 9.975809271985744409e-02
21.011403 9.984715140836117331e-02
21.019713 9.993623641170298888e-02
21.028022 1.000253476018011650e-01
21.036332 1.001144848505253621e-01
21.044642 1.002036480296937676e-01
21.052952 1.002928370110762885e-01
21.061262 1.003820516663953971e-01
21.069572 1.004712918673231481e-01
21.077882 1.005605574854857437e-01
21.086191 1.006498483924610082e-01
21.094501 1.007391644597799285e-01
21.102811 1.008285055589280832e-01
21.111121 1.009178715613439081e-01
21.119431 1.010072623384213192e-01
21.127741 1.010966777615080608e-01
21.136050 1.011861177019089814e-01
21.144360 1.012755820308833959e-01
21.152670 1.013650706196472934e-01
21.160980 1.014545833393740021e-01
21.169290 1.015441200611936212e-01
21.177600 1.016336806561937978e-01
21.185909 1.017232649954214335e-01
21.194219 1.018128729498805063e-01
21.202529 1.019025043905350258e-01
21.210839 1.019921591883088674e-01
21.219149 1.020818372140850916e-01
21.227459 1.021715383387075959e-01
21.235768 1.022612624329805875e-01
21.244078 1.023510093676716498e-01
21.252388 1.024407790135075935e-01
21.260698 1.025305712411791470e-01
21.269008 1.026203859213392772e-01
21.277318 1.027102229246046605e-01
21.285627 1.028000821215548088e-01
21.293937 1.028899633827345533e-01
21.302247 1.029798665786519629e-01
21.310557 1.030697915797811615e-01
21.318867 1.031597382565612037e-01
21.327177 1.032497064793979902e-01
21.335486 1.033396961186625607e-01
21.343796 1.034297070446937444e-01
21.352106 1.035197391277980494e-01
21.360416 1.036097922382486630e-01
21.368726 1.036998662462883108e-01
21.377036 1.037899610221276608e-01
21.385345 1.038800764359465584e-01
21.393655 1.039702123578949977e-01
21.401965 1.040603686580935106e-01
21.410275 1.041505452066313758e-01
21.418585 1.042407418735710467e-01
21.426895 1.043309585289455554e-01
21.435205 1.044211950427595542e-01
21.443514 1.045114512849912441e-01
21.451824 1.046017271255904879e-01
21.460134 1.046920224344815714e-01
21.468444 1.047823370815619409e-01
21.476754 1.048726709367035353e-01
21.485064 1.049630238697531887e-01
21.493373 1.050533957505332960e-01
21.501683 1.051437864488405927e-01
21.509993 1.052341958344496509e-01
21.518303 1.053246237771103266e-01
21.526613 1.054150701465509238e-01
21.534923 1.055055348124762093e-01
21.543232 1.055960176445690651e-01
21.551542 1.056865185124912371e-01
21.559852 1.057770372858832797e-01
21.568162 1.058675738343645839e-01
21.576472 1.059581280275357779e-01
21.584782 1.060486997349767146e-01
21.593091 1.061392888262482209e-01
21.601401 1.062298951708921663e-01
21.609711 1.063205186384335726e-01
21.618021 1.064111590983771310e-01
21.626331 1.065018164202124751e-01
21.634641 1.065924904734117801e-01
21.642950 1.066831811274295411e-01
21.651260 1.067738882517058757e-01
21.659570 1.068646117156650394e-01
21.667880 1.069553513887159524e-01
21.676190 1.070461071402529496e-01
21.684500 1.071368788396563770e-01
21.692809 1.072276663562933829e-01
21.701119 1.073184695595174043e-01
21.709429 1.074092883186689995e-01
21.717739 1.075001225030776941e-01
21.726049 1.075909719820599270e-01
21.734359 1.076818366249212428e-01
21.742669 1.077727163009567640e-01
21.750978 1.078636108794507609e-01
21.759288 1.079545202296782885e-01
21.767598 1.080454442209035637e-01
21.775908 1.081363827223836005e-01
21.784218 1.082273356033659067e-01
21.792528 1.083183027330896636e-01
21.800837 1.084092839807873077e-01
21.809147 1.085002792156834761e-01
21.817457 1.085912883069967000e-01
21.825767 1.086823111239390710e-01
21.834077 1.087733475357173935e-01
21.842387 1.088643974115321295e-01
21.850696 1.089554606205796888e-01
21.859006 1.090465370320524430e-01
21.867316 1.091376265151387387e-01
21.875626 1.092287289390232868e-01
21.883936 1.093198441728876619e-01
21.892246 1.094109720859115370e-01
21.900555 1.095021125472721846e-01
21.908865 1.095932654261457390e-01
21.917175 1.096844305917071966e-01
21.925485 1.097756079131303741e-01
21.933795 1.098667972595895048e-01
21.942105 1.099579985002590576e-01
21.950414 1.100492115043143621e-01
21.958724 1.101404361409319133e-01
21.967034 1.102316722792897469e-01
21.975344 1.103229197885678137e-01
21.983654 1.104141785379502971e-01
21.991964 1.105054483966227546e-01
22.000273 1.105967292337746155e-01
22.008583 1.106880209186000413e-01
22.016893 1.107793233202971350e-01
22.025203 1.108706363080693841e-01
22.033513 1.109619597511249528e-01
22.041823 1.110532935186790554e-01
22.050132 1.111446374799521103e-01
22.058442 1.112359915041719327e-01
22.066752 1.113273554605736237e-01
22.075062 1.114187292184004169e-01
22.083372 1.115101126469022347e-01
22.091682 1.116015056153395746e-01
22.099992 1.116929079929809832e-01
22.108301 1.117843196491048879e-01
22.116611 1.118757404529996669e-01
22.124921 1.119671702739640368e-01
22.133231 1.120586089813084135e-01
22.141541 1.121500564443538989e-01
22.149851 1.122415125324337376e-01
22.158160 1.123329771148936784e-01
22.166470 1.124244500610918907e-01
22.174780 1.125159312404004908e-01
22.183090 1.126074205222050983e-01
22.191400 1.126989177759052663e-01
22.199710 1.127904228709149109e-01
22.208019 1.128819356766638943e-01
22.216329 1.129734560625977186e-01
22.224639 1.130649838981770544e-01
22.232949 1.131565190528795728e-01
22.241259 1.132480613962000421e-01
22.249569 1.133396107976505085e-01
22.257878 1.134311671267612120e-01
22.266188 1.135227302530796428e-01
22.274498 1.136143000461736635e-01
22.282808 1.137058763756294555e-01
22.291118 1.137974591110525319e-01
22.299428 1.138890481220699302e-01
22.307737 1.139806432783277423e-01
22.316047 1.140722444494950277e-01
22.324357 1.141638515052603442e-01
22.332667 1.142554643153355920e-01
22.340977 1.143470827494548619e-01
22.349287 1.144387066773749490e-01
22.357596 1.145303359688764622e-01
22.365906 1.146219704937631451e-01
22.374216 1.147136101218636101e-01
22.382526 1.148052547230311582e-01
22.390836 1.148969041671438485e-01
22.399146 1.149885583241064824e-01
22.407455 1.150802170638482030e-01
22.415765 1.151718802563264504e-01
22.424075 1.152635477715248935e-01
22.432385 1.153552194794546792e-01
22.440695 1.154468952501549878e-01
22.449005 1.155385749536931711e-01
22.457315 1.156302584601659744e-01
22.465624 1.157219456396989532e-01
22.473934 1.158136363624470422e-01
22.482244 1.159053304985966232e-01
22.490554 1.159970279183635405e-01
22.498864 1.160887284919951690e-01
22.507174 1.161804320897708021e-01
22.515483 1.162721385820007086e-01
22.523793 1.163638478390290332e-01
22.532103 1.164555597312310065e-01
22.540413 1.165472741290174974e-01
22.548723 1.166389909028314464e-01
22.557033 1.167307099231499473e-01
22.565342 1.168224310604860511e-01
22.573652 1.169141541853872535e-01
22.581962 1.170058791684367439e-01
22.590272 1.170976058802536274e-01
22.598582 1.171893341914939934e-01
22.606892 1.172810639728499305e-01
22.615201 1.173727950950518295e-01
22.623511 1.174645274288675101e-01
22.631821 1.175562608451029278e-01
22.640131 1.176479952146033958e-01
22.648441 1.177397304082528490e-01
22.656751 1.178314662969752319e-01
22.665060 1.179232027517343601e-01
22.673370 1.180149396435340031e-01
22.681680 1.181066768434204800e-01
22.689990 1.181984142224794671e-01
22.698300 1.182901516518408552e-01
22.706610 1.183818890026735460e-01
22.714919 1.184736261461929313e-01
22.723229 1.185653629536548986e-01
22.731539 1.186570992963604659e-01
22.739849 1.187488350456533531e-01
22.748159 1.188405700729232017e-01
22.756469 1.189323042496037153e-01
22.764778 1.190240374471741164e-01
22.773088 1.191157695371598407e-01
22.781398 1.192075003911322040e-01
22.789708 1.192992298807090956e-01
22.798018 1.193909578775564084e-01
22.806328 1.194826842533865674e-01
22.814638 1.195744088799608473e-01
22.822947 1.196661316290884292e-01
22.831257 1.197578523726275379e-01
22.839567 1.198495709824860395e-01
22.847877 1.199412873306216348e-01
22.856187 1.200330012890415271e-01
22.864497 1.201247127298037259e-01
22.872806 1.202164215250184631e-01
22.881116 1.203081275468465133e-01
22.889426 1.203998306675001934e-01
22.897736 1.204915307592448331e-01
22.906046 1.205832276943997750e-01
22.914356 1.206749213453347930e-01
22.922665 1.207666115844758942e-01
22.930975 1.208582982843023762e-01
22.939285 1.209499813173467997e-01
22.947595 1.210416605561995262e-01
22.955905 1.211333358735041110e-01
22.964215 1.212250071419599118e-01
22.972524 1.213166742343238097e-01
22.980834 1.214083370234094045e-01
22.989144 1.214999953820862649e-01
22.997454 1.215916491832824686e-01
23.005764 1.216832982999830615e-01
23.014074 1.217749426052329303e-01
23.022383 1.218665819721348742e-01
23.030693 1.219582162738512693e-01
23.039003 1.220498453836047631e-01
23.047313 1.221414691746762898e-01
23.055623 1.222330875204096362e-01
23.063933 1.223247002942081940e-01
23.072242 1.224163073695373888e-01
23.080552 1.225079086199233752e-01
23.088862 1.225995039189563124e-01
23.097172 1.226910931402883098e-01
23.105482 1.227826761576335940e-01
23.113792 1.228742528447711035e-01
23.122102 1.229658230755437121e-01
23.130411 1.230573867238582558e-01
23.138721 1.231489436636855755e-01
23.147031 1.232404937690641522e-01
23.155341 1.233320369140953887e-01
23.163651 1.234235729729482450e-01
23.171961 1.235151018198577394e-01
23.180270 1.236066233291260308e-01
23.188580 1.236981373751221552e-01
23.196890 1.237896438322832332e-01
23.205200 1.238811425751144418e-01
23.213510 1.239726334781895839e-01
23.221820 1.240641164161518512e-01
23.230129 1.241555912637122977e-01
23.238439 1.242470578956532956e-01
23.246749 1.243385161868266892e-01
23.255059 1.244299660121557932e-01
23.263369 1.245214072466339361e-01
23.271679 1.246128397653263192e-01
23.279988 1.247042634433705444e-01
23.288298 1.247956781559755729e-01
23.296608 1.248870837784228083e-01
23.304918 1.249784801860684552e-01
23.313228 1.250698672543411050e-01
23.321538 1.251612448587428594e-01
23.329847 1.252526128748506773e-01
23.338157 1.253439711783164989e-01
23.346467 1.254353196448667052e-01
23.354777 1.255266581503043932e-01
23.363087 1.256179865705063792e-01
23.371397 1.257093047814288600e-01
23.379706 1.258006126591025842e-01
23.388016 1.258919100796353219e-01
23.396326 1.259831969192146406e-01
23.404636 1.260744730541035474e-01
23.412946 1.261657383606449856e-01
23.421256 1.262569927152602245e-01
23.429565 1.263482359944494149e-01
23.437875 1.264394680747922550e-01
23.446185 1.265306888329497392e-01
23.454495 1.266218981456612436e-01
23.462805 1.267130958897483006e-01
23.471115 1.268042819421129619e-01
23.479425 1.268954561797393799e-01
23.487734 1.269866184796931419e-01
23.496044 1.270777687191231853e-01
23.504354 1.271689067752590496e-01
23.512664 1.272600325254161224e-01
23.520974 1.273511458469910040e-01
23.529284 1.274422466174663371e-01
23.537593 1.275333347144072538e-01
23.545903 1.276244100154647620e-01
23.554213 1.277154723983743578e-01
23.562523 1.278065217409579679e-01
23.570833 1.278975579211221181e-01
23.579143 1.279885808168600148e-01
23.587452 1.280795903062528496e-01
23.595762 1.281705862674671070e-01
23.604072 1.282615685787577842e-01
23.612382 1.283525371184670028e-01
23.620692 1.284434917650257579e-01
23.629002 1.285344323969537794e-01
23.637311 1.286253588928586433e-01
23.645621 1.287162711314381869e-01
23.653931 1.288071689914810358e-01
23.662241 1.288980523518634125e-01
23.670551 1.289889210915544926e-01
23.678861 1.290797750896128249e-01
23.687170 1.291706142251889677e-01
23.695480 1.292614383775255726e-01
23.703790 1.293522474259563848e-01
23.712100 1.294430412499071037e-01
23.720410 1.295338197288987414e-01
23.728720 1.296245827425427655e-01
23.737029 1.297153301705455120e-01
23.745339 1.298060618927077414e-01
23.753649 1.298967777889231678e-01
23.761959 1.299874777391812064e-01
23.770269 1.300781616235660854e-01
23.778579 1.301688293222570958e-01
23.786888 1.302594807155302847e-01
23.795198 1.303501156837569841e-01
23.803508 1.304407341074056981e-01
23.811818 1.305313358670412427e-01
23.820128 1.306219208433259116e-01
23.828438 1.307124889170204751e-01
23.836748 1.308030399689825429e-01
23.845057 1.308935738801689785e-01
23.853367 1.309840905316349002e-01
23.861677 1.310745898045354851e-01
23.869987 1.311650715801238876e-01
23.878297 1.312555357397538758e-01
23.886607 1.313459821648807757e-01
23.894916 1.314364107370581125e-01
23.903226 1.315268213379419127e-01
23.911536 1.316172138492893440e-01
23.919846 1.317075881529595482e-01
23.928156 1.317979441309125310e-01
23.936466 1.318882816652111600e-01
23.944775 1.319786006380224974e-01
23.953085 1.320689009316147189e-01
23.961395 1.321591824283604999e-01
23.969705 1.322494450107363495e-01
23.978015 1.323396885613234431e-01
23.986325 1.324299129628055682e-01
23.994634 1.325201180979739268e-01
24.002944 1.326103038497232489e-01
24.011254 1.327004701010542076e-01
24.019564 1.327906167350740574e-01
24.027874 1.328807436349961624e-01
24.036184 1.329708506841403848e-01
24.044493 1.330609377659324466e-01
24.052803 1.331510047639082595e-01
24.061113 1.332410515617087898e-01
24.069423 1.333310780430842779e-01
24.077733 1.334210840918933216e-01
24.086043 1.335110695921030988e-01
24.094352 1.336010344277895057e-01
24.102662 1.336909784831384895e-01
24.110972 1.337809016424459652e-01
24.119282 1.338708037901168157e-01
24.127592 1.339606848106681125e-01
24.135902 1.340505445887262281e-01
24.144211 1.341403830090295013e-01
24.152521 1.342301999564276260e-01
24.160831 1.343199953158817905e-01
24.169141 1.344097689724662315e-01
24.177451 1.344995208113664298e-01
24.185761 1.345892507178816089e-01
24.194071 1.346789585774239295e-01
24.202380 1.347686442755195724e-01
24.210690 1.348583076978076001e-01
24.219000 1.349479487300418168e-01
24.227310 1.350375672580910735e-01
24.235620 1.351271631679378804e-01
24.243930 1.352167363456810711e-01
24.252239 1.353062866775341655e-01
24.260549 1.353958140498263685e-01
24.268859 1.354853183490051516e-01
24.277169 1.355747994616316732e-01
24.285479 1.356642572743850805e-01
24.293789 1.357536916740624544e-01
24.302098 1.358431025475771159e-01
24.310408 1.359324897819612632e-01
24.318718 1.360218532643641398e-01
24.327028 1.361111928820542272e-01
24.335338 1.362005085224188838e-01
24.343648 1.362898000729642345e-01
24.351957 1.363790674213150866e-01
24.360267 1.364683104552174564e-01
24.368577 1.365575290625363480e-01
24.376887 1.366467231312576691e-01
24.385197 1.367358925494881194e-01
24.393507 1.368250372054544695e-01
24.401816 1.369141569875059750e-01
24.410126 1.370032517841129338e-01
24.418436 1.370923214838676019e-01
24.426746 1.371813659754848591e-01
24.435056 1.372703851478017933e-01
24.443366 1.373593788897786994e-01
24.451675 1.374483470904984406e-01
24.459985 1.375372896391682809e-01
24.468295 1.376262064251183581e-01
24.476605 1.377150973378035159e-01
24.484915 1.378039622668038311e-01
24.493225 1.378928011018217825e-01
24.501534 1.379816137326876357e-01
24.509844 1.380704000493552797e-01
24.518154 1.381591599419042804e-01
24.526464 1.382478933005415744e-01
24.534774 1.383366000155982489e-01
24.543084 1.384252799775338716e-01
24.551394 1.385139330769340482e-01
24.559703 1.386025592045109223e-01
24.568013 1.386911582511054508e-01
24.576323 1.387797301076855450e-01
24.584633 1.388682746653465694e-01
24.592943 1.389567918153137849e-01
24.601253 1.390452814489401834e-01
24.609562 1.391337434577074872e-01
24.617872 1.392221777332269539e-01
24.626182 1.393105841672393763e-01
24.634492 1.393989626516156100e-01
24.642802 1.394873130783564064e-01
24.651112 1.395756353395916360e-01
24.659421 1.396639293275848126e-01
24.667731 1.397521949347281245e-01
24.676041 1.398404320535451273e-01
24.684351 1.399286405766914376e-01
24.692661 1.400168203969546776e-01
24.700971 1.401049714072541696e-01
24.709280 1.401930935006425460e-01
24.717590 1.402811865703033067e-01
24.725900 1.403692505095547882e-01
24.734210 1.404572852118475546e-01
24.742520 1.405452905707663402e-01
24.750830 1.406332664800280519e-01
24.759139 1.407212128334868195e-01
24.767449 1.408091295251278907e-01
24.775759 1.408970164490730148e-01
24.784069 1.409848734995776676e-01
24.792379 1.410727005710341042e-01
24.800689 1.411604975579687227e-01
24.808998 1.412482643550439787e-01
24.817308 1.413360008570586912e-01
24.825618 1.414237069589473761e-01
24.833928 1.415113825557818283e-01
24.842238 1.415990275427699840e-01
24.850548 1.416866418152571416e-01
24.858858 1.417742252687258786e-01
24.867167 1.418617777987963569e-01
24.875477 1.419492993012273219e-01
24.883787 1.420367896719143541e-01
24.892097 1.421242488068924503e-01
24.900407 1.422116766023351908e-01
24.908717 1.422990729545549893e-01
24.917026 1.423864377600032316e-01
24.925336 1.424737709152707754e-01
24.933646 1.425610723170879224e-01
24.941956 1.426483418623264721e-01
24.950266 1.427355794479968076e-01
24.958576 1.428227849712501163e-01
24.966885 1.429099583293794717e-01
24.975195 1.429970994198170309e-01
24.983505 1.430842081401375865e-01
24.991815 1.431712843880573738e-01
25.000125 1.432583280614337373e-01
25.008435 1.433453390582670461e-01
25.016744 1.434323172766985566e-01
25.025054 1.435192626150135209e-01
25.033364 1.436061749716382452e-01
25.041674 1.436930542451436421e-01
25.049984 1.437799003342436488e-01
25.058294 1.438667131377952269e-01
25.066603 1.439534925547981958e-01
25.074913 1.440402384843983419e-01
25.083223 1.441269508258841703e-01
25.091533 1.442136294786896256e-01
25.099843 1.443002743423923151e-01
25.108153 1.443868853167158406e-01
25.116462 1.444734623015286323e-01
25.124772 1.445600051968443656e-01
25.133082 1.446465139028224600e-01
25.141392 1.447329883197681633e-01
25.149702 1.448194283481329947e-01
25.158012 1.449058338885152175e-01
25.166321 1.449922048416588116e-01
25.174631 1.450785411084551391e-01
25.182941 1.451648425899432771e-01
25.191251 1.452511091873083804e-01
25.199561 1.453373408018834023e-01
25.207871 1.454235373351501492e-01
25.216181 1.455096986887370603e-01
25.224490 1.455958247644212056e-01
25.232800 1.456819154641286196e-01
25.241110 1.457679706899329408e-01
25.249420 1.458539903440588537e-01
25.257730 1.459399743288769813e-01
25.266040 1.460259225469100475e-01
25.274349 1.461118349008290462e-01
25.282659 1.461977112934542411e-01
25.290969 1.462835516277581349e-01
25.299279 1.463693558068600020e-01
25.307589 1.464551237340329937e-01
25.315899 1.465408553126988089e-01
25.324208 1.466265504464306646e-01
25.332518 1.467122090389528788e-01
25.340828 1.467978309941400383e-01
25.349138 1.468834162160204404e-01
25.357448 1.469689646087726786e-01
25.365758 1.470544760767264203e-01
25.374067 1.471399505243655426e-01
25.382377 1.472253878563243024e-01
25.390687 1.473107879773908613e-01
25.398997 1.473961507925061198e-01
25.407307 1.474814762067623852e-01
25.415617 1.475667641254070350e-01
25.423926 1.476520144538394363e-01
25.432236 1.477372270976142210e-01
25.440546 1.478224019624377050e-01
25.448856 1.479075389541711916e-01
25.457166 1.479926379788311097e-01
25.465476 1.480776989425866275e-01
25.473785 1.481627217517613726e-01
25.482095 1.482477063128365413e-01
25.490405 1.483326525324443201e-01
25.498715 1.484175603173749358e-01
25.507025 1.485024295745738798e-01
25.515335 1.485872602111398544e-01
25.523644 1.486720521343306289e-01
25.531954 1.487568052515567396e-01
25.540264 1.488415194703866240e-01
25.548574 1.489261946985451224e-01
25.556884 1.490108308439133666e-01
25.565194 1.490954278145275036e-01
25.573504 1.491799855185841350e-01
25.581813 1.492645038644332400e-01
25.590123 1.493489827605845310e-01
25.598433 1.494334221157040121e-01
25.606743 1.495178218386148672e-01
25.615053 1.496021818383002910e-01
25.623363 1.496865020238988264e-01
25.631672 1.497707823047082498e-01
25.639982 1.498550225901856825e-01
25.648292 1.499392227899450092e-01
25.656602 1.500233828137603476e-01
25.664912 1.501075025715634947e-01
25.673222 1.501915819734456203e-01
25.681531 1.502756209296579326e-01
25.689841 1.503596193506097634e-01
25.698151 1.504435771468712879e-01
25.706461 1.505274942291713602e-01
25.714771 1.506113705083994003e-01
25.723081 1.506952058956043672e-01
25.731390 1.507790003019960912e-01
25.739700 1.508627536389444690e-01
25.748010 1.509464658179797691e-01
25.756320 1.510301367507939363e-01
25.764630 1.511137663492384542e-01
25.772940 1.511973545253267048e-01
25.781249 1.512809011912339408e-01
25.789559 1.513644062592953976e-01
25.797869 1.514478696420087922e-01
25.806179 1.515312912520331567e-01
25.814489 1.516146710021903099e-01
25.822799 1.516980088054622755e-01
25.831108 1.517813045749949463e-01
25.839418 1.518645582240962522e-01
25.847728 1.519477696662360211e-01
25.856038 1.520309388150477559e-01
25.864348 1.521140655843262468e-01
25.872658 1.521971498880309859e-01
25.880967 1.522801916402831413e-01
25.889277 1.523631907553682219e-01
25.897587 1.524461471477349672e-01
25.905897 1.525290607319943204e-01
25.914207 1.526119314229229529e-01
25.922517 1.526947591354603784e-01
25.930827 1.527775437847097295e-01
25.939136 1.528602852859394512e-01
25.947446 1.529429835545812744e-01
25.955756 1.530256385062320479e-01
25.964066 1.531082500566521287e-01
25.972376 1.531908181217679910e-01
25.980686 1.532733426176705882e-01
25.988995 1.533558234606149928e-01
25.997305 1.534382605670218946e-01
26.005615 1.535206538534783505e-01
26.013925 1.536030032367347031e-01
26.022235 1.536853086337084395e-01
26.030545 1.537675699614827751e-01
26.038854 1.538497871373057102e-01
26.047164 1.539319600785918618e-01
26.055474 1.540140887029219641e-01
26.063784 1.540961729280426740e-01
26.072094 1.541782126718665991e-01
26.080404 1.542602078524739351e-01
26.088713 1.543421583881109116e-01
26.097023 1.544240641971899031e-01
26.105333 1.545059251982910942e-01
26.113643 1.545877413101609532e-01
26.121953 1.546695124517130093e-01
26.130263 1.547512385420289904e-01
26.138572 1.548329195003556313e-01
26.146882 1.549145552461103359e-01
26.155192 1.549961456988757091e-01
26.163502 1.550776907784028324e-01
26.171812 1.551591904046109305e-01
26.180122 1.552406444975860111e-01
26.188431 1.553220529775832803e-01
26.196741 1.554034157650259484e-01
26.205051 1.554847327805053414e-01
26.213361 1.555660039447801513e-01
26.221671 1.556472291787792672e-01
26.229981 1.557284084035994720e-01
26.238291 1.558095415405054973e-01
26.246600 1.558906285109321055e-01
26.254910 1.559716692364829516e-01
26.263220 1.560526636389292787e-01
26.271530 1.561336116402126384e-01
26.279840 1.562145131624442795e-01
26.288150 1.562953681279035389e-01
26.296459 1.563761764590410608e-01
26.304769 1.564569380784739117e-01
26.313079 1.565376529089916036e-01
26.321389 1.566183208735537347e-01
26.329699 1.566989418952867696e-01
26.338009 1.567795158974903680e-01
26.346318 1.568600428036322492e-01
26.354628 1.569405225373506074e-01
26.362938 1.570209550224548889e-01
26.371248 1.571013401829236544e-01
26.379558 1.571816779429066335e-01
26.387868 1.572619682267241137e-01
26.396177 1.573422109588657192e-01
26.404487 1.574224060639939082e-01
26.412797 1.575025534669412253e-01
26.421107 1.575826530927092184e-01
26.429417 1.576627048664734632e-01
26.437727 1.577427087135780392e-01
26.446036 1.578226645595399158e-01
26.454346 1.579025723300471473e-01
26.462656 1.579824319509568753e-01
26.470966 1.580622433483015177e-01
26.479276 1.581420064482813581e-01
26.487586 1.582217211772700416e-01
26.495895 1.583013874618132977e-01
26.504205 1.583810052286275805e-01
26.512515 1.584605744046010400e-01
26.520825 1.585400949167944384e-01
26.529135 1.586195666924405945e-01
26.537445 1.586989896589431903e-01
26.545754 1.587783637438795470e-01
26.554064 1.588576888749989868e-01
26.562374 1.589369649802212792e-01
26.570684 1.590161919876403873e-01
26.578994 1.590953698255222482e-01
26.587304 1.591744984223049386e-01
26.595614 1.592535777066003966e-01
26.603923 1.593326076071909514e-01
26.612233 1.594115880530336538e-01
26.620543 1.594905189732563899e-01
26.628853 1.595694002971618508e-01
26.637163 1.596482319542241735e-01
26.645473 1.597270138740915779e-01
26.653782 1.598057459865843133e-01
26.662092 1.598844282216963786e-01
26.670402 1.599630605095943015e-01
26.678712 1.600416427806177211e-01
26.687022 1.601201749652808315e-01
26.695332 1.601986569942699390e-01
26.703641 1.602770887984449888e-01
26.711951 1.603554703088396760e-01
26.720261 1.604338014566600024e-01
26.728571 1.605120821732883007e-01
26.736881 1.605903123902764351e-01
26.745191 1.606684920393537386e-01
26.753500 1.607466210524211292e-01
26.761810 1.608246993615532472e-01
26.770120 1.609027268990002313e-01
26.778430 1.609807035971840272e-01
26.786740 1.610586293887008302e-01
26.795050 1.611365042063223618e-01
26.803359 1.612143279829930664e-01
26.811669 1.612921006518317768e-01
26.819979 1.613698221461310478e-01
26.828289 1.614474923993579614e-01
26.836599 1.615251113451532661e-01
26.844909 1.616026789173321820e-01
26.853218 1.616801950498850393e-01
26.861528 1.617576596769753350e-01
26.869838 1.618350727329408711e-01
26.878148 1.619124341522947264e-01
26.886458 1.619897438697237846e-01
26.894768 1.620670018200893459e-01
26.903077 1.621442079384277646e-01
26.911387 1.622213621599486733e-01
26.919697 1.622984644200383408e-01
26.928007 1.623755146542548711e-01
26.936317 1.624525127983335870e-01
26.944627 1.625294587881825625e-01
26.952937 1.626063525598859250e-01
26.961246 1.626831940497015239e-01
26.969556 1.627599831940623742e-01
26.977866 1.628367199295768508e-01
26.986176 1.629134041930270227e-01
26.994486 1.629900359213700689e-01
27.002796 1.630666150517387225e-01
27.011105 1.631431415214402436e-01
27.019415 1.632196152679548373e-01
27.027725 1.632960362289420375e-01
27.036035 1.633724043422319638e-01
27.044345 1.634487195458318998e-01
27.052655 1.635249817779230452e-01
27.060964 1.636011909768631811e-01
27.069274 1.636773470811835329e-01
27.077584 1.637534500295911577e-01
27.085894 1.638294997609675285e-01
27.094204 1.639054962143703109e-01
27.102514 1.639814393290301986e-01
27.110823 1.640573290443559373e-01
27.119133 1.641331652999281909e-01
27.127443 1.642089480355058140e-01
27.135753 1.642846771910201065e-01
27.144063 1.643603527065794767e-01
27.152373 1.644359745224655278e-01
27.160682 1.645115425791375541e-01
27.168992 1.645870568172277670e-01
27.177302 1.646625171775450147e-01
27.185612 1.647379236010722003e-01
27.193922 1.648132760289678089e-01
27.202232 1.648885744025660460e-01
27.210541 1.649638186633760606e-01
27.218851 1.650390087530815286e-01
27.227161 1.651141446135424573e-01
27.235471 1.651892261867925760e-01
27.243781 1.652642534150428610e-01
27.252091 1.653392262406770397e-01
27.260400 1.654141446062560306e-01
27.268710 1.654890084545153628e-01
27.277020 1.655638177283646761e-01
27.285330 1.656385723708904689e-01
27.293640 1.657132723253535167e-01
27.301950 1.657879175351895662e-01
27.310260 1.658625079440105010e-01
27.318569 1.659370434956024543e-01
27.326879 1.660115241339268355e-01
27.335189 1.660859498031206083e-01
27.343499 1.661603204474954021e-01
27.351809 1.662346360115381505e-01
27.360119 1.663088964399105918e-01
27.368428 1.663831016774511007e-01
27.376738 1.664572516691705806e-01
27.385048 1.665313463602571820e-01
27.393358 1.666053856960723611e-01
27.401668 1.666793696221547660e-01
27.409978 1.667532980842162671e-01
27.418287 1.668271710281443165e-01
27.426597 1.669009884000014210e-01
27.434907 1.669747501460241978e-01
27.443217 1.670484562126258732e-01
27.451527 1.671221065463941169e-01
27.459837 1.671957010940900157e-01
27.468146 1.672692398026502936e-01
27.476456 1.673427226191891992e-01
27.484766 1.674161494909904013e-01
27.493076 1.674895203655177023e-01
27.501386 1.675628351904062119e-01
27.509696 1.676360939134676764e-01
27.518005 1.677092964826874533e-01
27.526315 1.677824428462271200e-01
27.534625 1.678555329524201167e-01
27.542935 1.679285667497772971e-01
27.551245 1.680015441869829318e-01
27.559555 1.680744652128962346e-01
27.567864 1.681473297765508357e-01
27.576174 1.682201378271543646e-01
27.584484 1.682928893140896442e-01
27.592794 1.683655841869137748e-01
27.601104 1.684382223953586888e-01
27.609414 1.685108038893291249e-01
27.617723 1.685833286189053204e-01
27.626033 1.686557965343428722e-01
27.634343 1.687282075860689068e-01
27.642653 1.688005617246878254e-01
27.650963 1.688728589009750314e-01
27.659273 1.689450990658839802e-01
27.667583 1.690172821705388240e-01
27.675892 1.690894081662384918e-01
27.684202 1.691614770044576332e-01
27.692512 1.692334886368421221e-01
27.700822 1.693054430152143852e-01
27.709132 1.693773400915699057e-01
27.717442 1.694491798180769726e-01
27.725751 1.695209621470781802e-01
27.734061 1.695926870310909274e-01
27.742371 1.696643544228049472e-01
27.750681 1.697359642750847775e-01
27.758991 1.698075165409666520e-01
27.767301 1.698790111736628028e-01
27.775610 1.699504481265578237e-01
27.783920 1.700218273532083102e-01
27.792230 1.700931488073471332e-01
27.800540 1.701644124428779437e-01
27.808850 1.702356182138792529e-01
27.817160 1.703067660746012957e-01
27.825469 1.703778559794698055e-01
27.833779 1.704488878830809073e-01
27.842089 1.705198617402063910e-01
27.850399 1.705907775057889375e-01
27.858709 1.706616351349445615e-01
27.867019 1.707324345829634993e-01
27.875328 1.708031758053069615e-01
27.883638 1.708738587576103529e-01
27.891948 1.709444833956811627e-01
27.900258 1.710150496754991034e-01
27.908568 1.710855575532167494e-01
27.916878 1.711560069851598143e-01
27.925187 1.712263979278256243e-01
27.933497 1.712967303378845063e-01
27.941807 1.713670041721783721e-01
27.950117 1.714372193877217454e-01
27.958427 1.715073759417017063e-01
27.966737 1.715774737914759762e-01
27.975047 1.716475128945763040e-01
27.983356 1.717174932087057460e-01
27.991666 1.717874146917375833e-01
27.999976 1.718572773017197630e-01
28.008286 1.719270809968685143e-01
28.016596 1.719968257355755092e-01
28.024906 1.720665114764015902e-01
28.033215 1.721361381780792954e-01
28.041525 1.722057057995131368e-01
28.049835 1.722752142997789615e-01
28.058145 1.723446636381241182e-01
28.066455 1.724140537739660139e-01
28.074765 1.724833846668946957e-01
28.083074 1.725526562766699079e-01
28.091384 1.726218685632240346e-01
28.099694 1.726910214866586024e-01
28.108004 1.727601150072468339e-01
28.116314 1.728291490854323986e-01
28.124624 1.728981236818303568e-01
28.132933 1.729670387572254109e-01
28.141243 1.730358942725728211e-01
28.149553 1.731046901889990164e-01
28.157863 1.731734264677998458e-01
28.166173 1.732421030704413556e-01
28.174483 1.733107199585609548e-01
28.182792 1.733792770939645012e-01
28.191102 1.734477744386284659e-01
28.199412 1.735162119547007664e-01
28.207722 1.735845896044963810e-01
28.216032 1.736529073505015397e-01
28.224342 1.737211651553718095e-01
28.232651 1.737893629819327601e-01
28.240961 1.738575007931779381e-01
28.249271 1.739255785522718367e-01
28.257581 1.739935962225472033e-01
28.265891 1.740615537675060109e-01
28.274201 1.741294511508205689e-01
28.282510 1.741972883363309410e-01
28.290820 1.742650652880440021e-01
28.299130 1.743327819701404602e-01
28.307440 1.744004383469643926e-01
28.315750 1.744680343830323499e-01
28.324060 1.745355700430274992e-01
28.332370 1.746030452918013176e-01
28.340679 1.746704600943749242e-01
28.348989 1.747378144159354718e-01
28.357299 1.748051082218390617e-01
28.365609 1.748723414776114649e-01
28.373919 1.749395141489443195e-01
28.382229 1.750066262016967689e-01
28.390538 1.750736776018971541e-01
28.398848 1.751406683157404331e-01
28.407158 1.752075983095899292e-01
28.415468 1.752744675499737226e-01
28.423778 1.753412760035905071e-01
28.432088 1.754080236373042612e-01
28.440397 1.754747104181457185e-01
28.448707 1.755413363133138394e-01
28.457017 1.756079012901724246e-01
28.465327 1.756744053162545560e-01
28.473637 1.757408483592576842e-01
28.481947 1.758072303870466535e-01
28.490256 1.758735513676530360e-01
28.498566 1.759398112692729665e-01
28.506876 1.760060100602708344e-01
28.515186 1.760721477091761744e-01
28.523496 1.761382241846841112e-01
28.531806 1.762042394556553038e-01
28.540115 1.762701934911173884e-01
28.548425 1.763360862602628976e-01
28.556735 1.764019177324483156e-01
28.565045 1.764676878771983815e-01
28.573355 1.765333966642003982e-01
28.581665 1.765990440633080638e-01
28.589974 1.766646300445402218e-01
28.598284 1.767301545780802230e-01
28.606594 1.767956176342754537e-01
28.614904 1.768610191836383905e-01
28.623214 1.769263591968469884e-01
28.631524 1.769916376447423223e-01
28.639833 1.770568544983297798e-01
28.648143 1.771220097287799500e-01
28.656453 1.771871033074259305e-01
28.664763 1.772521352057656596e-01
28.673073 1.773171053954609722e-01
28.681383 1.773820138483367670e-01
28.689693 1.774468605363812568e-01
28.698002 1.775116454317464398e-01
28.706312 1.775763685067483499e-01
28.714622 1.776410297338639754e-01
28.722932 1.777056290857361165e-01
28.731242 1.777701665351680282e-01
28.739552 1.778346420551268625e-01
28.747861 1.778990556187417249e-01
28.756171 1.779634071993048405e-01
28.764481 1.780276967702704716e-01
28.772791 1.780919243052561940e-01
28.781101 1.781560897780390673e-01
28.789411 1.782201931625595204e-01
28.797720 1.782842344329214346e-01
28.806030 1.783482135633880361e-01
28.814340 1.784121305283844772e-01
28.822650 1.784759853024978360e-01
28.830960 1.785397778604768948e-01
28.839270 1.786035081772316679e-01
28.847579 1.786671762278298770e-01
28.855889 1.787307819875060266e-01
28.864199 1.787943254316495534e-01
28.872509 1.788578065358139291e-01
28.880819 1.789212252757123867e-01
28.889129 1.789845816272175039e-01
28.897438 1.790478755663640620e-01
28.905748 1.791111070693444107e-01
28.914058 1.791742761125122985e-01
28.922368 1.792373826723806518e-01
28.930678 1.793004267256220197e-01
28.938988 1.793634082490688786e-01
28.947297 1.794263272197133552e-01
28.955607 1.794891836147047559e-01
28.963917 1.795519774113546463e-01
28.972227 1.796147085871289684e-01
28.980537 1.796773771196577552e-01
28.988847 1.797399829867250831e-01
28.997156 1.798025261662757057e-01
29.005466 1.798650066364126943e-01
29.013776 1.799274243753964941e-01
29.022086 1.799897793616465902e-01
29.030396 1.800520715737391197e-01
29.038706 1.801143009904074277e-01
29.047016 1.801764675905455360e-01
29.055325 1.802385713532016209e-01
29.063635 1.803006122575822601e-01
29.071945 1.803625902830517658e-01
29.080255 1.804245054091301870e-01
29.088565 1.804863576154954186e-01
29.096875 1.805481468819813418e-01
29.105184 1.806098731885783792e-01
29.113494 1.806715365154343000e-01
29.121804 1.807331368428514995e-01
29.130114 1.807946741512896915e-01
29.138424 1.808561484213639936e-01
29.146734 1.809175596338448155e-01
29.155043 1.809789077696590809e-01
29.163353 1.810401928098881175e-01
29.171663 1.811014147357696558e-01
29.179973 1.811625735286948313e-01
29.188283 1.812236691702126257e-01
29.196593 1.812847016420223445e-01
29.204902 1.813456709259833877e-01
29.213212 1.814065770041052572e-01
29.221522 1.814674198585532472e-01
29.229832 1.815281994716472780e-01
29.238142 1.815889158258607028e-01
29.246452 1.816495689038208072e-01
29.254761 1.817101586883091979e-01
29.263071 1.817706851622592490e-01
29.271381 1.818311483087597935e-01
29.279691 1.818915481110517929e-01
29.288001 1.819518845525286421e-01
29.296311 1.820121576167378075e-01
29.304620 1.820723672873786336e-01
29.312930 1.821325135483038149e-01
29.321240 1.821925963835173135e-01
29.329550 1.822526157771763855e-01
29.337860 1.823125717135889723e-01
29.346170 1.823724641772163368e-01
29.354480 1.824322931526706215e-01
29.362789 1.824920586247158749e-01
29.371099 1.825517605782669694e-01
29.379409 1.826113989983908781e-01
29.387719 1.826709738703039543e-01
29.396029 1.827304851793760121e-01
29.404339 1.827899329111247750e-01
29.412648 1.828493170512205390e-01
29.420958 1.829086375854831192e-01
29.429268 1.829678944998821555e-01
29.437578 1.830270877805383056e-01
29.445888 1.830862174137210252e-01
29.454198 1.831452833858501217e-01
29.462507 1.832042856834950051e-01
29.470817 1.832632242933726063e-01
29.479127 1.833220992023529838e-01
29.487437 1.833809103974508026e-01
29.495747 1.834396578658319954e-01
29.504057 1.834983415948104046e-01
29.512366 1.835569615718485037e-01
29.520676 1.836155177845572306e-01
29.528986 1.836740102206952385e-01
29.537296 1.837324388681700615e-01
29.545606 1.837908037150342566e-01
29.553916 1.838491047494915098e-01
29.562225 1.839073419598907522e-01
29.570535 1.839655153347296568e-01
29.578845 1.840236248626514193e-01
29.587155 1.840816705324454516e-01
29.595465 1.841396523330506574e-01
29.603775 1.841975702535503523e-01
29.612084 1.842554242831755118e-01
29.620394 1.843132144112996362e-01
29.628704 1.843709406274486318e-01
29.637014 1.844286029212889033e-01
29.645324 1.844862012826337383e-01
29.653634 1.845437357014425017e-01
29.661943 1.846012061678198590e-01
29.670253 1.846586126720158039e-01
29.678563 1.847159552044241038e-01
29.686873 1.847732337555824944e-01
29.695183 1.848304483161770650e-01
29.703493 1.848875988770341539e-01
29.711803 1.849446854291256770e-01
29.720112 1.850017079635689621e-01
29.728422 1.850586664716222796e-01
29.736732 1.851155609446892003e-01
29.745042 1.851723913743178462e-01
29.753352 1.852291577521970323e-01
29.761662 1.852858600701601244e-01
29.769971 1.853424983201830689e-01
29.778281 1.853990724943848645e-01
29.786591 1.854555825850253969e-01
29.794901 1.855120285845098804e-01
29.803211 1.855684104853829175e-01
29.811521 1.856247282803310528e-01
29.819830 1.856809819621852986e-01
29.828140 1.857371715239147791e-01
29.836450 1.857932969586327254e-01
29.844760 1.858493582595915072e-01
29.853070 1.859053554201858249e-01
29.861380 1.859612884339503780e-01
29.869689 1.860171572945612806e-01
29.877999 1.860729619958331749e-01
29.886309 1.861287025317245880e-01
29.894619 1.861843788963294943e-01
29.902929 1.862399910838855588e-01
29.911239 1.862955390887677809e-01
29.919548 1.863510229054919642e-01
29.927858 1.864064425287116911e-01
29.936168 1.864617979532211256e-01
29.944478 1.865170891739523495e-01
29.952788 1.865723161859762780e-01
29.961098 1.866274789845032422e-01
29.969407 1.866825775648802421e-01
29.977717 1.867376119225940545e-01
29.986027 1.867925820532682357e-01
29.994337 1.868474879526638988e-01
30.002647 1.869023296166805459e-01
30.010957 1.869571070413539593e-01
30.019266 1.870118202228593096e-01
30.027576 1.870664691575053828e-01
30.035886 1.871210538417403813e-01
30.044196 1.871755742721472882e-01
30.052506 1.872300304454471986e-01
30.060816 1.872844223584950174e-01
30.069126 1.873387500082838719e-01
30.077435 1.873930133919414209e-01
30.085745 1.874472125067315198e-01
30.094055 1.875013473500516392e-01
30.102365 1.875554179194371396e-01
30.110675 1.876094242125571077e-01
30.118985 1.876633662272140235e-01
30.127294 1.877172439613479238e-01
30.135604 1.877710574130292409e-01
30.143914 1.878248065804658251e-01
30.152224 1.878784914619985869e-01
30.160534 1.879321120561013858e-01
30.168844 1.879856683613830570e-01
30.177153 1.880391603765846631e-01
30.185463 1.880925881005802713e-01
30.193773 1.881459515323774812e-01
30.202083 1.881992506711175073e-01
30.210393 1.882524855160719879e-01
30.218703 1.883056560666472312e-01
30.227012 1.883587623223793028e-01
30.235322 1.884118042829383832e-01
30.243632 1.884647819481252429e-01
30.251942 1.885176953178721304e-01
30.260252 1.885705443922423563e-01
30.268562 1.886233291714329297e-01
30.276871 1.886760496557674527e-01
30.285181 1.887287058457043365e-01
30.293491 1.887812977418292237e-01
30.301801 1.888338253448614279e-01
30.310111 1.888862886556462728e-01
30.318421 1.889386876751628641e-01
30.326730 1.889910224045184273e-01
30.335040 1.890432928449489181e-01
30.343350 1.890954989978207990e-01
30.351660 1.891476408646290686e-01
30.359970 1.891997184469980109e-01
30.368280 1.892517317466788640e-01
30.376589 1.893036807655543996e-01
30.384899 1.893555655056327613e-01
30.393209 1.894073859690522665e-01
30.401519 1.894591421580774648e-01
30.409829 1.895108340751014975e-01
30.418139 1.895624617226447095e-01
30.426449 1.896140251033540669e-01
30.434758 1.896655242200054881e-01
30.443068 1.897169590754988477e-01
30.451378 1.897683296728631119e-01
30.459688 1.898196360152517859e-01
30.467998 1.898708781059455786e-01
30.476308 1.899220559483521253e-01
30.484617 1.899731695460026015e-01
30.492927 1.900242189025539152e-01
30.501237 1.900752040217910943e-01
30.509547 1.901261249076214299e-01
30.517857 1.901769815640783345e-01
30.526167 1.902277739953191493e-01
30.534476 1.902785022056273367e-01
30.542786 1.903291661994092332e-01
30.551096 1.903797659811953535e-01
30.559406 1.904303015556396417e-01
30.567716 1.904807729275230233e-01
30.576026 1.905311801017443574e-01
30.584335 1.905815230833304563e-01
30.592645 1.906318018774279255e-01
30.600955 1.906820164893087144e-01
30.609265 1.907321669243664530e-01
30.617575 1.907822531881159245e-01
30.625885 1.908322752861964788e-01
30.634194 1.908822332243669817e-01
30.642504 1.909321270085097833e-01
30.650814 1.909819566446281092e-01
30.659124 1.910317221388458109e-01
30.667434 1.910814234974101133e-01
30.675744 1.911310607266870909e-01
30.684053 1.911806338331637489e-01
30.692363 1.912301428234469136e-01
30.700673 1.912795877042666459e-01
30.708983 1.913289684824704406e-01
30.717293 1.913782851650250305e-01
30.725603 1.914275377590193838e-01
30.733912 1.914767262716602914e-01
30.742222 1.915258507102730323e-01
30.750532 1.915749110823036505e-01
30.758842 1.916239073953159289e-01
30.767152 1.916728396569917503e-01
30.775462 1.917217078751320414e-01
30.783772 1.917705120576564115e-01
30.792081 1.918192522126006272e-01
30.800391 1.918679283481202480e-01
30.808701 1.919165404724870183e-01
30.817011 1.919650885940891449e-01
30.825321 1.920135727214335453e-01
30.833631 1.920619928631441542e-01
30.841940 1.921103490279594261e-01
30.850250 1.921586412247358044e-01
30.858560 1.922068694624449181e-01
30.866870 1.922550337501765516e-01
30.875180 1.923031340971334546e-01
30.883490 1.923511705126356164e-01
30.891799 1.923991430061175179e-01
30.900109 1.924470515871289644e-01
30.908419 1.924948962653354190e-01
30.916729 1.925426770505152263e-01
30.925039 1.925903939525639152e-01
30.933349 1.926380469814872320e-01
30.941658 1.926856361474094115e-01
30.949968 1.927331614605644616e-01
30.958278 1.927806229313034081e-01
30.966588 1.928280205700885486e-01
30.974898 1.928753543874965337e-01
30.983208 1.929226243942140928e-01
30.991517 1.929698306010449727e-01
30.999827 1.930169730189017496e-01
31.008137 1.930640516588122690e-01
31.016447 1.931110665319129560e-01
31.024757 1.931580176494556988e-01
31.033067 1.932049050228013265e-01
31.041376 1.932517286634231612e-01
31.049686 1.932984885829055755e-01
31.057996 1.933451847929443523e-01
31.066306 1.933918173053455758e-01
31.074616 1.934383861320243259e-01
31.082926 1.934848912850097025e-01
31.091236 1.935313327764364433e-01
31.099545 1.935777106185532226e-01
31.107855 1.936240248237149630e-01
31.116165 1.936702754043876928e-01
31.124475 1.937164623731475466e-01
31.132785 1.937625857426772125e-01
31.141095 1.938086455257712337e-01
31.149404 1.938546417353291251e-01
31.157714 1.939005743843610352e-01
31.166024 1.939464434859852759e-01
31.174334 1.939922490534268795e-01
31.182644 1.940379911000193192e-01
31.190954 1.940836696392031491e-01
31.199263 1.941292846845279196e-01
31.207573 1.941748362496451275e-01
31.215883 1.942203243483188735e-01
31.224193 1.942657489944183691e-01
31.232503 1.943111102019163539e-01
31.240813 1.943564079848946746e-01
31.249122 1.944016423575393449e-01
31.257432 1.944468133341427651e-01
31.265742 1.944919209291033069e-01
31.274052 1.945369651569235914e-01
31.282362 1.945819460322114058e-01
31.290672 1.946268635696805083e-01
31.298981 1.946717177841469915e-01
31.307291 1.947165086905341125e-01
31.315601 1.947612363038666028e-01
31.323911 1.948059006392752757e-01
31.332221 1.948505017119935567e-01
31.340531 1.948950395373574840e-01
31.348840 1.949395141308080115e-01
31.357150 1.949839255078889000e-01
31.365460 1.950282736842449127e-01
31.373770 1.950725586756262564e-01
31.382080 1.951167804978834741e-01
31.390390 1.951609391669688887e-01
31.398699 1.952050346989399610e-01
31.407009 1.952490671099508524e-01
31.415319 1.952930364162613341e-01
31.423629 1.953369426342312642e-01
31.431939 1.953807857803200321e-01
31.440249 1.954245658710896394e-01
31.448559 1.954682829232025076e-01
31.456868 1.955119369534222828e-01
31.465178 1.955555279786084788e-01
31.473488 1.955990560157268854e-01
31.481798 1.956425210818367733e-01
31.490108 1.956859231941025790e-01
31.498418 1.957292623697840517e-01
31.506727 1.957725386262410550e-01
31.515037 1.958157519809330671e-01
31.523347 1.958589024514171550e-01
31.531657 1.959019900553492788e-01
31.539967 1.959450148104844025e-01
31.548277 1.959879767346723034e-01
31.556586 1.960308758458657596e-01
31.564896 1.960737121621096979e-01
31.573206 1.961164857015499918e-01
31.581516 1.961591964824269951e-01
31.589826 1.962018445230808705e-01
31.598136 1.962444298419446231e-01
31.606445 1.962869524575503732e-01
31.614755 1.963294123885266085e-01
31.623065 1.963718096535963242e-01
31.631375 1.964141442715788832e-01
31.639685 1.964564162613886278e-01
31.647995 1.964986256420360455e-01
31.656304 1.965407724326264094e-01
31.664614 1.965828566523594167e-01
31.672924 1.966248783205299111e-01
31.681234 1.966668374565271049e-01
31.689544 1.967087340798347739e-01
31.697854 1.967505682100283426e-01
31.706163 1.967923398667793533e-01
31.714473 1.968340490698528567e-01
31.722783 1.968756958391069123e-01
31.731093 1.969172801944918394e-01
31.739403 1.969588021560508273e-01
31.747713 1.970002617439210180e-01
31.756022 1.970416589783300365e-01
31.764332 1.970829938795997938e-01
31.772642 1.971242664681433776e-01
31.780952 1.971654767644650808e-01
31.789262 1.972066247891602897e-01
31.797572 1.972477105629175109e-01
31.805882 1.972887341065147349e-01
31.814191 1.973296954408214343e-01
31.822501 1.973705945867988698e-01
31.830811 1.974114315654960650e-01
31.839121 1.974522063980536923e-01
31.847431 1.974929191057034628e-01
31.855741 1.975335697097647392e-01
31.864050 1.975741582316493661e-01
31.872360 1.976146846928555634e-01
31.880670 1.976551491149701190e-01
31.888980 1.976955515196729685e-01
31.897290 1.977358919287299788e-01
31.905600 1.977761703639932533e-01
31.913909 1.978163868474073772e-01
31.922219 1.978565414010022006e-01
31.930529 1.978966340468968632e-01
31.938839 1.979366648072966861e-01
31.947149 1.979766337044952251e-01
31.955459 1.980165407608729666e-01
31.963768 1.980563859988973552e-01
31.972078 1.980961694411224050e-01
31.980388 1.981358911101885611e-01
31.988698 1.981755510288235045e-01
31.997008 1.982151492198372666e-01
32.005318 1.982546857061313061e-01
32.013627 1.982941605106892102e-01
32.021937 1.983335736565789154e-01
32.030247 1.983729251669563987e-01
32.038557 1.984122150650607930e-01
32.046867 1.984514433742167738e-01
32.055177 1.984906101178332827e-01
32.063486 1.985297153194025555e-01
32.071796 1.985687590025020655e-01
32.080106 1.986077411907924140e-01
32.088416 1.986466619080191065e-01
32.096726 1.986855211780098884e-01
32.105036 1.987243190246750224e-01
32.113345 1.987630554720087872e-01
32.121655 1.988017305440884785e-01
32.129965 1.988403442650729658e-01
32.138275 1.988788966592040797e-01
32.146585 1.989173877508045862e-01
32.154895 1.989558175642817117e-01
32.163205 1.989941861241216747e-01
32.171514 1.990324934548935165e-01
32.179824 1.990707395812458536e-01
32.188134 1.991089245279104858e-01
32.196444 1.991470483196997043e-01
32.204754 1.991851109815039045e-01
32.213064 1.992231125382969148e-01
32.221373 1.992610530151310289e-01
32.229683 1.992989324371382265e-01
32.237993 1.993367508295302848e-01
32.246303 1.993745082175996108e-01
32.254613 1.994122046267187143e-01
32.262923 1.994498400823346285e-01
32.271232 1.994874146099769874e-01
32.279542 1.995249282352546671e-01
32.287852 1.995623809838509011e-01
32.296162 1.995997728815316896e-01
32.304472 1.996371039541376402e-01
32.312782 1.996743742275884359e-01
32.321091 1.997115837278814476e-01
32.329401 1.997487324810919562e-01
32.337711 1.997858205133692666e-01
32.346021 1.998228478509439243e-01
32.354331 1.998598145201184728e-01
32.362641 1.998967205472769182e-01
32.370950 1.999335659588753478e-01
32.379260 1.999703507814471204e-01
32.387570 2.000070750416028387e-01
32.395880 2.000437387660268518e-01
32.404190 2.000803419814795869e-01
32.412500 2.001168847147957452e-01
32.420809 2.001533669928874104e-01
32.429119 2.001897888427382477e-01
32.437429 2.002261502914084446e-01
32.445739 2.002624513660320460e-01
32.454049 2.002986920938167048e-01
32.462359 2.003348725020450416e-01
32.470669 2.003709926180706757e-01
32.478978 2.004070524693248867e-01
32.487288 2.004430520833082874e-01
32.495598 2.004789914875957091e-01
32.503908 2.005148707098360350e-01
32.512218 2.005506897777494246e-01
32.520528 2.005864487191282297e-01
32.528837 2.006221475618371053e-01
32.537147 2.006577863338136480e-01
32.545457 2.006933650630676469e-01
32.553767 2.007288837776764479e-01
32.562077 2.007643425057938080e-01
32.570387 2.007997412756395428e-01
32.578696 2.008350801155107668e-01
32.587006 2.008703590537674055e-01
32.595316 2.009055781188469336e-01
32.603626 2.009407373392529117e-01
32.611936 2.009758367435604542e-01
32.620246 2.010108763604121496e-01
32.628555 2.010458562185238607e-01
32.636865 2.010807763466782860e-01
32.645175 2.011156367737289286e-01
32.653485 2.011504375285962376e-01
32.661795 2.011851786402708842e-01
32.670105 2.012198601378110685e-01
32.678414 2.012544820503454068e-01
32.686724 2.012890444070682405e-01
32.695034 2.013235472372431056e-01
32.703344 2.013579905701999295e-01
32.711654 2.013923744353376122e-01
32.719964 2.014266988621227217e-01
32.728273 2.014609638800860802e-01
32.736583 2.014951695188288705e-01
32.744893 2.015293158080156133e-01
32.753203 2.015634027773811066e-01
32.761513 2.015974304567221820e-01
32.769823 2.016313988759043385e-01
32.778132 2.016653080648572183e-01
32.786442 2.016991580535791584e-01
32.794752 2.017329488721298913e-01
32.803062 2.017666805506361516e-01
32.811372 2.018003531192916755e-01
32.819682 2.018339666083498463e-01
32.827992 2.018675210481353233e-01
32.836301 2.019010164690313858e-01
32.844611 2.019344529014859280e-01
32.852921 2.019678303760160942e-01
32.861231 2.020011489231963719e-01
32.869541 2.020344085736681394e-01
32.877851 2.020676093581356692e-01
32.886160 2.021007513073653505e-01
32.894470 2.021338344521878272e-01
32.902780 2.021668588234956931e-01
32.911090 2.021998244522441590e-01
32.919400 2.022327313694499973e-01
32.927710 2.022655796061924582e-01
32.936019 2.022983691936141859e-01
32.944329 2.023311001629166939e-01
32.952639 2.023637725453653058e-01
32.960949 2.023963863722850476e-01
32.969259 2.024289416750628956e-01
32.977569 2.024614384851468052e-01
32.985878 2.024938768340442952e-01
32.994188 2.025262567533237523e-01
33.002498 2.025585782746155694e-01
33.010808 2.025908414296054838e-01
33.019118 2.026230462500447360e-01
33.027428 2.026551927677400777e-01
33.035737 2.026872810145601278e-01
33.044047 2.027193110224310701e-01
33.052357 2.027512828233388742e-01
33.060667 2.027831964493282402e-01
33.068977 2.028150519325016554e-01
33.077287 2.028468493050211430e-01
33.085596 2.028785885991051807e-01
33.093906 2.029102698470341692e-01
33.102216 2.029418930811406063e-01
33.110526 2.029734583338195508e-01
33.118836 2.030049656375200462e-01
33.127146 2.030364150247506438e-01
33.135455 2.030678065280764610e-01
33.143765 2.030991401801164331e-01
33.152075 2.031304160135497527e-01
33.160385 2.031616340611101523e-01
33.168695 2.031927943555895677e-01
33.177005 2.032238969298324760e-01
33.185315 2.032549418167420574e-01
33.193624 2.032859290492744775e-01
33.201934 2.033168586604444383e-01
33.210244 2.033477306833186560e-01
33.218554 2.033785451510219111e-01
33.226864 2.034093020967290555e-01
33.235174 2.034400015536759199e-01
33.243483 2.034706435551480730e-01
33.251793 2.035012281344860952e-01
33.260103 2.035317553250842182e-01
33.268413 2.035622251603919630e-01
33.276723 2.035926376739114196e-01
33.285033 2.036229928991973304e-01
33.293342 2.036532908698606426e-01
33.301652 2.036835316195604040e-01
33.309962 2.037137151820125336e-01
33.318272 2.037438415909837985e-01
33.326582 2.037739108802935906e-01
33.334892 2.038039230838137594e-01
33.343201 2.038338782354678080e-01
33.351511 2.038637763692300320e-01
33.359821 2.038936175191292943e-01
33.368131 2.039234017192431969e-01
33.376441 2.039531290036997457e-01
33.384751 2.039827994066820693e-01
33.393060 2.040124129624187044e-01
33.401370 2.040419697051943093e-01
33.409680 2.040714696693395336e-01
33.417990 2.041009128892370683e-01
33.426300 2.041302993993203696e-01
33.434610 2.041596292340712993e-01
33.442919 2.041889024280218456e-01
33.451229 2.042181190157538462e-01
33.459539 2.042472790318983489e-01
33.467849 2.042763825111342801e-01
33.476159 2.043054294881911370e-01
33.484469 2.043344199978449627e-01
33.492778 2.043633540749231481e-01
33.501088 2.043922317542996026e-01
33.509398 2.044210530708955587e-01
33.517708 2.044498180596810710e-01
33.526018 2.044785267556747665e-01
33.534328 2.045071791939414296e-01
33.542638 2.045357754095944725e-01
33.550947 2.045643154377922435e-01
33.559257 2.045927993137424961e-01
33.567567 2.046212270726973370e-01
33.575877 2.046495987499588887e-01
33.584187 2.046779143808719614e-01
33.592497 2.047061740008286890e-01
33.600806 2.047343776452686115e-01
33.609116 2.047625253496754560e-01
33.617426 2.047906171495791350e-01
33.625736 2.048186530805553296e-01
33.634046 2.048466331782244632e-01
33.642356 2.048745574782520618e-01
33.650665 2.049024260163467559e-01
33.658975 2.049302388282665255e-01
33.667285 2.049579959498094017e-01
33.675595 2.049856974168182688e-01
33.683905 2.050133432651833065e-01
33.692215 2.050409335308341352e-01
33.700524 2.050684682497470046e-01
33.708834 2.050959474579412967e-01
33.717144 2.051233711914796920e-01
33.725454 2.051507394864667821e-01
33.733764 2.051780523790508737e-01
33.742074 2.052053099054245155e-01
33.750383 2.052325121018215015e-01
33.758693 2.052596590045159819e-01
33.767003 2.052867506498285421e-01
33.775313 2.053137870741188475e-01
33.783623 2.053407683137903339e-01
33.791933 2.053676944052859610e-01
33.800242 2.053945653850916819e-01
33.808552 2.054213812897344171e-01
33.816862 2.054481421557809440e-01
33.825172 2.054748480198418936e-01
33.833482 2.055014989185657004e-01
33.841792 2.055280948886434034e-01
33.850101 2.055546359668052603e-01
33.858411 2.055811221898222185e-01
33.866721 2.056075535945037225e-01
33.875031 2.056339302177022654e-01
33.883341 2.056602520963073666e-01
33.891651 2.056865192672478471e-01
33.899961 2.057127317674943834e-01
33.908270 2.057388896340533457e-01
33.916580 2.057649929039732095e-01
33.924890 2.057910416143393928e-01
33.933200 2.058170358022750335e-01
33.941510 2.058429755049435428e-01
33.949820 2.058688607595468290e-01
33.958129 2.058946916033229657e-01
33.966439 2.059204680735481907e-01
33.974749 2.059461902075379047e-01
33.983059 2.059718580426429801e-01
33.991369 2.059974716162537578e-01
33.999679 2.060230309657948289e-01
34.007988 2.060485361287300865e-01
34.016298 2.060739871425602276e-01
34.024608 2.060993840448220038e-01
34.032918 2.061247268730873883e-01
34.041228 2.061500156649657689e-01
34.049538 2.061752504581031709e-01
34.057847 2.062004312901795089e-01
34.066157 2.062255581989121123e-01
34.074467 2.062506312220534765e-01
34.082777 2.062756503973915134e-01
34.091087 2.063006157627486903e-01
34.099397 2.063255273559822522e-01
34.107706 2.063503852149857765e-01
34.116016 2.063751893776862301e-01
34.124326 2.063999398820451081e-01
34.132636 2.064246367660583503e-01
34.140946 2.064492800677557305e-01
34.149256 2.064738698252025217e-01
34.157565 2.064984060764954166e-01
34.165875 2.065228888597662738e-01
34.174185 2.065473182131803143e-01
34.182495 2.065716941749348723e-01
34.190805 2.065960167832600614e-01
34.199115 2.066202860764221050e-01
34.207425 2.066445020927171750e-01
34.215734 2.066686648704731954e-01
34.224044 2.066927744480530071e-01
34.232354 2.067168308638496765e-01
34.240664 2.067408341562900209e-01
34.248974 2.067647843638316940e-01
34.257284 2.067886815249630750e-01
34.265593 2.068125256782059329e-01
34.273903 2.068363168621116521e-01
34.282213 2.068600551152646461e-01
34.290523 2.068837404762795817e-01
34.298833 2.069073729838011855e-01
34.307143 2.069309526765056584e-01
34.315452 2.069544795930981507e-01
34.323762 2.069779537723182017e-01
34.332072 2.070013752529303863e-01
34.340382 2.070247440737328359e-01
34.348692 2.070480602735506881e-01
34.357002 2.070713238912424980e-01
34.365311 2.070945349656931334e-01
34.373621 2.071176935358165494e-01
34.381931 2.071407996405595087e-01
34.390241 2.071638533188936704e-01
34.398551 2.071868546098209751e-01
34.406861 2.072098035523735615e-01
34.415170 2.072327001856098805e-01
34.423480 2.072555445486177483e-01
34.431790 2.072783366805115435e-01
34.440100 2.073010766204373134e-01
34.448410 2.073237644075644481e-01
34.456720 2.073464000810936736e-01
34.465029 2.073689836802500575e-01
34.473339 2.073915152442890319e-01
34.481649 2.074139948124900934e-01
34.489959 2.074364224241629084e-01
34.498269 2.074587981186431229e-01
34.506579 2.074811219352895586e-01
34.514888 2.075033939134921790e-01
34.523198 2.075256140926642068e-01
34.531508 2.075477825122478970e-01
34.539818 2.075698992117086250e-01
34.548128 2.075919642305399382e-01
34.556438 2.076139776082589761e-01
34.564748 2.076359393844105228e-01
34.573057 2.076578495985623996e-01
34.581367 2.076797082903084624e-01
34.589677 2.077015154992691015e-01
34.597987 2.077232712650899371e-01
34.606297 2.077449756274366011e-01
34.614607 2.077666286260050343e-01
34.622916 2.077882303005111064e-01
34.631226 2.078097806906985812e-01
34.639536 2.078312798363336211e-01
34.647846 2.078527277772048709e-01
34.656156 2.078741245531277038e-01
34.664466 2.078954702039384761e-01
34.672775 2.079167647694986354e-01
34.681085 2.079380082896925552e-01
34.689395 2.079592008044271467e-01
34.697705 2.079803423536326079e-01
34.706015 2.080014329772624515e-01
34.714325 2.080224727152926445e-01
34.722634 2.080434616077205257e-01
34.730944 2.080643996945672758e-01
34.739254 2.080852870158769463e-01
34.747564 2.081061236117113245e-01
34.755874 2.081269095221602028e-01
34.764184 2.081476447873300828e-01
34.772493 2.081683294473516133e-01
34.780803 2.081889635423765095e-01
34.789113 2.082095471125771091e-01
34.797423 2.082300801981468441e-01
34.805733 2.082505628393008790e-01
34.814043 2.082709950762748896e-01
34.822352 2.082913769493243139e-01
34.830662 2.083117084987258227e-01
34.838972 2.083319897647778196e-01
34.847282 2.083522207877955834e-01
34.855592 2.083724016081164310e-01
34.863902 2.083925322660993562e-01
34.872211 2.084126128021186464e-01
34.880521 2.084326432565722087e-01
34.888831 2.084526236698751589e-01
34.897141 2.084725540824629575e-01
34.905451 2.084924345347884123e-01
34.913761 2.085122650673277289e-01
34.922071 2.085320457205701583e-01
34.930380 2.085517765350261010e-01
34.938690 2.085714575512263025e-01
34.947000 2.085910888097175508e-01
34.955310 2.086106703510649529e-01
34.963620 2.086302022158518787e-01
34.971930 2.086496844446830423e-01
34.980239 2.086691170781748428e-01
34.988549 2.086885001569641074e-01
34.996859 2.087078337217086188e-01
35.005169 2.087271178130770677e-01
35.013479 2.087463524717604046e-01
35.021789 2.087655377384628475e-01
35.030098 2.087846736539094861e-01
35.038408 2.088037602588390662e-01
35.046718 2.088227975940077641e-01
35.055028 2.088417857001888811e-01
35.063338 2.088607246181705956e-01
35.071648 2.088796143887588774e-01
35.079957 2.088984550527754058e-01
35.088267 2.089172466510555992e-01
35.096577 2.089359892244544992e-01
35.104887 2.089546828138383605e-01
35.113197 2.089733274600923396e-01
35.121507 2.089919232041159147e-01
35.129816 2.090104700868214149e-01
35.138126 2.090289681491397378e-01
35.146436 2.090474174320139933e-01
35.154746 2.090658179764049995e-01
35.163056 2.090841698232844548e-01
35.171366 2.091024730136401832e-01
35.179675 2.091207275884752748e-01
35.187985 2.091389335888051149e-01
35.196295 2.091570910556597718e-01
35.204605 2.091752000300859948e-01
35.212915 2.091932605531378053e-01
35.221225 2.092112726658893473e-01
35.229534 2.092292364094241464e-01
35.237844 2.092471518248407714e-01
35.246154 2.092650189532503091e-01
35.254464 2.092828378357787511e-01
35.262774 2.093006085135621086e-01
35.271084 2.093183310277497711e-01
35.279394 2.093360054195060049e-01
35.287703 2.093536317300046801e-01
35.296013 2.093712100004340160e-01
35.304323 2.093887402719922242e-01
35.312633 2.094062225858926984e-01
35.320943 2.094236569833583528e-01
35.329253 2.094410435056238140e-01
35.337562 2.094583821939371981e-01
35.345872 2.094756730895568353e-01
35.354182 2.094929162337520745e-01
35.362492 2.095101116678047548e-01
35.370802 2.095272594330067906e-01
35.379112 2.095443595706602269e-01
35.387421 2.095614121220805426e-01
35.395731 2.095784171285926256e-01
35.404041 2.095953746315307453e-01
35.412351 2.096122846722411337e-01
35.420661 2.096291472920790433e-01
35.428971 2.096459625324114395e-01
35.437280 2.096627304346143639e-01
35.445590 2.096794510400741829e-01
35.453900 2.096961243901852290e-01
35.462210 2.097127505263535474e-01
35.470520 2.097293294899955918e-01
35.478830 2.097458613225338386e-01
35.487139 2.097623460654025329e-01
35.495449 2.097787837600446348e-01
35.503759 2.097951744479109037e-01
35.512069 2.098115181704621190e-01
35.520379 2.098278149691667205e-01
35.528689 2.098440648855045831e-01
35.536998 2.098602679609577748e-01
35.545308 2.098764242370251831e-01
35.553618 2.098925337552060011e-01
35.561928 2.099085965570132717e-01
35.570238 2.099246126839638960e-01
35.578548 2.099405821775844339e-01
35.586858 2.099565050794101329e-01
35.595167 2.099723814309813197e-01
35.603477 2.099882112738478690e-01
35.611787 2.100039946495644017e-01
35.620097 2.100197315996960856e-01
35.628407 2.100354221658133902e-01
35.636717 2.100510663894919750e-01
35.645026 2.100666643123177968e-01
35.653336 2.100822159758808372e-01
35.661646 2.100977214217774891e-01
35.669956 2.101131806916121947e-01
35.678266 2.101285938269950582e-01
35.686576 2.101439608695420957e-01
35.694885 2.101592818608757629e-01
35.703195 2.101745568426236499e-01
35.711505 2.101897858564191202e-01
35.719815 2.102049689439013380e-01
35.728125 2.102201061467168786e-01
35.736435 2.102351975065140099e-01
35.744744 2.102502430649496046e-01
35.753054 2.102652428636834214e-01
35.761364 2.102801969443813812e-01
35.769674 2.102951053487166211e-01
35.777984 2.103099681183610570e-01
35.786294 2.103247852949959584e-01
35.794603 2.103395569203064253e-01
35.802913 2.103542830359810545e-01
35.811223 2.103689636837148547e-01
35.819533 2.103835989052022237e-01
35.827843 2.103981887421469688e-01
35.836153 2.104127332362532854e-01
35.844462 2.104272324292324470e-01
35.852772 2.104416863627958101e-01
35.861082 2.104560950786601159e-01
35.869392 2.104704586185453252e-01
35.877702 2.104847770241752014e-01
35.886012 2.104990503372755062e-01
35.894321 2.105132785995777467e-01
35.902631 2.105274618528130415e-01
35.910941 2.105416001387162006e-01
35.919251 2.105556934990275297e-01
35.927561 2.105697419754864741e-01
35.935871 2.105837456098366423e-01
35.944181 2.105977044438243073e-01
35.952490 2.106116185191959089e-01
35.960800 2.106254878777031880e-01
35.969110 2.106393125610987460e-01
35.977420 2.106530926111350732e-01
35.985730 2.106668280695685180e-01
35.994040 2.106805189781575105e-01
36.002349 2.106941653786618684e-01
36.010659 2.107077673128406603e-01
36.018969 2.107213248224563684e-01
36.027279 2.107348379492724744e-01
36.035589 2.107483067350537365e-01
36.043899 2.107617312215647742e-01
36.052208 2.107751114505730383e-01
36.060518 2.107884474638432593e-01
36.068828 2.108017393031443032e-01
36.077138 2.108149870102467294e-01
36.085448 2.108281906269156014e-01
36.093758 2.108413501949225333e-01
36.102067 2.108544657560365854e-01
36.110377 2.108675373520243757e-01
36.118687 2.108805650246600993e-01
36.126997 2.108935488157077653e-01
36.135307 2.109064887669393484e-01
36.143617 2.109193849201233262e-01
36.151926 2.109322373170281761e-01
36.160236 2.109450459994205440e-01
36.168546 2.109578110090672975e-01
36.176856 2.109705323877357763e-01
36.185166 2.109832101771900448e-01
36.193476 2.109958444191957216e-01
36.201785 2.110084351555142901e-01
36.210095 2.110209824279090929e-01
36.218405 2.110334862781402532e-01
36.226715 2.110459467479687545e-01
36.235025 2.110583638791490579e-01
36.243335 2.110707377134399543e-01
36.251644 2.110830682925943225e-01
36.259954 2.110953556583650137e-01
36.268264 2.111075998525020758e-01
36.276574 2.111198009167550294e-01
36.284884 2.111319588928689817e-01
36.293194 2.111440738225889013e-01
36.301504 2.111561457476550940e-01
36.309813 2.111681747098068940e-01
36.318123 2.111801607507811929e-01
36.326433 2.111921039123116350e-01
36.334743 2.112040042361284509e-01
36.343053 2.112158617639608993e-01
36.351363 2.112276765375319665e-01
36.359672 2.112394485985666370e-01
36.367982 2.112511779887806529e-01
36.376292 2.112628647498905332e-01
36.384602 2.112745089236089391e-01
36.392912 2.112861105516422588e-01
36.401222 2.112976696756974915e-01
36.409531 2.113091863374723933e-01
36.417841 2.113206605786660808e-01
36.426151 2.113320924409726187e-01
36.434461 2.113434819660791331e-01
36.442771 2.113548291956726111e-01
36.451081 2.113661341714327402e-01
36.459390 2.113773969350346005e-01
36.467700 2.113886175281527724e-01
36.476010 2.113997959924514281e-01
36.484320 2.114109323695962106e-01
36.492630 2.114220267012448529e-01
36.500940 2.114330790290480377e-01
36.509249 2.114440893946567812e-01
36.517559 2.114550578397126068e-01
36.525869 2.114659844058524307e-01
36.534179 2.114768691347121143e-01
36.542489 2.114877120679164724e-01
36.550799 2.114985132470886819e-01
36.559108 2.115092727138449813e-01
36.567418 2.115199905097955857e-01
36.575728 2.115306666765457144e-01
36.584038 2.115413012556954242e-01
36.592348 2.115518942888362786e-01
36.600658 2.115624458175583422e-01
36.608967 2.115729558834396062e-01
36.617277 2.115834245280580894e-01
36.625587 2.115938517929801532e-01
36.633897 2.116042377197689395e-01
36.642207 2.116145823499800405e-01
36.650517 2.116248857251629423e-01
36.658827 2.116351478868589431e-01
36.667136 2.116453688766062324e-01
36.675446 2.116555487359302323e-01
36.683756 2.116656875063557264e-01
36.692066 2.116757852293952302e-01
36.700376 2.116858419465574848e-01
36.708686 2.116958576993436258e-01
36.716995 2.117058325292468235e-01
36.725305 2.117157664777492010e-01
36.733615 2.117256595863328261e-01
36.741925 2.117355118964668603e-01
36.750235 2.117453234496110559e-01
36.758545 2.117550942872259423e-01
36.766854 2.117648244507554511e-01
36.775164 2.117745139816371858e-01
36.783474 2.117841629213056132e-01
36.791784 2.117937713111806008e-01
36.800094 2.118033391926789910e-01
36.808404 2.118128666072047472e-01
36.816713 2.118223535961576698e-01
36.825023 2.118318002009257350e-01
36.833333 2.118412064628893421e-01
36.841643 2.118505724234213405e-01
36.849953 2.118598981238843104e-01
36.858263 2.118691836056331435e-01
36.866572 2.118784289100127394e-01
36.874882 2.118876340783590884e-01
36.883192 2.118967991520000482e-01
36.891502 2.119059241722517917e-01
36.899812 2.119150091804257729e-01
36.908122 2.119240542178175979e-01
36.916431 2.119330593257199580e-01
36.924741 2.119420245454107232e-01
36.933051 2.119509499181611023e-01
36.941361 2.119598354852326172e-01
36.949671 2.119686812878737170e-01
36.957981 2.119774873673274662e-01
36.966290 2.119862537648241618e-01
36.974600 2.119949805215848304e-01
36.982910 2.120036676788197294e-01
36.991220 2.120123152777287634e-01
36.999530 2.120209233595033993e-01
37.007840 2.120294919653217536e-01
37.016150 2.120380211363530887e-01
37.024459 2.120465109137553705e-01
37.032769 2.120549613386781274e-01
37.041079 2.120633724522565100e-01
37.049389 2.120717442956177590e-01
37.057699 2.120800769098768468e-01
37.066009 2.120883703361370054e-01
37.074318 2.120966246154928070e-01
37.082628 2.121048397890258064e-01
37.090938 2.121130158978064562e-01
37.099248 2.121211529828943287e-01
37.107558 2.121292510853372004e-01
37.115868 2.121373102461716065e-01
37.124177 2.121453305064211758e-01
37.132487 2.121533119071006279e-01
37.140797 2.121612544892112762e-01
37.149107 2.121691582937423326e-01
37.157417 2.121770233616716572e-01
37.165727 2.121848497339640371e-01
37.174036 2.121926374515747393e-01
37.182346 2.122003865554438484e-01
37.190656 2.122080970865016514e-01
37.198966 2.122157690856646683e-01
37.207276 2.122234025938380952e-01
37.215586 2.122309976519133334e-01
37.223895 2.122385543007707098e-01
37.232205 2.122460725812758964e-01
37.240515 2.122535525342856000e-01
37.248825 2.122609942006388473e-01
37.257135 2.122683976211665879e-01
37.265445 2.122757628366833127e-01
37.273754 2.122830898879922712e-01
37.282064 2.122903788158828631e-01
37.290374 2.122976296611314706e-01
37.298684 2.123048424645037902e-01
37.306994 2.123120172667470329e-01
37.315304 2.123191541085999168e-01
37.323614 2.123262530307837015e-01
37.331923 2.123333140740107650e-01
37.340233 2.123403372789749721e-01
37.348543 2.123473226863592522e-01
37.356853 2.123542703368329621e-01
37.365163 2.123611802710514973e-01
37.373473 2.123680525296550714e-01
37.381782 2.123748871532719074e-01
37.390092 2.123816841825123536e-01
37.398402 2.123884436579780988e-01
37.406712 2.123951656202529015e-01
37.415022 2.124018501099081135e-01
37.423332 2.124084971674981837e-01
37.431641 2.124151068335653203e-01
37.439951 2.124216791486381040e-01
37.448261 2.124282141532280455e-01
37.456571 2.124347118878336660e-01
37.464881 2.124411723929387485e-01
37.473191 2.124475957090106448e-01
37.481500 2.124539818765053822e-01
37.489810 2.124603309358603365e-01
37.498120 2.124666429275007262e-01
37.506430 2.124729178918342010e-01
37.514740 2.124791558692557536e-01
37.523050 2.124853569001428355e-01
37.531359 2.124915210248587427e-01
37.539669 2.124976482837535319e-01
37.547979 2.125037387171586911e-01
37.556289 2.125097923653915810e-01
37.564599 2.125158092687542410e-01
37.572909 2.125217894675332786e-01
37.581218 2.125277330019970379e-01
37.589528 2.125336399124023723e-01
37.597838 2.125395102389885937e-01
37.606148 2.125453440219779444e-01
37.614458 2.125511413015771511e-01
37.622768 2.125569021179779250e-01
37.631077 2.125626265113571001e-01
37.639387 2.125683145218705272e-01
37.647697 2.125739661896636767e-01
37.656007 2.125795815548619239e-01
37.664317 2.125851606575760999e-01
37.672627 2.125907035378999110e-01
37.680937 2.125962102359099937e-01
37.689246 2.126016807916693840e-01
37.697556 2.126071152452200796e-01
37.705866 2.126125136365915047e-01
37.714176 2.126178760057939598e-01
37.722486 2.126232023928223691e-01
37.730796 2.126284928376514782e-01
37.739105 2.126337473802454858e-01
37.747415 2.126389660605448872e-01
37.755725 2.126441489184781874e-01
37.764035 2.126492959939528804e-01
37.772345 2.126544073268646085e-01
37.780655 2.126594829570844503e-01
37.788964 2.126645229244713553e-01
37.797274 2.126695272688666483e-01
37.805584 2.126744960300936127e-01
37.813894 2.126794292479558257e-01
37.822204 2.126843269622424593e-01
37.830514 2.126891892127237282e-01
37.838823 2.126940160391539436e-01
37.847133 2.126988074812658502e-01
37.855443 2.127035635787776491e-01
37.863753 2.127082843713896387e-01
37.872063 2.127129698987807738e-01
37.880373 2.127176202006178796e-01
37.888682 2.127222353165441615e-01
37.896992 2.127268152861890582e-01
37.905302 2.127313601491595541e-01
37.913612 2.127358699450494495e-01
37.921922 2.127403447134304793e-01
37.930232 2.127447844938580579e-01
37.938541 2.127491893258658950e-01
37.946851 2.127535592489747385e-01
37.955161 2.127578943026833813e-01
37.963471 2.127621945264716596e-01
37.971781 2.127664599598025341e-01
37.980091 2.127706906421197586e-01
37.988400 2.127748866128482685e-01
37.996710 2.127790479113935429e-01
38.005020 2.127831745771434357e-01
38.013330 2.127872666494659004e-01
38.021640 2.127913241677112099e-01
38.029950 2.127953471712089595e-01
38.038260 2.127993356992704810e-01
38.046569 2.128032897911898702e-01
38.054879 2.128072094862376029e-01
38.063189 2.128110948236700550e-01
38.071499 2.128149458427206486e-01
38.079809 2.128187625826053475e-01
38.088119 2.128225450825188270e-01
38.096428 2.128262933816390534e-01
38.104738 2.128300075191233154e-01
38.113048 2.128336875341075018e-01
38.121358 2.128373334657112648e-01
38.129668 2.128409453530308026e-01
38.137978 2.128445232351476313e-01
38.146287 2.128480671511176758e-01
38.154597 2.128515771399818457e-01
38.162907 2.128550532407570417e-01
38.171217 2.128584954924455652e-01
38.179527 2.128619039340242935e-01
38.187837 2.128652786044532841e-01
38.196146 2.128686195426709171e-01
38.204456 2.128719267875985033e-01
38.212766 2.128752003781325675e-01
38.221076 2.128784403531523151e-01
38.229386 2.128816467515164401e-01
38.237696 2.128848196120613767e-01
38.246005 2.128879589736082656e-01
38.254315 2.128910648749507972e-01
38.262625 2.128941373548668969e-01
38.270935 2.128971764521127852e-01
38.279245 2.129001822054248094e-01
38.287555 2.129031546535178065e-01
38.295864 2.129060938350838816e-01
38.304174 2.129089997888002628e-01
38.312484 2.129118725533161172e-01
38.320794 2.129147121672658738e-01
38.329104 2.129175186692604527e-01
38.337414 2.129202920978878477e-01
38.345723 2.129230324917184836e-01
38.354033 2.129257398893021624e-01
38.362343 2.129284143291632625e-01
38.370653 2.129310558498097306e-01
38.378963 2.129336644897241448e-01
38.387273 2.129362402873741233e-01
38.395583 2.129387832811963088e-01
38.403892 2.129412935096170467e-01
38.412202 2.129437710110319015e-01
38.420512 2.129462158238225045e-01
38.428822 2.129486279863435916e-01
38.437132 2.129510075369304700e-01
38.445442 2.129533545138969641e-01
38.453751 2.129556689555369975e-01
38.462061 2.129579509001183757e-01
38.470371 2.129602003858921955e-01
38.478681 2.129624174510854062e-01
38.486991 2.129646021339006712e-01
38.495301 2.129667544725242778e-01
38.503610 2.129688745051173671e-01
38.511920 2.129709622698205962e-01
38.520230 2.129730178047488653e-01
38.528540 2.129750411480016703e-01
38.536850 2.129770323376502517e-01
38.545160 2.129789914117459493e-01
38.553469 2.129809184083213403e-01
38.561779 2.129828133653825506e-01
38.570089 2.129846763209135296e-01
38.578399 2.129865073128768271e-01
38.586709 2.129883063792158415e-01
38.595019 2.129900735578468540e-01
38.603328 2.129918088866673276e-01
38.611638 2.129935124035499117e-01
38.619948 2.129951841463454398e-01
38.628258 2.129968241528819028e-01
38.636568 2.129984324609663915e-01
38.644878 2.130000091083830982e-01
38.653187 2.130015541328905138e-01
38.661497 2.130030675722292266e-01
38.669807 2.130045494641115977e-01
38.678117 2.130059998462339732e-01
38.686427 2.130074187562643051e-01
38.694737 2.130088062318489239e-01
38.703047 2.130101623106133157e-01
38.711356 2.130114870301581531e-01
38.719666 2.130127804280617931e-01
38.727976 2.130140425418779460e-01
38.736286 2.130152734091410871e-01
38.744596 2.130164730673597406e-01
38.752906 2.130176415540199208e-01
38.761215 2.130187789065841331e-01
38.769525 2.130198851624922063e-01
38.777835 2.130209603591601275e-01
38.786145 2.130220045339815405e-01
38.794455 2.130230177243275236e-01
38.802765 2.130239999675435647e-01
38.811074 2.130249513009511708e-01
38.819384 2.130258717618524755e-01
38.827694 2.130267613875234389e-01
38.836004 2.130276202152155685e-01
38.844314 2.130284482821590830e-01
38.852624 2.130292456255592493e-01
38.860933 2.130300122825983244e-01
38.869243 2.130307482904343908e-01
38.877553 2.130314536862030761e-01
38.885863 2.130321285070130022e-01
38.894173 2.130327727899540835e-01
38.902483 2.130333865720903663e-01
38.910792 2.130339698904583356e-01
38.919102 2.130345227820751863e-01
38.927412 2.130350452839326614e-01
38.935722 2.130355374329998830e-01
38.944032 2.130359992662200774e-01
38.952342 2.130364308205128787e-01
38.960651 2.130368321327745784e-01
38.968961 2.130372032398764603e-01
38.977271 2.130375441786663826e-01
38.985581 2.130378549859681392e-01
38.993891 2.130381356985829866e-01
39.002201 2.130383863532834543e-01
39.010510 2.130386069868209498e-01
39.018820 2.130387976359225111e-01
39.027130 2.130389583372907514e-01
39.035440 2.130390891276054133e-01
39.043750 2.130391900435159580e-01
39.052060 2.130392611216558596e-01
39.060370 2.130393023986277001e-01
39.068679 2.130393139110126621e-01
39.076989 2.130392956953664485e-01
39.085299 2.130392477882177837e-01
39.093609 2.130391702260781839e-01
39.101919 2.130390630454271073e-01
39.110229 2.130389262827222241e-01
39.118538 2.130387599743955862e-01
39.126848 2.130385641568555422e-01
39.135158 2.130383388664867927e-01
39.143468 2.130380841396469216e-01
39.151778 2.130378000126714466e-01
39.160088 2.130374865218662150e-01
39.168397 2.130371437035175342e-01
39.176707 2.130367715938845941e-01
39.185017 2.130363702292009942e-01
39.193327 2.130359396456770471e-01
39.201637 2.130354798794958093e-01
39.209947 2.130349909668187436e-01
39.218256 2.130344729437792239e-01
39.226566 2.130339258464840901e-01
39.234876 2.130333497110215857e-01
39.243186 2.130327445734486458e-01
39.251496 2.130321104698010837e-01
39.259806 2.130314474360845700e-01
39.268115 2.130307555082857907e-01
39.276425 2.130300347223605950e-01
39.284735 2.130292851142438770e-01
39.293045 2.130285067198425530e-01
39.301355 2.130276995750389202e-01
39.309665 2.130268637156920719e-01
39.317974 2.130259991776296546e-01
39.326284 2.130251059966622174e-01
39.334594 2.130241842085681403e-01
39.342904 2.130232338491042376e-01
39.351214 2.130222549539988186e-01
39.359524 2.130212475589581267e-01
39.367833 2.130202116996583461e-01
39.376143 2.130191474117568984e-01
39.384453 2.130180547308783978e-01
39.392763 2.130169336926260037e-01
39.401073 2.130157843325744815e-01
39.409383 2.130146066862788068e-01
39.417693 2.130134007892598991e-01
39.426002 2.130121666770183331e-01
39.434312 2.130109043850286765e-01
39.442622 2.130096139487383800e-01
39.450932 2.130082954035681098e-01
39.459242 2.130069487849155507e-01
39.467552 2.130055741281507153e-01
39.475861 2.130041714686193854e-01
39.484171 2.130027408416371171e-01
39.492481 2.130012822824992325e-01
39.500791 2.129997958264705227e-01
39.509101 2.129982815087941850e-01
39.517411 2.129967393646821638e-01
39.525720 2.129951694293261977e-01
39.534030 2.129935717378858007e-01
39.542340 2.129919463254993928e-01
39.550650 2.129902932272771943e-01
39.558960 2.129886124783033352e-01
39.567270 2.129869041136363272e-01
39.575579 2.129851681683083142e-01
39.583889 2.129834046773272371e-01
39.592199 2.129816136756693679e-01
39.600509 2.129797951982897730e-01
39.608819 2.129779492801158747e-01
39.617129 2.129760759560478389e-01
39.625438 2.129741752609606298e-01
39.633748 2.129722472297027602e-01
39.642058 2.129702918970970971e-01
39.650368 2.129683092979382797e-01
39.658678 2.129662994669964671e-01
39.666988 2.129642624390110095e-01
39.675297 2.129621982487043819e-01
39.683607 2.129601069307612560e-01
39.691917 2.129579885198482347e-01
39.700227 2.129558430506025557e-01
39.708537 2.129536705576335620e-01
39.716847 2.129514710755229245e-01
39.725156 2.129492446388318860e-01
39.733466 2.129469912820893540e-01
39.741776 2.129447110398005327e-01
39.750086 2.129424039464428708e-01
39.758396 2.129400700364670329e-01
39.766706 2.129377093442983149e-01
39.775016 2.129353219043330359e-01
39.783325 2.129329077509426460e-01
39.791635 2.129304669184732546e-01
39.799945 2.129279994412395516e-01
39.808255 2.129255053535353548e-01
39.816565 2.129229846896215361e-01
39.824875 2.129204374837384006e-01
39.833184 2.129178637700948618e-01
39.841494 2.129152635828745199e-01
39.849804 2.129126369562352461e-01
39.858114 2.129099839243061010e-01
39.866424 2.129073045211921922e-01
39.874734 2.129045987809660423e-01
39.883043 2.129018667376785801e-01
39.891353 2.128991084253551158e-01
39.899663 2.128963238779856271e-01
39.907973 2.128935131295435768e-01
39.916283 2.128906762139676778e-01
39.924593 2.128878131651739669e-01
39.932902 2.128849240170472557e-01
39.941212 2.128820088034498459e-01
39.949522 2.128790675582187264e-01
39.957832 2.128761003151531106e-01
39.966142 2.128731071080366688e-01
39.974452 2.128700879706219018e-01
39.982761 2.128670429366316119e-01
39.991071 2.128639720397645374e-01
39.999381 2.128608753136913834e-01
40.007691 2.128577527920569312e-01
40.016001 2.128546045084760696e-01
40.024311 2.128514304965390680e-01
40.032620 2.128482307898079129e-01
40.040930 2.128450054218155307e-01
40.049240 2.128417544260712002e-01
40.057550 2.128384778360563612e-01
40.065860 2.128351756852226995e-01
40.074170 2.128318480069943952e-01
40.082479 2.128284948347727856e-01
40.090789 2.128251162019272336e-01
40.099099 2.128217121418031210e-01
40.107409 2.128182826877141054e-01
40.115719 2.128148278729527776e-01
40.124029 2.128113477307793378e-01
40.132339 2.128078422944273129e-01
40.140648 2.128043115971041122e-01
40.148958 2.128007556719901383e-01
40.157268 2.127971745522377334e-01
40.165578 2.127935682709705956e-01
40.173888 2.127899368612861386e-01
40.182198 2.127862803562549920e-01
40.190507 2.127825987889175596e-01
40.198817 2.127788921922911247e-01
40.207127 2.127751605993625228e-01
40.215437 2.127714040430893072e-01
40.223747 2.127676225564066603e-01
40.232057 2.127638161722181231e-01
40.240366 2.127599849234005081e-01
40.248676 2.127561288428050368e-01
40.256986 2.127522479632503738e-01
40.265296 2.127483423175355048e-01
40.273606 2.127444119384236665e-01
40.281916 2.127404568586569455e-01
40.290225 2.127364771109452601e-01
40.298535 2.127324727279722993e-01
40.306845 2.127284437423964114e-01
40.315155 2.127243901868459131e-01
40.323465 2.127203120939194503e-01
40.331775 2.127162094961926597e-01
40.340084 2.127120824262098142e-01
40.348394 2.127079309164906784e-01
40.356704 2.127037549995245691e-01
40.365014 2.126995547077739357e-01
40.373324 2.126953300736729169e-01
40.381634 2.126910811296313375e-01
40.389943 2.126868079080266316e-01
40.398253 2.126825104412101985e-01
40.406563 2.126781887615057098e-01
40.414873 2.126738429012102471e-01
40.423183 2.126694728925916933e-01
40.431493 2.126650787678907861e-01
40.439803 2.126606605593187316e-01
40.448112 2.126562182990611172e-01
40.456422 2.126517520192753585e-01
40.464732 2.126472617520920039e-01
40.473042 2.126427475296109593e-01
40.481352 2.126382093839042087e-01
40.489662 2.126336473470203103e-01
40.497971 2.126290614509743770e-01
40.506281 2.126244517277595669e-01
40.514591 2.126198182093337052e-01
40.522901 2.126151609276331622e-01
40.531211 2.126104799145650537e-01
40.539521 2.126057752020071301e-01
40.547830 2.126010468218084148e-01
40.556140 2.125962948057912583e-01
40.564450 2.125915191857531694e-01
40.572760 2.125867199934578233e-01
40.581070 2.125818972606433044e-01
40.589380 2.125770510190227169e-01
40.597689 2.125721813002780791e-01
40.605999 2.125672881360637645e-01
40.614309 2.125623715580062523e-01
40.622619 2.125574315977050155e-01
40.630929 2.125524682867287463e-01
40.639239 2.125474816566237657e-01
40.647548 2.125424717389013674e-01
40.655858 2.125374385650522224e-01
40.664168 2.125323821665317525e-01
40.672478 2.125273025747700939e-01
40.680788 2.125221998211742902e-01
40.689098 2.125170739371157191e-01
40.697407 2.125119249539395849e-01
40.705717 2.125067529029666391e-01
40.714027 2.125015578154895446e-01
40.722337 2.124963397227664363e-01
40.730647 2.124910986560354376e-01
40.738957 2.124858346464998382e-01
40.747266 2.124805477253397801e-01
40.755576 2.124752379237041522e-01
40.763886 2.124699052727167803e-01
40.772196 2.124645498034701818e-01
40.780506 2.124591715470313114e-01
40.788816 2.124537705344356764e-01
40.797126 2.124483467966961359e-01
40.805435 2.124429003647921310e-01
40.813745 2.124374312696796496e-01
40.822055 2.124319395422799572e-01
40.830365 2.124264252134939190e-01
40.838675 2.124208883141889548e-01
40.846985 2.124153288752070046e-01
40.855294 2.124097469273608929e-01
40.863604 2.124041425014342177e-01
40.871914 2.123985156281842090e-01
40.880224 2.123928663383382043e-01
40.888534 2.123871946625990326e-01
40.896844 2.123815006316363829e-01
40.905153 2.123757842760950476e-01
40.913463 2.123700456265920911e-01
40.921773 2.123642847137129086e-01
40.930083 2.123585015680196919e-01
40.938393 2.123526962200410761e-01
40.946703 2.123468687002816324e-01
40.955012 2.123410190392167607e-01
40.963322 2.123351472672918017e-01
40.971632 2.123292534149254507e-01
40.979942 2.123233375125108402e-01
40.988252 2.123173995904073519e-01
40.996562 2.123114396789488878e-01
41.004871 2.123054578084429822e-01
41.013181 2.122994540091677762e-01
41.021491 2.122934283113704357e-01
41.029801 2.122873807452750061e-01
41.038111 2.122813113410729757e-01
41.046421 2.122752201289285767e-01
41.054730 2.122691071389805617e-01
41.063040 2.122629724013359032e-01
41.071350 2.122568159460756776e-01
41.079660 2.122506378032518737e-01
41.087970 2.122444380028871980e-01
41.096280 2.122382165749790717e-01
41.104589 2.122319735494951343e-01
41.112899 2.122257089563721610e-01
41.121209 2.122194228255240012e-01
41.129519 2.122131151868330845e-01
41.137829 2.122067860701530584e-01
41.146139 2.122004355053105085e-01
41.154449 2.121940635221050420e-01
41.162758 2.121876701503041807e-01
41.171068 2.121812554196513545e-01
41.179378 2.121748193598611276e-01
41.187688 2.121683620006184212e-01
41.195998 2.121618833715783192e-01
41.204308 2.121553835023717027e-01
41.212617 2.121488624225991160e-01
41.220927 2.121423201618337084e-01
41.229237 2.121357567496181540e-01
41.237547 2.121291722154694803e-01
41.245857 2.121225665888762379e-01
41.254167 2.121159398992973899e-01
41.262476 2.121092921761652816e-01
41.270786 2.121026234488815054e-01
41.279096 2.120959337468213968e-01
41.287406 2.120892230993342009e-01
41.295716 2.120824915357369944e-01
41.304026 2.120757390853197366e-01
41.312335 2.120689657773464909e-01
41.320645 2.120621716410486801e-01
41.328955 2.120553567056349675e-01
41.337265 2.120485210002811538e-01
41.345575 2.120416645541380596e-01
41.353885 2.120347873963248642e-01
41.362194 2.120278895559350452e-01
41.370504 2.120209710620370169e-01
41.378814 2.120140319436635001e-01
41.387124 2.120070722298247057e-01
41.395434 2.120000919495012848e-01
41.403744 2.119930911316442457e-01
41.412053 2.119860698051778680e-01
41.420363 2.119790279989978432e-01
41.428673 2.119719657419735503e-01
41.436983 2.119648830629415337e-01
41.445293 2.119577799907145510e-01
41.453603 2.119506565540767717e-01
41.461912 2.119435127817814735e-01
41.470222 2.119363487025566761e-01
41.478532 2.119291643450999796e-01
41.486842 2.119219597380814224e-01
41.495152 2.119147349101446753e-01
41.503462 2.119074898899027948e-01
41.511772 2.119002247059424138e-01
41.520081 2.118929393868217437e-01
41.528391 2.118856339610708794e-01
41.536701 2.118783084571876918e-01
41.545011 2.118709629036490683e-01
41.553321 2.118635973289002827e-01
41.561631 2.118562117613580209e-01
41.569940 2.118488062294107410e-01
41.578250 2.118413807614198952e-01
41.586560 2.118339353857178753e-01
41.594870 2.118264701306102338e-01
41.603180 2.118189850243721861e-01
41.611490 2.118114800952532739e-01
41.619799 2.118039553714743672e-01
41.628109 2.117964108812262769e-01
41.636419 2.117888466526740288e-01
41.644729 2.117812627139547821e-01
41.653039 2.117736590931730556e-01
41.661349 2.117660358184126623e-01
41.669658 2.117583929177239699e-01
41.677968 2.117507304191301176e-01
41.686278 2.117430483506279604e-01
41.694588 2.117353467401853206e-01
41.702898 2.117276256157400727e-01
41.711208 2.117198850052063042e-01
41.719517 2.117121249364648239e-01
41.727827 2.117043454373732092e-01
41.736137 2.116965465357586174e-01
41.744447 2.116887282594198116e-01
41.752757 2.116808906361291598e-01
41.761067 2.116730336936290258e-01
41.769376 2.116651574596360719e-01
41.777686 2.116572619618353190e-01
41.785996 2.116493472278875021e-01
41.794306 2.116414132854263497e-01
41.802616 2.116334601620515066e-01
41.810926 2.116254878853398858e-01
41.819236 2.116174964828397564e-01
41.827545 2.116094859820696061e-01
41.835855 2.116014564105220264e-01
41.844165 2.115934077956580228e-01
41.852475 2.115853401649166188e-01
41.860785 2.115772535457040304e-01
41.869095 2.115691479653973583e-01
41.877404 2.115610234513528309e-01
41.885714 2.115528800308910107e-01
41.894024 2.115447177313101446e-01
41.902334 2.115365365798771990e-01
41.910644 2.115283366038320234e-01
41.918954 2.115201178303858787e-01
41.927263 2.115118802867252956e-01
41.935573 2.115036240000064127e-01
41.943883 2.114953489973556144e-01
41.952193 2.114870553058758040e-01
41.960503 2.114787429526393814e-01
41.968813 2.114704119646918790e-01
41.977122 2.114620623690476875e-01
41.985432 2.114536941926992986e-01
41.993742 2.114453074626058693e-01
42.002052 2.114369022057021041e-01
42.010362 2.114284784488929814e-01
42.018672 2.114200362190601090e-01
42.026981 2.114115755430479859e-01
42.035291 2.114030964476828478e-01
42.043601 2.113945989597575681e-01
42.051911 2.113860831060388468e-01
42.060221 2.113775489132685426e-01
42.068531 2.113689964081549300e-01
42.076840 2.113604256173823304e-01
42.085150 2.113518365676073651e-01
42.093460 2.113432292854555972e-01
42.101770 2.113346037975313008e-01
42.110080 2.113259601304043056e-01
42.118390 2.113172983106189617e-01
42.126699 2.113086183646936123e-01
42.135009 2.112999203191190667e-01
42.143319 2.112912042003537993e-01
42.151629 2.112824700348340246e-01
42.159939 2.112737178489659806e-01
42.168249 2.112649476691294270e-01
42.176559 2.112561595216729815e-01
42.184868 2.112473534329216696e-01
42.193178 2.112385294291714843e-01
42.201488 2.112296875366891646e-01
42.209798 2.112208277817169133e-01
42.218108 2.112119501904675956e-01
42.226418 2.112030547891252108e-01
42.234727 2.111941416038486119e-01
42.243037 2.111852106607672863e-01
42.251347 2.111762619859864354e-01
42.259657 2.111672956055754280e-01
42.267967 2.111583115455877846e-01
42.276277 2.111493098320394723e-01
42.284586 2.111402904909256972e-01
42.292896 2.111312535482085806e-01
42.301206 2.111221990298276785e-01
42.309516 2.111131269616918493e-01
42.317826 2.111040373696838057e-01
42.326136 2.110949302796588378e-01
42.334445 2.110858057174426761e-01
42.342755 2.110766637088364872e-01
42.351065 2.110675042796129885e-01
42.359375 2.110583274555167532e-01
42.367685 2.110491332622669303e-01
42.375995 2.110399217255508608e-01
42.384304 2.110306928710329044e-01
42.392614 2.110214467243488046e-01
42.400924 2.110121833111056888e-01
42.409234 2.110029026568838728e-01
42.417544 2.109936047872381371e-01
42.425854 2.109842897276935914e-01
42.434163 2.109749575037468128e-01
42.442473 2.109656081408727291e-01
42.450783 2.109562416645110738e-01
42.459093 2.109468581000812082e-01
42.467403 2.109374574729716567e-01
42.475713 2.109280398085434105e-01
42.484022 2.109186051321330635e-01
42.492332 2.109091534690456238e-01
42.500642 2.108996848445631456e-01
42.508952 2.108901992839364581e-01
42.517262 2.108806968123935754e-01
42.525572 2.108711774551297602e-01
42.533882 2.108616412373183202e-01
42.542191 2.108520881841032257e-01
42.550501 2.108425183206006082e-01
42.558811 2.108329316718997315e-01
42.567121 2.108233282630626593e-01
42.575431 2.108137081191257534e-01
42.583741 2.108040712650971760e-01
42.592050 2.107944177259563623e-01
42.600360 2.107847475266586279e-01
42.608670 2.107750606921283687e-01
42.616980 2.107653572472678316e-01
42.625290 2.107556372169472059e-01
42.633600 2.107459006260143652e-01
42.641909 2.107361474992850148e-01
42.650219 2.107263778615517114e-01
42.658529 2.107165917375787012e-01
42.666839 2.107067891521026692e-01
42.675149 2.106969701298352926e-01
42.683459 2.106871346954568569e-01
42.691768 2.106772828736249159e-01
42.700078 2.106674146889699062e-01
42.708388 2.106575301660924271e-01
42.716698 2.106476293295698743e-01
42.725008 2.106377122039466698e-01
42.733318 2.106277788137472795e-01
42.741627 2.106178291834656380e-01
42.749937 2.106078633375683684e-01
42.758247 2.105978813004964478e-01
42.766557 2.105878830966642912e-01
42.774867 2.105778687504568369e-01
42.783177 2.105678382862368470e-01
42.791486 2.105577917283361911e-01
42.799796 2.105477291010602603e-01
42.808106 2.105376504286907702e-01
42.816416 2.105275557354782667e-01
42.824726 2.105174450456496482e-01
42.833036 2.105073183834029749e-01
42.841345 2.104971757729130477e-01
42.849655 2.104870172383222215e-01
42.857965 2.104768428037529782e-01
42.866275 2.104666524932939653e-01
42.874585 2.104564463310117928e-01
42.882895 2.104462243409461475e-01
42.891205 2.104359865471086000e-01
42.899514 2.104257329734850190e-01
42.907824 2.104154636440326576e-01
42.916134 2.104051785826833998e-01
42.924444 2.103948778133440667e-01
42.932754 2.103845613598935849e-01
42.941064 2.103742292461831254e-01
42.949373 2.103638814960387127e-01
42.957683 2.103535181332590320e-01
42.965993 2.103431391816172336e-01
42.974303 2.103327446648589061e-01
42.982613 2.103223346067023547e-01
42.990923 2.103119090308400163e-01
42.999232 2.103014679609406246e-01
43.007542 2.102910114206435754e-01
43.015852 2.102805394335592049e-01
43.024162 2.102700520232789194e-01
43.032472 2.102595492133583488e-01
43.040782 2.102490310273346930e-01
43.049091 2.102384974887155089e-01
43.057401 2.102279486209803760e-01
43.065711 2.102173844475846709e-01
43.074021 2.102068049919562920e-01
43.082331 2.101962102774973806e-01
43.090641 2.101856003275840157e-01
43.098950 2.101749751655652698e-01
43.107260 2.101643348147630708e-01
43.115570 2.101536792984768365e-01
43.123880 2.101430086399722064e-01
43.132190 2.101323228624981110e-01
43.140500 2.101216219892692860e-01
43.148809 2.101109060434780129e-01
43.157119 2.101001750482913988e-01
43.165429 2.100894290268444653e-01
43.173739 2.100786680022536657e-01
43.182049 2.100678919976039505e-01
43.190359 2.100571010359569279e-01
43.198668 2.100462951403443967e-01
43.206978 2.100354743337787822e-01
43.215288 2.100246386392362052e-01
43.223598 2.100137880796781875e-01
43.231908 2.100029226780321667e-01
43.240218 2.099920424572025712e-01
43.248528 2.099811474400624378e-01
43.256837 2.099702376494712863e-01
43.265147 2.099593131082491126e-01
43.273457 2.099483738391970111e-01
43.281767 2.099374198650883760e-01
43.290077 2.099264512086696510e-01
43.298387 2.099154678926634376e-01
43.306696 2.099044699397644709e-01
43.315006 2.098934573726439767e-01
43.323316 2.098824302139435660e-01
43.331626 2.098713884862833667e-01
43.339936 2.098603322122522541e-01
43.348246 2.098492614144155388e-01
43.356555 2.098381761153179093e-01
43.364865 2.098270763374692760e-01
43.373175 2.098159621033593991e-01
43.381485 2.098048334354503386e-01
43.389795 2.097936903561796740e-01
43.398105 2.097825328879577844e-01
43.406414 2.097713610531689588e-01
43.414724 2.097601748741726169e-01
43.423034 2.097489743733043921e-01
43.431344 2.097377595728698307e-01
43.439654 2.097265304951501652e-01
43.447964 2.097152871624051174e-01
43.456273 2.097040295968631285e-01
43.464583 2.096927578207304077e-01
43.472893 2.096814718561839930e-01
43.481203 2.096701717253805775e-01
43.489513 2.096588574504454350e-01
43.497823 2.096475290534832170e-01
43.506132 2.096361865565708471e-01
43.514442 2.096248299817574656e-01
43.522752 2.096134593510714239e-01
43.531062 2.096020746865112083e-01
43.539372 2.095906760100517130e-01
43.547682 2.095792633436442676e-01
43.555992 2.095678367092086714e-01
43.564301 2.095563961286466548e-01
43.572611 2.095449416238289730e-01
43.580921 2.095334732166039271e-01
43.589231 2.095219909287922566e-01
43.597541 2.095104947821915253e-01
43.605851 2.094989847985735953e-01
43.614160 2.094874609996812964e-01
43.622470 2.094759234072366416e-01
43.630780 2.094643720429356648e-01
43.639090 2.094528069284467831e-01
43.647400 2.094412280854123509e-01
43.655710 2.094296355354555439e-01
43.664019 2.094180293001668414e-01
43.672329 2.094064094011175992e-01
43.680639 2.093947758598492803e-01
43.688949 2.093831286978775352e-01
43.697259 2.093714679366998621e-01
43.705569 2.093597935977795088e-01
43.713878 2.093481057025637360e-01
43.722188 2.093364042724640550e-01
43.730498 2.093246893288774613e-01
43.738808 2.093129608931685870e-01
43.747118 2.093012189866801376e-01
43.755428 2.092894636307273404e-01
43.763737 2.092776948466048004e-01
43.772047 2.092659126555754812e-01
43.780357 2.092541170788826399e-01
43.788667 2.092423081377445260e-01
43.796977 2.092304858533494960e-01
43.805287 2.092186502468680875e-01
43.813596 2.092068013394378645e-01
43.821906 2.091949391521780444e-01
43.830216 2.091830637061779796e-01
43.838526 2.091711750225058453e-01
43.846836 2.091592731222039758e-01
43.855146 2.091473580262909193e-01
43.863455 2.091354297557544983e-01
43.871765 2.091234883315645499e-01
43.880075 2.091115337746625169e-01
43.888385 2.090995661059671940e-01
43.896695 2.090875853463697309e-01
43.905005 2.090755915167406831e-01
43.913315 2.090635846379195473e-01
43.921624 2.090515647307279457e-01
43.929934 2.090395318159585236e-01
43.938244 2.090274859143803066e-01
43.946554 2.090154270467379782e-01
43.954864 2.090033552337491052e-01
43.963174 2.089912704961112144e-01
43.971483 2.089791728544949101e-01
43.979793 2.089670623295433738e-01
43.988103 2.089549389418796366e-01
43.996413 2.089428027120981413e-01
44.004723 2.089306536607738463e-01
44.013033 2.089184918084520948e-01
44.021342 2.089063171756563864e-01
44.029652 2.088941297828844079e-01
44.037962 2.088819296506101986e-01
44.046272 2.088697167992832060e-01
44.054582 2.088574912493284530e-01
44.062892 2.088452530211469815e-01
44.071201 2.088330021351137433e-01
44.079511 2.088207386115803754e-01
44.087821 2.088084624708734516e-01
44.096131 2.087961737332972578e-01
44.104441 2.087838724191296846e-01
44.112751 2.087715585486242809e-01
44.121060 2.087592321420107810e-01
44.129370 2.087468932194949112e-01
44.137680 2.087345418012586662e-01
44.145990 2.087221779074581729e-01
44.154300 2.087098015582252164e-01
44.162610 2.086974127736683782e-01
44.170919 2.086850115738753952e-01
44.179229 2.086725979789002261e-01
44.187539 2.086601720087843670e-01
44.195849 2.086477336835356466e-01
44.204159 2.086352830231435473e-01
44.212469 2.086228200475701844e-01
44.220778 2.086103447767556074e-01
44.229088 2.085978572306156353e-01
44.237398 2.085853574290387757e-01
44.245708 2.085728453918949676e-01
44.254018 2.085603211390278655e-01
44.262328 2.085477846902528687e-01
44.270638 2.085352360653678905e-01
44.278947 2.085226752841416176e-01
44.287257 2.085101023663243902e-01
44.295567 2.084975173316363228e-01
44.303877 2.084849201997782953e-01
44.312187 2.084723109904252636e-01
44.320497 2.084596897232297297e-01
44.328806 2.084470564178163010e-01
44.337116 2.084344110937914329e-01
44.345426 2.084217537707346579e-01
44.353736 2.084090844681996124e-01
44.362046 2.083964032057233351e-01
44.370356 2.083837100028098632e-01
44.378665 2.083710048789448044e-01
44.386975 2.083582878535912841e-01
44.395285 2.083455589461853941e-01
44.403595 2.083328181761392728e-01
44.411905 2.083200655628464626e-01
44.420215 2.083073011256685869e-01
44.428524 2.082945248839520591e-01
44.436834 2.082817368570140382e-01
44.445144 2.082689370641509219e-01
44.453454 2.082561255246338228e-01
44.461764 2.082433022577095671e-01
44.470074 2.082304672826068292e-01
44.478383 2.082176206185213652e-01
44.486693 2.082047622846350532e-01
44.495003 2.081918923001012667e-01
44.503313 2.081790106840494814e-01
44.511623 2.081661174555870519e-01
44.519933 2.081532126337989064e-01
44.528242 2.081402962377447430e-01
44.536552 2.081273682864603070e-01
44.544862 2.081144287989608599e-01
44.553172 2.081014777942366556e-01
44.561482 2.080885152912530789e-01
44.569792 2.080755413089537820e-01
44.578101 2.080625558662628494e-01
44.586411 2.080495589820706703e-01
44.594721 2.080365506752566707e-01
44.603031 2.080235309646678299e-01
44.611341 2.080104998691322538e-01
44.619651 2.079974574074543447e-01
44.627961 2.079844035984150796e-01
44.636270 2.079713384607728976e-01
44.644580 2.079582620132610082e-01
44.652890 2.079451742745904441e-01
44.661200 2.079320752634492564e-01
44.669510 2.079189649985036525e-01
44.677820 2.079058434983950265e-01
44.686129 2.078927107817442332e-01
44.694439 2.078795668671440389e-01
44.702749 2.078664117731682803e-01
44.711059 2.078532455183709216e-01
44.719369 2.078400681212720369e-01
44.727679 2.078268796003809316e-01
44.735988 2.078136799741770180e-01
44.744298 2.078004692611178095e-01
44.752608 2.077872474796401414e-01
44.760918 2.077740146481549532e-01
44.769228 2.077607707850517571e-01
44.777538 2.077475159086986378e-01
44.785847 2.077342500374387002e-01
44.794157 2.077209731895919009e-01
44.802467 2.077076853834563253e-01
44.810777 2.076943866373087144e-01
44.819087 2.076810769694019676e-01
44.827397 2.076677563979655028e-01
44.835706 2.076544249412068111e-01
44.844016 2.076410826173095137e-01
44.852326 2.076277294444388022e-01
44.860636 2.076143654407281713e-01
44.868946 2.076009906242990422e-01
44.877256 2.075876050132419992e-01
44.885565 2.075742086256315011e-01
44.893875 2.075608014795145007e-01
44.902185 2.075473835929207700e-01
44.910495 2.075339549838480235e-01
44.918805 2.075205156702824849e-01
44.927115 2.075070656701796246e-01
44.935425 2.074936050014789257e-01
44.943734 2.074801336820910336e-01
44.952044 2.074666517299100787e-01
44.960354 2.074531591628019089e-01
44.968664 2.074396559986145527e-01
44.976974 2.074261422551750000e-01
44.985284 2.074126179502807921e-01
44.993593 2.073990831017123171e-01
45.001903 2.073855377272275646e-01
45.010213 2.073719818445639296e-01
45.018523 2.073584154714288308e-01
45.026833 2.073448386255161424e-01
45.035143 2.073312513244914279e-01
45.043452 2.073176535860035141e-01
45.051762 2.073040454276707523e-01
45.060072 2.072904268671014738e-01
45.068382 2.072767979218716750e-01
45.076692 2.072631586095376732e-01
45.085002 2.072495089476344421e-01
45.093311 2.072358489536779702e-01
45.101621 2.072221786451558800e-01
45.109931 2.072084980395372533e-01
45.118241 2.071948071542697722e-01
45.126551 2.071811060067774157e-01
45.134861 2.071673946144628187e-01
45.143170 2.071536729947070776e-01
45.151480 2.071399411648679467e-01
45.159790 2.071261991422855275e-01
45.168100 2.071124469442703897e-01
45.176410 2.070986845881161720e-01
45.184720 2.070849120910955854e-01
45.193029 2.070711294704587202e-01
45.201339 2.070573367434290490e-01
45.209649 2.070435339272154174e-01
45.217959 2.070297210390002474e-01
45.226269 2.070158980959461159e-01
45.234579 2.070020651151909530e-01
45.242888 2.069882221138568679e-01
45.251198 2.069743691090354665e-01
45.259508 2.069605061178060312e-01
45.267818 2.069466331572206719e-01
45.276128 2.069327502443096267e-01
45.284438 2.069188573960830391e-01
45.292748 2.069049546295310682e-01
45.301057 2.068910419616165342e-01
45.309367 2.068771194092898780e-01
45.317677 2.068631869894686226e-01
45.325987 2.068492447190611871e-01
45.334297 2.068352926149419346e-01
45.342607 2.068213306939743201e-01
45.350916 2.068073589729919615e-01
45.359226 2.067933774688126281e-01
45.367536 2.067793861982318848e-01
45.375846 2.067653851780203167e-01
45.384156 2.067513744249306618e-01
45.392466 2.067373539556942585e-01
45.400775 2.067233237870181317e-01
45.409085 2.067092839355897937e-01
45.417395 2.066952344180762735e-01
45.425705 2.066811752511225064e-01
45.434015 2.066671064513506129e-01
45.442325 2.066530280353670868e-01
45.450634 2.066389400197470583e-01
45.458944 2.066248424210535284e-01
45.467254 2.066107352558234356e-01
45.475564 2.065966185405757882e-01
45.483874 2.065824922918071960e-01
45.492184 2.065683565259906762e-01
45.500493 2.065542112595809554e-01
45.508803 2.065400565090111662e-01
45.517113 2.065258922906930972e-01
45.525423 2.065117186210164157e-01
45.533733 2.064975355163499726e-01
45.542043 2.064833429930442721e-01
45.550352 2.064691410674266148e-01
45.558662 2.064549297558041507e-01
45.566972 2.064407090744577733e-01
45.575282 2.064264790396564964e-01
45.583592 2.064122396676428550e-01
45.591902 2.063979909746391228e-01
45.600211 2.063837329768475892e-01
45.608521 2.063694656904481728e-01
45.616831 2.063551891316020293e-01
45.625141 2.063409033164488038e-01
45.633451 2.063266082611037999e-01
45.641761 2.063123039816688042e-01
45.650071 2.062979904942175702e-01
45.658380 2.062836678148073921e-01
45.666690 2.062693359594734988e-01
45.675000 2.062549949442306074e-01
45.683310 2.062406447850735347e-01
45.691620 2.062262854979721727e-01
45.699930 2.062119170988820915e-01
45.708239 2.061975396037347696e-01
45.716549 2.061831530284409242e-01
45.724859 2.061687573888902336e-01
45.733169 2.061543527009554455e-01
45.741479 2.061399389804849380e-01
45.749789 2.061255162433054400e-01
45.758098 2.061110845052295804e-01
45.766408 2.060966437820422881e-01
45.774718 2.060821940895121440e-01
45.783028 2.060677354433867459e-01
45.791338 2.060532678593934020e-01
45.799648 2.060387913532350790e-01
45.807957 2.060243059405993393e-01
45.816267 2.060098116371532340e-01
45.824577 2.059953084585385563e-01
45.832887 2.059807964203843045e-01
45.841197 2.059662755382913879e-01
45.849507 2.059517458278445345e-01
45.857816 2.059372073046084883e-01
45.866126 2.059226599841265104e-01
45.874436 2.059081038819198517e-01
45.882746 2.058935390134955246e-01
45.891056 2.058789653943344788e-01
45.899366 2.058643830398997343e-01
45.907675 2.058497919656323838e-01
45.915985 2.058351921869568668e-01
45.924295 2.058205837192730869e-01
45.932605 2.058059665779661540e-01
45.940915 2.057913407783967807e-01
45.949225 2.057767063359075832e-01
45.957534 2.057620632658195281e-01
45.965844 2.057474115834349304e-01
45.974154 2.057327513040370648e-01
45.982464 2.057180824428851973e-01
45.990774 2.057034050152250493e-01
45.999084 2.056887190362745588e-01
46.007394 2.056740245212383411e-01
46.015703 2.056593214853005558e-01
46.024013 2.056446099436194663e-01
46.032323 2.056298899113406797e-01
46.040633 2.056151614035861552e-01
46.048943 2.056004244354588395e-01
46.057253 2.055856790220406127e-01
46.065562 2.055709251783961466e-01
46.073872 2.055561629195695461e-01
46.082182 2.055413922605812405e-01
46.090492 2.055266132164396686e-01
46.098802 2.055118258021263189e-01
46.107112 2.054970300326078858e-01
46.115421 2.054822259228283321e-01
46.123731 2.054674134877121916e-01
46.132041 2.054525927421670950e-01
46.140351 2.054377637010771640e-01
46.148661 2.054229263793130034e-01
46.156971 2.054080807917149365e-01
46.165280 2.053932269531148491e-01
46.173590 2.053783648783204241e-01
46.181900 2.053634945821215807e-01
46.190210 2.053486160792833970e-01
46.198520 2.053337293845579337e-01
46.206830 2.053188345126749914e-01
46.215139 2.053039314783448865e-01
46.223449 2.052890202962583954e-01
46.231759 2.052741009810888639e-01
46.240069 2.052591735474867396e-01
46.248379 2.052442380100890640e-01
46.256689 2.052292943835052619e-01
46.264998 2.052143426823304917e-01
46.273308 2.051993829211425091e-01
46.281618 2.051844151144952555e-01
46.289928 2.051694392769268793e-01
46.298238 2.051544554229522976e-01
46.306548 2.051394635670729938e-01
46.314857 2.051244637237669144e-01
46.323167 2.051094559074927159e-01
46.331477 2.050944401326920685e-01
46.339787 2.050794164137877684e-01
46.348097 2.050643847651800189e-01
46.356407 2.050493452012546736e-01
46.364717 2.050342977363751040e-01
46.373026 2.050192423848874734e-01
46.381336 2.050041791611166009e-01
46.389646 2.049891080793720954e-01
46.397956 2.049740291539376980e-01
46.406266 2.049589423990895165e-01
46.414576 2.049438478290736276e-01
46.422885 2.049287454581223133e-01
46.431195 2.049136353004472055e-01
46.439505 2.048985173702432550e-01
46.447815 2.048833916816873713e-01
46.456125 2.048682582489317339e-01
46.464435 2.048531170861151440e-01
46.472744 2.048379682073547814e-01
46.481054 2.048228116267539756e-01
46.489364 2.048076473583899104e-01
46.497674 2.047924754163257810e-01
46.505984 2.047772958146044098e-01
46.514294 2.047621085672514385e-01
46.522603 2.047469136882734131e-01
46.530913 2.047317111916537313e-01
46.539223 2.047165010913658822e-01
46.547533 2.047012834013577920e-01
46.555843 2.046860581355594011e-01
46.564153 2.046708253078858841e-01
46.572462 2.046555849322293785e-01
46.580772 2.046403370224675333e-01
46.589082 2.046250815924544608e-01
46.597392 2.046098186560336984e-01
46.605702 2.045945482270206950e-01
46.614012 2.045792703192199913e-01
46.622321 2.045639849464128412e-01
46.630631 2.045486921223654275e-01
46.638941 2.045333918608224777e-01
46.647251 2.045180841755127599e-01
46.655561 2.045027690801473619e-01
46.663871 2.044874465884151948e-01
46.672181 2.044721167139900431e-01
46.680490 2.044567794705272890e-01
46.688800 2.044414348716624419e-01
46.697110 2.044260829310136363e-01
46.705420 2.044107236621793555e-01
46.713730 2.043953570787431229e-01
46.722040 2.043799831942670620e-01
46.730349 2.043646020222953108e-01
46.738659 2.043492135763571860e-01
46.746969 2.043338178699609931e-01
46.755279 2.043184149165957475e-01
46.763589 2.043030047297338669e-01
46.771899 2.042875873228317263e-01
46.780208 2.042721627093225245e-01
46.788518 2.042567309026288858e-01
46.796828 2.042412919161488705e-01
46.805138 2.042258457632626645e-01
46.813448 2.042103924573358265e-01
46.821758 2.041949320117159572e-01
46.830067 2.041794644397292580e-01
46.838377 2.041639897546888571e-01
46.846687 2.041485079698837357e-01
46.854997 2.041330190985895521e-01
46.863307 2.041175231540627577e-01
46.871617 2.041020201495442332e-01
46.879926 2.040865100982510172e-01
46.888236 2.040709930133879912e-01
46.896546 2.040554689081422735e-01
46.904856 2.040399377956782501e-01
46.913166 2.040243996891471234e-01
46.921476 2.040088546016795013e-01
46.929785 2.039933025463911975e-01
46.938095 2.039777435363780145e-01
46.946405 2.039621775847195451e-01
46.954715 2.039466047044762864e-01
46.963025 2.039310249086894733e-01
46.971335 2.039154382103886554e-01
46.979644 2.038998446225797623e-01
46.987954 2.038842441582539577e-01
46.996264 2.038686368303842256e-01
47.004574 2.038530226519267852e-01
47.012884 2.038374016358172891e-01
47.021194 2.038217737949771791e-01
47.029504 2.038061391423116875e-01
47.037813 2.037904976907035093e-01
47.046123 2.037748494530217946e-01
47.054433 2.037591944421175694e-01
47.062743 2.037435326708223471e-01
47.071053 2.037278641519529032e-01
47.079363 2.037121888983094986e-01
47.087672 2.036965069226683855e-01
47.095982 2.036808182377975174e-01
47.104292 2.036651228564398675e-01
47.112602 2.036494207913274457e-01
47.120912 2.036337120551715285e-01
47.129222 2.036179966606626313e-01
47.137531 2.036022746204834422e-01
47.145841 2.035865459472903649e-01
47.154151 2.035708106537270912e-01
47.162461 2.035550687524192714e-01
47.170771 2.035393202559775128e-01
47.179081 2.035235651769900789e-01
47.187390 2.035078035280314945e-01
47.195700 2.034920353216593814e-01
47.204010 2.034762605704147631e-01
47.212320 2.034604792868178191e-01
47.220630 2.034446914833753783e-01
47.228940 2.034288971725787265e-01
47.237249 2.034130963668977776e-01
47.245559 2.033972890787851262e-01
47.253869 2.033814753206804882e-01
47.262179 2.033656551050056771e-01
47.270489 2.033498284441617454e-01
47.278799 2.033339953505367281e-01
47.287108 2.033181558365039221e-01
47.295418 2.033023099144136148e-01
47.303728 2.032864575966010778e-01
47.312038 2.032705988953878162e-01
47.320348 2.032547338230739076e-01
47.328658 2.032388623919482440e-01
47.336967 2.032229846142787621e-01
47.345277 2.032071005023149135e-01
47.353587 2.031912100682979894e-01
47.361897 2.031753133244407483e-01
47.370207 2.031594102829487047e-01
47.378517 2.031435009560061122e-01
47.386827 2.031275853557835409e-01
47.395136 2.031116634944313271e-01
47.403446 2.030957353840835422e-01
47.411756 2.030798010368604356e-01
47.420066 2.030638604648635770e-01
47.428376 2.030479136801796869e-01
47.436686 2.030319606948766398e-01
47.444995 2.030160015210098201e-01
47.453305 2.030000361706106315e-01
47.461615 2.029840646557005412e-01
47.469925 2.029680869882846406e-01
47.478235 2.029521031803450115e-01
47.486545 2.029361132438571025e-01
47.494854 2.029201171907690227e-01
47.503164 2.029041150330218868e-01
47.511474 2.028881067825342166e-01
47.519784 2.028720924512126544e-01
47.528094 2.028560720509439419e-01
47.536404 2.028400455935992774e-01
47.544713 2.028240130910360928e-01
47.553023 2.028079745550921686e-01
47.561333 2.027919299975906031e-01
47.569643 2.027758794303377854e-01
47.577953 2.027598228651234791e-01
47.586263 2.027437603137237920e-01
47.594572 2.027276917878950979e-01
47.602882 2.027116172993773668e-01
47.611192 2.026955368599024643e-01
47.619502 2.026794504811726405e-01
47.627812 2.026633581748854551e-01
47.636122 2.026472599527170126e-01
47.644431 2.026311558263269585e-01
47.652741 2.026150458073640304e-01
47.661051 2.025989299074529570e-01
47.669361 2.025828081382095303e-01
47.677671 2.025666805112295021e-01
47.685981 2.025505470380949413e-01
47.694290 2.025344077303695700e-01
47.702600 2.025182625996010677e-01
47.710910 2.025021116573265667e-01
47.719220 2.024859549150600235e-01
47.727530 2.024697923843019054e-01
47.735840 2.024536240765407447e-01
47.744150 2.024374500032439239e-01
47.752459 2.024212701758653088e-01
47.760769 2.024050846058427500e-01
47.769079 2.023888933045986938e-01
47.777389 2.023726962835398768e-01
47.785699 2.023564935540526633e-01
47.794009 2.023402851275170333e-01
47.802318 2.023240710152880151e-01
47.810628 2.023078512287111719e-01
47.818938 2.022916257791129435e-01
47.827248 2.022753946778059475e-01
47.835558 2.022591579360850378e-01
47.843868 2.022429155652301080e-01
47.852177 2.022266675765074795e-01
47.860487 2.022104139811660983e-01
47.868797 2.021941547904391456e-01
47.877107 2.021778900155457304e-01
47.885417 2.021616196676885024e-01
47.893727 2.021453437580515711e-01
47.902036 2.021290622978104412e-01
47.910346 2.021127752981159154e-01
47.918656 2.020964827701161870e-01
47.926966 2.020801847249277250e-01
47.935276 2.020638811736641949e-01
47.943586 2.020475721274208325e-01
47.951895 2.020312575972738611e-01
47.960205 2.020149375942865144e-01
47.968515 2.019986121295102854e-01
47.976825 2.019822812139745738e-01
47.985135 2.019659448586965389e-01
47.993445 2.019496030746804061e-01
48.001754 2.019332558729105276e-01
48.010064 2.019169032643585437e-01
48.018374 2.019005452599822170e-01
48.026684 2.018841818707217406e-01
48.034994 2.018678131074994053e-01
48.043304 2.018514389812303689e-01
48.051614 2.018350595028082506e-01
48.059923 2.018186746831109879e-01
48.068233 2.018022845330057768e-01
48.076543 2.017858890633424940e-01
48.084853 2.017694882849530025e-01
48.093163 2.017530822086620046e-01
48.101473 2.017366708452682511e-01
48.109782 2.017202542055640535e-01
48.118092 2.017038323003223776e-01
48.126402 2.016874051403038381e-01
48.134712 2.016709727362525351e-01
48.143022 2.016545350988959151e-01
48.151332 2.016380922389520713e-01
48.159641 2.016216441671163095e-01
48.167951 2.016051908940761084e-01
48.176261 2.015887324304975470e-01
48.184571 2.015722687870384333e-01
48.192881 2.015557999743379514e-01
48.201191 2.015393260030179656e-01
48.209500 2.015228468836928466e-01
48.217810 2.015063626269542330e-01
48.226120 2.014898732433842432e-01
48.234430 2.014733787435468437e-01
48.242740 2.014568791379944823e-01
48.251050 2.014403744372622318e-01
48.259359 2.014238646518708153e-01
48.267669 2.014073497923291878e-01
48.275979 2.013908298691271248e-01
48.284289 2.013743048927399693e-01
48.292599 2.013577748736335715e-01
48.300909 2.013412398222540201e-01
48.309218 2.013246997490346912e-01
48.317528 2.013081546643938069e-01
48.325838 2.012916045787356834e-01
48.334148 2.012750495024512032e-01
48.342458 2.012584894459104878e-01
48.350768 2.012419244194774415e-01
48.359077 2.012253544334984545e-01
48.367387 2.012087794983012101e-01
48.375697 2.011921996242054256e-01
48.384007 2.011756148215122775e-01
48.392317 2.011590251005103136e-01
48.400627 2.011424304714707345e-01
48.408937 2.011258309446541104e-01
48.417246 2.011092265303035531e-01
48.425556 2.010926172386522659e-01
48.433866 2.010760030799120524e-01
48.442176 2.010593840642843633e-01
48.450486 2.010427602019592974e-01
48.458796 2.010261315031067753e-01
48.467105 2.010094979778858093e-01
48.475415 2.009928596364448650e-01
48.483725 2.009762164889050129e-01
48.492035 2.009595685453879066e-01
48.500345 2.009429158159946049e-01
48.508655 2.009262583108104017e-01
48.516964 2.009095960399092939e-01
48.525274 2.008929290133476542e-01
48.533584 2.008762572411732505e-01
48.541894 2.008595807334154493e-01
48.550204 2.008428995000901551e-01
48.558514 2.008262135511986735e-01
48.566823 2.008095228967317902e-01
48.575133 2.007928275466605295e-01
48.583443 2.007761275109458121e-01
48.591753 2.007594227995356806e-01
48.600063 2.007427134223562226e-01
48.608373 2.007259993893317496e-01
48.616682 2.007092807103637855e-01
48.624992 2.006925573953408926e-01
48.633302 2.006758294541394760e-01
48.641612 2.006590968966223409e-01
48.649922 2.006423597326375818e-01
48.658232 2.006256179720177224e-01
48.666541 2.006088716245858494e-01
48.674851 2.005921207001467310e-01
48.683161 2.005753652084910355e-01
48.691471 2.005586051594017150e-01
48.699781 2.005418405626386569e-01
48.708091 2.005250714279581126e-01
48.716400 2.005082977650941567e-01
48.724710 2.004915195837687902e-01
48.733020 2.004747368936967145e-01
48.741330 2.004579497045709258e-01
48.749640 2.004411580260732351e-01
48.757950 2.004243618678713812e-01
48.766260 2.004075612396248318e-01
48.774569 2.003907561509714330e-01
48.782879 2.003739466115369572e-01
48.791189 2.003571326309395995e-01
48.799499 2.003403142187761277e-01
48.807809 2.003234913846364817e-01
48.816119 2.003066641380917279e-01
48.824428 2.002898324887027459e-01
48.832738 2.002729964460146783e-01
48.841048 2.002561560195597889e-01
48.849358 2.002393112188591839e-01
48.857668 2.002224620534151789e-01
48.865978 2.002056085327208190e-01
48.874287 2.001887506662558547e-01
48.882597 2.001718884634864914e-01
48.890907 2.001550219338601722e-01
48.899217 2.001381510868187052e-01
48.907527 2.001212759317853307e-01
48.915837 2.001043964781737960e-01
48.924146 2.000875127353795302e-01
48.932456 2.000706247127893855e-01
48.940766 2.000537324197733113e-01
48.949076 2.000368358656880730e-01
48.957386 2.000199350598826920e-01
48.965696 2.000030300116864557e-01
48.974005 1.999861207304166055e-01
48.982315 1.999692072253799746e-01
48.990625 1.999522895058681027e-01
48.998935 1.999353675811574027e-01
49.007245 1.999184414605169602e-01
49.015555 1.999015111531937394e-01
49.023864 1.998845766684330949e-01
49.032174 1.998676380154573440e-01
49.040484 1.998506952034778128e-01
49.048794 1.998337482416996380e-01
49.057104 1.998167971393024211e-01
49.065414 1.997998419054629604e-01
49.073723 1.997828825493447313e-01
49.082033 1.997659190800911977e-01
49.090343 1.997489515068359978e-01
49.098653 1.997319798387041934e-01
49.106963 1.997150040848007790e-01
49.115273 1.996980242542229778e-01
49.123583 1.996810403560511371e-01
49.131892 1.996640523993589156e-01
49.140202 1.996470603931973509e-01
49.148512 1.996300643466134284e-01
49.156822 1.996130642686373691e-01
49.165132 1.995960601682859881e-01
49.173442 1.995790520545623614e-01
49.181751 1.995620399364640973e-01
49.190061 1.995450238229664053e-01
49.198371 1.995280037230356129e-01
49.206681 1.995109796456267515e-01
49.214991 1.994939515996808910e-01
49.223301 1.994769195941236417e-01
49.231610 1.994598836378726758e-01
49.239920 1.994428437398299281e-01
49.248230 1.994257999088839550e-01
49.256540 1.994087521539126551e-01
49.264850 1.993917004837825746e-01
49.273160 1.993746449073414695e-01
49.281469 1.993575854334323494e-01
49.289779 1.993405220708782399e-01
49.298089 1.993234548284946173e-01
49.306399 1.993063837150818307e-01
49.314709 1.992893087394316254e-01
49.323019 1.992722299103160677e-01
49.331328 1.992551472364995635e-01
49.339638 1.992380607267328352e-01
49.347948 1.992209703897581397e-01
49.356258 1.992038762342970559e-01
49.364568 1.991867782690624478e-01
49.372878 1.991696765027586025e-01
49.381187 1.991525709440719882e-01
49.389497 1.991354616016792756e-01
49.397807 1.991183484842431739e-01
49.406117 1.991012316004142912e-01
49.414427 1.990841109588329383e-01
49.422737 1.990669865681260753e-01
49.431046 1.990498584369041202e-01
49.439356 1.990327265737718565e-01
49.447666 1.990155909873179418e-01
49.455976 1.989984516861190433e-01
49.464286 1.989813086787401986e-01
49.472596 1.989641619737321510e-01
49.480906 1.989470115796367622e-01
49.489215 1.989298575049815720e-01
49.497525 1.989126997582815193e-01
49.505835 1.988955383480399408e-01
49.514145 1.988783732827489048e-01
49.522455 1.988612045708861020e-01
49.530765 1.988440322209181210e-01
49.539074 1.988268562413000040e-01
49.547384 1.988096766404763294e-01
49.555694 1.987924934268751331e-01
49.564004 1.987753066089156528e-01
49.572314 1.987581161950017217e-01
49.580624 1.987409221935289849e-01
49.588933 1.987237246128798485e-01
49.597243 1.987065234614229514e-01
49.605553 1.986893187475168576e-01
49.613863 1.986721104795076964e-01
49.622173 1.986548986657280524e-01
49.630483 1.986376833145011844e-01
49.638792 1.986204644341356129e-01
49.647102 1.986032420329291726e-01
49.655412 1.985860161191686513e-01
49.663722 1.985687867011295404e-01
49.672032 1.985515537870685965e-01
49.680342 1.985343173852419651e-01
49.688651 1.985170775038838653e-01
49.696961 1.984998341512212716e-01
49.705271 1.984825873354716108e-01
49.713581 1.984653370648356285e-01
49.721891 1.984480833475044947e-01
49.730201 1.984308261916535310e-01
49.738510 1.984135656054570318e-01
49.746820 1.983963015970624244e-01
49.755130 1.983790341746209662e-01
49.763440 1.983617633462601837e-01
49.771750 1.983444891201018856e-01
49.780060 1.983272115042538364e-01
49.788370 1.983099305068135032e-01
49.796679 1.982926461358656967e-01
49.804989 1.982753583994850688e-01
49.813299 1.982580673057303122e-01
49.821609 1.982407728626531807e-01
49.829919 1.982234750782951305e-01
49.838229 1.982061739606768569e-01
49.846538 1.981888695178194437e-01
49.854848 1.981715617577260447e-01
49.863158 1.981542506883851862e-01
49.871468 1.981369363177799825e-01
49.879778 1.981196186538790316e-01
49.888088 1.981022977046409950e-01
49.896397 1.980849734780097682e-01
49.904707 1.980676459819227242e-01
49.913017 1.980503152242999165e-01
49.921327 1.980329812130544320e-01
49.929637 1.980156439560863957e-01
49.937947 1.979983034612844695e-01
49.946256 1.979809597365261853e-01
49.954566 1.979636127896785835e-01
49.962876 1.979462626285927729e-01
49.971186 1.979289092611170031e-01
49.979496 1.979115526950789294e-01
49.987806 1.978941929382994347e-01
49.996115 1.978768299985897428e-01
50.004425 1.978594638837469499e-01
50.012735 1.978420946015575776e-01
50.021045 1.978247221597966843e-01
50.029355 1.978073465662260055e-01
50.037665 1.977899678286017815e-01
50.045974 1.977725859546640430e-01
50.054284 1.977552009521447163e-01
50.062594 1.977378128287589631e-01
50.070904 1.977204215922201136e-01
50.079214 1.977030272502192376e-01
50.087524 1.976856298104462950e-01
50.095833 1.976682292805739816e-01
50.104143 1.976508256682654729e-01
50.112453 1.976334189811721487e-01
50.120763 1.976160092269365620e-01
50.129073 1.975985964131878603e-01
50.137383 1.975811805475458371e-01
50.145693 1.975637616376168249e-01
50.154002 1.975463396909970526e-01
50.162312 1.975289147152738956e-01
50.170622 1.975114867180228495e-01
50.178932 1.974940557068060876e-01
50.187242 1.974766216891769843e-01
50.195552 1.974591846726752864e-01
50.203861 1.974417446648354668e-01
50.212171 1.974243016731752343e-01
50.220481 1.974068557052030271e-01
50.228791 1.973894067684175135e-01
50.237101 1.973719548703064264e-01
50.245411 1.973545000183448694e-01
50.253720 1.973370422199998975e-01
50.262030 1.973195814827230776e-01
50.270340 1.973021178139611198e-01
50.278650 1.972846512211438863e-01
50.286960 1.972671817116969928e-01
50.295270 1.972497092930279028e-01
50.303579 1.972322339725401663e-01
50.311889 1.972147557576214572e-01
50.320199 1.971972746556513167e-01
50.328509 1.971797906739965189e-01
50.336819 1.971623038200169264e-01
50.345129 1.971448141010589961e-01
50.353438 1.971273215244569443e-01
50.361748 1.971098260975356620e-01
50.370058 1.970923278276117407e-01
50.378368 1.970748267219906980e-01
50.386678 1.970573227879600930e-01
50.394988 1.970398160328073467e-01
50.403297 1.970223064638044475e-01
50.411607 1.970047940882123372e-01
50.419917 1.969872789132799118e-01
50.428227 1.969697609462486843e-01
50.436537 1.969522401943501755e-01
50.444847 1.969347166648026115e-01
50.453156 1.969171903648125055e-01
50.461466 1.968996613015811248e-01
50.469776 1.968821294822926671e-01
50.478086 1.968645949141287765e-01
50.486396 1.968470576042518350e-01
50.494706 1.968295175598213653e-01
50.503016 1.968119747879828740e-01
50.511325 1.967944292958677122e-01
50.519635 1.967768810906052324e-01
50.527945 1.967593301793105764e-01
50.536255 1.967417765690850362e-01
50.544565 1.967242202670224926e-01
50.552875 1.967066612802063630e-01
50.561184 1.966890996157122373e-01
50.569494 1.966715352806019390e-01
50.577804 1.966539682819254398e-01
50.586114 1.966363986267272990e-01
50.594424 1.966188263220381427e-01
50.602734 1.966012513748804647e-01
50.611043 1.965836737922651012e-01
50.619353 1.965660935811920085e-01
50.627663 1.965485107486541760e-01
50.635973 1.965309253016289948e-01
50.644283 1.965133372470902473e-01
50.652593 1.964957465919969226e-01
50.660902 1.964781533432973515e-01
50.669212 1.964605575079334809e-01
50.677522 1.964429590928329639e-01
50.685832 1.964253581049165698e-01
50.694142 1.964077545510950484e-01
50.702452 1.963901484382647722e-01
50.710761 1.963725397733164513e-01
50.719071 1.963549285631288888e-01
50.727381 1.963373148145720060e-01
50.735691 1.963196985345021794e-01
50.744001 1.963020797297699571e-01
50.752311 1.962844584072145071e-01
50.760620 1.962668345736655884e-01
50.768930 1.962492082359390266e-01
50.777240 1.962315794008440695e-01
50.785550 1.962139480751841358e-01
50.793860 1.961963142657438264e-01
50.802170 1.961786779793011082e-01
50.810479 1.961610392226277866e-01
50.818789 1.961433980024806234e-01
50.827099 1.961257543256123281e-01
50.835409 1.961081081987587349e-01
50.843719 1.960904596286509594e-01
50.852029 1.960728086220088484e-01
50.860339 1.960551551855392316e-01
50.868648 1.960374993259448306e-01
50.876958 1.960198410499129629e-01
50.885268 1.960021803641265048e-01
50.893578 1.959845172752539832e-01
50.901888 1.959668517899586238e-01
50.910198 1.959491839148869430e-01
50.918507 1.959315136566814330e-01
50.926817 1.959138410219758430e-01
50.935127 1.958961660173899055e-01
50.943437 1.958784886495346933e-01
50.951747 1.958608089250114537e-01
50.960057 1.958431268504158829e-01
50.968366 1.958254424323287446e-01
50.976676 1.958077556773209493e-01
50.984986 1.957900665919598548e-01
50.993296 1.957723751827950276e-01
51.001606 1.957546814563744519e-01
51.009916 1.957369854192312353e-01
51.018225 1.957192870778884375e-01
51.026535 1.957015864388635396e-01
51.034845 1.956838835086591177e-01
51.043155 1.956661782937756944e-01
51.051465 1.956484708006958895e-01
51.059775 1.956307610359004634e-01
51.068084 1.956130490058532734e-01
51.076394 1.955953347170137913e-01
51.084704 1.955776181758299981e-01
51.093014 1.955598993887425197e-01
51.101324 1.955421783621773268e-01
51.109634 1.955244551025568656e-01
51.117943 1.955067296162919244e-01
51.126253 1.954890019097838272e-01
51.134563 1.954712719894238782e-01
51.142873 1.954535398615911690e-01
51.151183 1.954358055326646526e-01
51.159493 1.954180690090001060e-01
51.167803 1.954003302969599953e-01
51.176112 1.953825894028833055e-01
51.184422 1.953648463331082163e-01
51.192732 1.953471010939581975e-01
51.201042 1.953293536917536377e-01
51.209352 1.953116041327962460e-01
51.217662 1.952938524233900075e-01
51.225971 1.952760985698221152e-01
51.234281 1.952583425783711579e-01
51.242591 1.952405844553063707e-01
51.250901 1.952228242068909381e-01
51.259211 1.952050618393789405e-01
51.267521 1.951872973590059734e-01
51.275830 1.951695307720102690e-01
51.284140 1.951517620846151824e-01
51.292450 1.951339913030363804e-01
51.300760 1.951162184334801208e-01
51.309070 1.950984434821397551e-01
51.317380 1.950806664552056646e-01
51.325689 1.950628873588569068e-01
51.333999 1.950451061992610202e-01
51.342309 1.950273229825777999e-01
51.350619 1.950095377149604348e-01
51.358929 1.949917504025466819e-01
51.367239 1.949739610514764632e-01
51.375548 1.949561696678676626e-01
51.383858 1.949383762578356938e-01
51.392168 1.949205808274893925e-01
51.400478 1.949027833829226897e-01
51.408788 1.948849839302267961e-01
51.417098 1.948671824754743542e-01
51.425407 1.948493790247409485e-01
51.433717 1.948315735840845941e-01
51.442027 1.948137661595568948e-01
51.450337 1.947959567572048745e-01
51.458647 1.947781453830568499e-01
51.466957 1.947603320431408325e-01
51.475266 1.947425167434721216e-01
51.483576 1.947246994900568851e-01
51.491886 1.947068802888961003e-01
51.500196 1.946890591459782271e-01
51.508506 1.946712360672830655e-01
51.516816 1.946534110587809230e-01
51.525126 1.946355841264386932e-01
51.533435 1.946177552762071994e-01
51.541745 1.945999245140329625e-01
51.550055 1.945820918458536497e-01
51.558365 1.945642572775938828e-01
51.566675 1.945464208151755081e-01
51.574985 1.945285824645059947e-01
51.583294 1.945107422314882040e-01
51.591604 1.944929001220148390e-01
51.599914 1.944750561419708035e-01
51.608224 1.944572102972300098e-01
51.616534 1.944393625936595427e-01
51.624844 1.944215130371173272e-01
51.633153 1.944036616334486323e-01
51.641463 1.943858083885007249e-01
51.649773 1.943679533081009714e-01
51.658083 1.943500963980740459e-01
51.666393 1.943322376642326321e-01
51.674703 1.943143771123861108e-01
51.683012 1.942965147483279864e-01
51.691322 1.942786505778488493e-01
51.699632 1.942607846067293531e-01
51.707942 1.942429168407405204e-01
51.716252 1.942250472856437427e-01
51.724562 1.942071759471982462e-01
51.732871 1.941893028311443836e-01
51.741181 1.941714279432206758e-01
51.749491 1.941535512891588156e-01
51.757801 1.941356728746762572e-01
51.766111 1.941177927054865970e-01
51.774421 1.940999107872934670e-01
51.782730 1.940820271257903684e-01
51.791040 1.940641417266658619e-01
51.799350 1.940462545955938256e-01
51.807660 1.940283657382489424e-01
51.815970 1.940104751602901578e-01
51.824280 1.939925828673698949e-01
51.832589 1.939746888651320833e-01
51.840899 1.939567931592147687e-01
51.849209 1.939388957552443116e-01
51.857519 1.939209966588398004e-01
51.865829 1.939030958756138012e-01
51.874139 1.938851934111655295e-01
51.882449 1.938672892710920637e-01
51.890758 1.938493834609788802e-01
51.899068 1.938314759864034897e-01
51.907378 1.938135668529350764e-01
51.915688 1.937956560661340255e-01
51.923998 1.937777436315552271e-01
51.932308 1.937598295547411920e-01
51.940617 1.937419138412300457e-01
51.948927 1.937239964965478678e-01
51.957237 1.937060775262171020e-01
51.965547 1.936881569357454813e-01
51.973857 1.936702347306400174e-01
51.982167 1.936523109163948708e-01
51.990476 1.936343854984970969e-01
51.998786 1.936164584824251189e-01
52.007096 1.935985298736518090e-01
52.015406 1.935805996776357452e-01
52.023716 1.935626678998361994e-01
52.032026 1.935447345456957069e-01
52.040335 1.935267996206548047e-01
52.048645 1.935088631301438433e-01
52.056955 1.934909250795831259e-01
52.065265 1.934729854743868771e-01
52.073575 1.934550443199631320e-01
52.081885 1.934371016217092398e-01
52.090194 1.934191573850133350e-01
52.098504 1.934012116152581673e-01
52.106814 1.933832643178190203e-01
52.115124 1.933653154980589650e-01
52.123434 1.933473651613377697e-01
52.131744 1.933294133130064596e-01
52.140053 1.933114599584038751e-01
52.148363 1.932935051028644435e-01
52.156673 1.932755487517179016e-01
52.164983 1.932575909102749734e-01
52.173293 1.932396315838554868e-01
52.181603 1.932216707777540399e-01
52.189912 1.932037084972677843e-01
52.198222 1.931857447476822420e-01
52.206532 1.931677795342753301e-01
52.214842 1.931498128623202193e-01
52.223152 1.931318447370775904e-01
52.231462 1.931138751638042383e-01
52.239772 1.930959041477446902e-01
52.248081 1.930779316941410306e-01
52.256391 1.930599578082204948e-01
52.264701 1.930419824952142316e-01
52.273011 1.930240057603291592e-01
52.281321 1.930060276087788573e-01
52.289631 1.929880480457631386e-01
52.297940 1.929700670764720738e-01
52.306250 1.929520847060928745e-01
52.314560 1.929341009398018725e-01
52.322870 1.929161157827700146e-01
52.331180 1.928981292401542591e-01
52.339490 1.928801413171135626e-01
52.347799 1.928621520187889515e-01
52.356109 1.928441613503248664e-01
52.364419 1.928261693168491497e-01
52.372729 1.928081759234833159e-01
52.381039 1.927901811753465755e-01
52.389349 1.927721850775438173e-01
52.397658 1.927541876351764882e-01
52.405968 1.927361888533372092e-01
52.414278 1.927181887371110791e-01
52.422588 1.927001872915747593e-01
52.430898 1.926821845218004980e-01
52.439208 1.926641804328459440e-01
52.447517 1.926461750297711051e-01
52.455827 1.926281683176198634e-01
52.464137 1.926101603014327979e-01
52.472447 1.925921509862398295e-01
52.480757 1.925741403770685756e-01
52.489067 1.925561284789333305e-01
52.497376 1.925381152968463350e-01
52.505686 1.925201008358080890e-01
52.513996 1.925020851008149292e-01
52.522306 1.924840680968505080e-01
52.530616 1.924660498288969512e-01
52.538926 1.924480303019255045e-01
52.547235 1.924300095209001416e-01
52.555545 1.924119874907823935e-01
52.563855 1.923939642165163888e-01
52.572165 1.923759397030452012e-01
52.580475 1.923579139553078243e-01
52.588785 1.923398869782300957e-01
52.597095 1.923218587767312193e-01
52.605404 1.923038293557258749e-01
52.613714 1.922857987201187502e-01
52.622024 1.922677668748077884e-01
52.630334 1.922497338246836884e-01
52.638644 1.922316995746302104e-01
52.646954 1.922136641295246751e-01
52.655263 1.921956274942360210e-01
52.663573 1.921775896736246658e-01
52.671883 1.921595506725445601e-01
52.680193 1.921415104958452968e-01
52.688503 1.921234691483628687e-01
52.696813 1.921054266349340733e-01
52.705122 1.920873829603811644e-01
52.713432 1.920693381295229540e-01
52.721742 1.920512921471735079e-01
52.730052 1.920332450181317652e-01
52.738362 1.920151967471956933e-01
52.746672 1.919971473391559602e-01
52.754981 1.919790967987947128e-01
52.763291 1.919610451308849108e-01
52.771601 1.919429923401963223e-01
52.779911 1.919249384314880014e-01
52.788221 1.919068834095153941e-01
52.796531 1.918888272790227612e-01
52.804840 1.918707700447503661e-01
52.813150 1.918527117114298131e-01
52.821460 1.918346522837868773e-01
52.829770 1.918165917665400344e-01
52.838080 1.917985301643983509e-01
52.846390 1.917804674820675626e-01
52.854699 1.917624037242423585e-01
52.863009 1.917443388956150685e-01
52.871319 1.917262730008658655e-01
52.879629 1.917082060446703151e-01
52.887939 1.916901380317010128e-01
52.896249 1.916720689666129296e-01
52.904559 1.916539988540677808e-01
52.912868 1.916359276987061322e-01
52.921178 1.916178555051762933e-01
52.929488 1.915997822781051740e-01
52.937798 1.915817080221230428e-01
52.946108 1.915636327418501206e-01
52.954418 1.915455564418970802e-01
52.962727 1.915274791268683219e-01
52.971037 1.915094008013683846e-01
52.979347 1.914913214699857646e-01
52.987657 1.914732411373067100e-01
52.995967 1.914551598079059225e-01
53.004277 1.914370774863591584e-01
53.012586 1.914189941772305170e-01
53.020896 1.914009098850750212e-01
53.029206 1.913828246144459178e-01
53.037516 1.913647383698873217e-01
53.045826 1.913466511559331062e-01
53.054136 1.913285629771180330e-01
53.062445 1.913104738379638736e-01
53.070755 1.912923837429855167e-01
53.079065 1.912742926966948254e-01
53.087375 1.912562007035943090e-01
53.095685 1.912381077681818420e-01
53.103995 1.912200138949448902e-01
53.112304 1.912019190883665065e-01
53.120614 1.911838233529248310e-01
53.128924 1.911657266930863464e-01
53.137234 1.911476291133170635e-01
53.145544 1.911295306180714471e-01
53.153854 1.911114312117954683e-01
53.162163 1.910933308989368473e-01
53.170473 1.910752296839277053e-01
53.178783 1.910571275712000527e-01
53.187093 1.910390245651752139e-01
53.195403 1.910209206702669360e-01
53.203713 1.910028158908900486e-01
53.212022 1.909847102314417011e-01
53.220332 1.909666036963187097e-01
53.228642 1.909484962899124505e-01
53.236952 1.909303880166027811e-01
53.245262 1.909122788807708082e-01
53.253572 1.908941688867823727e-01
53.261882 1.908760580390010675e-01
53.270191 1.908579463417789945e-01
53.278501 1.908398337994734462e-01
53.286811 1.908217204164235348e-01
53.295121 1.908036061969665409e-01
53.303431 1.907854911454343882e-01
53.311741 1.907673752661490918e-01
53.320050 1.907492585634280868e-01
53.328360 1.907311410415807873e-01
53.336670 1.907130227049130267e-01
53.344980 1.906949035577212570e-01
53.353290 1.906767836042984055e-01
53.361600 1.906586628489281010e-01
53.369909 1.906405412958889489e-01
53.378219 1.906224189494513110e-01
53.386529 1.906042958138827459e-01
53.394839 1.905861718934409033e-01
53.403149 1.905680471923786035e-01
53.411459 1.905499217149410895e-01
53.419768 1.905317954653690249e-01
53.428078 1.905136684478963005e-01
53.436388 1.904955406667492301e-01
53.444698 1.904774121261457454e-01
53.453008 1.904592828303054430e-01
53.461318 1.904411527834331264e-01
53.469627 1.904230219897303511e-01
53.477937 1.904048904533915121e-01
53.486247 1.903867581786056196e-01
53.494557 1.903686251695563547e-01
53.502867 1.903504914304212647e-01
53.511177 1.903323569653667113e-01
53.519486 1.903142217785568635e-01
53.527796 1.902960858741503947e-01
53.536106 1.902779492562995112e-01
53.544416 1.902598119291450673e-01
53.552726 1.902416738968293053e-01
53.561036 1.902235351634832261e-01
53.569345 1.902053957332326128e-01
53.577655 1.901872556101964484e-01
53.585965 1.901691147984904129e-01
53.594275 1.901509733022199444e-01
53.602585 1.901328311254871506e-01
53.610895 1.901146882723856180e-01
53.619205 1.900965447470067404e-01
53.627514 1.900784005534311427e-01
53.635824 1.900602556957346756e-01
53.644134 1.900421101779876942e-01
53.652444 1.900239640042568623e-01
53.660754 1.900058171785974359e-01
53.669064 1.899876697050638941e-01
53.677373 1.899695215877001131e-01
53.685683 1.899513728305451676e-01
53.693993 1.899332234376333584e-01
53.702303 1.899150734129938234e-01
53.710613 1.898969227606426557e-01
53.718923 1.898787714846024710e-01
53.727232 1.898606195888768444e-01
53.735542 1.898424670774699896e-01
53.743852 1.898243139543798752e-01
53.752162 1.898061602235952827e-01
53.760472 1.897880058891080746e-01
53.768782 1.897698509548884915e-01
53.777091 1.897516954249136023e-01
53.785401 1.897335393031518436e-01
53.793711 1.897153825935596339e-01
53.802021 1.896972253000956676e-01
53.810331 1.896790674267074817e-01
53.818641 1.896609089773386714e-01
53.826950 1.896427499559254215e-01
53.835260 1.896245903664001975e-01
53.843570 1.896064302126855006e-01
53.851880 1.895882694987030270e-01
53.860190 1.895701082283657857e-01
53.868500 1.895519464055791803e-01
53.876809 1.895337840342457558e-01
53.885119 1.895156211182620620e-01
53.893429 1.894974576615167938e-01
53.901739 1.894792936678929840e-01
53.910049 1.894611291412694187e-01
53.918359 1.894429640855170849e-01
53.926668 1.894247985045044158e-01
53.934978 1.894066324020877712e-01
53.943288 1.893884657821252038e-01
53.951598 1.893702986484616935e-01
53.959908 1.893521310049424700e-01
53.968218 1.893339628554071563e-01
53.976528 1.893157942036804986e-01
53.984837 1.892976250535937655e-01
53.993147 1.892794554089611003e-01
54.001457 1.892612852736010876e-01
54.009767 1.892431146513154638e-01
54.018077 1.892249435459144313e-01
54.026387 1.892067719611886523e-01
54.034696 1.891885999009300656e-01
54.043006 1.891704273689253646e-01
54.051316 1.891522543689489466e-01
54.059626 1.891340809047817317e-01
54.067936 1.891159069801853776e-01
54.076246 1.890977325989229019e-01
54.084555 1.890795577647538250e-01
54.092865 1.890613824814250943e-01
54.101175 1.890432067526817417e-01
54.109485 1.890250305822660515e-01
54.117795 1.890068539739079012e-01
54.126105 1.889886769313397774e-01
54.134414 1.889704994582799558e-01
54.142724 1.889523215584466287e-01
54.151034 1.889341432355513273e-01
54.159344 1.889159644932971172e-01
54.167654 1.888977853353862035e-01
54.175964 1.888796057655120209e-01
54.184273 1.888614257873620639e-01
54.192583 1.888432454046189701e-01
54.200893 1.888250646209635730e-01
54.209203 1.888068834400653262e-01
54.217513 1.887887018655871330e-01
54.225823 1.887705199011960600e-01
54.234132 1.887523375505422152e-01
54.242442 1.887341548172769834e-01
54.250752 1.887159717050446439e-01
54.259062 1.886977882174832311e-01
54.267372 1.886796043582244231e-01
54.275682 1.886614201308987882e-01
54.283992 1.886432355391242099e-01
54.292301 1.886250505865196547e-01
54.300611 1.886068652766946241e-01
54.308921 1.885886796132570098e-01
54.317231 1.885704935998052112e-01
54.325541 1.885523072399338806e-01
54.333851 1.885341205372288442e-01
54.342160 1.885159334952798693e-01
54.350470 1.884977461176584879e-01
54.358780 1.884795584079455300e-01
54.367090 1.884613703696987885e-01
54.375400 1.884431820064897956e-01
54.383710 1.884249933218665463e-01
54.392019 1.884068043193861952e-01
54.400329 1.883886150025895767e-01
54.408639 1.883704253750188851e-01
54.416949 1.883522354402109855e-01
54.425259 1.883340452016922517e-01
54.433569 1.883158546629887242e-01
54.441878 1.882976638276194492e-01
54.450188 1.882794726990988377e-01
54.458498 1.882612812809298930e-01
54.466808 1.882430895766211976e-01
54.475118 1.882248975896652632e-01
54.483428 1.882067053235584875e-01
54.491737 1.881885127817858605e-01
54.500047 1.881703199678281813e-01
54.508357 1.881521268851637507e-01
54.516667 1.881339335372603783e-01
54.524977 1.881157399275878439e-01
54.533287 1.880975460596013005e-01
54.541596 1.880793519367611744e-01
54.549906 1.880611575625147636e-01
54.558216 1.880429629403047587e-01
54.566526 1.880247680735736282e-01
54.574836 1.880065729657564855e-01
54.583146 1.879883776202788681e-01
54.591455 1.879701820405655921e-01
54.599765 1.879519862300354505e-01
54.608075 1.879337901920997700e-01
54.616385 1.879155939301736244e-01
54.624695 1.878973974476512154e-01
54.633005 1.878792007479346271e-01
54.641315 1.878610038344138422e-01
54.649624 1.878428067104810362e-01
54.657934 1.878246093795153671e-01
54.666244 1.878064118448931064e-01
54.674554 1.877882141099870561e-01
54.682864 1.877700161781652444e-01
54.691174 1.877518180527855962e-01
54.699483 1.877336197372110604e-01
54.707793 1.877154212347885986e-01
54.716103 1.876972225488646173e-01
54.724413 1.876790236827805824e-01
54.732723 1.876608246398731583e-01
54.741033 1.876426254234745961e-01
54.749342 1.876244260369100414e-01
54.757652 1.876062264834993387e-01
54.765962 1.875880267665604173e-01
54.774272 1.875698268894009924e-01
54.782582 1.875516268553310273e-01
54.790892 1.875334266676467465e-01
54.799201 1.875152263296491484e-01
54.807511 1.874970258446252425e-01
54.815821 1.874788252158606783e-01
54.824131 1.874606244466366645e-01
54.832441 1.874424235402296635e-01
54.840751 1.874242224999092821e-01
54.849060 1.874060213289426013e-01
54.857370 1.873878200305889308e-01
54.865680 1.873696186081058035e-01
54.873990 1.873514170647430921e-01
54.882300 1.873332154037456176e-01
54.890610 1.873150136283553702e-01
54.898919 1.872968117418088996e-01
54.907229 1.872786097473345679e-01
54.915539 1.872604076481611812e-01
54.923849 1.872422054475087749e-01
54.932159 1.872240031485936096e-01
54.940469 1.872058007546265057e-01
54.948778 1.871875982688188389e-01
54.957088 1.871693956943638881e-01
54.965398 1.871511930344642305e-01
54.973708 1.871329902923076216e-01
54.982018 1.871147874710859804e-01
54.990328 1.870965845739787359e-01
54.998638 1.870783816041608760e-01
55.006947 1.870601785648064730e-01
55.015257 1.870419754590853245e-01
55.023567 1.870237722901595956e-01
55.031877 1.870055690611835408e-01
55.040187 1.869873657753131913e-01
55.048497 1.869691624356970283e-01
55.056806 1.869509590454757342e-01
55.065116 1.869327556077900188e-01
55.073426 1.869145521257759013e-01
55.081736 1.868963486025580489e-01
55.090046 1.868781450412636824e-01
55.098356 1.868599414450099472e-01
55.106665 1.868417378169127674e-01
55.114975 1.868235341600845145e-01
55.123285 1.868053304776271240e-01
55.131595 1.867871267726419204e-01
55.139905 1.867689230482259266e-01
55.148215 1.867507193074687821e-01
55.156524 1.867325155534572678e-01
55.164834 1.867143117892734461e-01
55.173144 1.866961080179921073e-01
55.181454 1.866779042426879864e-01
55.189764 1.866597004664293236e-01
55.198074 1.866414966922763374e-01
55.206383 1.866232929232888305e-01
55.214693 1.866050891625181118e-01
55.223003 1.865868854130144638e-01
55.231313 1.865686816778209245e-01
55.239623 1.865504779599822804e-01
55.247933 1.865322742625258046e-01
55.256242 1.865140705884855143e-01
55.264552 1.864958669408868785e-01
55.272862 1.864776633227505920e-01
55.281172 1.864594597370925477e-01
55.289482 1.864412561869240870e-01
55.297792 1.864230526752541639e-01
55.306101 1.864048492050836281e-01
55.314411 1.863866457794116915e-01
55.322721 1.863684424012309049e-01
55.331031 1.863502390735291003e-01
55.339341 1.863320357992911680e-01
55.347651 1.863138325814970575e-01
55.355961 1.862956294231219445e-01
55.364270 1.862774263271378128e-01
55.372580 1.862592232965083472e-01
55.380890 1.862410203341950399e-01
55.389200 1.862228174431551364e-01
55.397510 1.862046146263420521e-01
55.405820 1.861864118867015139e-01
55.414129 1.861682092271801092e-01
55.422439 1.861500066507117135e-01
55.430749 1.861318041602383622e-01
55.439059 1.861136017586824953e-01
55.447369 1.860953994489720764e-01
55.455679 1.860771972340298230e-01
55.463988 1.860589951167708755e-01
55.472298 1.860407931001059334e-01
55.480608 1.860225911869434201e-01
55.488918 1.860043893801877346e-01
55.497228 1.859861876827363647e-01
55.505538 1.859679860974815246e-01
55.513847 1.859497846273164279e-01
55.522157 1.859315832751246289e-01
55.530467 1.859133820437879059e-01
55.538777 1.858951809361813479e-01
55.547087 1.858769799551783508e-01
55.555397 1.858587791036444004e-01
55.563706 1.858405783844474524e-01
55.572016 1.858223778004424176e-01
55.580326 1.858041773544844288e-01
55.588636 1.857859770494234841e-01
55.596946 1.857677768881066671e-01
55.605256 1.857495768733764541e-01
55.613565 1.857313770080649407e-01
55.621875 1.857131772950116333e-01
55.630185 1.856949777370405230e-01
55.638495 1.856767783369751013e-01
55.646805 1.856585790976394978e-01
55.655115 1.856403800218433542e-01
55.663424 1.856221811124023624e-01
55.671734 1.856039823721211401e-01
55.680044 1.855857838038027785e-01
55.688354 1.855675854102449840e-01
55.696664 1.855493871942427431e-01
55.704974 1.855311891585853246e-01
55.713284 1.855129913060587221e-01
55.721593 1.854947936394429064e-01
55.729903 1.854765961615127690e-01
55.738213 1.854583988750466983e-01
55.746523 1.854402017828049865e-01
55.754833 1.854220048875577787e-01
55.763143 1.854038081920643677e-01
55.771452 1.853856116990785785e-01
55.779762 1.853674154113506278e-01
55.788072 1.853492193316326753e-01
55.796382 1.853310234626607267e-01
55.804692 1.853128278071808910e-01
55.813002 1.852946323679206808e-01
55.821311 1.852764371476166017e-01
55.829621 1.852582421489891440e-01
55.837931 1.852400473747643217e-01
55.846241 1.852218528276581844e-01
55.854551 1.852036585103858379e-01
55.862861 1.851854644256542004e-01
55.871170 1.851672705761711335e-01
55.879480 1.851490769646370049e-01
55.887790 1.851308835937486852e-01
55.896100 1.851126904661966610e-01
55.904410 1.850944975846732232e-01
55.912720 1.850763049518619752e-01
55.921029 1.850581125704421348e-01
55.929339 1.850399204430913935e-01
55.937649 1.850217285724814198e-01
55.945959 1.850035369612807734e-01
55.954269 1.849853456121522410e-01
55.962579 1.849671545277578599e-01
55.970888 1.849489637107508966e-01
55.979198 1.849307731637872265e-01
55.987508 1.849125828895098744e-01
55.995818 1.848943928905653344e-01
56.004128 1.848762031695916908e-01
56.012438 1.848580137292272774e-01
56.020748 1.848398245721005473e-01
56.029057 1.848216357008384270e-01
56.037367 1.848034471180660665e-01
56.045677 1.847852588264039253e-01
56.053987 1.847670708284660512e-01
56.062297 1.847488831268648823e-01
56.070607 1.847306957242048353e-01
56.078916 1.847125086230912427e-01
56.087226 1.846943218261240527e-01
56.095536 1.846761353358978563e-01
56.103846 1.846579491550037477e-01
56.112156 1.846397632860274640e-01
56.120466 1.846215777315566575e-01
56.128775 1.846033924941672955e-01
56.137085 1.845852075764369549e-01
56.145395 1.845670229809355523e-01
56.153705 1.845488387102316719e-01
56.162015 1.845306547668854324e-01
56.170325 1.845124711534622541e-01
56.178634 1.844942878725146507e-01
56.186944 1.844761049265927488e-01
56.195254 1.844579223182475081e-01
56.203564 1.844397400500212281e-01
56.211874 1.844215581244550706e-01
56.220184 1.844033765440843131e-01
56.228493 1.843851953114417908e-01
56.236803 1.843670144290536217e-01
56.245113 1.843488338994472564e-01
56.253423 1.843306537251412913e-01
56.261733 1.843124739086539898e-01
56.270043 1.842942944524968985e-01
56.278352 1.842761153591795376e-01
56.286662 1.842579366312048772e-01
56.294972 1.842397582710770254e-01
56.303282 1.842215802812929293e-01
56.311592 1.842034026643454558e-01
56.319902 1.841852254227227537e-01
56.328211 1.841670485589123607e-01
56.336521 1.841488720753973463e-01
56.344831 1.841306959746553673e-01
56.353141 1.841125202591577803e-01
56.361451 1.840943449313779678e-01
56.369761 1.840761699937829010e-01
56.378071 1.840579954488350545e-01
56.386380 1.840398212989921567e-01
56.394690 1.840216475467136015e-01
56.403000 1.840034741944444885e-01
56.411310 1.839853012446403258e-01
56.419620 1.839671286997386912e-01
56.427930 1.839489565621828526e-01
56.436239 1.839307848344107210e-01
56.444549 1.839126135188509370e-01
56.452859 1.838944426179352221e-01
56.461169 1.838762721340921891e-01
56.469479 1.838581020697354906e-01
56.477789 1.838399324272895485e-01
56.486098 1.838217632091651010e-01
56.494408 1.838035944177754122e-01
56.502718 1.837854260555252528e-01
56.511028 1.837672581248157022e-01
56.519338 1.837490906280499214e-01
56.527648 1.837309235676218844e-01
56.535957 1.837127569459224563e-01
56.544267 1.836945907653413645e-01
56.552577 1.836764250282598987e-01
56.560887 1.836582597370622350e-01
56.569197 1.836400948941253330e-01
56.577507 1.836219305018241266e-01
56.585816 1.836037665625238902e-01
56.594126 1.835856030785922022e-01
56.602436 1.835674400523955863e-01
56.610746 1.835492774862898246e-01
56.619056 1.835311153826281738e-01
56.627366 1.835129537437654723e-01
56.635675 1.834947925720480655e-01
56.643985 1.834766318698206056e-01
56.652295 1.834584716394247750e-01
56.660605 1.834403118831980095e-01
56.668915 1.834221526034708893e-01
56.677225 1.834039938025775474e-01
56.685534 1.833858354828398485e-01
56.693844 1.833676776465846536e-01
56.702154 1.833495202961284709e-01
56.710464 1.833313634337881415e-01
56.718774 1.833132070618750387e-01
56.727084 1.832950511826992590e-01
56.735394 1.832768957985617120e-01
56.743703 1.832587409117672761e-01
56.752013 1.832405865246140575e-01
56.760323 1.832224326393930569e-01
56.768633 1.832042792583986890e-01
56.776943 1.831861263839156262e-01
56.785253 1.831679740182277916e-01
56.793562 1.831498221636150281e-01
56.801872 1.831316708223554302e-01
56.810182 1.831135199967214577e-01
56.818492 1.830953696889816018e-01
56.826802 1.830772199014019941e-01
56.835112 1.830590706362475450e-01
56.843421 1.830409218957742556e-01
56.851731 1.830227736822388762e-01
56.860041 1.830046259978943268e-01
56.868351 1.829864788449871993e-01
56.876661 1.829683322257659173e-01
56.884971 1.829501861424691622e-01
56.893280 1.829320405973358377e-01
56.901590 1.829138955926011278e-01
56.909900 1.828957511304961925e-01
56.918210 1.828776072132478892e-01
56.926520 1.828594638430833808e-01
56.934830 1.828413210222201990e-01
56.943139 1.828231787528771801e-01
56.951449 1.828050370372694966e-01
56.959759 1.827868958776065478e-01
56.968069 1.827687552760964285e-01
56.976379 1.827506152349413215e-01
56.984689 1.827324757563440483e-01
56.992998 1.827143368424984649e-01
57.001308 1.826961984956008422e-01
57.009618 1.826780607178430937e-01
57.017928 1.826599235114079178e-01
57.026238 1.826417868784787624e-01
57.034548 1.826236508212406018e-01
57.042857 1.826055153418657817e-01
57.051167 1.825873804425267588e-01
57.059477 1.825692461253989873e-01
57.067787 1.825511123926453205e-01
57.076097 1.825329792464276957e-01
57.084407 1.825148466889095489e-01
57.092717 1.824967147222445185e-01
57.101026 1.824785833485878528e-01
57.109336 1.824604525700888880e-01
57.117646 1.824423223888934631e-01
57.125956 1.824241928071448915e-01
57.134266 1.824060638269837109e-01
57.142576 1.823879354505477113e-01
57.150885 1.823698076799692425e-01
57.159195 1.823516805173770183e-01
57.167505 1.823335539648991699e-01
57.175815 1.823154280246601922e-01
57.184125 1.822973026987789735e-01
57.192435 1.822791779893691844e-01
57.200744 1.822610538985497408e-01
57.209054 1.822429304284295670e-01
57.217364 1.822248075811145340e-01
57.225674 1.822066853587064605e-01
57.233984 1.821885637633113009e-01
57.242294 1.821704427970208817e-01
57.250603 1.821523224619361614e-01
57.258913 1.821342027601381697e-01
57.267223 1.821160836937229799e-01
57.275533 1.820979652647687630e-01
57.283843 1.820798474753613505e-01
57.292153 1.820617303275774979e-01
57.300462 1.820436138234889090e-01
57.308772 1.820254979651714788e-01
57.317082 1.820073827546879741e-01
57.325392 1.819892681941092660e-01
57.333702 1.819711542854936526e-01
57.342012 1.819530410309002089e-01
57.350321 1.819349284323842630e-01
57.358631 1.819168164919993669e-01
57.366941 1.818987052117931047e-01
57.375251 1.818805945938112290e-01
57.383561 1.818624846400996586e-01
57.391871 1.818443753526948203e-01
57.400181 1.818262667336321969e-01
57.408490 1.818081587849464109e-01
57.416800 1.817900515086680879e-01
57.425110 1.817719449068234405e-01
57.433420 1.817538389814353783e-01
57.441730 1.817357337345273938e-01
57.450040 1.817176291681138200e-01
57.458349 1.816995252842118769e-01
57.466659 1.816814220848308459e-01
57.474969 1.816633195719792870e-01
57.483279 1.816452177476616803e-01
57.491589 1.816271166138805071e-01
57.499899 1.816090161726345020e-01
57.508208 1.815909164259200959e-01
57.516518 1.815728173757285846e-01
57.524828 1.815547190240502651e-01
57.533138 1.815366213728691613e-01
57.541448 1.815185244241729057e-01
57.549758 1.815004281799396657e-01
57.558067 1.814823326421448890e-01
57.566377 1.814642378127664657e-01
57.574687 1.814461436937716277e-01
57.582997 1.814280502871301604e-01
57.591307 1.814099575948071308e-01
57.599617 1.813918656187644973e-01
57.607926 1.813737743609610265e-01
57.616236 1.813556838233509605e-01
57.624546 1.813375940078884863e-01
57.632856 1.813195049165219896e-01
57.641166 1.813014165512005782e-01
57.649476 1.812833289138644222e-01
57.657785 1.812652420064581049e-01
57.666095 1.812471558309168840e-01
57.674405 1.812290703891767107e-01
57.682715 1.812109856831668475e-01
57.691025 1.811929017148184162e-01
57.699335 1.811748184860555999e-01
57.707644 1.811567359987991954e-01
57.715954 1.811386542549722201e-01
57.724264 1.811205732564925563e-01
57.732574 1.811024930052688442e-01
57.740884 1.810844135032136093e-01
57.749194 1.810663347522391553e-01
57.757504 1.810482567542411325e-01
57.765813 1.810301795111307344e-01
57.774123 1.810121030247995866e-01
57.782433 1.809940272971474751e-01
57.790743 1.809759523300665252e-01
57.799053 1.809578781254477520e-01
57.807363 1.809398046851755371e-01
57.815672 1.809217320111344562e-01
57.823982 1.809036601052078364e-01
57.832292 1.808855889692717878e-01
57.840602 1.808675186052036976e-01
57.848912 1.808494490148723211e-01
57.857222 1.808313802001539072e-01
57.865531 1.808133121629061923e-01
57.873841 1.807952449049992916e-01
57.882151 1.807771784282923844e-01
57.890461 1.807591127346430959e-01
57.898771 1.807410478259075803e-01
57.907081 1.807229837039333598e-01
57.915390 1.807049203705768659e-01
57.923700 1.806868578276782933e-01
57.932010 1.806687960770843038e-01
57.940320 1.806507351206313450e-01
57.948630 1.806326749601643022e-01
57.956940 1.806146155975127121e-01
57.965249 1.805965570345084981e-01
57.973559 1.805784992729841110e-01
57.981869 1.805604423147639248e-01
57.990179 1.805423861616709813e-01
57.998489 1.805243308155261572e-01
58.006799 1.805062762781479702e-01
58.015108 1.804882225513494420e-01
58.023418 1.804701696369453712e-01
58.031728 1.804521175367429786e-01
58.040038 1.804340662525497352e-01
58.048348 1.804160157861688096e-01
58.056658 1.803979661394025380e-01
58.064967 1.803799173140448742e-01
58.073277 1.803618693118961835e-01
58.081587 1.803438221347438142e-01
58.089897 1.803257757843830245e-01
58.098207 1.803077302625979150e-01
58.106517 1.802896855711724755e-01
58.114827 1.802716417118859771e-01
58.123136 1.802535986865209383e-01
58.131446 1.802355564968480539e-01
58.139756 1.802175151446458179e-01
58.148066 1.801994746316817053e-01
58.156376 1.801814349597221365e-01
58.164686 1.801633961305333931e-01
58.172995 1.801453581458777875e-01
58.181305 1.801273210075119979e-01
58.189615 1.801092847171938405e-01
58.197925 1.800912492766804374e-01
58.206235 1.800732146877176698e-01
58.214545 1.800551809520549440e-01
58.222854 1.800371480714379191e-01
58.231164 1.800191160476112828e-01
58.239474 1.800010848823141441e-01
58.247784 1.799830545772810320e-01
58.256094 1.799650251342505558e-01
58.264404 1.799469965549541917e-01
58.272713 1.799289688411177257e-01
58.281023 1.799109419944712462e-01
58.289333 1.798929160167354602e-01
58.297643 1.798748909096339332e-01
58.305953 1.798568666748826539e-01
58.314263 1.798388433142012188e-01
58.322572 1.798208208292990384e-01
58.330882 1.798027992218889926e-01
58.339192 1.797847784936764948e-01
58.347502 1.797667586463687628e-01
58.355812 1.797487396816674632e-01
58.364122 1.797307216012709596e-01
58.372431 1.797127044068783652e-01
58.380741 1.796946881001814100e-01
58.389051 1.796766726828746275e-01
58.397361 1.796586581566456120e-01
58.405671 1.796406445231826521e-01
58.413981 1.796226317841665143e-01
58.422290 1.796046199412801025e-01
58.430600 1.795866089962026013e-01
58.438910 1.795685989506090874e-01
58.447220 1.795505898061729444e-01
58.455530 1.795325815645652523e-01
58.463840 1.795145742274525114e-01
58.472150 1.794965677965055240e-01
58.480459 1.794785622733797714e-01
58.488769 1.794605576597368968e-01
58.497079 1.794425539572402639e-01
58.505389 1.794245511675394422e-01
58.513699 1.794065492922896077e-01
58.522009 1.793885483331407182e-01
58.530318 1.793705482917379579e-01
58.538628 1.793525491697271212e-01
58.546938 1.793345509687523653e-01
58.555248 1.793165536904499091e-01
58.563558 1.792985573364575258e-01
58.571868 1.792805619084106850e-01
58.580177 1.792625674079423026e-01
58.588487 1.792445738366816865e-01
58.596797 1.792265811962533151e-01
58.605107 1.792085894882823327e-01
58.613417 1.791905987143905810e-01
58.621727 1.791726088761984581e-01
58.630036 1.791546199753221991e-01
58.638346 1.791366320133733758e-01
58.646656 1.791186449919655865e-01
58.654966 1.791006589127083493e-01
58.663276 1.790826737772065469e-01
58.671586 1.790646895870662558e-01
58.679895 1.790467063438884454e-01
58.688205 1.790287240492709764e-01
58.696515 1.790107427048105437e-01
58.704825 1.789927623121015665e-01
58.713135 1.789747828727362433e-01
58.721445 1.789568043883029980e-01
58.729754 1.789388268603862853e-01
58.738064 1.789208502905736964e-01
58.746374 1.789028746804429137e-01
58.754684 1.788849000315755888e-01
58.762994 1.788669263455480996e-01
58.771304 1.788489536239342703e-01
58.779613 1.788309818683046226e-01
58.787923 1.788130110802303996e-01
58.796233 1.787950412612762940e-01
58.804543 1.787770724130069155e-01
58.812853 1.787591045369857079e-01
58.821163 1.787411376347705361e-01
58.829473 1.787231717079188209e-01
58.837782 1.787052067579833758e-01
58.846092 1.786872427865170421e-01
58.854402 1.786692797950712175e-01
58.862712 1.786513177851903889e-01
58.871022 1.786333567584197368e-01
58.879332 1.786153967163039424e-01
58.887641 1.785974376603799429e-01
58.895951 1.785794795921867850e-01
58.904261 1.785615225132593520e-01
58.912571 1.785435664251298071e-01
58.920881 1.785256113293270386e-01
58.929191 1.785076572273815998e-01
58.937500 1.784897041208166613e-01
58.945810 1.784717520111547551e-01
58.954120 1.784538008999209113e-01
58.962430 1.784358507886274203e-01
58.970740 1.784179016787943162e-01
58.979050 1.783999535719326957e-01
58.987359 1.783820064695534890e-01
58.995669 1.783640603731694585e-01
59.003979 1.783461152842797659e-01
59.012289 1.783281712043943701e-01
59.020599 1.783102281350122664e-01
59.028909 1.782922860776350593e-01
59.037218 1.782743450337548885e-01
59.045528 1.782564050048707494e-01
59.053838 1.782384659924708681e-01
59.062148 1.782205279980503543e-01
59.070458 1.782025910230924659e-01
59.078768 1.781846550690827924e-01
59.087077 1.781667201375043974e-01
59.095387 1.781487862298382630e-01
59.103697 1.781308533475614020e-01
59.112007 1.781129214921494952e-01
59.120317 1.780949906650804715e-01
59.128627 1.780770608678214073e-01
59.136937 1.780591321018411555e-01
59.145246 1.780412043686074863e-01
59.153556 1.780232776695805652e-01
59.161866 1.780053520062283290e-01
59.170176 1.779874273800071405e-01
59.178486 1.779695037923743339e-01
59.186796 1.779515812447837186e-01
59.195105 1.779336597386915741e-01
59.203415 1.779157392755451317e-01
59.211725 1.778978198567950364e-01
59.220035 1.778799014838837178e-01
59.228345 1.778619841582590455e-01
59.236655 1.778440678813588971e-01
59.244964 1.778261526546222604e-01
59.253274 1.778082384794887338e-01
59.261584 1.777903253573896170e-01
59.269894 1.777724132897605391e-01
59.278204 1.777545022780291084e-01
59.286514 1.777365923236212952e-01
59.294823 1.777186834279670113e-01
59.303133 1.777007755924862875e-01
59.311443 1.776828688186005423e-01
59.319753 1.776649631077284464e-01
59.328063 1.776470584612892811e-01
59.336373 1.776291548806911980e-01
59.344682 1.776112523673531174e-01
59.352992 1.775933509226805262e-01
59.361302 1.775754505480813816e-01
59.369612 1.775575512449615312e-01
59.377922 1.775396530147256013e-01
59.386232 1.775217558587723621e-01
59.394541 1.775038597785010275e-01
59.402851 1.774859647753090630e-01
59.411161 1.774680708505893267e-01
59.419471 1.774501780057339828e-01
59.427781 1.774322862421342240e-01
59.436091 1.774143955611764689e-01
59.444400 1.773965059642460540e-01
59.452710 1.773786174527295922e-01
59.461020 1.773607300280028443e-01
59.469330 1.773428436914474826e-01
59.477640 1.773249584444425153e-01
59.485950 1.773070742883572359e-01
59.494260 1.772891912245679880e-01
59.502569 1.772713092544432878e-01
59.510879 1.772534283793536225e-01
59.519189 1.772355486006610414e-01
59.527499 1.772176699197324790e-01
59.535809 1.771997923379288187e-01
59.544119 1.771819158566071972e-01
59.552428 1.771640404771277211e-01
59.560738 1.771461662008441407e-01
59.569048 1.771282930291091517e-01
59.577358 1.771104209632753668e-01
59.585668 1.770925500046904300e-01
59.593978 1.770746801546989879e-01
59.602287 1.770568114146491012e-01
59.610597 1.770389437858803927e-01
59.618907 1.770210772697327073e-01
59.627217 1.770032118675460564e-01
59.635527 1.769853475806571763e-01
59.643837 1.769674844103973910e-01
59.652146 1.769496223580981631e-01
59.660456 1.769317614250920101e-01
59.668766 1.769139016127027342e-01
59.677076 1.768960429222576902e-01
59.685386 1.768781853550794314e-01
59.693696 1.768603289124922318e-01
59.702005 1.768424735958115668e-01
59.710315 1.768246194063555210e-01
59.718625 1.768067663454391536e-01
59.726935 1.767889144143768854e-01
59.735245 1.767710636144738390e-01
59.743555 1.767532139470469887e-01
59.751864 1.767353654133941299e-01
59.760174 1.767175180148289615e-01
59.768484 1.766996717526446992e-01
59.776794 1.766818266281487138e-01
59.785104 1.766639826426371906e-01
59.793414 1.766461397974059266e-01
59.801723 1.766282980937473046e-01
59.810033 1.766104575329570103e-01
59.818343 1.765926181163234854e-01
59.826653 1.765747798451343109e-01
59.834963 1.765569427206783448e-01
59.843273 1.765391067442333983e-01
59.851583 1.765212719170878575e-01
59.859892 1.765034382405179514e-01
59.868202 1.764856057158020741e-01
59.876512 1.764677743442185365e-01
59.884822 1.764499441270364066e-01
59.893132 1.764321150655314419e-01
59.901442 1.764142871609736263e-01
59.909751 1.763964604146257276e-01
59.918061 1.763786348277603666e-01
59.926371 1.763608104016358424e-01
59.934681 1.763429871375177538e-01
59.942991 1.763251650366620127e-01
59.951301 1.763073441003278896e-01
59.959610 1.762895243297727677e-01
59.967920 1.762717057262469522e-01
59.976230 1.762538882910062443e-01
59.984540 1.762360720252975910e-01
59.992850 1.762182569303693269e-01
60.001160 1.762004430074678718e-01
60.009469 1.761826302578343162e-01
60.017779 1.761648186827134144e-01
60.026089 1.761470082833443696e-01
60.034399 1.761291990609638591e-01
60.042709 1.761113910168095043e-01
60.051019 1.760935841521137080e-01
60.059328 1.760757784681077909e-01
60.067638 1.760579739660241561e-01
60.075948 1.760401706470891559e-01
60.084258 1.760223685125283377e-01
60.092568 1.760045675635687756e-01
60.100878 1.759867678014274961e-01
60.109187 1.759689692273300188e-01
60.117497 1.759511718424900395e-01
60.125807 1.759333756481269440e-01
60.134117 1.759155806454525128e-01
60.142427 1.758977868356819962e-01
60.150737 1.758799942200241773e-01
60.159046 1.758622027996884774e-01
60.167356 1.758444125758802379e-01
60.175666 1.758266235498069097e-01
60.183976 1.758088357226692267e-01
60.192286 1.757910490956672012e-01
60.200596 1.757732636700007900e-01
60.208906 1.757554794468678960e-01
60.217215 1.757376964274611486e-01
60.225525 1.757199146129770351e-01
60.233835 1.757021340046046320e-01
60.242145 1.756843546035339876e-01
60.250455 1.756665764109540118e-01
60.258765 1.756487994280480913e-01
60.267074 1.756310236559988081e-01
60.275384 1.756132490959935177e-01
60.283694 1.755954757492060314e-01
60.292004 1.755777036168198468e-01
60.300314 1.755599327000049448e-01
60.308624 1.755421629999416866e-01
60.316933 1.755243945177983600e-01
60.325243 1.755066272547468609e-01
60.333553 1.754888612119564206e-01
60.341863 1.754710963905946330e-01
60.350173 1.754533327918263719e-01
60.358483 1.754355704168087393e-01
60.366792 1.754178092667111888e-01
60.375102 1.754000493426879359e-01
60.383412 1.753822906459005515e-01
60.391722 1.753645331775000593e-01
60.400032 1.753467769386430619e-01
60.408342 1.753290219304830533e-01
60.416651 1.753112681541666440e-01
60.424961 1.752935156108425541e-01
60.433271 1.752757643016610023e-01
60.441581 1.752580142277604947e-01
60.449891 1.752402653902895013e-01
60.458201 1.752225177903866116e-01
60.466510 1.752047714291897484e-01
60.474820 1.751870263078389445e-01
60.483130 1.751692824274659055e-01
60.491440 1.751515397892084158e-01
60.499750 1.751337983941949616e-01
60.508060 1.751160582435573876e-01
60.516370 1.750983193384246517e-01
60.524679 1.750805816799206327e-01
60.532989 1.750628452691716519e-01
60.541299 1.750451101072996452e-01
60.549609 1.750273761954256047e-01
60.557919 1.750096435346691903e-01
60.566229 1.749919121261487853e-01
60.574538 1.749741819709791091e-01
60.582848 1.749564530702709675e-01
60.591158 1.749387254251428270e-01
60.599468 1.749209990366985823e-01
60.607778 1.749032739060518982e-01
60.616088 1.748855500343044767e-01
60.624397 1.748678274225640428e-01
60.632707 1.748501060719344080e-01
60.641017 1.748323859835154426e-01
60.649327 1.748146671584070444e-01
60.657637 1.747969495977060306e-01
60.665947 1.747792333025101619e-01
60.674256 1.747615182739113981e-01
60.682566 1.747438045130077222e-01
60.690876 1.747260920208836554e-01
60.699186 1.747083807986320736e-01
60.707496 1.746906708473362213e-01
60.715806 1.746729621680860323e-01
60.724115 1.746552547619626139e-01
60.732425 1.746375486300492941e-01
60.740735 1.746198437734249043e-01
60.749045 1.746021401931692474e-01
60.757355 1.745844378903601835e-01
60.765665 1.745667368660697438e-01
60.773974 1.745490371213734848e-01
60.782284 1.745313386573437431e-01
60.790594 1.745136414750471376e-01
60.798904 1.744959455755564215e-01
60.807214 1.744782509599309139e-01
60.815524 1.744605576292446170e-01
60.823833 1.744428655845535192e-01
60.832143 1.744251748269212143e-01
60.840453 1.744074853574081319e-01
60.848763 1.743897971770713151e-01
60.857073 1.743721102869658368e-01
60.865383 1.743544246881475746e-01
60.873693 1.743367403816689920e-01
60.882002 1.743190573685810540e-01
60.890312 1.743013756499351419e-01
60.898622 1.742836952267741712e-01
60.906932 1.742660161001486629e-01
60.915242 1.742483382711002005e-01
60.923552 1.742306617406731151e-01
60.931861 1.742129865099097952e-01
60.940171 1.741953125798450241e-01
60.948481 1.741776399515178597e-01
60.956791 1.741599686259673041e-01
60.965101 1.741422986042236720e-01
60.973411 1.741246298873229126e-01
60.981720 1.741069624762933421e-01
60.990030 1.740892963721644149e-01
60.998340 1.740716315759653354e-01
61.006650 1.740539680887207008e-01
61.014960 1.740363059114547750e-01
61.023270 1.740186450451914058e-01
61.031579 1.740009854909497500e-01
61.039889 1.739833272497508521e-01
61.048199 1.739656703226117596e-01
61.056509 1.739480147105456620e-01
61.064819 1.739303604145723547e-01
61.073129 1.739127074356977831e-01
61.081438 1.738950557749397441e-01
61.089748 1.738774054333021568e-01
61.098058 1.738597564118000149e-01
61.106368 1.738421087114318531e-01
61.114678 1.738244623332043659e-01
61.122988 1.738068172781213894e-01
61.131297 1.737891735471856769e-01
61.139607 1.737715311413950692e-01
61.147917 1.737538900617458248e-01
61.156227 1.737362503092369781e-01
61.164537 1.737186118848655925e-01
61.172847 1.737009747896175182e-01
61.181156 1.736833390244905961e-01
61.189466 1.736657045904727859e-01
61.197776 1.736480714885544341e-01
61.206086 1.736304397197188376e-01
61.214396 1.736128092849532067e-01
61.222706 1.735951801852405052e-01
61.231016 1.735775524215634191e-01
61.239325 1.735599259949016371e-01
61.247635 1.735423009062347088e-01
61.255945 1.735246771565387702e-01
61.264255 1.735070547467880697e-01
61.272565 1.734894336779608803e-01
61.280875 1.734718139510260382e-01
61.289184 1.734541955669562374e-01
61.297494 1.734365785267188709e-01
61.305804 1.734189628312839127e-01
61.314114 1.734013484816175621e-01
61.322424 1.733837354786803564e-01
61.330734 1.733661238234400215e-01
61.339043 1.733485135168553459e-01
61.347353 1.733309045598875608e-01
61.355663 1.733132969534937340e-01
61.363973 1.732956906986322099e-01
61.372283 1.732780857962566978e-01
61.380593 1.732604822473208794e-01
61.388902 1.732428800527787416e-01
61.397212 1.732252792135780817e-01
61.405522 1.732076797306685290e-01
61.413832 1.731900816049995184e-01
61.422142 1.731724848375163217e-01
61.430452 1.731548894291594642e-01
61.438761 1.731372953808791026e-01
61.447071 1.731197026936089067e-01
61.455381 1.731021113682912060e-01
61.463691 1.730845214058674419e-01
61.472001 1.730669328072701463e-01
61.480311 1.730493455734363473e-01
61.488620 1.730317597053014633e-01
61.496930 1.730141752037934466e-01
61.505240 1.729965920698450788e-01
61.513550 1.729790103043840066e-01
61.521860 1.729614299083407358e-01
61.530170 1.729438508826400267e-01
61.538479 1.729262732282043080e-01
61.546789 1.729086969459595335e-01
61.555099 1.728911220368245238e-01
61.563409 1.728735485017218743e-01
61.571719 1.728559763415667971e-01
61.580029 1.728384055572820821e-01
61.588339 1.728208361497772516e-01
61.596648 1.728032681199691833e-01
61.604958 1.727857014687674275e-01
61.613268 1.727681361970877516e-01
61.621578 1.727505723058359033e-01
61.629888 1.727330097959197674e-01
61.638198 1.727154486682504764e-01
61.646507 1.726978889237280324e-01
61.654817 1.726803305632579888e-01
61.663127 1.726627735877422909e-01
61.671437 1.726452179980805524e-01
61.679747 1.726276637951744686e-01
61.688057 1.726101109799183242e-01
61.696366 1.725925595532130097e-01
61.704676 1.725750095159481745e-01
61.712986 1.725574608690194356e-01
61.721296 1.725399136133169420e-01
61.729606 1.725223677497342012e-01
61.737916 1.725048232791591696e-01
61.746225 1.724872802024772500e-01
61.754535 1.724697385205768707e-01
61.762845 1.724521982343404369e-01
61.771155 1.724346593446502152e-01
61.779465 1.724171218523913029e-01
61.787775 1.723995857584416092e-01
61.796084 1.723820510636803749e-01
61.804394 1.723645177689851760e-01
61.812704 1.723469858752323669e-01
61.821014 1.723294553832918075e-01
61.829324 1.723119262940403795e-01
61.837634 1.722943986083502743e-01
61.845943 1.722768723270924618e-01
61.854253 1.722593474511316114e-01
61.862563 1.722418239813363339e-01
61.870873 1.722243019185750734e-01
61.879183 1.722067812637082806e-01
61.887493 1.721892620176022626e-01
61.895802 1.721717441811167759e-01
61.904112 1.721542277551107447e-01
61.912422 1.721367127404451469e-01
61.920732 1.721191991379778519e-01
61.929042 1.721016869485607337e-01
61.937352 1.720841761730523556e-01
61.945662 1.720666668123056742e-01
61.953971 1.720491588671681227e-01
61.962281 1.720316523384947949e-01
61.970591 1.720141472271316530e-01
61.978901 1.719966435339262967e-01
61.987211 1.719791412597271862e-01
61.995521 1.719616404053752878e-01
62.003830 1.719441409717174796e-01
62.012140 1.719266429595912582e-01
62.020450 1.719091463698414757e-01
62.028760 1.718916512033054622e-01
62.037070 1.718741574608193545e-01
62.045380 1.718566651432242576e-01
62.053689 1.718391742513495912e-01
62.061999 1.718216847860320196e-01
62.070309 1.718041967481031551e-01
62.078619 1.717867101383924733e-01
62.086929 1.717692249577319474e-01
62.095239 1.717517412069445581e-01
62.103548 1.717342588868630282e-01
62.111858 1.717167779983113929e-01
62.120168 1.716992985421118556e-01
62.128478 1.716818205190853153e-01
62.136788 1.716643439300554741e-01
62.145098 1.716468687758440914e-01
62.153407 1.716293950572655158e-01
62.161717 1.716119227751425613e-01
62.170027 1.715944519302841087e-01
62.178337 1.715769825235065604e-01
62.186647 1.715595145556269019e-01
62.194957 1.715420480274539028e-01
62.203266 1.715245829397973598e-01
62.211576 1.715071192934697897e-01
62.219886 1.714896570892748273e-01
62.228196 1.714721963280181616e-01
62.236506 1.714547370105093393e-01
62.244816 1.714372791375501082e-01
62.253126 1.714198227099424376e-01
62.261435 1.714023677284871594e-01
62.269745 1.713849141939839671e-01
62.278055 1.713674621072311111e-01
62.286365 1.713500114690268694e-01
62.294675 1.713325622801644132e-01
62.302985 1.713151145414422427e-01
62.311294 1.712976682536514472e-01
62.319604 1.712802234175822835e-01
62.327914 1.712627800340252304e-01
62.336224 1.712453381037720990e-01
62.344534 1.712278976276072340e-01
62.352844 1.712104586063221412e-01
62.361153 1.711930210406950870e-01
62.369463 1.711755849315178823e-01
62.377773 1.711581502795669896e-01
62.386083 1.711407170856238669e-01
62.394393 1.711232853504726370e-01
62.402703 1.711058550748878748e-01
62.411012 1.710884262596519545e-01
62.419322 1.710709989055351765e-01
62.427632 1.710535730133163346e-01
62.435942 1.710361485837651463e-01
62.444252 1.710187256176569914e-01
62.452562 1.710013041157625868e-01
62.460871 1.709838840788499570e-01
62.469181 1.709664655076899575e-01
62.477491 1.709490484030475044e-01
62.485801 1.709316327656887624e-01
62.494111 1.709142185963766769e-01
62.502421 1.708968058958784397e-01
62.510730 1.708793946649536932e-01
62.519040 1.708619849043606642e-01
62.527350 1.708445766148639633e-01
62.535660 1.708271697972186254e-01
62.543970 1.708097644521799630e-01
62.552280 1.707923605805063416e-01
62.560589 1.707749581829512420e-01
62.568899 1.707575572602689218e-01
62.577209 1.707401578132079212e-01
62.585519 1.707227598425220261e-01
62.593829 1.707053633489589994e-01
62.602139 1.706879683332680198e-01
62.610449 1.706705747961949626e-01
62.618758 1.706531827384832611e-01
62.627068 1.706357921608815387e-01
62.635378 1.706184030641290927e-01
62.643688 1.706010154489708552e-01
62.651998 1.705836293161443473e-01
62.660308 1.705662446663898379e-01
62.668617 1.705488615004479847e-01
62.676927 1.705314798190532832e-01
62.685237 1.705140996229397854e-01
62.693547 1.704967209128425976e-01
62.701857 1.704793436894982972e-01
62.710167 1.704619679536342747e-01
62.718476 1.704445937059843041e-01
62.726786 1.704272209472760535e-01
62.735096 1.704098496782373295e-01
62.743406 1.703924798995953838e-01
62.751716 1.703751116120781339e-01
62.760026 1.703577448164075026e-01
62.768335 1.703403795133096865e-01
62.776645 1.703230157035027781e-01
62.784955 1.703056533877089218e-01
62.793265 1.702882925666511782e-01
62.801575 1.702709332410428933e-01
62.809885 1.702535754116047406e-01
62.818194 1.702362190790526475e-01
62.826504 1.702188642440986832e-01
62.834814 1.702015109074585530e-01
62.843124 1.701841590698424944e-01
62.851434 1.701668087319669065e-01
62.859744 1.701494598945376135e-01
62.868053 1.701321125582633542e-01
62.876363 1.701147667238518679e-01
62.884673 1.700974223920108108e-01
62.892983 1.700800795634453133e-01
62.901293 1.700627382388581466e-01
62.909603 1.700453984189523593e-01
62.917912 1.700280601044307782e-01
62.926222 1.700107232959940928e-01
62.934532 1.699933879943393289e-01
62.942842 1.699760542001647889e-01
62.951152 1.699587219141687200e-01
62.959462 1.699413911370489805e-01
62.967772 1.699240618694943805e-01
62.976081 1.699067341122041941e-01
62.984391 1.698894078658665097e-01
62.992701 1.698720831311728852e-01
63.001011 1.698547599088140736e-01
63.009321 1.698374381994790516e-01
63.017631 1.698201180038562408e-01
63.025940 1.698027993226297327e-01
63.034250 1.697854821564857286e-01
63.042560 1.697681665061066270e-01
63.050870 1.697508523721783513e-01
63.059180 1.697335397553810521e-01
63.067490 1.697162286563930755e-01
63.075799 1.696989190758982635e-01
63.084109 1.696816110145701051e-01
63.092419 1.696643044730908045e-01
63.100729 1.696469994521332125e-01
63.109039 1.696296959523707903e-01
63.117349 1.696123939744783593e-01
63.125658 1.695950935191272990e-01
63.133968 1.695777945869933190e-01
63.142278 1.695604971787415538e-01
63.150588 1.695432012950436884e-01
63.158898 1.695259069365664950e-01
63.167208 1.695086141039786609e-01
63.175517 1.694913227979416570e-01
63.183827 1.694740330191259470e-01
63.192137 1.694567447681888661e-01
63.200447 1.694394580457950217e-01
63.208757 1.694221728526077164e-01
63.217067 1.694048891892835362e-01
63.225376 1.693876070564821479e-01
63.233686 1.693703264548620246e-01
63.241996 1.693530473850810569e-01
63.250306 1.693357698477920836e-01
63.258616 1.693184938436498310e-01
63.266926 1.693012193733078041e-01
63.275235 1.692839464374200631e-01
63.283545 1.692666750366359218e-01
63.291855 1.692494051716021131e-01
63.300165 1.692321368429731410e-01
63.308475 1.692148700513939896e-01
63.316785 1.691976047975123076e-01
63.325095 1.691803410819694986e-01
63.333404 1.691630789054148487e-01
63.341714 1.691458182684879574e-01
63.350024 1.691285591718336700e-01
63.358334 1.691113016160899762e-01
63.366644 1.690940456019006943e-01
63.374954 1.690767911298992621e-01
63.383263 1.690595382007304970e-01
63.391573 1.690422868150246727e-01
63.399883 1.690250369734212499e-01
63.408193 1.690077886765504744e-01
63.416503 1.689905419250510299e-01
63.424813 1.689732967195512470e-01
63.433122 1.689560530606853128e-01
63.441432 1.689388109490797540e-01
63.449742 1.689215703853659545e-01
63.458052 1.689043313701696081e-01
63.466362 1.688870939041199337e-01
63.474672 1.688698579878417649e-01
63.482981 1.688526236219599352e-01
63.491291 1.688353908070978904e-01
63.499601 1.688181595438768556e-01
63.507911 1.688009298329222196e-01
63.516221 1.687837016748476859e-01
63.524531 1.687664750702806138e-01
63.532840 1.687492500198324863e-01
63.541150 1.687320265241220585e-01
63.549460 1.687148045837686405e-01
63.557770 1.686975841993833547e-01
63.566080 1.686803653715823470e-01
63.574390 1.686631481009784050e-01
63.582699 1.686459323881836780e-01
63.591009 1.686287182338063462e-01
63.599319 1.686115056384585864e-01
63.607629 1.685942946027485512e-01
63.615939 1.685770851272833104e-01
63.624249 1.685598772126712108e-01
63.632559 1.685426708595155476e-01
63.640868 1.685254660684200601e-01
63.649178 1.685082628399919846e-01
63.657488 1.684910611748293985e-01
63.665798 1.684738610735364295e-01
63.674108 1.684566625367134307e-01
63.682418 1.684394655649562311e-01
63.690727 1.684222701588684590e-01
63.699037 1.684050763190424183e-01
63.707347 1.683878840460777682e-01
63.715657 1.683706933405652306e-01
63.723967 1.683535042031031326e-01
63.732277 1.683363166342822514e-01
63.740586 1.683191306346949467e-01
63.748896 1.683019462049326898e-01
63.757206 1.682847633455864800e-01
63.765516 1.682675820572405168e-01
63.773826 1.682504023404890470e-01
63.782136 1.682332241959138830e-01
63.790445 1.682160476241028324e-01
63.798755 1.681988726256425926e-01
63.807065 1.681816992011115897e-01
63.815375 1.681645273510975480e-01
63.823685 1.681473570761808645e-01
63.831995 1.681301883769416028e-01
63.840304 1.681130212539587165e-01
63.848614 1.680958557078130466e-01
63.856924 1.680786917390811874e-01
63.865234 1.680615293483392891e-01
63.873544 1.680443685361643347e-01
63.881854 1.680272093031289771e-01
63.890163 1.680100516498090890e-01
63.898473 1.679928955767746868e-01
63.906783 1.679757410845996446e-01
63.915093 1.679585881738557274e-01
63.923403 1.679414368451102868e-01
63.931713 1.679242870989301195e-01
63.940022 1.679071389358857413e-01
63.948332 1.678899923565441155e-01
63.956642 1.678728473614690964e-01
63.964952 1.678557039512263982e-01
63.973262 1.678385621263798755e-01
63.981572 1.678214218874914399e-01
63.989882 1.678042832351235580e-01
63.998191 1.677871461698372535e-01
64.006501 1.677700106921888035e-01
64.014811 1.677528768027407580e-01
64.023121 1.677357445020501714e-01
64.031431 1.677186137906733487e-01
64.039741 1.677014846691664840e-01
64.048050 1.676843571380820797e-01
64.056360 1.676672311979778840e-01
64.064670 1.676501068494035962e-01
64.072980 1.676329840929108028e-01
64.081290 1.676158629290548929e-01
64.089600 1.675987433583807640e-01
64.097909 1.675816253814388368e-01
64.106219 1.675645089987778114e-01
64.114529 1.675473942109435843e-01
64.122839 1.675302810184844671e-01
64.131149 1.675131694219428313e-01
64.139459 1.674960594218651289e-01
64.147768 1.674789510187915664e-01
64.156078 1.674618442132665419e-01
64.164388 1.674447390058302343e-01
64.172698 1.674276353970259312e-01
64.181008 1.674105333873892876e-01
64.189318 1.673934329774600105e-01
64.197627 1.673763341677738659e-01
64.205937 1.673592369588713102e-01
64.214247 1.673421413512865830e-01
64.222557 1.673250473455499543e-01
64.230867 1.673079549421974122e-01
64.239177 1.672908641417647224e-01
64.247486 1.672737749447797961e-01
64.255796 1.672566873517740138e-01
64.264106 1.672396013632808931e-01
64.272416 1.672225169798220168e-01
64.280726 1.672054342019341500e-01
64.289036 1.671883530301357113e-01
64.297345 1.671712734649588583e-01
64.305655 1.671541955069245355e-01
64.313965 1.671371191565596548e-01
64.322275 1.671200444143896569e-01
64.330585 1.671029712809321000e-01
64.338895 1.670858997567104265e-01
64.347205 1.670688298422452478e-01
64.355514 1.670517615380537058e-01
64.363824 1.670346948446587154e-01
64.372134 1.670176297625746986e-01
64.380444 1.670005662923182144e-01
64.388754 1.669835044344065156e-01
64.397064 1.669664441893553009e-01
64.405373 1.669493855576763830e-01
64.413683 1.669323285398835177e-01
64.421993 1.669152731364896558e-01
64.430303 1.668982193480042231e-01
64.438613 1.668811671749401426e-01
64.446923 1.668641166178058133e-01
64.455232 1.668470676771085792e-01
64.463542 1.668300203533576997e-01
64.471852 1.668129746470568553e-01
64.480162 1.667959305587136398e-01
64.488472 1.667788880888346204e-01
64.496782 1.667618472379206740e-01
64.505091 1.667448080064763971e-01
64.513401 1.667277703950034162e-01
64.521711 1.667107344040035244e-01
64.530021 1.666937000339750730e-01
64.538331 1.666766672854206877e-01
64.546641 1.666596361588365272e-01
64.554950 1.666426066547215812e-01
64.563260 1.666255787735701210e-01
64.571570 1.666085525158797209e-01
64.579880 1.665915278821485102e-01
64.588190 1.665745048728617950e-01
64.596500 1.665574834885222011e-01
64.604809 1.665404637296158674e-01
64.613119 1.665234455966365379e-01
64.621429 1.665064290900745425e-01
64.629739 1.664894142104173524e-01
64.638049 1.664724009581561581e-01
64.646359 1.664553893337759050e-01
64.654668 1.664383793377698650e-01
64.662978 1.664213709706185151e-01
64.671288 1.664043642328067174e-01
64.679598 1.663873591248209161e-01
64.687908 1.663703556471442802e-01
64.696218 1.663533538002579526e-01
64.704528 1.663363535846431596e-01
64.712837 1.663193550007836807e-01
64.721147 1.663023580491566900e-01
64.729457 1.662853627302421644e-01
64.737767 1.662683690445196649e-01
64.746077 1.662513769924648666e-01
64.754387 1.662343865745520566e-01
64.762696 1.662173977912592693e-01
64.771006 1.662004106430626238e-01
64.779316 1.661834251304327714e-01
64.787626 1.661664412538433888e-01
64.795936 1.661494590137683747e-01
64.804246 1.661324784106779917e-01
64.812555 1.661154994450420030e-01
64.820865 1.660985221173300885e-01
64.829175 1.660815464280089304e-01
64.837485 1.660645723775513449e-01
64.845795 1.660475999664199065e-01
64.854105 1.660306291950819080e-01
64.862414 1.660136600640028937e-01
64.870724 1.659966925736460486e-01
64.879034 1.659797267244773333e-01
64.887344 1.659627625169568244e-01
64.895654 1.659457999515481230e-01
64.903964 1.659288390287110004e-01
64.912273 1.659118797489075314e-01
64.920583 1.658949221125932683e-01
64.928893 1.658779661202294253e-01
64.937203 1.658610117722730537e-01
64.945513 1.658440590691792060e-01
64.953823 1.658271080114076534e-01
64.962132 1.658101585994091742e-01
64.970442 1.657932108336412913e-01
64.978752 1.657762647145569479e-01
64.987062 1.657593202426047851e-01
64.995372 1.657423774182427978e-01
65.003682 1.657254362419157967e-01
65.011991 1.657084967140789455e-01
65.020301 1.656915588351768054e-01
65.028611 1.656746226056617088e-01
65.036921 1.656576880259792717e-01
65.045231 1.656407550965762199e-01
65.053541 1.656238238178974476e-01
65.061851 1.656068941903917902e-01
65.070160 1.655899662145012274e-01
65.078470 1.655730398906676282e-01
65.086780 1.655561152193352481e-01
65.095090 1.655391922009448735e-01
65.103400 1.655222708359376793e-01
65.111710 1.655053511247573106e-01
65.120019 1.654884330678367266e-01
65.128329 1.654715166656188785e-01
65.136639 1.654546019185423877e-01
65.144949 1.654376888270397139e-01
65.153259 1.654207773915484792e-01
65.161569 1.654038676125073326e-01
65.169878 1.653869594903470963e-01
65.178188 1.653700530255027279e-01
65.186498 1.653531482184064927e-01
65.194808 1.653362450694906283e-01
65.203118 1.653193435791864008e-01
65.211428 1.653024437479242992e-01
65.219737 1.652855455761341186e-01
65.228047 1.652686490642448769e-01
65.236357 1.652517542126835659e-01
65.244667 1.652348610218770664e-01
65.252977 1.652179694922543129e-01
65.261287 1.652010796242371626e-01
65.269596 1.651841914182545223e-01
65.277906 1.651673048747280270e-01
65.286216 1.651504199940818929e-01
65.294526 1.651335367767382822e-01
65.302836 1.651166552231154994e-01
65.311146 1.650997753336395646e-01
65.319455 1.650828971087270336e-01
65.327765 1.650660205487990972e-01
65.336075 1.650491456542739210e-01
65.344385 1.650322724255699203e-01
65.352695 1.650154008631006808e-01
65.361005 1.649985309672841183e-01
65.369315 1.649816627385387313e-01
65.377624 1.649647961772745530e-01
65.385934 1.649479312839070289e-01
65.394244 1.649310680588473854e-01
65.402554 1.649142065025129555e-01
65.410864 1.648973466153088041e-01
65.419174 1.648804883976509594e-01
65.427483 1.648636318499458464e-01
65.435793 1.648467769726037480e-01
65.444103 1.648299237660330041e-01
65.452413 1.648130722306417328e-01
65.460723 1.647962223668342774e-01
65.469033 1.647793741750183671e-01
65.477342 1.647625276555998997e-01
65.485652 1.647456828089813030e-01
65.493962 1.647288396355685025e-01
65.502272 1.647119981357640095e-01
65.510582 1.646951583099677263e-01
65.518892 1.646783201585852452e-01
65.527201 1.646614836820129435e-01
65.535511 1.646446488806527497e-01
65.543821 1.646278157549024290e-01
65.552131 1.646109843051638821e-01
65.560441 1.645941545318333754e-01
65.568751 1.645773264353022902e-01
65.577060 1.645605000159716669e-01
65.585370 1.645436752742386877e-01
65.593680 1.645268522104911257e-01
65.601990 1.645100308251321308e-01
65.610300 1.644932111185464507e-01
65.618610 1.644763930911291583e-01
65.626919 1.644595767432732725e-01
65.635229 1.644427620753694252e-01
65.643539 1.644259490878035301e-01
65.651849 1.644091377809694388e-01
65.660159 1.643923281552565896e-01
65.668469 1.643755202110495361e-01
65.676778 1.643587139487311943e-01
65.685088 1.643419093686979415e-01
65.693398 1.643251064713305287e-01
65.701708 1.643083052570116498e-01
65.710018 1.642915057261286893e-01
65.718328 1.642747078790615378e-01
65.726638 1.642579117161981073e-01
65.734947 1.642411172379145967e-01
65.743257 1.642243244445943939e-01
65.751567 1.642075333366194434e-01
65.759877 1.641907439143686920e-01
65.768187 1.641739561782176726e-01
65.776497 1.641571701285493845e-01
65.784806 1.641403857657391385e-01
65.793116 1.641236030901637444e-01
65.801426 1.641068221021987905e-01
65.809736 1.640900428022195323e-01
65.818046 1.640732651906009198e-01
65.826356 1.640564892677178754e-01
65.834665 1.640397150339417687e-01
65.842975 1.640229424896482713e-01
65.851285 1.640061716352014531e-01
65.859595 1.639894024709788733e-01
65.867905 1.639726349973501252e-01
65.876215 1.639558692146832475e-01
65.884524 1.639391051233471952e-01
65.892834 1.639223427237100350e-01
65.901144 1.639055820161401111e-01
65.909454 1.638888230010011882e-01
65.917764 1.638720656786619156e-01
65.926074 1.638553100494863635e-01
65.934383 1.638385561138386293e-01
65.942693 1.638218038720842540e-01
65.951003 1.638050533245838380e-01
65.959313 1.637883044717021452e-01
65.967623 1.637715573137984715e-01
65.975933 1.637548118512357487e-01
65.984242 1.637380680843723846e-01
65.992552 1.637213260135682580e-01
66.000862 1.637045856391844689e-01
66.009172 1.636878469615759557e-01
66.017482 1.636711099811005987e-01
66.025792 1.636543746981150849e-01
66.034101 1.636376411129791264e-01
66.042411 1.636209092260404729e-01
66.050721 1.636041790376621952e-01
66.059031 1.635874505481912100e-01
66.067341 1.635707237579852869e-01
66.075651 1.635539986673940349e-01
66.083961 1.635372752767708104e-01
66.092270 1.635205535864656112e-01
66.100580 1.635038335968295176e-01
66.108890 1.634871153082117223e-01
66.117200 1.634703987209632503e-01
66.125510 1.634536838354292698e-01
66.133820 1.634369706519601118e-01
66.142129 1.634202591708991958e-01
66.150439 1.634035493925957427e-01
66.158749 1.633868413173914791e-01
66.167059 1.633701349456404828e-01
66.175369 1.633534302776765423e-01
66.183679 1.633367273138474629e-01
66.191988 1.633200260544969418e-01
66.200298 1.633033264999670109e-01
66.208608 1.632866286505951225e-01
66.216918 1.632699325067260565e-01
66.225228 1.632532380686994855e-01
66.233538 1.632365453368530561e-01
66.241847 1.632198543115277178e-01
66.250157 1.632031649930588690e-01
66.258467 1.631864773817848779e-01
66.266777 1.631697914780430581e-01
66.275087 1.631531072821701955e-01
66.283397 1.631364247945010504e-01
66.291706 1.631197440153676625e-01
66.300016 1.631030649451077619e-01
66.308326 1.630863875840505017e-01
66.316636 1.630697119325330569e-01
66.324946 1.630530379908854410e-01
66.333256 1.630363657594376126e-01
66.341565 1.630196952385211395e-01
66.349875 1.630030264284672847e-01
66.358185 1.629863593296040081e-01
66.366495 1.629696939422606572e-01
66.374805 1.629530302667647756e-01
66.383115 1.629363683034433241e-01
66.391424 1.629197080526216812e-01
66.399734 1.629030495146281954e-01
66.408044 1.628863926897885783e-01
66.416354 1.628697375784257384e-01
66.424664 1.628530841808632224e-01
66.432974 1.628364324974267696e-01
66.441284 1.628197825284380118e-01
66.449593 1.628031342742171095e-01
66.457903 1.627864877350853889e-01
66.466213 1.627698429113682843e-01
66.474523 1.627531998033799887e-01
66.482833 1.627365584114437713e-01
66.491143 1.627199187358772670e-01
66.499452 1.627032807769985823e-01
66.507762 1.626866445351241586e-01
66.516072 1.626700100105710201e-01
66.524382 1.626533772036573566e-01
66.532692 1.626367461146976945e-01
66.541002 1.626201167440069206e-01
66.549311 1.626034890918950926e-01
66.557621 1.625868631586832036e-01
66.565931 1.625702389446795904e-01
66.574241 1.625536164501972247e-01
66.582551 1.625369956755469691e-01
66.590861 1.625203766210416567e-01
66.599170 1.625037592869895131e-01
66.607480 1.624871436737043984e-01
66.615790 1.624705297814898475e-01
66.624100 1.624539176106576666e-01
66.632410 1.624373071615147213e-01
66.640720 1.624206984343696258e-01
66.649029 1.624040914295250548e-01
66.657339 1.623874861472919540e-01
66.665649 1.623708825879726647e-01
66.673959 1.623542807518723596e-01
66.682269 1.623376806392945737e-01
66.690579 1.623210822505429529e-01
66.698888 1.623044855859191449e-01
66.707198 1.622878906457269343e-01
66.715508 1.622712974302675804e-01
66.723818 1.622547059398424529e-01
66.732128 1.622381161747513401e-01
66.740438 1.622215281352938632e-01
66.748748 1.622049418217645644e-01
66.757057 1.621883572344696156e-01
66.765367 1.621717743737049189e-01
66.773677 1.621551932397601592e-01
66.781987 1.621386138329380111e-01
66.790297 1.621220361535356258e-01
66.798607 1.621054602018458246e-01
66.806916 1.620888859781635938e-01
66.815226 1.620723134827822265e-01
66.823536 1.620557427159975972e-01
66.831846 1.620391736780990855e-01
66.840156 1.620226063693808727e-01
66.848466 1.620060407901340316e-01
66.856775 1.619894769406485246e-01
66.865085 1.619729148212162573e-01
66.873395 1.619563544321259152e-01
66.881705 1.619397957736671556e-01
66.890015 1.619232388461283589e-01
66.898325 1.619066836497985162e-01
66.906634 1.618901301849590968e-01
66.914944 1.618735784519068632e-01
66.923254 1.618570284509180390e-01
66.931564 1.618404801822833639e-01
66.939874 1.618239336462874156e-01
66.948184 1.618073888432127461e-01
66.956493 1.617908457733438776e-01
66.964803 1.617743044369630567e-01
66.973113 1.617577648343550001e-01
66.981423 1.617412269657974300e-01
66.989733 1.617246908315765064e-01
66.998043 1.617081564319677589e-01
67.006352 1.616916237672539336e-01
67.014662 1.616750928377161944e-01
67.022972 1.616585636436279338e-01
67.031282 1.616420361852742571e-01
67.039592 1.616255104629271688e-01
67.047902 1.616089864768650852e-01
67.056211 1.615924642273661171e-01
67.064521 1.615759437147043232e-01
67.072831 1.615594249391560377e-01
67.081141 1.615429079009940427e-01
67.089451 1.615263926004957828e-01
67.097761 1.615098790379319027e-01
67.106071 1.614933672135779319e-01
67.114380 1.614768571277002129e-01
67.122690 1.614603487805774396e-01
67.131000 1.614438421724778139e-01
67.139310 1.614273373036712589e-01
67.147620 1.614108341744250330e-01
67.155930 1.613943327850156095e-01
67.164239 1.613778331357081652e-01
67.172549 1.613613352267675438e-01
67.180859 1.613448390584667491e-01
67.189169 1.613283446310680158e-01
67.197479 1.613118519448415722e-01
67.205789 1.612953610000516791e-01
67.214098 1.612788717969630414e-01
67.222408 1.612623843358424180e-01
67.230718 1.612458986169503228e-01
67.239028 1.612294146405530704e-01
67.247338 1.612129324069137282e-01
67.255648 1.611964519162928933e-01
67.263957 1.611799731689527448e-01
67.272267 1.611634961651566278e-01
67.280577 1.611470209051639457e-01
67.288887 1.611305473892314932e-01
67.297197 1.611140756176225874e-01
67.305507 1.610976055905983528e-01
67.313816 1.610811373084112541e-01
67.322126 1.610646707713209724e-01
67.330436 1.610482059795894649e-01
67.338746 1.610317429334658379e-01
67.347056 1.610152816332119652e-01
67.355366 1.609988220790805891e-01
67.363675 1.609823642713289482e-01
67.371985 1.609659082102072591e-01
67.380295 1.609494538959717613e-01
67.388605 1.609330013288786110e-01
67.396915 1.609165505091760817e-01
67.405225 1.609001014371180538e-01
67.413534 1.608836541129559927e-01
67.421844 1.608672085369403648e-01
67.430154 1.608507647093231629e-01
67.438464 1.608343226303521056e-01
67.446774 1.608178823002778535e-01
67.455084 1.608014437193493185e-01
67.463394 1.607850068878144689e-01
67.471703 1.607685718059202462e-01
67.480013 1.607521384739158954e-01
67.488323 1.607357068920456100e-01
67.496633 1.607192770605539167e-01
67.504943 1.607028489796908377e-01
67.513253 1.606864226496979020e-01
67.521562 1.606699980708218567e-01
67.529872 1.606535752433028985e-01
67.538182 1.606371541673886905e-01
67.546492 1.606207348433181803e-01
67.554802 1.606043172713367828e-01
67.563112 1.605879014516801429e-01
67.571421 1.605714873845967006e-01
67.579731 1.605550750703235163e-01
67.588041 1.605386645090995379e-01
67.596351 1.605222557011657669e-01
67.604661 1.605058486467601797e-01
67.612971 1.604894433461238612e-01
67.621280 1.604730397994892643e-01
67.629590 1.604566380070957254e-01
67.637900 1.604402379691828306e-01
67.646210 1.604238396859838933e-01
67.654520 1.604074431577341697e-01
67.662830 1.603910483846709978e-01
67.671139 1.603746553670259145e-01
67.679449 1.603582641050361191e-01
67.687759 1.603418745989318994e-01
67.696069 1.603254868489479290e-01
67.704379 1.603091008553179098e-01
67.712689 1.602927166182708252e-01
67.720998 1.602763341380384343e-01
67.729308 1.602599534148538285e-01
67.737618 1.602435744489459912e-01
67.745928 1.602271972405427680e-01
67.754238 1.602108217898774445e-01
67.762548 1.601944480971728424e-01
67.770857 1.601780761626614424e-01
67.779167 1.601617059865701742e-01
67.787477 1.601453375691235248e-01
67.795787 1.601289709105521986e-01
67.804097 1.601126060110779070e-01
67.812407 1.600962428709300223e-01
67.820717 1.600798814903313660e-01
67.829026 1.600635218695063422e-01
67.837336 1.600471640086777447e-01
67.845646 1.600308079080729196e-01
67.853956 1.600144535679103586e-01
67.862266 1.599981009884133831e-01
67.870576 1.599817501698048983e-01
67.878885 1.599654011123061714e-01
67.887195 1.599490538161359443e-01
67.895505 1.599327082815156786e-01
67.903815 1.599163645086692231e-01
67.912125 1.599000224978073814e-01
67.920435 1.598836822491540299e-01
67.928744 1.598673437629297700e-01
67.937054 1.598510070393452942e-01
67.945364 1.598346720786220920e-01
67.953674 1.598183388809762961e-01
67.961984 1.598020074466238449e-01
67.970294 1.597856777757794278e-01
67.978603 1.597693498686611202e-01
67.986913 1.597530237254775887e-01
67.995223 1.597366993464495177e-01
68.003533 1.597203767317859624e-01
68.011843 1.597040558817026112e-01
68.020153 1.596877367964085748e-01
68.028462 1.596714194761192362e-01
68.036772 1.596551039210438172e-01
68.045082 1.596387901313933433e-01
68.053392 1.596224781073812826e-01
68.061702 1.596061678492130542e-01
68.070012 1.595898593571014323e-01
68.078321 1.595735526312557218e-01
68.086631 1.595572476718808141e-01
68.094941 1.595409444791889286e-01
68.103251 1.595246430533840409e-01
68.111561 1.595083433946733464e-01
68.119871 1.594920455032657614e-01
68.128180 1.594757493793668712e-01
68.136490 1.594594550231790420e-01
68.144800 1.594431624349109400e-01
68.153110 1.594268716147624609e-01
68.161420 1.594105825629408280e-01
68.169730 1.593942952796491841e-01
68.178040 1.593780097650925320e-01
68.186349 1.593617260194682694e-01
68.194659 1.593454440429800112e-01
68.202969 1.593291638358315943e-01
68.211279 1.593128853982223592e-01
68.219589 1.592966087303523959e-01
68.227899 1.592803338324218776e-01
68.236208 1.592640607046309220e-01
68.244518 1.592477893471776762e-01
68.252828 1.592315197602616195e-01
68.261138 1.592152519440790670e-01
68.269448 1.591989858988301365e-01
68.277758 1.591827216247087562e-01
68.286067 1.591664591219129066e-01
68.294377 1.591501983906372097e-01
68.302687 1.591339394310822275e-01
68.310997 1.591176822434359761e-01
68.319307 1.591014268278967414e-01
68.327617 1.590851731846609218e-01
68.335926 1.590689213139163949e-01
68.344236 1.590526712158600031e-01
68.352546 1.590364228906837318e-01
68.360856 1.590201763385778455e-01
68.369166 1.590039315597384650e-01
68.377476 1.589876885543520246e-01
68.385785 1.589714473226141733e-01
68.394095 1.589552078647087086e-01
68.402405 1.589389701808299193e-01
68.410715 1.589227342711648505e-01
68.419025 1.589065001359044049e-01
68.427335 1.588902677752358217e-01
68.435644 1.588740371893476166e-01
68.443954 1.588578083784258355e-01
68.452264 1.588415813426561629e-01
68.460574 1.588253560822292521e-01
68.468884 1.588091325973267076e-01
68.477194 1.587929108881354634e-01
68.485504 1.587766909548402328e-01
68.493813 1.587604727976263397e-01
68.502123 1.587442564166795522e-01
68.510433 1.587280418121798098e-01
68.518743 1.587118289843093000e-01
68.527053 1.586956179332534300e-01
68.535363 1.586794086591948871e-01
68.543672 1.586632011623162752e-01
68.551982 1.586469954427952300e-01
68.560292 1.586307915008138003e-01
68.568602 1.586145893365511483e-01
68.576912 1.585983889501866861e-01
68.585222 1.585821903419049883e-01
68.593531 1.585659935118809427e-01
68.601841 1.585497984602913524e-01
68.610151 1.585336051873157404e-01
68.618461 1.585174136931330191e-01
68.626771 1.585012239779176879e-01
68.635081 1.584850360418477710e-01
68.643390 1.584688498850994609e-01
68.651700 1.584526655078468682e-01
68.660010 1.584364829102672123e-01
68.668320 1.584203020925347982e-01
68.676630 1.584041230548216550e-01
68.684940 1.583879457973034477e-01
68.693249 1.583717703201518723e-01
68.701559 1.583555966235412893e-01
68.709869 1.583394247076446437e-01
68.718179 1.583232545726325768e-01
68.726489 1.583070862186779504e-01
68.734799 1.582909196459493517e-01
68.743108 1.582747548546170890e-01
68.751418 1.582585918448552731e-01
68.759728 1.582424306168306039e-01
68.768038 1.582262711707111413e-01
68.776348 1.582101135066697473e-01
68.784658 1.581939576248695412e-01
68.792967 1.581778035254826631e-01
68.801277 1.581616512086743975e-01
68.809587 1.581455006746109171e-01
68.817897 1.581293519234631961e-01
68.826207 1.581132049553897745e-01
68.834517 1.580970597705653180e-01
68.842827 1.580809163691433150e-01
68.851136 1.580647747512998191e-01
68.859446 1.580486349171922322e-01
68.867756 1.580324968669878094e-01
68.876066 1.580163606008475885e-01
68.884376 1.580002261189374924e-01
68.892686 1.579840934214131465e-01
68.900995 1.579679625084440264e-01
68.909305 1.579518333801898378e-01
68.917615 1.579357060368100363e-01
68.925925 1.579195804784656598e-01
68.934235 1.579034567053171634e-01
68.942545 1.578873347175236419e-01
68.950854 1.578712145152480484e-01
68.959164 1.578550960986444540e-01
68.967474 1.578389794678717595e-01
68.975784 1.578228646230921683e-01
68.984094 1.578067515644600571e-01
68.992404 1.577906402921325224e-01
69.000713 1.577745308062680485e-01
69.009023 1.577584231070206511e-01
69.017333 1.577423171945493141e-01
69.025643 1.577262130690037512e-01
69.033953 1.577101107305448058e-01
69.042263 1.576940101793235516e-01
69.050572 1.576779114154977790e-01
69.058882 1.576618144392160914e-01
69.067192 1.576457192506374172e-01
69.075502 1.576296258499079450e-01
69.083812 1.576135342371854930e-01
69.092122 1.575974444126185814e-01
69.100431 1.575813563763615310e-01
69.108741 1.575652701285633894e-01
69.117051 1.575491856693743420e-01
69.125361 1.575331029989478493e-01
69.133671 1.575170221174326257e-01
69.141981 1.575009430249734999e-01
69.150290 1.574848657217224612e-01
69.158600 1.574687902078303059e-01
69.166910 1.574527164834433335e-01
69.175220 1.574366445487083987e-01
69.183530 1.574205744037749100e-01
69.191840 1.574045060487846981e-01
69.200150 1.573884394838883649e-01
69.208459 1.573723747092319325e-01
69.216769 1.573563117249598131e-01
69.225079 1.573402505312178068e-01
69.233389 1.573241911281482441e-01
69.241699 1.573081335158994509e-01
69.250009 1.572920776946101773e-01
69.258318 1.572760236644281939e-01
69.266628 1.572599714254947489e-01
69.274938 1.572439209779538105e-01
69.283248 1.572278723219431851e-01
69.291558 1.572118254576098939e-01
69.299868 1.571957803850931035e-01
69.308177 1.571797371045334235e-01
69.316487 1.571636956160722132e-01
69.324797 1.571476559198462519e-01
69.333107 1.571316180159985365e-01
69.341417 1.571155819046702318e-01
69.349727 1.570995475859957580e-01
69.358036 1.570835150601144758e-01
69.366346 1.570674843271667731e-01
69.374656 1.570514553872858488e-01
69.382966 1.570354282406152269e-01
69.391276 1.570194028872847203e-01
69.399586 1.570033793274359102e-01
69.407895 1.569873575612025507e-01
69.416205 1.569713375887194784e-01
69.424515 1.569553194101229177e-01
69.432825 1.569393030255455956e-01
69.441135 1.569232884351289270e-01
69.449445 1.569072756389960632e-01
69.457754 1.568912646372880582e-01
69.466064 1.568752554301372781e-01
69.474374 1.568592480176724535e-01
69.482684 1.568432424000285597e-01
69.490994 1.568272385773371858e-01
69.499304 1.568112365497318361e-01
69.507613 1.567952363173377994e-01
69.515923 1.567792378802926323e-01
69.524233 1.567632412387199858e-01
69.532543 1.567472463927533088e-01
69.540853 1.567312533425234689e-01
69.549163 1.567152620881555047e-01
69.557473 1.566992726297825878e-01
69.565782 1.566832849675298123e-01
69.574092 1.566672991015248817e-01
69.582402 1.566513150318951664e-01
69.590712 1.566353327587695077e-01
69.599022 1.566193522822725559e-01
69.607332 1.566033736025317091e-01
69.615641 1.565873967196747818e-01
69.623951 1.565714216338216502e-01
69.632261 1.565554483451019330e-01
69.640571 1.565394768536407522e-01
69.648881 1.565235071595572625e-01
69.657191 1.565075392629809437e-01
69.665500 1.564915731640306451e-01
69.673810 1.564756088628337927e-01
69.682120 1.564596463595084863e-01
69.690430 1.564436856541823739e-01
69.698740 1.564277267469709465e-01
69.707050 1.564117696380008804e-01
69.715359 1.563958143273901369e-01
69.723669 1.563798608152611458e-01
69.731979 1.563639091017346161e-01
69.740289 1.563479591869277596e-01
69.748599 1.563320110709617572e-01
69.756909 1.563160647539572345e-01
69.765218 1.563001202360307651e-01
69.773528 1.562841775173001713e-01
69.781838 1.562682365978851629e-01
69.790148 1.562522974779032292e-01
69.798458 1.562363601574691951e-01
69.806768 1.562204246367047134e-01
69.815077 1.562044909157200290e-01
69.823387 1.561885589946350461e-01
69.831697 1.561726288735662549e-01
69.840007 1.561567005526267315e-01
69.848317 1.561407740319321336e-01
69.856627 1.561248493115943159e-01
69.864937 1.561089263917316838e-01
69.873246 1.560930052724558703e-01
69.881556 1.560770859538799238e-01
69.889866 1.560611684361169205e-01
69.898176 1.560452527192797145e-01
69.906486 1.560293388034795226e-01
69.914796 1.560134266888314747e-01
69.923105 1.559975163754417360e-01
69.931415 1.559816078634268244e-01
69.939725 1.559657011528923776e-01
69.948035 1.559497962439510277e-01
69.956345 1.559338931367136860e-01
69.964655 1.559179918312884883e-01
69.972964 1.559020923277869286e-01
69.981274 1.558861946263140341e-01
69.989584 1.558702987269796614e-01
69.997894 1.558544046298953878e-01
70.006204 1.558385123351616053e-01
70.014514 1.558226218428914733e-01
70.022823 1.558067331531884925e-01
70.031133 1.557908462661606319e-01
70.039443 1.557749611819161106e-01
70.047753 1.557590779005570691e-01
70.056063 1.557431964221924203e-01
70.064373 1.557273167469243602e-01
70.072682 1.557114388748569445e-01
70.080992 1.556955628060990859e-01
70.089302 1.556796885407489561e-01
70.097612 1.556638160789127479e-01
70.105922 1.556479454206968760e-01
70.114232 1.556320765661972083e-01
70.122541 1.556162095155214364e-01
70.130851 1.556003442687683702e-01
70.139161 1.555844808260421486e-01
70.147471 1.555686191874445234e-01
70.155781 1.555527593530769692e-01
70.164091 1.555369013230362418e-01
70.172400 1.555210450974237046e-01
70.180710 1.555051906763410541e-01
70.189020 1.554893380598892927e-01
70.197330 1.554734872481639552e-01
70.205640 1.554576382412644064e-01
70.213950 1.554417910392907054e-01
70.222260 1.554259456423391361e-01
70.230569 1.554101020505066211e-01
70.238879 1.553942602638942738e-01
70.247189 1.553784202825973237e-01
70.255499 1.553625821067112500e-01
70.263809 1.553467457363318371e-01
70.272119 1.553309111715582835e-01
70.280428 1.553150784124824602e-01
70.288738 1.552992474592022887e-01
70.297048 1.552834183118084466e-01
70.305358 1.552675909704011037e-01
70.313668 1.552517654350684395e-01
70.321978 1.552359417059093472e-01
70.330287 1.552201197830154478e-01
70.338597 1.552042996664770025e-01
70.346907 1.551884813563910170e-01
70.355217 1.551726648528453933e-01
70.363527 1.551568501559362767e-01
70.371837 1.551410372657540948e-01
70.380146 1.551252261823869993e-01
70.388456 1.551094169059289429e-01
70.396766 1.550936094364714080e-01
70.405076 1.550778037740994930e-01
70.413386 1.550619999189094822e-01
70.421696 1.550461978709852529e-01
70.430005 1.550303976304202580e-01
70.438315 1.550145991973007620e-01
70.446625 1.549988025717162765e-01
70.454935 1.549830077537542594e-01
70.463245 1.549672147435020297e-01
70.471555 1.549514235410467955e-01
70.479864 1.549356341464764586e-01
70.488174 1.549198465598775609e-01
70.496484 1.549040607813363390e-01
70.504794 1.548882768109381969e-01
70.513104 1.548724946487692045e-01
70.521414 1.548567142949143494e-01
70.529723 1.548409357494613392e-01
70.538033 1.548251590124901100e-01
70.546343 1.548093840840863156e-01
70.554653 1.547936109643347213e-01
70.562963 1.547778396533205925e-01
70.571273 1.547620701511239483e-01
70.579583 1.547463024578286939e-01
70.587892 1.547305365735174298e-01
70.596202 1.547147724982705919e-01
70.604512 1.546990102321738891e-01
70.612822 1.546832497753072577e-01
70.621132 1.546674911277503284e-01
70.629442 1.546517342895832037e-01
70.637751 1.546359792608899275e-01
70.646061 1.546202260417471053e-01
70.654371 1.546044746322377539e-01
70.662681 1.545887250324365636e-01
70.670991 1.545729772424283832e-01
70.679301 1.545572312622880418e-01
70.687610 1.545414870920971684e-01
70.695920 1.545257447319284272e-01
70.704230 1.545100041818635306e-01
70.712540 1.544942654419781403e-01
70.720850 1.544785285123517482e-01
70.729160 1.544627933930602381e-01
70.737469 1.544470600841788832e-01
70.745779 1.544313285857828733e-01
70.754089 1.544155988979517280e-01
70.762399 1.543998710207567793e-01
70.770709 1.543841449542749100e-01
70.779019 1.543684206985810048e-01
70.787328 1.543526982537484771e-01
70.795638 1.543369776198507404e-01
70.803948 1.543212587969638727e-01
70.812258 1.543055417851597055e-01
70.820568 1.542898265845109862e-01
70.828878 1.542741131950928213e-01
70.837187 1.542584016169739891e-01
70.845497 1.542426918502283750e-01
70.853807 1.542269838949277549e-01
70.862117 1.542112777511432109e-01
70.870427 1.541955734189462413e-01
70.878737 1.541798708984077615e-01
70.887046 1.541641701895969663e-01
70.895356 1.541484712925851597e-01
70.903666 1.541327742074405094e-01
70.911976 1.541170789342343195e-01
70.920286 1.541013854730351185e-01
70.928596 1.540856938239103802e-01
70.936906 1.540700039869309923e-01
70.945215 1.540543159621619584e-01
70.953525 1.540386297496742496e-01
70.961835 1.540229453495309819e-01
70.970145 1.540072627618047918e-01
70.978455 1.539915819865567692e-01
70.986765 1.539759030238607995e-01
70.995074 1.539602258737746976e-01
71.003384 1.539445505363681577e-01
71.011694 1.539288770117090976e-01
71.020004 1.539132052998593847e-01
71.028314 1.538975354008877972e-01
71.036624 1.538818673148507898e-01
71.044933 1.538662010418192783e-01
71.053243 1.538505365818562121e-01
71.061553 1.538348739350224315e-01
71.069863 1.538192131013857433e-01
71.078173 1.538035540810067381e-01
71.086483 1.537878968739465613e-01
71.094792 1.537722414802695226e-01
71.103102 1.537565879000372115e-01
71.111412 1.537409361333110791e-01
71.119722 1.537252861801513548e-01
71.128032 1.537096380406194063e-01
71.136342 1.536939917147789325e-01
71.144651 1.536783472026870268e-01
71.152961 1.536627045044064444e-01
71.161271 1.536470636199926687e-01
71.169581 1.536314245495077335e-01
71.177891 1.536157872930127288e-01
71.186201 1.536001518505638597e-01
71.194510 1.535845182222212446e-01
71.202820 1.535688864080403948e-01
71.211130 1.535532564080809570e-01
71.219440 1.535376282224032440e-01
71.227750 1.535220018510575768e-01
71.236060 1.535063772941079874e-01
71.244369 1.534907545516058236e-01
71.252679 1.534751336236112595e-01
71.260989 1.534595145101800007e-01
71.269299 1.534438972113645883e-01
71.277609 1.534282817272230870e-01
71.285919 1.534126680578099533e-01
71.294229 1.533970562031793661e-01
71.302538 1.533814461633872805e-01
71.310848 1.533658379384856829e-01
71.319158 1.533502315285290851e-01
71.327468 1.533346269335716938e-01
71.335778 1.533190241536673826e-01
71.344088 1.533034231888673604e-01
71.352397 1.532878240392246405e-01
71.360707 1.532722267047928189e-01
71.369017 1.532566311856230490e-01
71.377327 1.532410374817667342e-01
71.385637 1.532254455932740844e-01
71.393947 1.532098555201983625e-01
71.402256 1.531942672625891955e-01
71.410566 1.531786808204985417e-01
71.418876 1.531630961939733082e-01
71.427186 1.531475133830677293e-01
71.435496 1.531319323878274907e-01
71.443806 1.531163532083034406e-01
71.452115 1.531007758445444289e-01
71.460425 1.530852002966010539e-01
71.468735 1.530696265645166143e-01
71.477045 1.530540546483435127e-01
71.485355 1.530384845481291278e-01
71.493665 1.530229162639193674e-01
71.501974 1.530073497957614714e-01
71.510284 1.529917851437030407e-01
71.518594 1.529762223077922034e-01
71.526904 1.529606612880712868e-01
71.535214 1.529451020845901676e-01
71.543524 1.529295446973913120e-01
71.551833 1.529139891265211271e-01
71.560143 1.528984353720251876e-01
71.568453 1.528828834339489573e-01
71.576763 1.528673333123331812e-01
71.585073 1.528517850072264039e-01
71.593383 1.528362385186735894e-01
71.601693 1.528206938467110421e-01
71.610002 1.528051509913886108e-01
71.618312 1.527896099527485951e-01
71.626622 1.527740707308294921e-01
71.634932 1.527585333256789579e-01
71.643242 1.527429977373352121e-01
71.651552 1.527274639658410815e-01
71.659861 1.527119320112398093e-01
71.668171 1.526964018735700590e-01
71.676481 1.526808735528743244e-01
71.684791 1.526653470491916575e-01
71.693101 1.526498223625626371e-01
71.701411 1.526342994930313390e-01
71.709720 1.526187784406350112e-01
71.718030 1.526032592054093473e-01
71.726340 1.525877417873959530e-01
71.734650 1.525722261866368223e-01
71.742960 1.525567124031667887e-01
71.751270 1.525412004370272634e-01
71.759579 1.525256902882525245e-01
71.767889 1.525101819568819850e-01
71.776199 1.524946754429541418e-01
71.784509 1.524791707465057433e-01
71.792819 1.524636678675709844e-01
71.801129 1.524481668061915818e-01
71.809438 1.524326675623964567e-01
71.817748 1.524171701362302955e-01
71.826058 1.524016745277214924e-01
71.834368 1.523861807369110422e-01
71.842678 1.523706887638308638e-01
71.850988 1.523551986085152632e-01
71.859297 1.523397102709995732e-01
71.867607 1.523242237513193487e-01
71.875917 1.523087390495088400e-01
71.884227 1.522932561656001049e-01
71.892537 1.522777750996250901e-01
71.900847 1.522622958516210434e-01
71.909156 1.522468184216172749e-01
71.917466 1.522313428096495058e-01
71.925776 1.522158690157459915e-01
71.934086 1.522003970399415651e-01
71.942396 1.521849268822692558e-01
71.950706 1.521694585427580126e-01
71.959016 1.521539920214373121e-01
71.967325 1.521385273183419040e-01
71.975635 1.521230644335030135e-01
71.983945 1.521076033669464533e-01
71.992255 1.520921441187047252e-01
72.000565 1.520766866888075275e-01
72.008875 1.520612310772860576e-01
72.017184 1.520457772841648791e-01
72.025494 1.520303253094794083e-01
72.033804 1.520148751532519882e-01
72.042114 1.519994268155157591e-01
72.050424 1.519839802962945907e-01
72.058734 1.519685355956203465e-01
72.067043 1.519530927135175069e-01
72.075353 1.519376516500136332e-01
72.083663 1.519222124051396172e-01
72.091973 1.519067749789161925e-01
72.100283 1.518913393713765825e-01
72.108593 1.518759055825399940e-01
72.116902 1.518604736124364307e-01
72.125212 1.518450434610907063e-01
72.133522 1.518296151285277729e-01
72.141832 1.518141886147736930e-01
72.150142 1.517987639198505045e-01
72.158452 1.517833410437868791e-01
72.166761 1.517679199866046047e-01
72.175071 1.517525007483284671e-01
72.183381 1.517370833289801157e-01
72.191691 1.517216677285868898e-01
72.200001 1.517062539471657479e-01
72.208311 1.516908419847474432e-01
72.216620 1.516754318413489344e-01
72.224930 1.516600235169938971e-01
72.233240 1.516446170117065340e-01
72.241550 1.516292123255054691e-01
72.249860 1.516138094584134899e-01
72.258170 1.515984084104542717e-01
72.266479 1.515830091816443292e-01
72.274789 1.515676117720073102e-01
72.283099 1.515522161815630597e-01
72.291409 1.515368224103311179e-01
72.299719 1.515214304583344662e-01
72.308029 1.515060403255890364e-01
72.316339 1.514906520121147293e-01
72.324648 1.514752655179309460e-01
72.332958 1.514598808430593357e-01
72.341268 1.514444979875136099e-01
72.349578 1.514291169513176383e-01
72.357888 1.514137377344856039e-01
72.366198 1.513983603370364917e-01
72.374507 1.513829847589870103e-01
72.382817 1.513676110003542574e-01
72.391127 1.513522390611588830e-01
72.399437 1.513368689414134882e-01
72.407747 1.513215006411342267e-01
72.416057 1.513061341603414434e-01
72.424366 1.512907694990469898e-01
72.432676 1.512754066572700451e-01
72.440986 1.512600456350228495e-01
72.449296 1.512446864323216400e-01
72.457606 1.512293290491826259e-01
72.465916 1.512139734856198514e-01
72.474225 1.511986197416463895e-01
72.482535 1.511832678172760347e-01
72.490845 1.511679177125255236e-01
72.499155 1.511525694274085119e-01
72.507465 1.511372229619355745e-01
72.515775 1.511218783161201451e-01
72.524084 1.511065354899751023e-01
72.532394 1.510911944835153509e-01
72.540704 1.510758552967508550e-01
72.549014 1.510605179296947154e-01
72.557324 1.510451823823610040e-01
72.565634 1.510298486547532737e-01
72.573943 1.510145167468935345e-01
72.582253 1.509991866587847564e-01
72.590563 1.509838583904400400e-01
72.598873 1.509685319418730964e-01
72.607183 1.509532073130899765e-01
72.615493 1.509378845041008388e-01
72.623802 1.509225635149192835e-01
72.632112 1.509072443455506118e-01
72.640422 1.508919269960053711e-01
72.648732 1.508766114662934144e-01
72.657042 1.508612977564218749e-01
72.665352 1.508459858664030484e-01
72.673662 1.508306757962418754e-01
72.681971 1.508153675459432408e-01
72.690281 1.508000611155219384e-01
72.698591 1.507847565049812433e-01
72.706901 1.507694537143309532e-01
72.715211 1.507541527435727613e-01
72.723521 1.507388535927169926e-01
72.731830 1.507235562617720293e-01
72.740140 1.507082607507408134e-01
72.748450 1.506929670596326432e-01
72.756760 1.506776751884477406e-01
72.765070 1.506623851371964029e-01
72.773380 1.506470969058825160e-01
72.781689 1.506318104945104652e-01
72.789999 1.506165259030846915e-01
72.798309 1.506012431316113009e-01
72.806619 1.505859621800942627e-01
72.814929 1.505706830485350201e-01
72.823239 1.505554057369409282e-01
72.831548 1.505401302453125700e-01
72.839858 1.505248565736530542e-01
72.848168 1.505095847219668215e-01
72.856478 1.504943146902583406e-01
72.864788 1.504790464785252524e-01
72.873098 1.504637800867738573e-01
72.881407 1.504485155150039888e-01
72.889717 1.504332527632182837e-01
72.898027 1.504179918314185460e-01
72.906337 1.504027327196059138e-01
72.914647 1.503874754277808312e-01
72.922957 1.503722199559441308e-01
72.931266 1.503569663040973947e-01
72.939576 1.503417144722385412e-01
72.947886 1.503264644603705957e-01
72.956196 1.503112162684894504e-01
72.964506 1.502959698965988800e-01
72.972816 1.502807253446974134e-01
72.981126 1.502654826127809706e-01
72.989435 1.502502417008514946e-01
72.997745 1.502350026089050716e-01
73.006055 1.502197653369423125e-01
73.014365 1.502045298849608024e-01
73.022675 1.501892962529607911e-01
73.030985 1.501740644409318148e-01
73.039294 1.501588344488793136e-01
73.047604 1.501436062767989021e-01
73.055914 1.501283799246840855e-01
73.064224 1.501131553925333373e-01
73.072534 1.500979326803439651e-01
73.080844 1.500827117881134987e-01
73.089153 1.500674927158327510e-01
73.097463 1.500522754635023326e-01
73.105773 1.500370600311157487e-01
73.114083 1.500218464186683642e-01
73.122393 1.500066346261562933e-01
73.130703 1.499914246535724305e-01
73.139012 1.499762165009111969e-01
73.147322 1.499610101681681795e-01
73.155632 1.499458056553378549e-01
73.163942 1.499306029624106473e-01
73.172252 1.499154020893866401e-01
73.180562 1.499002030362505677e-01
73.188871 1.498850058030036791e-01
73.197181 1.498698103896328460e-01
73.205491 1.498546167961339881e-01
73.213801 1.498394250224980573e-01
73.222111 1.498242350687184476e-01
73.230421 1.498090469347861109e-01
73.238730 1.497938606206937751e-01
73.247040 1.497786761264295885e-01
73.255350 1.497634934519902761e-01
73.263660 1.497483125973627094e-01
73.271970 1.497331335625366189e-01
73.280280 1.497179563475057595e-01
73.288589 1.497027809522590569e-01
73.296899 1.496876073767884063e-01
73.305209 1.496724356210802354e-01
73.313519 1.496572656851280492e-01
73.321829 1.496420975689164434e-01
73.330139 1.496269312724382017e-01
73.338449 1.496117667956822495e-01
73.346758 1.495966041386346812e-01
73.355068 1.495814433012852274e-01
73.363378 1.495662842836239792e-01
73.371688 1.495511270856359487e-01
73.379998 1.495359717073107553e-01
73.388308 1.495208181486346877e-01
73.396617 1.495056664095965326e-01
73.404927 1.494905164901821071e-01
73.413237 1.494753683903781716e-01
73.421547 1.494602221101719586e-01
73.429857 1.494450776495500621e-01
73.438167 1.494299350084976885e-01
73.446476 1.494147941870015706e-01
73.454786 1.493996551850477750e-01
73.463096 1.493845180026223962e-01
73.471406 1.493693826397057833e-01
73.479716 1.493542490962889435e-01
73.488026 1.493391173723548071e-01
73.496335 1.493239874678883028e-01
73.504645 1.493088593828720001e-01
73.512955 1.492937331172893289e-01
73.521265 1.492786086711273830e-01
73.529575 1.492634860443689260e-01
73.537885 1.492483652369960834e-01
73.546194 1.492332462489939227e-01
73.554504 1.492181290803436811e-01
73.562814 1.492030137310301763e-01
73.571124 1.491879002010311206e-01
73.579434 1.491727884903338297e-01
73.587744 1.491576785989193188e-01
73.596053 1.491425705267668267e-01
73.604363 1.491274642738633083e-01
73.612673 1.491123598401851991e-01
73.620983 1.490972572257182605e-01
73.629293 1.490821564304386782e-01
73.637603 1.490670574543307425e-01
73.645912 1.490519602973725544e-01
73.654222 1.490368649595467665e-01
73.662532 1.490217714408307026e-01
73.670842 1.490066797412102351e-01
73.679152 1.489915898606548328e-01
73.687462 1.489765017991541984e-01
73.695772 1.489614155566794107e-01
73.704081 1.489463311332187290e-01
73.712391 1.489312485287407894e-01
73.720701 1.489161677432299657e-01
73.729011 1.489010887766646363e-01
73.737321 1.488860116290223745e-01
73.745631 1.488709363002779507e-01
73.753940 1.488558627904143228e-01
73.762250 1.488407910994065664e-01
73.770560 1.488257212272277863e-01
73.778870 1.488106531738653537e-01
73.787180 1.487955869392875441e-01
73.795490 1.487805225234726247e-01
73.803799 1.487654599263975308e-01
73.812109 1.487503991480386423e-01
73.820419 1.487353401883714510e-01
73.828729 1.487202830473756676e-01
73.837039 1.487052277250201504e-01
73.845349 1.486901742212838884e-01
73.853658 1.486751225361413742e-01
73.861968 1.486600726695692931e-01
73.870278 1.486450246215396120e-01
73.878588 1.486299783920282391e-01
73.886898 1.486149339810090564e-01
73.895208 1.485998913884580275e-01
73.903517 1.485848506143460923e-01
73.911827 1.485698116586474937e-01
73.920137 1.485547745213376125e-01
73.928447 1.485397392023888596e-01
73.936757 1.485247057017695382e-01
73.945067 1.485096740194613296e-01
73.953376 1.484946441554307328e-01
73.961686 1.484796161096505474e-01
73.969996 1.484645898820954046e-01
73.978306 1.484495654727338854e-01
73.986616 1.484345428815396772e-01
73.994926 1.484195221084866068e-01
74.003235 1.484045031535399517e-01
74.011545 1.483894860166755370e-01
74.019855 1.483744706978652461e-01
74.028165 1.483594571970777987e-01
74.036475 1.483444455142808316e-01
74.044785 1.483294356494488375e-01
74.053095 1.483144276025522013e-01
74.061404 1.482994213735539801e-01
74.069714 1.482844169624336628e-01
74.078024 1.482694143691511979e-01
74.086334 1.482544135936856577e-01
74.094644 1.482394146359971299e-01
74.102954 1.482244174960594962e-01
74.111263 1.482094221738395057e-01
74.119573 1.481944286693060442e-01
74.127883 1.481794369824289970e-01
74.136193 1.481644471131740859e-01
74.144503 1.481494590615079765e-01
74.152813 1.481344728274010258e-01
74.161122 1.481194884108191501e-01
74.169432 1.481045058117319568e-01
74.177742 1.480895250301012545e-01
74.186052 1.480745460658992041e-01
74.194362 1.480595689190893627e-01
74.202672 1.480445935896408105e-01
74.210981 1.480296200775157445e-01
74.219291 1.480146483826824122e-01
74.227601 1.479996785051063413e-01
74.235911 1.479847104447528650e-01
74.244221 1.479697442015880937e-01
74.252531 1.479547797755754179e-01
74.260840 1.479398171666812534e-01
74.269150 1.479248563748700174e-01
74.277460 1.479098974001067934e-01
74.285770 1.478949402423540838e-01
74.294080 1.478799849015798307e-01
74.302390 1.478650313777418179e-01
74.310699 1.478500796708097642e-01
74.319009 1.478351297807430631e-01
74.327319 1.478201817075099900e-01
74.335629 1.478052354510680511e-01
74.343939 1.477902910113832458e-01
74.352249 1.477753483884165775e-01
74.360558 1.477604075821305485e-01
74.368868 1.477454685924907141e-01
74.377178 1.477305314194564123e-01
74.385488 1.477155960629887577e-01
74.393798 1.477006625230550541e-01
74.402108 1.476857307996092272e-01
74.410418 1.476708008926149729e-01
74.418727 1.476558728020366529e-01
74.427037 1.476409465278314681e-01
74.435347 1.476260220699652514e-01
74.443657 1.476110994283911237e-01
74.451967 1.475961786030767497e-01
74.460277 1.475812595939744454e-01
74.468586 1.475663424010524305e-01
74.476896 1.475514270242646586e-01
74.485206 1.475365134635731323e-01
74.493516 1.475216017189383000e-01
74.501826 1.475066917903158636e-01
74.510136 1.474917836776695190e-01
74.518445 1.474768773809526923e-01
74.526755 1.474619729001261370e-01
74.535065 1.474470702351493578e-01
74.543375 1.474321693859783067e-01
74.551685 1.474172703525756245e-01
74.559995 1.474023731348934607e-01
74.568304 1.473874777328951502e-01
74.576614 1.473725841465310382e-01
74.584924 1.473576923757645707e-01
74.593234 1.473428024205510334e-01
74.601544 1.473279142808446296e-01
74.609854 1.473130279566045031e-01
74.618163 1.472981434477879381e-01
74.626473 1.472832607543494432e-01
74.634783 1.472683798762447760e-01
74.643093 1.472535008134301937e-01
74.651403 1.472386235658640352e-01
74.659713 1.472237481334964238e-01
74.668022 1.472088745162897505e-01
74.676332 1.471940027141920848e-01
74.684642 1.471791327271632366e-01
74.692952 1.471642645551541895e-01
74.701262 1.471493981981237265e-01
74.709572 1.471345336560234696e-01
74.717882 1.471196709288070947e-01
74.726191 1.471048100164299988e-01
74.734501 1.470899509188459686e-01
74.742811 1.470750936360086247e-01
74.751121 1.470602381678699222e-01
74.759431 1.470453845143825933e-01
74.767741 1.470305326755038111e-01
74.776050 1.470156826511814507e-01
74.784360 1.470008344413716861e-01
74.792670 1.469859880460246682e-01
74.800980 1.469711434650964044e-01
74.809290 1.469563006985334652e-01
74.817600 1.469414597462922467e-01
74.825909 1.469266206083233439e-01
74.834219 1.469117832845754645e-01
74.842529 1.468969477750050323e-01
74.850839 1.468821140795582292e-01
74.859149 1.468672821981897580e-01
74.867459 1.468524521308479380e-01
74.875768 1.468376238774846410e-01
74.884078 1.468227974380512946e-01
74.892388 1.468079728124937755e-01
74.900698 1.467931500007692291e-01
74.909008 1.467783290028213949e-01
74.917318 1.467635098186011178e-01
74.925627 1.467486924480573551e-01
74.933937 1.467338768911437552e-01
74.942247 1.467190631478045015e-01
74.950557 1.467042512179936586e-01
74.958867 1.466894411016540223e-01
74.967177 1.466746327987381027e-01
74.975486 1.466598263091938303e-01
74.983796 1.466450216329671652e-01
74.992106 1.466302187700096182e-01
75.000416 1.466154177202640685e-01
75.008726 1.466006184836850523e-01
75.017036 1.465858210602144218e-01
75.025345 1.465710254498026055e-01
75.033655 1.465562316523923991e-01
75.041965 1.465414396679369513e-01
75.050275 1.465266494963788357e-01
75.058585 1.465118611376628466e-01
75.066895 1.464970745917400230e-01
75.075205 1.464822898585563249e-01
75.083514 1.464675069380562411e-01
75.091824 1.464527258301853985e-01
75.100134 1.464379465348894238e-01
75.108444 1.464231690521130835e-01
75.116754 1.464083933818005889e-01
75.125064 1.463936195239037563e-01
75.133373 1.463788474783605520e-01
75.141683 1.463640772451162697e-01
75.149993 1.463493088241196172e-01
75.158303 1.463345422153115583e-01
75.166613 1.463197774186379696e-01
75.174923 1.463050144340407588e-01
75.183232 1.462902532614696050e-01
75.191542 1.462754939008625021e-01
75.199852 1.462607363521618853e-01
75.208162 1.462459806153145747e-01
75.216472 1.462312266902650870e-01
75.224782 1.462164745769530538e-01
75.233091 1.462017242753236856e-01
75.241401 1.461869757853154483e-01
75.249711 1.461722291068744961e-01
75.258021 1.461574842399429308e-01
75.266331 1.461427411844651580e-01
75.274641 1.461279999403774510e-01
75.282950 1.461132605076247148e-01
75.291260 1.460985228861498564e-01
75.299570 1.460837870758899260e-01
75.307880 1.460690530767906614e-01
75.316190 1.460543208887914168e-01
75.324500 1.460395905118328785e-01
75.332809 1.460248619458557884e-01
75.341119 1.460101351908005551e-01
75.349429 1.459954102466085868e-01
75.357739 1.459806871132181549e-01
75.366049 1.459659657905691965e-01
75.374359 1.459512462786062004e-01
75.382668 1.459365285772629417e-01
75.390978 1.459218126864836873e-01
75.399288 1.459070986062035169e-01
75.407598 1.458923863363660867e-01
75.415908 1.458776758769047832e-01
75.424218 1.458629672277625688e-01
75.432528 1.458482603888785201e-01
75.440837 1.458335553601882162e-01
75.449147 1.458188521416310945e-01
75.457457 1.458041507331460929e-01
75.465767 1.457894511346718991e-01
75.474077 1.457747533461427880e-01
75.482387 1.457600573674999733e-01
75.490696 1.457453631986766751e-01
75.499006 1.457306708396157446e-01
75.507316 1.457159802902508461e-01
75.515626 1.457012915505202788e-01
75.523936 1.456866046203605658e-01
75.532246 1.456719194997062872e-01
75.540555 1.456572361884966305e-01
75.548865 1.456425546866666476e-01
75.557175 1.456278749941527506e-01
75.565485 1.456131971108902690e-01
75.573795 1.455985210368153371e-01
75.582105 1.455838467718625073e-01
75.590414 1.455691743159684415e-01
75.598724 1.455545036690683580e-01
75.607034 1.455398348310979195e-01
75.615344 1.455251678019877093e-01
75.623654 1.455105025816812170e-01
75.631964 1.454958391701043074e-01
75.640273 1.454811775671961682e-01
75.648583 1.454665177728876047e-01
75.656893 1.454518597871180541e-01
75.665203 1.454372036098161014e-01
75.673513 1.454225492409167431e-01
75.681823 1.454078966803579731e-01
75.690132 1.453932459280644629e-01
75.698442 1.453785969839785086e-01
75.706752 1.453639498480275294e-01
75.715062 1.453493045201481593e-01
75.723372 1.453346610002694272e-01
75.731682 1.453200192883239983e-01
75.739991 1.453053793842500607e-01
75.748301 1.452907412879740068e-01
75.756611 1.452761049994283904e-01
75.764921 1.452614705185472088e-01
75.773231 1.452468378452612396e-01
75.781541 1.452322069795044523e-01
75.789851 1.452175779212038220e-01
75.798160 1.452029506702958717e-01
75.806470 1.451883252267030799e-01
75.814780 1.451737015903662997e-01
75.823090 1.451590797612100914e-01
75.831400 1.451444597391687297e-01
75.839710 1.451298415241714101e-01
75.848019 1.451152251161480222e-01
75.856329 1.451006105150276504e-01
75.864639 1.450859977207409890e-01
75.872949 1.450713867332201201e-01
75.881259 1.450567775523898817e-01
75.889569 1.450421701781857142e-01
75.897878 1.450275646105322891e-01
75.906188 1.450129608493604116e-01
75.914498 1.449983588945995272e-01
75.922808 1.449837587461767774e-01
75.931118 1.449691604040250770e-01
75.939428 1.449545638680672655e-01
75.947737 1.449399691382361188e-01
75.956047 1.449253762144553093e-01
75.964357 1.449107850966563915e-01
75.972667 1.448961957847694770e-01
75.980977 1.448816082787183490e-01
75.989287 1.448670225784302323e-01
75.997596 1.448524386838327960e-01
76.005906 1.448378565948582886e-01
76.014216 1.448232763114276622e-01
76.022526 1.448086978334704733e-01
76.030836 1.447941211609117262e-01
76.039146 1.447795462936836419e-01
76.047455 1.447649732317029814e-01
76.055765 1.447504019749042969e-01
76.064075 1.447358325232127874e-01
76.072385 1.447212648765483778e-01
76.080695 1.447066990348445936e-01
76.089005 1.446921349980228033e-01
76.097315 1.446775727660106203e-01
76.105624 1.446630123387293021e-01
76.113934 1.446484537161079609e-01
76.122244 1.446338968980711293e-01
76.130554 1.446193418845437284e-01
76.138864 1.446047886754489586e-01
76.147174 1.445902372707135453e-01
76.155483 1.445756876702591620e-01
76.163793 1.445611398740129228e-01
76.172103 1.445465938818984442e-01
76.180413 1.445320496938370392e-01
76.188723 1.445175073097546836e-01
76.197033 1.445029667295765763e-01
76.205342 1.444884279532220317e-01
76.213652 1.444738909806193849e-01
76.221962 1.444593558116876175e-01
76.230272 1.444448224463518449e-01
76.238582 1.444302908845337685e-01
76.246892 1.444157611261578933e-01
76.255201 1.444012331711458930e-01
76.263511 1.443867070194179147e-01
76.271821 1.443721826708987688e-01
76.280131 1.443576601255098235e-01
76.288441 1.443431393831762222e-01
76.296751 1.443286204438129217e-01
76.305060 1.443141033073499224e-01
76.313370 1.442995879737010156e-01
76.321680 1.442850744427912058e-01
76.329990 1.442705627145439706e-01
76.338300 1.442560527888733790e-01
76.346610 1.442415446657075717e-01
76.354919 1.442270383449640869e-01
76.363229 1.442125338265629608e-01
76.371539 1.441980311104271717e-01
76.379849 1.441835301964751737e-01
76.388159 1.441690310846270306e-01
76.396469 1.441545337748016409e-01
76.404778 1.441400382669209557e-01
76.413088 1.441255445609039287e-01
76.421398 1.441110526566712347e-01
76.429708 1.440965625541395234e-01
76.438018 1.440820742532288035e-01
76.446328 1.440675877538615257e-01
76.454638 1.440531030559549230e-01
76.462947 1.440386201594243964e-01
76.471257 1.440241390641922581e-01
76.479567 1.440096597701731596e-01
76.487877 1.439951822772933820e-01
76.496187 1.439807065854641077e-01
76.504497 1.439662326946045956e-01
76.512806 1.439517606046336884e-01
76.521116 1.439372903154678141e-01
76.529426 1.439228218270275639e-01
76.537736 1.439083551392258131e-01
76.546046 1.438938902519846796e-01
76.554356 1.438794271652192591e-01
76.562665 1.438649658788472285e-01
76.570975 1.438505063927828787e-01
76.579285 1.438360487069443583e-01
76.587595 1.438215928212496497e-01
76.595905 1.438071387356139319e-01
76.604215 1.437926864499546320e-01
76.612524 1.437782359641875674e-01
76.620834 1.437637872782272230e-01
76.629144 1.437493403919884727e-01
76.637454 1.437348953053908807e-01
76.645764 1.437204520183487377e-01
76.654074 1.437060105307765567e-01
76.662383 1.436915708425891836e-01
76.670693 1.436771329537024633e-01
76.679003 1.436626968640313806e-01
76.687313 1.436482625734910312e-01
76.695623 1.436338300819966496e-01
76.703933 1.436193993894613607e-01
76.712242 1.436049704957983453e-01
76.720552 1.435905434009280002e-01
76.728862 1.435761181047575663e-01
76.737172 1.435616946072034161e-01
76.745482 1.435472729081775090e-01
76.753792 1.435328530075993536e-01
76.762101 1.435184349053762465e-01
76.770411 1.435040186014266417e-01
76.778721 1.434896040956581131e-01
76.787031 1.434751913879900032e-01
76.795341 1.434607804783288587e-01
76.803651 1.434463713665921902e-01
76.811961 1.434319640526903195e-01
76.820270 1.434175585365395356e-01
76.828580 1.434031548180458859e-01
76.836890 1.433887528971270753e-01
76.845200 1.433743527736942858e-01
76.853510 1.433599544476570342e-01
76.861820 1.433455579189304718e-01
76.870129 1.433311631874231440e-01
76.878439 1.433167702530491749e-01
76.886749 1.433023791157165827e-01
76.895059 1.432879897753382703e-01
76.903369 1.432736022318303049e-01
76.911679 1.432592164850969851e-01
76.919988 1.432448325350509921e-01
76.928298 1.432304503816037022e-01
76.936608 1.432160700246669638e-01
76.944918 1.432016914641491279e-01
76.953228 1.431873146999591284e-01
76.961538 1.431729397320101738e-01
76.969847 1.431585665602121971e-01
76.978157 1.431441951844756033e-01
76.986467 1.431298256047062734e-01
76.994777 1.431154578208147510e-01
77.003087 1.431010918327154102e-01
77.011397 1.430867276403122723e-01
77.019706 1.430723652435194893e-01
77.028016 1.430580046422401108e-01
77.036326 1.430436458363855412e-01
77.044636 1.430292888258662687e-01
77.052946 1.430149336105896452e-01
77.061256 1.430005801904628837e-01
77.069565 1.429862285653973331e-01
77.077875 1.429718787352976528e-01
77.086185 1.429575307000758855e-01
77.094495 1.429431844596358026e-01
77.102805 1.429288400138889747e-01
77.111115 1.429144973627410609e-01
77.119424 1.429001565060999679e-01
77.127734 1.428858174438736028e-01
77.136044 1.428714801759676800e-01
77.144354 1.428571447022919938e-01
77.152664 1.428428110227499548e-01
77.160974 1.428284791372506912e-01
77.169284 1.428141490457014995e-01
77.177593 1.427998207480084270e-01
77.185903 1.427854942440777986e-01
77.194213 1.427711695338158282e-01
77.202523 1.427568466171272032e-01
77.210833 1.427425254939189425e-01
77.219143 1.427282061640998412e-01
77.227452 1.427138886275728102e-01
77.235762 1.426995728842429534e-01
77.244072 1.426852589340172339e-01
77.252382 1.426709467768010053e-01
77.260692 1.426566364125016473e-01
77.269002 1.426423278410171858e-01
77.277311 1.426280210622578593e-01
77.285621 1.426137160761293265e-01
77.293931 1.425994128825356089e-01
77.302241 1.425851114813810327e-01
77.310551 1.425708118725695639e-01
77.318861 1.425565140560025590e-01
77.327170 1.425422180315884801e-01
77.335480 1.425279237992300718e-01
77.343790 1.425136313588349080e-01
77.352100 1.424993407102989051e-01
77.360410 1.424850518535310251e-01
77.368720 1.424707647884334016e-01
77.377029 1.424564795149113605e-01
77.385339 1.424421960328657866e-01
77.393649 1.424279143422008120e-01
77.401959 1.424136344428201251e-01
77.410269 1.423993563346227231e-01
77.418579 1.423850800175179010e-01
77.426888 1.423708054914019083e-01
77.435198 1.423565327561822358e-01
77.443508 1.423422618117559380e-01
77.451818 1.423279926580305887e-01
77.460128 1.423137252949066567e-01
77.468438 1.422994597222831670e-01
77.476747 1.422851959400665001e-01
77.485057 1.422709339481564028e-01
77.493367 1.422566737464538711e-01
77.501677 1.422424153348595677e-01
77.509987 1.422281587132762926e-01
77.518297 1.422139038816046253e-01
77.526607 1.421996508397480319e-01
77.534916 1.421853995876014853e-01
77.543226 1.421711501250714216e-01
77.551536 1.421569024520582813e-01
77.559846 1.421426565684590360e-01
77.568156 1.421284124741777344e-01
77.576466 1.421141701691096271e-01
77.584775 1.420999296531622047e-01
77.593085 1.420856909262301904e-01
77.601395 1.420714539882142191e-01
77.609705 1.420572188390153145e-01
77.618015 1.420429854785314749e-01
77.626325 1.420287539066648619e-01
77.634634 1.420145241233115863e-01
77.642944 1.420002961283726994e-01
77.651254 1.419860699217481981e-01
77.659564 1.419718455033361915e-01
77.667874 1.419576228730337619e-01
77.676184 1.419434020307430988e-01
77.684493 1.419291829763617285e-01
77.692803 1.419149657097852069e-01
77.701113 1.419007502309158619e-01
77.709423 1.418865365396512479e-01
77.717733 1.418723246358882528e-01
77.726043 1.418581145195249582e-01
77.734352 1.418439061904595289e-01
77.742662 1.418296996485897132e-01
77.750972 1.418154948938129267e-01
77.759282 1.418012919260269455e-01
77.767592 1.417870907451300178e-01
77.775902 1.417728913510199196e-01
77.784211 1.417586937435916794e-01
77.792521 1.417444979227406587e-01
77.800831 1.417303038883683530e-01
77.809141 1.417161116403699850e-01
77.817451 1.417019211786388899e-01
77.825761 1.416877325030767854e-01
77.834071 1.416735456135767013e-01
77.842380 1.416593605100346653e-01
77.850690 1.416451771923488145e-01
77.859000 1.416309956604159814e-01
77.867310 1.416168159141284466e-01
77.875620 1.416026379533828483e-01
77.883930 1.415884617780772403e-01
77.892239 1.415742873881081498e-01
77.900549 1.415601147833659701e-01
77.908859 1.415459439637489769e-01
77.917169 1.415317749291538085e-01
77.925479 1.415176076794711635e-01
77.933789 1.415034422146004556e-01
77.942098 1.414892785344323278e-01
77.950408 1.414751166388643344e-01
77.958718 1.414609565277933079e-01
77.967028 1.414467982011085867e-01
77.975338 1.414326416587084190e-01
77.983648 1.414184869004826428e-01
77.991957 1.414043339263315047e-01
78.000267 1.413901827361419006e-01
78.008577 1.413760333298131888e-01
78.016887 1.413618857072349022e-01
78.025197 1.413477398683063158e-01
78.033507 1.413335958129141590e-01
78.041816 1.413194535409581509e-01
78.050126 1.413053130523264922e-01
78.058436 1.412911743469129899e-01
78.066746 1.412770374246164196e-01
78.075056 1.412629022853212901e-01
78.083366 1.412487689289265991e-01
78.091675 1.412346373553206025e-01
78.099985 1.412205075643971075e-01
78.108295 1.412063795560519752e-01
78.116605 1.411922533301726845e-01
78.124915 1.411781288866537643e-01
78.133225 1.411640062253884109e-01
78.141534 1.411498853462644365e-01
78.149844 1.411357662491781184e-01
78.158154 1.411216489340178237e-01
78.166464 1.411075334006789417e-01
78.174774 1.410934196490496173e-01
78.183084 1.410793076790236855e-01
78.191394 1.410651974904868211e-01
78.199703 1.410510890833349962e-01
78.208013 1.410369824574613795e-01
78.216323 1.410228776127544215e-01
78.224633 1.410087745491006017e-01
78.232943 1.409946732663950597e-01
78.241253 1.409805737645279389e-01
78.249562 1.409664760433907427e-01
78.257872 1.409523801028709500e-01
78.266182 1.409382859428606749e-01
78.274492 1.409241935632472853e-01
78.282802 1.409101029639243385e-01
78.291112 1.408960141447792858e-01
78.299421 1.408819271057034916e-01
78.307731 1.408678418465829918e-01
78.316041 1.408537583673138693e-01
78.324351 1.408396766677793566e-01
78.332661 1.408255967478705961e-01
78.340971 1.408115186074772596e-01
78.349280 1.407974422464881026e-01
78.357590 1.407833676647909649e-01
78.365900 1.407692948622772944e-01
78.374210 1.407552238388321553e-01
78.382520 1.407411545943461906e-01
78.390830 1.407270871287106817e-01
78.399139 1.407130214418081393e-01
78.407449 1.406989575335309828e-01
78.415759 1.406848954037643040e-01
78.424069 1.406708350523991902e-01
78.432379 1.406567764793213993e-01
78.440689 1.406427196844210747e-01
78.448998 1.406286646675796448e-01
78.457308 1.406146114286927762e-01
78.465618 1.406005599676414253e-01
78.473928 1.405865102843184278e-01
78.482238 1.405724623786065997e-01
78.490548 1.405584162503951962e-01
78.498857 1.405443718995690872e-01
78.507167 1.405303293260198871e-01
78.515477 1.405162885296283304e-01
78.523787 1.405022495102826730e-01
78.532097 1.404882122678742518e-01
78.540407 1.404741768022844950e-01
78.548717 1.404601431133987444e-01
78.557026 1.404461112011067270e-01
78.565336 1.404320810652945895e-01
78.573646 1.404180527058456474e-01
78.581956 1.404040261226468800e-01
78.590266 1.403900013155844340e-01
78.598576 1.403759782845431792e-01
78.606885 1.403619570294090124e-01
78.615195 1.403479375500671644e-01
78.623505 1.403339198464022552e-01
78.631815 1.403199039183018471e-01
78.640125 1.403058897656494219e-01
78.648435 1.402918773883293224e-01
78.656744 1.402778667862284445e-01
78.665054 1.402638579592286605e-01
78.673364 1.402498509072158117e-01
78.681674 1.402358456300748235e-01
78.689984 1.402218421276926752e-01
78.698294 1.402078403999459377e-01
78.706603 1.401938404467269750e-01
78.714913 1.401798422679165768e-01
78.723223 1.401658458633996129e-01
78.731533 1.401518512330562627e-01
78.739843 1.401378583767751984e-01
78.748153 1.401238672944383756e-01
78.756462 1.401098779859290822e-01
78.764772 1.400958904511316327e-01
78.773082 1.400819046899262621e-01
78.781392 1.400679207021981176e-01
78.789702 1.400539384878314308e-01
78.798012 1.400399580467087124e-01
78.806321 1.400259793787106133e-01
78.814631 1.400120024837224475e-01
78.822941 1.399980273616264204e-01
78.831251 1.399840540123068189e-01
78.839561 1.399700824356399642e-01
78.847871 1.399561126315137238e-01
78.856180 1.399421445998108027e-01
78.864490 1.399281783404077995e-01
78.872800 1.399142138531944413e-01
78.881110 1.399002511380475489e-01
78.889420 1.398862901948469961e-01
78.897730 1.398723310234800121e-01
78.906040 1.398583736238253883e-01
78.914349 1.398444179957633038e-01
78.922659 1.398304641391805436e-01
78.930969 1.398165120539510697e-01
78.939279 1.398025617399596965e-01
78.947589 1.397886131970878520e-01
78.955899 1.397746664252178528e-01
78.964208 1.397607214242237716e-01
78.972518 1.397467781939960574e-01
78.980828 1.397328367344091160e-01
78.989138 1.397188970453433488e-01
78.997448 1.397049591266824875e-01
79.005758 1.396910229783044077e-01
79.014067 1.396770886000897882e-01
79.022377 1.396631559919173093e-01
79.030687 1.396492251536719242e-01
79.038997 1.396352960852285108e-01
79.047307 1.396213687864706621e-01
79.055617 1.396074432572739499e-01
79.063926 1.395935194975213567e-01
79.072236 1.395795975070900086e-01
79.080546 1.395656772858612227e-01
79.088856 1.395517588337134574e-01
79.097166 1.395378421505246158e-01
79.105476 1.395239272361752381e-01
79.113785 1.395100140905435326e-01
79.122095 1.394961027135120935e-01
79.130405 1.394821931049541330e-01
79.138715 1.394682852647509130e-01
79.147025 1.394543791927820575e-01
79.155335 1.394404748889238321e-01
79.163644 1.394265723530549450e-01
79.171954 1.394126715850544651e-01
79.180264 1.393987725847989634e-01
79.188574 1.393848753521710060e-01
79.196884 1.393709798870433614e-01
79.205194 1.393570861892960699e-01
79.213504 1.393431942588072847e-01
79.221813 1.393293040954539930e-01
79.230123 1.393154156991120440e-01
79.238433 1.393015290696636987e-01
79.246743 1.392876442069790333e-01
79.255053 1.392737611109446660e-01
79.263363 1.392598797814278144e-01
79.271672 1.392460002183115164e-01
79.279982 1.392321224214708719e-01
79.288292 1.392182463907866152e-01
79.296602 1.392043721261275180e-01
79.304912 1.391904996273763406e-01
79.313222 1.391766288944074337e-01
79.321531 1.391627599270991167e-01
79.329841 1.391488927253246299e-01
79.338151 1.391350272889666506e-01
79.346461 1.391211636178915634e-01
79.354771 1.391073017119811295e-01
79.363081 1.390934415711130578e-01
79.371390 1.390795831951583961e-01
79.379700 1.390657265839977952e-01
79.388010 1.390518717375018309e-01
79.396320 1.390380186555497388e-01
79.404630 1.390241673380132881e-01
79.412940 1.390103177847723248e-01
79.421249 1.389964699957001448e-01
79.429559 1.389826239706697109e-01
79.437869 1.389687797095592869e-01
79.446179 1.389549372122420856e-01
79.454489 1.389410964785924019e-01
79.462799 1.389272575084870009e-01
79.471108 1.389134203018003999e-01
79.479418 1.388995848584044235e-01
79.487728 1.388857511781768084e-01
79.496038 1.388719192609893793e-01
79.504348 1.388580891067154321e-01
79.512658 1.388442607152360897e-01
79.520967 1.388304340864159325e-01
79.529277 1.388166092201340851e-01
79.537587 1.388027861162643983e-01
79.545897 1.387889647746794186e-01
79.554207 1.387751451952530246e-01
79.562517 1.387613273778592893e-01
79.570827 1.387475113223714807e-01
79.579136 1.387336970286612292e-01
79.587446 1.387198844966061051e-01
79.595756 1.387060737260734367e-01
79.604066 1.386922647169409606e-01
79.612376 1.386784574690803351e-01
79.620686 1.386646519823631074e-01
79.628995 1.386508482566648770e-01
79.637305 1.386370462918566360e-01
79.645615 1.386232460878093486e-01
79.653925 1.386094476443976709e-01
79.662235 1.385956509614930110e-01
79.670545 1.385818560389687204e-01
79.678854 1.385680628766959022e-01
79.687164 1.385542714745482684e-01
79.695474 1.385404818323947851e-01
79.703784 1.385266939501108296e-01
79.712094 1.385129078275659231e-01
79.720404 1.384991234646322511e-01
79.728713 1.384853408611830539e-01
79.737023 1.384715600170875749e-01
79.745333 1.384577809322186381e-01
79.753643 1.384440036064460977e-01
79.761953 1.384302280396418616e-01
79.770263 1.384164542316803359e-01
79.778572 1.384026821824305697e-01
79.786882 1.383889118917585315e-01
79.795192 1.383751433595424296e-01
79.803502 1.383613765856484268e-01
79.811812 1.383476115699486531e-01
79.820122 1.383338483123143225e-01
79.828431 1.383200868126149008e-01
79.836741 1.383063270707219905e-01
79.845051 1.382925690865035306e-01
79.853361 1.382788128598340105e-01
79.861671 1.382650583905798980e-01
79.869981 1.382513056786120464e-01
79.878290 1.382375547238019475e-01
79.886600 1.382238055260180676e-01
79.894910 1.382100580851279570e-01
79.903220 1.381963124010042177e-01
79.911530 1.381825684735169257e-01
79.919840 1.381688263025325492e-01
79.928150 1.381550858879239674e-01
79.936459 1.381413472295581202e-01
79.944769 1.381276103273057221e-01
79.953079 1.381138751810351839e-01
79.961389 1.381001417906156381e-01
79.969699 1.380864101559137191e-01
79.978009 1.380726802768028338e-01
79.986318 1.380589521531465635e-01
79.994628 1.380452257848169551e-01
80.002938 1.380315011716841123e-01
80.011248 1.380177783136101732e-01
80.019558 1.380040572104699603e-01
80.027868 1.379903378621298859e-01
80.036177 1.379766202684581111e-01
80.044487 1.379629044293202433e-01
80.052797 1.379491903445870249e-01
80.061107 1.379354780141257841e-01
80.069417 1.379217674378048208e-01
80.077727 1.379080586154907140e-01
80.086036 1.378943515470511250e-01
80.094346 1.378806462323555748e-01
80.102656 1.378669426712674506e-01
80.110966 1.378532408636598816e-01
80.119276 1.378395408093961438e-01
80.127586 1.378258425083431493e-01
80.135895 1.378121459603686982e-01
80.144205 1.377984511653408684e-01
80.152515 1.377847581231286811e-01
80.160825 1.377710668335938304e-01
80.169135 1.377573772966046717e-01
80.177445 1.377436895120312532e-01
80.185754 1.377300034797364903e-01
80.194064 1.377163191995880720e-01
80.202374 1.377026366714522165e-01
80.210684 1.376889558951958636e-01
80.218994 1.376752768706834273e-01
80.227304 1.376615995977832629e-01
80.235613 1.376479240763594514e-01
80.243923 1.376342503062817080e-01
80.252233 1.376205782874103667e-01
80.260543 1.376069080196147543e-01
80.268853 1.375932395027602284e-01
80.277163 1.375795727367115917e-01
80.285473 1.375659077213346182e-01
80.293782 1.375522444564964142e-01
80.302092 1.375385829420590622e-01
80.310402 1.375249231778904180e-01
80.318712 1.375112651638529526e-01
80.327022 1.374976088998148827e-01
80.335332 1.374839543856402058e-01
80.343641 1.374703016211908102e-01
80.351951 1.374566506063375215e-01
80.360261 1.374430013409390638e-01
80.368571 1.374293538248640700e-01
80.376881 1.374157080579766210e-01
80.385191 1.374020640401379945e-01
80.393500 1.373884217712137701e-01
80.401810 1.373747812510724697e-01
80.410120 1.373611424795740110e-01
80.418430 1.373475054565836961e-01
80.426740 1.373338701819630803e-01
80.435050 1.373202366555832943e-01
80.443359 1.373066048772994541e-01
80.451669 1.372929748469795264e-01
80.459979 1.372793465644875088e-01
80.468289 1.372657200296893698e-01
80.476599 1.372520952424415297e-01
80.484909 1.372384722026123438e-01
80.493218 1.372248509100643665e-01
80.501528 1.372112313646619841e-01
80.509838 1.371976135662671126e-01
80.518148 1.371839975147418900e-01
80.526458 1.371703832099508691e-01
80.534768 1.371567706517557717e-01
80.543077 1.371431598400232321e-01
80.551387 1.371295507746102538e-01
80.559697 1.371159434553822498e-01
80.568007 1.371023378822027738e-01
80.576317 1.370887340549329092e-01
80.584627 1.370751319734330453e-01
80.592936 1.370615316375706216e-01
80.601246 1.370479330472044732e-01
80.609556 1.370343362021978206e-01
80.617866 1.370207411024113031e-01
80.626176 1.370071477477106114e-01
80.634486 1.369935561379514444e-01
80.642796 1.369799662730005196e-01
80.651105 1.369663781527204471e-01
80.659415 1.369527917769689518e-01
80.667725 1.369392071456073390e-01
80.676035 1.369256242585012995e-01
80.684345 1.369120431155093909e-01
80.692655 1.368984637164939733e-01
80.700964 1.368848860613159635e-01
80.709274 1.368713101498362783e-01
80.717584 1.368577359819155015e-01
80.725894 1.368441635574152992e-01
80.734204 1.368305928761960055e-01
80.742514 1.368170239381219511e-01
80.750823 1.368034567430483628e-01
80.759133 1.367898912908402376e-01
80.767443 1.367763275813549118e-01
80.775753 1.367627656144543014e-01
80.784063 1.367492053900004889e-01
80.792373 1.367356469078503667e-01
80.800682 1.367220901678655454e-01
80.808992 1.367085351699085238e-01
80.817302 1.366949819138362776e-01
80.825612 1.366814303995108060e-01
80.833922 1.366678806267931645e-01
80.842232 1.366543325955379695e-01
80.850541 1.366407863056090521e-01
80.858851 1.366272417568656083e-01
80.867161 1.366136989491668896e-01
80.875471 1.366001578823747842e-01
80.883781 1.365866185563465174e-01
80.892091 1.365730809709380100e-01
80.900400 1.365595451260138149e-01
80.908710 1.365460110214311296e-01
80.917020 1.365324786570496218e-01
80.925330 1.365189480327269334e-01
80.933640 1.365054191483235646e-01
80.941950 1.364918920036976291e-01
80.950260 1.364783665987090444e-01
80.958569 1.364648429332153967e-01
80.966879 1.364513210070745219e-01
80.975189 1.364378008201475034e-01
80.983499 1.364242823722902620e-01
80.991809 1.364107656633615218e-01
81.000119 1.363972506932221718e-01
81.008428 1.363837374617287712e-01
81.016738 1.363702259687369078e-01
81.025048 1.363567162141087474e-01
81.033358 1.363432081977006549e-01
81.041668 1.363297019193691062e-01
81.049978 1.363161973789758785e-01
81.058287 1.363026945763754771e-01
81.066597 1.362891935114229069e-01
81.074907 1.362756941839830815e-01
81.083217 1.362621965939076474e-01
81.091527 1.362487007410580209e-01
81.099837 1.362352066252870975e-01
81.108146 1.362217142464560438e-01
81.116456 1.362082236044218908e-01
81.124766 1.361947346990393659e-01
81.133076 1.361812475301666381e-01
81.141386 1.361677620976580738e-01
81.149696 1.361542784013771157e-01
81.158005 1.361407964411763261e-01
81.166315 1.361273162169112927e-01
81.174625 1.361138377284424605e-01
81.182935 1.361003609756226140e-01
81.191245 1.360868859583106438e-01
81.199555 1.360734126763614715e-01
81.207864 1.360599411296314898e-01
81.216174 1.360464713179792007e-01
81.224484 1.360330032412600532e-01
81.232794 1.360195368993255549e-01
81.241104 1.360060722920388154e-01
81.249414 1.359926094192539514e-01
81.257723 1.359791482808243857e-01
81.266033 1.359656888766058724e-01
81.274343 1.359522312064569971e-01
81.282653 1.359387752702307106e-01
81.290963 1.359253210677827672e-01
81.299273 1.359118685989721687e-01
81.307583 1.358984178636487850e-01
81.315892 1.358849688616749762e-01
81.324202 1.358715215929007514e-01
81.332512 1.358580760571801715e-01
81.340822 1.358446322543724327e-01
81.349132 1.358311901843313185e-01
81.357442 1.358177498469098632e-01
81.365751 1.358043112419663745e-01
81.374061 1.357908743693531373e-01
81.382371 1.357774392289284870e-01
81.390681 1.357640058205409062e-01
81.398991 1.357505741440492297e-01
81.407301 1.357371441993068806e-01
81.415610 1.357237159861695297e-01
81.423920 1.357102895044906832e-01
81.432230 1.356968647541243744e-01
81.440540 1.356834417349250255e-01
81.448850 1.356700204467471693e-01
81.457160 1.356566008894447561e-01
81.465469 1.356431830628724855e-01
81.473779 1.356297669668807271e-01
81.482089 1.356163526013261234e-01
81.490399 1.356029399660643175e-01
81.498709 1.355895290609461235e-01
81.507019 1.355761198858283223e-01
81.515328 1.355627124405608674e-01
81.523638 1.355493067249970429e-01
81.531948 1.355359027389944626e-01
81.540258 1.355225004824027468e-01
81.548568 1.355090999550782049e-01
81.556878 1.354957011568675429e-01
81.565187 1.354823040876344253e-01
81.573497 1.354689087472215614e-01
81.581807 1.354555151354887299e-01
81.590117 1.354421232522862173e-01
81.598427 1.354287330974662251e-01
81.606737 1.354153446708815933e-01
81.615046 1.354019579723883260e-01
81.623356 1.353885730018362932e-01
81.631666 1.353751897590751707e-01
81.639976 1.353618082439636272e-01
81.648286 1.353484284563502837e-01
81.656596 1.353350503960883411e-01
81.664906 1.353216740630304171e-01
81.673215 1.353082994570286857e-01
81.681525 1.352949265779323229e-01
81.689835 1.352815554255954733e-01
81.698145 1.352681859998730585e-01
81.706455 1.352548183006134774e-01
81.714765 1.352414523276673497e-01
81.723074 1.352280880808922892e-01
81.731384 1.352147255601335030e-01
81.739694 1.352013647652454409e-01
81.748004 1.351880056960789722e-01
81.756314 1.351746483524882414e-01
81.764624 1.351612927343201209e-01
81.772933 1.351479388414288663e-01
81.781243 1.351345866736644863e-01
81.789553 1.351212362308809034e-01
81.797863 1.351078875129265999e-01
81.806173 1.350945405196514182e-01
81.814483 1.350811952509072544e-01
81.822792 1.350678517065487805e-01
81.831102 1.350545098864238680e-01
81.839412 1.350411697903804442e-01
81.847722 1.350278314182720152e-01
81.856032 1.350144947699515319e-01
81.864342 1.350011598452652561e-01
81.872651 1.349878266440670549e-01
81.880961 1.349744951662056325e-01
81.889271 1.349611654115295267e-01
81.897581 1.349478373798926600e-01
81.905891 1.349345110711442641e-01
81.914201 1.349211864851319886e-01
81.922510 1.349078636217090621e-01
81.930820 1.348945424807223570e-01
81.939130 1.348812230620257957e-01
81.947440 1.348679053654647242e-01
81.955750 1.348545893908938420e-01
81.964060 1.348412751381567187e-01
81.972369 1.348279626071075266e-01
81.980679 1.348146517975950254e-01
81.988989 1.348013427094697791e-01
81.997299 1.347880353425766897e-01
82.005609 1.347747296967718167e-01
82.013919 1.347614257718977582e-01
82.022229 1.347481235678097411e-01
82.030538 1.347348230843516403e-01
82.038848 1.347215243213758795e-01
82.047158 1.347082272787299417e-01
82.055468 1.346949319562653347e-01
82.063778 1.346816383538280981e-01
82.072088 1.346683464712664369e-01
82.080397 1.346550563084331076e-01
82.088707 1.346417678651724847e-01
82.097017 1.346284811413369364e-01
82.105327 1.346151961367687833e-01
82.113637 1.346019128513243623e-01
82.121947 1.345886312848465216e-01
82.130256 1.345753514371877124e-01
82.138566 1.345620733081906162e-01
82.146876 1.345487968977131243e-01
82.155186 1.345355222055913125e-01
82.163496 1.345222492316812124e-01
82.171806 1.345089779758284199e-01
82.180115 1.344957084378807510e-01
82.188425 1.344824406176884091e-01
82.196735 1.344691745150935480e-01
82.205045 1.344559101299511172e-01
82.213355 1.344426474621034096e-01
82.221665 1.344293865114009334e-01
82.229974 1.344161272776892568e-01
82.238284 1.344028697608150580e-01
82.246594 1.343896139606310658e-01
82.254904 1.343763598769797118e-01
82.263214 1.343631075097092842e-01
82.271524 1.343498568586679320e-01
82.279833 1.343366079236998634e-01
82.288143 1.343233607046568079e-01
82.296453 1.343101152013812805e-01
82.304763 1.342968714137254549e-01
82.313073 1.342836293415300419e-01
82.321383 1.342703889846470489e-01
82.329693 1.342571503429193236e-01
82.338002 1.342439134161966530e-01
82.346312 1.342306782043203306e-01
82.354622 1.342174447071453336e-01
82.362932 1.342042129245122339e-01
82.371242 1.341909828562675433e-01
82.379552 1.341777545022617979e-01
82.387861 1.341645278623350146e-01
82.396171 1.341513029363391452e-01
82.404481 1.341380797241177314e-01
82.412791 1.341248582255171184e-01
82.421101 1.341116384403810147e-01
82.429411 1.340984203685604836e-01
82.437720 1.340852040098974296e-01
82.446030 1.340719893642401406e-01
82.454340 1.340587764314304930e-01
82.462650 1.340455652113186069e-01
82.470960 1.340323557037485791e-01
82.479270 1.340191479085656723e-01
82.487579 1.340059418256150103e-01
82.495889 1.339927374547419392e-01
82.504199 1.339795347957933036e-01
82.512509 1.339663338486132560e-01
82.520819 1.339531346130460321e-01
82.529129 1.339399370889401697e-01
82.537438 1.339267412761386555e-01
82.545748 1.339135471744839212e-01
82.554058 1.339003547838267250e-01
82.562368 1.338871641040079441e-01
82.570678 1.338739751348720919e-01
82.578988 1.338607878762668735e-01
82.587297 1.338476023280355809e-01
82.595607 1.338344184900217837e-01
82.603917 1.338212363620725764e-01
82.612227 1.338080559440310013e-01
82.620537 1.337948772357411553e-01
82.628847 1.337817002370457198e-01
82.637156 1.337685249477942040e-01
82.645466 1.337553513678273465e-01
82.653776 1.337421794969901878e-01
82.662086 1.337290093351253539e-01
82.670396 1.337158408820791344e-01
82.678706 1.337026741376950434e-01
82.687016 1.336895091018157344e-01
82.695325 1.336763457742894956e-01
82.703635 1.336631841549521249e-01
82.711945 1.336500242436557129e-01
82.720255 1.336368660402411646e-01
82.728565 1.336237095445481637e-01
82.736875 1.336105547564249985e-01
82.745184 1.335974016757156269e-01
82.753494 1.335842503022615091e-01
82.761804 1.335711006359061592e-01
82.770114 1.335579526764925640e-01
82.778424 1.335448064238652088e-01
82.786734 1.335316618778664977e-01
82.795043 1.335185190383412213e-01
82.803353 1.335053779051291745e-01
82.811663 1.334922384780758975e-01
82.819973 1.334791007570249877e-01
82.828283 1.334659647418184047e-01
82.836593 1.334528304323001069e-01
82.844902 1.334396978283089452e-01
82.853212 1.334265669296926526e-01
82.861522 1.334134377362914681e-01
82.869832 1.334003102479492942e-01
82.878142 1.333871844645058147e-01
82.886452 1.333740603858071527e-01
82.894761 1.333609380116940746e-01
82.903071 1.333478173420084845e-01
82.911381 1.333346983765941185e-01
82.919691 1.333215811152931307e-01
82.928001 1.333084655579474531e-01
82.936311 1.332953517043950764e-01
82.944620 1.332822395544847327e-01
82.952930 1.332691291080565221e-01
82.961240 1.332560203649505726e-01
82.969550 1.332429133250115916e-01
82.977860 1.332298079880773201e-01
82.986170 1.332167043539916884e-01
82.994479 1.332036024225988768e-01
83.002789 1.331905021937376532e-01
83.011099 1.331774036672483119e-01
83.019409 1.331643068429766985e-01
83.027719 1.331512117207623580e-01
83.036029 1.331381183004455848e-01
83.044339 1.331250265818674783e-01
83.052648 1.331119365648724684e-01
83.060958 1.330988482492988789e-01
83.069268 1.330857616349883088e-01
83.077578 1.330726767217829953e-01
83.085888 1.330595935095237048e-01
83.094198 1.330465119980521749e-01
83.102507 1.330334321872086167e-01
83.110817 1.330203540768337411e-01
83.119127 1.330072776667673151e-01
83.127437 1.329942029568521311e-01
83.135747 1.329811299469279839e-01
83.144057 1.329680586368359729e-01
83.152366 1.329549890264160039e-01
83.160676 1.329419211155100922e-01
83.168986 1.329288549039578937e-01
83.177296 1.329157903915992034e-01
83.185606 1.329027275782742878e-01
83.193916 1.328896664638260783e-01
83.202225 1.328766070480924821e-01
83.210535 1.328635493309140436e-01
83.218845 1.328504933121287535e-01
83.227155 1.328374389915824294e-01
83.235465 1.328243863691098703e-01
83.243775 1.328113354445535077e-01
83.252084 1.327982862177528589e-01
83.260394 1.327852386885465807e-01
83.268704 1.327721928567751619e-01
83.277014 1.327591487222830047e-01
83.285324 1.327461062849014384e-01
83.293634 1.327330655444744489e-01
83.301943 1.327200265008444957e-01
83.310253 1.327069891538459612e-01
83.318563 1.326939535033200834e-01
83.326873 1.326809195491089888e-01
83.335183 1.326678872910483364e-01
83.343493 1.326548567289769498e-01
83.351802 1.326418278627374270e-01
83.360112 1.326288006921670648e-01
83.368422 1.326157752171064352e-01
83.376732 1.326027514373946115e-01
83.385042 1.325897293528673915e-01
83.393352 1.325767089633682339e-01
83.401662 1.325636902687307994e-01
83.409971 1.325506732687997680e-01
83.418281 1.325376579634096053e-01
83.426591 1.325246443524003559e-01
83.434901 1.325116324356123143e-01
83.443211 1.324986222128825553e-01
83.451521 1.324856136840505405e-01
83.459830 1.324726068489520681e-01
83.468140 1.324596017074282928e-01
83.476450 1.324465982593181490e-01
83.484760 1.324335965044587671e-01
83.493070 1.324205964426894699e-01
83.501380 1.324075980738457781e-01
83.509689 1.323946013977668201e-01
83.517999 1.323816064142943338e-01
83.526309 1.323686131232621188e-01
83.534619 1.323556215245098033e-01
83.542929 1.323426316178782092e-01
83.551239 1.323296434031987212e-01
83.559548 1.323166568803142429e-01
83.567858 1.323036720490612383e-01
83.576168 1.322906889092784755e-01
83.584478 1.322777074608020853e-01
83.592788 1.322647277034696700e-01
83.601098 1.322517496371191092e-01
83.609407 1.322387732615905864e-01
83.617717 1.322257985767171518e-01
83.626027 1.322128255823397380e-01
83.634337 1.321998542782953923e-01
83.642647 1.321868846644190798e-01
83.650957 1.321739167405494297e-01
83.659266 1.321609505065214629e-01
83.667576 1.321479859621796371e-01
83.675886 1.321350231073519232e-01
83.684196 1.321220619418801145e-01
83.692506 1.321091024656035340e-01
83.700816 1.320961446783529836e-01
83.709125 1.320831885799699235e-01
83.717435 1.320702341702887084e-01
83.725745 1.320572814491478841e-01
83.734055 1.320443304163841647e-01
83.742365 1.320313810718335423e-01
83.750675 1.320184334153333694e-01
83.758985 1.320054874467161965e-01
83.767294 1.319925431658242332e-01
83.775604 1.319796005724934718e-01
83.783914 1.319666596665565184e-01
83.792224 1.319537204478517245e-01
83.800534 1.319407829162169143e-01
83.808844 1.319278470714853602e-01
83.817153 1.319149129134966070e-01
83.825463 1.319019804420841213e-01
83.833773 1.318890496570841175e-01
83.842083 1.318761205583343088e-01
83.850393 1.318631931456693274e-01
83.858703 1.318502674189249990e-01
83.867012 1.318373433779380099e-01
83.875322 1.318244210225470447e-01
83.883632 1.318115003525813511e-01
83.891942 1.317985813678819451e-01
83.900252 1.317856640682835423e-01
83.908562 1.317727484536195537e-01
83.916871 1.317598345237259716e-01
83.925181 1.317469222784431460e-01
83.933491 1.317340117176004355e-01
83.941801 1.317211028410348872e-01
83.950111 1.317081956485849359e-01
83.958421 1.316952901400814946e-01
83.966730 1.316823863153647745e-01
83.975040 1.316694841742649391e-01
83.983350 1.316565837166213948e-01
83.991660 1.316436849422641664e-01
83.999970 1.316307878510304674e-01
84.008280 1.316178924427618968e-01
84.016589 1.316049987172845104e-01
84.024899 1.315921066744372703e-01
84.033209 1.315792163140530879e-01
84.041519 1.315663276359705924e-01
84.049829 1.315534406400206691e-01
84.058139 1.315405553260382276e-01
84.066449 1.315276716938626467e-01
84.074758 1.315147897433237012e-01
84.083068 1.315019094742557459e-01
84.091378 1.314890308864956892e-01
84.099688 1.314761539798779411e-01
84.107998 1.314632787542349412e-01
84.116308 1.314504052094022102e-01
84.124617 1.314375333452142136e-01
84.132927 1.314246631615071104e-01
84.141237 1.314117946581088436e-01
84.149547 1.313989278348639267e-01
84.157857 1.313860626915961116e-01
84.166167 1.313731992281445826e-01
84.174476 1.313603374443435001e-01
84.182786 1.313474773400265805e-01
84.191096 1.313346189150245980e-01
84.199406 1.313217621691758485e-01
84.207716 1.313089071023101351e-01
84.216026 1.312960537142645046e-01
84.224335 1.312832020048708137e-01
84.232645 1.312703519739645552e-01
84.240955 1.312575036213785851e-01
84.249265 1.312446569469463142e-01
84.257575 1.312318119504979896e-01
84.265885 1.312189686318741555e-01
84.274194 1.312061269909012839e-01
84.282504 1.311932870274163387e-01
84.290814 1.311804487412538411e-01
84.299124 1.311676121322422894e-01
84.307434 1.311547772002214507e-01
84.315744 1.311419439450185465e-01
84.324053 1.311291123664697078e-01
84.332363 1.311162824644071245e-01
84.340673 1.311034542386647350e-01
84.348983 1.310906276890744515e-01
84.357293 1.310778028154705177e-01
84.365603 1.310649796176846238e-01
84.373912 1.310521580955495147e-01
84.382222 1.310393382488998226e-01
84.390532 1.310265200775659611e-01
84.398842 1.310137035813817574e-01
84.407152 1.310008887601780969e-01
84.415462 1.309880756137933311e-01
84.423772 1.309752641420532937e-01
84.432081 1.309624543447936718e-01
84.440391 1.309496462218478208e-01
84.448701 1.309368397730436007e-01
84.457011 1.309240349982182527e-01
84.465321 1.309112318972033839e-01
84.473631 1.308984304698282419e-01
84.481940 1.308856307159301513e-01
84.490250 1.308728326353370275e-01
84.498560 1.308600362278814766e-01
84.506870 1.308472414933965766e-01
84.515180 1.308344484317137124e-01
84.523490 1.308216570426652681e-01
84.531799 1.308088673260847101e-01
84.540109 1.307960792818018692e-01
84.548419 1.307832929096478247e-01
84.556729 1.307705082094577642e-01
84.565039 1.307577251810592422e-01
84.573349 1.307449438242881401e-01
84.581658 1.307321641389735389e-01
84.589968 1.307193861249488775e-01
84.598278 1.307066097820424322e-01
84.606588 1.306938351100904172e-01
84.614898 1.306810621089192492e-01
84.623208 1.306682907783636438e-01
84.631517 1.306555211182537091e-01
84.639827 1.306427531284233556e-01
84.648137 1.306299868087002769e-01
84.656447 1.306172221589167737e-01
84.664757 1.306044591789049525e-01
84.673067 1.305916978684970586e-01
84.681376 1.305789382275216737e-01
84.689686 1.305661802558109874e-01
84.697996 1.305534239531944696e-01
84.706306 1.305406693195063639e-01
84.714616 1.305279163545769172e-01
84.722926 1.305151650582343226e-01
84.731235 1.305024154303121020e-01
84.739545 1.304896674706378656e-01
84.747855 1.304769211790454131e-01
84.756165 1.304641765553639365e-01
84.764475 1.304514335994252650e-01
84.772785 1.304386923110614216e-01
84.781095 1.304259526900994337e-01
84.789404 1.304132147363700756e-01
84.797714 1.304004784497076741e-01
84.806024 1.303877438299393676e-01
84.814334 1.303750108768942928e-01
84.822644 1.303622795904074427e-01
84.830954 1.303495499703057892e-01
84.839263 1.303368220164198288e-01
84.847573 1.303240957285798640e-01
84.855883 1.303113711066196112e-01
84.864193 1.302986481503615457e-01
84.872503 1.302859268596424369e-01
84.880813 1.302732072342895342e-01
84.889122 1.302604892741357212e-01
84.897432 1.302477729790067207e-01
84.905742 1.302350583487334457e-01
84.914052 1.302223453831483913e-01
84.922362 1.302096340820801945e-01
84.930672 1.301969244453551333e-01
84.938981 1.301842164728068407e-01
84.947291 1.301715101642654249e-01
84.955601 1.301588055195593840e-01
84.963911 1.301461025385153292e-01
84.972221 1.301334012209685864e-01
84.980531 1.301207015667470157e-01
84.988840 1.301080035756758124e-01
84.997150 1.300953072475880268e-01
85.005460 1.300826125823109081e-01
85.013770 1.300699195796756469e-01
85.022080 1.300572282395136003e-01
85.030390 1.300445385616512961e-01
85.038699 1.300318505459152341e-01
85.047009 1.300191641921411012e-01
85.055319 1.300064795001511786e-01
85.063629 1.299937964697784887e-01
85.071939 1.299811151008506971e-01
85.080249 1.299684353931986336e-01
85.088558 1.299557573466521010e-01
85.096868 1.299430809610362392e-01
85.105178 1.299304062361800738e-01
85.113488 1.299177331719190143e-01
85.121798 1.299050617680691244e-01
85.130108 1.298923920244723362e-01
85.138418 1.298797239409510140e-01
85.146727 1.298670575173334063e-01
85.155037 1.298543927534513420e-01
85.163347 1.298417296491296558e-01
85.171657 1.298290682041992605e-01
85.179967 1.298164084184907363e-01
85.188277 1.298037502918251984e-01
85.196586 1.297910938240375844e-01
85.204896 1.297784390149568368e-01
85.213206 1.297657858644035156e-01
85.221516 1.297531343722149733e-01
85.229826 1.297404845382150729e-01
85.238136 1.297278363622305364e-01
85.246445 1.297151898440930817e-01
85.254755 1.297025449836283484e-01
85.263065 1.296899017806666943e-01
85.271375 1.296772602350347858e-01
85.279685 1.296646203465601499e-01
85.287995 1.296519821150727281e-01
85.296304 1.296393455403956896e-01
85.304614 1.296267106223618903e-01
85.312924 1.296140773607971919e-01
85.321234 1.296014457555282884e-01
85.329544 1.295888158063854545e-01
85.337854 1.295761875131955787e-01
85.346163 1.295635608757840784e-01
85.354473 1.295509358939808953e-01
85.362783 1.295383125676132785e-01
85.371093 1.295256908965073395e-01
85.379403 1.295130708804949349e-01
85.387713 1.295004525193960421e-01
85.396022 1.294878358130443496e-01
85.404332 1.294752207612650252e-01
85.412642 1.294626073638846242e-01
85.420952 1.294499956207321723e-01
85.429262 1.294373855316345023e-01
85.437572 1.294247770964174205e-01
85.445882 1.294121703149101188e-01
85.454191 1.293995651869359886e-01
85.462501 1.293869617123277471e-01
85.470811 1.293743598909082304e-01
85.479121 1.293617597225061866e-01
85.487431 1.293491612069487540e-01
85.495741 1.293365643440590740e-01
85.504050 1.293239691336734720e-01
85.512360 1.293113755756059302e-01
85.520670 1.292987836696918025e-01
85.528980 1.292861934157559234e-01
85.537290 1.292736048136249039e-01
85.545600 1.292610178631262707e-01
85.553909 1.292484325640846921e-01
85.562219 1.292358489163290824e-01
85.570529 1.292232669196820005e-01
85.578839 1.292106865739781896e-01
85.587149 1.291981078790347404e-01
85.595459 1.291855308346820663e-01
85.603768 1.291729554407481384e-01
85.612078 1.291603816970581242e-01
85.620388 1.291478096034367751e-01
85.628698 1.291352391597122562e-01
85.637008 1.291226703657108454e-01
85.645318 1.291101032212563782e-01
85.653627 1.290975377261778523e-01
85.661937 1.290849738803005464e-01
85.670247 1.290724116834520985e-01
85.678557 1.290598511354539568e-01
85.686867 1.290472922361342867e-01
85.695177 1.290347349853242231e-01
85.703486 1.290221793828401908e-01
85.711796 1.290096254285152400e-01
85.720106 1.289970731221748990e-01
85.728416 1.289845224636422816e-01
85.736726 1.289719734527432216e-01
85.745036 1.289594260893067168e-01
85.753345 1.289468803731531055e-01
85.761655 1.289343363041130508e-01
85.769965 1.289217938820106379e-01
85.778275 1.289092531066695635e-01
85.786585 1.288967139779166604e-01
85.794895 1.288841764955808433e-01
85.803205 1.288716406594813679e-01
85.811514 1.288591064694477317e-01
85.819824 1.288465739253042974e-01
85.828134 1.288340430268773706e-01
85.836444 1.288215137739919525e-01
85.844754 1.288089861664721003e-01
85.853064 1.287964602041430928e-01
85.861373 1.287839358868290152e-01
85.869683 1.287714132143610302e-01
85.877993 1.287588921865573943e-01
85.886303 1.287463728032468280e-01
85.894613 1.287338550642549428e-01
85.902923 1.287213389694026877e-01
85.911232 1.287088245185200874e-01
85.919542 1.286963117114285904e-01
85.927852 1.286838005479550573e-01
85.936162 1.286712910279230737e-01
85.944472 1.286587831511604718e-01
85.952782 1.286462769174831211e-01
85.961091 1.286337723267283184e-01
85.969401 1.286212693787144867e-01
85.977711 1.286087680732626859e-01
85.986021 1.285962684102053832e-01
85.994331 1.285837703893612238e-01
86.002641 1.285712740105580953e-01
86.010950 1.285587792736181401e-01
86.019260 1.285462861783681632e-01
86.027570 1.285337947246310286e-01
86.035880 1.285213049122324036e-01
86.044190 1.285088167409943471e-01
86.052500 1.284963302107452743e-01
86.060809 1.284838453213064946e-01
86.069119 1.284713620725015382e-01
86.077429 1.284588804641578486e-01
86.085739 1.284464004960957362e-01
86.094049 1.284339221681448373e-01
86.102359 1.284214454801246019e-01
86.110668 1.284089704318583380e-01
86.118978 1.283964970231749603e-01
86.127288 1.283840252538958338e-01
86.135598 1.283715551238446551e-01
86.143908 1.283590866328459812e-01
86.152218 1.283466197807220655e-01
86.160528 1.283341545673002404e-01
86.168837 1.283216909924014548e-01
86.177147 1.283092290558520698e-01
86.185457 1.282967687574713411e-01
86.193767 1.282843100970886552e-01
86.202077 1.282718530745237673e-01
86.210387 1.282593976896037047e-01
86.218696 1.282469439421491941e-01
86.227006 1.282344918319851534e-01
86.235316 1.282220413589330310e-01
86.243626 1.282095925228190769e-01
86.251936 1.281971453234659331e-01
86.260246 1.281846997606970739e-01
86.268555 1.281722558343363627e-01
86.276865 1.281598135442067465e-01
86.285175 1.281473728901313114e-01
86.293485 1.281349338719351971e-01
86.301795 1.281224964894398799e-01
86.310105 1.281100607424661142e-01
86.318414 1.280976266308421208e-01
86.326724 1.280851941543900419e-01
86.335034 1.280727633129327969e-01
86.343344 1.280603341062891143e-01
86.351654 1.280479065342881584e-01
86.359964 1.280354805967501564e-01
86.368273 1.280230562934987215e-01
86.376583 1.280106336243551635e-01
86.384893 1.279982125891462874e-01
86.393203 1.279857931876914046e-01
86.401513 1.279733754198138507e-01
86.409823 1.279609592853381828e-01
86.418132 1.279485447840885137e-01
86.426442 1.279361319158838217e-01
86.434752 1.279237206805448335e-01
86.443062 1.279113110779022400e-01
86.451372 1.278989031077738259e-01
86.459682 1.278864967699817889e-01
86.467991 1.278740920643516021e-01
86.476301 1.278616889907037979e-01
86.484611 1.278492875488615177e-01
86.492921 1.278368877386436009e-01
86.501231 1.278244895598802666e-01
86.509541 1.278120930123869126e-01
86.517851 1.277996980959894280e-01
86.526160 1.277873048105121478e-01
86.534470 1.277749131557699147e-01
86.542780 1.277625231315941967e-01
86.551090 1.277501347378002805e-01
86.559400 1.277377479742133892e-01
86.567710 1.277253628406568309e-01
86.576019 1.277129793369509159e-01
86.584329 1.277005974629178697e-01
86.592639 1.276882172183808339e-01
86.600949 1.276758386031613679e-01
86.609259 1.276634616170809755e-01
86.617569 1.276510862599608553e-01
86.625878 1.276387125316265359e-01
86.634188 1.276263404318982164e-01
86.642498 1.276139699605961242e-01
86.650808 1.276016011175435949e-01
86.659118 1.275892339025630207e-01
86.667428 1.275768683154757110e-01
86.675737 1.275645043561011716e-01
86.684047 1.275521420242641257e-01
86.692357 1.275397813197859387e-01
86.700667 1.275274222424882808e-01
86.708977 1.275150647921924063e-01
86.717287 1.275027089687201243e-01
86.725596 1.274903547718920505e-01
86.733906 1.274780022015311876e-01
86.742216 1.274656512574592893e-01
86.750526 1.274533019394951672e-01
86.758836 1.274409542474606583e-01
86.767146 1.274286081811819016e-01
86.775455 1.274162637404749054e-01
86.783765 1.274039209251650318e-01
86.792075 1.273915797350715362e-01
86.800385 1.273792401700162558e-01
86.808695 1.273669022298183906e-01
86.817005 1.273545659143035247e-01
86.825314 1.273422312232894149e-01
86.833624 1.273298981565961774e-01
86.841934 1.273175667140488410e-01
86.850244 1.273052368954665781e-01
86.858554 1.272929087006731408e-01
86.866864 1.272805821294835105e-01
86.875174 1.272682571817238817e-01
86.883483 1.272559338572135657e-01
86.891793 1.272436121557729283e-01
86.900103 1.272312920772239453e-01
86.908413 1.272189736213897859e-01
86.916723 1.272066567880848209e-01
86.925033 1.271943415771361885e-01
86.933342 1.271820279883600635e-01
86.941652 1.271697160215811973e-01
86.949962 1.271574056766188177e-01
86.958272 1.271450969532939568e-01
86.966582 1.271327898514261479e-01
86.974892 1.271204843708363397e-01
86.983201 1.271081805113460916e-01
86.991511 1.270958782727749092e-01
86.999821 1.270835776549452123e-01
87.008131 1.270712786576750630e-01
87.016441 1.270589812807877972e-01
87.024751 1.270466855240995063e-01
87.033060 1.270343913874347752e-01
87.041370 1.270220988706135257e-01
87.049680 1.270098079734559293e-01
87.057990 1.269975186957795765e-01
87.066300 1.269852310374063875e-01
87.074610 1.269729449981593372e-01
87.082919 1.269606605778557940e-01
87.091229 1.269483777763148191e-01
87.099539 1.269360965933621077e-01
87.107849 1.269238170288124745e-01
87.116159 1.269115390824873124e-01
87.124469 1.268992627542076812e-01
87.132778 1.268869880437931419e-01
87.141088 1.268747149510635053e-01
87.149398 1.268624434758415798e-01
87.157708 1.268501736179423467e-01
87.166018 1.268379053771883369e-01
87.174328 1.268256387534006935e-01
87.182638 1.268133737463981447e-01
87.190947 1.268011103559999464e-01
87.199257 1.267888485820266309e-01
87.207567 1.267765884243003127e-01
87.215877 1.267643298826360287e-01
87.224187 1.267520729568562265e-01
87.232497 1.267398176467814663e-01
87.240806 1.267275639522300601e-01
87.249116 1.267153118730199035e-01
87.257426 1.267030614089758311e-01
87.265736 1.266908125599114365e-01
87.274046 1.266785653256508326e-01
87.282356 1.266663197060140800e-01
87.290665 1.266540757008159102e-01
87.298975 1.266418333098772719e-01
87.307285 1.266295925330226668e-01
87.315595 1.266173533700652165e-01
87.323905 1.266051158208284511e-01
87.332215 1.265928798851293502e-01
87.340524 1.265806455627887794e-01
87.348834 1.265684128536249120e-01
87.357144 1.265561817574574477e-01
87.365454 1.265439522741063083e-01
87.373764 1.265317244033897781e-01
87.382074 1.265194981451261969e-01
87.390383 1.265072734991383729e-01
87.398693 1.264950504652396224e-01
87.407003 1.264828290432569724e-01
87.415313 1.264706092330023512e-01
87.423623 1.264583910343002604e-01
87.431933 1.264461744469643489e-01
87.440242 1.264339594708171199e-01
87.448552 1.264217461056793002e-01
87.456862 1.264095343513634839e-01
87.465172 1.263973242076949777e-01
87.473482 1.263851156744892901e-01
87.481792 1.263729087515665928e-01
87.490101 1.263607034387468075e-01
87.498411 1.263484997358440276e-01
87.506721 1.263362976426830042e-01
87.515031 1.263240971590804396e-01
87.523341 1.263118982848525362e-01
87.531651 1.262997010198213532e-01
87.539961 1.262875053638025657e-01
87.548270 1.262753113166181218e-01
87.556580 1.262631188780849456e-01
87.564890 1.262509280480219320e-01
87.573200 1.262387388262456722e-01
87.581510 1.262265512125776423e-01
87.589820 1.262143652068364597e-01
87.598129 1.262021808088362174e-01
87.606439 1.261899980184018055e-01
87.614749 1.261778168353455964e-01
87.623059 1.261656372594913422e-01
87.631369 1.261534592906544960e-01
87.639679 1.261412829286515658e-01
87.647988 1.261291081733052766e-01
87.656298 1.261169350244314424e-01
87.664608 1.261047634818482643e-01
87.672918 1.260925935453734437e-01
87.681228 1.260804252148262916e-01
87.689538 1.260682584900282566e-01
87.697847 1.260560933707899345e-01
87.706157 1.260439298569364652e-01
87.714467 1.260317679482801934e-01
87.722777 1.260196076446445379e-01
87.731087 1.260074489458466451e-01
87.739397 1.259952918517014409e-01
87.747706 1.259831363620271538e-01
87.756016 1.259709824766457598e-01
87.764326 1.259588301953726008e-01
87.772636 1.259466795180244902e-01
87.780946 1.259345304444196567e-01
87.789256 1.259223829743778278e-01
87.797565 1.259102371077160942e-01
87.805875 1.258980928442512692e-01
87.814185 1.258859501838048289e-01
87.822495 1.258738091261895897e-01
87.830805 1.258616696712239746e-01
87.839115 1.258495318187291268e-01
87.847424 1.258373955685218870e-01
87.855734 1.258252609204177364e-01
87.864044 1.258131278742343484e-01
87.872354 1.258009964297918115e-01
87.880664 1.257888665869071332e-01
87.888974 1.257767383453937959e-01
87.897284 1.257646117050740808e-01
87.905593 1.257524866657655782e-01
87.913903 1.257403632272834915e-01
87.922213 1.257282413894451611e-01
87.930523 1.257161211520700650e-01
87.938833 1.257040025149734896e-01
87.947143 1.256918854779746353e-01
87.955452 1.256797700408900098e-01
87.963762 1.256676562035379252e-01
87.972072 1.256555439657317808e-01
87.980382 1.256434333272936910e-01
87.988692 1.256313242880394976e-01
87.997002 1.256192168477861248e-01
88.005311 1.256071110063504137e-01
88.013621 1.255950067635513145e-01
88.021931 1.255829041192030593e-01
88.030241 1.255708030731239322e-01
88.038551 1.255587036251306909e-01
88.046861 1.255466057750436182e-01
88.055170 1.255345095226763630e-01
88.063480 1.255224148678457108e-01
88.071790 1.255103218103711671e-01
88.080100 1.254982303500687679e-01
88.088410 1.254861404867539387e-01
88.096720 1.254740522202456854e-01
88.105029 1.254619655503585729e-01
88.113339 1.254498804769126064e-01
88.121649 1.254377969997205189e-01
88.129959 1.254257151186053687e-01
88.138269 1.254136348333804163e-01
88.146579 1.254015561438585336e-01
88.154888 1.253894790498628897e-01
88.163198 1.253774035512071616e-01
88.171508 1.253653296477094947e-01
88.179818 1.253532573391852589e-01
88.188128 1.253411866254512952e-01
88.196438 1.253291175063242779e-01
88.204747 1.253170499816191608e-01
88.213057 1.253049840511575030e-01
88.221367 1.252929197147510942e-01
88.229677 1.252808569722192733e-01
88.237987 1.252687958233789645e-01
88.246297 1.252567362680421792e-01
88.254607 1.252446783060303659e-01
88.262916 1.252326219371547589e-01
88.271226 1.252205671612409699e-01
88.279536 1.252085139780964307e-01
88.287846 1.251964623875399252e-01
88.296156 1.251844123893914584e-01
88.304466 1.251723639834625423e-01
88.312775 1.251603171695705452e-01
88.321085 1.251482719475325855e-01
88.329395 1.251362283171664758e-01
88.337705 1.251241862782866698e-01
88.346015 1.251121458307101475e-01
88.354325 1.251001069742519733e-01
88.362634 1.250880697087297100e-01
88.370944 1.250760340339568955e-01
88.379254 1.250639999497552557e-01
88.387564 1.250519674559358030e-01
88.395874 1.250399365523150730e-01
88.404184 1.250279072387103785e-01
88.412493 1.250158795149378665e-01
88.420803 1.250038533808149055e-01
88.429113 1.249918288361530072e-01
88.437423 1.249798058807725099e-01
88.445733 1.249677845144895050e-01
88.454043 1.249557647371153796e-01
88.462352 1.249437465484695836e-01
88.470662 1.249317299483673205e-01
88.478972 1.249197149366255422e-01
88.487282 1.249077015130588275e-01
88.495592 1.248956896774830599e-01
88.503902 1.248836794297150804e-01
88.512211 1.248716707695691625e-01
88.520521 1.248596636968601625e-01
88.528831 1.248476582114049077e-01
88.537141 1.248356543130234864e-01
88.545451 1.248236520015226503e-01
88.553761 1.248116512767267761e-01
88.562071 1.247996521384459739e-01
88.570380 1.247876545864985975e-01
88.578690 1.247756586206972274e-01
88.587000 1.247636642408605917e-01
88.595310 1.247516714468045046e-01
88.603620 1.247396802383420183e-01
88.611930 1.247276906152891551e-01
88.620239 1.247157025774626171e-01
88.628549 1.247037161246777742e-01
88.636859 1.246917312567482478e-01
88.645169 1.246797479734911007e-01
88.653479 1.246677662747209814e-01
88.661789 1.246557861602545503e-01
88.670098 1.246438076299048459e-01
88.678408 1.246318306834902495e-01
88.686718 1.246198553208248683e-01
88.695028 1.246078815417222541e-01
88.703338 1.245959093459985678e-01
88.711648 1.245839387334699011e-01
88.719957 1.245719697039506663e-01
88.728267 1.245600022572574544e-01
88.736577 1.245480363932037343e-01
88.744887 1.245360721116053615e-01
88.753197 1.245241094122760128e-01
88.761507 1.245121482950352632e-01
88.769816 1.245001887596936946e-01
88.778126 1.244882308060674403e-01
88.786436 1.244762744339716759e-01
88.794746 1.244643196432241861e-01
88.803056 1.244523664336365659e-01
88.811366 1.244404148050239634e-01
88.819675 1.244284647572030805e-01
88.827985 1.244165162899872196e-01
88.836295 1.244045694031908345e-01
88.844605 1.243926240966301139e-01
88.852915 1.243806803701232172e-01
88.861225 1.243687382234797273e-01
88.869534 1.243567976565166655e-01
88.877844 1.243448586690480417e-01
88.886154 1.243329212608898643e-01
88.894464 1.243209854318552687e-01
88.902774 1.243090511817608601e-01
88.911084 1.242971185104210091e-01
88.919394 1.242851874176499616e-01
88.927703 1.242732579032606866e-01
88.936013 1.242613299670718152e-01
88.944323 1.242494036088955395e-01
88.952633 1.242374788285460219e-01
88.960943 1.242255556258396593e-01
88.969253 1.242136340005908363e-01
88.977562 1.242017139526093578e-01
88.985872 1.241897954817162419e-01
88.994182 1.241778785877259428e-01
89.002492 1.241659632704465166e-01
89.010802 1.241540495296988567e-01
89.019112 1.241421373652941695e-01
89.027421 1.241302267770491297e-01
89.035731 1.241183177647752628e-01
89.044041 1.241064103282914499e-01
89.052351 1.240945044674072600e-01
89.060661 1.240826001819388819e-01
89.068971 1.240706974717020322e-01
89.077280 1.240587963365094581e-01
89.085590 1.240468967761757108e-01
89.093900 1.240349987905147999e-01
89.102210 1.240231023793421927e-01
89.110520 1.240112075424708443e-01
89.118830 1.239993142797168879e-01
89.127139 1.239874225908930844e-01
89.135449 1.239755324758149146e-01
89.143759 1.239636439342925722e-01
89.152069 1.239517569661463536e-01
89.160379 1.239398715711840654e-01
89.168689 1.239279877492248938e-01
89.176998 1.239161055000817802e-01
89.185308 1.239042248235668192e-01
89.193618 1.238923457194949646e-01
89.201928 1.238804681876810171e-01
89.210238 1.238685922279382928e-01
89.218548 1.238567178400829805e-01
89.226857 1.238448450239248988e-01
89.235167 1.238329737792815272e-01
89.243477 1.238211041059674167e-01
89.251787 1.238092360037918171e-01
89.260097 1.237973694725723606e-01
89.268407 1.237855045121232789e-01
89.276717 1.237736411222566252e-01
89.285026 1.237617793027844526e-01
89.293336 1.237499190535280985e-01
89.301646 1.237380603742920387e-01
89.309956 1.237262032648983323e-01
89.318266 1.237143477251524820e-01
89.326576 1.237024937548769077e-01
89.334885 1.236906413538771815e-01
89.343195 1.236787905219714628e-01
89.351505 1.236669412589754408e-01
89.359815 1.236550935646996696e-01
89.368125 1.236432474389589087e-01
89.376435 1.236314028815662103e-01
89.384744 1.236195598923344879e-01
89.393054 1.236077184710771548e-01
89.401364 1.235958786176102470e-01
89.409674 1.235840403317442077e-01
89.417984 1.235722036132961554e-01
89.426294 1.235603684620801140e-01
89.434603 1.235485348779065268e-01
89.442913 1.235367028605865447e-01
89.451223 1.235248724099395762e-01
89.459533 1.235130435257746767e-01
89.467843 1.235012162079099640e-01
89.476153 1.234893904561519262e-01
89.484462 1.234775662703198051e-01
89.492772 1.234657436502252653e-01
89.501082 1.234539225956812203e-01
89.509392 1.234421031065035812e-01
89.517702 1.234302851825029995e-01
89.526012 1.234184688234919308e-01
89.534321 1.234066540292845932e-01
89.542631 1.233948407996962593e-01
89.550941 1.233830291345386909e-01
89.559251 1.233712190336228171e-01
89.567561 1.233594104967679489e-01
89.575871 1.233476035237813795e-01
89.584180 1.233357981144811016e-01
89.592490 1.233239942686751855e-01
89.600800 1.233121919861795840e-01
89.609110 1.233003912668095559e-01
89.617420 1.232885921103751142e-01
89.625730 1.232767945166878681e-01
89.634040 1.232649984855647834e-01
89.642349 1.232532040168194398e-01
89.650659 1.232414111102617393e-01
89.658969 1.232296197657077735e-01
89.667279 1.232178299829634199e-01
89.675589 1.232060417618503767e-01
89.683899 1.231942551021785459e-01
89.692208 1.231824700037605358e-01
89.700518 1.231706864664088436e-01
89.708828 1.231589044899372987e-01
89.717138 1.231471240741591477e-01
89.725448 1.231353452188871239e-01
89.733758 1.231235679239320452e-01
89.742067 1.231117921891095313e-01
89.750377 1.231000180142327177e-01
89.758687 1.230882453991111875e-01
89.766997 1.230764743435602410e-01
89.775307 1.230647048473916400e-01
89.783617 1.230529369104211290e-01
89.791926 1.230411705324576388e-01
89.800236 1.230294057133143326e-01
89.808546 1.230176424528069690e-01
89.816856 1.230058807507461438e-01
89.825166 1.229941206069431470e-01
89.833476 1.229823620212147361e-01
89.841785 1.229706049933685930e-01
89.850095 1.229588495232225576e-01
89.858405 1.229470956105847418e-01
89.866715 1.229353432552711539e-01
89.875025 1.229235924570926675e-01
89.883335 1.229118432158624180e-01
89.891644 1.229000955313930415e-01
89.899954 1.228883494034963969e-01
89.908264 1.228766048319840237e-01
89.916574 1.228648618166742340e-01
89.924884 1.228531203573729330e-01
89.933194 1.228413804538938392e-01
89.941503 1.228296421060513233e-01
89.949813 1.228179053136572857e-01
89.958123 1.228061700765254588e-01
89.966433 1.227944363944661332e-01
89.974743 1.227827042672923474e-01
89.983053 1.227709736948163072e-01
89.991363 1.227592446768513978e-01
89.999672 1.227475172132090481e-01
90.007982 1.227357913037036702e-01
90.016292 1.227240669481447916e-01
90.024602 1.227123441463448122e-01
90.032912 1.227006228981175617e-01
90.041222 1.226889032032766891e-01
90.049531 1.226771850616314302e-01
90.057841 1.226654684729957950e-01
90.066151 1.226537534371803378e-01
90.074461 1.226420399540004424e-01
90.082771 1.226303280232662191e-01
90.091081 1.226186176447881526e-01
90.099390 1.226069088183815159e-01
90.107700 1.225952015438590004e-01
90.116010 1.225834958210330200e-01
90.124320 1.225717916497080506e-01
90.132630 1.225600890297069145e-01
90.140940 1.225483879608331855e-01
90.149249 1.225366884429050646e-01
90.157559 1.225249904757338137e-01
90.165869 1.225132940591274200e-01
90.174179 1.225015991929011838e-01
90.182489 1.224899058768678106e-01
90.190799 1.224782141108362449e-01
90.199108 1.224665238946216067e-01
90.207418 1.224548352280342700e-01
90.215728 1.224431481108877867e-01
90.224038 1.224314625429908931e-01
90.232348 1.224197785241568498e-01
90.240658 1.224080960542001106e-01
90.248967 1.223964151329307026e-01
90.257277 1.223847357601603181e-01
90.265587 1.223730579357016207e-01
90.273897 1.223613816593664139e-01
90.282207 1.223497069309657792e-01
90.290517 1.223380337503114645e-01
90.298827 1.223263621172168414e-01
90.307136 1.223146920314929637e-01
90.315446 1.223030234929516485e-01
90.323756 1.222913565014032006e-01
90.332066 1.222796910566613104e-01
90.340376 1.222680271585399880e-01
90.348686 1.222563648068442643e-01
90.356995 1.222447040013918962e-01
90.365305 1.222330447419904542e-01
90.373615 1.222213870284576398e-01
90.381925 1.222097308605974014e-01
90.390235 1.221980762382274266e-01
90.398545 1.221864231611580198e-01
90.406854 1.221747716291976260e-01
90.415164 1.221631216421641269e-01
90.423474 1.221514731998612213e-01
90.431784 1.221398263021076236e-01
90.440094 1.221281809487120007e-01
90.448404 1.221165371394853094e-01
90.456713 1.221048948742383400e-01
90.465023 1.220932541527858795e-01
90.473333 1.220816149749365948e-01
90.481643 1.220699773405040933e-01
90.489953 1.220583412492993181e-01
90.498263 1.220467067011334894e-01
90.506572 1.220350736958168841e-01
90.514882 1.220234422331629848e-01
90.523192 1.220118123129836224e-01
90.531502 1.220001839350877276e-01
90.539812 1.219885570992882140e-01
90.548122 1.219769318053958856e-01
90.556431 1.219653080532245026e-01
90.564741 1.219536858425822184e-01
90.573051 1.219420651732816413e-01
90.581361 1.219304460451356292e-01
90.589671 1.219188284579534182e-01
90.597981 1.219072124115479355e-01
90.606290 1.218955979057298050e-01
90.614600 1.218839849403099695e-01
90.622910 1.218723735151008292e-01
90.631220 1.218607636299119112e-01
90.639530 1.218491552845575449e-01
90.647840 1.218375484788456614e-01
90.656150 1.218259432125862324e-01
90.664459 1.218143394855983469e-01
90.672769 1.218027372976858563e-01
90.681079 1.217911366486614799e-01
90.689389 1.217795375383386308e-01
90.697699 1.217679399665271417e-01
90.706009 1.217563439330378861e-01
90.714318 1.217447494376809602e-01
90.722628 1.217331564802706795e-01
90.730938 1.217215650606168070e-01
90.739248 1.217099751785271633e-01
90.747558 1.216983868338191582e-01
90.755868 1.216868000262967126e-01
90.764177 1.216752147557761815e-01
90.772487 1.216636310220699235e-01
90.780797 1.216520488249830945e-01
90.789107 1.216404681643308838e-01
90.797417 1.216288890399259831e-01
90.805727 1.216173114515742004e-01
90.814036 1.216057353990886297e-01
90.822346 1.215941608822801029e-01
90.830656 1.215825879009634347e-01
90.838966 1.215710164549446554e-01
90.847276 1.215594465440366923e-01
90.855586 1.215478781680507936e-01
90.863895 1.215363113267982770e-01
90.872205 1.215247460200894469e-01
90.880515 1.215131822477327206e-01
90.888825 1.215016200095449250e-01
90.897135 1.214900593053305083e-01
90.905445 1.214785001349055205e-01
90.913754 1.214669424980776985e-01
90.922064 1.214553863946580825e-01
90.930374 1.214438318244606962e-01
90.938684 1.214322787872925552e-01
90.946994 1.214207272829651435e-01
90.955304 1.214091773112901534e-01
90.963613 1.213976288720809010e-01
90.971923 1.213860819651440132e-01
90.980233 1.213745365902911405e-01
90.988543 1.213629927473350995e-01
90.996853 1.213514504360853480e-01
91.005163 1.213399096563507334e-01
91.013473 1.213283704079459457e-01
91.021782 1.213168326906783334e-01
91.030092 1.213052965043620313e-01
91.038402 1.212937618488031527e-01
91.046712 1.212822287238158048e-01
91.055022 1.212706971292100006e-01
91.063332 1.212591670647965164e-01
91.071641 1.212476385303857679e-01
91.079951 1.212361115257873101e-01
91.088261 1.212245860508146533e-01
91.096571 1.212130621052742302e-01
91.104881 1.212015396889817714e-01
91.113191 1.211900188017429186e-01
91.121500 1.211784994433705298e-01
91.129810 1.211669816136748956e-01
91.138120 1.211554653124687908e-01
91.146430 1.211439505395593280e-01
91.154740 1.211324372947586020e-01
91.163050 1.211209255778763483e-01
91.171359 1.211094153887257718e-01
91.179669 1.210979067271143461e-01
91.187979 1.210863995928559977e-01
91.196289 1.210748939857550638e-01
91.204599 1.210633899056275525e-01
91.212909 1.210518873522814648e-01
91.221218 1.210403863255282708e-01
91.229528 1.210288868251797600e-01
91.237838 1.210173888510434337e-01
91.246148 1.210058924029313449e-01
91.254458 1.209943974806540617e-01
91.262768 1.209829040840214726e-01
91.271077 1.209714122128437153e-01
91.279387 1.209599218669328846e-01
91.287697 1.209484330460961904e-01
91.296007 1.209369457501466294e-01
91.304317 1.209254599788942008e-01
91.312627 1.209139757321486125e-01
91.320936 1.209024930097195860e-01
91.329246 1.208910118114180920e-01
91.337556 1.208795321370573217e-01
91.345866 1.208680539864419451e-01
91.354176 1.208565773593875819e-01
91.362486 1.208451022557018167e-01
91.370796 1.208336286751938576e-01
91.379105 1.208221566176765766e-01
91.387415 1.208106860829580992e-01
91.395725 1.207992170708497986e-01
91.404035 1.207877495811631452e-01
91.412345 1.207762836137056262e-01
91.420655 1.207648191682889477e-01
91.428964 1.207533562447237335e-01
91.437274 1.207418948428175265e-01
91.445584 1.207304349623845446e-01
91.453894 1.207189766032320949e-01
91.462204 1.207075197651736181e-01
91.470514 1.206960644480142286e-01
91.478823 1.206846106515660488e-01
91.487133 1.206731583756417425e-01
91.495443 1.206617076200489913e-01
91.503753 1.206502583845995707e-01
91.512063 1.206388106691028556e-01
91.520373 1.206273644733671935e-01
91.528682 1.206159197972033748e-01
91.536992 1.206044766404231472e-01
91.545302 1.205930350028371761e-01
91.553612 1.205815948842526852e-01
91.561922 1.205701562844815333e-01
91.570232 1.205587192033317906e-01
91.578541 1.205472836406167175e-01
91.586851 1.205358495961426774e-01
91.595161 1.205244170697243045e-01
91.603471 1.205129860611676151e-01
91.611781 1.205015565702830943e-01
91.620091 1.204901285968836971e-01
91.628400 1.204787021407732195e-01
91.636710 1.204672772017692101e-01
91.645020 1.204558537796769219e-01
91.653330 1.204444318743083803e-01
91.661640 1.204330114854709338e-01
91.669950 1.204215926129759417e-01
91.678260 1.204101752566354294e-01
91.686569 1.203987594162567870e-01
91.694879 1.203873450916486953e-01
91.703189 1.203759322826261358e-01
91.711499 1.203645209889944445e-01
91.719809 1.203531112105649531e-01
91.728119 1.203417029471460092e-01
91.736428 1.203302961985513175e-01
91.744738 1.203188909645861310e-01
91.753048 1.203074872450613508e-01
91.761358 1.202960850397917641e-01
91.769668 1.202846843485797929e-01
91.777978 1.202732851712411122e-01
91.786287 1.202618875075827654e-01
91.794597 1.202504913574161255e-01
91.802907 1.202390967205481664e-01
91.811217 1.202277035967903862e-01
91.819527 1.202163119859532558e-01
91.827837 1.202049218878446651e-01
91.836146 1.201935333022770142e-01
91.844456 1.201821462290582621e-01
91.852766 1.201707606679980472e-01
91.861076 1.201593766189057583e-01
91.869386 1.201479940815920466e-01
91.877696 1.201366130558681883e-01
91.886005 1.201252335415414069e-01
91.894315 1.201138555384213824e-01
91.902625 1.201024790463189468e-01
91.910935 1.200911040650439188e-01
91.919245 1.200797305944046461e-01
91.927555 1.200683586342125575e-01
91.935864 1.200569881842747516e-01
91.944174 1.200456192444063902e-01
91.952484 1.200342518144091319e-01
91.960794 1.200228858940991933e-01
91.969104 1.200115214832814803e-01
91.977414 1.200001585817691702e-01
91.985723 1.199887971893699307e-01
91.994033 1.199774373058946908e-01
92.002343 1.199660789311517844e-01
92.010653 1.199547220649515578e-01
92.018963 1.199433667071044540e-01
92.027273 1.199320128574157263e-01
92.035583 1.199206605157012995e-01
92.043892 1.199093096817683141e-01
92.052202 1.198979603554237022e-01
92.060512 1.198866125364777407e-01
92.068822 1.198752662247417194e-01
92.077132 1.198639214200246522e-01
92.085442 1.198525781221373571e-01
92.093751 1.198412363308866829e-01
92.102061 1.198298960460860152e-01
92.110371 1.198185572675389138e-01
92.118681 1.198072199950595135e-01
92.126991 1.197958842284565784e-01
92.135301 1.197845499675393305e-01
92.143610 1.197732172121156041e-01
92.151920 1.197618859619967724e-01
92.160230 1.197505562169901144e-01
92.168540 1.197392279769089185e-01
92.176850 1.197279012415598254e-01
92.185160 1.197165760107536531e-01
92.193469 1.197052522842957378e-01
92.201779 1.196939300620005475e-01
92.210089 1.196826093436763605e-01
92.218399 1.196712901291302894e-01
92.226709 1.196599724181741098e-01
92.235019 1.196486562106164747e-01
92.243328 1.196373415062659956e-01
92.251638 1.196260283049336015e-01
92.259948 1.196147166064272238e-01
92.268258 1.196034064105567229e-01
92.276568 1.195920977171310157e-01
92.284878 1.195807905259623632e-01
92.293187 1.195694848368557689e-01
92.301497 1.195581806496219257e-01
92.309807 1.195468779640712770e-01
92.318117 1.195355767800123509e-01
92.326427 1.195242770972539392e-01
92.334737 1.195129789156080674e-01
92.343046 1.195016822348810848e-01
92.351356 1.194903870548841840e-01
92.359666 1.194790933754228540e-01
92.367976 1.194678011963098002e-01
92.376286 1.194565105173550912e-01
92.384596 1.194452213383679628e-01
92.392906 1.194339336591531964e-01
92.401215 1.194226474795257870e-01
92.409525 1.194113627992916676e-01
92.417835 1.194000796182583257e-01
92.426145 1.193887979362405344e-01
92.434455 1.193775177530440462e-01
92.442765 1.193662390684778474e-01
92.451074 1.193549618823499248e-01
92.459384 1.193436861944743577e-01
92.467694 1.193324120046558579e-01
92.476004 1.193211393127047715e-01
92.484314 1.193098681184309451e-01
92.492624 1.192985984216423240e-01
92.500933 1.192873302221497261e-01
92.509243 1.192760635197614022e-01
92.517553 1.192647983142864077e-01
92.525863 1.192535346055343254e-01
92.534173 1.192422723933160289e-01
92.542483 1.192310116774362994e-01
92.550792 1.192197524577070927e-01
92.559102 1.192084947339372425e-01
92.567412 1.191972385059356931e-01
92.575722 1.191859837735137068e-01
92.584032 1.191747305364753706e-01
92.592342 1.191634787946339730e-01
92.600651 1.191522285477970428e-01
92.608961 1.191409797957735939e-01
92.617271 1.191297325383741806e-01
92.625581 1.191184867754086218e-01
92.633891 1.191072425066811713e-01
92.642201 1.190959997320057556e-01
92.650510 1.190847584511876417e-01
92.658820 1.190735186640406867e-01
92.667130 1.190622803703694360e-01
92.675440 1.190510435699864977e-01
92.683750 1.190398082626964449e-01
92.692060 1.190285744483127600e-01
92.700369 1.190173421266432496e-01
92.708679 1.190061112974950819e-01
92.716989 1.189948819606797548e-01
92.725299 1.189836541160036176e-01
92.733609 1.189724277632775162e-01
92.741919 1.189612029023112971e-01
92.750229 1.189499795329121978e-01
92.758538 1.189387576548907310e-01
92.766848 1.189275372680548143e-01
92.775158 1.189163183722127676e-01
92.783468 1.189051009671728137e-01
92.791778 1.188938850527476582e-01
92.800088 1.188826706287443441e-01
92.808397 1.188714576949701507e-01
92.816707 1.188602462512370339e-01
92.825017 1.188490362973520509e-01
92.833327 1.188378278331234800e-01
92.841637 1.188266208583624167e-01
92.849947 1.188154153728763485e-01
92.858256 1.188042113764752744e-01
92.866566 1.187930088689659047e-01
92.874876 1.187818078501611668e-01
92.883186 1.187706083198645929e-01
92.891496 1.187594102778900124e-01
92.899806 1.187482137240440105e-01
92.908115 1.187370186581354348e-01
92.916425 1.187258250799721332e-01
92.924735 1.187146329893657426e-01
92.933045 1.187034423861251242e-01
92.941355 1.186922532700560723e-01
92.949665 1.186810656409704873e-01
92.957974 1.186698794986741912e-01
92.966284 1.186586948429790705e-01
92.974594 1.186475116736930430e-01
92.982904 1.186363299906261076e-01
92.991214 1.186251497935845722e-01
92.999524 1.186139710823756466e-01
93.007833 1.186027938568147561e-01
93.016143 1.185916181167071676e-01
93.024453 1.185804438618594803e-01
93.032763 1.185692710920830673e-01
93.041073 1.185580998071868175e-01
93.049383 1.185469300069795229e-01
93.057692 1.185357616912681017e-01
93.066002 1.185245948598638854e-01
93.074312 1.185134295125739035e-01
93.082622 1.185022656492086268e-01
93.090932 1.184911032695743771e-01
93.099242 1.184799423734811813e-01
93.107552 1.184687829607396353e-01
93.115861 1.184576250311575457e-01
93.124171 1.184464685845427329e-01
93.132481 1.184353136207045715e-01
93.140791 1.184241601394503546e-01
93.149101 1.184130081405901369e-01
93.157411 1.184018576239350556e-01
93.165720 1.183907085892907385e-01
93.174030 1.183795610364658801e-01
93.182340 1.183684149652713541e-01
93.190650 1.183572703755130517e-01
93.198960 1.183461272670018050e-01
93.207270 1.183349856395459893e-01
93.215579 1.183238454929554928e-01
93.223889 1.183127068270374699e-01
93.232199 1.183015696415999213e-01
93.240509 1.182904339364532903e-01
93.248819 1.182792997114067296e-01
93.257129 1.182681669662674490e-01
93.265438 1.182570357008444623e-01
93.273748 1.182459059149462283e-01
93.282058 1.182347776083830793e-01
93.290368 1.182236507809614756e-01
93.298678 1.182125254324936231e-01
93.306988 1.182014015627821935e-01
93.315297 1.181902791716421819e-01
93.323607 1.181791582588786610e-01
93.331917 1.181680388243016577e-01
93.340227 1.181569208677191590e-01
93.348537 1.181458043889416776e-01
93.356847 1.181346893877747162e-01
93.365156 1.181235758640285655e-01
93.373466 1.181124638175128777e-01
93.381776 1.181013532480361672e-01
93.390086 1.180902441554040200e-01
93.398396 1.180791365394305570e-01
93.406706 1.180680303999187691e-01
93.415016 1.180569257366816810e-01
93.423325 1.180458225495255725e-01
93.431635 1.180347208382578894e-01
93.439945 1.180236206026906431e-01
93.448255 1.180125218426312239e-01
93.456565 1.180014245578871190e-01
93.464875 1.179903287482699792e-01
93.473184 1.179792344135841831e-01
93.481494 1.179681415536407013e-01
93.489804 1.179570501682484646e-01
93.498114 1.179459602572156401e-01
93.506424 1.179348718203508395e-01
93.514734 1.179237848574616609e-01
93.523043 1.179126993683582009e-01
93.531353 1.179016153528493205e-01
93.539663 1.178905328107422018e-01
93.547973 1.178794517418480930e-01
93.556283 1.178683721459704709e-01
93.564593 1.178572940229213190e-01
93.572902 1.178462173725111639e-01
93.581212 1.178351421945462996e-01
93.589522 1.178240684888329504e-01
93.597832 1.178129962551838772e-01
93.606142 1.178019254934071641e-01
93.614452 1.177908562033086470e-01
93.622761 1.177797883846993937e-01
93.631071 1.177687220373878768e-01
93.639381 1.177576571611785583e-01
93.647691 1.177465937558870579e-01
93.656001 1.177355318213165886e-01
93.664311 1.177244713572783152e-01
93.672620 1.177134123635788510e-01
93.680930 1.177023548400288055e-01
93.689240 1.176912987864367210e-01
93.697550 1.176802442026089607e-01
93.705860 1.176691910883552877e-01
93.714170 1.176581394434839667e-01
93.722479 1.176470892678049690e-01
93.730789 1.176360405611252408e-01
93.739099 1.176249933232521444e-01
93.747409 1.176139475539979690e-01
93.755719 1.176029032531687724e-01
93.764029 1.175918604205748869e-01
93.772339 1.175808190560224259e-01
93.780648 1.175697791593208613e-01
93.788958 1.175587407302791515e-01
93.797268 1.175477037687049087e-01
93.805578 1.175366682744098390e-01
93.813888 1.175256342471956289e-01
93.822198 1.175146016868793414e-01
93.830507 1.175035705932634122e-01
93.838817 1.174925409661575909e-01
93.847127 1.174815128053729035e-01
93.855437 1.174704861107155052e-01
93.863747 1.174594608819932023e-01
93.872057 1.174484371190180343e-01
93.880366 1.174374148215953650e-01
93.888676 1.174263939895325015e-01
93.896986 1.174153746226428846e-01
93.905296 1.174043567207296163e-01
93.913606 1.173933402836068313e-01
93.921916 1.173823253110785336e-01
93.930225 1.173713118029542923e-01
93.938535 1.173602997590422470e-01
93.946845 1.173492891791531739e-01
93.955155 1.173382800630930201e-01
93.963465 1.173272724106740744e-01
93.971775 1.173162662216988561e-01
93.980084 1.173052614959804729e-01
93.988394 1.172942582333258293e-01
93.996704 1.172832564335452299e-01
94.005014 1.172722560964412075e-01
94.013324 1.172612572218303256e-01
94.021634 1.172502598095177540e-01
94.029943 1.172392638593090231e-01
94.038253 1.172282693710183926e-01
94.046563 1.172172763444478266e-01
94.054873 1.172062847794103357e-01
94.063183 1.171952946757137265e-01
94.071493 1.171843060331655834e-01
94.079802 1.171733188515756419e-01
94.088112 1.171623331307471705e-01
94.096422 1.171513488704976347e-01
94.104732 1.171403660706293592e-01
94.113042 1.171293847309520381e-01
94.121352 1.171184048512755732e-01
94.129662 1.171074264314061059e-01
94.137971 1.170964494711538850e-01
94.146281 1.170854739703253017e-01
94.154591 1.170744999287303412e-01
94.162901 1.170635273461787945e-01
94.171211 1.170525562224791344e-01
94.179521 1.170415865574363501e-01
94.187830 1.170306183508599968e-01
94.196140 1.170196516025608646e-01
94.204450 1.170086863123445259e-01
94.212760 1.169977224800229088e-01
94.221070 1.169867601054025985e-01
94.229380 1.169757991882909437e-01
94.237689 1.169648397284981239e-01
94.245999 1.169538817258320984e-01
94.254309 1.169429251800979258e-01
94.262619 1.169319700911123222e-01
94.270929 1.169210164586748923e-01
94.279239 1.169100642825981473e-01
94.287548 1.168991135626922528e-01
94.295858 1.168881642987619485e-01
94.304168 1.168772164906192595e-01
94.312478 1.168662701380695224e-01
94.320788 1.168553252409230414e-01
94.329098 1.168443817989872069e-01
94.337407 1.168334398120691175e-01
94.345717 1.168224992799806877e-01
94.354027 1.168115602025296268e-01
94.362337 1.168006225795232000e-01
94.370647 1.167896864107701715e-01
94.378957 1.167787516960778899e-01
94.387266 1.167678184352582416e-01
94.395576 1.167568866281135376e-01
94.403886 1.167459562744598417e-01
94.412196 1.167350273740983407e-01
94.420506 1.167240999268429752e-01
94.428816 1.167131739324987344e-01
94.437125 1.167022493908759367e-01
94.445435 1.166913263017847480e-01
94.453745 1.166804046650275206e-01
94.462055 1.166694844804186809e-01
94.470365 1.166585657477643284e-01
94.478675 1.166476484668712704e-01
94.486985 1.166367326375532393e-01
94.495294 1.166258182596126430e-01
94.503604 1.166149053328612156e-01
94.511914 1.166039938571080542e-01
94.520224 1.165930838321575375e-01
94.528534 1.165821752578217047e-01
94.536844 1.165712681339080153e-01
94.545153 1.165603624602276622e-01
94.553463 1.165494582365838999e-01
94.561773 1.165385554627873660e-01
94.570083 1.165276541386491144e-01
94.578393 1.165167542639723164e-01
94.586703 1.165058558385697607e-01
94.595012 1.164949588622472831e-01
94.603322 1.164840633348163818e-01
94.611632 1.164731692560831977e-01
94.619942 1.164622766258573139e-01
94.628252 1.164513854439446772e-01
94.636562 1.164404957101559529e-01
94.644871 1.164296074243006129e-01
94.653181 1.164187205861846874e-01
94.661491 1.164078351956154278e-01
94.669801 1.163969512524068994e-01
94.678111 1.163860687563628010e-01
94.686421 1.163751877072939367e-01
94.694730 1.163643081050068917e-01
94.703040 1.163534299493087509e-01
94.711350 1.163425532400120255e-01
94.719660 1.163316779769247439e-01
94.727970 1.163208041598520204e-01
94.736280 1.163099317886053669e-01
94.744589 1.162990608629902861e-01
94.752899 1.162881913828179153e-01
94.761209 1.162773233478936047e-01
94.769519 1.162664567580303510e-01
94.777829 1.162555916130345868e-01
94.786139 1.162447279127127447e-01
94.794449 1.162338656568762535e-01
94.802758 1.162230048453291031e-01
94.811068 1.162121454778869550e-01
94.819378 1.162012875543513152e-01
94.827688 1.161904310745346391e-01
94.835998 1.161795760382440951e-01
94.844308 1.161687224452885303e-01
94.852617 1.161578702954755293e-01
94.860927 1.161470195886139117e-01
94.869237 1.161361703245145371e-01
94.877547 1.161253225029802855e-01
94.885857 1.161144761238262768e-01
94.894167 1.161036311868544751e-01
94.902476 1.160927876918783630e-01
94.910786 1.160819456387077314e-01
94.919096 1.160711050271405337e-01
94.927406 1.160602658569980100e-01
94.935716 1.160494281280824158e-01
94.944026 1.160385918402022376e-01
94.952335 1.160277569931647823e-01
94.960645 1.160169235867851839e-01
94.968955 1.160060916208641574e-01
94.977265 1.159952610952140750e-01
94.985575 1.159844320096425491e-01
94.993885 1.159736043639583297e-01
95.002194 1.159627781579684602e-01
95.010504 1.159519533914825790e-01
95.018814 1.159411300643105186e-01
95.027124 1.159303081762570325e-01
95.035434 1.159194877271359919e-01
95.043744 1.159086687167501240e-01
95.052053 1.158978511449128140e-01
95.060363 1.158870350114292874e-01
95.068673 1.158762203161071008e-01
95.076983 1.158654070587609997e-01
95.085293 1.158545952391916850e-01
95.093603 1.158437848572138745e-01
95.101912 1.158329759126292408e-01
95.110222 1.158221684052531120e-01
95.118532 1.158113623348920179e-01
95.126842 1.158005577013524329e-01
95.135152 1.157897545044453136e-01
95.143462 1.157789527439771066e-01
95.151772 1.157681524197566730e-01
95.160081 1.157573535315932906e-01
95.168391 1.157465560792962922e-01
95.176701 1.157357600626708477e-01
95.185011 1.157249654815272338e-01
95.193321 1.157141723356780866e-01
95.201631 1.157033806249261609e-01
95.209940 1.156925903490809288e-01
95.218250 1.156818015079535966e-01
95.226560 1.156710141013491816e-01
95.234870 1.156602281290790291e-01
95.243180 1.156494435909505153e-01
95.251490 1.156386604867757489e-01
95.259799 1.156278788163543902e-01
95.268109 1.156170985795015732e-01
95.276419 1.156063197760280048e-01
95.284729 1.155955424057368702e-01
95.293039 1.155847664684377801e-01
95.301349 1.155739919639408170e-01
95.309658 1.155632188920551195e-01
95.317968 1.155524472525868568e-01
95.326278 1.155416770453451120e-01
95.334588 1.155309082701402174e-01
95.342898 1.155201409267784529e-01
95.351208 1.155093750150695681e-01
95.359517 1.154986105348217162e-01
95.367827 1.154878474858450771e-01
95.376137 1.154770858679465689e-01
95.384447 1.154663256809328326e-01
95.392757 1.154555669246179334e-01
95.401067 1.154448095988051259e-01
95.409376 1.154340537033055197e-01
95.417686 1.154232992379233824e-01
95.425996 1.154125462024748194e-01
95.434306 1.154017945967622250e-01
95.442616 1.153910444206002195e-01
95.450926 1.153802956737901425e-01
95.459235 1.153695483561446022e-01
95.467545 1.153588024674717660e-01
95.475855 1.153480580075800926e-01
95.484165 1.153373149762794841e-01
95.492475 1.153265733733760817e-01
95.500785 1.153158331986783303e-01
95.509095 1.153050944519977555e-01
95.517404 1.152943571331391387e-01
95.525714 1.152836212419146994e-01
95.534024 1.152728867781306343e-01
95.542334 1.152621537415965264e-01
95.550644 1.152514221321227356e-01
95.558954 1.152406919495148341e-01
95.567263 1.152299631935816276e-01
95.575573 1.152192358641340592e-01
95.583883 1.152085099609772428e-01
95.592193 1.151977854839225379e-01
95.600503 1.151870624327779591e-01
95.608813 1.151763408073510075e-01
95.617122 1.151656206074538752e-01
95.625432 1.151549018328907187e-01
95.633742 1.151441844834729944e-01
95.642052 1.151334685590081480e-01
95.650362 1.151227540593043469e-01
95.658672 1.151120409841716596e-01
95.666981 1.151013293334167548e-01
95.675291 1.150906191068511025e-01
95.683601 1.150799103042806776e-01
95.691911 1.150692029255154097e-01
95.700221 1.150584969703654509e-01
95.708531 1.150477924386348189e-01
95.716840 1.150370893301362468e-01
95.725150 1.150263876446782907e-01
95.733460 1.150156873820669529e-01
95.741770 1.150049885421131346e-01
95.750080 1.149942911246257804e-01
95.758390 1.149835951294108094e-01
95.766699 1.149729005562806217e-01
95.775009 1.149622074050399012e-01
95.783319 1.149515156755011452e-01
95.791629 1.149408253674697317e-01
95.799939 1.149301364807564785e-01
95.808249 1.149194490151712877e-01
95.816558 1.149087629705199815e-01
95.824868 1.148980783466118510e-01
95.833178 1.148873951432554663e-01
95.841488 1.148767133602617424e-01
95.849798 1.148660329974364458e-01
95.858108 1.148553540545886181e-01
95.866418 1.148446765315308954e-01
95.874727 1.148340004280670457e-01
95.883037 1.148233257440060273e-01
95.891347 1.148126524791647091e-01
95.899657 1.148019806333393372e-01
95.907967 1.147913102063467805e-01
95.916277 1.147806411979936103e-01
95.924586 1.147699736080884381e-01
95.932896 1.147593074364395699e-01
95.941206 1.147486426828555756e-01
95.949516 1.147379793471500625e-01
95.957826 1.147273174291241898e-01
95.966136 1.147166569285908294e-01
95.974445 1.147059978453598694e-01
95.982755 1.146953401792395605e-01
95.991065 1.146846839300327547e-01
95.999375 1.146740290975566678e-01
96.007685 1.146633756816128613e-01
96.015995 1.146527236820159973e-01
96.024304 1.146420730985722031e-01
96.032614 1.146314239310888550e-01
96.040924 1.146207761793801155e-01
96.049234 1.146101298432475046e-01
96.057544 1.145994849225039358e-01
96.065854 1.145888414169603520e-01
96.074163 1.145781993264191750e-01
96.082473 1.145675586506936794e-01
96.090783 1.145569193895939891e-01
96.099093 1.145462815429252740e-01
96.107403 1.145356451104965478e-01
96.115713 1.145250100921205022e-01
96.124022 1.145143764876008774e-01
96.132332 1.145037442967488384e-01
96.140642 1.144931135193753974e-01
96.148952 1.144824841552863071e-01
96.157262 1.144718562042922050e-01
96.165572 1.144612296661995238e-01
96.173881 1.144506045408200251e-01
96.182191 1.144399808279610575e-01
96.190501 1.144293585274317321e-01
96.198811 1.144187376390410904e-01
96.207121 1.144081181625951904e-01
96.215431 1.143975000979092077e-01
96.223741 1.143868834447861194e-01
96.232050 1.143762682030387279e-01
96.240360 1.143656543724741598e-01
96.248670 1.143550419528971684e-01
96.256980 1.143444309441246365e-01
96.265290 1.143338213459604291e-01
96.273600 1.143232131582135880e-01
96.281909 1.143126063806972209e-01
96.290219 1.143020010132149433e-01
96.298529 1.142913970555782949e-01
96.306839 1.142807945075941245e-01
96.315149 1.142701933690729033e-01
96.323459 1.142595936398261569e-01
96.331768 1.142489953196590552e-01
96.340078 1.142383984083809451e-01
96.348388 1.142278029058003963e-01
96.356698 1.142172088117294620e-01
96.365008 1.142066161259736451e-01
96.373318 1.141960248483436802e-01
96.381627 1.141854349786495110e-01
96.389937 1.141748465166959881e-01
96.398247 1.141642594622954282e-01
96.406557 1.141536738152573310e-01
96.414867 1.141430895753887675e-01
96.423177 1.141325067425010414e-01
96.431486 1.141219253164004882e-01
96.439796 1.141113452968964270e-01
96.448106 1.141007666837991208e-01
96.456416 1.140901894769159458e-01
96.464726 1.140796136760584972e-01
96.473036 1.140690392810321113e-01
96.481345 1.140584662916495767e-01
96.489655 1.140478947077177563e-01
96.497965 1.140373245290476345e-01
96.506275 1.140267557554445754e-01
96.514585 1.140161883867218673e-01
96.522895 1.140056224226850823e-01
96.531205 1.139950578631443862e-01
96.539514 1.139844947079077381e-01
96.547824 1.139739329567890508e-01
96.556134 1.139633726095896499e-01
96.564444 1.139528136661267094e-01
96.572754 1.139422561262042333e-01
96.581064 1.139316999896314159e-01
96.589373 1.139211452562185894e-01
96.597683 1.139105919257751842e-01
96.605993 1.139000399981089928e-01
96.614303 1.138894894730294038e-01
96.622613 1.138789403503444597e-01
96.630923 1.138683926298690308e-01
96.639232 1.138578463114054418e-01
96.647542 1.138473013947647605e-01
96.655852 1.138367578797560981e-01
96.664162 1.138262157661906609e-01
96.672472 1.138156750538745765e-01
96.680782 1.138051357426195787e-01
96.689091 1.137945978322323221e-01
96.697401 1.137840613225243880e-01
96.705711 1.137735262133027364e-01
96.714021 1.137629925043783796e-01
96.722331 1.137524601955570008e-01
96.730641 1.137419292866533177e-01
96.738950 1.137313997774724306e-01
96.747260 1.137208716678239084e-01
96.755570 1.137103449575184166e-01
96.763880 1.136998196463633454e-01
96.772190 1.136892957341687910e-01
96.780500 1.136787732207455159e-01
96.788809 1.136682521058985929e-01
96.797119 1.136577323894418512e-01
96.805429 1.136472140711820983e-01
96.813739 1.136366971509279317e-01
96.822049 1.136261816284915432e-01
96.830359 1.136156675036792962e-01
96.838668 1.136051547762999825e-01
96.846978 1.135946434461677090e-01
96.855288 1.135841335130855917e-01
96.863598 1.135736249768638517e-01
96.871908 1.135631178373147920e-01
96.880218 1.135526120942459138e-01
96.888528 1.135421077474676743e-01
96.896837 1.135316047967874081e-01
96.905147 1.135211032420153504e-01
96.913457 1.135106030829635126e-01
96.921767 1.135001043194339004e-01
96.930077 1.134896069512436739e-01
96.938387 1.134791109781973228e-01
96.946696 1.134686164001064840e-01
96.955006 1.134581232167783810e-01
96.963316 1.134476314280245951e-01
96.971626 1.134371410336542374e-01
96.979936 1.134266520334719225e-01
96.988246 1.134161644272965175e-01
96.996555 1.134056782149289316e-01
97.004865 1.133951933961817732e-01
97.013175 1.133847099708633621e-01
97.021485 1.133742279387842805e-01
97.029795 1.133637472997519463e-01
97.038105 1.133532680535778298e-01
97.046414 1.133427902000700288e-01
97.054724 1.133323137390389868e-01
97.063034 1.133218386702930652e-01
97.071344 1.133113649936424161e-01
97.079654 1.133008927088958590e-01
97.087964 1.132904218158645310e-01
97.096273 1.132799523143536713e-01
97.104583 1.132694842041749583e-01
97.112893 1.132590174851401676e-01
97.121203 1.132485521570551906e-01
97.129513 1.132380882197336486e-01
97.137823 1.132276256729790181e-01
97.146132 1.132171645166064333e-01
97.154442 1.132067047504227847e-01
97.162752 1.131962463742367114e-01
97.171062 1.131857893878598642e-01
97.179372 1.131753337910999385e-01
97.187682 1.131648795837667254e-01
97.195991 1.131544267656680453e-01
97.204301 1.131439753366186435e-01
97.212611 1.131335252964235094e-01
97.220921 1.131230766448918790e-01
97.229231 1.131126293818360135e-01
97.237541 1.131021835070648712e-01
97.245851 1.130917390203860229e-01
97.254160 1.130812959216119379e-01
97.262470 1.130708542105475917e-01
97.270780 1.130604138870065639e-01
97.279090 1.130499749507970775e-01
97.287400 1.130395374017287291e-01
97.295710 1.130291012396116707e-01
97.304019 1.130186664642539723e-01
97.312329 1.130082330754656611e-01
97.320639 1.129978010730584154e-01
97.328949 1.129873704568400555e-01
97.337259 1.129769412266189571e-01
97.345569 1.129665133822058826e-01
97.353878 1.129560869234127601e-01
97.362188 1.129456618500462861e-01
97.370498 1.129352381619159046e-01
97.378808 1.129248158588335021e-01
97.387118 1.129143949406049285e-01
97.395428 1.129039754070441381e-01
97.403737 1.128935572579589652e-01
97.412047 1.128831404931594368e-01
97.420357 1.128727251124540393e-01
97.428667 1.128623111156505238e-01
97.436977 1.128518985025663557e-01
97.445287 1.128414872730029717e-01
97.453596 1.128310774267734240e-01
97.461906 1.128206689636873233e-01
97.470216 1.128102618835539195e-01
97.478526 1.127998561861818516e-01
97.486836 1.127894518713840610e-01
97.495146 1.127790489389683681e-01
97.503455 1.127686473887448693e-01
97.511765 1.127582472205216485e-01
97.520075 1.127478484341091769e-01
97.528385 1.127374510293205484e-01
97.536695 1.127270550059593507e-01
97.545005 1.127166603638403569e-01
97.553314 1.127062671027701940e-01
97.561624 1.126958752225622334e-01
97.569934 1.126854847230234075e-01
97.578244 1.126750956039639789e-01
97.586554 1.126647078651914491e-01
97.594864 1.126543215065211184e-01
97.603174 1.126439365277601828e-01
97.611483 1.126335529287154080e-01
97.619793 1.126231707092024414e-01
97.628103 1.126127898690249124e-01
97.636413 1.126024104079962063e-01
97.644723 1.125920323259273631e-01
97.653033 1.125816556226270360e-01
97.661342 1.125712802979026983e-01
97.669652 1.125609063515676384e-01
97.677962 1.125505337834262071e-01
97.686272 1.125401625932972993e-01
97.694582 1.125297927809841836e-01
97.702892 1.125194243462976640e-01
97.711201 1.125090572890480312e-01
97.719511 1.124986916090459366e-01
97.727821 1.124883273060994643e-01
97.736131 1.124779643800224160e-01
97.744441 1.124676028306201142e-01
97.752751 1.124572426577064577e-01
97.761060 1.124468838610873517e-01
97.769370 1.124365264405767506e-01
97.777680 1.124261703959809344e-01
97.785990 1.124158157271139408e-01
97.794300 1.124054624337828129e-01
97.802610 1.123951105157971891e-01
97.810919 1.123847599729671798e-01
97.819229 1.123744108051055596e-01
97.827539 1.123640630120216199e-01
97.835849 1.123537165935231674e-01
97.844159 1.123433715494200347e-01
97.852469 1.123330278795238724e-01
97.860778 1.123226855836450960e-01
97.869088 1.123123446615923032e-01
97.877398 1.123020051131775471e-01
97.885708 1.122916669382080929e-01
97.894018 1.122813301364965349e-01
97.902328 1.122709947078536497e-01
97.910638 1.122606606520831912e-01
97.918947 1.122503279690021255e-01
97.927257 1.122399966584187725e-01
97.935567 1.122296667201415910e-01
97.943877 1.122193381539813989e-01
97.952187 1.122090109597514429e-01
97.960497 1.121986851372569760e-01
97.968806 1.121883606863113003e-01
97.977116 1.121780376067235546e-01
97.985426 1.121677158983023226e-01
97.993736 1.121573955608602541e-01
98.002046 1.121470765942072650e-01
98.010356 1.121367589981534379e-01
98.018665 1.121264427725065932e-01
98.026975 1.121161279170779373e-01
98.035285 1.121058144316800925e-01
98.043595 1.120955023161230302e-01
98.051905 1.120851915702115176e-01
98.060215 1.120748821937637418e-01
98.068524 1.120645741865845674e-01
98.076834 1.120542675484845901e-01
98.085144 1.120439622792741702e-01
98.093454 1.120336583787663598e-01
98.101764 1.120233558467705615e-01
98.110074 1.120130546830946511e-01
98.118383 1.120027548875507789e-01
98.126693 1.119924564599481948e-01
98.135003 1.119821594000978832e-01
98.143313 1.119718637078100515e-01
98.151623 1.119615693828944214e-01
98.159933 1.119512764251625880e-01
98.168242 1.119409848344245090e-01
98.176552 1.119306946104881156e-01
98.184862 1.119204057531689167e-01
98.193172 1.119101182622713186e-01
98.201482 1.118998321376113159e-01
98.209792 1.118895473789945777e-01
98.218101 1.118792639862331850e-01
98.226411 1.118689819591362489e-01
98.234721 1.118587012975177375e-01
98.243031 1.118484220011859570e-01
98.251341 1.118381440699510870e-01
98.259651 1.118278675036233627e-01
98.267961 1.118175923020146845e-01
98.276270 1.118073184649326784e-01
98.284580 1.117970459921896614e-01
98.292890 1.117867748835963404e-01
98.301200 1.117765051389627423e-01
98.309510 1.117662367580995048e-01
98.317820 1.117559697408158081e-01
98.326129 1.117457040869252738e-01
98.334439 1.117354397962347784e-01
98.342749 1.117251768685562779e-01
98.351059 1.117149153037031023e-01
98.359369 1.117046551014791722e-01
98.367679 1.116943962617008568e-01
98.375988 1.116841387841762401e-01
98.384298 1.116738826687184855e-01
98.392608 1.116636279151344974e-01
98.400918 1.116533745232361347e-01
98.409228 1.116431224928353394e-01
98.417538 1.116328718237401957e-01
98.425847 1.116226225157634366e-01
98.434157 1.116123745687142010e-01
98.442467 1.116021279824042783e-01
98.450777 1.115918827566439869e-01
98.459087 1.115816388912428403e-01
98.467397 1.115713963860115038e-01
98.475706 1.115611552407637236e-01
98.484016 1.115509154553073479e-01
98.492326 1.115406770294521260e-01
98.500636 1.115304399630118182e-01
98.508946 1.115202042557962292e-01
98.517256 1.115099699076136375e-01
98.525565 1.114997369182760822e-01
98.533875 1.114895052875953113e-01
98.542185 1.114792750153807271e-01
98.550495 1.114690461014427175e-01
98.558805 1.114588185455957642e-01
98.567115 1.114485923476464524e-01
98.575424 1.114383675074053504e-01
98.583734 1.114281440246856214e-01
98.592044 1.114179218992966403e-01
98.600354 1.114077011310512511e-01
98.608664 1.113974817197556783e-01
98.616974 1.113872636652260412e-01
98.625284 1.113770469672701047e-01
98.633593 1.113668316257004076e-01
98.641903 1.113566176403252145e-01
98.650213 1.113464050109543579e-01
98.658523 1.113361937374045402e-01
98.666833 1.113259838194832069e-01
98.675143 1.113157752569993025e-01
98.683452 1.113055680497667954e-01
98.691762 1.112953621975959068e-01
98.700072 1.112851577002953590e-01
98.708382 1.112749545576794535e-01
98.716692 1.112647527695558303e-01
98.725002 1.112545523357359456e-01
98.733311 1.112443532560336290e-01
98.741621 1.112341555302557433e-01
98.749931 1.112239591582159237e-01
98.758241 1.112137641397253768e-01
98.766551 1.112035704745911735e-01
98.774861 1.111933781626307793e-01
98.783170 1.111831872036478513e-01
98.791480 1.111729975974615897e-01
98.799790 1.111628093438767201e-01
98.808100 1.111526224427061005e-01
98.816410 1.111424368937587170e-01
98.824720 1.111322526968480245e-01
98.833029 1.111220698517873667e-01
98.841339 1.111118883583813305e-01
98.849649 1.111017082164459102e-01
98.857959 1.110915294257910357e-01
98.866269 1.110813519862284687e-01
98.874579 1.110711758975668345e-01
98.882888 1.110610011596184638e-01
98.891198 1.110508277721977549e-01
98.899508 1.110406557351089479e-01
98.907818 1.110304850481682731e-01
98.916128 1.110203157111873812e-01
98.924438 1.110101477239716222e-01
98.932747 1.109999810863408209e-01
98.941057 1.109898157980988287e-01
98.949367 1.109796518590602521e-01
98.957677 1.109694892690366724e-01
98.965987 1.109593280278344807e-01
98.974297 1.109491681352705317e-01
98.982607 1.109390095911542418e-01
98.990916 1.109288523952965955e-01
98.999226 1.109186965475070369e-01
99.007536 1.109085420475998257e-01
99.015846 1.108983888953855579e-01
99.024156 1.108882370906728587e-01
99.032466 1.108780866332731013e-01
99.040775 1.108679375230027242e-01
99.049085 1.108577897596693534e-01
99.057395 1.108476433430842650e-01
99.065705 1.108374982730590264e-01
99.074015 1.108273545494024293e-01
99.082325 1.108172121719315506e-01
99.090634 1.108070711404521291e-01
99.098944 1.107969314547787992e-01
99.107254 1.107867931147214491e-01
99.115564 1.107766561200929922e-01
99.123874 1.107665204707017209e-01
99.132184 1.107563861663632271e-01
99.140493 1.107462532068846789e-01
99.148803 1.107361215920809050e-01
99.157113 1.107259913217600866e-01
99.165423 1.107158623957383153e-01
99.173733 1.107057348138205805e-01
99.182043 1.106956085758225294e-01
99.190352 1.106854836815572979e-01
99.198662 1.106753601308341356e-01
99.206972 1.106652379234609462e-01
99.215282 1.106551170592545430e-01
99.223592 1.106449975380231349e-01
99.231902 1.106348793595818836e-01
99.240211 1.106247625237383597e-01
99.248521 1.106146470303061707e-01
99.256831 1.106045328790944554e-01
99.265141 1.105944200699183755e-01
99.273451 1.105843086025852517e-01
99.281761 1.105741984769127717e-01
99.290070 1.105640896927067296e-01
99.298380 1.105539822497796365e-01
99.306690 1.105438761479471677e-01
99.315000 1.105337713870173655e-01
99.323310 1.105236679668013949e-01
99.331620 1.105135658871096299e-01
99.339930 1.105034651477586755e-01
99.348239 1.104933657485563658e-01
99.356549 1.104832676893173077e-01
99.364859 1.104731709698488495e-01
99.373169 1.104630755899661254e-01
99.381479 1.104529815494790373e-01
99.389789 1.104428888482020532e-01
99.398098 1.104327974859435346e-01
99.406408 1.104227074625159233e-01
99.414718 1.104126187777304119e-01
99.423028 1.104025314314026618e-01
99.431338 1.103924454233399244e-01
99.439648 1.103823607533568479e-01
99.447957 1.103722774212622104e-01
99.456267 1.103621954268687172e-01
99.464577 1.103521147699911970e-01
99.472887 1.103420354504377060e-01
99.481197 1.103319574680211718e-01
99.489507 1.103218808225554376e-01
99.497816 1.103118055138479492e-01
99.506126 1.103017315417149924e-01
99.514436 1.102916589059676766e-01
99.522746 1.102815876064155848e-01
99.531056 1.102715176428727684e-01
99.539366 1.102614490151485743e-01
99.547675 1.102513817230549725e-01
99.555985 1.102413157664059451e-01
99.564295 1.102312511450165566e-01
99.572605 1.102211878586927402e-01
99.580915 1.102111259072480753e-01
99.589225 1.102010652904945598e-01
99.597534 1.101910060082443438e-01
99.605844 1.101809480603093416e-01
99.614154 1.101708914465044653e-01
99.622464 1.101608361666362168e-01
99.630774 1.101507822205212012e-01
99.639084 1.101407296079684600e-01
99.647394 1.101306783287928914e-01
99.655703 1.101206283828014554e-01
99.664013 1.101105797698129635e-01
99.672323 1.101005324896360965e-01
99.680633 1.100904865420808676e-01
99.688943 1.100804419269609535e-01
99.697253 1.100703986440891985e-01
99.705562 1.100603566932790711e-01
99.713872 1.100503160743382114e-01
99.722182 1.100402767870834464e-01
99.730492 1.100302388313253721e-01
99.738802 1.100202022068733493e-01
99.747112 1.100101669135402915e-01
99.755421 1.100001329511458431e-01
99.763731 1.099901003194908300e-01
99.772041 1.099800690183955487e-01
99.780351 1.099700390476665984e-01
99.788661 1.099600104071221385e-01
99.796971 1.099499830965691705e-01
99.805280 1.099399571158207328e-01
99.813590 1.099299324646907106e-01
99.821900 1.099199091429926972e-01
99.830210 1.099098871505365116e-01
99.838520 1.098998664871353448e-01
99.846830 1.098898471525993903e-01
99.855139 1.098798291467435462e-01
99.863449 1.098698124693809342e-01
99.871759 1.098597971203188889e-01
99.880069 1.098497830993764579e-01
99.888379 1.098397704063609620e-01
99.896689 1.098297590410845653e-01
99.904998 1.098197490033637341e-01
99.913308 1.098097402930063721e-01
99.921618 1.097997329098276686e-01
99.929928 1.097897268536411064e-01
99.938238 1.097797221242558241e-01
99.946548 1.097697187214852349e-01
99.954857 1.097597166451423356e-01
99.963167 1.097497158950395818e-01
99.971477 1.097397164709877082e-01
99.979787 1.097297183728022929e-01
99.988097 1.097197216002954168e-01
99.996407 1.097097261532746920e-01
100.004717 1.096997320315579866e-01
100.013026 1.096897392349566319e-01
100.021336 1.096797477632817375e-01
100.029646 1.096697576163453564e-01
100.037956 1.096597687939632748e-01
100.046266 1.096497812959462553e-01
100.054576 1.096397951221058653e-01
100.062885 1.096298102722537832e-01
100.071195 1.096198267462048098e-01
100.079505 1.096098445437726776e-01
100.087815 1.095998636647672886e-01
100.096125 1.095898841090011955e-01
100.104435 1.095799058762884359e-01
100.112744 1.095699289664424508e-01
100.121054 1.095599533792723790e-01
100.129364 1.095499791145941315e-01
100.137674 1.095400061722205387e-01
100.145984 1.095300345519636537e-01
100.154294 1.095200642536338365e-01
100.162603 1.095100952770441533e-01
100.170913 1.095001276220112785e-01
100.179223 1.094901612883433933e-01
100.187533 1.094801962758567421e-01
100.195843 1.094702325843636137e-01
100.204153 1.094602702136722033e-01
100.212462 1.094503091636009062e-01
100.220772 1.094403494339589999e-01
100.229082 1.094303910245617850e-01
100.237392 1.094204339352216893e-01
100.245702 1.094104781657509323e-01
100.254012 1.094005237159605959e-01
100.262321 1.093905705856644539e-01
100.270631 1.093806187746790282e-01
100.278941 1.093706682828121945e-01
100.287251 1.093607191098782683e-01
100.295561 1.093507712556910233e-01
100.303871 1.093408247200615552e-01
100.312180 1.093308795028076902e-01
100.320490 1.093209356037367352e-01
100.328800 1.093109930226629084e-01
100.337110 1.093010517594021763e-01
100.345420 1.092911118137637055e-01
100.353730 1.092811731855610341e-01
100.362040 1.092712358746107254e-01
100.370349 1.092612998807209329e-01
100.378659 1.092513652037066935e-01
100.386969 1.092414318433834047e-01
100.395279 1.092314997995611076e-01
100.403589 1.092215690720536175e-01
100.411899 1.092116396606735290e-01
100.420208 1.092017115652360593e-01
100.428518 1.091917847855505830e-01
100.436828 1.091818593214340660e-01
100.445138 1.091719351726970627e-01
100.453448 1.091620123391518482e-01
100.461758 1.091520908206126544e-01
100.470067 1.091421706168965028e-01
100.478377 1.091322517278102283e-01
100.486687 1.091223341531710744e-01
100.494997 1.091124178927910249e-01
100.503307 1.091025029464824797e-01
100.511617 1.090925893140601011e-01
100.519926 1.090826769953359004e-01
100.528236 1.090727659901233881e-01
100.536546 1.090628562982376842e-01
100.544856 1.090529479194883578e-01
100.553166 1.090430408536902374e-01
100.561476 1.090331351006584987e-01
100.569785 1.090232306602047369e-01
100.578095 1.090133275321416434e-01
100.586405 1.090034257162813408e-01
100.594715 1.089935252124426546e-01
100.603025 1.089836260204345292e-01
100.611335 1.089737281400693925e-01
100.619644 1.089638315711619065e-01
100.627954 1.089539363135279409e-01
100.636264 1.089440423669771618e-01
100.644574 1.089341497313276869e-01
100.652884 1.089242584063866703e-01
100.661194 1.089143683919698152e-01
100.669503 1.089044796878948784e-01
100.677813 1.088945922939685562e-01
100.686123 1.088847062100087582e-01
100.694433 1.088748214358261496e-01
100.702743 1.088649379712370996e-01
100.711053 1.088550558160531062e-01
100.719363 1.088451749700908300e-01
100.727672 1.088352954331590211e-01
100.735982 1.088254172050726887e-01
100.744292 1.088155402856477300e-01
100.752602 1.088056646746957956e-01
100.760912 1.087957903720309927e-01
100.769222 1.087859173774657490e-01
100.777531 1.087760456908130058e-01
100.785841 1.087661753118909641e-01
100.794151 1.087563062405087905e-01
100.802461 1.087464384764808972e-01
100.810771 1.087365720196207253e-01
100.819081 1.087267068697445743e-01
100.827390 1.087168430266637342e-01
100.835700 1.087069804901918540e-01
100.844010 1.086971192601431102e-01
100.852320 1.086872593363299583e-01
100.860630 1.086774007185695029e-01
100.868940 1.086675434066723261e-01
100.877249 1.086576874004514248e-01
100.885559 1.086478326997264016e-01
100.893869 1.086379793043039249e-01
100.902179 1.086281272140010162e-01
100.910489 1.086182764286317687e-01
100.918799 1.086084269480089848e-01
100.927108 1.085985787719443568e-01
100.935418 1.085887319002590973e-01
100.943728 1.085788863327585979e-01
100.952038 1.085690420692613789e-01
100.960348 1.085591991095789938e-01
100.968658 1.085493574535283390e-01
100.976967 1.085395171009192056e-01
100.985277 1.085296780515684345e-01
100.993587 1.085198403052917288e-01
101.001897 1.085100038618966034e-01
101.010207 1.085001687212018284e-01
101.018517 1.084903348830225656e-01
101.026827 1.084805023471688140e-01
101.035136 1.084706711134580115e-01
101.043446 1.084608411816994078e-01
101.051756 1.084510125517120366e-01
101.060066 1.084411852233071322e-01
101.068376 1.084313591963007722e-01
101.076686 1.084215344705059120e-01
101.084995 1.084117110457348543e-01
101.093305 1.084018889218032605e-01
101.101615 1.083920680985256679e-01
101.109925 1.083822485757160031e-01
101.118235 1.083724303531877625e-01
101.126545 1.083626134307549838e-01
101.134854 1.083527978082320792e-01
101.143164 1.083429834854342383e-01
101.151474 1.083331704621749436e-01
101.159784 1.083233587382670671e-01
101.168094 1.083135483135243410e-01
101.176404 1.083037391877645222e-01
101.184713 1.082939313607993864e-01
101.193023 1.082841248324429850e-01
101.201333 1.082743196025095084e-01
101.209643 1.082645156708137157e-01
101.217953 1.082547130371723926e-01
101.226263 1.082449117013936368e-01
101.234572 1.082351116632983279e-01
101.242882 1.082253129226947858e-01
101.251192 1.082155154794004759e-01
101.259502 1.082057193332330858e-01
101.267812 1.081959244840023232e-01
101.276122 1.081861309315209352e-01
101.284431 1.081763386756073170e-01
101.292741 1.081665477160757560e-01
101.301051 1.081567580527383748e-01
101.309361 1.081469696854102797e-01
101.317671 1.081371826139047726e-01
101.325981 1.081273968380400963e-01
101.334290 1.081176123576270409e-01
101.342600 1.081078291724815871e-01
101.350910 1.080980472824185495e-01
101.359220 1.080882666872502729e-01
101.367530 1.080784873867941392e-01
101.375840 1.080687093808637145e-01
101.384150 1.080589326692704688e-01
101.392459 1.080491572518343102e-01
101.400769 1.080393831283644329e-01
101.409079 1.080296102986806478e-01
101.417389 1.080198387625927459e-01
101.425699 1.080100685199174571e-01
101.434009 1.080002995704707064e-01
101.442318 1.079905319140646303e-01
101.450628 1.079807655505160419e-01
101.458938 1.079710004796372164e-01
101.467248 1.079612367012442870e-01
101.475558 1.079514742151515549e-01
101.483868 1.079417130211749037e-01
101.492177 1.079319531191261505e-01
101.500487 1.079221945088220530e-01
101.508797 1.079124371900776480e-01
101.517107 1.079026811627085414e-01
101.525417 1.078929264265261340e-01
101.533727 1.078831729813473916e-01
101.542036 1.078734208269863520e-01
101.550346 1.078636699632575940e-01
101.558656 1.078539203899786941e-01
101.566966 1.078441721069610393e-01
101.575276 1.078344251140219145e-01
101.583586 1.078246794109743584e-01
101.591895 1.078149349976324223e-01
101.600205 1.078051918738131693e-01
101.608515 1.077954500393292214e-01
101.616825 1.077857094940008476e-01
101.625135 1.077759702376360068e-01
101.633445 1.077662322700538022e-01
101.641754 1.077564955910679662e-01
101.650064 1.077467602004912733e-01
101.658374 1.077370260981428407e-01
101.666684 1.077272932838351793e-01
101.674994 1.077175617573852412e-01
101.683304 1.077078315186045798e-01
101.691613 1.076981025673095366e-01
101.699923 1.076883749033172022e-01
101.708233 1.076786485264407400e-01
101.716543 1.076689234364974490e-01
101.724853 1.076591996332998402e-01
101.733163 1.076494771166621733e-01
101.741473 1.076397558864016640e-01
101.749782 1.076300359423345565e-01
101.758092 1.076203172842720851e-01
101.766402 1.076105999120326312e-01
101.774712 1.076008838254310790e-01
101.783022 1.075911690242801200e-01
101.791332 1.075814555083994539e-01
101.799641 1.075717432775988719e-01
101.807951 1.075620323316967414e-01
101.816261 1.075523226705075858e-01
101.824571 1.075426142938480101e-01
101.832881 1.075329072015302478e-01
101.841191 1.075232013933730690e-01
101.849500 1.075134968691860149e-01
101.857810 1.075037936287938783e-01
101.866120 1.074940916720040079e-01
101.874430 1.074843909986330226e-01
101.882740 1.074746916084978049e-01
101.891050 1.074649935014154872e-01
101.899359 1.074552966771965129e-01
101.907669 1.074456011356607205e-01
101.915979 1.074359068766207320e-01
101.924289 1.074262138998932636e-01
101.932599 1.074165222052940183e-01
101.940909 1.074068317926365757e-01
101.949218 1.073971426617380681e-01
101.957528 1.073874548124148648e-01
101.965838 1.073777682444778531e-01
101.974148 1.073680829577487866e-01
101.982458 1.073583989520387333e-01
101.990768 1.073487162271655054e-01
101.999077 1.073390347829420166e-01
102.007387 1.073293546191880776e-01
102.015697 1.073196757357143122e-01
102.024007 1.073099981323388519e-01
102.032317 1.073003218088776078e-01
102.040627 1.072906467651456586e-01
102.048936 1.072809730009583046e-01
102.057246 1.072713005161311378e-01
102.065556 1.072616293104800833e-01
102.073866 1.072519593838216351e-01
102.082176 1.072422907359696226e-01
102.090486 1.072326233667414419e-01
102.098796 1.072229572759516303e-01
102.107105 1.072132924634175560e-01
102.115415 1.072036289289513417e-01
102.123725 1.071939666723718265e-01
102.132035 1.071843056934942556e-01
102.140345 1.071746459921337769e-01
102.148655 1.071649875681065928e-01
102.156964 1.071553304212301549e-01
102.165274 1.071456745513159753e-01
102.173584 1.071360199581827544e-01
102.181894 1.071263666416474580e-01
102.190204 1.071167146015237215e-01
102.198514 1.071070638376291490e-01
102.206823 1.070974143497780556e-01
102.215133 1.070877661377859502e-01
102.223443 1.070781192014708255e-01
102.231753 1.070684735406451926e-01
102.240063 1.070588291551309440e-01
102.248373 1.070491860447382731e-01
102.256682 1.070395442092856447e-01
102.264992 1.070299036485879429e-01
102.273302 1.070202643624625083e-01
102.281612 1.070106263507257238e-01
102.289922 1.070009896131891292e-01
102.298232 1.069913541496758241e-01
102.306541 1.069817199599961688e-01
102.314851 1.069720870439695992e-01
102.323161 1.069624554014077245e-01
102.331471 1.069528250321322704e-01
102.339781 1.069431959359566364e-01
102.348091 1.069335681126975385e-01
102.356400 1.069239415621703188e-01
102.364710 1.069143162841912215e-01
102.373020 1.069046922785770043e-01
102.381330 1.068950695451431898e-01
102.389640 1.068854480837064524e-01
102.397950 1.068758278940831752e-01
102.406259 1.068662089760885753e-01
102.414569 1.068565913295401876e-01
102.422879 1.068469749542526881e-01
102.431189 1.068373598500450411e-01
102.439499 1.068277460167294662e-01
102.447809 1.068181334541265376e-01
102.456119 1.068085221620489744e-01
102.464428 1.067989121403174063e-01
102.472738 1.067893033887440807e-01
102.481048 1.067796959071453111e-01
102.489358 1.067700896953418244e-01
102.497668 1.067604847531461593e-01
102.505978 1.067508810803732555e-01
102.514287 1.067412786768437011e-01
102.522597 1.067316775423726299e-01
102.530907 1.067220776767740936e-01
102.539217 1.067124790798676393e-01
102.547527 1.067028817514670269e-01
102.555837 1.066932856913945238e-01
102.564146 1.066836908994577976e-01
102.572456 1.066740973754787825e-01
102.580766 1.066645051192745830e-01
102.589076 1.066549141306608051e-01
102.597386 1.066453244094537345e-01
102.605696 1.066357359554662293e-01
102.614005 1.066261487685201542e-01
102.622315 1.066165628484300604e-01
102.630625 1.066069781950138295e-01
102.638935 1.065973948080838757e-01
102.647245 1.065878126874646864e-01
102.655555 1.065782318329652201e-01
102.663864 1.065686522444059259e-01
102.672174 1.065590739216019378e-01
102.680484 1.065494968643721924e-01
102.688794 1.065399210725303386e-01
102.697104 1.065303465458969923e-01
102.705414 1.065207732842850114e-01
102.713723 1.065112012875132075e-01
102.722033 1.065016305553976861e-01
102.730343 1.064920610877570784e-01
102.738653 1.064824928844043672e-01
102.746963 1.064729259451586696e-01
102.755273 1.064633602698381171e-01
102.763583 1.064537958582563587e-01
102.771892 1.064442327102336494e-01
102.780202 1.064346708255856644e-01
102.788512 1.064251102041282870e-01
102.796822 1.064155508456804677e-01
102.805132 1.064059927500548286e-01
102.813442 1.063964359170725127e-01
102.821751 1.063868803465499863e-01
102.830061 1.063773260383030494e-01
102.838371 1.063677729921480714e-01
102.846681 1.063582212079047795e-01
102.854991 1.063486706853888492e-01
102.863301 1.063391214244160249e-01
102.871610 1.063295734248019125e-01
102.879920 1.063200266863694732e-01
102.888230 1.063104812089298024e-01
102.896540 1.063009369923050562e-01
102.904850 1.062913940363059973e-01
102.913160 1.062818523407571825e-01
102.921469 1.062723119054699988e-01
102.929779 1.062627727302633135e-01
102.938089 1.062532348149562433e-01
102.946399 1.062436981593640056e-01
102.954709 1.062341627633026364e-01
102.963019 1.062246286265912804e-01
102.971328 1.062150957490459457e-01
102.979638 1.062055641304855830e-01
102.987948 1.061960337707252428e-01
102.996258 1.061865046695856934e-01
103.004568 1.061769768268808339e-01
103.012878 1.061674502424297950e-01
103.021187 1.061579249160482519e-01
103.029497 1.061484008475548774e-01
103.037807 1.061388780367674284e-01
103.046117 1.061293564835006920e-01
103.054427 1.061198361875751034e-01
103.062737 1.061103171488067681e-01
103.071046 1.061007993670114724e-01
103.079356 1.060912828420097487e-01
103.087666 1.060817675736176607e-01
103.095976 1.060722535616517720e-01
103.104286 1.060627408059309079e-01
103.112596 1.060532293062722287e-01
103.120906 1.060437190624912568e-01
103.129215 1.060342100744089272e-01
103.137525 1.060247023418406653e-01
103.145835 1.060151958646036313e-01
103.154145 1.060056906425176082e-01
103.162455 1.059961866753976051e-01
103.170765 1.059866839630622254e-01
103.179074 1.059771825053294064e-01
103.187384 1.059676823020167108e-01
103.195694 1.059581833529416317e-01
103.204004 1.059486856579211905e-01
103.212314 1.059391892167741156e-01
103.220624 1.059296940293164707e-01
103.228933 1.059202000953692324e-01
103.237243 1.059107074147467437e-01
103.245553 1.059012159872688846e-01
103.253863 1.058917258127521632e-01
103.262173 1.058822368910142531e-01
103.270483 1.058727492218739102e-01
103.278792 1.058632628051472124e-01
103.287102 1.058537776406534847e-01
103.295412 1.058442937282105395e-01
103.303722 1.058348110676350234e-01
103.312032 1.058253296587452069e-01
103.320342 1.058158495013602068e-01
103.328651 1.058063705952986960e-01
103.336961 1.057968929403759889e-01
103.345271 1.057874165364095093e-01
103.353581 1.057779413832198590e-01
103.361891 1.057684674806237402e-01
103.370201 1.057589948284378273e-01
103.378510 1.057495234264817507e-01
103.386820 1.057400532745754046e-01
103.395130 1.057305843725321742e-01
103.403440 1.057211167201732305e-01
103.411750 1.057116503173140265e-01
103.420060 1.057021851637778564e-01
103.428369 1.056927212593769677e-01
103.436679 1.056832586039325450e-01
103.444989 1.056737971972607909e-01
103.453299 1.056643370391815856e-01
103.461609 1.056548781295146011e-01
103.469919 1.056454204680724596e-01
103.478229 1.056359640546785383e-01
103.486538 1.056265088891483739e-01
103.494848 1.056170549713036089e-01
103.503158 1.056076023009564213e-01
103.511468 1.055981508779290645e-01
103.519778 1.055887007020403223e-01
103.528088 1.055792517731071190e-01
103.536397 1.055698040909480162e-01
103.544707 1.055603576553784256e-01
103.553017 1.055509124662221271e-01
103.561327 1.055414685232939215e-01
103.569637 1.055320258264130229e-01
103.577947 1.055225843753984927e-01
103.586256 1.055131441700681016e-01
103.594566 1.055037052102375944e-01
103.602876 1.054942674957291271e-01
103.611186 1.054848310263591799e-01
103.619496 1.054753958019476051e-01
103.627806 1.054659618223105638e-01
103.636115 1.054565290872700317e-01
103.644425 1.054470975966433355e-01
103.652735 1.054376673502450540e-01
103.661045 1.054282383478985508e-01
103.669355 1.054188105894203614e-01
103.677665 1.054093840746261057e-01
103.685974 1.053999588033415757e-01
103.694284 1.053905347753788802e-01
103.702594 1.053811119905579546e-01
103.710904 1.053716904487017325e-01
103.719214 1.053622701496227526e-01
103.727524 1.053528510931418527e-01
103.735833 1.053434332790811612e-01
103.744143 1.053340167072547434e-01
103.752453 1.053246013774821188e-01
103.760763 1.053151872895836255e-01
103.769073 1.053057744433769510e-01
103.777383 1.052963628386806988e-01
103.785692 1.052869524753126812e-01
103.794002 1.052775433530956095e-01
103.802312 1.052681354718448536e-01
103.810622 1.052587288313786285e-01
103.818932 1.052493234315176329e-01
103.827242 1.052399192720788190e-01
103.835552 1.052305163528836629e-01
103.843861 1.052211146737492553e-01
103.852171 1.052117142344945189e-01
103.860481 1.052023150349373631e-01
103.868791 1.051929170749010961e-01
103.877101 1.051835203542004493e-01
103.885411 1.051741248726538458e-01
103.893720 1.051647306300831780e-01
103.902030 1.051553376263050649e-01
103.910340 1.051459458611412323e-01
103.918650 1.051365553344069392e-01
103.926960 1.051271660459237034e-01
103.935270 1.051177779955135561e-01
103.943579 1.051083911829874540e-01
103.951889 1.050990056081706758e-01
103.960199 1.050896212708808258e-01
103.968509 1.050802381709364242e-01
103.976819 1.050708563081573788e-01
103.985129 1.050614756823615298e-01
103.993438 1.050520962933695346e-01
104.001748 1.050427181410001493e-01
104.010058 1.050333412250721854e-01
104.018368 1.050239655454067861e-01
104.026678 1.050145911018201123e-01
104.034988 1.050052178941319886e-01
104.043297 1.049958459221617402e-01
104.051607 1.049864751857325779e-01
104.059917 1.049771056846568879e-01
104.068227 1.049677374187587553e-01
104.076537 1.049583703878563118e-01
104.084847 1.049490045917696734e-01
104.093156 1.049396400303160143e-01
104.101466 1.049302767033169353e-01
104.109776 1.049209146105909984e-01
104.118086 1.049115537519563213e-01
104.126396 1.049021941272349906e-01
104.134706 1.048928357362420294e-01
104.143016 1.048834785788025498e-01
104.151325 1.048741226547327543e-01
104.159635 1.048647679638531616e-01
104.167945 1.048554145059803905e-01
104.176255 1.048460622809388454e-01
104.184565 1.048367112885431190e-01
104.192875 1.048273615286171440e-01
104.201184 1.048180130009765537e-01
104.209494 1.048086657054443094e-01
104.217804 1.047993196418366274e-01
104.226114 1.047899748099782175e-01
104.234424 1.047806312096825621e-01
104.242734 1.047712888407708598e-01
104.251043 1.047619477030674179e-01
104.259353 1.047526077963863433e-01
104.267663 1.047432691205501809e-01
104.275973 1.047339316753769650e-01
104.284283 1.047245954606886992e-01
104.292593 1.047152604763033207e-01
104.300902 1.047059267220414036e-01
104.309212 1.046965941977223008e-01
104.317522 1.046872629031647545e-01
104.325832 1.046779328381911012e-01
104.334142 1.046686040026164194e-01
104.342452 1.046592763962688605e-01
104.350761 1.046499500189602139e-01
104.359071 1.046406248705145231e-01
104.367381 1.046313009507496283e-01
104.375691 1.046219782594857289e-01
104.384001 1.046126567965463827e-01
104.392311 1.046033365617460992e-01
104.400620 1.045940175549064793e-01
104.408930 1.045846997758505398e-01
104.417240 1.045753832243926235e-01
104.425550 1.045660679003602711e-01
104.433860 1.045567538035645228e-01
104.442170 1.045474409338340710e-01
104.450479 1.045381292909841470e-01
104.458789 1.045288188748350194e-01
104.467099 1.045195096852085254e-01
104.475409 1.045102017219194240e-01
104.483719 1.045008949847976848e-01
104.492029 1.044915894736539314e-01
104.500339 1.044822851883154824e-01
104.508648 1.044729821285966948e-01
104.516958 1.044636802943201132e-01
104.525268 1.044543796853065615e-01
104.533578 1.044450803013778628e-01
104.541888 1.044357821423510801e-01
104.550198 1.044264852080458161e-01
104.558507 1.044171894982860449e-01
104.566817 1.044078950128891625e-01
104.575127 1.043986017516760068e-01
104.583437 1.043893097144672627e-01
104.591747 1.043800189010837404e-01
104.600057 1.043707293113455836e-01
104.608366 1.043614409450724506e-01
104.616676 1.043521538020845824e-01
104.624986 1.043428678822029554e-01
104.633296 1.043335831852488654e-01
104.641606 1.043242997110427478e-01
104.649916 1.043150174594014296e-01
104.658225 1.043057364301487044e-01
104.666535 1.042964566231059098e-01
104.674845 1.042871780380907332e-01
104.683155 1.042779006749252335e-01
104.691465 1.042686245334297768e-01
104.699775 1.042593496134248815e-01
104.708084 1.042500759147318712e-01
104.716394 1.042408034371698072e-01
104.724704 1.042315321805587780e-01
104.733014 1.042222621447210090e-01
104.741324 1.042129933294790867e-01
104.749634 1.042037257346499213e-01
104.757943 1.041944593600558772e-01
104.766253 1.041851942055145863e-01
104.774563 1.041759302708527707e-01
104.782873 1.041666675558865218e-01
104.791183 1.041574060604376489e-01
104.799493 1.041481457843259351e-01
104.807802 1.041388867273754237e-01
104.816112 1.041296288894039690e-01
104.824422 1.041203722702345458e-01
104.832732 1.041111168696844808e-01
104.841042 1.041018626875781922e-01
104.849352 1.040926097237339643e-01
104.857662 1.040833579779748413e-01
104.865971 1.040741074501209118e-01
104.874281 1.040648581399917921e-01
104.882591 1.040556100474111095e-01
104.890901 1.040463631721947335e-01
104.899211 1.040371175141690113e-01
104.907521 1.040278730731549889e-01
104.915830 1.040186298489672589e-01
104.924140 1.040093878414358325e-01
104.932450 1.040001470503725545e-01
104.940760 1.039909074756054513e-01
104.949070 1.039816691169532376e-01
104.957380 1.039724319742349884e-01
104.965689 1.039631960472757466e-01
104.973999 1.039539613358925751e-01
104.982309 1.039447278399086988e-01
104.990619 1.039354955591460378e-01
104.998929 1.039262644934246943e-01
105.007239 1.039170346425661307e-01
105.015548 1.039078060063890890e-01
105.023858 1.038985785847190424e-01
105.032168 1.038893523773742888e-01
105.040478 1.038801273841773870e-01
105.048788 1.038709036049495771e-01
105.057098 1.038616810395104895e-01
105.065407 1.038524596876835293e-01
105.073717 1.038432395492886046e-01
105.082027 1.038340206241482738e-01
105.090337 1.038248029120820010e-01
105.098647 1.038155864129116784e-01
105.106957 1.038063711264608641e-01
105.115266 1.037971570525488690e-01
105.123576 1.037879441909980299e-01
105.131886 1.037787325416292261e-01
105.140196 1.037695221042626015e-01
105.148506 1.037603128787227685e-01
105.156816 1.037511048648281364e-01
105.165125 1.037418980624019438e-01
105.173435 1.037326924712652504e-01
105.181745 1.037234880912409896e-01
105.190055 1.037142849221482227e-01
105.198365 1.037050829638084676e-01
105.206675 1.036958822160464755e-01
105.214985 1.036866826786809609e-01
105.223294 1.036774843515338440e-01
105.231604 1.036682872344272949e-01
105.239914 1.036590913271834974e-01
105.248224 1.036498966296241081e-01
105.256534 1.036407031415695484e-01
105.264844 1.036315108628423354e-01
105.273153 1.036223197932642365e-01
105.281463 1.036131299326571720e-01
105.289773 1.036039412808431454e-01
105.298083 1.035947538376432719e-01
105.306393 1.035855676028776956e-01
105.314703 1.035763825763716395e-01
105.323012 1.035671987579457748e-01
105.331322 1.035580161474211752e-01
105.339632 1.035488347446188034e-01
105.347942 1.035396545493624393e-01
105.356252 1.035304755614722266e-01
105.364562 1.035212977807721951e-01
105.372871 1.035121212070827940e-01
105.381181 1.035029458402274422e-01
105.389491 1.034937716800260615e-01
105.397801 1.034845987263012801e-01
105.406111 1.034754269788750597e-01
105.414421 1.034662564375702781e-01
105.422730 1.034570871022078425e-01
105.431040 1.034479189726117410e-01
105.439350 1.034387520486031165e-01
105.447660 1.034295863300018631e-01
105.455970 1.034204218166330236e-01
105.464280 1.034112585083171026e-01
105.472589 1.034020964048752433e-01
105.480899 1.033929355061334598e-01
105.489209 1.033837758119107719e-01
105.497519 1.033746173220290443e-01
105.505829 1.033654600363125564e-01
105.514139 1.033563039545813828e-01
105.522448 1.033471490766597750e-01
105.530758 1.033379954023694175e-01
105.539068 1.033288429315321333e-01
105.547378 1.033196916639696761e-01
105.555688 1.033105415995055620e-01
105.563998 1.033013927379600183e-01
105.572308 1.032922450791591285e-01
105.580617 1.032830986229220371e-01
105.588927 1.032739533690710393e-01
105.597237 1.032648093174301507e-01
105.605547 1.032556664678239977e-01
105.613857 1.032465248200710173e-01
105.622167 1.032373843739934210e-01
105.630476 1.032282451294153219e-01
105.638786 1.032191070861587096e-01
105.647096 1.032099702440485989e-01
105.655406 1.032008346029039264e-01
105.663716 1.031917001625490826e-01
105.672026 1.031825669228064873e-01
105.680335 1.031734348834970200e-01
105.688645 1.031643040444456261e-01
105.696955 1.031551744054741704e-01
105.705265 1.031460459664051560e-01
105.713575 1.031369187270620158e-01
105.721885 1.031277926872653378e-01
105.730194 1.031186678468394013e-01
105.738504 1.031095442056046557e-01
105.746814 1.031004217633883641e-01
105.755124 1.030913005200085608e-01
105.763434 1.030821804752911214e-01
105.771744 1.030730616290567031e-01
105.780053 1.030639439811313479e-01
105.788363 1.030548275313335621e-01
105.796673 1.030457122794894570e-01
105.804983 1.030365982254186907e-01
105.813293 1.030274853689481379e-01
105.821603 1.030183737098977759e-01
105.829912 1.030092632480909126e-01
105.838222 1.030001539833500651e-01
105.846532 1.029910459154998320e-01
105.854842 1.029819390443618837e-01
105.863152 1.029728333697594450e-01
105.871462 1.029637288915166010e-01
105.879772 1.029546256094549944e-01
105.888081 1.029455235233982802e-01
105.896391 1.029364226331666854e-01
105.904701 1.029273229385889166e-01
105.913011 1.029182244394840073e-01
105.921321 1.029091271356742943e-01
105.929631 1.029000310269845009e-01
105.937940 1.028909361132409467e-01
105.946250 1.028818423942599314e-01
105.954560 1.028727498698709802e-01
105.962870 1.028636585398935294e-01
105.971180 1.028545684041511088e-01
105.979490 1.028454794624678731e-01
105.987799 1.028363917146665196e-01
105.996109 1.028273051605719662e-01
106.004419 1.028182198000050368e-01
106.012729 1.028091356327901357e-01
106.021039 1.028000526587500713e-01
106.029349 1.027909708777106218e-01
106.037658 1.027818902894895581e-01
106.045968 1.027728108939156143e-01
106.054278 1.027637326908095450e-01
106.062588 1.027546556799975308e-01
106.070898 1.027455798612985360e-01
106.079208 1.027365052345392687e-01
106.087517 1.027274317995420239e-01
106.095827 1.027183595561311086e-01
106.104137 1.027092885041283044e-01
106.112447 1.027002186433590286e-01
106.120757 1.026911499736463812e-01
106.129067 1.026820824948120742e-01
106.137376 1.026730162066824409e-01
106.145686 1.026639511090794293e-01
106.153996 1.026548872018256953e-01
106.162306 1.026458244847468920e-01
106.170616 1.026367629576647039e-01
106.178926 1.026277026204048398e-01
106.187235 1.026186434727900110e-01
106.195545 1.026095855146441499e-01
106.203855 1.026005287457896625e-01
106.212165 1.025914731660492324e-01
106.220475 1.025824187752517463e-01
106.228785 1.025733655732172928e-01
106.237095 1.025643135597689853e-01
106.245404 1.025552627347324497e-01
106.253714 1.025462130979298003e-01
106.262024 1.025371646491884808e-01
106.270334 1.025281173883258318e-01
106.278644 1.025190713151728356e-01
106.286954 1.025100264295489144e-01
106.295263 1.025009827312794303e-01
106.303573 1.024919402201862756e-01
106.311883 1.024828988960956588e-01
106.320193 1.024738587588309019e-01
106.328503 1.024648198082168810e-01
106.336813 1.024557820440759187e-01
106.345122 1.024467454662328636e-01
106.353432 1.024377100745119534e-01
106.361742 1.024286758687370791e-01
106.370052 1.024196428487320759e-01
106.378362 1.024106110143192389e-01
106.386672 1.024015803653266221e-01
106.394981 1.023925509015758128e-01
106.403291 1.023835226228923118e-01
106.411601 1.023744955290970954e-01
106.419911 1.023654696200170383e-01
106.428221 1.023564448954761841e-01
106.436531 1.023474213552980489e-01
106.444840 1.023383989993069815e-01
106.453150 1.023293778273276083e-01
106.461460 1.023203578391841534e-01
106.469770 1.023113390347011320e-01
106.478080 1.023023214137022407e-01
106.486390 1.022933049760109542e-01
106.494699 1.022842897214516489e-01
106.503009 1.022752756498510052e-01
106.511319 1.022662627610328723e-01
106.519629 1.022572510548204472e-01
106.527939 1.022482405310367187e-01
106.536249 1.022392311895097550e-01
106.544558 1.022302230300596998e-01
106.552868 1.022212160525131919e-01
106.561178 1.022122102566966617e-01
106.569488 1.022032056424322516e-01
106.577798 1.021942022095450042e-01
106.586108 1.021851999578589631e-01
106.594418 1.021761988871997401e-01
106.602727 1.021671989973904904e-01
106.611037 1.021582002882566731e-01
106.619347 1.021492027596235391e-01
106.627657 1.021402064113146740e-01
106.635967 1.021312112431532193e-01
106.644277 1.021222172549671320e-01
106.652586 1.021132244465785405e-01
106.660896 1.021042328178149439e-01
106.669206 1.020952423684992894e-01
106.677516 1.020862530984539829e-01
106.685826 1.020772650075078281e-01
106.694136 1.020682780954836610e-01
106.702445 1.020592923622052201e-01
106.710755 1.020503078074992409e-01
106.719065 1.020413244311888928e-01
106.727375 1.020323422331003149e-01
106.735685 1.020233612130588413e-01
106.743995 1.020143813708875025e-01
106.752304 1.020054027064117852e-01
106.760614 1.019964252194571486e-01
106.768924 1.019874489098489267e-01
106.777234 1.019784737774120792e-01
106.785544 1.019694998219700666e-01
106.793854 1.019605270433472238e-01
106.802163 1.019515554413707864e-01
106.810473 1.019425850158669905e-01
106.818783 1.019336157666581727e-01
106.827093 1.019246476935697365e-01
106.835403 1.019156807964254896e-01
106.843713 1.019067150750546796e-01
106.852022 1.018977505292796570e-01
106.860332 1.018887871589233551e-01
106.868642 1.018798249638158543e-01
106.876952 1.018708639437794078e-01
106.885262 1.018619040986378649e-01
106.893572 1.018529454282191826e-01
106.901881 1.018439879323481817e-01
106.910191 1.018350316108492526e-01
106.918501 1.018260764635494642e-01
106.926811 1.018171224902713196e-01
106.935121 1.018081696908393063e-01
106.943431 1.017992180650826722e-01
106.951741 1.017902676128235318e-01
106.960050 1.017813183338913963e-01
106.968360 1.017723702281058823e-01
106.976670 1.017634232952968759e-01
106.984980 1.017544775352888925e-01
106.993290 1.017455329479046572e-01
107.001600 1.017365895329721409e-01
107.009909 1.017276472903174550e-01
107.018219 1.017187062197633940e-01
107.026529 1.017097663211370545e-01
107.034839 1.017008275942649503e-01
107.043149 1.016918900389702229e-01
107.051459 1.016829536550814678e-01
107.059768 1.016740184424204801e-01
107.068078 1.016650844008158833e-01
107.076388 1.016561515300937885e-01
107.084698 1.016472198300746449e-01
107.093008 1.016382893005902815e-01
107.101318 1.016293599414630211e-01
107.109627 1.016204317525206680e-01
107.117937 1.016115047335854477e-01
107.126247 1.016025788844860944e-01
107.134557 1.015936542050470681e-01
107.142867 1.015847306950963674e-01
107.151177 1.015758083544567453e-01
107.159486 1.015668871829541187e-01
107.167796 1.015579671804181794e-01
107.176106 1.015490483466698068e-01
107.184416 1.015401306815368748e-01
107.192726 1.015312141848457722e-01
107.201036 1.015222988564230683e-01
107.209345 1.015133846960937641e-01
107.217655 1.015044717036821947e-01
107.225965 1.014955598790157065e-01
107.234275 1.014866492219203414e-01
107.242585 1.014777397322234875e-01
107.250895 1.014688314097482447e-01
107.259205 1.014599242543223756e-01
107.267514 1.014510182657730186e-01
107.275824 1.014421134439219552e-01
107.284134 1.014332097885999456e-01
107.292444 1.014243072996290213e-01
107.300754 1.014154059768408861e-01
107.309064 1.014065058200568498e-01
107.317373 1.013976068291039812e-01
107.325683 1.013887090038107647e-01
107.333993 1.013798123439990234e-01
107.342303 1.013709168494996704e-01
107.350613 1.013620225201354308e-01
107.358923 1.013531293557341367e-01
107.367232 1.013442373561221216e-01
107.375542 1.013353465211261628e-01
107.383852 1.013264568505709284e-01
107.392162 1.013175683442835567e-01
107.400472 1.013086810020908807e-01
107.408782 1.012997948238178736e-01
107.417091 1.012909098092931448e-01
107.425401 1.012820259583406268e-01
107.433711 1.012731432707885126e-01
107.442021 1.012642617464621780e-01
107.450331 1.012553813851891915e-01
107.458641 1.012465021867931109e-01
107.466950 1.012376241511033781e-01
107.475260 1.012287472779465208e-01
107.483570 1.012198715671479982e-01
107.491880 1.012109970185351288e-01
107.500190 1.012021236319345513e-01
107.508500 1.011932514071704481e-01
107.516809 1.011843803440721362e-01
107.525119 1.011755104424655743e-01
107.533429 1.011666417021771375e-01
107.541739 1.011577741230333394e-01
107.550049 1.011489077048617347e-01
107.558359 1.011400424474845905e-01
107.566668 1.011311783507358036e-01
107.574978 1.011223154144376274e-01
107.583288 1.011134536384175886e-01
107.591598 1.011045930225036027e-01
107.599908 1.010957335665218226e-01
107.608218 1.010868752702963475e-01
107.616528 1.010780181336591727e-01
107.624837 1.010691621564327597e-01
107.633147 1.010603073384448158e-01
107.641457 1.010514536795251994e-01
107.649767 1.010426011794974821e-01
107.658077 1.010337498381886356e-01
107.666387 1.010248996554284490e-01
107.674696 1.010160506310397860e-01
107.683006 1.010072027648548365e-01
107.691316 1.009983560566968253e-01
107.699626 1.009895105063912113e-01
107.707936 1.009806661137690881e-01
107.716246 1.009718228786567612e-01
107.724555 1.009629808008785101e-01
107.732865 1.009541398802639572e-01
107.741175 1.009453001166412123e-01
107.749485 1.009364615098350265e-01
107.757795 1.009276240596715390e-01
107.766105 1.009187877659816768e-01
107.774414 1.009099526285896914e-01
107.782724 1.009011186473224159e-01
107.791034 1.008922858220097085e-01
107.799344 1.008834541524773892e-01
107.807654 1.008746236385520134e-01
107.815964 1.008657942800634255e-01
107.824273 1.008569660768339066e-01
107.832583 1.008481390286969231e-01
107.840893 1.008393131354747979e-01
107.849203 1.008304883969991794e-01
107.857513 1.008216648130945969e-01
107.865823 1.008128423835865928e-01
107.874132 1.008040211083077176e-01
107.882442 1.007952009870804605e-01
107.890752 1.007863820197361926e-01
107.899062 1.007775642060999843e-01
107.907372 1.007687475460003756e-01
107.915682 1.007599320392651987e-01
107.923991 1.007511176857197321e-01
107.932301 1.007423044851945698e-01
107.940611 1.007334924375164892e-01
107.948921 1.007246815425110881e-01
107.957231 1.007158718000048525e-01
107.965541 1.007070632098318458e-01
107.973851 1.006982557718142518e-01
107.982160 1.006894494857795419e-01
107.990470 1.006806443515595728e-01
107.998780 1.006718403689768060e-01
108.007090 1.006630375378644998e-01
108.015400 1.006542358580454627e-01
108.023710 1.006454353293507464e-01
108.032019 1.006366359516057823e-01
108.040329 1.006278377246404843e-01
108.048639 1.006190406482823096e-01
108.056949 1.006102447223552188e-01
108.065259 1.006014499466931084e-01
108.073569 1.005926563211213404e-01
108.081878 1.005838638454662759e-01
108.090188 1.005750725195566075e-01
108.098498 1.005662823432210556e-01
108.106808 1.005574933162881462e-01
108.115118 1.005487054385830747e-01
108.123428 1.005399187099360048e-01
108.131737 1.005311331301763089e-01
108.140047 1.005223486991282111e-01
108.148357 1.005135654166222081e-01
108.156667 1.005047832824860765e-01
108.164977 1.004960022965483701e-01
108.173287 1.004872224586360885e-01
108.181596 1.004784437685784376e-01
108.189906 1.004696662262022228e-01
108.198216 1.004608898313361920e-01
108.206526 1.004521145838097873e-01
108.214836 1.004433404834474408e-01
108.223146 1.004345675300820778e-01
108.231455 1.004257957235400178e-01
108.239765 1.004170250636500783e-01
108.248075 1.004082555502382457e-01
108.256385 1.003994871831339758e-01
108.264695 1.003907199621685981e-01
108.273005 1.003819538871648098e-01
108.281314 1.003731889579561887e-01
108.289624 1.003644251743659455e-01
108.297934 1.003556625362284210e-01
108.306244 1.003469010433673952e-01
108.314554 1.003381406956119354e-01
108.322864 1.003293814927945504e-01
108.331174 1.003206234347382569e-01
108.339483 1.003118665212741623e-01
108.347793 1.003031107522306120e-01
108.356103 1.002943561274369649e-01
108.364413 1.002856026467189576e-01
108.372723 1.002768503099088493e-01
108.381033 1.002680991168314328e-01
108.389342 1.002593490673166915e-01
108.397652 1.002506001611951081e-01
108.405962 1.002418523982956250e-01
108.414272 1.002331057784435209e-01
108.422582 1.002243603014698614e-01
108.430892 1.002156159672005498e-01
108.439201 1.002068727754698019e-01
108.447511 1.001981307261008841e-01
108.455821 1.001893898189250703e-01
108.464131 1.001806500537708311e-01
108.472441 1.001719114304654989e-01
108.480751 1.001631739488398065e-01
108.489060 1.001544376087220856e-01
108.497370 1.001457024099412230e-01
108.505680 1.001369683523270354e-01
108.513990 1.001282354357062587e-01
108.522300 1.001195036599097782e-01
108.530610 1.001107730247657729e-01
108.538919 1.001020435301003819e-01
108.547229 1.000933151757471828e-01
108.555539 1.000845879615337719e-01
108.563849 1.000758618872865519e-01
108.572159 1.000671369528387394e-01
108.580469 1.000584131580158076e-01
108.588778 1.000496905026477118e-01
108.597088 1.000409689865659479e-01
108.605398 1.000322486095959196e-01
108.613708 1.000235293715692614e-01
108.622018 1.000148112723152766e-01
108.630328 1.000060943116604373e-01
108.638637 9.999737848943640595e-02
108.646947 9.998866380547248578e-02
108.655257 9.997995025959650894e-02
108.663567 9.997123785163904153e-02
108.671877 9.996252658142532055e-02
108.680187 9.995381644879301752e-02
108.688497 9.994510745356351145e-02
108.696806 9.993639959556743779e-02
108.705116 9.992769287463743044e-02
108.713426 9.991898729060220974e-02
108.721736 9.991028284328730413e-02
108.730046 9.990157953252401524e-02
108.738356 9.989287735814625369e-02
108.746665 9.988417631997809076e-02
108.754975 9.987547641785123054e-02
108.763285 9.986677765159295006e-02
108.771595 9.985808002103502279e-02
108.779905 9.984938352600557232e-02
108.788215 9.984068816633556720e-02
108.796524 9.983199394185357511e-02
108.804834 9.982330085238894091e-02
108.813144 9.981460889777156453e-02
108.821454 9.980591807782976388e-02
108.829764 9.979722839239689447e-02
108.838074 9.978853984129998356e-02
108.846383 9.977985242436773761e-02
108.854693 9.977116614143254070e-02
108.863003 9.976248099232065680e-02
108.871313 9.975379697686483083e-02
108.879623 9.974511409489507374e-02
108.887933 9.973643234623738585e-02
108.896242 9.972775173072535859e-02
108.904552 9.971907224818687965e-02
108.912862 9.971039389845320899e-02
108.921172 9.970171668135215104e-02
108.929482 9.969304059671456331e-02
108.937792 9.968436564437105352e-02
108.946101 9.967569182415141060e-02
108.954411 9.966701913588428552e-02
108.962721 9.965834757940028599e-02
108.971031 9.964967715453028341e-02
108.979341 9.964100786110255403e-02
108.987651 9.963233969894809416e-02
108.995961 9.962367266789631803e-02
109.004270 9.961500676777879093e-02
109.012580 9.960634199842348380e-02
109.020890 9.959767835966475136e-02
109.029200 9.958901585132548528e-02
109.037510 9.958035447324126155e-02
109.045820 9.957169422524002333e-02
109.054129 9.956303510715437677e-02
109.062439 9.955437711881055807e-02
109.070749 9.954572026004136764e-02
109.079059 9.953706453067670545e-02
109.087369 9.952840993054745677e-02
109.095679 9.951975645948361870e-02
109.103988 9.951110411731262095e-02
109.112298 9.950245290386848518e-02
109.120608 9.949380281898075051e-02
109.128918 9.948515386247804015e-02
109.137228 9.947650603419200266e-02
109.145538 9.946785933395363433e-02
109.153847 9.945921376159087834e-02
109.162157 9.945056931693635471e-02
109.170467 9.944192599982057401e-02
109.178777 9.943328381007295047e-02
109.187087 9.942464274752337017e-02
109.195397 9.941600281200402289e-02
109.203706 9.940736400334398981e-02
109.212016 9.939872632137472519e-02
109.220326 9.939008976592809963e-02
109.228636 9.938145433682932239e-02
109.236946 9.937282003391514906e-02
109.245256 9.936418685701356446e-02
109.253565 9.935555480595720246e-02
109.261875 9.934692388057272949e-02
109.270185 9.933829408069208555e-02
109.278495 9.932966540614690532e-02
109.286805 9.932103785677065533e-02
109.295115 9.931241143238854485e-02
109.303424 9.930378613283516454e-02
109.311734 9.929516195794001188e-02
109.320044 9.928653890753320888e-02
109.328354 9.927791698144544652e-02
109.336664 9.926929617951074647e-02
109.344974 9.926067650155649680e-02
109.353284 9.925205794741409626e-02
109.361593 9.924344051691648405e-02
109.369903 9.923482420989102049e-02
109.378213 9.922620902617236560e-02
109.386523 9.921759496558885116e-02
109.394833 9.920898202797370780e-02
109.403143 9.920037021315558645e-02
109.411452 9.919175952096437321e-02
109.419762 9.918314995123690692e-02
109.428072 9.917454150379921562e-02
109.436382 9.916593417848139358e-02
109.444692 9.915732797511961349e-02
109.453002 9.914872289354099977e-02
109.461311 9.914011893357735361e-02
109.469621 9.913151609506010153e-02
109.477931 9.912291437782159986e-02
109.486241 9.911431378169112405e-02
109.494551 9.910571430650205738e-02
109.502861 9.909711595208355039e-02
109.511170 9.908851871826807045e-02
109.519480 9.907992260488487912e-02
109.527790 9.907132761176583313e-02
109.536100 9.906273373874575905e-02
109.544410 9.905414098565211434e-02
109.552720 9.904554935231829615e-02
109.561029 9.903695883857455140e-02
109.569339 9.902836944425132126e-02
109.577649 9.901978116918283557e-02
109.585959 9.901119401319723179e-02
109.594269 9.900260797612872588e-02
109.602579 9.899402305780714839e-02
109.610888 9.898543925806682631e-02
109.619198 9.897685657673423176e-02
109.627508 9.896827501364338642e-02
109.635818 9.895969456862717395e-02
109.644128 9.895111524151531390e-02
109.652438 9.894253703214034301e-02
109.660747 9.893395994033379881e-02
109.669057 9.892538396592541472e-02
109.677367 9.891680910874924015e-02
109.685677 9.890823536863734000e-02
109.693987 9.889966274541897584e-02
109.702297 9.889109123892919628e-02
109.710607 9.888252084899516736e-02
109.718916 9.887395157545234015e-02
109.727226 9.886538341812908803e-02
109.735536 9.885681637686150047e-02
109.743846 9.884825045147888067e-02
109.752156 9.883968564181228045e-02
109.760466 9.883112194769377856e-02
109.768775 9.882255936895770199e-02
109.777085 9.881399790543440864e-02
109.785395 9.880543755695320174e-02
109.793705 9.879687832335044828e-02
109.802015 9.878832020445679762e-02
109.810325 9.877976320010102562e-02
109.818634 9.877120731011748700e-02
109.826944 9.876265253433957891e-02
109.835254 9.875409887259847808e-02
109.843564 9.874554632472481996e-02
109.851874 9.873699489055040579e-02
109.860184 9.872844456990767514e-02
109.868493 9.871989536263187093e-02
109.876803 9.871134726855257391e-02
109.885113 9.870280028750018364e-02
109.893423 9.869425441930848586e-02
109.901733 9.868570966381147447e-02
109.910043 9.867716602083900779e-02
109.918352 9.866862349022402501e-02
109.926662 9.866008207179927103e-02
109.934972 9.865154176539572828e-02
109.943282 9.864300257084594736e-02
109.951592 9.863446448798483812e-02
109.959902 9.862592751663920576e-02
109.968211 9.861739165664494544e-02
109.976521 9.860885690783648128e-02
109.984831 9.860032327004378261e-02
109.993141 9.859179074309905311e-02
110.001451 9.858325932683302539e-02
110.009761 9.857472902108227464e-02
110.018070 9.856619982567489668e-02
110.026380 9.855767174044838264e-02
110.034690 9.854914476522823319e-02
110.043000 9.854061889985420153e-02
110.051310 9.853209414415362022e-02
110.059620 9.852357049796400812e-02
110.067930 9.851504796111207329e-02
110.076239 9.850652653343751342e-02
110.084549 9.849800621476427487e-02
110.092859 9.848948700493209696e-02
110.101169 9.848096890376972778e-02
110.109479 9.847245191111116125e-02
110.117789 9.846393602678944756e-02
110.126098 9.845542125063658223e-02
110.134408 9.844690758248555995e-02
110.142718 9.843839502217031912e-02
110.151028 9.842988356952203644e-02
110.159338 9.842137322437338742e-02
110.167648 9.841286398655806067e-02
110.175957 9.840435585590973089e-02
110.184267 9.839584883225875600e-02
110.192577 9.838734291543903276e-02
110.200887 9.837883810528542938e-02
110.209197 9.837033440162830378e-02
110.217507 9.836183180430101147e-02
110.225816 9.835333031313664431e-02
110.234126 9.834482992797004275e-02
110.242436 9.833633064863149531e-02
110.250746 9.832783247495764656e-02
110.259056 9.831933540677555150e-02
110.267366 9.831083944392392249e-02
110.275675 9.830234458623293703e-02
110.283985 9.829385083353657515e-02
110.292295 9.828535818566751237e-02
110.300605 9.827686664246099157e-02
110.308915 9.826837620374651028e-02
110.317225 9.825988686935892280e-02
110.325534 9.825139863913213978e-02
110.333844 9.824291151289898938e-02
110.342154 9.823442549049234140e-02
110.350464 9.822594057174667548e-02
110.358774 9.821745675649240503e-02
110.367084 9.820897404456575830e-02
110.375394 9.820049243579853648e-02
110.383703 9.819201193002544126e-02
110.392013 9.818353252707717749e-02
110.400323 9.817505422679212446e-02
110.408633 9.816657702899633797e-02
110.416943 9.815810093353001531e-02
110.425253 9.814962594022276499e-02
110.433562 9.814115204890834498e-02
110.441872 9.813267925942217862e-02
110.450182 9.812420757159606710e-02
110.458492 9.811573698526442067e-02
110.466802 9.810726750026134424e-02
110.475112 9.809879911641650185e-02
110.483421 9.809033183356663521e-02
110.491731 9.808186565154870806e-02
110.500041 9.807340057018909540e-02
110.508351 9.806493658932853574e-02
110.516661 9.805647370879524982e-02
110.524971 9.804801192842287072e-02
110.533280 9.803955124805065202e-02
110.541590 9.803109166750793857e-02
110.549900 9.802263318662898794e-02
110.558210 9.801417580524578177e-02
110.566520 9.800571952319631075e-02
110.574830 9.799726434031325040e-02
110.583139 9.798881025642745823e-02
110.591449 9.798035727137487105e-02
110.599759 9.797190538498989909e-02
110.608069 9.796345459710566195e-02
110.616379 9.795500490755548739e-02
110.624689 9.794655631617615876e-02
110.632998 9.793810882279628538e-02
110.641308 9.792966242725434367e-02
110.649618 9.792121712938231526e-02
110.657928 9.791277292901613694e-02
110.666238 9.790432982598633316e-02
110.674548 9.789588782013242119e-02
110.682857 9.788744691128122011e-02
110.691167 9.787900709927352394e-02
110.699477 9.787056838393889957e-02
110.707787 9.786213076511457443e-02
110.716097 9.785369424263161420e-02
110.724407 9.784525881632849531e-02
110.732717 9.783682448603481241e-02
110.741026 9.782839125158761251e-02
110.749336 9.781995911281987643e-02
110.757646 9.781152806956462664e-02
110.765956 9.780309812166031180e-02
110.774266 9.779466926893720657e-02
110.782576 9.778624151123144204e-02
110.790885 9.777781484837545778e-02
110.799195 9.776938928020770248e-02
110.807505 9.776096480655858956e-02
110.815815 9.775254142726413908e-02
110.824125 9.774411914215594410e-02
110.832435 9.773569795107370228e-02
110.840744 9.772727785384832666e-02
110.849054 9.771885885031440788e-02
110.857364 9.771044094030820193e-02
110.865674 9.770202412366289779e-02
110.873984 9.769360840021409920e-02
110.882294 9.768519376979367674e-02
110.890603 9.767678023223744233e-02
110.898913 9.766836778738166580e-02
110.907223 9.765995643505882839e-02
110.915533 9.765154617510599100e-02
110.923843 9.764313700735592627e-02
110.932153 9.763472893164334976e-02
110.940462 9.762632194780446193e-02
110.948772 9.761791605567089747e-02
110.957082 9.760951125507971726e-02
110.965392 9.760110754586556747e-02
110.973702 9.759270492786410733e-02
110.982012 9.758430340090602784e-02
110.990321 9.757590296483052705e-02
110.998631 9.756750361947243155e-02
111.006941 9.755910536466497196e-02
111.015251 9.755070820024254463e-02
111.023561 9.754231212603992063e-02
111.031871 9.753391714189266204e-02
111.040180 9.752552324763699709e-02
111.048490 9.751713044310468537e-02
111.056800 9.750873872813341225e-02
111.065110 9.750034810255721329e-02
111.073420 9.749195856621269141e-02
111.081730 9.748357011893281354e-02
111.090040 9.747518276055573694e-02
111.098349 9.746679649091036235e-02
111.106659 9.745841130983579070e-02
111.114969 9.745002721716962413e-02
111.123279 9.744164421274302545e-02
111.131589 9.743326229639083513e-02
111.139899 9.742488146795272308e-02
111.148208 9.741650172726014356e-02
111.156518 9.740812307414598026e-02
111.164828 9.739974550845208190e-02
111.173138 9.739136903000995826e-02
111.181448 9.738299363865560165e-02
111.189758 9.737461933422171534e-02
111.198067 9.736624611654631778e-02
111.206377 9.735787398546513760e-02
111.214687 9.734950294081229361e-02
111.222997 9.734113298242391688e-02
111.231307 9.733276411013465357e-02
111.239617 9.732439632378010741e-02
111.247926 9.731602962319671479e-02
111.256236 9.730766400821830309e-02
111.264546 9.729929947868308504e-02
111.272856 9.729093603442111327e-02
111.281166 9.728257367527330668e-02
111.289476 9.727421240107256284e-02
111.297785 9.726585221165622019e-02
111.306095 9.725749310685970206e-02
111.314405 9.724913508651648886e-02
111.322715 9.724077815046416884e-02
111.331025 9.723242229853619467e-02
111.339335 9.722406753057206974e-02
111.347644 9.721571384640288749e-02
111.355954 9.720736124586773497e-02
111.364264 9.719900972880143875e-02
111.372574 9.719065929503860335e-02
111.380884 9.718230994441738602e-02
111.389194 9.717396167677153085e-02
111.397503 9.716561449194087430e-02
111.405813 9.715726838975256852e-02
111.414123 9.714892337004887857e-02
111.422433 9.714057943266687922e-02
111.430743 9.713223657743622064e-02
111.439053 9.712389480419979237e-02
111.447363 9.711555411279036709e-02
111.455672 9.710721450304374280e-02
111.463982 9.709887597479541221e-02
111.472292 9.709053852788132599e-02
111.480602 9.708220216214123732e-02
111.488912 9.707386687740629516e-02
111.497222 9.706553267351407388e-02
111.505531 9.705719955030100987e-02
111.513841 9.704886750760441383e-02
111.522151 9.704053654525952866e-02
111.530461 9.703220666309900211e-02
111.538771 9.702387786096566824e-02
111.547081 9.701555013869102295e-02
111.555390 9.700722349611301532e-02
111.563700 9.699889793306649965e-02
111.572010 9.699057344938881442e-02
111.580320 9.698225004491542456e-02
111.588630 9.697392771948412649e-02
111.596940 9.696560647292980228e-02
111.605249 9.695728630508990142e-02
111.613559 9.694896721579912557e-02
111.621869 9.694064920489453563e-02
111.630179 9.693233227221213777e-02
111.638489 9.692401641759143538e-02
111.646799 9.691570164086359129e-02
111.655108 9.690738794186866401e-02
111.663418 9.689907532044206295e-02
111.671728 9.689076377642266702e-02
111.680038 9.688245330964416480e-02
111.688348 9.687414391994217389e-02
111.696658 9.686583560715643360e-02
111.704967 9.685752837112068803e-02
111.713277 9.684922221167215073e-02
111.721587 9.684091712864972834e-02
111.729897 9.683261312188798375e-02
111.738207 9.682431019122454685e-02
111.746517 9.681600833649298132e-02
111.754826 9.680770755753344281e-02
111.763136 9.679940785418300608e-02
111.771446 9.679110922627444380e-02
111.779756 9.678281167364972959e-02
111.788066 9.677451519614246878e-02
111.796376 9.676621979359022185e-02
111.804686 9.675792546582909215e-02
111.812995 9.674963221269609892e-02
111.821305 9.674134003402914961e-02
111.829615 9.673304892966289037e-02
111.837925 9.672475889943825400e-02
111.846235 9.671646994318819357e-02
111.854545 9.670818206075218471e-02
111.862854 9.669989525196469315e-02
111.871164 9.669160951666309900e-02
111.879474 9.668332485468572601e-02
111.887784 9.667504126587039837e-02
111.896094 9.666675875005488472e-02
111.904404 9.665847730707201324e-02
111.912713 9.665019693676328572e-02
111.921023 9.664191763895983722e-02
111.929333 9.663363941350643083e-02
111.937643 9.662536226023449304e-02
111.945953 9.661708617898702445e-02
111.954263 9.660881116959123271e-02
111.962572 9.660053723189485075e-02
111.970882 9.659226436572856955e-02
111.979192 9.658399257093357171e-02
111.987502 9.657572184734396215e-02
111.995812 9.656745219479895281e-02
112.004122 9.655918361313629850e-02
112.012431 9.655091610219088127e-02
112.020741 9.654264966180269025e-02
112.029051 9.653438429180541402e-02
112.037361 9.652611999204289972e-02
112.045671 9.651785676234610201e-02
112.053981 9.650959460255546796e-02
112.062290 9.650133351250922420e-02
112.070600 9.649307349204203077e-02
112.078910 9.648481454099246124e-02
112.087220 9.647655665920040757e-02
112.095530 9.646829984650107104e-02
112.103840 9.646004410273278928e-02
112.112150 9.645178942772995867e-02
112.120459 9.644353582133692593e-02
112.128769 9.643528328338378530e-02
112.137079 9.642703181371325982e-02
112.145389 9.641878141216296549e-02
112.153699 9.641053207856858931e-02
112.162009 9.640228381276812197e-02
112.170318 9.639403661459951256e-02
112.178628 9.638579048390025217e-02
112.186938 9.637754542050813722e-02
112.195248 9.636930142426203272e-02
112.203558 9.636105849499952691e-02
112.211868 9.635281663255756968e-02
112.220177 9.634457583677402681e-02
112.228487 9.633633610748652820e-02
112.236797 9.632809744453424416e-02
112.245107 9.631985984775348619e-02
112.253417 9.631162331698504830e-02
112.261727 9.630338785206268848e-02
112.270036 9.629515345282685379e-02
112.278346 9.628692011911590964e-02
112.286656 9.627868785076781899e-02
112.294966 9.627045664761943455e-02
112.303276 9.626222650950809478e-02
112.311586 9.625399743627455207e-02
112.319895 9.624576942775532606e-02
112.328205 9.623754248378700582e-02
112.336515 9.622931660421295275e-02
112.344825 9.622109178886661951e-02
112.353135 9.621286803758589967e-02
112.361445 9.620464535021013008e-02
112.369754 9.619642372658036844e-02
112.378064 9.618820316652962332e-02
112.386374 9.617998366990071490e-02
112.394684 9.617176523652935793e-02
112.402994 9.616354786625475048e-02
112.411304 9.615533155891481387e-02
112.419613 9.614711631434998129e-02
112.427923 9.613890213239553728e-02
112.436233 9.613068901288970847e-02
112.444543 9.612247695567442685e-02
112.452853 9.611426596058413041e-02
112.461163 9.610605602746032095e-02
112.469473 9.609784715614033690e-02
112.477782 9.608963934646143346e-02
112.486092 9.608143259826358584e-02
112.494402 9.607322691138596438e-02
112.502712 9.606502228566524137e-02
112.511022 9.605681872094162799e-02
112.519332 9.604861621705283736e-02
112.527641 9.604041477383995495e-02
112.535951 9.603221439113664160e-02
112.544261 9.602401506878328885e-02
112.552571 9.601581680662214791e-02
112.560881 9.600761960448730981e-02
112.569191 9.599942346221837508e-02
112.577500 9.599122837965763655e-02
112.585810 9.598303435664223837e-02
112.594120 9.597484139300829775e-02
112.602430 9.596664948859781608e-02
112.610740 9.595845864324653585e-02
112.619050 9.595026885679631967e-02
112.627359 9.594208012908281291e-02
112.635669 9.593389245994943249e-02
112.643979 9.592570584923107435e-02
112.652289 9.591752029676786639e-02
112.660599 9.590933580240021405e-02
112.668909 9.590115236596423454e-02
112.677218 9.589296998730061083e-02
112.685528 9.588478866624833286e-02
112.693838 9.587660840264683459e-02
112.702148 9.586842919633575821e-02
112.710458 9.586025104715110989e-02
112.718768 9.585207395493393345e-02
112.727077 9.584389791952370452e-02
112.735387 9.583572294075973219e-02
112.743697 9.582754901848059004e-02
112.752007 9.581937615252628104e-02
112.760317 9.581120434273311670e-02
112.768627 9.580303358894298738e-02
112.776936 9.579486389099446664e-02
112.785246 9.578669524872907015e-02
112.793556 9.577852766198215184e-02
112.801866 9.577036113059550493e-02
112.810176 9.576219565440631520e-02
112.818486 9.575403123325638977e-02
112.826796 9.574586786698462137e-02
112.835105 9.573770555542877869e-02
112.843415 9.572954429842900348e-02
112.851725 9.572138409582733876e-02
112.860035 9.571322494745870824e-02
112.868345 9.570506685316451656e-02
112.876655 9.569690981278421160e-02
112.884964 9.568875382615918412e-02
112.893274 9.568059889312614807e-02
112.901584 9.567244501352650810e-02
112.909894 9.566429218720014227e-02
112.918204 9.565614041398452783e-02
112.926514 9.564798969372101389e-02
112.934823 9.563984002624804914e-02
112.943133 9.563169141140520635e-02
112.951443 9.562354384903533344e-02
112.959753 9.561539733897386761e-02
112.968063 9.560725188106138084e-02
112.976373 9.559910747514070717e-02
112.984682 9.559096412104750584e-02
112.992992 9.558282181862379212e-02
113.001302 9.557468056771038778e-02
113.009612 9.556654036814446473e-02
113.017922 9.555840121976823254e-02
113.026232 9.555026312241980679e-02
113.034541 9.554212607593917661e-02
113.042851 9.553399008016820459e-02
113.051161 9.552585513494439573e-02
113.059471 9.551772124011075060e-02
113.067781 9.550958839550252599e-02
113.076091 9.550145660096377720e-02
113.084400 9.549332585633381332e-02
113.092710 9.548519616145020872e-02
113.101020 9.547706751615596399e-02
113.109330 9.546893992028912534e-02
113.117640 9.546081337369080599e-02
113.125950 9.545268787620143913e-02
113.134259 9.544456342766123591e-02
113.142569 9.543644002790860337e-02
113.150879 9.542831767678564003e-02
113.159189 9.542019637413264033e-02
113.167499 9.541207611978719250e-02
113.175809 9.540395691359164487e-02
113.184119 9.539583875538609758e-02
113.192428 9.538772164500951278e-02
113.200738 9.537960558230720864e-02
113.209048 9.537149056711094475e-02
113.217358 9.536337659927029975e-02
113.225668 9.535526367861817121e-02
113.233978 9.534715180499686582e-02
113.242287 9.533904097824982826e-02
113.250597 9.533093119821542394e-02
113.258907 9.532282246473404441e-02
113.267217 9.531471477764616451e-02
113.275527 9.530660813679196763e-02
113.283837 9.529850254201181758e-02
113.292146 9.529039799314806269e-02
113.300456 9.528229449003977614e-02
113.308766 9.527419203252694702e-02
113.317076 9.526609062045218734e-02
113.325386 9.525799025365433437e-02
113.333696 9.524989093197358536e-02
113.342005 9.524179265525267724e-02
113.350315 9.523369542332940640e-02
113.358625 9.522559923604631549e-02
113.366935 9.521750409324539199e-02
113.375245 9.520940999476680544e-02
113.383555 9.520131694044928206e-02
113.391864 9.519322493013614161e-02
113.400174 9.518513396366304335e-02
113.408484 9.517704404087665160e-02
113.416794 9.516895516161785751e-02
113.425104 9.516086732572395790e-02
113.433414 9.515278053303857786e-02
113.441723 9.514469478339904196e-02
113.450033 9.513661007665180636e-02
113.458343 9.512852641263248865e-02
113.466653 9.512044379118440862e-02
113.474963 9.511236221214876274e-02
113.483273 9.510428167536452704e-02
113.491583 9.509620218067732500e-02
113.499892 9.508812372792425915e-02
113.508202 9.508004631694741415e-02
113.516512 9.507196994758720932e-02
113.524822 9.506389461968345334e-02
113.533132 9.505582033308307421e-02
113.541442 9.504774708762221691e-02
113.549751 9.503967488314218892e-02
113.558061 9.503160371948532470e-02
113.566371 9.502353359649477749e-02
113.574681 9.501546451400716409e-02
113.582991 9.500739647186866310e-02
113.591301 9.499932946991730687e-02
113.599610 9.499126350799494412e-02
113.607920 9.498319858594345133e-02
113.616230 9.497513470360401111e-02
113.624540 9.496707186081787544e-02
113.632850 9.495901005742743428e-02
113.641160 9.495094929327251021e-02
113.649469 9.494288956819649239e-02
113.657779 9.493483088203727438e-02
113.666089 9.492677323464064620e-02
113.674399 9.491871662584487612e-02
113.682709 9.491066105549310350e-02
113.691019 9.490260652342862036e-02
113.699328 9.489455302948905657e-02
113.707638 9.488650057351565026e-02
113.715948 9.487844915535435797e-02
113.724258 9.487039877484552963e-02
113.732568 9.486234943182828006e-02
113.740878 9.485430112614622045e-02
113.749187 9.484625385764017258e-02
113.757497 9.483820762615199906e-02
113.765807 9.483016243152457558e-02
113.774117 9.482211827360012557e-02
113.782427 9.481407515221676463e-02
113.790737 9.480603306721924195e-02
113.799046 9.479799201844928136e-02
113.807356 9.478995200574756586e-02
113.815666 9.478191302895677683e-02
113.823976 9.477387508791923487e-02
113.832286 9.476583818247481805e-02
113.840596 9.475780231246651308e-02
113.848906 9.474976747773782015e-02
113.857215 9.474173367812704916e-02
113.865525 9.473370091348268240e-02
113.873835 9.472566918364008770e-02
113.882145 9.471763848844358402e-02
113.890455 9.470960882773549194e-02
113.898765 9.470158020135763244e-02
113.907074 9.469355260915386652e-02
113.915384 9.468552605096175467e-02
113.923694 9.467750052662836369e-02
113.932004 9.466947603599178140e-02
113.940314 9.466145257889907461e-02
113.948624 9.465343015518716541e-02
113.956933 9.464540876469956787e-02
113.965243 9.463738840728339041e-02
113.973553 9.462936908277398695e-02
113.981863 9.462135079101757773e-02
113.990173 9.461333353185634454e-02
113.998483 9.460531730512956872e-02
114.006792 9.459730211068427541e-02
114.015102 9.458928794835867737e-02
114.023412 9.458127481799759317e-02
114.031722 9.457326271944324625e-02
114.040032 9.456525165253554244e-02
114.048342 9.455724161712071585e-02
114.056651 9.454923261303931070e-02
114.064961 9.454122464013177407e-02
114.073271 9.453321769824638010e-02
114.081581 9.452521178721699779e-02
114.089891 9.451720690689507931e-02
114.098201 9.450920305711725533e-02
114.106510 9.450120023772889954e-02
114.114820 9.449319844857059780e-02
114.123130 9.448519768948783482e-02
114.131440 9.447719796032152950e-02
114.139750 9.446919926091229547e-02
114.148060 9.446120159110701908e-02
114.156369 9.445320495074550904e-02
114.164679 9.444520933967033571e-02
114.172989 9.443721475772763607e-02
114.181299 9.442922120475737147e-02
114.189609 9.442122868060039143e-02
114.197919 9.441323718510598317e-02
114.206229 9.440524671810852919e-02
114.214538 9.439725727945717793e-02
114.222848 9.438926886899373647e-02
114.231158 9.438128148655905436e-02
114.239468 9.437329513199564646e-02
114.247778 9.436530980515106526e-02
114.256088 9.435732550586396761e-02
114.264397 9.434934223397802022e-02
114.272707 9.434135998933783351e-02
114.281017 9.433337877178601949e-02
114.289327 9.432539858116371911e-02
114.297637 9.431741941731711099e-02
114.305947 9.430944128008450500e-02
114.314256 9.430146416931263487e-02
114.322566 9.429348808484511180e-02
114.330876 9.428551302652349309e-02
114.339186 9.427753899419273609e-02
114.347496 9.426956598769306583e-02
114.355806 9.426159400687111889e-02
114.364115 9.425362305156537168e-02
114.372425 9.424565312162497266e-02
114.380735 9.423768421688794028e-02
114.389045 9.422971633720236828e-02
114.397355 9.422174948240752412e-02
114.405665 9.421378365235068275e-02
114.413974 9.420581884687188878e-02
114.422284 9.419785506581293544e-02
114.430594 9.418989230902219401e-02
114.438904 9.418193057634109688e-02
114.447214 9.417396986761022992e-02
114.455524 9.416601018267678480e-02
114.463833 9.415805152138440048e-02
114.472143 9.415009388357230280e-02
114.480453 9.414213726909025082e-02
114.488763 9.413418167777842793e-02
114.497073 9.412622710947865512e-02
114.505383 9.411827356403631994e-02
114.513692 9.411032104129633813e-02
114.522002 9.410236954109987839e-02
114.530312 9.409441906329162053e-02
114.538622 9.408646960771781254e-02
114.546932 9.407852117421669491e-02
114.555242 9.407057376263613935e-02
114.563552 9.406262737281879949e-02
114.571861 9.405468200461107597e-02
114.580171 9.404673765785052930e-02
114.588481 9.403879433238535035e-02
114.596791 9.403085202805851195e-02
114.605101 9.402291074471462451e-02
114.613411 9.401497048219518982e-02
114.621720 9.400703124034776037e-02
114.630030 9.399909301901483716e-02
114.638340 9.399115581803761665e-02
114.646650 9.398321963726312400e-02
114.654960 9.397528447653435979e-02
114.663270 9.396735033569664219e-02
114.671579 9.395941721459104279e-02
114.679889 9.395148511306233852e-02
114.688199 9.394355403095745738e-02
114.696509 9.393562396811815096e-02
114.704819 9.392769492438939050e-02
114.713129 9.391976689961352431e-02
114.721438 9.391183989363424689e-02
114.729748 9.390391390630140056e-02
114.738058 9.389598893745362829e-02
114.746368 9.388806498693648417e-02
114.754678 9.388014205459468964e-02
114.762988 9.387222014027281347e-02
114.771297 9.386429924381403667e-02
114.779607 9.385637936506463497e-02
114.787917 9.384846050386501382e-02
114.796227 9.384054266006229550e-02
114.804537 9.383262583349957775e-02
114.812847 9.382471002402509308e-02
114.821156 9.381679523148003796e-02
114.829466 9.380888145570807912e-02
114.837776 9.380096869655457636e-02
114.846086 9.379305695386351560e-02
114.854396 9.378514622748027052e-02
114.862706 9.377723651724993725e-02
114.871015 9.376932782301650171e-02
114.879325 9.376142014462311713e-02
114.887635 9.375351348191449108e-02
114.895945 9.374560783473707970e-02
114.904255 9.373770320293500768e-02
114.912565 9.372979958635099806e-02
114.920875 9.372189698483250619e-02
114.929184 9.371399539822278246e-02
114.937494 9.370609482636424459e-02
114.945804 9.369819526910573571e-02
114.954114 9.369029672629047845e-02
114.962424 9.368239919776261138e-02
114.970734 9.367450268336732777e-02
114.979043 9.366660718294719801e-02
114.987353 9.365871269635278606e-02
114.995663 9.365081922342248510e-02
115.003973 9.364292676400673421e-02
115.012283 9.363503531794550860e-02
115.020593 9.362714488508325217e-02
115.028902 9.361925546527107012e-02
115.037212 9.361136705835111649e-02
115.045522 9.360347966416486531e-02
115.053832 9.359559328256196464e-02
115.062142 9.358770791338490158e-02
115.070452 9.357982355647738448e-02
115.078761 9.357194021168864506e-02
115.087071 9.356405787886165615e-02
115.095381 9.355617655784057018e-02
115.103691 9.354829624847024738e-02
115.112001 9.354041695059654715e-02
115.120311 9.353253866406685546e-02
115.128620 9.352466138872490842e-02
115.136930 9.351678512441277680e-02
115.145240 9.350890987097905394e-02
115.153550 9.350103562826919679e-02
115.161860 9.349316239612684432e-02
115.170170 9.348529017439702327e-02
115.178479 9.347741896292666164e-02
115.186789 9.346954876156191028e-02
115.195099 9.346167957014527017e-02
115.203409 9.345381138852315583e-02
115.211719 9.344594421654164873e-02
115.220029 9.343807805404626132e-02
115.228339 9.343021290087986930e-02
115.236648 9.342234875689055251e-02
115.244958 9.341448562192451732e-02
115.253268 9.340662349582624924e-02
115.261578 9.339876237843881823e-02
115.269888 9.339090226961209440e-02
115.278198 9.338304316918775994e-02
115.286507 9.337518507701414450e-02
115.294817 9.336732799293509522e-02
115.303127 9.335947191679661028e-02
115.311437 9.335161684844590912e-02
115.319747 9.334376278772624214e-02
115.328057 9.333590973448475936e-02
115.336366 9.332805768856647366e-02
115.344676 9.332020664981756364e-02
115.352986 9.331235661808312543e-02
115.361296 9.330450759321169685e-02
115.369606 9.329665957504582052e-02
115.377916 9.328881256343182771e-02
115.386225 9.328096655821374594e-02
115.394535 9.327312155924509518e-02
115.402845 9.326527756636159017e-02
115.411155 9.325743457941652881e-02
115.419465 9.324959259825120472e-02
115.427775 9.324175162271844397e-02
115.436084 9.323391165265533520e-02
115.444394 9.322607268791088808e-02
115.452704 9.321823472833443147e-02
115.461014 9.321039777376877167e-02
115.469324 9.320256182406171097e-02
115.477634 9.319472687905799857e-02
115.485943 9.318689293860378531e-02
115.494253 9.317906000254605470e-02
115.502563 9.317122807072807100e-02
115.510873 9.316339714300128638e-02
115.519183 9.315556721920881245e-02
115.527493 9.314773829919655024e-02
115.535802 9.313991038281126122e-02
115.544112 9.313208346989933217e-02
115.552422 9.312425756030691393e-02
115.560732 9.311643265388001856e-02
115.569042 9.310860875046267360e-02
115.577352 9.310078584990509609e-02
115.585662 9.309296395205296504e-02
115.593971 9.308514305675072431e-02
115.602281 9.307732316384760562e-02
115.610591 9.306950427318685937e-02
115.618901 9.306168638461596865e-02
115.627211 9.305386949798152840e-02
115.635521 9.304605361313114664e-02
115.643830 9.303823872991186239e-02
115.652140 9.303042484816648194e-02
115.660450 9.302261196774333496e-02
115.668760 9.301480008849066783e-02
115.677070 9.300698921025497834e-02
115.685380 9.299917933287707439e-02
115.693689 9.299137045621179432e-02
115.701999 9.298356258010351261e-02
115.710309 9.297575570439411963e-02
115.718619 9.296794982893619164e-02
115.726929 9.296014495357077245e-02
115.735239 9.295234107814986935e-02
115.743548 9.294453820251674658e-02
115.751858 9.293673632652169059e-02
115.760168 9.292893545000793787e-02
115.768478 9.292113557282463687e-02
115.776788 9.291333669481663393e-02
115.785098 9.290553881583342444e-02
115.793407 9.289774193571784244e-02
115.801717 9.288994605432113194e-02
115.810027 9.288215117148738986e-02
115.818337 9.287435728706405769e-02
115.826647 9.286656440089932629e-02
115.834957 9.285877251283791711e-02
115.843266 9.285098162273000555e-02
115.851576 9.284319173041911955e-02
115.859886 9.283540283575601737e-02
115.868196 9.282761493858378288e-02
115.876506 9.281982803875209187e-02
115.884816 9.281204213610859399e-02
115.893125 9.280425723049705311e-02
115.901435 9.279647332176965691e-02
115.909745 9.278869040976758797e-02
115.918055 9.278090849434328380e-02
115.926365 9.277312757534050824e-02
115.934675 9.276534765260895099e-02
115.942985 9.275756872599411063e-02
115.951294 9.274979079534552417e-02
115.959604 9.274201386050653917e-02
115.967914 9.273423792132727550e-02
115.976224 9.272646297765572976e-02
115.984534 9.271868902933547152e-02
115.992844 9.271091607621877173e-02
116.001153 9.270314411815275268e-02
116.009463 9.269537315497987373e-02
116.017773 9.268760318655087926e-02
116.026083 9.267983421271255851e-02
116.034393 9.267206623331465665e-02
116.042703 9.266429924820118735e-02
116.051012 9.265653325722193745e-02
116.059322 9.264876826022257206e-02
116.067632 9.264100425705473763e-02
116.075942 9.263324124755986655e-02
116.084252 9.262547923159174246e-02
116.092562 9.261771820899167285e-02
116.100871 9.260995817961414911e-02
116.109181 9.260219914330254654e-02
116.117491 9.259444109990372374e-02
116.125801 9.258668404926811979e-02
116.134111 9.257892799124474437e-02
116.142421 9.257117292567551559e-02
116.150730 9.256341885241468892e-02
116.159040 9.255566577130650008e-02
116.167350 9.254791368219962566e-02
116.175660 9.254016258494074387e-02
116.183970 9.253241247938008562e-02
116.192280 9.252466336536438463e-02
116.200589 9.251691524273963907e-02
116.208899 9.250916811135694029e-02
116.217209 9.250142197106019093e-02
116.225519 9.249367682170324401e-02
116.233829 9.248593266312871153e-02
116.242139 9.247818949518914200e-02
116.250448 9.247044731772879889e-02
116.258758 9.246270613059542898e-02
116.267068 9.245496593364092852e-02
116.275378 9.244722672671139285e-02
116.283688 9.243948850965393038e-02
116.291998 9.243175128231712057e-02
116.300308 9.242401504455054206e-02
116.308617 9.241627979620058164e-02
116.316927 9.240854553711620734e-02
116.325237 9.240081226714835783e-02
116.333547 9.239307998614092188e-02
116.341857 9.238534869394239568e-02
116.350167 9.237761839040553591e-02
116.358476 9.236988907537198312e-02
116.366786 9.236216074869456338e-02
116.375096 9.235443341022304964e-02
116.383406 9.234670705980481398e-02
116.391716 9.233898169728198269e-02
116.400026 9.233125732251291906e-02
116.408335 9.232353393533899999e-02
116.416645 9.231581153561206621e-02
116.424955 9.230809012317690854e-02
116.433265 9.230036969788617263e-02
116.441575 9.229265025958713342e-02
116.449885 9.228493180812745444e-02
116.458194 9.227721434335654782e-02
116.466504 9.226949786512146645e-02
116.474814 9.226178237327350984e-02
116.483124 9.225406786765932843e-02
116.491434 9.224635434812730739e-02
116.499744 9.223864181452723354e-02
116.508053 9.223093026670704797e-02
116.516363 9.222321970451723139e-02
116.524673 9.221551012780418444e-02
116.532983 9.220780153641877641e-02
116.541293 9.220009393020581201e-02
116.549603 9.219238730901947731e-02
116.557912 9.218468167270506275e-02
116.566222 9.217697702111210534e-02
116.574532 9.216927335409050293e-02
116.582842 9.216157067148947335e-02
116.591152 9.215386897315464010e-02
116.599462 9.214616825893741370e-02
116.607772 9.213846852868742832e-02
116.616081 9.213076978225193114e-02
116.624391 9.212307201948181923e-02
116.632701 9.211537524022300749e-02
116.641011 9.210767944432857179e-02
116.649321 9.209998463164381644e-02
116.657631 9.209229080201998541e-02
116.665940 9.208459795530633818e-02
116.674250 9.207690609134962234e-02
116.682560 9.206921521000194231e-02
116.690870 9.206152531111147508e-02
116.699180 9.205383639452674460e-02
116.707490 9.204614846009777362e-02
116.715799 9.203846150767300283e-02
116.724109 9.203077553710187209e-02
116.732419 9.202309054823416823e-02
116.740729 9.201540654091742988e-02
116.749039 9.200772351500491331e-02
116.757349 9.200004147034014645e-02
116.765658 9.199236040677820359e-02
116.773968 9.198468032416530493e-02
116.782278 9.197700122235095976e-02
116.790588 9.196932310118546838e-02
116.798898 9.196164596051910334e-02
116.807208 9.195396980019869548e-02
116.815517 9.194629462007523901e-02
116.823827 9.193862041999883994e-02
116.832137 9.193094719981730056e-02
116.840447 9.192327495938229509e-02
116.848757 9.191560369854197277e-02
116.857067 9.190793341714563469e-02
116.865376 9.190026411504320647e-02
116.873686 9.189259579208688966e-02
116.881996 9.188492844812336247e-02
116.890306 9.187726208300296682e-02
116.898616 9.186959669657529526e-02
116.906926 9.186193228868824723e-02
116.915235 9.185426885919419082e-02
116.923545 9.184660640794413411e-02
116.931855 9.183894493478335364e-02
116.940165 9.183128443956746489e-02
116.948475 9.182362492214031502e-02
116.956785 9.181596638235539620e-02
116.965095 9.180830882006114912e-02
116.973404 9.180065223510799899e-02
116.981714 9.179299662734807796e-02
116.990024 9.178534199662574666e-02
116.998334 9.177768834279773080e-02
117.006644 9.177003566570653137e-02
117.014954 9.176238396520862428e-02
117.023263 9.175473324115000773e-02
117.031573 9.174708349338381308e-02
117.039883 9.173943472175784264e-02
117.048193 9.173178692612297958e-02
117.056503 9.172414010632931602e-02
117.064813 9.171649426222544532e-02
117.073122 9.170884939366376332e-02
117.081432 9.170120550049591646e-02
117.089742 9.169356258256551595e-02
117.098052 9.168592063972906547e-02
117.106362 9.167827967183465876e-02
117.114672 9.167063967873172181e-02
117.122981 9.166300066027266435e-02
117.131291 9.165536261630595483e-02
117.139601 9.164772554668247639e-02
117.147911 9.164008945125319550e-02
117.156221 9.163245432986567851e-02
117.164531 9.162482018237345927e-02
117.172840 9.161718700862526987e-02
117.181150 9.160955480847364496e-02
117.189460 9.160192358176612315e-02
117.197770 9.159429332835609949e-02
117.206080 9.158666404809145956e-02
117.214390 9.157903574082240650e-02
117.222699 9.157140840640176638e-02
117.231009 9.156378204468049176e-02
117.239319 9.155615665550589921e-02
117.247629 9.154853223872978785e-02
117.255939 9.154090879420581639e-02
117.264249 9.153328632178055202e-02
117.272558 9.152566482130647385e-02
117.280868 9.151804429263397933e-02
117.289178 9.151042473561520063e-02
117.297488 9.150280615009778740e-02
117.305798 9.149518853593385792e-02
117.314108 9.148757189297548886e-02
117.322418 9.147995622107064906e-02
117.330727 9.147234152007538421e-02
117.339037 9.146472778983510965e-02
117.347347 9.145711503020187427e-02
117.355657 9.144950324102940620e-02
117.363967 9.144189242216357871e-02
117.372277 9.143428257345949384e-02
117.380586 9.142667369476574490e-02
117.388896 9.141906578593562982e-02
117.397206 9.141145884681907419e-02
117.405516 9.140385287726611463e-02
117.413826 9.139624787712812004e-02
117.422136 9.138864384625565440e-02
117.430445 9.138104078450276502e-02
117.438755 9.137343869171689337e-02
117.447065 9.136583756774943610e-02
117.455375 9.135823741245453766e-02
117.463685 9.135063822567818237e-02
117.471995 9.134304000727687389e-02
117.480304 9.133544275710074600e-02
117.488614 9.132784647499823938e-02
117.496924 9.132025116082165273e-02
117.505234 9.131265681442461701e-02
117.513544 9.130506343565569782e-02
117.521854 9.129747102436677753e-02
117.530163 9.128987958041140383e-02
117.538473 9.128228910363579696e-02
117.546783 9.127469959389704346e-02
117.555093 9.126711105104119703e-02
117.563403 9.125952347492390093e-02
117.571713 9.125193686539491422e-02
117.580022 9.124435122230595274e-02
117.588332 9.123676654550808007e-02
117.596642 9.122918283485149937e-02
117.604952 9.122160009019189553e-02
117.613262 9.121401831137757044e-02
117.621572 9.120643749825861624e-02
117.629881 9.119885765068967698e-02
117.638191 9.119127876851988723e-02
117.646501 9.118370085160451555e-02
117.654811 9.117612389979200260e-02
117.663121 9.116854791293506344e-02
117.671431 9.116097289088351263e-02
117.679741 9.115339883349243832e-02
117.688050 9.114582574061015630e-02
117.696360 9.113825361209065834e-02
117.704670 9.113068244778546600e-02
117.712980 9.112311224754586492e-02
117.721290 9.111554301122529176e-02
117.729600 9.110797473867181251e-02
117.737909 9.110040742973886385e-02
117.746219 9.109284108427986859e-02
117.754529 9.108527570214561275e-02
117.762839 9.107771128318790932e-02
117.771149 9.107014782725823820e-02
117.779459 9.106258533421014711e-02
117.787768 9.105502380389428330e-02
117.796078 9.104746323616291770e-02
117.804388 9.103990363086915394e-02
117.812698 9.103234498786240414e-02
117.821008 9.102478730699753440e-02
117.829318 9.101723058812460909e-02
117.837627 9.100967483109380363e-02
117.845937 9.100212003576341191e-02
117.854247 9.099456620198202728e-02
117.862557 9.098701332960007493e-02
117.870867 9.097946141847217116e-02
117.879177 9.097191046844982365e-02
117.887486 9.096436047938667724e-02
117.895796 9.095681145113257426e-02
117.904106 9.094926338353809259e-02
117.912416 9.094171627645945832e-02
117.920726 9.093417012974942815e-02
117.929036 9.092662494325785827e-02
117.937345 9.091908071683697801e-02
117.945655 9.091153745034033506e-02
117.953965 9.090399514361947875e-02
117.962275 9.089645379652785961e-02
117.970585 9.088891340891752657e-02
117.978895 9.088137398064091710e-02
117.987204 9.087383551154899763e-02
117.995514 9.086629800149814695e-02
118.003824 9.085876145033691675e-02
118.012134 9.085122585791802208e-02
118.020444 9.084369122409730046e-02
118.028754 9.083615754872320647e-02
118.037064 9.082862483165195233e-02
118.045373 9.082109307273314447e-02
118.053683 9.081356227182087182e-02
118.061993 9.080603242876932046e-02
118.070303 9.079850354342976215e-02
118.078613 9.079097561565412089e-02
118.086923 9.078344864529509783e-02
118.095232 9.077592263220676805e-02
118.103542 9.076839757624152738e-02
118.111852 9.076087347725023124e-02
118.120162 9.075335033509011884e-02
118.128472 9.074582814961086596e-02
118.136782 9.073830692066410519e-02
118.145091 9.073078664810384220e-02
118.153401 9.072326733178469327e-02
118.161711 9.071574897155945671e-02
118.170021 9.070823156727901571e-02
118.178331 9.070071511879787551e-02
118.186641 9.069319962596625317e-02
118.194950 9.068568508864002786e-02
118.203260 9.067817150667407955e-02
118.211570 9.067065887991654360e-02
118.219880 9.066314720822288287e-02
118.228190 9.065563649144631198e-02
118.236500 9.064812672944186356e-02
118.244809 9.064061792205720114e-02
118.253119 9.063311006915150680e-02
118.261429 9.062560317057426207e-02
118.269739 9.061809722617900076e-02
118.278049 9.061059223581985345e-02
118.286359 9.060308819935090907e-02
118.294668 9.059558511662382796e-02
118.302978 9.058808298749335131e-02
118.311288 9.058058181181086188e-02
118.319598 9.057308158942990739e-02
118.327908 9.056558232020556209e-02
118.336218 9.055808400398927815e-02
118.344528 9.055058664063507512e-02
118.352837 9.054309022999844359e-02
118.361147 9.053559477192933691e-02
118.369457 9.052810026628363427e-02
118.377767 9.052060671291403682e-02
118.386077 9.051311411167473064e-02
118.394387 9.050562246241782016e-02
118.402696 9.049813176499633960e-02
118.411006 9.049064201926705631e-02
118.419316 9.048315322508090897e-02
118.427626 9.047566538229097344e-02
118.435936 9.046817849075351747e-02
118.444246 9.046069255031848055e-02
118.452555 9.045320756084479497e-02
118.460865 9.044572352218192834e-02
118.469175 9.043824043418555170e-02
118.477485 9.043075829670557675e-02
118.485795 9.042327710960230969e-02
118.494105 9.041579687272303933e-02
118.502414 9.040831758592689227e-02
118.510724 9.040083924906310020e-02
118.519034 9.039336186198883294e-02
118.527344 9.038588542455708308e-02
118.535654 9.037840993662073219e-02
118.543964 9.037093539803382758e-02
118.552273 9.036346180865165167e-02
118.560583 9.035598916832628114e-02
118.568893 9.034851747691345636e-02
118.577203 9.034104673426637810e-02
118.585513 9.033357694023880224e-02
118.593823 9.032610809468374913e-02
118.602132 9.031864019745852734e-02
118.610442 9.031117324841313188e-02
118.618752 9.030370724740563459e-02
118.627062 9.029624219428812604e-02
118.635372 9.028877808891232204e-02
118.643682 9.028131493113708550e-02
118.651991 9.027385272081291101e-02
118.660301 9.026639145779560836e-02
118.668611 9.025893114194215305e-02
118.676921 9.025147177309998658e-02
118.685231 9.024401335112797184e-02
118.693541 9.023655587587989246e-02
118.701851 9.022909934720969860e-02
118.710160 9.022164376497222860e-02
118.718470 9.021418912902211262e-02
118.726780 9.020673543921113591e-02
118.735090 9.019928269539578825e-02
118.743400 9.019183089743028348e-02
118.751710 9.018438004517075057e-02
118.760019 9.017693013846836414e-02
118.768329 9.016948117717717148e-02
118.776639 9.016203316115610489e-02
118.784949 9.015458609025524261e-02
118.793259 9.014713996433205978e-02
118.801569 9.013969478324070084e-02
118.809878 9.013225054683451920e-02
118.818188 9.012480725496840872e-02
118.826498 9.011736490749631956e-02
118.834808 9.010992350427354802e-02
118.843118 9.010248304515579287e-02
118.851428 9.009504352999721244e-02
118.859737 9.008760495865247853e-02
118.868047 9.008016733097445883e-02
118.876357 9.007273064682112806e-02
118.884667 9.006529490604434085e-02
118.892977 9.005786010850051759e-02
118.901287 9.005042625404430234e-02
118.909596 9.004299334252936771e-02
118.917906 9.003556137381225899e-02
118.926216 9.002813034774681533e-02
118.934526 9.002070026418808324e-02
118.942836 9.001327112299042921e-02
118.951146 9.000584292400988506e-02
118.959455 8.999841566710267693e-02
118.967765 8.999098935212065942e-02
118.976075 8.998356397891926761e-02
118.984385 8.997613954735429742e-02
118.992695 8.996871605728289090e-02
119.001005 8.996129350855661122e-02
119.009314 8.995387190103286412e-02
119.017624 8.994645123456501690e-02
119.025934 8.993903150900903198e-02
119.034244 8.993161272422214858e-02
119.042554 8.992419488005444494e-02
119.050864 8.991677797636667135e-02
119.059174 8.990936201301068242e-02
119.067483 8.990194698984184385e-02
119.075793 8.989453290671665930e-02
119.084103 8.988711976349027244e-02
119.092413 8.987970756001711914e-02
119.100723 8.987229629615296755e-02
119.109033 8.986488597175269766e-02
119.117342 8.985747658667200821e-02
119.125652 8.985006814076898496e-02
119.133962 8.984266063389316492e-02
119.142272 8.983525406590422979e-02
119.150582 8.982784843665581054e-02
119.158892 8.982044374600621495e-02
119.167201 8.981303999380692293e-02
119.175511 8.980563717991757455e-02
119.183821 8.979823530418874766e-02
119.192131 8.979083436648013783e-02
119.200441 8.978343436664569521e-02
119.208751 8.977603530454136838e-02
119.217060 8.976863718002267567e-02
119.225370 8.976123999294442768e-02
119.233680 8.975384374316409952e-02
119.241990 8.974644843053457277e-02
119.250300 8.973905405491520992e-02
119.258610 8.973166061615746314e-02
119.266919 8.972426811412162473e-02
119.275229 8.971687654865999340e-02
119.283539 8.970948591963040508e-02
119.291849 8.970209622688730955e-02
119.300159 8.969470747028704394e-02
119.308469 8.968731964968523762e-02
119.316778 8.967993276493789467e-02
119.325088 8.967254681590018650e-02
119.333398 8.966516180243158662e-02
119.341708 8.965777772438189575e-02
119.350018 8.965039458161244701e-02
119.358328 8.964301237397698241e-02
119.366637 8.963563110133157541e-02
119.374947 8.962825076353113374e-02
119.383257 8.962087136043306312e-02
119.391567 8.961349289189246559e-02
119.399877 8.960611535776742687e-02
119.408187 8.959873875791309061e-02
119.416497 8.959136309218440619e-02
119.424806 8.958398836043930669e-02
119.433116 8.957661456253242227e-02
119.441426 8.956924169832068683e-02
119.449736 8.956186976765835583e-02
119.458046 8.955449877040538853e-02
119.466356 8.954712870641517997e-02
119.474665 8.953975957554501097e-02
119.482975 8.953239137765034439e-02
119.491285 8.952502411259032067e-02
119.499595 8.951765778021641973e-02
119.507905 8.951029238038987756e-02
119.516215 8.950292791296282635e-02
119.524524 8.949556437779369877e-02
119.532834 8.948820177474105242e-02
119.541144 8.948084010365837948e-02
119.549454 8.947347936440179506e-02
119.557764 8.946611955682973183e-02
119.566074 8.945876068079770815e-02
119.574383 8.945140273616085380e-02
119.582693 8.944404572278054355e-02
119.591003 8.943668964050695280e-02
119.599313 8.942933448919954120e-02
119.607623 8.942198026871807370e-02
119.615933 8.941462697891323919e-02
119.624242 8.940727461964584344e-02
119.632552 8.939992319077193217e-02
119.640862 8.939257269214682944e-02
119.649172 8.938522312362738587e-02
119.657482 8.937787448507229782e-02
119.665792 8.937052677633620934e-02
119.674101 8.936317999727674821e-02
119.682411 8.935583414775107036e-02
119.690721 8.934848922761452761e-02
119.699031 8.934114523672660735e-02
119.707341 8.933380217494038544e-02
119.715651 8.932646004211561297e-02
119.723961 8.931911883810929320e-02
119.732270 8.931177856277695837e-02
119.740580 8.930443921597591705e-02
119.748890 8.929710079756263130e-02
119.757200 8.928976330739545053e-02
119.765510 8.928242674532992085e-02
119.773820 8.927509111122550189e-02
119.782129 8.926775640493575525e-02
119.790439 8.926042262632064017e-02
119.798749 8.925308977523489784e-02
119.807059 8.924575785153773810e-02
119.815369 8.923842685508384664e-02
119.823679 8.923109678573554193e-02
119.831988 8.922376764334508104e-02
119.840298 8.921643942776855130e-02
119.848608 8.920911213886816016e-02
119.856918 8.920178577649684470e-02
119.865228 8.919446034051561889e-02
119.873538 8.918713583077701734e-02
119.881847 8.917981224714123523e-02
119.890157 8.917248958946860649e-02
119.898467 8.916516785761106900e-02
119.906777 8.915784705142733302e-02
119.915087 8.915052717077676103e-02
119.923397 8.914320821551680041e-02
119.931706 8.913589018550106824e-02
119.940016 8.912857308059116135e-02
119.948326 8.912125690064273686e-02
119.956636 8.911394164551297847e-02
119.964946 8.910662731506149847e-02
119.973256 8.909931390914122007e-02
119.981565 8.909200142761769525e-02
119.989875 8.908468987033990594e-02
119.998185 8.907737923716928241e-02
120.006495 8.907006952796188426e-02
120.014805 8.906276074258255571e-02
120.023115 8.905545288087740596e-02
120.031424 8.904814594271240336e-02
120.039734 8.904083992794205316e-02
120.048044 8.903353483642495458e-02
120.056354 8.902623066801927665e-02
120.064664 8.901892742258110669e-02
120.072974 8.901162509996893291e-02
120.081284 8.900432370004207616e-02
120.089593 8.899702322265597154e-02
120.097903 8.898972366766967623e-02
120.106213 8.898242503494076250e-02
120.114523 8.897512732432893978e-02
120.122833 8.896783053568899091e-02
120.131143 8.896053466888090289e-02
120.139452 8.895323972376260879e-02
120.147762 8.894594570019075108e-02
120.156072 8.893865259802485879e-02
120.164382 8.893136041712244866e-02
120.172692 8.892406915734119011e-02
120.181002 8.891677881853739251e-02
120.189311 8.890948940057290251e-02
120.197621 8.890220090330329394e-02
120.205931 8.889491332658730482e-02
120.214241 8.888762667028396458e-02
120.222551 8.888034093425065119e-02
120.230861 8.887305611834507568e-02
120.239170 8.886577222242583729e-02
120.247480 8.885848924635073032e-02
120.255790 8.885120718997943645e-02
120.264100 8.884392605316844549e-02
120.272410 8.883664583577825791e-02
120.280720 8.882936653766398960e-02
120.289029 8.882208815868576635e-02
120.297339 8.881481069870252043e-02
120.305649 8.880753415757274005e-02
120.313959 8.880025853515270684e-02
120.322269 8.879298383130353189e-02
120.330579 8.878571004588108051e-02
120.338888 8.877843717874504825e-02
120.347198 8.877116522975542212e-02
120.355508 8.876389419876858089e-02
120.363818 8.875662408564333195e-02
120.372128 8.874935489023871860e-02
120.380438 8.874208661241302087e-02
120.388747 8.873481925202464371e-02
120.397057 8.872755280893385166e-02
120.405367 8.872028728299678757e-02
120.413677 8.871302267407495112e-02
120.421987 8.870575898202170961e-02
120.430297 8.869849620670272605e-02
120.438607 8.869123434797171468e-02
120.446916 8.868397340568903719e-02
120.455226 8.867671337971458345e-02
120.463536 8.866945426990335832e-02
120.471846 8.866219607611933173e-02
120.480156 8.865493879821770284e-02
120.488466 8.864768243605983256e-02
120.496775 8.864042698950122534e-02
120.505085 8.863317245840371394e-02
120.513395 8.862591884262352449e-02
120.521705 8.861866614202179582e-02
120.530015 8.861141435645737696e-02
120.538325 8.860416348578802059e-02
120.546634 8.859691352987540680e-02
120.554944 8.858966448857436005e-02
120.563254 8.858241636174690736e-02
120.571564 8.857516914925188389e-02
120.579874 8.856792285094532147e-02
120.588184 8.856067746669091245e-02
120.596493 8.855343299634504950e-02
120.604803 8.854618943976642897e-02
120.613113 8.853894679681678648e-02
120.621423 8.853170506735322243e-02
120.629733 8.852446425123516871e-02
120.638043 8.851722434832093311e-02
120.646352 8.850998535847171000e-02
120.654662 8.850274728154552961e-02
120.662972 8.849551011740235118e-02
120.671282 8.848827386590113475e-02
120.679592 8.848103852690136772e-02
120.687902 8.847380410026163544e-02
120.696211 8.846657058584228572e-02
120.704521 8.845933798350136268e-02
120.712831 8.845210629310107375e-02
120.721141 8.844487551449940754e-02
120.729451 8.843764564755408897e-02
120.737761 8.843041669212527156e-02
120.746070 8.842318864807403866e-02
120.754380 8.841596151525868419e-02
120.762690 8.840873529353687754e-02
120.771000 8.840150998277286620e-02
120.779310 8.839428558282391712e-02
120.787620 8.838706209354736665e-02
120.795930 8.837983951480585243e-02
120.804239 8.837261784645826512e-02
120.812549 8.836539708836387008e-02
120.820859 8.835817724038244614e-02
120.829169 8.835095830237260639e-02
120.837479 8.834374027419585051e-02
120.845789 8.833652315571141611e-02
120.854098 8.832930694678023387e-02
120.862408 8.832209164725707273e-02
120.870718 8.831487725700797042e-02
120.879028 8.830766377588940286e-02
120.887338 8.830045120376235623e-02
120.895648 8.829323954048501344e-02
120.903957 8.828602878591995662e-02
120.912267 8.827881893992568785e-02
120.920577 8.827161000236052879e-02
120.928887 8.826440197308817182e-02
120.937197 8.825719485196453773e-02
120.945507 8.824998863885233358e-02
120.953816 8.824278333361106064e-02
120.962126 8.823557893609902669e-02
120.970436 8.822837544617925798e-02
120.978746 8.822117286370917411e-02
120.987056 8.821397118855056618e-02
120.995366 8.820677042056412898e-02
121.003675 8.819957055960717107e-02
121.011985 8.819237160554169175e-02
121.020295 8.818517355822855230e-02
121.028605 8.817797641752558868e-02
121.036915 8.817078018329473077e-02
121.045225 8.816358485539664558e-02
121.053534 8.815639043369240258e-02
121.061844 8.814919691803894952e-02
121.070154 8.814200430830014532e-02
121.078464 8.813481260433185527e-02
121.086774 8.812762180599977013e-02
121.095084 8.812043191315990787e-02
121.103393 8.811324292567589145e-02
121.111703 8.810605484340514049e-02
121.120013 8.809886766621084775e-02
121.128323 8.809168139395186226e-02
121.136633 8.808449602648939225e-02
121.144943 8.807731156368379943e-02
121.153253 8.807012800539501529e-02
121.161562 8.806294535148379010e-02
121.169872 8.805576360181199824e-02
121.178182 8.804858275623796138e-02
121.186492 8.804140281462384532e-02
121.194802 8.803422377682953992e-02
121.203112 8.802704564271679466e-02
121.211421 8.801986841214357038e-02
121.219731 8.801269208497287944e-02
121.228041 8.800551666106701254e-02
121.236351 8.799834214028232071e-02
121.244661 8.799116852248407838e-02
121.252971 8.798399580752905291e-02
121.261280 8.797682399528013175e-02
121.269590 8.796965308559878682e-02
121.277900 8.796248307834306224e-02
121.286210 8.795531397337817692e-02
121.294520 8.794814577056092597e-02
121.302830 8.794097846975465482e-02
121.311139 8.793381207081946149e-02
121.319449 8.792664657361380642e-02
121.327759 8.791948197800290854e-02
121.336069 8.791231828384506175e-02
121.344379 8.790515549100273718e-02
121.352689 8.789799359933649081e-02
121.360998 8.789083260870644843e-02
121.369308 8.788367251897466481e-02
121.377618 8.787651333000066900e-02
121.385928 8.786935504164984645e-02
121.394238 8.786219765377809021e-02
121.402548 8.785504116624832938e-02
121.410857 8.784788557892374283e-02
121.419167 8.784073089166284654e-02
121.427477 8.783357710432954102e-02
121.435787 8.782642421678089895e-02
121.444097 8.781927222888259721e-02
121.452407 8.781212114049440076e-02
121.460717 8.780497095147589415e-02
121.469026 8.779782166168932644e-02
121.477336 8.779067327099787654e-02
121.485646 8.778352577925904732e-02
121.493956 8.777637918633993119e-02
121.502266 8.776923349209592162e-02
121.510576 8.776208869639329224e-02
121.518885 8.775494479908955980e-02
121.527195 8.774780180004895791e-02
121.535505 8.774065969913118213e-02
121.543815 8.773351849619785703e-02
121.552125 8.772637819111282764e-02
121.560435 8.771923878373477645e-02
121.568744 8.771210027392693787e-02
121.577054 8.770496266155058951e-02
121.585364 8.769782594646716167e-02
121.593674 8.769069012853838996e-02
121.601984 8.768355520762402544e-02
121.610294 8.767642118358909276e-02
121.618603 8.766928805629205235e-02
121.626913 8.766215582559851172e-02
121.635223 8.765502449136626517e-02
121.643533 8.764789405345944917e-02
121.651843 8.764076451173918869e-02
121.660153 8.763363586606685851e-02
121.668462 8.762650811630426362e-02
121.676772 8.761938126231601232e-02
121.685082 8.761225530395795602e-02
121.693392 8.760513024109703450e-02
121.701702 8.759800607359272129e-02
121.710012 8.759088280130937487e-02
121.718321 8.758376042410756512e-02
121.726631 8.757663894184831987e-02
121.734941 8.756951835439459597e-02
121.743251 8.756239866160853147e-02
121.751561 8.755527986335190360e-02
121.759871 8.754816195948599000e-02
121.768180 8.754104494987390017e-02
121.776490 8.753392883437619010e-02
121.784800 8.752681361285846728e-02
121.793110 8.751969928517848440e-02
121.801420 8.751258585120040567e-02
121.809730 8.750547331078993574e-02
121.818040 8.749836166380092761e-02
121.826349 8.749125091010248600e-02
121.834659 8.748414104955412607e-02
121.842969 8.747703208202067815e-02
121.851279 8.746992400736110229e-02
121.859589 8.746281682543995128e-02
121.867899 8.745571053611710111e-02
121.876208 8.744860513925764578e-02
121.884518 8.744150063472272416e-02
121.892828 8.743439702237361388e-02
121.901138 8.742729430207572816e-02
121.909448 8.742019247368779111e-02
121.917758 8.741309153707538249e-02
121.926067 8.740599149209940522e-02
121.934377 8.739889233862226103e-02
121.942687 8.739179407650572717e-02
121.950997 8.738469670561387070e-02
121.959307 8.737760022581016195e-02
121.967617 8.737050463695504587e-02
121.975926 8.736340993891082707e-02
121.984236 8.735631613154155872e-02
121.992546 8.734922321470896256e-02
122.000856 8.734213118827645339e-02
122.009166 8.733504005210729337e-02
122.017476 8.732794980606155277e-02
122.025785 8.732086045000608809e-02
122.034095 8.731377198379811078e-02
122.042405 8.730668440730605939e-02
122.050715 8.729959772038857480e-02
122.059025 8.729251192291075101e-02
122.067335 8.728542701473465670e-02
122.075644 8.727834299572256871e-02
122.083954 8.727125986573783245e-02
122.092264 8.726417762464389050e-02
122.100574 8.725709627230086862e-02
122.108884 8.725001580857610906e-02
122.117194 8.724293623333080616e-02
122.125503 8.723585754642673717e-02
122.133813 8.722877974772717813e-02
122.142123 8.722170283709521077e-02
122.150433 8.721462681439517972e-02
122.158743 8.720755167948857078e-02
122.167053 8.720047743223917347e-02
122.175363 8.719340407250981972e-02
122.183672 8.718633160016443784e-02
122.191982 8.717926001506452749e-02
122.200292 8.717218931707412799e-02
122.208602 8.716511950605707049e-02
122.216912 8.715805058187565957e-02
122.225222 8.715098254439411496e-02
122.233531 8.714391539347450533e-02
122.241841 8.713684912897992629e-02
122.250151 8.712978375077468085e-02
122.258461 8.712271925872182299e-02
122.266771 8.711565565268478140e-02
122.275081 8.710859293252440350e-02
122.283390 8.710153109810878092e-02
122.291700 8.709447014929669328e-02
122.300010 8.708741008595477506e-02
122.308320 8.708035090794570554e-02
122.316630 8.707329261513048480e-02
122.324940 8.706623520737652444e-02
122.333249 8.705917868454543518e-02
122.341559 8.705212304649870281e-02
122.349869 8.704506829310192095e-02
122.358179 8.703801442421971180e-02
122.366489 8.703096143971350562e-02
122.374799 8.702390933944956219e-02
122.383108 8.701685812328766034e-02
122.391418 8.700980779109518393e-02
122.399728 8.700275834273239750e-02
122.408038 8.699570977806542205e-02
122.416348 8.698866209695850504e-02
122.424658 8.698161529927062041e-02
122.432967 8.697456938487120592e-02
122.441277 8.696752435362141431e-02
122.449587 8.696048020538554857e-02
122.457897 8.695343694002741208e-02
122.466207 8.694639455741062783e-02
122.474517 8.693935305739640407e-02
122.482826 8.693231243985448387e-02
122.491136 8.692527270464295297e-02
122.499446 8.691823385163026383e-02
122.507756 8.691119588067638957e-02
122.516066 8.690415879164725688e-02
122.524376 8.689712258440861203e-02
122.532686 8.689008725882046980e-02
122.540995 8.688305281475076913e-02
122.549305 8.687601925205952480e-02
122.557615 8.686898657061473128e-02
122.565925 8.686195477027662537e-02
122.574235 8.685492385091168888e-02
122.582545 8.684789381238595951e-02
122.590854 8.684086465455857773e-02
122.599164 8.683383637729695514e-02
122.607474 8.682680898046578333e-02
122.615784 8.681978246392796361e-02
122.624094 8.681275682754695244e-02
122.632404 8.680573207118875978e-02
122.640713 8.679870819471599552e-02
122.649023 8.679168519799310144e-02
122.657333 8.678466308088685077e-02
122.665643 8.677764184325878483e-02
122.673953 8.677062148497251270e-02
122.682263 8.676360200589566807e-02
122.690572 8.675658340588972284e-02
122.698882 8.674956568482221353e-02
122.707192 8.674254884255348796e-02
122.715502 8.673553287895248431e-02
122.723812 8.672851779388039695e-02
122.732122 8.672150358720315255e-02
122.740431 8.671449025878179284e-02
122.748741 8.670747780848513109e-02
122.757051 8.670046623617909398e-02
122.765361 8.669345554172089297e-02
122.773671 8.668644572498511447e-02
122.781981 8.667943678582742950e-02
122.790290 8.667242872411605459e-02
122.798600 8.666542153971566742e-02
122.806910 8.665841523249082079e-02
122.815220 8.665140980230606749e-02
122.823530 8.664440524902698726e-02
122.831840 8.663740157251706431e-02
122.840150 8.663039877264211430e-02
122.848459 8.662339684926548267e-02
122.856769 8.661639580225415080e-02
122.865079 8.660939563147022902e-02
122.873389 8.660239633678076809e-02
122.881699 8.659539791804855835e-02
122.890009 8.658840037514065058e-02
122.898318 8.658140370792154206e-02
122.906628 8.657440791625448107e-02
122.914938 8.656741300000758699e-02
122.923248 8.656041895904047212e-02
122.931558 8.655342579322314323e-02
122.939868 8.654643350241947308e-02
122.948177 8.653944208649259895e-02
122.956487 8.653245154530939121e-02
122.964797 8.652546187873302874e-02
122.973107 8.651847308663310199e-02
122.981417 8.651148516886750239e-02
122.989727 8.650449812530665306e-02
122.998036 8.649751195581531493e-02
123.006346 8.649052666025783265e-02
123.014656 8.648354223849771816e-02
123.022966 8.647655869040235532e-02
123.031276 8.646957601583524222e-02
123.039586 8.646259421466633011e-02
123.047895 8.645561328675484269e-02
123.056205 8.644863323196742833e-02
123.064515 8.644165405017271986e-02
123.072825 8.643467574123109287e-02
123.081135 8.642769830501255413e-02
123.089445 8.642072174138068497e-02
123.097754 8.641374605019976063e-02
123.106064 8.640677123133692905e-02
123.114374 8.639979728465516096e-02
123.122684 8.639282421002310308e-02
123.130994 8.638585200730460045e-02
123.139304 8.637888067636390055e-02
123.147613 8.637191021706888683e-02
123.155923 8.636494062928369575e-02
123.164233 8.635797191287519770e-02
123.172543 8.635100406770679360e-02
123.180853 8.634403709364575630e-02
123.189163 8.633707099055788758e-02
123.197473 8.633010575830704636e-02
123.205782 8.632314139675981157e-02
123.214092 8.631617790578259564e-02
123.222402 8.630921528524021502e-02
123.230712 8.630225353500037277e-02
123.239022 8.629529265492591472e-02
123.247332 8.628833264488411370e-02
123.255641 8.628137350473906453e-02
123.263951 8.627441523435923354e-02
123.272261 8.626745783361028375e-02
123.280571 8.626050130235661528e-02
123.288881 8.625354564046289196e-02
123.297191 8.624659084779662255e-02
123.305500 8.623963692422527416e-02
123.313810 8.623268386961267795e-02
123.322120 8.622573168382413611e-02
123.330430 8.621878036672871171e-02
123.338740 8.621182991818975017e-02
123.347050 8.620488033807294226e-02
123.355359 8.619793162624619920e-02
123.363669 8.619098378257525339e-02
123.371979 8.618403680692487967e-02
123.380289 8.617709069916093534e-02
123.388599 8.617014545915242796e-02
123.396909 8.616320108676218947e-02
123.405218 8.615625758185874172e-02
123.413528 8.614931494430602688e-02
123.421838 8.614237317397253901e-02
123.430148 8.613543227072255337e-02
123.438458 8.612849223442405056e-02
123.446768 8.612155306494226337e-02
123.455077 8.611461476214284094e-02
123.463387 8.610767732589401369e-02
123.471697 8.610074075606001520e-02
123.480007 8.609380505250975590e-02
123.488317 8.608687021510558202e-02
123.496627 8.607993624371858277e-02
123.504936 8.607300313821122928e-02
123.513246 8.606607089845313974e-02
123.521556 8.605913952430797875e-02
123.529866 8.605220901564231140e-02
123.538176 8.604527937232538115e-02
123.546486 8.603835059422082487e-02
123.554796 8.603142268119762237e-02
123.563105 8.602449563312075664e-02
123.571415 8.601756944985748665e-02
123.579725 8.601064413127326724e-02
123.588035 8.600371967723519084e-02
123.596345 8.599679608761111316e-02
123.604655 8.598987336226614209e-02
123.612964 8.598295150106764761e-02
123.621274 8.597603050388132051e-02
123.629584 8.596911037057526628e-02
123.637894 8.596219110101574468e-02
123.646204 8.595527269507102774e-02
123.654514 8.594835515260454417e-02
123.662823 8.594143847348544030e-02
123.671133 8.593452265757983710e-02
123.679443 8.592760770475454946e-02
123.687753 8.592069361487590651e-02
123.696063 8.591378038781252724e-02
123.704373 8.590686802343033834e-02
123.712682 8.589995652159650164e-02
123.720992 8.589304588217466785e-02
123.729302 8.588613610503684215e-02
123.737612 8.587922719004899286e-02
123.745922 8.587231913707515929e-02
123.754232 8.586541194598522331e-02
123.762541 8.585850561664504221e-02
123.770851 8.585160014891990432e-02
123.779161 8.584469554268354952e-02
123.787471 8.583779179779356394e-02
123.795781 8.583088891412379851e-02
123.804091 8.582398689153927784e-02
123.812400 8.581708572990730255e-02
123.820710 8.581018542909549240e-02
123.829020 8.580328598896869163e-02
123.837330 8.579638740939823927e-02
123.845640 8.578948969024946525e-02
123.853950 8.578259283138785218e-02
123.862259 8.577569683268317091e-02
123.870569 8.576880169400319387e-02
123.878879 8.576190741521028116e-02
123.887189 8.575501399617677101e-02
123.895499 8.574812143677060239e-02
123.903809 8.574122973685592564e-02
123.912119 8.573433889630177607e-02
123.920428 8.572744891497380282e-02
123.928738 8.572055979274093018e-02
123.937048 8.571367152947145795e-02
123.945358 8.570678412503224264e-02
123.953668 8.569989757928904439e-02
123.961978 8.569301189211189773e-02
123.970287 8.568612706336814488e-02
123.978597 8.567924309292315743e-02
123.986907 8.567235998064651192e-02
123.995217 8.566547772640561997e-02
124.003527 8.565859633006722706e-02
124.011837 8.565171579149832848e-02
124.020146 8.564483611057027712e-02
124.028456 8.563795728714643229e-02
124.036766 8.563107932109524645e-02
124.045076 8.562420221228762840e-02
124.053386 8.561732596058900524e-02
124.061696 8.561045056586724655e-02
124.070005 8.560357602799062438e-02
124.078315 8.559670234682581480e-02
124.086625 8.558982952224182539e-02
124.094935 8.558295755410580408e-02
124.103245 8.557608644228668904e-02
124.111555 8.556921618665083717e-02
124.119864 8.556234678706726993e-02
124.128174 8.555547824340442586e-02
124.136484 8.554861055553002191e-02
124.144794 8.554174372330959619e-02
124.153104 8.553487774661316934e-02
124.161414 8.552801262531105342e-02
124.169723 8.552114835926746816e-02
124.178033 8.551428494835164318e-02
124.186343 8.550742239243232234e-02
124.194653 8.550056069137688952e-02
124.202963 8.549369984505499065e-02
124.211273 8.548683985333274671e-02
124.219582 8.547998071607880444e-02
124.227892 8.547312243316187996e-02
124.236202 8.546626500445225760e-02
124.244512 8.545940842981265828e-02
124.252822 8.545255270911697454e-02
124.261132 8.544569784222963427e-02
124.269442 8.543884382902065810e-02
124.277751 8.543199066935844299e-02
124.286061 8.542513836311171893e-02
124.294371 8.541828691014689834e-02
124.302681 8.541143631033516759e-02
124.310991 8.540458656354346645e-02
124.319301 8.539773766963802692e-02
124.327610 8.539088962849170072e-02
124.335920 8.538404243996706999e-02
124.344230 8.537719610393930403e-02
124.352540 8.537035062027220622e-02
124.360850 8.536350598883807317e-02
124.369160 8.535666220949973682e-02
124.377469 8.534981928213054847e-02
124.385779 8.534297720659932140e-02
124.394089 8.533613598277250967e-02
124.402399 8.532929561051812162e-02
124.410709 8.532245608970555339e-02
124.419019 8.531561742020571382e-02
124.427328 8.530877960188364140e-02
124.435638 8.530194263461188253e-02
124.443948 8.529510651825567003e-02
124.452258 8.528827125268471920e-02
124.460568 8.528143683776952255e-02
124.468878 8.527460327337729740e-02
124.477187 8.526777055937637129e-02
124.485497 8.526093869563772243e-02
124.493807 8.525410768202774936e-02
124.502117 8.524727751841579271e-02
124.510427 8.524044820467227557e-02
124.518737 8.523361974066445690e-02
124.527046 8.522679212626196876e-02
124.535356 8.521996536133466527e-02
124.543666 8.521313944574998578e-02
124.551976 8.520631437937725705e-02
124.560286 8.519949016208715198e-02
124.568596 8.519266679374433437e-02
124.576906 8.518584427422429273e-02
124.585215 8.517902260339069165e-02
124.593525 8.517220178111668816e-02
124.601835 8.516538180726722362e-02
124.610145 8.515856268171184684e-02
124.618455 8.515174440432266012e-02
124.626765 8.514492697496972573e-02
124.635074 8.513811039351577847e-02
124.643384 8.513129465983827748e-02
124.651694 8.512447977380108166e-02
124.660004 8.511766573527500268e-02
124.668314 8.511085254412749379e-02
124.676624 8.510404020023115690e-02
124.684933 8.509722870345214074e-02
124.693243 8.509041805366210354e-02
124.701553 8.508360825072983080e-02
124.709863 8.507679929452423295e-02
124.718173 8.506999118491505307e-02
124.726483 8.506318392176935583e-02
124.734792 8.505637750496168603e-02
124.743102 8.504957193435726259e-02
124.751412 8.504276720982653637e-02
124.759722 8.503596333123977780e-02
124.768032 8.502916029846525892e-02
124.776342 8.502235811137472121e-02
124.784651 8.501555676983373055e-02
124.792961 8.500875627371762278e-02
124.801271 8.500195662289132537e-02
124.809581 8.499515781722527530e-02
124.817891 8.498835985659136671e-02
124.826201 8.498156274085631734e-02
124.834510 8.497476646989082782e-02
124.842820 8.496797104356669517e-02
124.851130 8.496117646174991545e-02
124.859440 8.495438272431334037e-02
124.867750 8.494758983112626893e-02
124.876060 8.494079778205460007e-02
124.884369 8.493400657697365574e-02
124.892679 8.492721621575062552e-02
124.900989 8.492042669825673740e-02
124.909299 8.491363802435854258e-02
124.917609 8.490685019393101607e-02
124.925919 8.490006320683803065e-02
124.934229 8.489327706295438092e-02
124.942538 8.488649176214765890e-02
124.950848 8.487970730428963384e-02
124.959158 8.487292368924848063e-02
124.967468 8.486614091689151373e-02
124.975778 8.485935898709701108e-02
124.984088 8.485257789972797116e-02
124.992397 8.484579765465685708e-02
125.000707 8.483901825175399480e-02
125.009017 8.483223969088833638e-02
125.017327 8.482546197193231718e-02
125.025637 8.481868509475112838e-02
125.033947 8.481190905921895395e-02
125.042256 8.480513386520814600e-02
125.050566 8.479835951258296589e-02
125.058876 8.479158600121837475e-02
125.067186 8.478481333098360218e-02
125.075496 8.477804150174424180e-02
125.083806 8.477127051337761399e-02
125.092115 8.476450036575101932e-02
125.100425 8.475773105873418700e-02
125.108735 8.475096259219933037e-02
125.117045 8.474419496601434676e-02
125.125355 8.473742818005162991e-02
125.133665 8.473066223418017351e-02
125.141974 8.472389712827098351e-02
125.150284 8.471713286219398342e-02
125.158594 8.471036943582171963e-02
125.166904 8.470360684902211723e-02
125.175214 8.469684510166740343e-02
125.183524 8.469008419362758500e-02
125.191833 8.468332412477151683e-02
125.200143 8.467656489497159267e-02
125.208453 8.466980650409870746e-02
125.216763 8.466304895202297898e-02
125.225073 8.465629223861445563e-02
125.233383 8.464953636374721035e-02
125.241692 8.464278132728557391e-02
125.250002 8.463602712910596459e-02
125.258312 8.462927376907691812e-02
125.266622 8.462252124706595713e-02
125.274932 8.461576956294904195e-02
125.283242 8.460901871659487483e-02
125.291552 8.460226870787347642e-02
125.299861 8.459551953665889190e-02
125.308171 8.458877120281745043e-02
125.316481 8.458202370622125432e-02
125.324791 8.457527704674386304e-02
125.333101 8.456853122425378455e-02
125.341411 8.456178623862276034e-02
125.349720 8.455504208971997837e-02
125.358030 8.454829877741955324e-02
125.366340 8.454155630159067292e-02
125.374650 8.453481466210317763e-02
125.382960 8.452807385882911417e-02
125.391270 8.452133389164034893e-02
125.399579 8.451459476040780461e-02
125.407889 8.450785646500032222e-02
125.416199 8.450111900529323761e-02
125.424509 8.449438238115289379e-02
125.432819 8.448764659245497355e-02
125.441129 8.448091163906738810e-02
125.449438 8.447417752086233689e-02
125.457748 8.446744423771160304e-02
125.466058 8.446071178948438840e-02
125.474368 8.445398017605333651e-02
125.482678 8.444724939729078561e-02
125.490988 8.444051945306603468e-02
125.499297 8.443379034325272647e-02
125.507607 8.442706206772068733e-02
125.515917 8.442033462634014607e-02
125.524227 8.441360801898366295e-02
125.532537 8.440688224552442276e-02
125.540847 8.440015730583198816e-02
125.549156 8.439343319977464508e-02
125.557466 8.438670992722921427e-02
125.565776 8.437998748806563309e-02
125.574086 8.437326588215417200e-02
125.582396 8.436654510936564266e-02
125.590706 8.435982516957378496e-02
125.599015 8.435310606265093714e-02
125.607325 8.434638778846351159e-02
125.615635 8.433967034688866216e-02
125.623945 8.433295373779640947e-02
125.632255 8.432623796105589986e-02
125.640565 8.431952301654126181e-02
125.648875 8.431280890412472251e-02
125.657184 8.430609562367370746e-02
125.665494 8.429938317506420475e-02
125.673804 8.429267155816881629e-02
125.682114 8.428596077285586963e-02
125.690424 8.427925081899946547e-02
125.698734 8.427254169646876403e-02
125.707043 8.426583340513967013e-02
125.715353 8.425912594487905416e-02
125.723663 8.425241931556386177e-02
125.731973 8.424571351705963107e-02
125.740283 8.423900854924604165e-02
125.748593 8.423230441198888141e-02
125.756902 8.422560110516195964e-02
125.765212 8.421889862863875253e-02
125.773522 8.421219698228896156e-02
125.781832 8.420549616598585474e-02
125.790142 8.419879617959950824e-02
125.798452 8.419209702300588238e-02
125.806761 8.418539869607519210e-02
125.815071 8.417870119867446044e-02
125.823381 8.417200453068385269e-02
125.831691 8.416530869197189069e-02
125.840001 8.415861368241082940e-02
125.848311 8.415191950187381198e-02
125.856620 8.414522615022981822e-02
125.864930 8.413853362735324026e-02
125.873240 8.413184193311694370e-02
125.881550 8.412515106739240633e-02
125.889860 8.411846103005211905e-02
125.898170 8.411177182096764293e-02
125.906479 8.410508344001137171e-02
125.914789 8.409839588705875224e-02
125.923099 8.409170916197676593e-02
125.931409 8.408502326464165066e-02
125.939719 8.407833819492323280e-02
125.948029 8.407165395269522445e-02
125.956339 8.406497053783146267e-02
125.964648 8.405828795020275912e-02
125.972958 8.405160618967888464e-02
125.981268 8.404492525613732612e-02
125.989578 8.403824514944938096e-02
125.997888 8.403156586948530571e-02
126.006198 8.402488741611915946e-02
126.014507 8.401820978922372452e-02
126.022817 8.401153298866956276e-02
126.031127 8.400485701433263452e-02
126.039437 8.399818186608226656e-02
126.047747 8.399150754379273998e-02
126.056057 8.398483404733764202e-02
126.064366 8.397816137658777047e-02
126.072676 8.397148953141672645e-02
126.080986 8.396481851169700084e-02
126.089296 8.395814831730070982e-02
126.097606 8.395147894810289779e-02
126.105916 8.394481040397347438e-02
126.114225 8.393814268478591578e-02
126.122535 8.393147579041525252e-02
126.130845 8.392480972073342038e-02
126.139155 8.391814447561043999e-02
126.147465 8.391148005492066186e-02
126.155775 8.390481645853996306e-02
126.164084 8.389815368633682380e-02
126.172394 8.389149173818748195e-02
126.180704 8.388483061396302676e-02
126.189014 8.387817031353864139e-02
126.197324 8.387151083678277830e-02
126.205634 8.386485218357493665e-02
126.213943 8.385819435378190356e-02
126.222253 8.385153734727880670e-02
126.230563 8.384488116394199497e-02
126.238873 8.383822580364198862e-02
126.247183 8.383157126625008504e-02
126.255493 8.382491755164427072e-02
126.263802 8.381826465969134665e-02
126.272112 8.381161259026803645e-02
126.280422 8.380496134324781632e-02
126.288732 8.379831091850305225e-02
126.297042 8.379166131590864985e-02
126.305352 8.378501253533501836e-02
126.313662 8.377836457665745196e-02
126.321971 8.377171743974975993e-02
126.330281 8.376507112448340620e-02
126.338591 8.375842563073186697e-02
126.346901 8.375178095836938175e-02
126.355211 8.374513710726842752e-02
126.363521 8.373849407730671324e-02
126.371830 8.373185186834977700e-02
126.380140 8.372521048027707635e-02
126.388450 8.371856991295897887e-02
126.396760 8.371193016627312411e-02
126.405070 8.370529124008860289e-02
126.413380 8.369865313427901632e-02
126.421689 8.369201584872165700e-02
126.429999 8.368537938328843295e-02
126.438309 8.367874373784961461e-02
126.446619 8.367210891228217540e-02
126.454929 8.366547490645949436e-02
126.463239 8.365884172025522814e-02
126.471548 8.365220935354067411e-02
126.479858 8.364557780619275018e-02
126.488168 8.363894707808494644e-02
126.496478 8.363231716908764435e-02
126.504788 8.362568807907849733e-02
126.513098 8.361905980792903870e-02
126.521407 8.361243235551264752e-02
126.529717 8.360580572170503433e-02
126.538027 8.359917990637796836e-02
126.546337 8.359255490940764588e-02
126.554647 8.358593073066522550e-02
126.562957 8.357930737002702837e-02
126.571266 8.357268482736407433e-02
126.579576 8.356606310255512704e-02
126.587886 8.355944219547135898e-02
126.596196 8.355282210598113934e-02
126.604506 8.354620283396821390e-02
126.612816 8.353958437929985548e-02
126.621125 8.353296674185324566e-02
126.629435 8.352634992150191617e-02
126.637745 8.351973391811945424e-02
126.646055 8.351311873158090426e-02
126.654365 8.350650436175630076e-02
126.662675 8.349989080852637802e-02
126.670985 8.349327807175961624e-02
126.679294 8.348666615133355784e-02
126.687604 8.348005504712102676e-02
126.695914 8.347344475899608207e-02
126.704224 8.346683528683269959e-02
126.712534 8.346022663050553514e-02
126.720844 8.345361878989059068e-02
126.729153 8.344701176486023220e-02
126.737463 8.344040555528663139e-02
126.745773 8.343380016104869068e-02
126.754083 8.342719558201878993e-02
126.762393 8.342059181806976698e-02
126.770703 8.341398886907715193e-02
126.779012 8.340738673491619737e-02
126.787322 8.340078541546215585e-02
126.795632 8.339418491058632477e-02
126.803942 8.338758522016501140e-02
126.812252 8.338098634407221932e-02
126.820562 8.337438828218160514e-02
126.828871 8.336779103437075289e-02
126.837181 8.336119460051004404e-02
126.845491 8.335459898047739569e-02
126.853801 8.334800417414575668e-02
126.862111 8.334141018139040735e-02
126.870421 8.333481700208679455e-02
126.878730 8.332822463610720098e-02
126.887040 8.332163308332637963e-02
126.895350 8.331504234362231698e-02
126.903660 8.330845241686704594e-02
126.911970 8.330186330293433417e-02
126.920280 8.329527500170152976e-02
126.928589 8.328868751304015217e-02
126.936899 8.328210083682943687e-02
126.945209 8.327551497294212457e-02
126.953519 8.326892992125314863e-02
126.961829 8.326234568163511096e-02
126.970139 8.325576225396470742e-02
126.978448 8.324917963811596933e-02
126.986758 8.324259783396645296e-02
126.995068 8.323601684138794143e-02
127.003378 8.322943666025675591e-02
127.011688 8.322285729044880120e-02
127.019998 8.321627873183727597e-02
127.028308 8.320970098429798789e-02
127.036617 8.320312404770364989e-02
127.044927 8.319654792193292847e-02
127.053237 8.318997260685927209e-02
127.061547 8.318339810235986231e-02
127.069857 8.317682440830670432e-02
127.078167 8.317025152457556414e-02
127.086476 8.316367945104138903e-02
127.094786 8.315710818758122180e-02
127.103096 8.315053773406715087e-02
127.111406 8.314396809037852276e-02
127.119716 8.313739925638698181e-02
127.128026 8.313083123196907120e-02
127.136335 8.312426401699907208e-02
127.144645 8.311769761135490153e-02
127.152955 8.311113201490907820e-02
127.161265 8.310456722753865877e-02
127.169575 8.309800324911673086e-02
127.177885 8.309144007952196098e-02
127.186194 8.308487771862638205e-02
127.194504 8.307831616630990956e-02
127.202814 8.307175542244175925e-02
127.211124 8.306519548690276256e-02
127.219434 8.305863635956232949e-02
127.227744 8.305207804030402541e-02
127.236053 8.304552052899746850e-02
127.244363 8.303896382551942401e-02
127.252673 8.303240792974707352e-02
127.260983 8.302585284155419854e-02
127.269293 8.301929856081580184e-02
127.277603 8.301274508740846825e-02
127.285912 8.300619242121051733e-02
127.294222 8.299964056209221952e-02
127.302532 8.299308950993265765e-02
127.310842 8.298653926460744512e-02
127.319152 8.297998982599048834e-02
127.327462 8.297344119395963502e-02
127.335771 8.296689336838959650e-02
127.344081 8.296034634915552819e-02
127.352391 8.295380013613405656e-02
127.360701 8.294725472920244647e-02
127.369011 8.294071012823121813e-02
127.377321 8.293416633310088382e-02
127.385631 8.292762334368632138e-02
127.393940 8.292108115986523975e-02
127.402250 8.291453978150940818e-02
127.410560 8.290799920849786786e-02
127.418870 8.290145944070419215e-02
127.427180 8.289492047800689489e-02
127.435490 8.288838232027878616e-02
127.443799 8.288184496739987861e-02
127.452109 8.287530841924599379e-02
127.460419 8.286877267568695804e-02
127.468729 8.286223773660311709e-02
127.477039 8.285570360187384520e-02
127.485349 8.284917027136852463e-02
127.493658 8.284263774496897215e-02
127.501968 8.283610602254867783e-02
127.510278 8.282957510398290812e-02
127.518588 8.282304498914916380e-02
127.526898 8.281651567792412683e-02
127.535208 8.280998717018349387e-02
127.543517 8.280345946580293381e-02
127.551827 8.279693256465842088e-02
127.560137 8.279040646662834402e-02
127.568447 8.278388117158524961e-02
127.576757 8.277735667940865072e-02
127.585067 8.277083298997556238e-02
127.593376 8.276431010315998815e-02
127.601686 8.275778801883715285e-02
127.609996 8.275126673688644463e-02
127.618306 8.274474625718455933e-02
127.626616 8.273822657960488991e-02
127.634926 8.273170770402571428e-02
127.643235 8.272518963032213235e-02
127.651545 8.271867235837301879e-02
127.659855 8.271215588805254371e-02
127.668165 8.270564021923879072e-02
127.676475 8.269912535180770630e-02
127.684785 8.269261128563688834e-02
127.693095 8.268609802060067349e-02
127.701404 8.267958555657699271e-02
127.709714 8.267307389344112634e-02
127.718024 8.266656303107279558e-02
127.726334 8.266005296934669788e-02
127.734644 8.265354370813818297e-02
127.742954 8.264703524732845696e-02
127.751263 8.264052758678641641e-02
127.759573 8.263402072639912388e-02
127.767883 8.262751466603233952e-02
127.776193 8.262100940557159934e-02
127.784503 8.261450494488983831e-02
127.792813 8.260800128386382168e-02
127.801122 8.260149842237091145e-02
127.809432 8.259499636028848346e-02
127.817742 8.258849509749451034e-02
127.826052 8.258199463386028949e-02
127.834362 8.257549496927052424e-02
127.842672 8.256899610359473562e-02
127.850981 8.256249803671769638e-02
127.859291 8.255600076850859448e-02
127.867601 8.254950429884994056e-02
127.875911 8.254300862761591862e-02
127.884221 8.253651375468591678e-02
127.892531 8.253001967993396637e-02
127.900840 8.252352640323834532e-02
127.909150 8.251703392447876095e-02
127.917460 8.251054224353002176e-02
127.925770 8.250405136026732478e-02
127.934080 8.249756127457039123e-02
127.942390 8.249107198631687454e-02
127.950699 8.248458349538151380e-02
127.959009 8.247809580164391918e-02
127.967319 8.247160890497913510e-02
127.975629 8.246512280526598071e-02
127.983939 8.245863750238247025e-02
127.992249 8.245215299620341221e-02
128.000558 8.244566928660675142e-02
128.008868 8.243918637347100176e-02
128.017178 8.243270425667431622e-02
128.025488 8.242622293609148942e-02
128.033798 8.241974241160232584e-02
128.042108 8.241326268308282743e-02
128.050418 8.240678375040957904e-02
128.058727 8.240030561346177451e-02
128.067037 8.239382827211723381e-02
128.075347 8.238735172625062664e-02
128.083657 8.238087597574043908e-02
128.091967 8.237440102046762747e-02
128.100277 8.236792686030559862e-02
128.108586 8.236145349513381009e-02
128.116896 8.235498092483010957e-02
128.125206 8.234850914927079046e-02
128.133516 8.234203816833320089e-02
128.141826 8.233556798189933801e-02
128.150136 8.232909858983980533e-02
128.158445 8.232262999203700249e-02
128.166755 8.231616218836701471e-02
128.175065 8.230969517870814767e-02
128.183375 8.230322896293852664e-02
128.191685 8.229676354093623525e-02
128.199995 8.229029891257753915e-02
128.208304 8.228383507774038319e-02
128.216614 8.227737203630518248e-02
128.224924 8.227090978814495525e-02
128.233234 8.226444833314303096e-02
128.241544 8.225798767117403765e-02
128.249854 8.225152780211507364e-02
128.258163 8.224506872584765038e-02
128.266473 8.223861044224446692e-02
128.274783 8.223215295118796453e-02
128.283093 8.222569625255446435e-02
128.291403 8.221924034622285493e-02
128.299713 8.221278523207056765e-02
128.308022 8.220633090997439552e-02
128.316332 8.219987737981428177e-02
128.324642 8.219342464146725535e-02
128.332952 8.218697269481178846e-02
128.341262 8.218052153972614515e-02
128.349572 8.217407117608703515e-02
128.357881 8.216762160377551194e-02
128.366191 8.216117282266748034e-02
128.374501 8.215472483264124604e-02
128.382811 8.214827763357439305e-02
128.391121 8.214183122534698955e-02
128.399431 8.213538560783727183e-02
128.407741 8.212894078092297656e-02
128.416050 8.212249674448118819e-02
128.424360 8.211605349839028178e-02
128.432670 8.210961104253131082e-02
128.440980 8.210316937677873683e-02
128.449290 8.209672850101402963e-02
128.457600 8.209028841511410712e-02
128.465909 8.208384911895870439e-02
128.474219 8.207741061242582181e-02
128.482529 8.207097289539176665e-02
128.490839 8.206453596773767567e-02
128.499149 8.205809982933916225e-02
128.507459 8.205166448007882030e-02
128.515768 8.204522991983277669e-02
128.524078 8.203879614847697788e-02
128.532388 8.203236316589550270e-02
128.540698 8.202593097196174410e-02
128.549008 8.201949956656048868e-02
128.557318 8.201306894956279792e-02
128.565627 8.200663912085254248e-02
128.573937 8.200021008030670966e-02
128.582247 8.199378182780392432e-02
128.590557 8.198735436322364400e-02
128.598867 8.198092768644289763e-02
128.607177 8.197450179734303011e-02
128.615486 8.196807669580276345e-02
128.623796 8.196165238169635103e-02
128.632106 8.195522885490592879e-02
128.640416 8.194880611531171755e-02
128.648726 8.194238416278989967e-02
128.657036 8.193596299722158416e-02
128.665345 8.192954261848159336e-02
128.673655 8.192312302645464450e-02
128.681965 8.191670422101549054e-02
128.690275 8.191028620204489352e-02
128.698585 8.190386896941957706e-02
128.706895 8.189745252302157996e-02
128.715204 8.189103686272823646e-02
128.723514 8.188462198841647832e-02
128.731824 8.187820789997038440e-02
128.740134 8.187179459726486030e-02
128.748444 8.186538208018080687e-02
128.756754 8.185897034859536403e-02
128.765064 8.185255940239079264e-02
128.773373 8.184614924144219261e-02
128.781683 8.183973986563441994e-02
128.789993 8.183333127484024305e-02
128.798303 8.182692346894401836e-02
128.806613 8.182051644782110944e-02
128.814923 8.181411021135213957e-02
128.823232 8.180770475941809283e-02
128.831542 8.180130009189601203e-02
128.839852 8.179489620866493838e-02
128.848162 8.178849310960711883e-02
128.856472 8.178209079459806963e-02
128.864782 8.177568926351935774e-02
128.873091 8.176928851625056560e-02
128.881401 8.176288855267033195e-02
128.889711 8.175648937265818372e-02
128.898021 8.175009097609189923e-02
128.906331 8.174369336285497445e-02
128.914641 8.173729653282291174e-02
128.922950 8.173090048587838830e-02
128.931260 8.172450522189785016e-02
128.939570 8.171811074076297532e-02
128.947880 8.171171704235065392e-02
128.956190 8.170532412654384069e-02
128.964500 8.169893199321999477e-02
128.972809 8.169254064225973944e-02
128.981119 8.168615007354135260e-02
128.989429 8.167976028694594326e-02
128.997739 8.167337128235230281e-02
129.006049 8.166698305964206761e-02
129.014359 8.166059561869118411e-02
129.022668 8.165420895938149681e-02
129.030978 8.164782308159236612e-02
129.039288 8.164143798520422102e-02
129.047598 8.163505367009704639e-02
129.055908 8.162867013614950873e-02
129.064218 8.162228738324185662e-02
129.072528 8.161590541125479659e-02
129.080837 8.160952422006588491e-02
129.089147 8.160314380955714653e-02
129.097457 8.159676417960738670e-02
129.105767 8.159038533009713157e-02
129.114077 8.158400726090565824e-02
129.122387 8.157762997191385368e-02
129.130696 8.157125346300181379e-02
129.139006 8.156487773404651198e-02
129.147316 8.155850278493093075e-02
129.155626 8.155212861553717829e-02
129.163936 8.154575522574047941e-02
129.172246 8.153938261542184596e-02
129.180555 8.153301078446532901e-02
129.188865 8.152663973274418274e-02
129.197175 8.152026946014488684e-02
129.205485 8.151389996654441472e-02
129.213795 8.150753125182445824e-02
129.222105 8.150116331586483576e-02
129.230414 8.149479615854347825e-02
129.238724 8.148842977974463109e-02
129.247034 8.148206417934469870e-02
129.255344 8.147569935722716317e-02
129.263654 8.146933531326840117e-02
129.271964 8.146297204735292175e-02
129.280273 8.145660955935980774e-02
129.288583 8.145024784916704563e-02
129.296893 8.144388691665561952e-02
129.305203 8.143752676170953886e-02
129.313513 8.143116738420502765e-02
129.321823 8.142480878402383326e-02
129.330132 8.141845096104737001e-02
129.338442 8.141209391515455418e-02
129.346752 8.140573764622820174e-02
129.355062 8.139938215414493916e-02
129.363372 8.139302743878813751e-02
129.371682 8.138667350003833678e-02
129.379991 8.138032033777482799e-02
129.388301 8.137396795187998300e-02
129.396611 8.136761634223038664e-02
129.404921 8.136126550871200513e-02
129.413231 8.135491545120197843e-02
129.421541 8.134856616958188735e-02
129.429851 8.134221766373297968e-02
129.438160 8.133586993353408845e-02
129.446470 8.132952297886765491e-02
129.454780 8.132317679961452439e-02
129.463090 8.131683139565493157e-02
129.471400 8.131048676686836174e-02
129.479710 8.130414291313788067e-02
129.488019 8.129779983434190505e-02
129.496329 8.129145753036172428e-02
129.504639 8.128511600108118129e-02
129.512949 8.127877524637922013e-02
129.521259 8.127243526613420199e-02
129.529569 8.126609606023042776e-02
129.537878 8.125975762854592555e-02
129.546188 8.125341997096420521e-02
129.554498 8.124708308736376672e-02
129.562808 8.124074697762952157e-02
129.571118 8.123441164163745787e-02
129.579428 8.122807707927380549e-02
129.587737 8.122174329041437213e-02
129.596047 8.121541027494399989e-02
129.604357 8.120907803274156345e-02
129.612667 8.120274656369036448e-02
129.620977 8.119641586766913888e-02
129.629287 8.119008594456025851e-02
129.637596 8.118375679424491564e-02
129.645906 8.117742841660255393e-02
129.654216 8.117110081151719669e-02
129.662526 8.116477397886874556e-02
129.670836 8.115844791853771278e-02
129.679146 8.115212263040540164e-02
129.687455 8.114579811435460033e-02
129.695765 8.113947437026550191e-02
129.704075 8.113315139801922926e-02
129.712385 8.112682919749815424e-02
129.720695 8.112050776858067969e-02
129.729005 8.111418711115224445e-02
129.737314 8.110786722509033542e-02
129.745624 8.110154811028061350e-02
129.753934 8.109522976659949700e-02
129.762244 8.108891219393303540e-02
129.770554 8.108259539216086664e-02
129.778864 8.107627936116292011e-02
129.787174 8.106996410082101256e-02
129.795483 8.106364961101938937e-02
129.803793 8.105733589163632846e-02
129.812103 8.105102294255764339e-02
129.820413 8.104471076366075166e-02
129.828723 8.103839935482733126e-02
129.837033 8.103208871594212714e-02
129.845342 8.102577884688368093e-02
129.853652 8.101946974753494735e-02
129.861962 8.101316141777792357e-02
129.870272 8.100685385749324674e-02
129.878582 8.100054706656381609e-02
129.886892 8.099424104487146225e-02
129.895201 8.098793579229676687e-02
129.903511 8.098163130872038096e-02
129.911821 8.097532759402635560e-02
129.920131 8.096902464809682676e-02
129.928441 8.096272247081270912e-02
129.936751 8.095642106205395983e-02
129.945060 8.095012042170472710e-02
129.953370 8.094382054964681383e-02
129.961680 8.093752144575977470e-02
129.969990 8.093122310992945101e-02
129.978300 8.092492554203631339e-02
129.986610 8.091862874195916711e-02
129.994919 8.091233270958349266e-02
130.003229 8.090603744478944148e-02
130.011539 8.089974294746039851e-02
130.019849 8.089344921747697315e-02
130.028159 8.088715625472472914e-02
130.036469 8.088086405908077869e-02
130.044778 8.087457263042951983e-02
130.053088 8.086828196865308849e-02
130.061398 8.086199207363331531e-02
130.069708 8.085570294525198931e-02
130.078018 8.084941458339379994e-02
130.086328 8.084312698793494345e-02
130.094637 8.083684015876593798e-02
130.102947 8.083055409576361816e-02
130.111257 8.082426879881050852e-02
130.119567 8.081798426778961930e-02
130.127877 8.081170050258162929e-02
130.136187 8.080541750307260185e-02
130.144497 8.079913526914139776e-02
130.152806 8.079285380067274813e-02
130.161116 8.078657309754659621e-02
130.169426 8.078029315964765922e-02
130.177736 8.077401398685583878e-02
130.186046 8.076773557905626844e-02
130.194356 8.076145793612965473e-02
130.202665 8.075518105795681523e-02
130.210975 8.074890494442393818e-02
130.219285 8.074262959541317342e-02
130.227595 8.073635501080297927e-02
130.235905 8.073008119047994646e-02
130.244215 8.072380813432354640e-02
130.252524 8.071753584221923183e-02
130.260834 8.071126431404843093e-02
130.269144 8.070499354969182249e-02
130.277454 8.069872354903645517e-02
130.285764 8.069245431196146734e-02
130.294074 8.068618583835013292e-02
130.302383 8.067991812808500418e-02
130.310693 8.067365118105028488e-02
130.319003 8.066738499712593213e-02
130.327313 8.066111957619589989e-02
130.335623 8.065485491814484986e-02
130.343933 8.064859102285293346e-02
130.352242 8.064232789020459036e-02
130.360552 8.063606552008288630e-02
130.368862 8.062980391236693190e-02
130.377172 8.062354306694463624e-02
130.385482 8.061728298369702506e-02
130.393792 8.061102366250513795e-02
130.402101 8.060476510325412236e-02
130.410411 8.059850730582619749e-02
130.418721 8.059225027010236131e-02
130.427031 8.058599399596926005e-02
130.435341 8.057973848330896027e-02
130.443651 8.057348373200330649e-02
130.451960 8.056722974193293585e-02
130.460270 8.056097651298474438e-02
130.468580 8.055472404504164519e-02
130.476890 8.054847233798485828e-02
130.485200 8.054222139169839312e-02
130.493510 8.053597120606535709e-02
130.501820 8.052972178096738654e-02
130.510129 8.052347311629150239e-02
130.518439 8.051722521191571891e-02
130.526749 8.051097806772716803e-02
130.535059 8.050473168360655629e-02
130.543369 8.049848605944007196e-02
130.551679 8.049224119510675624e-02
130.559988 8.048599709049347739e-02
130.568298 8.047975374548324567e-02
130.576608 8.047351115995768356e-02
130.584918 8.046726933379956537e-02
130.593228 8.046102826689532916e-02
130.601538 8.045478795912595904e-02
130.609847 8.044854841037631099e-02
130.618157 8.044230962052559275e-02
130.626467 8.043607158946319835e-02
130.634777 8.042983431706993147e-02
130.643087 8.042359780322602680e-02
130.651397 8.041736204782085062e-02
130.659706 8.041112705073563682e-02
130.668016 8.040489281185216053e-02
130.676326 8.039865933105637408e-02
130.684636 8.039242660822833175e-02
130.692946 8.038619464325520714e-02
130.701256 8.037996343602026028e-02
130.709565 8.037373298640328179e-02
130.717875 8.036750329429293016e-02
130.726185 8.036127435957067522e-02
130.734495 8.035504618211995742e-02
130.742805 8.034881876182375926e-02
130.751115 8.034259209856915718e-02
130.759424 8.033636619223502584e-02
130.767734 8.033014104270574940e-02
130.776044 8.032391664986876512e-02
130.784354 8.031769301360534852e-02
130.792664 8.031147013379995314e-02
130.800974 8.030524801033767091e-02
130.809284 8.029902664309988836e-02
130.817593 8.029280603197032351e-02
130.825903 8.028658617683512300e-02
130.834213 8.028036707757674195e-02
130.842523 8.027414873407867635e-02
130.850833 8.026793114622668424e-02
130.859143 8.026171431390238808e-02
130.867452 8.025549823699305863e-02
130.875762 8.024928291537922198e-02
130.884072 8.024306834894380513e-02
130.892382 8.023685453757564701e-02
130.900692 8.023064148115677252e-02
130.909002 8.022442917957134378e-02
130.917311 8.021821763270099714e-02
130.925621 8.021200684043376661e-02
130.933931 8.020579680265023381e-02
130.942241 8.019958751923575435e-02
130.950551 8.019337899007655812e-02
130.958861 8.018717121505353207e-02
130.967170 8.018096419405247588e-02
130.975480 8.017475792695845371e-02
130.983790 8.016855241365282436e-02
130.992100 8.016234765402328877e-02
131.000410 8.015614364795153879e-02
131.008720 8.014994039532440107e-02
131.017029 8.014373789602473319e-02
131.025339 8.013753614993585073e-02
131.033649 8.013133515694319253e-02
131.041959 8.012513491693092071e-02
131.050269 8.011893542978414107e-02
131.058579 8.011273669538616915e-02
131.066888 8.010653871362080625e-02
131.075198 8.010034148437465695e-02
131.083508 8.009414500753045396e-02
131.091818 8.008794928297419125e-02
131.100128 8.008175431058853211e-02
131.108438 8.007556009025779131e-02
131.116747 8.006936662186869835e-02
131.125057 8.006317390530579003e-02
131.133367 8.005698194045217375e-02
131.141677 8.005079072719277489e-02
131.149987 8.004460026541057593e-02
131.158297 8.003841055499254231e-02
131.166607 8.003222159582407125e-02
131.174916 8.002603338778768727e-02
131.183226 8.001984593076665042e-02
131.191536 8.001365922464889757e-02
131.199846 8.000747326931956227e-02
131.208156 8.000128806466101639e-02
131.216466 7.999510361055815755e-02
131.224775 7.998891990689731279e-02
131.233085 7.998273695356152013e-02
131.241395 7.997655475043639883e-02
131.249705 7.997037329740736000e-02
131.258015 7.996419259435884330e-02
131.266325 7.995801264117528839e-02
131.274634 7.995183343774203699e-02
131.282944 7.994565498394470837e-02
131.291254 7.993947727966618788e-02
131.299564 7.993330032479373237e-02
131.307874 7.992712411921092108e-02
131.316184 7.992094866280276266e-02
131.324493 7.991477395545265594e-02
131.332803 7.990859999704974515e-02
131.341113 7.990242678747634664e-02
131.349423 7.989625432661590088e-02
131.357733 7.989008261435924518e-02
131.366043 7.988391165058647547e-02
131.374352 7.987774143518247549e-02
131.382662 7.987157196803573722e-02
131.390972 7.986540324902861865e-02
131.399282 7.985923527804682232e-02
131.407592 7.985306805497609239e-02
131.415902 7.984690157970315838e-02
131.424211 7.984073585211046153e-02
131.432521 7.983457087208348235e-02
131.440831 7.982840663950872828e-02
131.449141 7.982224315427302597e-02
131.457451 7.981608041625770644e-02
131.465761 7.980991842535108127e-02
131.474070 7.980375718143725705e-02
131.482380 7.979759668440256082e-02
131.490690 7.979143693413091876e-02
131.499000 7.978527793050797789e-02
131.507310 7.977911967342027344e-02
131.515620 7.977296216275346630e-02
131.523930 7.976680539839244022e-02
131.532239 7.976064938022170425e-02
131.540549 7.975449410812686379e-02
131.548859 7.974833958199349648e-02
131.557169 7.974218580170860937e-02
131.565479 7.973603276715733601e-02
131.573789 7.972988047822530955e-02
131.582098 7.972372893479576228e-02
131.590408 7.971757813675700577e-02
131.598718 7.971142808399285518e-02
131.607028 7.970527877639035919e-02
131.615338 7.969913021383487339e-02
131.623648 7.969298239621189217e-02
131.631957 7.968683532340495312e-02
131.640267 7.968068899530568461e-02
131.648577 7.967454341179329436e-02
131.656887 7.966839857275709313e-02
131.665197 7.966225447808281124e-02
131.673507 7.965611112765405566e-02
131.681816 7.964996852135834693e-02
131.690126 7.964382665908011083e-02
131.698436 7.963768554070727035e-02
131.706746 7.963154516612337697e-02
131.715056 7.962540553521707531e-02
131.723366 7.961926664787315200e-02
131.731675 7.961312850397814223e-02
131.739985 7.960699110341282192e-02
131.748295 7.960085444607144234e-02
131.756605 7.959471853183230916e-02
131.764915 7.958858336058668992e-02
131.773225 7.958244893222010674e-02
131.781534 7.957631524661633315e-02
131.789844 7.957018230366091904e-02
131.798154 7.956405010324307803e-02
131.806464 7.955791864524716650e-02
131.814774 7.955178792955905354e-02
131.823084 7.954565795606488576e-02
131.831393 7.953952872465284984e-02
131.839703 7.953340023520505397e-02
131.848013 7.952727248761158607e-02
131.856323 7.952114548175513720e-02
131.864633 7.951501921752518465e-02
131.872943 7.950889369480690361e-02
131.881253 7.950276891348580233e-02
131.889562 7.949664487344955399e-02
131.897872 7.949052157458263990e-02
131.906182 7.948439901677262220e-02
131.914492 7.947827719990395445e-02
131.922802 7.947215612386755723e-02
131.931112 7.946603578854419259e-02
131.939421 7.945991619382278270e-02
131.947731 7.945379733958977952e-02
131.956041 7.944767922573373053e-02
131.964351 7.944156185213725740e-02
131.972661 7.943544521868844965e-02
131.980971 7.942932932527368983e-02
131.989280 7.942321417177811149e-02
131.997590 7.941709975809380095e-02
132.005900 7.941098608409996595e-02
132.014210 7.940487314968665278e-02
132.022520 7.939876095474128481e-02
132.030830 7.939264949914845437e-02
132.039139 7.938653878279636200e-02
132.047449 7.938042880556954450e-02
132.055759 7.937431956735796490e-02
132.064069 7.936821106804627102e-02
132.072379 7.936210330751827802e-02
132.080689 7.935599628566755714e-02
132.088998 7.934989000237506473e-02
132.097308 7.934378445752730824e-02
132.105618 7.933767965101697073e-02
132.113928 7.933157558272638243e-02
132.122238 7.932547225254073242e-02
132.130548 7.931936966035010861e-02
132.138857 7.931326780603931148e-02
132.147167 7.930716668949686077e-02
132.155477 7.930106631060916678e-02
132.163787 7.929496666926250104e-02
132.172097 7.928886776534539715e-02
132.180407 7.928276959874180907e-02
132.188717 7.927667216934056182e-02
132.197026 7.927057547702981433e-02
132.205336 7.926447952169433930e-02
132.213646 7.925838430322228179e-02
132.221956 7.925228982149953860e-02
132.230266 7.924619607641450458e-02
132.238576 7.924010306785400637e-02
132.246885 7.923401079570414896e-02
132.255195 7.922791925985317452e-02
132.263505 7.922182846018832603e-02
132.271815 7.921573839659376559e-02
132.280125 7.920964906896071911e-02
132.288435 7.920356047717486137e-02
132.296744 7.919747262112242225e-02
132.305054 7.919138550069418359e-02
132.313364 7.918529911576888125e-02
132.321674 7.917921346624280654e-02
132.329984 7.917312855199891419e-02
132.338294 7.916704437292543250e-02
132.346603 7.916096092891043712e-02
132.354913 7.915487821983881178e-02
132.363223 7.914879624560064442e-02
132.371533 7.914271500608208165e-02
132.379843 7.913663450116958931e-02
132.388153 7.913055473075317203e-02
132.396462 7.912447569471640907e-02
132.404772 7.911839739294949936e-02
132.413082 7.911231982533993567e-02
132.421392 7.910624299177355934e-02
132.429702 7.910016689214005581e-02
132.438012 7.909409152632464191e-02
132.446321 7.908801689421614267e-02
132.454631 7.908194299570181496e-02
132.462941 7.907586983066949848e-02
132.471251 7.906979739900502069e-02
132.479561 7.906372570059905236e-02
132.487871 7.905765473533704624e-02
132.496180 7.905158450310648122e-02
132.504490 7.904551500379616846e-02
132.512800 7.903944623729361463e-02
132.521110 7.903337820348403653e-02
132.529420 7.902731090225985355e-02
132.537730 7.902124433350644905e-02
132.546040 7.901517849710869290e-02
132.554349 7.900911339295857427e-02
132.562659 7.900304902094353043e-02
132.570969 7.899698538094789002e-02
132.579279 7.899092247286278179e-02
132.587589 7.898486029657456053e-02
132.595899 7.897879885197060801e-02
132.604208 7.897273813893988803e-02
132.612518 7.896667815737035134e-02
132.620828 7.896061890714939357e-02
132.629138 7.895456038816621447e-02
132.637448 7.894850260030647493e-02
132.645758 7.894244554345879183e-02
132.654067 7.893638921751128246e-02
132.662377 7.893033362235506167e-02
132.670687 7.892427875787250136e-02
132.678997 7.891822462395740867e-02
132.687307 7.891217122049111465e-02
132.695617 7.890611854736755137e-02
132.703926 7.890006660447464182e-02
132.712236 7.889401539169745015e-02
132.720546 7.888796490892364954e-02
132.728856 7.888191515604396631e-02
132.737166 7.887586613294579607e-02
132.745476 7.886981783951740876e-02
132.753785 7.886377027564715758e-02
132.762095 7.885772344122075894e-02
132.770405 7.885167733612927221e-02
132.778715 7.884563196026185550e-02
132.787025 7.883958731350351745e-02
132.795335 7.883354339574627501e-02
132.803644 7.882750020687365189e-02
132.811954 7.882145774677820627e-02
132.820264 7.881541601534594599e-02
132.828574 7.880937501246662591e-02
132.836884 7.880333473802925148e-02
132.845194 7.879729519191815135e-02
132.853503 7.879125637402657756e-02
132.861813 7.878521828423952489e-02
132.870123 7.877918092244956538e-02
132.878433 7.877314428854056971e-02
132.886743 7.876710838240288948e-02
132.895053 7.876107320392618238e-02
132.903363 7.875503875299552647e-02
132.911672 7.874900502950611669e-02
132.919982 7.874297203333811834e-02
132.928292 7.873693976438725373e-02
132.936602 7.873090822253700494e-02
132.944912 7.872487740767879216e-02
132.953222 7.871884731970062166e-02
132.961531 7.871281795849055518e-02
132.969841 7.870678932394067906e-02
132.978151 7.870076141593390640e-02
132.986461 7.869473423436515458e-02
132.994771 7.868870777911624037e-02
133.003081 7.868268205008065175e-02
133.011390 7.867665704714649211e-02
133.019700 7.867063277020275303e-02
133.028010 7.866460921913616400e-02
133.036320 7.865858639383610518e-02
133.044630 7.865256429419535678e-02
133.052940 7.864654292009953807e-02
133.061249 7.864052227143607243e-02
133.069559 7.863450234809588046e-02
133.077869 7.862848314996759291e-02
133.086179 7.862246467694156138e-02
133.094489 7.861644692890190633e-02
133.102799 7.861042990574503009e-02
133.111108 7.860441360735200000e-02
133.119418 7.859839803361762245e-02
133.127728 7.859238318442905713e-02
133.136038 7.858636905967548991e-02
133.144348 7.858035565924535726e-02
133.152658 7.857434298302770626e-02
133.160967 7.856833103091255543e-02
133.169277 7.856231980278746696e-02
133.177587 7.855630929854412470e-02
133.185897 7.855029951807107613e-02
133.194207 7.854429046125427361e-02
133.202517 7.853828212798642794e-02
133.210826 7.853227451815526783e-02
133.219136 7.852626763165110324e-02
133.227446 7.852026146835994203e-02
133.235756 7.851425602817720117e-02
133.244066 7.850825131098607135e-02
133.252376 7.850224731667962419e-02
133.260686 7.849624404514396470e-02
133.268995 7.849024149627188696e-02
133.277305 7.848423966994955148e-02
133.285615 7.847823856606866988e-02
133.293925 7.847223818451908028e-02
133.302235 7.846623852518666564e-02
133.310545 7.846023958796437270e-02
133.318854 7.845424137274074894e-02
133.327164 7.844824387940357857e-02
133.335474 7.844224710784492016e-02
133.343784 7.843625105795423713e-02
133.352094 7.843025572961656589e-02
133.360404 7.842426112272779526e-02
133.368713 7.841826723717298941e-02
133.377023 7.841227407284299955e-02
133.385333 7.840628162962892667e-02
133.393643 7.840028990741740311e-02
133.401953 7.839429890610201401e-02
133.410263 7.838830862556771251e-02
133.418572 7.838231906570802821e-02
133.426882 7.837633022640884406e-02
133.435192 7.837034210756475827e-02
133.443502 7.836435470906243095e-02
133.451812 7.835836803079115898e-02
133.460122 7.835238207264300092e-02
133.468431 7.834639683450539405e-02
133.476741 7.834041231626781565e-02
133.485051 7.833442851782317085e-02
133.493361 7.832844543905791157e-02
133.501671 7.832246307986534539e-02
133.509981 7.831648144013343693e-02
133.518290 7.831050051975020632e-02
133.526600 7.830452031860889173e-02
133.534910 7.829854083659709696e-02
133.543220 7.829256207360513198e-02
133.551530 7.828658402952499984e-02
133.559840 7.828060670424492884e-02
133.568149 7.827463009765354973e-02
133.576459 7.826865420964325415e-02
133.584769 7.826267904010365817e-02
133.593079 7.825670458892340642e-02
133.601389 7.825073085599366929e-02
133.609699 7.824475784120539512e-02
133.618009 7.823878554444600730e-02
133.626318 7.823281396560771705e-02
133.634628 7.822684310458172252e-02
133.642938 7.822087296125600220e-02
133.651248 7.821490353552126851e-02
133.659558 7.820893482726679058e-02
133.667868 7.820296683638396085e-02
133.676177 7.819699956276360275e-02
133.684487 7.819103300629413889e-02
133.692797 7.818506716687029234e-02
133.701107 7.817910204437547583e-02
133.709417 7.817313763870611942e-02
133.717727 7.816717394974832811e-02
133.726036 7.816121097739441026e-02
133.734346 7.815524872153326030e-02
133.742656 7.814928718205789437e-02
133.750966 7.814332635885606893e-02
133.759276 7.813736625181988416e-02
133.767586 7.813140686083804021e-02
133.775895 7.812544818580366424e-02
133.784205 7.811949022660484576e-02
133.792515 7.811353298313278293e-02
133.800825 7.810757645527834081e-02
133.809135 7.810162064293167672e-02
133.817445 7.809566554598375288e-02
133.825754 7.808971116432519843e-02
133.834064 7.808375749784590703e-02
133.842374 7.807780454643679924e-02
133.850684 7.807185230998689440e-02
133.858994 7.806590078839037439e-02
133.867304 7.805994998153521769e-02
133.875613 7.805399988931098487e-02
133.883923 7.804805051161139984e-02
133.892233 7.804210184832571784e-02
133.900543 7.803615389934560886e-02
133.908853 7.803020666456109145e-02
133.917163 7.802426014386279474e-02
133.925473 7.801831433713976582e-02
133.933782 7.801236924428558983e-02
133.942092 7.800642486519168695e-02
133.950402 7.800048119974412053e-02
133.958712 7.799453824783843248e-02
133.967022 7.798859600936354497e-02
133.975332 7.798265448421064228e-02
133.983641 7.797671367227256012e-02
133.991951 7.797077357343704107e-02
134.000261 7.796483418759485307e-02
134.008571 7.795889551463990041e-02
134.016881 7.795295755446055019e-02
134.025191 7.794702030695103978e-02
134.033500 7.794108377199841786e-02
134.041810 7.793514794949511770e-02
134.050120 7.792921283933369747e-02
134.058430 7.792327844140317650e-02
134.066740 7.791734475559665418e-02
134.075050 7.791141178180405191e-02
134.083359 7.790547951991647069e-02
134.091669 7.789954796982369312e-02
134.099979 7.789361713141919330e-02
134.108289 7.788768700459403060e-02
134.116599 7.788175758923729375e-02
134.124909 7.787582888524194336e-02
134.133218 7.786990089250027391e-02
134.141528 7.786397361090020841e-02
134.149838 7.785804704033458257e-02
134.158148 7.785212118069606557e-02
134.166458 7.784619603187434289e-02
134.174768 7.784027159376008531e-02
134.183077 7.783434786624771062e-02
134.191387 7.782842484922643245e-02
134.199697 7.782250254258628319e-02
134.208007 7.781658094622145860e-02
134.216317 7.781066006002035351e-02
134.224627 7.780473988387701101e-02
134.232936 7.779882041768176881e-02
134.241246 7.779290166132760143e-02
134.249556 7.778698361470361144e-02
134.257866 7.778106627770105252e-02
134.266176 7.777514965021346816e-02
134.274486 7.776923373213172341e-02
134.282796 7.776331852334879280e-02
134.291105 7.775740402375115601e-02
134.299415 7.775149023323700559e-02
134.307725 7.774557715169347349e-02
134.316035 7.773966477901365912e-02
134.324345 7.773375311508955166e-02
134.332655 7.772784215981218270e-02
134.340964 7.772193191307227855e-02
134.349274 7.771602237476565866e-02
134.357584 7.771011354477698474e-02
134.365894 7.770420542300443545e-02
134.374204 7.769829800933686359e-02
134.382514 7.769239130366593915e-02
134.390823 7.768648530588455337e-02
134.399133 7.768058001588463990e-02
134.407443 7.767467543355650872e-02
134.415753 7.766877155879294004e-02
134.424063 7.766286839148486831e-02
134.432373 7.765696593152654481e-02
134.440682 7.765106417880707212e-02
134.448992 7.764516313321973007e-02
134.457302 7.763926279465729885e-02
134.465612 7.763336316300872841e-02
134.473922 7.762746423816888064e-02
134.482232 7.762156602002860672e-02
134.490541 7.761566850848039545e-02
134.498851 7.760977170341684661e-02
134.507161 7.760387560472628565e-02
134.515471 7.759798021230611409e-02
134.523781 7.759208552604383857e-02
134.532091 7.758619154583464017e-02
134.540400 7.758029827157003622e-02
134.548710 7.757440570314060035e-02
134.557020 7.756851384043993158e-02
134.565330 7.756262268335889498e-02
134.573640 7.755673223179351816e-02
134.581950 7.755084248563043348e-02
134.590259 7.754495344476322605e-02
134.598569 7.753906510908799288e-02
134.606879 7.753317747849367003e-02
134.615189 7.752729055287263527e-02
134.623499 7.752140433211694714e-02
134.631809 7.751551881612132877e-02
134.640119 7.750963400477491050e-02
134.648428 7.750374989797302605e-02
134.656738 7.749786649560451435e-02
134.665048 7.749198379756520871e-02
134.673358 7.748610180374680689e-02
134.681668 7.748022051404040988e-02
134.689978 7.747433992833634153e-02
134.698287 7.746846004653210049e-02
134.706597 7.746258086851777469e-02
134.714907 7.745670239418536718e-02
134.723217 7.745082462342650631e-02
134.731527 7.744494755613647030e-02
134.739837 7.743907119220613811e-02
134.748146 7.743319553152763768e-02
134.756456 7.742732057399456802e-02
134.764766 7.742144631949976485e-02
134.773076 7.741557276793452347e-02
134.781386 7.740969991919241511e-02
134.789696 7.740382777316433260e-02
134.798005 7.739795632974606765e-02
134.806315 7.739208558882776368e-02
134.814625 7.738621555030254784e-02
134.822935 7.738034621406518487e-02
134.831245 7.737447758000509657e-02
134.839555 7.736860964801711704e-02
134.847864 7.736274241799381834e-02
134.856174 7.735687588982702312e-02
134.864484 7.735101006341038588e-02
134.872794 7.734514493863751949e-02
134.881104 7.733928051539860904e-02
134.889414 7.733341679359000131e-02
134.897723 7.732755377310185363e-02
134.906033 7.732169145382737641e-02
134.914343 7.731582983565961353e-02
134.922653 7.730996891849317709e-02
134.930963 7.730410870221947339e-02
134.939273 7.729824918673199041e-02
134.947582 7.729239037192427164e-02
134.955892 7.728653225768664092e-02
134.964202 7.728067484391450137e-02
134.972512 7.727481813050075810e-02
134.980822 7.726896211733805253e-02
134.989132 7.726310680431855427e-02
134.997442 7.725725219133688926e-02
135.005751 7.725139827828424177e-02
135.014061 7.724554506505638962e-02
135.022371 7.723969255154547464e-02
135.030681 7.723384073764311131e-02
135.038991 7.722798962324289862e-02
135.047301 7.722213920824043398e-02
135.055610 7.721628949252662411e-02
135.063920 7.721044047599628923e-02
135.072230 7.720459215854025281e-02
135.080540 7.719874454005322406e-02
135.088850 7.719289762042841341e-02
135.097160 7.718705139956012762e-02
135.105469 7.718120587733946769e-02
135.113779 7.717536105366244736e-02
135.122089 7.716951692841972354e-02
135.130399 7.716367350150463156e-02
135.138709 7.715783077281485047e-02
135.147019 7.715198874223820613e-02
135.155328 7.714614740967265516e-02
135.163638 7.714030677500756383e-02
135.171948 7.713446683813979243e-02
135.180258 7.712862759896224607e-02
135.188568 7.712278905736640044e-02
135.196878 7.711695121324783908e-02
135.205187 7.711111406649900912e-02
135.213497 7.710527761701319038e-02
135.221807 7.709944186468498106e-02
135.230117 7.709360680940702260e-02
135.238427 7.708777245107308052e-02
135.246737 7.708193878957797507e-02
135.255046 7.707610582481354278e-02
135.263356 7.707027355667500634e-02
135.271666 7.706444198505459087e-02
135.279976 7.705861110984747742e-02
135.288286 7.705278093094647396e-02
135.296596 7.704695144824479092e-02
135.304906 7.704112266163663791e-02
135.313215 7.703529457101565558e-02
135.321525 7.702946717627809359e-02
135.329835 7.702364047731316554e-02
135.338145 7.701781447401788439e-02
135.346455 7.701198916628489155e-02
135.354765 7.700616455400967342e-02
135.363074 7.700034063708301180e-02
135.371384 7.699451741540208616e-02
135.379694 7.698869488885880241e-02
135.388004 7.698287305734700936e-02
135.396314 7.697705192076065295e-02
135.404624 7.697123147899569140e-02
135.412933 7.696541173194464125e-02
135.421243 7.695959267949957494e-02
135.429553 7.695377432155843522e-02
135.437863 7.694795665801096307e-02
135.446173 7.694213968875522613e-02
135.454483 7.693632341368407401e-02
135.462792 7.693050783268953752e-02
135.471102 7.692469294566658955e-02
135.479412 7.691887875251171569e-02
135.487722 7.691306525311637776e-02
135.496032 7.690725244737493804e-02
135.504342 7.690144033518300781e-02
135.512651 7.689562891643304809e-02
135.520961 7.688981819102042037e-02
135.529271 7.688400815884045836e-02
135.537581 7.687819881978558145e-02
135.545891 7.687239017374918049e-02
135.554201 7.686658222062706103e-02
135.562510 7.686077496031328005e-02
135.570820 7.685496839270257452e-02
135.579130 7.684916251768898754e-02
135.587440 7.684335733516624301e-02
135.595750 7.683755284502934157e-02
135.604060 7.683174904717304798e-02
135.612369 7.682594594148953182e-02
135.620679 7.682014352787638889e-02
135.628989 7.681434180622595531e-02
135.637299 7.680854077643231581e-02
135.645609 7.680274043839170617e-02
135.653919 7.679694079199783641e-02
135.662229 7.679114183714537412e-02
135.670538 7.678534357372816810e-02
135.678848 7.677954600164037247e-02
135.687158 7.677374912077626623e-02
135.695468 7.676795293103297335e-02
135.703778 7.676215743230489774e-02
135.712088 7.675636262448298774e-02
135.720397 7.675056850746508896e-02
135.728707 7.674477508114464774e-02
135.737017 7.673898234541626229e-02
135.745327 7.673319030017547449e-02
135.753637 7.672739894531735438e-02
135.761947 7.672160828073328054e-02
135.770256 7.671581830632125121e-02
135.778566 7.671002902197573969e-02
135.786876 7.670424042759016459e-02
135.795186 7.669845252306051187e-02
135.803496 7.669266530828083850e-02
135.811806 7.668687878314538187e-02
135.820115 7.668109294755143246e-02
135.828425 7.667530780139131252e-02
135.836735 7.666952334456034190e-02
135.845045 7.666373957695385433e-02
135.853355 7.665795649846822435e-02
135.861665 7.665217410899478889e-02
135.869974 7.664639240843194867e-02
135.878284 7.664061139667233125e-02
135.886594 7.663483107361214464e-02
135.894904 7.662905143914601480e-02
135.903214 7.662327249316978894e-02
135.911524 7.661749423557734362e-02
135.919833 7.661171666626316601e-02
135.928143 7.660593978512399149e-02
135.936453 7.660016359205325254e-02
135.944763 7.659438808694724043e-02
135.953073 7.658861326970085870e-02
135.961383 7.658283914021130068e-02
135.969692 7.657706569836866817e-02
135.978002 7.657129294407159781e-02
135.986312 7.656552087721588129e-02
135.994622 7.655974949769286941e-02
136.002932 7.655397880540250333e-02
136.011242 7.654820880023691099e-02
136.019552 7.654243948209300819e-02
136.027861 7.653667085086547639e-02
136.036171 7.653090290644858074e-02
136.044481 7.652513564873825169e-02
136.052791 7.651936907762992013e-02
136.061101 7.651360319302044632e-02
136.069411 7.650783799480372072e-02
136.077720 7.650207348287399456e-02
136.086030 7.649630965712914121e-02
136.094340 7.649054651746341194e-02
136.102650 7.648478406377226535e-02
136.110960 7.647902229594974455e-02
136.119270 7.647326121389212694e-02
136.127579 7.646750081749913164e-02
136.135889 7.646174110665793222e-02
136.144199 7.645598208127005191e-02
136.152509 7.645022374123054687e-02
136.160819 7.644446608643355734e-02
136.169129 7.643870911677375091e-02
136.177438 7.643295283214823765e-02
136.185748 7.642719723245347541e-02
136.194058 7.642144231758375705e-02
136.202368 7.641568808743509633e-02
136.210678 7.640993454190166123e-02
136.218988 7.640418168088278228e-02
136.227297 7.639842950426890822e-02
136.235607 7.639267801196061858e-02
136.243917 7.638692720384965273e-02
136.252227 7.638117707983591020e-02
136.260537 7.637542763981371163e-02
136.268847 7.636967888367518498e-02
136.277156 7.636393081132057670e-02
136.285466 7.635818342264447112e-02
136.293776 7.635243671754030070e-02
136.302086 7.634669069590793722e-02
136.310396 7.634094535764067435e-02
136.318706 7.633520070263588586e-02
136.327015 7.632945673078717075e-02
136.335325 7.632371344199186114e-02
136.343635 7.631797083614755284e-02
136.351945 7.631222891314726198e-02
136.360255 7.630648767288804313e-02
136.368565 7.630074711526667330e-02
136.376875 7.629500724017677926e-02
136.385184 7.628926804751788582e-02
136.393494 7.628352953718253726e-02
136.401804 7.627779170906950901e-02
136.410114 7.627205456307518949e-02
136.418424 7.626631809909234505e-02
136.426734 7.626058231702025070e-02
136.435043 7.625484721675263033e-02
136.443353 7.624911279818880061e-02
136.451663 7.624337906121970987e-02
136.459973 7.623764600574729766e-02
136.468283 7.623191363166532952e-02
136.476593 7.622618193886765425e-02
136.484902 7.622045092725412974e-02
136.493212 7.621472059672027011e-02
136.501522 7.620899094716060418e-02
136.509832 7.620326197847303307e-02
136.518142 7.619753369055182191e-02
136.526452 7.619180608329680082e-02
136.534761 7.618607915660165208e-02
136.543071 7.618035291036306944e-02
136.551381 7.617462734447710826e-02
136.559691 7.616890245884094801e-02
136.568001 7.616317825335087999e-02
136.576311 7.615745472790209913e-02
136.584620 7.615173188239431068e-02
136.592930 7.614600971671837970e-02
136.601240 7.614028823077727270e-02
136.609550 7.613456742446240988e-02
136.617860 7.612884729767319114e-02
136.626170 7.612312785030528328e-02
136.634479 7.611740908225449187e-02
136.642789 7.611169099341862088e-02
136.651099 7.610597358369283749e-02
136.659409 7.610025685297583387e-02
136.667719 7.609454080116154207e-02
136.676029 7.608882542814780769e-02
136.684338 7.608311073383136613e-02
136.692648 7.607739671810846704e-02
136.700958 7.607168338087699766e-02
136.709268 7.606597072203383214e-02
136.717578 7.606025874147294419e-02
136.725888 7.605454743909349780e-02
136.734198 7.604883681479147894e-02
136.742507 7.604312686846148583e-02
136.750817 7.603741760000616579e-02
136.759127 7.603170900931621734e-02
136.767437 7.602600109629169267e-02
136.775747 7.602029386083071494e-02
136.784057 7.601458730282401044e-02
136.792366 7.600888142217354648e-02
136.800676 7.600317621877869523e-02
136.808986 7.599747169252836498e-02
136.817296 7.599176784332634105e-02
136.825606 7.598606467106537588e-02
136.833916 7.598036217564545225e-02
136.842225 7.597466035696189002e-02
136.850535 7.596895921491134129e-02
136.858845 7.596325874939086065e-02
136.867155 7.595755896030019494e-02
136.875465 7.595185984753340114e-02
136.883775 7.594616141098874118e-02
136.892084 7.594046365056283943e-02
136.900394 7.593476656615184839e-02
136.908704 7.592907015765455736e-02
136.917014 7.592337442496811806e-02
136.925324 7.591767936798632377e-02
136.933634 7.591198498661161365e-02
136.941943 7.590629128073769771e-02
136.950253 7.590059825026353180e-02
136.958563 7.589490589508382512e-02
136.966873 7.588921421509724208e-02
136.975183 7.588352321020214175e-02
136.983493 7.587783288029427420e-02
136.991802 7.587214322527184585e-02
137.000112 7.586645424503191126e-02
137.008422 7.586076593947072011e-02
137.016732 7.585507830848700617e-02
137.025042 7.584939135197787952e-02
137.033352 7.584370506983935389e-02
137.041662 7.583801946197077370e-02
137.049971 7.583233452826865229e-02
137.058281 7.582665026863003033e-02
137.066591 7.582096668295328079e-02
137.074901 7.581528377113500028e-02
137.083211 7.580960153307196581e-02
137.091521 7.580391996866289728e-02
137.099830 7.579823907780508518e-02
137.108140 7.579255886039734658e-02
137.116450 7.578687931633286412e-02
137.124760 7.578120044551560353e-02
137.133070 7.577552224783698498e-02
137.141380 7.576984472319861497e-02
137.149689 7.576416787149679866e-02
137.157999 7.575849169262788285e-02
137.166309 7.575281618649186421e-02
137.174619 7.574714135298515894e-02
137.182929 7.574146719200572364e-02
137.191239 7.573579370344826756e-02
137.199548 7.573012088721728374e-02
137.207858 7.572444874320463648e-02
137.216168 7.571877727131036406e-02
137.224478 7.571310647143114636e-02
137.232788 7.570743634346584205e-02
137.241098 7.570176688731260206e-02
137.249407 7.569609810286628826e-02
137.257717 7.569042999002881245e-02
137.266027 7.568476254869596631e-02
137.274337 7.567909577876341665e-02
137.282647 7.567342968013529569e-02
137.290957 7.566776425270232975e-02
137.299266 7.566209949636633347e-02
137.307576 7.565643541102652636e-02
137.315886 7.565077199657718743e-02
137.324196 7.564510925291609289e-02
137.332506 7.563944717994440514e-02
137.340816 7.563378577755927590e-02
137.349125 7.562812504565781524e-02
137.357435 7.562246498413899287e-02
137.365745 7.561680559290145931e-02
137.374055 7.561114687183875804e-02
137.382365 7.560548882085536826e-02
137.390675 7.559983143984551346e-02
137.398985 7.559417472870816335e-02
137.407294 7.558851868734159374e-02
137.415604 7.558286331564430249e-02
137.423914 7.557720861351174824e-02
137.432224 7.557155458084702238e-02
137.440534 7.556590121754433453e-02
137.448844 7.556024852350311238e-02
137.457153 7.555459649862229787e-02
137.465463 7.554894514279775208e-02
137.473773 7.554329445593188641e-02
137.482083 7.553764443791929906e-02
137.490393 7.553199508865965361e-02
137.498703 7.552634640805117039e-02
137.507012 7.552069839599320766e-02
137.515322 7.551505105238237592e-02
137.523632 7.550940437711702036e-02
137.531942 7.550375837009853930e-02
137.540252 7.549811303122140604e-02
137.548562 7.549246836038470132e-02
137.556871 7.548682435748969854e-02
137.565181 7.548118102243282779e-02
137.573491 7.547553835511310039e-02
137.581801 7.546989635542758479e-02
137.590111 7.546425502327702706e-02
137.598421 7.545861435855763522e-02
137.606730 7.545297436117151535e-02
137.615040 7.544733503101239136e-02
137.623350 7.544169636798300771e-02
137.631660 7.543605837197875363e-02
137.639970 7.543042104290087480e-02
137.648280 7.542478438064591229e-02
137.656589 7.541914838511368235e-02
137.664899 7.541351305620300205e-02
137.673209 7.540787839381345170e-02
137.681519 7.540224439784036503e-02
137.689829 7.539661106818491831e-02
137.698139 7.539097840474655310e-02
137.706448 7.538534640742164394e-02
137.714758 7.537971507611065936e-02
137.723068 7.537408441071268006e-02
137.731378 7.536845441112373367e-02
137.739688 7.536282507724539892e-02
137.747998 7.535719640897574345e-02
137.756308 7.535156840621484720e-02
137.764617 7.534594106886095821e-02
137.772927 7.534031439681035391e-02
137.781237 7.533468838996400241e-02
137.789547 7.532906304822090116e-02
137.797857 7.532343837147977006e-02
137.806167 7.531781435964116089e-02
137.814476 7.531219101260089310e-02
137.822786 7.530656833025989316e-02
137.831096 7.530094631251633974e-02
137.839406 7.529532495927090952e-02
137.847716 7.528970427042010194e-02
137.856026 7.528408424586573167e-02
137.864335 7.527846488550465898e-02
137.872645 7.527284618923710258e-02
137.880955 7.526722815696090807e-02
137.889265 7.526161078857690478e-02
137.897575 7.525599408398257750e-02
137.905885 7.525037804307845024e-02
137.914194 7.524476266576329841e-02
137.922504 7.523914795193552274e-02
137.930814 7.523353390149550846e-02
137.939124 7.522792051434322447e-02
137.947434 7.522230779037487880e-02
137.955744 7.521669572949141180e-02
137.964053 7.521108433159265361e-02
137.972363 7.520547359657735187e-02
137.980673 7.519986352434517018e-02
137.988983 7.519425411479317700e-02
137.997293 7.518864536782450536e-02
138.005603 7.518303728333684821e-02
138.013912 7.517742986122828708e-02
138.022222 7.517182310139909618e-02
138.030532 7.516621700374977177e-02
138.038842 7.516061156817863131e-02
138.047152 7.515500679458400612e-02
138.055462 7.514940268286650349e-02
138.063771 7.514379923292809071e-02
138.072081 7.513819644466512848e-02
138.080391 7.513259431797637833e-02
138.088701 7.512699285276466798e-02
138.097011 7.512139204892695488e-02
138.105321 7.511579190636326342e-02
138.113631 7.511019242497467274e-02
138.121940 7.510459360465814027e-02
138.130250 7.509899544531409288e-02
138.138560 7.509339794684598279e-02
138.146870 7.508780110914597961e-02
138.155180 7.508220493212157398e-02
138.163490 7.507660941566852986e-02
138.171799 7.507101455968426262e-02
138.180109 7.506542036407400087e-02
138.188419 7.505982682873263423e-02
138.196729 7.505423395356200511e-02
138.205039 7.504864173846169384e-02
138.213349 7.504305018333168320e-02
138.221658 7.503745928807309395e-02
138.229968 7.503186905258278638e-02
138.238278 7.502627947676197839e-02
138.246588 7.502069056050975071e-02
138.254898 7.501510230372721022e-02
138.263208 7.500951470631488094e-02
138.271517 7.500392776816970641e-02
138.279827 7.499834148919463928e-02
138.288137 7.499275586928848270e-02
138.296447 7.498717090835085863e-02
138.304757 7.498158660628093108e-02
138.313067 7.497600296298256861e-02
138.321376 7.497041997835068861e-02
138.329686 7.496483765228757756e-02
138.337996 7.495925598469431461e-02
138.346306 7.495367497546842617e-02
138.354616 7.494809462451179627e-02
138.362926 7.494251493172388034e-02
138.371235 7.493693589700443913e-02
138.379545 7.493135752025573137e-02
138.387855 7.492577980137599125e-02
138.396165 7.492020274026400806e-02
138.404475 7.491462633682345607e-02
138.412785 7.490905059095133434e-02
138.421095 7.490347550254934650e-02
138.429404 7.489790107151783616e-02
138.437714 7.489232729775710529e-02
138.446024 7.488675418116588767e-02
138.454334 7.488118172164563713e-02
138.462644 7.487560991909769648e-02
138.470954 7.487003877342150726e-02
138.479263 7.486446828451480406e-02
138.487573 7.485889845228051176e-02
138.495883 7.485332927662090297e-02
138.504193 7.484776075743283796e-02
138.512503 7.484219289461754854e-02
138.520813 7.483662568807496196e-02
138.529122 7.483105913770808637e-02
138.537432 7.482549324341451757e-02
138.545742 7.481992800509665309e-02
138.554052 7.481436342265272710e-02
138.562362 7.480879949598558121e-02
138.570672 7.480323622499447656e-02
138.578981 7.479767360957986777e-02
138.587291 7.479211164964280623e-02
138.595601 7.478655034508432942e-02
138.603911 7.478098969580383726e-02
138.612221 7.477542970170193704e-02
138.620531 7.476987036267969400e-02
138.628840 7.476431167863806238e-02
138.637150 7.475875364947646984e-02
138.645460 7.475319627509775799e-02
138.653770 7.474763955539912019e-02
138.662080 7.474208349028521603e-02
138.670390 7.473652807965421030e-02
138.678699 7.473097332340700172e-02
138.687009 7.472541922144507187e-02
138.695319 7.471986577366949989e-02
138.703629 7.471431297997990773e-02
138.711939 7.470876084027720798e-02
138.720249 7.470320935446141120e-02
138.728558 7.469765852243766269e-02
138.736868 7.469210834410155986e-02
138.745178 7.468655881935611085e-02
138.753488 7.468100994810156212e-02
138.761798 7.467546173024111611e-02
138.770108 7.466991416567192452e-02
138.778418 7.466436725429741184e-02
138.786727 7.465882099601765798e-02
138.795037 7.465327539073446372e-02
138.803347 7.464773043834735389e-02
138.811657 7.464218613875957253e-02
138.819967 7.463664249186967303e-02
138.828277 7.463109949757985861e-02
138.836586 7.462555715579077820e-02
138.844896 7.462001546640298355e-02
138.853206 7.461447442932030161e-02
138.861516 7.460893404444074450e-02
138.869826 7.460339431166625179e-02
138.878136 7.459785523089763892e-02
138.886445 7.459231680203669279e-02
138.894755 7.458677902498424273e-02
138.903065 7.458124189964214501e-02
138.911375 7.457570542591061835e-02
138.919685 7.457016960369224068e-02
138.927995 7.456463443288618986e-02
138.936304 7.455909991339451648e-02
138.944614 7.455356604511939600e-02
138.952924 7.454803282796006181e-02
138.961234 7.454250026182079880e-02
138.969544 7.453696834660050730e-02
138.977854 7.453143708220220931e-02
138.986163 7.452590646852327860e-02
138.994473 7.452037650547108094e-02
139.002783 7.451484719294261538e-02
139.011093 7.450931853083990475e-02
139.019403 7.450379051906565187e-02
139.027713 7.449826315752015871e-02
139.036022 7.449273644610582279e-02
139.044332 7.448721038472454203e-02
139.052642 7.448168497327527227e-02
139.060952 7.447616021166116040e-02
139.069262 7.447063609978314680e-02
139.077572 7.446511263754423959e-02
139.085881 7.445958982484443545e-02
139.094191 7.445406766158653433e-02
139.102501 7.444854614766881207e-02
139.110811 7.444302528299788502e-02
139.119121 7.443750506747147389e-02
139.127431 7.443198550099275335e-02
139.135741 7.442646658346337152e-02
139.144050 7.442094831478437977e-02
139.152360 7.441543069485721806e-02
139.160670 7.440991372358432554e-02
139.168980 7.440439740086968179e-02
139.177290 7.439888172660903687e-02
139.185600 7.439336670070845203e-02
139.193909 7.438785232306921458e-02
139.202219 7.438233859359177913e-02
139.210529 7.437682551218020854e-02
139.218839 7.437131307873384722e-02
139.227149 7.436580129315506493e-02
139.235459 7.436029015534792452e-02
139.243768 7.435477966521208959e-02
139.252078 7.434926982264847273e-02
139.260388 7.434376062755962411e-02
139.268698 7.433825207984988415e-02
139.277008 7.433274417941951318e-02
139.285318 7.432723692616825806e-02
139.293627 7.432173032000286006e-02
139.301937 7.431622436082109540e-02
139.310247 7.431071904852543097e-02
139.318557 7.430521438302088721e-02
139.326867 7.429971036420555952e-02
139.335177 7.429420699198335809e-02
139.343486 7.428870426625763801e-02
139.351796 7.428320218692781307e-02
139.360106 7.427770075389597548e-02
139.368416 7.427219996706818650e-02
139.376726 7.426669982634247213e-02
139.385036 7.426120033162224299e-02
139.393345 7.425570148281071536e-02
139.401655 7.425020327980777490e-02
139.409965 7.424470572251752609e-02
139.418275 7.423920881083999335e-02
139.426585 7.423371254468115465e-02
139.434895 7.422821692393956339e-02
139.443204 7.422272194851871341e-02
139.451514 7.421722761832152959e-02
139.459824 7.421173393324882739e-02
139.468134 7.420624089320362882e-02
139.476444 7.420074849808873385e-02
139.484754 7.419525674780620694e-02
139.493064 7.418976564225852888e-02
139.501373 7.418427518134861065e-02
139.509683 7.417878536497726771e-02
139.517993 7.417329619304716126e-02
139.526303 7.416780766546116066e-02
139.534613 7.416231978212116382e-02
139.542923 7.415683254293212179e-02
139.551232 7.415134594779308752e-02
139.559542 7.414585999660645854e-02
139.567852 7.414037468928059982e-02
139.576162 7.413489002571026221e-02
139.584472 7.412940600580161798e-02
139.592782 7.412392262945713406e-02
139.601091 7.411843989657905529e-02
139.609401 7.411295780707100045e-02
139.617711 7.410747636083248047e-02
139.626021 7.410199555776887659e-02
139.634331 7.409651539778339124e-02
139.642641 7.409103588077653457e-02
139.650950 7.408555700665037103e-02
139.659260 7.408007877531111451e-02
139.667570 7.407460118665827598e-02
139.675880 7.406912424059666766e-02
139.684190 7.406364793702627236e-02
139.692500 7.405817227585230478e-02
139.700809 7.405269725697648242e-02
139.709119 7.404722288030238242e-02
139.717429 7.404174914573204147e-02
139.725739 7.403627605316639992e-02
139.734049 7.403080360251224068e-02
139.742359 7.402533179366954652e-02
139.750668 7.401986062654350440e-02
139.758978 7.401439010103454119e-02
139.767288 7.400892021704524870e-02
139.775598 7.400345097448013387e-02
139.783908 7.399798237324353711e-02
139.792218 7.399251441323530243e-02
139.800527 7.398704709435940940e-02
139.808837 7.398158041651996253e-02
139.817147 7.397611437961741643e-02
139.825457 7.397064898355790175e-02
139.833767 7.396518422824166494e-02
139.842077 7.395972011357300480e-02
139.850387 7.395425663945595640e-02
139.858696 7.394879380579125194e-02
139.867006 7.394333161248448083e-02
139.875316 7.393787005943648627e-02
139.883626 7.393240914655135887e-02
139.891936 7.392694887373314760e-02
139.900246 7.392148924088355610e-02
139.908555 7.391603024790620313e-02
139.916865 7.391057189470455480e-02
139.925175 7.390511418118070330e-02
139.933485 7.389965710723948866e-02
139.941795 7.389420067278372473e-02
139.950105 7.388874487771592003e-02
139.958414 7.388328972193784761e-02
139.966724 7.387783520535741444e-02
139.975034 7.387238132787393718e-02
139.983344 7.386692808939225585e-02
139.991654 7.386147548981521205e-02
139.999964 7.385602352904611922e-02
140.008273 7.385057220698720837e-02
140.016583 7.384512152354469339e-02
140.024893 7.383967147862058322e-02
140.033203 7.383422207211608190e-02
140.041513 7.382877330393836091e-02
140.049823 7.382332517398858263e-02
140.058132 7.381787768217024093e-02
140.066442 7.381243082838837011e-02
140.074752 7.380698461254342480e-02
140.083062 7.380153903454068909e-02
140.091372 7.379609409428558586e-02
140.099682 7.379064979167943017e-02
140.107991 7.378520612662609057e-02
140.116301 7.377976309902935237e-02
140.124611 7.377432070879166859e-02
140.132921 7.376887895581876742e-02
140.141231 7.376343784001154757e-02
140.149541 7.375799736127758299e-02
140.157851 7.375255751951570460e-02
140.166160 7.374711831463345857e-02
140.174470 7.374167974653240976e-02
140.182780 7.373624181511702347e-02
140.191090 7.373080452029080745e-02
140.199400 7.372536786195636738e-02
140.207710 7.371993184002230415e-02
140.216019 7.371449645438542253e-02
140.224329 7.370906170495379606e-02
140.232639 7.370362759162904509e-02
140.240949 7.369819411431725864e-02
140.249259 7.369276127292218037e-02
140.257569 7.368732906734493104e-02
140.265878 7.368189749749134987e-02
140.274188 7.367646656326563848e-02
140.282498 7.367103626456975030e-02
140.290808 7.366560660130958005e-02
140.299118 7.366017757338869099e-02
140.307428 7.365474918071147903e-02
140.315737 7.364932142317898167e-02
140.324047 7.364389430069837039e-02
140.332357 7.363846781317162637e-02
140.340667 7.363304196050456107e-02
140.348977 7.362761674260108469e-02
140.357287 7.362219215936269268e-02
140.365596 7.361676821069608467e-02
140.373906 7.361134489650425494e-02
140.382216 7.360592221669075286e-02
140.390526 7.360050017116114007e-02
140.398836 7.359507875981886882e-02
140.407146 7.358965798256809909e-02
140.415455 7.358423783931235251e-02
140.423765 7.357881832995523397e-02
140.432075 7.357339945440367901e-02
140.440385 7.356798121255876677e-02
140.448695 7.356256360432816832e-02
140.457005 7.355714662961240768e-02
140.465314 7.355173028831731019e-02
140.473624 7.354631458034632807e-02
140.481934 7.354089950560573075e-02
140.490244 7.353548506399883167e-02
140.498554 7.353007125542881939e-02
140.506864 7.352465807980300416e-02
140.515174 7.351924553702221532e-02
140.523483 7.351383362699144552e-02
140.531793 7.350842234961800503e-02
140.540103 7.350301170480318114e-02
140.548413 7.349760169245159180e-02
140.556723 7.349219231246889583e-02
140.565033 7.348678356475943363e-02
140.573342 7.348137544922625497e-02
140.581652 7.347596796577562928e-02
140.589962 7.347056111431188308e-02
140.598272 7.346515489473763594e-02
140.606582 7.345974930695990668e-02
140.614892 7.345434435088142588e-02
140.623201 7.344894002640778297e-02
140.631511 7.344353633344305465e-02
140.639821 7.343813327189104012e-02
140.648131 7.343273084165710674e-02
140.656441 7.342732904264748228e-02
140.664751 7.342192787476288507e-02
140.673060 7.341652733791206864e-02
140.681370 7.341112743199712520e-02
140.689680 7.340572815692425479e-02
140.697990 7.340032951259682636e-02
140.706300 7.339493149892113710e-02
140.714610 7.338953411579914043e-02
140.722919 7.338413736313681435e-02
140.731229 7.337874124084153848e-02
140.739539 7.337334574881645977e-02
140.747849 7.336795088696392020e-02
140.756159 7.336255665519141045e-02
140.764469 7.335716305340346521e-02
140.772778 7.335177008150303712e-02
140.781088 7.334637773939922667e-02
140.789398 7.334098602699178071e-02
140.797708 7.333559494418925850e-02
140.806018 7.333020449089516779e-02
140.814328 7.332481466701407102e-02
140.822637 7.331942547245109965e-02
140.830947 7.331403690711098264e-02
140.839257 7.330864897090097476e-02
140.847567 7.330326166372259922e-02
140.855877 7.329787498548342994e-02
140.864187 7.329248893608829307e-02
140.872497 7.328710351543946122e-02
140.880806 7.328171872344443893e-02
140.889116 7.327633456000841317e-02
140.897426 7.327095102503665414e-02
140.905736 7.326556811843136507e-02
140.914046 7.326018584010139667e-02
140.922356 7.325480418995092280e-02
140.930665 7.324942316788364549e-02
140.938975 7.324404277380494599e-02
140.947285 7.323866300762087167e-02
140.955595 7.323328386923598499e-02
140.963905 7.322790535855626393e-02
140.972215 7.322252747548720075e-02
140.980524 7.321715021993270567e-02
140.988834 7.321177359179857624e-02
140.997144 7.320639759098862553e-02
141.005454 7.320102221741185688e-02
141.013764 7.319564747097068169e-02
141.022074 7.319027335157181346e-02
141.030383 7.318489985911909301e-02
141.038693 7.317952699351876200e-02
141.047003 7.317415475467567432e-02
141.055313 7.316878314249679327e-02
141.063623 7.316341215688557109e-02
141.071933 7.315804179774772209e-02
141.080242 7.315267206498896058e-02
141.088552 7.314730295851687436e-02
141.096862 7.314193447823266747e-02
141.105172 7.313656662404649511e-02
141.113482 7.313119939585907558e-02
141.121792 7.312583279358003674e-02
141.130101 7.312046681711191487e-02
141.138411 7.311510146636468477e-02
141.146721 7.310973674123739940e-02
141.155031 7.310437264164006133e-02
141.163341 7.309900916747698318e-02
141.171651 7.309364631865408746e-02
141.179960 7.308828409507701906e-02
141.188270 7.308292249665288010e-02
141.196580 7.307756152328385990e-02
141.204890 7.307220117487776834e-02
141.213200 7.306684145133970909e-02
141.221510 7.306148235257665935e-02
141.229820 7.305612387849258482e-02
141.238129 7.305076602899428229e-02
141.246439 7.304540880398868730e-02
141.254749 7.304005220337800308e-02
141.263059 7.303469622707162157e-02
141.271369 7.302934087497288396e-02
141.279679 7.302398614698887847e-02
141.287988 7.301863204302527777e-02
141.296298 7.301327856298689412e-02
141.304608 7.300792570678241167e-02
141.312918 7.300257347431356181e-02
141.321228 7.299722186549063851e-02
141.329538 7.299187088021592829e-02
141.337847 7.298652051839686627e-02
141.346157 7.298117077993954149e-02
141.354467 7.297582166474866905e-02
141.362777 7.297047317273332168e-02
141.371087 7.296512530379621608e-02
141.379397 7.295977805784470416e-02
141.387706 7.295443143478531900e-02
141.396016 7.294908543452151284e-02
141.404326 7.294374005696323271e-02
141.412636 7.293839530201354227e-02
141.420946 7.293305116958001544e-02
141.429256 7.292770765956924084e-02
141.437565 7.292236477188387966e-02
141.445875 7.291702250643400385e-02
141.454185 7.291168086312459218e-02
141.462495 7.290633984185986016e-02
141.470805 7.290099944254892217e-02
141.479115 7.289565966509631290e-02
141.487424 7.289032050941028629e-02
141.495734 7.288498197539484968e-02
141.504044 7.287964406295600883e-02
141.512354 7.287430677200065765e-02
141.520664 7.286897010243600925e-02
141.528974 7.286363405416777794e-02
141.537284 7.285829862710067883e-02
141.545593 7.285296382114378466e-02
141.553903 7.284762963620088072e-02
141.562213 7.284229607218059566e-02
141.570523 7.283696312898792213e-02
141.578833 7.283163080653011490e-02
141.587143 7.282629910471177803e-02
141.595452 7.282096802344097120e-02
141.603762 7.281563756262435239e-02
141.612072 7.281030772216637303e-02
141.620382 7.280497850197718834e-02
141.628692 7.279964990195994523e-02
141.637002 7.279432192202166252e-02
141.645311 7.278899456206885943e-02
141.653621 7.278366782200978991e-02
141.661931 7.277834170174966866e-02
141.670241 7.277301620119311365e-02
141.678551 7.276769132024993314e-02
141.686861 7.276236705882653533e-02
141.695170 7.275704341682823206e-02
141.703480 7.275172039416073766e-02
141.711790 7.274639799073277791e-02
141.720100 7.274107620645087202e-02
141.728410 7.273575504122005431e-02
141.736720 7.273043449494683010e-02
141.745029 7.272511456754079950e-02
141.753339 7.271979525890395757e-02
141.761649 7.271447656894759748e-02
141.769959 7.270915849757737803e-02
141.778269 7.270384104469926334e-02
141.786579 7.269852421021938405e-02
141.794888 7.269320799404666023e-02
141.803198 7.268789239608634822e-02
141.811508 7.268257741624448154e-02
141.819818 7.267726305443063251e-02
141.828128 7.267194931054750395e-02
141.836438 7.266663618450611151e-02
141.844747 7.266132367621186416e-02
141.853057 7.265601178557173911e-02
141.861367 7.265070051249065963e-02
141.869677 7.264538985687885031e-02
141.877987 7.264007981864198382e-02
141.886297 7.263477039768591326e-02
141.894607 7.262946159391936440e-02
141.902916 7.262415340724640012e-02
141.911226 7.261884583757782785e-02
141.919536 7.261353888481898722e-02
141.927846 7.260823254887710521e-02
141.936156 7.260292682965789612e-02
141.944466 7.259762172707050210e-02
141.952775 7.259231724101969374e-02
141.961085 7.258701337141469645e-02
141.969395 7.258171011816208495e-02
141.977705 7.257640748116905849e-02
141.986015 7.257110546034285792e-02
141.994325 7.256580405558912816e-02
142.002634 7.256050326681812157e-02
142.010944 7.255520309393388712e-02
142.019254 7.254990353684592774e-02
142.027564 7.254460459545984674e-02
142.035874 7.253930626968212170e-02
142.044184 7.253400855942389314e-02
142.052493 7.252871146458847451e-02
142.060803 7.252341498508481366e-02
142.069113 7.251811912082042899e-02
142.077423 7.251282387170213117e-02
142.085733 7.250752923763749413e-02
142.094043 7.250223521853470243e-02
142.102352 7.249694181429922057e-02
142.110662 7.249164902484042661e-02
142.118972 7.248635685006379892e-02
142.127282 7.248106528987799391e-02
142.135592 7.247577434419029407e-02
142.143902 7.247048401290898112e-02
142.152211 7.246519429594076855e-02
142.160521 7.245990519319076006e-02
142.168831 7.245461670457024883e-02
142.177141 7.244932882998518509e-02
142.185451 7.244404156934387828e-02
142.193761 7.243875492255105741e-02
142.202070 7.243346888951782137e-02
142.210380 7.242818347015007874e-02
142.218690 7.242289866435464019e-02
142.227000 7.241761447204181357e-02
142.235310 7.241233089311582827e-02
142.243620 7.240704792748663132e-02
142.251930 7.240176557506196320e-02
142.260239 7.239648383574913415e-02
142.268549 7.239120270945426094e-02
142.276859 7.238592219608649958e-02
142.285169 7.238064229555318807e-02
142.293479 7.237536300776360731e-02
142.301789 7.237008433262420715e-02
142.310098 7.236480627004175659e-02
142.318408 7.235952881992324670e-02
142.326718 7.235425198218171927e-02
142.335028 7.234897575671868364e-02
142.343338 7.234370014344534972e-02
142.351648 7.233842514226994369e-02
142.359957 7.233315075309866560e-02
142.368267 7.232787697584062980e-02
142.376577 7.232260381040196695e-02
142.384887 7.231733125669292939e-02
142.393197 7.231205931462032777e-02
142.401507 7.230678798409165275e-02
142.409816 7.230151726501608811e-02
142.418126 7.229624715729894568e-02
142.426436 7.229097766085164356e-02
142.434746 7.228570877558024299e-02
142.443056 7.228044050139356691e-02
142.451366 7.227517283819800964e-02
142.459675 7.226990578590380965e-02
142.467985 7.226463934441756942e-02
142.476295 7.225937351364788985e-02
142.484605 7.225410829350382980e-02
142.492915 7.224884368389171418e-02
142.501225 7.224357968472079616e-02
142.509534 7.223831629589871905e-02
142.517844 7.223305351733434743e-02
142.526154 7.222779134893439479e-02
142.534464 7.222252979060771183e-02
142.542774 7.221726884226321863e-02
142.551084 7.221200850380929404e-02
142.559393 7.220674877515309564e-02
142.567703 7.220148965620241943e-02
142.576013 7.219623114686837817e-02
142.584323 7.219097324705496532e-02
142.592633 7.218571595667461205e-02
142.600943 7.218045927563382369e-02
142.609253 7.217520320384025745e-02
142.617562 7.216994774120298606e-02
142.625872 7.216469288763006917e-02
142.634182 7.215943864303145383e-02
142.642492 7.215418500731261842e-02
142.650802 7.214893198038470346e-02
142.659112 7.214367956215497757e-02
142.667421 7.213842775253179185e-02
142.675731 7.213317655142278961e-02
142.684041 7.212792595873747381e-02
142.692351 7.212267597438475064e-02
142.700661 7.211742659827335977e-02
142.708971 7.211217783031084738e-02
142.717280 7.210692967040446821e-02
142.725590 7.210168211846408604e-02
142.733900 7.209643517440057769e-02
142.742210 7.209118883812072609e-02
142.750520 7.208594310953070350e-02
142.758830 7.208069798853995735e-02
142.767139 7.207545347506050248e-02
142.775449 7.207020956900023201e-02
142.783759 7.206496627026463819e-02
142.792069 7.205972357876354317e-02
142.800379 7.205448149440718542e-02
142.808689 7.204924001710184822e-02
142.816998 7.204399914675849170e-02
142.825308 7.203875888328573063e-02
142.833618 7.203351922659030626e-02
142.841928 7.202828017658408077e-02
142.850238 7.202304173317222724e-02
142.858548 7.201780389626773193e-02
142.866857 7.201256666577471321e-02
142.875167 7.200733004160526918e-02
142.883477 7.200209402366615496e-02
142.891787 7.199685861186932989e-02
142.900097 7.199162380612122991e-02
142.908407 7.198638960633074735e-02
142.916716 7.198115601240689942e-02
142.925026 7.197592302425992461e-02
142.933336 7.197069064179718867e-02
142.941646 7.196545886492657085e-02
142.949956 7.196022769356108517e-02
142.958266 7.195499712760658473e-02
142.966576 7.194976716697255859e-02
142.974885 7.194453781156864847e-02
142.983195 7.193930906130349689e-02
142.991505 7.193408091608426147e-02
142.999815 7.192885337582358152e-02
143.008125 7.192362644042950282e-02
143.016435 7.191840010981007114e-02
143.024744 7.191317438387294370e-02
143.033054 7.190794926253225861e-02
143.041364 7.190272474569163463e-02
143.049674 7.189750083326172658e-02
143.057984 7.189227752515374437e-02
143.066294 7.188705482127535906e-02
143.074603 7.188183272153690628e-02
143.082913 7.187661122584507178e-02
143.091223 7.187139033411134303e-02
143.099533 7.186617004624515359e-02
143.107843 7.186095036215307819e-02
143.116153 7.185573128174778390e-02
143.124462 7.185051280493616466e-02
143.132772 7.184529493162933322e-02
143.141082 7.184007766173562681e-02
143.149392 7.183486099516421530e-02
143.157702 7.182964493182317223e-02
143.166012 7.182442947162590019e-02
143.174321 7.181921461447757227e-02
143.182631 7.181400036028913469e-02
143.190941 7.180878670897013205e-02
143.199251 7.180357366042955380e-02
143.207561 7.179836121457842946e-02
143.215871 7.179314937132302843e-02
143.224180 7.178793813057650353e-02
143.232490 7.178272749224669236e-02
143.240800 7.177751745624097457e-02
143.249110 7.177230802247337726e-02
143.257420 7.176709919084965639e-02
143.265730 7.176189096128096634e-02
143.274040 7.175668333367575535e-02
143.282349 7.175147630794655174e-02
143.290659 7.174626988399776528e-02
143.298969 7.174106406174662887e-02
143.307279 7.173585884109473509e-02
143.315589 7.173065422195397389e-02
143.323899 7.172545020423845563e-02
143.332208 7.172024678785297869e-02
143.340518 7.171504397271021014e-02
143.348828 7.170984175871707167e-02
143.357138 7.170464014578521728e-02
143.365448 7.169943913382353928e-02
143.373758 7.169423872274190146e-02
143.382067 7.168903891244993165e-02
143.390377 7.168383970285931162e-02
143.398687 7.167864109387726834e-02
143.406997 7.167344308541558073e-02
143.415307 7.166824567738180884e-02
143.423617 7.166304886968676013e-02
143.431926 7.165785266224239392e-02
143.440236 7.165265705495467430e-02
143.448546 7.164746204773826677e-02
143.456856 7.164226764049842766e-02
143.465166 7.163707383314737998e-02
143.473476 7.163188062559433522e-02
143.481785 7.162668801774932370e-02
143.490095 7.162149600952548434e-02
143.498405 7.161630460082726857e-02
143.506715 7.161111379156760715e-02
143.515025 7.160592358165586424e-02
143.523335 7.160073397100254200e-02
143.531644 7.159554495951972464e-02
143.539954 7.159035654711333463e-02
143.548264 7.158516873369542843e-02
143.556574 7.157998151917704943e-02
143.564884 7.157479490346550788e-02
143.573194 7.156960888647355412e-02
143.581503 7.156442346811188460e-02
143.589813 7.155923864828775405e-02
143.598123 7.155405442691273321e-02
143.606433 7.154887080389826792e-02
143.614743 7.154368777915273703e-02
143.623053 7.153850535258572674e-02
143.631363 7.153332352411094497e-02
143.639672 7.152814229363470278e-02
143.647982 7.152296166106880682e-02
143.656292 7.151778162632463354e-02
143.664602 7.151260218931007606e-02
143.672912 7.150742334993817617e-02
143.681222 7.150224510811800660e-02
143.689531 7.149706746375802946e-02
143.697841 7.149189041677209144e-02
143.706151 7.148671396706816894e-02
143.714461 7.148153811455811024e-02
143.722771 7.147636285915016929e-02
143.731081 7.147118820075666623e-02
143.739390 7.146601413928650726e-02
143.747700 7.146084067465130474e-02
143.756010 7.145566780676190777e-02
143.764320 7.145049553552770827e-02
143.772630 7.144532386085936104e-02
143.780940 7.144015278266824254e-02
143.789249 7.143498230086212097e-02
143.797559 7.142981241535642511e-02
143.805869 7.142464312605631416e-02
143.814179 7.141947443287664787e-02
143.822489 7.141430633572397324e-02
143.830799 7.140913883451333044e-02
143.839108 7.140397192915270974e-02
143.847418 7.139880561955265492e-02
143.855728 7.139363990562405671e-02
143.864038 7.138847478727747276e-02
143.872348 7.138331026442423788e-02
143.880658 7.137814633697549260e-02
143.888967 7.137298300483962965e-02
143.897277 7.136782026792949651e-02
143.905587 7.136265812615530391e-02
143.913897 7.135749657942760948e-02
143.922207 7.135233562765629090e-02
143.930517 7.134717527075286336e-02
143.938826 7.134201550862818986e-02
143.947136 7.133685634119556196e-02
143.955446 7.133169776835980580e-02
143.963756 7.132653979003673872e-02
143.972066 7.132138240613666857e-02
143.980376 7.131622561656844606e-02
143.988686 7.131106942124547377e-02
143.996995 7.130591382007538115e-02
144.005305 7.130075881297129325e-02
144.013615 7.129560439984367060e-02
144.021925 7.129045058060351492e-02
144.030235 7.128529735516279942e-02
144.038545 7.128014472342966701e-02
144.046854 7.127499268531678478e-02
144.055164 7.126984124073688920e-02
144.063474 7.126469038959730440e-02
144.071784 7.125954013181279301e-02
144.080094 7.125439046729449555e-02
144.088404 7.124924139594759898e-02
144.096713 7.124409291768762920e-02
144.105023 7.123894503242772513e-02
144.113333 7.123379774007392029e-02
144.121643 7.122865104054099117e-02
144.129953 7.122350493373914848e-02
144.138263 7.121835941957994909e-02
144.146572 7.121321449797224368e-02
144.154882 7.120807016883179408e-02
144.163192 7.120292643206445338e-02
144.171502 7.119778328758415153e-02
144.179812 7.119264073530272297e-02
144.188122 7.118749877512998980e-02
144.196431 7.118235740697760605e-02
144.204741 7.117721663075692040e-02
144.213051 7.117207644638065545e-02
144.221361 7.116693685375570511e-02
144.229671 7.116179785279939940e-02
144.237981 7.115665944341771632e-02
144.246290 7.115152162552627890e-02
144.254600 7.114638439903300804e-02
144.262910 7.114124776385173654e-02
144.271220 7.113611171989213389e-02
144.279530 7.113097626706763044e-02
144.287840 7.112584140528699361e-02
144.296149 7.112070713446305703e-02
144.304459 7.111557345450830736e-02
144.312769 7.111044036533251123e-02
144.321079 7.110530786684796101e-02
144.329389 7.110017595896510334e-02
144.337699 7.109504464159657755e-02
144.346009 7.108991391465467602e-02
144.354318 7.108478377804913761e-02
144.362628 7.107965423169164410e-02
144.370938 7.107452527549550092e-02
144.379248 7.106939690936968368e-02
144.387558 7.106426913322848316e-02
144.395868 7.105914194698166597e-02
144.404177 7.105401535054053919e-02
144.412487 7.104888934381831112e-02
144.420797 7.104376392672687168e-02
144.429107 7.103863909917572383e-02
144.437417 7.103351486107972734e-02
144.445727 7.102839121234688635e-02
144.454036 7.102326815289096429e-02
144.462346 7.101814568262383720e-02
144.470656 7.101302380145808890e-02
144.478966 7.100790250930251457e-02
144.487276 7.100278180607103029e-02
144.495586 7.099766169167462393e-02
144.503895 7.099254216602586542e-02
144.512205 7.098742322903663082e-02
144.520515 7.098230488061751942e-02
144.528825 7.097718712068294689e-02
144.537135 7.097206994914077860e-02
144.545445 7.096695336590630454e-02
144.553754 7.096183737089016563e-02
144.562064 7.095672196400409915e-02
144.570374 7.095160714515856559e-02
144.578684 7.094649291427133908e-02
144.586994 7.094137927124641307e-02
144.595304 7.093626621600195026e-02
144.603613 7.093115374844610743e-02
144.611923 7.092604186849336967e-02
144.620233 7.092093057605465545e-02
144.628543 7.091581987104041140e-02
144.636853 7.091070975336610793e-02
144.645163 7.090560022294210840e-02
144.653473 7.090049127967919251e-02
144.661782 7.089538292349045756e-02
144.670092 7.089027515429066617e-02
144.678402 7.088516797198754493e-02
144.686712 7.088006137649605076e-02
144.695022 7.087495536772736582e-02
144.703332 7.086984994559267226e-02
144.711641 7.086474511000664944e-02
144.719951 7.085964086087931380e-02
144.728261 7.085453719812397078e-02
144.736571 7.084943412165113641e-02
144.744881 7.084433163137669742e-02
144.753191 7.083922972720939348e-02
144.761500 7.083412840906294639e-02
144.769810 7.082902767684867706e-02
144.778120 7.082392753048037670e-02
144.786430 7.081882796986942175e-02
144.794740 7.081372899492875683e-02
144.803050 7.080863060556996658e-02
144.811359 7.080353280170421926e-02
144.819669 7.079843558324680486e-02
144.827979 7.079333895010919697e-02
144.836289 7.078824290220242510e-02
144.844599 7.078314743944097431e-02
144.852909 7.077805256173555493e-02
144.861218 7.077295826899858422e-02
144.869528 7.076786456114494972e-02
144.877838 7.076277143808147596e-02
144.886148 7.075767889972806035e-02
144.894458 7.075258694599137477e-02
144.902768 7.074749557678619571e-02
144.911077 7.074240479202634213e-02
144.919387 7.073731459162142798e-02
144.927697 7.073222497548792287e-02
144.936007 7.072713594353458033e-02
144.944317 7.072204749567467807e-02
144.952627 7.071695963182370037e-02
144.960936 7.071187235189130282e-02
144.969246 7.070678565579048558e-02
144.977556 7.070169954343540064e-02
144.985866 7.069661401473698037e-02
144.994176 7.069152906960962657e-02
145.002486 7.068644470796392465e-02
145.010796 7.068136092971560869e-02
145.019105 7.067627773477425102e-02
145.027415 7.067119512305536366e-02
145.035725 7.066611309446821365e-02
145.044035 7.066103164892785504e-02
145.052345 7.065595078634795412e-02
145.060655 7.065087050664055346e-02
145.068964 7.064579080971697400e-02
145.077274 7.064071169549276941e-02
145.085584 7.063563316387767854e-02
145.093894 7.063055521478550647e-02
145.102204 7.062547784813250074e-02
145.110514 7.062040106382692917e-02
145.118823 7.061532486178288825e-02
145.127133 7.061024924191514063e-02
145.135443 7.060517420413559009e-02
145.143753 7.060009974835554369e-02
145.152063 7.059502587449030531e-02
145.160373 7.058995258245383264e-02
145.168682 7.058487987215561477e-02
145.176992 7.057980774350917919e-02
145.185302 7.057473619642995466e-02
145.193612 7.056966523083077480e-02
145.201922 7.056459484662272463e-02
145.210232 7.055952504372009493e-02
145.218541 7.055445582203488664e-02
145.226851 7.054938718148121013e-02
145.235161 7.054431912197273169e-02
145.243471 7.053925164342100818e-02
145.251781 7.053418474574231489e-02
145.260091 7.052911842884417026e-02
145.268400 7.052405269264422349e-02
145.276710 7.051898753705559963e-02
145.285020 7.051392296198888410e-02
145.293330 7.050885896735947789e-02
145.301640 7.050379555307892399e-02
145.309950 7.049873271906356709e-02
145.318259 7.049367046522399260e-02
145.326569 7.048860879147275660e-02
145.334879 7.048354769772480211e-02
145.343189 7.047848718389390643e-02
145.351499 7.047342724989148766e-02
145.359809 7.046836789563397374e-02
145.368119 7.046330912103217214e-02
145.376428 7.045825092599841688e-02
145.384738 7.045319331044823385e-02
145.393048 7.044813627429527547e-02
145.401358 7.044307981745240310e-02
145.409668 7.043802393983128463e-02
145.417978 7.043296864134761248e-02
145.426287 7.042791392191297128e-02
145.434597 7.042285978144269265e-02
145.442907 7.041780621985045674e-02
145.451217 7.041275323704844491e-02
145.459527 7.040770083294858872e-02
145.467837 7.040264900746814880e-02
145.476146 7.039759776051786322e-02
145.484456 7.039254709201396565e-02
145.492766 7.038749700186637537e-02
145.501076 7.038244748999215872e-02
145.509386 7.037739855630210928e-02
145.517696 7.037235020071003211e-02
145.526005 7.036730242313372907e-02
145.534315 7.036225522348224515e-02
145.542625 7.035720860166919111e-02
145.550935 7.035216255761149451e-02
145.559245 7.034711709122123957e-02
145.567555 7.034207220241135705e-02
145.575864 7.033702789109623488e-02
145.584174 7.033198415719084384e-02
145.592484 7.032694100060603304e-02
145.600794 7.032189842125755042e-02
145.609104 7.031685641905954798e-02
145.617414 7.031181499392565037e-02
145.625723 7.030677414576663731e-02
145.634033 7.030173387450168454e-02
145.642343 7.029669418003985093e-02
145.650653 7.029165506229712035e-02
145.658963 7.028661652118824155e-02
145.667273 7.028157855662486853e-02
145.675582 7.027654116852083410e-02
145.683892 7.027150435679246909e-02
145.692202 7.026646812135321774e-02
145.700512 7.026143246211492832e-02
145.708822 7.025639737899465331e-02
145.717132 7.025136287190257567e-02
145.725442 7.024632894075547029e-02
145.733751 7.024129558546705898e-02
145.742061 7.023626280594920390e-02
145.750371 7.023123060211822200e-02
145.758681 7.022619897388783505e-02
145.766991 7.022116792117083506e-02
145.775301 7.021613744388360834e-02
145.783610 7.021110754193710113e-02
145.791920 7.020607821524854630e-02
145.800230 7.020104946373000032e-02
145.808540 7.019602128729625357e-02
145.816850 7.019099368586119436e-02
145.825160 7.018596665933890533e-02
145.833469 7.018094020764449603e-02
145.841779 7.017591433069120255e-02
145.850089 7.017088902839362097e-02
145.858399 7.016586430066583391e-02
145.866709 7.016084014742206276e-02
145.875019 7.015581656857623749e-02
145.883328 7.015079356404334276e-02
145.891638 7.014577113373640649e-02
145.899948 7.014074927757167621e-02
145.908258 7.013572799546217984e-02
145.916568 7.013070728732127834e-02
145.924878 7.012568715306519151e-02
145.933187 7.012066759260775217e-02
145.941497 7.011564860586316783e-02
145.949807 7.011063019274567376e-02
145.958117 7.010561235316940809e-02
145.966427 7.010059508704857834e-02
145.974737 7.009557839429901571e-02
145.983046 7.009056227483427548e-02
145.991356 7.008554672856653900e-02
145.999666 7.008053175541367752e-02
146.007976 7.007551735529049530e-02
146.016286 7.007050352810714755e-02
146.024596 7.006549027378275452e-02
146.032905 7.006047759222940041e-02
146.041215 7.005546548336342993e-02
146.049525 7.005045394709642770e-02
146.057835 7.004544298334534902e-02
146.066145 7.004043259202544225e-02
146.074455 7.003542277304719565e-02
146.082765 7.003041352633015970e-02
146.091074 7.002540485178765373e-02
146.099384 7.002039674933130398e-02
146.107694 7.001538921887895395e-02
146.116004 7.001038226034385359e-02
146.124314 7.000537587363980796e-02
146.132624 7.000037005868625650e-02
146.140933 6.999536481539182786e-02
146.149243 6.999036014367392144e-02
146.157553 6.998535604344709171e-02
146.165863 6.998035251462707274e-02
146.174173 6.997534955712665650e-02
146.182483 6.997034717086267341e-02
146.190792 6.996534535574831792e-02
146.199102 6.996034411169904654e-02
146.207412 6.995534343862988558e-02
146.215722 6.995034333645618052e-02
146.224032 6.994534380509122296e-02
146.232342 6.994034484445155186e-02
146.240651 6.993534645444973719e-02
146.248961 6.993034863500308118e-02
146.257271 6.992535138602445910e-02
146.265581 6.992035470743133974e-02
146.273891 6.991535859913594608e-02
146.282201 6.991036306105691267e-02
146.290510 6.990536809310415878e-02
146.298820 6.990037369519623567e-02
146.307130 6.989537986724654595e-02
146.315440 6.989038660917254453e-02
146.323750 6.988539392088591318e-02
146.332060 6.988040180230313536e-02
146.340369 6.987541025333969535e-02
146.348679 6.987041927391200724e-02
146.356989 6.986542886393171115e-02
146.365299 6.986043902331531830e-02
146.373609 6.985544975197972850e-02
146.381919 6.985046104983959336e-02
146.390229 6.984547291680583136e-02
146.398538 6.984048535279895054e-02
146.406848 6.983549835773047998e-02
146.415158 6.983051193151984526e-02
146.423468 6.982552607407811751e-02
146.431778 6.982054078532191899e-02
146.440088 6.981555606516513801e-02
146.448397 6.981057191352706137e-02
146.456707 6.980558833031856592e-02
146.465017 6.980060531545770330e-02
146.473327 6.979562286885893085e-02
146.481637 6.979064099043581770e-02
146.489947 6.978565968010723430e-02
146.498256 6.978067893778362729e-02
146.506566 6.977569876338508836e-02
146.514876 6.977071915682510339e-02
146.523186 6.976574011801914277e-02
146.531496 6.976076164688051195e-02
146.539806 6.975578374332776221e-02
146.548115 6.975080640727544801e-02
146.556425 6.974582963863960872e-02
146.564735 6.974085343733356368e-02
146.573045 6.973587780327275554e-02
146.581355 6.973090273637472247e-02
146.589665 6.972592823655487937e-02
146.597974 6.972095430372762803e-02
146.606284 6.971598093780856376e-02
146.614594 6.971100813871324020e-02
146.622904 6.970603590635628122e-02
146.631214 6.970106424065607154e-02
146.639524 6.969609314152627744e-02
146.647833 6.969112260888349342e-02
146.656143 6.968615264264123310e-02
146.664453 6.968118324271724284e-02
146.672763 6.967621440902409258e-02
146.681073 6.967124614148223483e-02
146.689383 6.966627844000333747e-02
146.697692 6.966131130450432807e-02
146.706002 6.965634473490198153e-02
146.714312 6.965137873111122702e-02
146.722622 6.964641329304570305e-02
146.730932 6.964144842062396090e-02
146.739242 6.963648411376133218e-02
146.747552 6.963152037237251013e-02
146.755861 6.962655719637582397e-02
146.764171 6.962159458568127623e-02
146.772481 6.961663254021108194e-02
146.780791 6.961167105987751957e-02
146.789101 6.960671014459836325e-02
146.797411 6.960174979428683517e-02
146.805720 6.959679000886156985e-02
146.814030 6.959183078823716340e-02
146.822340 6.958687213232925273e-02
146.830650 6.958191404105334987e-02
146.838960 6.957695651432804773e-02
146.847270 6.957199955206411213e-02
146.855579 6.956704315418378581e-02
146.863889 6.956208732060041589e-02
146.872199 6.955713205122608656e-02
146.880509 6.955217734598324875e-02
146.888819 6.954722320478307074e-02
146.897129 6.954226962754485319e-02
146.905438 6.953731661418317833e-02
146.913748 6.953236416461154590e-02
146.922058 6.952741227875100516e-02
146.930368 6.952246095651407054e-02
146.938678 6.951751019781876595e-02
146.946988 6.951256000258081158e-02
146.955297 6.950761037071405413e-02
146.963607 6.950266130213704485e-02
146.971917 6.949771279676689173e-02
146.980227 6.949276485451552632e-02
146.988537 6.948781747530267949e-02
146.996847 6.948287065904407145e-02
147.005156 6.947792440565581096e-02
147.013466 6.947297871505184186e-02
147.021776 6.946803358715178400e-02
147.030086 6.946308902187094125e-02
147.038396 6.945814501912478400e-02
147.046706 6.945320157882931000e-02
147.055015 6.944825870090186315e-02
147.063325 6.944331638525802486e-02
147.071635 6.943837463181422309e-02
147.079945 6.943343344048716337e-02
147.088255 6.942849281119199689e-02
147.096565 6.942355274384807984e-02
147.104875 6.941861323836726050e-02
147.113184 6.941367429466953343e-02
147.121494 6.940873591266943921e-02
147.129804 6.940379809228452990e-02
147.138114 6.939886083343178858e-02
147.146424 6.939392413602704646e-02
147.154734 6.938898799998405309e-02
147.163043 6.938405242522191485e-02
147.171353 6.937911741165835033e-02
147.179663 6.937418295920663724e-02
147.187973 6.936924906778636768e-02
147.196283 6.936431573731294264e-02
147.204593 6.935938296770161049e-02
147.212902 6.935445075887053390e-02
147.221212 6.934951911073510000e-02
147.229522 6.934458802321298576e-02
147.237832 6.933965749622109098e-02
147.246142 6.933472752967324848e-02
147.254452 6.932979812348945281e-02
147.262761 6.932486927758420292e-02
147.271071 6.931994099187634151e-02
147.279381 6.931501326628024262e-02
147.287691 6.931008610071370812e-02
147.296001 6.930515949509344353e-02
147.304311 6.930023344933593232e-02
147.312620 6.929530796335606202e-02
147.320930 6.929038303707306390e-02
147.329240 6.928545867040569739e-02
147.337550 6.928053486326520016e-02
147.345860 6.927561161557391212e-02
147.354170 6.927068892724567994e-02
147.362479 6.926576679819441973e-02
147.370789 6.926084522834186075e-02
147.379099 6.925592421760415340e-02
147.387409 6.925100376589642115e-02
147.395719 6.924608387313659075e-02
147.404029 6.924116453924089587e-02
147.412338 6.923624576412550080e-02
147.420648 6.923132754771028907e-02
147.428958 6.922640988990948208e-02
147.437268 6.922149279063932736e-02
147.445578 6.921657624982113788e-02
147.453888 6.921166026736691457e-02
147.462198 6.920674484319565278e-02
147.470507 6.920182997722500173e-02
147.478817 6.919691566937179183e-02
147.487127 6.919200191955124368e-02
147.495437 6.918708872768261631e-02
147.503747 6.918217609368250420e-02
147.512057 6.917726401746680798e-02
147.520366 6.917235249895432869e-02
147.528676 6.916744153806037021e-02
147.536986 6.916253113470376135e-02
147.545296 6.915762128880167947e-02
147.553606 6.915271200026879006e-02
147.561916 6.914780326902407459e-02
147.570225 6.914289509498362796e-02
147.578535 6.913798747806611245e-02
147.586845 6.913308041818944094e-02
147.595155 6.912817391526857036e-02
147.603465 6.912326796922071970e-02
147.611775 6.911836257996414878e-02
147.620084 6.911345774741677050e-02
147.628394 6.910855347149433281e-02
147.636704 6.910364975211459593e-02
147.645014 6.909874658919711032e-02
147.653324 6.909384398265418226e-02
147.661634 6.908894193240733284e-02
147.669943 6.908404043837416963e-02
147.678253 6.907913950046846996e-02
147.686563 6.907423911861218513e-02
147.694873 6.906933929271785733e-02
147.703183 6.906444002270603622e-02
147.711493 6.905954130849228934e-02
147.719802 6.905464314999691655e-02
147.728112 6.904974554713223800e-02
147.736422 6.904484849982278627e-02
147.744732 6.903995200797999332e-02
147.753042 6.903505607152407575e-02
147.761352 6.903016069037259950e-02
147.769662 6.902526586444150680e-02
147.777971 6.902037159364791952e-02
147.786281 6.901547787791341426e-02
147.794591 6.901058471715096343e-02
147.802901 6.900569211128054770e-02
147.811211 6.900080006021955259e-02
147.819521 6.899590856388516935e-02
147.827830 6.899101762219490841e-02
147.836140 6.898612723506630795e-02
147.844450 6.898123740241599022e-02
147.852760 6.897634812416376937e-02
147.861070 6.897145940022698929e-02
147.869380 6.896657123052161997e-02
147.877689 6.896168361496815558e-02
147.885999 6.895679655348081749e-02
147.894309 6.895191004597975293e-02
147.902619 6.894702409238057106e-02
147.910929 6.894213869260366889e-02
147.919239 6.893725384656620991e-02
147.927548 6.893236955418326206e-02
147.935858 6.892748581537709585e-02
147.944168 6.892260263006190490e-02
147.952478 6.891771999815672622e-02
147.960788 6.891283791957879268e-02
147.969098 6.890795639424643348e-02
147.977407 6.890307542207818603e-02
147.985717 6.889819500299031174e-02
147.994027 6.889331513690293007e-02
148.002337 6.888843582373163632e-02
148.010647 6.888355706339627238e-02
148.018957 6.887867885581390459e-02
148.027266 6.887380120090209890e-02
148.035576 6.886892409857831021e-02
148.043886 6.886404754876214451e-02
148.052196 6.885917155137050161e-02
148.060506 6.885429610632169684e-02
148.068816 6.884942121353290756e-02
148.077125 6.884454687292484998e-02
148.085435 6.883967308441256427e-02
148.093745 6.883479984791471273e-02
148.102055 6.882992716334809802e-02
148.110365 6.882505503063558738e-02
148.118675 6.882018344969145773e-02
148.126985 6.881531242043407992e-02
148.135294 6.881044194278242154e-02
148.143604 6.880557201665399303e-02
148.151914 6.880070264196674890e-02
148.160224 6.879583381864026737e-02
148.168534 6.879096554659143437e-02
148.176844 6.878609782573870401e-02
148.185153 6.878123065599861530e-02
148.193463 6.877636403729243952e-02
148.201773 6.877149796953933858e-02
148.210083 6.876663245265181301e-02
148.218393 6.876176748655410398e-02
148.226703 6.875690307116050226e-02
148.235012 6.875203920638997546e-02
148.243322 6.874717589216319813e-02
148.251632 6.874231312839659824e-02
148.259942 6.873745091500878257e-02
148.268252 6.873258925191923219e-02
148.276562 6.872772813904254319e-02
148.284871 6.872286757630120813e-02
148.293181 6.871800756361287621e-02
148.301491 6.871314810089329539e-02
148.309801 6.870828918806390351e-02
148.318111 6.870343082504194732e-02
148.326421 6.869857301174656095e-02
148.334730 6.869371574809450542e-02
148.343040 6.868885903400637205e-02
148.351350 6.868400286939788102e-02
148.359660 6.867914725419092814e-02
148.367970 6.867429218830099769e-02
148.376280 6.866943767164927770e-02
148.384589 6.866458370415261248e-02
148.392899 6.865973028572922021e-02
148.401209 6.865487741629758278e-02
148.409519 6.865002509577947110e-02
148.417829 6.864517332408856531e-02
148.426139 6.864032210114763555e-02
148.434448 6.863547142687384528e-02
148.442758 6.863062130118358084e-02
148.451068 6.862577172399972336e-02
148.459378 6.862092269523648036e-02
148.467688 6.861607421481590030e-02
148.475998 6.861122628265613199e-02
148.484308 6.860637889867469974e-02
148.492617 6.860153206279041849e-02
148.500927 6.859668577492232522e-02
148.509237 6.859184003499178839e-02
148.517547 6.858699484291230775e-02
148.525857 6.858215019860637585e-02
148.534167 6.857730610199271049e-02
148.542476 6.857246255298866944e-02
148.550786 6.856761955151302601e-02
148.559096 6.856277709748577476e-02
148.567406 6.855793519082425957e-02
148.575716 6.855309383144971014e-02
148.584026 6.854825301927824910e-02
148.592335 6.854341275423184165e-02
148.600645 6.853857303622695740e-02
148.608955 6.853373386518309129e-02
148.617265 6.852889524101872520e-02
148.625575 6.852405716365390920e-02
148.633885 6.851921963300730556e-02
148.642194 6.851438264899605002e-02
148.650504 6.850954621154160817e-02
148.658814 6.850471032056283660e-02
148.667124 6.849987497597632979e-02
148.675434 6.849504017770489950e-02
148.683744 6.849020592566397447e-02
148.692053 6.848537221977453460e-02
148.700363 6.848053905995354906e-02
148.708673 6.847570644612344104e-02
148.716983 6.847087437820043032e-02
148.725293 6.846604285610531637e-02
148.733603 6.846121187975727496e-02
148.741912 6.845638144907342793e-02
148.750222 6.845155156397403351e-02
148.758532 6.844672222437921116e-02
148.766842 6.844189343020785909e-02
148.775152 6.843706518137895878e-02
148.783462 6.843223747781068678e-02
148.791771 6.842741031942317642e-02
148.800081 6.842258370613502061e-02
148.808391 6.841775763786765718e-02
148.816701 6.841293211453607082e-02
148.825011 6.840810713606464144e-02
148.833321 6.840328270236829822e-02
148.841631 6.839845881336956146e-02
148.849940 6.839363546898505342e-02
148.858250 6.838881266913485191e-02
148.866560 6.838399041373990905e-02
148.874870 6.837916870272006675e-02
148.883180 6.837434753598936599e-02
148.891490 6.836952691347367161e-02
148.899799 6.836470683508980017e-02
148.908109 6.835988730075570619e-02
148.916419 6.835506831039142583e-02
148.924729 6.835024986391806390e-02
148.933039 6.834543196125403286e-02
148.941349 6.834061460231964646e-02
148.949658 6.833579778703322005e-02
148.957968 6.833098151531342979e-02
148.966278 6.832616578708050614e-02
148.974588 6.832135060225612289e-02
148.982898 6.831653596075724921e-02
148.991208 6.831172186250493439e-02
148.999517 6.830690830741663333e-02
149.007827 6.830209529541300673e-02
149.016137 6.829728282641614467e-02
149.024447 6.829247090034190615e-02
149.032757 6.828765951711102122e-02
149.041067 6.828284867664399793e-02
149.049376 6.827803837886071980e-02
149.057686 6.827322862368045975e-02
149.065996 6.826841941102020084e-02
149.074306 6.826361074080458669e-02
149.082616 6.825880261294973994e-02
149.090926 6.825399502737650170e-02
149.099235 6.824918798400364528e-02
149.107545 6.824438148275129012e-02
149.115855 6.823957552354179001e-02
149.124165 6.823477010629021289e-02
149.132475 6.822996523092064725e-02
149.140785 6.822516089734893818e-02
149.149094 6.822035710549953502e-02
149.157404 6.821555385528813020e-02
149.165714 6.821075114663721628e-02
149.174024 6.820594897946397062e-02
149.182334 6.820114735369064984e-02
149.190644 6.819634626923651299e-02
149.198954 6.819154572602062481e-02
149.207263 6.818674572396372924e-02
149.215573 6.818194626298600125e-02
149.223883 6.817714734300582557e-02
149.232193 6.817234896394587518e-02
149.240503 6.816755112572371600e-02
149.248813 6.816275382826002260e-02
149.257122 6.815795707147360993e-02
149.265432 6.815316085528703993e-02
149.273742 6.814836517961785078e-02
149.282052 6.814357004438748033e-02
149.290362 6.813877544951575660e-02
149.298672 6.813398139492313210e-02
149.306981 6.812918788052774177e-02
149.315291 6.812439490625156469e-02
149.323601 6.811960247201492846e-02
149.331911 6.811481057773489944e-02
149.340221 6.811001922333551062e-02
149.348531 6.810522840873631245e-02
149.356840 6.810043813385462108e-02
149.365150 6.809564839861198537e-02
149.373460 6.809085920293084238e-02
149.381770 6.808607054672854986e-02
149.390080 6.808128242992524115e-02
149.398390 6.807649485244265941e-02
149.406699 6.807170781420116001e-02
149.415009 6.806692131512116772e-02
149.423319 6.806213535512078971e-02
149.431629 6.805734993412217160e-02
149.439939 6.805256505204283768e-02
149.448249 6.804778070880705687e-02
149.456558 6.804299690433356085e-02
149.464868 6.803821363854092863e-02
149.473178 6.803343091135245768e-02
149.481488 6.802864872268685192e-02
149.489798 6.802386707246359243e-02
149.498108 6.801908596060469991e-02
149.506418 6.801430538702864237e-02
149.514727 6.800952535165881441e-02
149.523037 6.800474585441458608e-02
149.531347 6.799996689521355109e-02
149.539657 6.799518847397963139e-02
149.547967 6.799041059063078152e-02
149.556277 6.798563324509090955e-02
149.564586 6.798085643727778959e-02
149.572896 6.797608016711134682e-02
149.581206 6.797130443451221415e-02
149.589516 6.796652923940252333e-02
149.597826 6.796175458170401751e-02
149.606136 6.795698046133356873e-02
149.614445 6.795220687821412753e-02
149.622755 6.794743383226536926e-02
149.631065 6.794266132340869013e-02
149.639375 6.793788935156344633e-02
149.647685 6.793311791665182509e-02
149.655995 6.792834701859276625e-02
149.664304 6.792357665730755500e-02
149.672614 6.791880683271707408e-02
149.680924 6.791403754474398258e-02
149.689234 6.790926879330452803e-02
149.697544 6.790450057832317365e-02
149.705854 6.789973289971791559e-02
149.714163 6.789496575741195417e-02
149.722473 6.789019915132733785e-02
149.730783 6.788543308137934273e-02
149.739093 6.788066754749255693e-02
149.747403 6.787590254958651703e-02
149.755713 6.787113808758311884e-02
149.764022 6.786637416140356427e-02
149.772332 6.786161077096482253e-02
149.780642 6.785684791619328582e-02
149.788952 6.785208559700682540e-02
149.797262 6.784732381332503337e-02
149.805572 6.784256256507102678e-02
149.813881 6.783780185216552183e-02
149.822191 6.783304167452688938e-02
149.830501 6.782828203208250695e-02
149.838811 6.782352292474437550e-02
149.847121 6.781876435244027501e-02
149.855431 6.781400631508699428e-02
149.863741 6.780924881260752546e-02
149.872050 6.780449184492504111e-02
149.880360 6.779973541195638553e-02
149.888670 6.779497951362320474e-02
149.896980 6.779022414984982314e-02
149.905290 6.778546932055429242e-02
149.913600 6.778071502565866102e-02
149.921909 6.777596126508353414e-02
149.930219 6.777120803874966959e-02
149.938529 6.776645534657844971e-02
149.946839 6.776170318849135399e-02
149.955149 6.775695156440882105e-02
149.963459 6.775220047425450920e-02
149.971768 6.774744991794742766e-02
149.980078 6.774269989540721015e-02
149.988388 6.773795040655816724e-02
149.996698 6.773320145131940528e-02
150.005008 6.772845302961220948e-02
150.013318 6.772370514135951647e-02
150.021627 6.771895778648109876e-02
150.029937 6.771421096489756153e-02
150.038247 6.770946467653224388e-02
150.046557 6.770471892130364155e-02
150.054867 6.769997369913474672e-02
150.063177 6.769522900994667802e-02
150.071486 6.769048485366314927e-02
150.079796 6.768574123020128230e-02
150.088106 6.768099813948451338e-02
150.096416 6.767625558143271214e-02
150.104726 6.767151355596932871e-02
150.113036 6.766677206301410785e-02
150.121345 6.766203110249045805e-02
150.129655 6.765729067431713872e-02
150.137965 6.765255077841823839e-02
150.146275 6.764781141471302994e-02
150.154585 6.764307258312350635e-02
150.162895 6.763833428357166055e-02
150.171204 6.763359651597791733e-02
150.179514 6.762885928026630966e-02
150.187824 6.762412257635491697e-02
150.196134 6.761938640416745305e-02
150.204444 6.761465076362585536e-02
150.212754 6.760991565464911923e-02
150.221064 6.760518107716045888e-02
150.229373 6.760044703107985498e-02
150.237683 6.759571351633200664e-02
150.245993 6.759098053283808805e-02
150.254303 6.758624808051609534e-02
150.262613 6.758151615929072764e-02
150.270923 6.757678476908339504e-02
150.279232 6.757205390981338433e-02
150.287542 6.756732358140679628e-02
150.295852 6.756259378378071112e-02
150.304162 6.755786451685839855e-02
150.312472 6.755313578056325319e-02
150.320782 6.754840757481403446e-02
150.329091 6.754367989953599660e-02
150.337401 6.753895275464806558e-02
150.345711 6.753422614007206781e-02
150.354021 6.752950005573205017e-02
150.362331 6.752477450154519001e-02
150.370641 6.752004947743829588e-02
150.378950 6.751532498333245869e-02
150.387260 6.751060101914607703e-02
150.395570 6.750587758480301737e-02
150.403880 6.750115468022677145e-02
150.412190 6.749643230533561300e-02
150.420500 6.749171046005592034e-02
150.428809 6.748698914430582840e-02
150.437119 6.748226835800798240e-02
150.445429 6.747754810108502754e-02
150.453739 6.747282837346044171e-02
150.462049 6.746810917505237370e-02
150.470359 6.746339050578456509e-02
150.478668 6.745867236557950841e-02
150.486978 6.745395475435930766e-02
150.495288 6.744923767204538678e-02
150.503598 6.744452111855969711e-02
150.511908 6.743980509382403732e-02
150.520218 6.743508959776117750e-02
150.528527 6.743037463029213918e-02
150.536837 6.742566019134028921e-02
150.545147 6.742094628082759278e-02
150.553457 6.741623289867423874e-02
150.561767 6.741152004480381599e-02
150.570077 6.740680771913765135e-02
150.578387 6.740209592160033292e-02
150.586696 6.739738465211078666e-02
150.595006 6.739267391059093615e-02
150.603316 6.738796369696545274e-02
150.611626 6.738325401115742574e-02
150.619936 6.737854485308564234e-02
150.628246 6.737383622267448247e-02
150.636555 6.736912811984291372e-02
150.644865 6.736442054451934058e-02
150.653175 6.735971349661967755e-02
150.661485 6.735500697606856824e-02
150.669795 6.735030098278789457e-02
150.678105 6.734559551670485367e-02
150.686414 6.734089057773433307e-02
150.694724 6.733618616580203109e-02
150.703034 6.733148228082956599e-02
150.711344 6.732677892274077647e-02
150.719654 6.732207609145658689e-02
150.727964 6.731737378690053064e-02
150.736273 6.731267200899145042e-02
150.744583 6.730797075765751480e-02
150.752893 6.730327003281676157e-02
150.761203 6.729856983439216900e-02
150.769513 6.729387016230735374e-02
150.777823 6.728917101648386467e-02
150.786132 6.728447239684506864e-02
150.794442 6.727977430331293085e-02
150.802752 6.727507673580909731e-02
150.811062 6.727037969425826713e-02
150.819372 6.726568317858025448e-02
150.827682 6.726098718869980009e-02
150.835991 6.725629172453721771e-02
150.844301 6.725159678601631830e-02
150.852611 6.724690237306038543e-02
150.860921 6.724220848559120389e-02
150.869231 6.723751512353244586e-02
150.877541 6.723282228680275974e-02
150.885851 6.722812997533061941e-02
150.894160 6.722343818903278589e-02
150.902470 6.721874692783577632e-02
150.910780 6.721405619166236078e-02
150.919090 6.720936598043283916e-02
150.927400 6.720467629407157750e-02
150.935710 6.719998713250031896e-02
150.944019 6.719529849564263857e-02
150.952329 6.719061038342258319e-02
150.960639 6.718592279575728854e-02
150.968949 6.718123573257656078e-02
150.977259 6.717654919379871525e-02
150.985569 6.717186317934724371e-02
150.993878 6.716717768914555464e-02
151.002188 6.716249272311705654e-02
151.010498 6.715780828118267376e-02
151.018808 6.715312436326749401e-02
151.027118 6.714844096929253880e-02
151.035428 6.714375809918111948e-02
151.043737 6.713907575285661677e-02
151.052047 6.713439393024038526e-02
151.060357 6.712971263125772081e-02
151.068667 6.712503185583085230e-02
151.076977 6.712035160387994082e-02
151.085287 6.711567187533253043e-02
151.093596 6.711099267010772751e-02
151.101906 6.710631398813038384e-02
151.110216 6.710163582932195114e-02
151.118526 6.709695819360712854e-02
151.126836 6.709228108090856124e-02
151.135146 6.708760449114772872e-02
151.143455 6.708292842424901092e-02
151.151765 6.707825288013481713e-02
151.160075 6.707357785873041545e-02
151.168385 6.706890335995571717e-02
151.176695 6.706422938373515774e-02
151.185005 6.705955592999075787e-02
151.193314 6.705488299864810486e-02
151.201624 6.705021058962755409e-02
151.209934 6.704553870285319406e-02
151.218244 6.704086733825009858e-02
151.226554 6.703619649573816508e-02
151.234864 6.703152617524242574e-02
151.243174 6.702685637668591434e-02
151.251483 6.702218709999201163e-02
151.259793 6.701751834508304362e-02
151.268103 6.701285011188221064e-02
151.276413 6.700818240031465589e-02
151.284723 6.700351521030160906e-02
151.293033 6.699884854176584026e-02
151.301342 6.699418239463146574e-02
151.309652 6.698951676882339279e-02
151.317962 6.698485166426396131e-02
151.326272 6.698018708087384587e-02
151.334582 6.697552301858071544e-02
151.342892 6.697085947730489763e-02
151.351201 6.696619645696977319e-02
151.359511 6.696153395750018000e-02
151.367821 6.695687197881756980e-02
151.376131 6.695221052084819602e-02
151.384441 6.694754958351313567e-02
151.392751 6.694288916673481193e-02
151.401060 6.693822927044082438e-02
151.409370 6.693356989455059858e-02
151.417680 6.692891103898920835e-02
151.425990 6.692425270367970136e-02
151.434300 6.691959488854615223e-02
151.442610 6.691493759351163639e-02
151.450919 6.691028081850057541e-02
151.459229 6.690562456343407405e-02
151.467539 6.690096882823720614e-02
151.475849 6.689631361283432387e-02
151.484159 6.689165891714762835e-02
151.492469 6.688700474110081950e-02
151.500778 6.688235108461754175e-02
151.509088 6.687769794762225828e-02
151.517398 6.687304533003730900e-02
151.525708 6.686839323178826733e-02
151.534018 6.686374165279831971e-02
151.542328 6.685909059298635049e-02
151.550637 6.685444005228276254e-02
151.558947 6.684979003060791125e-02
151.567257 6.684514052788599614e-02
151.575567 6.684049154404078652e-02
151.583877 6.683584307899462229e-02
151.592187 6.683119513267327116e-02
151.600497 6.682654770500047470e-02
151.608806 6.682190079589869769e-02
151.617116 6.681725440528997473e-02
151.625426 6.681260853310219683e-02
151.633736 6.680796317925655203e-02
151.642046 6.680331834367975175e-02
151.650356 6.679867402629040274e-02
151.658665 6.679403022701577153e-02
151.666975 6.678938694578012703e-02
151.675285 6.678474418250478217e-02
151.683595 6.678010193711800269e-02
151.691905 6.677546020953849248e-02
151.700215 6.677081899969310175e-02
151.708524 6.676617830750580795e-02
151.716834 6.676153813289807670e-02
151.725144 6.675689847579611980e-02
151.733454 6.675225933612570495e-02
151.741764 6.674762071380505035e-02
151.750074 6.674298260876269928e-02
151.758383 6.673834502092138021e-02
151.766693 6.673370795020502899e-02
151.775003 6.672907139653880271e-02
151.783313 6.672443535984505514e-02
151.791623 6.671979984004788866e-02
151.799933 6.671516483707219669e-02
151.808242 6.671053035084226202e-02
151.816552 6.670589638128054943e-02
151.824862 6.670126292831229931e-02
151.833172 6.669662999186135033e-02
151.841482 6.669199757185237387e-02
151.849792 6.668736566820879230e-02
151.858101 6.668273428085624843e-02
151.866411 6.667810340971654093e-02
151.874721 6.667347305471510444e-02
151.883031 6.666884321577554173e-02
151.891341 6.666421389282366217e-02
151.899651 6.665958508578107011e-02
151.907960 6.665495679457338063e-02
151.916270 6.665032901912491814e-02
151.924580 6.664570175936085361e-02
151.932890 6.664107501520327714e-02
151.941200 6.663644878657755399e-02
151.949510 6.663182307340863308e-02
151.957820 6.662719787561915963e-02
151.966129 6.662257319313576176e-02
151.974439 6.661794902588112632e-02
151.982749 6.661332537377737117e-02
151.991059 6.660870223675417756e-02
151.999369 6.660407961473098493e-02
152.007679 6.659945750763590633e-02
152.015988 6.659483591539087921e-02
152.024298 6.659021483791989493e-02
152.032608 6.658559427515067797e-02
152.040918 6.658097422700404167e-02
152.049228 6.657635469340551782e-02
152.057538 6.657173567428006922e-02
152.065847 6.656711716955303337e-02
152.074157 6.656249917914586200e-02
152.082467 6.655788170298621020e-02
152.090777 6.655326474099723666e-02
152.099087 6.654864829310248864e-02
152.107397 6.654403235922858040e-02
152.115706 6.653941693929964207e-02
152.124016 6.653480203323770825e-02
152.132326 6.653018764096939319e-02
152.140636 6.652557376242072829e-02
152.148946 6.652096039751423384e-02
152.157256 6.651634754617308243e-02
152.165565 6.651173520832608099e-02
152.173875 6.650712338389357103e-02
152.182185 6.650251207280374888e-02
152.190495 6.649790127497767767e-02
152.198805 6.649329099034247126e-02
152.207115 6.648868121882214877e-02
152.215424 6.648407196034251954e-02
152.223734 6.647946321482525733e-02
152.232044 6.647485498219975197e-02
152.240354 6.647024726238677517e-02
152.248664 6.646564005531245545e-02
152.256974 6.646103336090176950e-02
152.265283 6.645642717907786212e-02
152.273593 6.645182150976815250e-02
152.281903 6.644721635289535522e-02
152.290213 6.644261170838533515e-02
152.298523 6.643800757616244446e-02
152.306833 6.643340395615196514e-02
152.315143 6.642880084827755549e-02
152.323452 6.642419825246546894e-02
152.331762 6.641959616863939153e-02
152.340072 6.641499459672596528e-02
152.348382 6.641039353664758560e-02
152.356692 6.640579298833171329e-02
152.365002 6.640119295170050784e-02
152.373311 6.639659342668198516e-02
152.381621 6.639199441319930395e-02
152.389931 6.638739591117769068e-02
152.398241 6.638279792054224693e-02
152.406551 6.637820044121583996e-02
152.414861 6.637360347312744324e-02
152.423170 6.636900701619939669e-02
152.431480 6.636441107035792597e-02
152.439790 6.635981563552487139e-02
152.448100 6.635522071163112157e-02
152.456410 6.635062629859703187e-02
152.464720 6.634603239634881411e-02
152.473029 6.634143900481344336e-02
152.481339 6.633684612391256563e-02
152.489649 6.633225375357428011e-02
152.497959 6.632766189372246712e-02
152.506269 6.632307054428263071e-02
152.514579 6.631847970517928959e-02
152.522888 6.631388937633810043e-02
152.531198 6.630929955768488648e-02
152.539508 6.630471024914241784e-02
152.547818 6.630012145063877982e-02
152.556128 6.629553316209778335e-02
152.564438 6.629094538344464105e-02
152.572747 6.628635811460439897e-02
152.581057 6.628177135550307464e-02
152.589367 6.627718510606538105e-02
152.597677 6.627259936621715530e-02
152.605987 6.626801413588284673e-02
152.614297 6.626342941498791772e-02
152.622607 6.625884520345892703e-02
152.630916 6.625426150121926927e-02
152.639226 6.624967830819349091e-02
152.647536 6.624509562431227239e-02
152.655846 6.624051344949581643e-02
152.664156 6.623593178367011280e-02
152.672466 6.623135062676319129e-02
152.680775 6.622676997869744731e-02
152.689085 6.622218983940011960e-02
152.697395 6.621761020879557424e-02
152.705705 6.621303108681030059e-02
152.714015 6.620845247336884509e-02
152.722325 6.620387436839711426e-02
152.730634 6.619929677182134764e-02
152.738944 6.619471968356575864e-02
152.747254 6.619014310355562924e-02
152.755564 6.618556703171767086e-02
152.763874 6.618099146797570831e-02
152.772184 6.617641641225827098e-02
152.780493 6.617184186448966943e-02
152.788803 6.616726782459306233e-02
152.797113 6.616269429249586886e-02
152.805423 6.615812126812442573e-02
152.813733 6.615354875140450064e-02
152.822043 6.614897674225894697e-02
152.830352 6.614440524061555859e-02
152.838662 6.613983424640093589e-02
152.846972 6.613526375953891756e-02
152.855282 6.613069377995407783e-02
152.863592 6.612612430757509874e-02
152.871902 6.612155534232765086e-02
152.880211 6.611698688413492064e-02
152.888521 6.611241893292202354e-02
152.896831 6.610785148861826610e-02
152.905141 6.610328455114881929e-02
152.913451 6.609871812043538464e-02
152.921761 6.609415219640886463e-02
152.930070 6.608958677899220979e-02
152.938380 6.608502186810964740e-02
152.946690 6.608045746369108076e-02
152.955000 6.607589356565987670e-02
152.963310 6.607133017394338503e-02
152.971620 6.606676728846386237e-02
152.979930 6.606220490915226673e-02
152.988239 6.605764303593057718e-02
152.996549 6.605308166872589370e-02
153.004859 6.604852080746485832e-02
153.013169 6.604396045207226729e-02
153.021479 6.603940060247379118e-02
153.029789 6.603484125859705733e-02
153.038098 6.603028242036598772e-02
153.046408 6.602572408770999990e-02
153.054718 6.602116626054872761e-02
153.063028 6.601660893881568237e-02
153.071338 6.601205212243058118e-02
153.079648 6.600749581132343835e-02
153.087957 6.600294000541753747e-02
153.096267 6.599838470464196305e-02
153.104577 6.599382990891992928e-02
153.112887 6.598927561818046517e-02
153.121197 6.598472183234534161e-02
153.129507 6.598016855134328229e-02
153.137816 6.597561577510119291e-02
153.146126 6.597106350354485504e-02
153.154436 6.596651173659838496e-02
153.162746 6.596196047419060349e-02
153.171056 6.595740971624511340e-02
153.179366 6.595285946269033306e-02
153.187675 6.594830971344958770e-02
153.195985 6.594376046845243367e-02
153.204295 6.593921172762247374e-02
153.212605 6.593466349088748790e-02
153.220915 6.593011575817346592e-02
153.229225 6.592556852940659184e-02
153.237534 6.592102180451157867e-02
153.245844 6.591647558341696966e-02
153.254154 6.591192986604627047e-02
153.262464 6.590738465233021703e-02
153.270774 6.590283994219020558e-02
153.279084 6.589829573555651410e-02
153.287393 6.589375203235196821e-02
153.295703 6.588920883250487526e-02
153.304013 6.588466613594189114e-02
153.312323 6.588012394258918603e-02
153.320633 6.587558225237133414e-02
153.328943 6.587104106521780855e-02
153.337253 6.586650038105230920e-02
153.345562 6.586196019980208871e-02
153.353872 6.585742052139452463e-02
153.362182 6.585288134575478791e-02
153.370492 6.584834267281068632e-02
153.378802 6.584380450248632222e-02
153.387112 6.583926683471069685e-02
153.395421 6.583472966940868976e-02
153.403731 6.583019300650655437e-02
153.412041 6.582565684593283395e-02
153.420351 6.582112118761283825e-02
153.428661 6.581658603147248765e-02
153.436971 6.581205137744064460e-02
153.445280 6.580751722543862203e-02
153.453590 6.580298357539880738e-02
153.461900 6.579845042724508097e-02
153.470210 6.579391778090430687e-02
153.478520 6.578938563630386260e-02
153.486830 6.578485399336926609e-02
153.495139 6.578032285202775609e-02
153.503449 6.577579221220541950e-02
153.511759 6.577126207382968937e-02
153.520069 6.576673243682702730e-02
153.528379 6.576220330112383938e-02
153.536689 6.575767466664640681e-02
153.544998 6.575314653332409165e-02
153.553308 6.574861890107996931e-02
153.561618 6.574409176984112591e-02
153.569928 6.573956513953774228e-02
153.578238 6.573503901009361550e-02
153.586548 6.573051338143527655e-02
153.594857 6.572598825349219853e-02
153.603167 6.572146362618716542e-02
153.611477 6.571693949945131563e-02
153.619787 6.571241587320786337e-02
153.628097 6.570789274738579600e-02
153.636407 6.570337012191281023e-02
153.644716 6.569884799671150966e-02
153.653026 6.569432637171383760e-02
153.661336 6.568980524684395195e-02
153.669646 6.568528462202871676e-02
153.677956 6.568076449719630061e-02
153.686266 6.567624487227104180e-02
153.694576 6.567172574718396771e-02
153.702885 6.566720712185816766e-02
153.711195 6.566268899622296207e-02
153.719505 6.565817137020536765e-02
153.727815 6.565365424373013903e-02
153.736125 6.564913761672533377e-02
153.744435 6.564462148912085515e-02
153.752744 6.564010586083959820e-02
153.761054 6.563559073180885717e-02
153.769364 6.563107610195796637e-02
153.777674 6.562656197121294332e-02
153.785984 6.562204833950224803e-02
153.794294 6.561753520674942775e-02
153.802603 6.561302257288578743e-02
153.810913 6.560851043783606784e-02
153.819223 6.560399880152620322e-02
153.827533 6.559948766388747077e-02
153.835843 6.559497702484105852e-02
153.844153 6.559046688431986738e-02
153.852462 6.558595724224926260e-02
153.860772 6.558144809855294410e-02
153.869082 6.557693945316349360e-02
153.877392 6.557243130600447223e-02
153.885702 6.556792365700482572e-02
153.894012 6.556341650609032179e-02
153.902321 6.555890985318951758e-02
153.910631 6.555440369823091473e-02
153.918941 6.554989804113772744e-02
153.927251 6.554539288184094148e-02
153.935561 6.554088822026529759e-02
153.943871 6.553638405634078234e-02
153.952180 6.553188038999338549e-02
153.960490 6.552737722114998498e-02
153.968800 6.552287454973836078e-02
153.977110 6.551837237568385042e-02
153.985420 6.551387069891821680e-02
153.993730 6.550936951936522923e-02
154.002040 6.550486883695480489e-02
154.010349 6.550036865161007471e-02
154.018659 6.549586896326346774e-02
154.026969 6.549136977184029373e-02
154.035279 6.548687107726705592e-02
154.043589 6.548237287947197838e-02
154.051899 6.547787517838350724e-02
154.060208 6.547337797392857595e-02
154.068518 6.546888126603361835e-02
154.076828 6.546438505462690016e-02
154.085138 6.545988933963631240e-02
154.093448 6.545539412099016241e-02
154.101758 6.545089939861205297e-02
154.110067 6.544640517243387190e-02
154.118377 6.544191144238144242e-02
154.126687 6.543741820838233636e-02
154.134997 6.543292547036488882e-02
154.143307 6.542843322825617203e-02
154.151617 6.542394148198460435e-02
154.159926 6.541945023147506533e-02
154.168236 6.541495947665902644e-02
154.176546 6.541046921746138110e-02
154.184856 6.540597945380938194e-02
154.193166 6.540149018563293226e-02
154.201476 6.539700141285961776e-02
154.209785 6.539251313541540045e-02
154.218095 6.538802535322857379e-02
154.226405 6.538353806622816677e-02
154.234715 6.537905127433858710e-02
154.243025 6.537456497749273565e-02
154.251335 6.537007917561461767e-02
154.259644 6.536559386863248500e-02
154.267954 6.536110905647544989e-02
154.276264 6.535662473906980741e-02
154.284574 6.535214091634347633e-02
154.292884 6.534765758822501380e-02
154.301194 6.534317475464171410e-02
154.309503 6.533869241552296703e-02
154.317813 6.533421057079594196e-02
154.326123 6.532972922038646213e-02
154.334433 6.532524836422450021e-02
154.342743 6.532076800223625412e-02
154.351053 6.531628813435080838e-02
154.359363 6.531180876049795525e-02
154.367672 6.530732988060268529e-02
154.375982 6.530285149459279237e-02
154.384292 6.529837360239844346e-02
154.392602 6.529389620394790428e-02
154.400912 6.528941929916537434e-02
154.409222 6.528494288798336598e-02
154.417531 6.528046697032707790e-02
154.425841 6.527599154612383214e-02
154.434151 6.527151661530514182e-02
154.442461 6.526704217779605299e-02
154.450771 6.526256823352599712e-02
154.459081 6.525809478242178274e-02
154.467390 6.525362182441321601e-02
154.475700 6.524914935942760508e-02
154.484010 6.524467738739236911e-02
154.492320 6.524020590823692567e-02
154.500630 6.523573492188736167e-02
154.508940 6.523126442827346938e-02
154.517249 6.522679442732447208e-02
154.525559 6.522232491896554074e-02
154.533869 6.521785590312764724e-02
154.542179 6.521338737973637889e-02
154.550489 6.520891934872306839e-02
154.558799 6.520445181001306711e-02
154.567108 6.519998476353619510e-02
154.575418 6.519551820921895557e-02
154.583728 6.519105214699173756e-02
154.592038 6.518658657678294555e-02
154.600348 6.518212149851870807e-02
154.608658 6.517765691212891455e-02
154.616967 6.517319281754060945e-02
154.625277 6.516872921468432056e-02
154.633587 6.516426610348594051e-02
154.641897 6.515980348387553911e-02
154.650207 6.515534135578038288e-02
154.658517 6.515087971912944531e-02
154.666826 6.514641857384992352e-02
154.675136 6.514195791987183182e-02
154.683446 6.513749775712313062e-02
154.691756 6.513303808553040641e-02
154.700066 6.512857890502582459e-02
154.708376 6.512412021553390384e-02
154.716686 6.511966201698630996e-02
154.724995 6.511520430930879677e-02
154.733305 6.511074709243155900e-02
154.741615 6.510629036628201582e-02
154.749925 6.510183413078904358e-02
154.758235 6.509737838588362802e-02
154.766545 6.509292313148982989e-02
154.774854 6.508846836753810761e-02
154.783164 6.508401409395880854e-02
154.791474 6.507956031067776981e-02
154.799784 6.507510701762615757e-02
154.808094 6.507065421472971178e-02
154.816404 6.506620190191787778e-02
154.824713 6.506175007912105845e-02
154.833023 6.505729874626692277e-02
154.841333 6.505284790328148825e-02
154.849643 6.504839755009783619e-02
154.857953 6.504394768664024939e-02
154.866263 6.503949831284251692e-02
154.874572 6.503504942862919913e-02
154.882882 6.503060103392956093e-02
154.891192 6.502615312867489339e-02
154.899502 6.502170571278945155e-02
154.907812 6.501725878620413790e-02
154.916122 6.501281234885049332e-02
154.924431 6.500836640065385530e-02
154.932741 6.500392094154285039e-02
154.941051 6.499947597144896394e-02
154.949361 6.499503149029865756e-02
154.957671 6.499058749802090473e-02
154.965981 6.498614399454674673e-02
154.974290 6.498170097980099369e-02
154.982600 6.497725845371556119e-02
154.990910 6.497281641621956150e-02
154.999220 6.496837486723955335e-02
155.007530 6.496393380670520412e-02
155.015840 6.495949323454686120e-02
155.024149 6.495505315069320662e-02
155.032459 6.495061355507103507e-02
155.040769 6.494617444760981961e-02
155.049079 6.494173582824104562e-02
155.057389 6.493729769689196574e-02
155.065699 6.493286005349015177e-02
155.074009 6.492842289796697808e-02
155.082318 6.492398623024878135e-02
155.090628 6.491955005026706083e-02
155.098938 6.491511435795035978e-02
155.107248 6.491067915322620840e-02
155.115558 6.490624443602460714e-02
155.123868 6.490181020627530661e-02
155.132177 6.489737646390611459e-02
155.140487 6.489294320884658740e-02
155.148797 6.488851044102589283e-02
155.157107 6.488407816037278231e-02
155.165417 6.487964636681663178e-02
155.173727 6.487521506028660900e-02
155.182036 6.487078424071190952e-02
155.190346 6.486635390802097945e-02
155.198656 6.486192406214535966e-02
155.206966 6.485749470301038766e-02
155.215276 6.485306583054666063e-02
155.223586 6.484863744468670477e-02
155.231895 6.484420954535549675e-02
155.240205 6.483978213248384193e-02
155.248515 6.483535520600026969e-02
155.256825 6.483092876583365638e-02
155.265135 6.482650281191693065e-02
155.273445 6.482207734417491651e-02
155.281754 6.481765236253676787e-02
155.290064 6.481322786693678728e-02
155.298374 6.480880385729907711e-02
155.306684 6.480438033355559457e-02
155.314994 6.479995729563471640e-02
155.323304 6.479553474346418096e-02
155.331613 6.479111267697805487e-02
155.339923 6.478669109610174504e-02
155.348233 6.478227000076448860e-02
155.356543 6.477784939089865912e-02
155.364853 6.477342926642923326e-02
155.373163 6.476900962729169320e-02
155.381472 6.476459047340965558e-02
155.389782 6.476017180471405066e-02
155.398092 6.475575362113694666e-02
155.406402 6.475133592260516602e-02
155.414712 6.474691870904884794e-02
155.423022 6.474250198039754878e-02
155.431332 6.473808573658139387e-02
155.439641 6.473366997752863505e-02
155.447951 6.472925470316907848e-02
155.456261 6.472483991343297438e-02
155.464571 6.472042560824912971e-02
155.472881 6.471601178754793349e-02
155.481191 6.471159845125591670e-02
155.489500 6.470718559930897784e-02
155.497810 6.470277323163196870e-02
155.506120 6.469836134815533379e-02
155.514430 6.469394994880765803e-02
155.522740 6.468953903351962187e-02
155.531050 6.468512860222157268e-02
155.539359 6.468071865484106842e-02
155.547669 6.467630919131081568e-02
155.555979 6.467190021155724833e-02
155.564289 6.466749171551300357e-02
155.572599 6.466308370310558384e-02
155.580909 6.465867617426448999e-02
155.589218 6.465426912892228983e-02
155.597528 6.464986256700637479e-02
155.605838 6.464545648844709225e-02
155.614148 6.464105089317380426e-02
155.622458 6.463664578111594228e-02
155.630768 6.463224115220329857e-02
155.639077 6.462783700636842710e-02
155.647387 6.462343334353576330e-02
155.655697 6.461903016364012320e-02
155.664007 6.461462746660950884e-02
155.672317 6.461022525237375413e-02
155.680627 6.460582352086144398e-02
155.688936 6.460142227200377230e-02
155.697246 6.459702150573085055e-02
155.705556 6.459262122197281797e-02
155.713866 6.458822142065868965e-02
155.722176 6.458382210171689786e-02
155.730486 6.457942326507994102e-02
155.738796 6.457502491067805550e-02
155.747105 6.457062703843975682e-02
155.755415 6.456622964829582256e-02
155.763725 6.456183274017347762e-02
155.772035 6.455743631400499838e-02
155.780345 6.455304036972134285e-02
155.788655 6.454864490725177595e-02
155.796964 6.454424992652496584e-02
155.805274 6.453985542747106563e-02
155.813584 6.453546141002182435e-02
155.821894 6.453106787410732570e-02
155.830204 6.452667481965478069e-02
155.838514 6.452228224659750655e-02
155.846823 6.451789015486407430e-02
155.855133 6.451349854438412357e-02
155.863443 6.450910741508854296e-02
155.871753 6.450471676690877620e-02
155.880063 6.450032659977042448e-02
155.888373 6.449593691360977488e-02
155.896682 6.449154770835091588e-02
155.904992 6.448715898392826107e-02
155.913302 6.448277074027131128e-02
155.921612 6.447838297730910939e-02
155.929922 6.447399569497212768e-02
155.938232 6.446960889319193477e-02
155.946541 6.446522257189589433e-02
155.954851 6.446083673101751788e-02
155.963161 6.445645137048476581e-02
155.971471 6.445206649022802714e-02
155.979781 6.444768209017903704e-02
155.988091 6.444329817026708818e-02
155.996400 6.443891473042331897e-02
156.004710 6.443453177057577308e-02
156.013020 6.443014929065737917e-02
156.021330 6.442576729059829033e-02
156.029640 6.442138577032667512e-02
156.037950 6.441700472977485159e-02
156.046259 6.441262416887150177e-02
156.054569 6.440824408754808328e-02
156.062879 6.440386448573685862e-02
156.071189 6.439948536336514984e-02
156.079499 6.439510672036455330e-02
156.087809 6.439072855666512496e-02
156.096119 6.438635087219851671e-02
156.104428 6.438197366689285550e-02
156.112738 6.437759694068198590e-02
156.121048 6.437322069349209197e-02
156.129358 6.436884492525843382e-02
156.137668 6.436446963590801429e-02
156.145978 6.436009482537126403e-02
156.154287 6.435572049358175006e-02
156.162597 6.435134664046802955e-02
156.170907 6.434697326595957556e-02
156.179217 6.434260036998870613e-02
156.187527 6.433822795248428372e-02
156.195837 6.433385601337913984e-02
156.204146 6.432948455260259490e-02
156.212456 6.432511357008589836e-02
156.220766 6.432074306575645550e-02
156.229076 6.431637303955128893e-02
156.237386 6.431200349139616634e-02
156.245696 6.430763442122189311e-02
156.254005 6.430326582896056520e-02
156.262315 6.429889771454293246e-02
156.270625 6.429453007789953656e-02
156.278935 6.429016291895889301e-02
156.287245 6.428579623765397211e-02
156.295555 6.428143003391613430e-02
156.303864 6.427706430767470003e-02
156.312174 6.427269905885965584e-02
156.320484 6.426833428740416632e-02
156.328794 6.426396999323698289e-02
156.337104 6.425960617629002114e-02
156.345414 6.425524283649378110e-02
156.353723 6.425087997377694482e-02
156.362033 6.424651758807409241e-02
156.370343 6.424215567931494675e-02
156.378653 6.423779424742880051e-02
156.386963 6.423343329234670884e-02
156.395273 6.422907281400028201e-02
156.403582 6.422471281232068618e-02
156.411892 6.422035328723883774e-02
156.420202 6.421599423868445955e-02
156.428512 6.421163566658957822e-02
156.436822 6.420727757088397214e-02
156.445132 6.420291995150052833e-02
156.453442 6.419856280836691576e-02
156.461751 6.419420614142004600e-02
156.470061 6.418984995058321652e-02
156.478371 6.418549423579167357e-02
156.486681 6.418113899697786007e-02
156.494991 6.417678423406998622e-02
156.503301 6.417242994700027292e-02
156.511610 6.416807613569865121e-02
156.519920 6.416372280009770279e-02
156.528230 6.415936994012710892e-02
156.536540 6.415501755571868803e-02
156.544850 6.415066564680274586e-02
156.553160 6.414631421331208616e-02
156.561469 6.414196325517529385e-02
156.569779 6.413761277232465918e-02
156.578089 6.413326276469316634e-02
156.586399 6.412891323220856754e-02
156.594709 6.412456417480477677e-02
156.603019 6.412021559241266877e-02
156.611328 6.411586748496102273e-02
156.619638 6.411151985238316975e-02
156.627948 6.410717269460948498e-02
156.636258 6.410282601157227256e-02
156.644568 6.409847980320163008e-02
156.652878 6.409413406942794655e-02
156.661187 6.408978881018441431e-02
156.669497 6.408544402540246321e-02
156.677807 6.408109971501087243e-02
156.686117 6.407675587894355596e-02
156.694427 6.407241251712902930e-02
156.702737 6.406806962950159501e-02
156.711046 6.406372721599012943e-02
156.719356 6.405938527652667303e-02
156.727666 6.405504381104359934e-02
156.735976 6.405070281947262967e-02
156.744286 6.404636230174171052e-02
156.752596 6.404202225778521385e-02
156.760905 6.403768268753497195e-02
156.769215 6.403334359091832073e-02
156.777525 6.402900496787310158e-02
156.785835 6.402466681832481854e-02
156.794145 6.402032914220841253e-02
156.802455 6.401599193945319011e-02
156.810765 6.401165520999101133e-02
156.819074 6.400731895375559588e-02
156.827384 6.400298317067545928e-02
156.835694 6.399864786068265587e-02
156.844004 6.399431302371109964e-02
156.852314 6.398997865968979182e-02
156.860624 6.398564476855017613e-02
156.868933 6.398131135022525062e-02
156.877243 6.397697840464547370e-02
156.885553 6.397264593174312175e-02
156.893863 6.396831393144997158e-02
156.902173 6.396398240369613464e-02
156.910483 6.395965134841427591e-02
156.918792 6.395532076553551992e-02
156.927102 6.395099065499278146e-02
156.935412 6.394666101671610259e-02
156.943722 6.394233185063735725e-02
156.952032 6.393800315668848877e-02
156.960342 6.393367493480173192e-02
156.968651 6.392934718490854429e-02
156.976961 6.392501990694059166e-02
156.985271 6.392069310082655609e-02
156.993581 6.391636676650318261e-02
157.001891 6.391204090389916714e-02
157.010201 6.390771551294679997e-02
157.018510 6.390339059357896812e-02
157.026820 6.389906614572515853e-02
157.035130 6.389474216931936845e-02
157.043440 6.389041866429084893e-02
157.051750 6.388609563057412455e-02
157.060060 6.388177306810015332e-02
157.068369 6.387745097679828343e-02
157.076679 6.387312935660319213e-02
157.084989 6.386880820744648968e-02
157.093299 6.386448752925882877e-02
157.101609 6.386016732197388746e-02
157.109919 6.385584758552158291e-02
157.118229 6.385152831983312294e-02
157.126538 6.384720952484318479e-02
157.134848 6.384289120048197708e-02
157.143158 6.383857334668112393e-02
157.151468 6.383425596337430341e-02
157.159778 6.382993905049209882e-02
157.168088 6.382562260796596776e-02
157.176397 6.382130663572846418e-02
157.184707 6.381699113371244736e-02
157.193017 6.381267610184727934e-02
157.201327 6.380836154006838679e-02
157.209637 6.380404744830484032e-02
157.217947 6.379973382649044289e-02
157.226256 6.379542067455744314e-02
157.234566 6.379110799243681296e-02
157.242876 6.378679578006068995e-02
157.251186 6.378248403736160033e-02
157.259496 6.377817276427212578e-02
157.267806 6.377386196072194757e-02
157.276115 6.376955162664474375e-02
157.284425 6.376524176197331806e-02
157.292735 6.376093236663933628e-02
157.301045 6.375662344057422826e-02
157.309355 6.375231498371243533e-02
157.317665 6.374800699598183462e-02
157.325974 6.374369947731955977e-02
157.334284 6.373939242765229440e-02
157.342594 6.373508584691758849e-02
157.350904 6.373077973504494287e-02
157.359214 6.372647409196609269e-02
157.367524 6.372216891761585400e-02
157.375833 6.371786421192282557e-02
157.384143 6.371355997482219813e-02
157.392453 6.370925620624461050e-02
157.400763 6.370495290612249173e-02
157.409073 6.370065007439085214e-02
157.417383 6.369634771097572312e-02
157.425692 6.369204581581641711e-02
157.434002 6.368774438884140798e-02
157.442312 6.368344342998318031e-02
157.450622 6.367914293917460722e-02
157.458932 6.367484291634914473e-02
157.467242 6.367054336143715410e-02
157.475552 6.366624427437095335e-02
157.483861 6.366194565508598302e-02
157.492171 6.365764750351246559e-02
157.500481 6.365334981958098437e-02
157.508791 6.364905260322806235e-02
157.517101 6.364475585438246485e-02
157.525411 6.364045957297903566e-02
157.533720 6.363616375894860788e-02
157.542030 6.363186841222435997e-02
157.550340 6.362757353274010874e-02
157.558650 6.362327912042384237e-02
157.566960 6.361898517521291652e-02
157.575270 6.361469169703903859e-02
157.583579 6.361039868583337475e-02
157.591889 6.360610614152906184e-02
157.600199 6.360181406405802929e-02
157.608509 6.359752245335290044e-02
157.616819 6.359323130934659007e-02
157.625129 6.358894063197263746e-02
157.633438 6.358465042116168142e-02
157.641748 6.358036067684819104e-02
157.650058 6.357607139896231940e-02
157.658368 6.357178258743972910e-02
157.666678 6.356749424221085076e-02
157.674988 6.356320636321034778e-02
157.683297 6.355891895036881734e-02
157.691607 6.355463200361936849e-02
157.699917 6.355034552289547112e-02
157.708227 6.354605950812929061e-02
157.716537 6.354177395925400540e-02
157.724847 6.353748887620204455e-02
157.733156 6.353320425890386647e-02
157.741466 6.352892010729639660e-02
157.749776 6.352463642131149502e-02
157.758086 6.352035320087830172e-02
157.766396 6.351607044593360341e-02
157.774706 6.351178815640777520e-02
157.783015 6.350750633223394004e-02
157.791325 6.350322497334724703e-02
157.799635 6.349894407967747456e-02
157.807945 6.349466365115923050e-02
157.816255 6.349038368772520757e-02
157.824565 6.348610418930700217e-02
157.832875 6.348182515583816743e-02
157.841184 6.347754658725296428e-02
157.849494 6.347326848348219808e-02
157.857804 6.346899084445982442e-02
157.866114 6.346471367011906339e-02
157.874424 6.346043696039170567e-02
157.882734 6.345616071521115176e-02
157.891043 6.345188493451088541e-02
157.899353 6.344760961822405732e-02
157.907663 6.344333476628240265e-02
157.915973 6.343906037861965497e-02
157.924283 6.343478645516857639e-02
157.932593 6.343051299586198455e-02
157.940902 6.342624000063355749e-02
157.949212 6.342196746941664021e-02
157.957522 6.341769540214207967e-02
157.965832 6.341342379874601032e-02
157.974142 6.340915265915886279e-02
157.982452 6.340488198331442615e-02
157.990761 6.340061177114691970e-02
157.999071 6.339634202258834228e-02
158.007381 6.339207273757221928e-02
158.015691 6.338780391603192343e-02
158.024001 6.338353555789957849e-02
158.032311 6.337926766310969517e-02
158.040620 6.337500023159203799e-02
158.048930 6.337073326328380996e-02
158.057240 6.336646675811788421e-02
158.065550 6.336220071602552406e-02
158.073860 6.335793513694130963e-02
158.082170 6.335367002079660137e-02
158.090479 6.334940536752682594e-02
158.098789 6.334514117706351033e-02
158.107099 6.334087744934041586e-02
158.115409 6.333661418429174794e-02
158.123719 6.333235138184954705e-02
158.132029 6.332808904194732469e-02
158.140338 6.332382716451859239e-02
158.148648 6.331956574949638983e-02
158.156958 6.331530479681539425e-02
158.165268 6.331104430640756286e-02
158.173578 6.330678427820606025e-02
158.181888 6.330252471214453669e-02
158.190198 6.329826560815610126e-02
158.198507 6.329400696617414057e-02
158.206817 6.328974878613263799e-02
158.215127 6.328549106796461932e-02
158.223437 6.328123381160376260e-02
158.231747 6.327697701698382915e-02
158.240057 6.327272068403679006e-02
158.248366 6.326846481269743361e-02
158.256676 6.326420940289888273e-02
158.264986 6.325995445457355260e-02
158.273296 6.325569996765621761e-02
158.281606 6.325144594207951498e-02
158.289916 6.324719237777784442e-02
158.298225 6.324293927468349619e-02
158.306535 6.323868663273068957e-02
158.314845 6.323443445185228384e-02
158.323155 6.323018273198392769e-02
158.331465 6.322593147305691219e-02
158.339775 6.322168067500733013e-02
158.348084 6.321743033776305865e-02
158.356394 6.321318046126410406e-02
158.364704 6.320893104544270114e-02
158.373014 6.320468209022948869e-02
158.381324 6.320043359555960194e-02
158.389634 6.319618556136749610e-02
158.397943 6.319193798758451774e-02
158.406253 6.318769087414913277e-02
158.414563 6.318344422099050894e-02
158.422873 6.317919802804389251e-02
158.431183 6.317495229524118516e-02
158.439493 6.317070702251864622e-02
158.447802 6.316646220980967619e-02
158.456112 6.316221785704628777e-02
158.464422 6.315797396416410192e-02
158.472732 6.315373053109436807e-02
158.481042 6.314948755777473333e-02
158.489352 6.314524504413544792e-02
158.497661 6.314100299011109196e-02
158.505971 6.313676139563681455e-02
158.514281 6.313252026064386513e-02
158.522591 6.312827958506794790e-02
158.530901 6.312403936884221356e-02
158.539211 6.311979961190253285e-02
158.547521 6.311556031417971113e-02
158.555830 6.311132147561050731e-02
158.564140 6.310708309612515776e-02
158.572450 6.310284517566010221e-02
158.580760 6.309860771414815828e-02
158.589070 6.309437071152382281e-02
158.597380 6.309013416772232818e-02
158.605689 6.308589808267428545e-02
158.613999 6.308166245631727231e-02
158.622309 6.307742728858133086e-02
158.630619 6.307319257940297019e-02
158.638929 6.306895832871745045e-02
158.647239 6.306472453645509124e-02
158.655548 6.306049120255252660e-02
158.663858 6.305625832694262967e-02
158.672168 6.305202590956038300e-02
158.680478 6.304779395033896505e-02
158.688788 6.304356244921097141e-02
158.697098 6.303933140611396591e-02
158.705407 6.303510082097960043e-02
158.713717 6.303087069374239959e-02
158.722027 6.302664102433598592e-02
158.730337 6.302241181269414849e-02
158.738647 6.301818305875415971e-02
158.746957 6.301395476244670002e-02
158.755266 6.300972692370691852e-02
158.763576 6.300549954246799367e-02
158.771886 6.300127261866603212e-02
158.780196 6.299704615223293558e-02
158.788506 6.299282014310544908e-02
158.796816 6.298859459121555759e-02
158.805125 6.298436949649775796e-02
158.813435 6.298014485888797642e-02
158.821745 6.297592067831696283e-02
158.830055 6.297169695472445983e-02
158.838365 6.296747368803941314e-02
158.846675 6.296325087819924782e-02
158.854985 6.295902852513435288e-02
158.863294 6.295480662878283340e-02
158.871604 6.295058518907888090e-02
158.879914 6.294636420595460524e-02
158.888224 6.294214367934503063e-02
158.896534 6.293792360918701312e-02
158.904844 6.293370399540912374e-02
158.913153 6.292948483795131331e-02
158.921463 6.292526613674531699e-02
158.929773 6.292104789172744961e-02
158.938083 6.291683010282805855e-02
158.946393 6.291261276998515173e-02
158.954703 6.290839589313260150e-02
158.963012 6.290417947220268424e-02
158.971322 6.289996350713267237e-02
158.979632 6.289574799785457859e-02
158.987942 6.289153294430528673e-02
158.996252 6.288731834641542173e-02
159.004562 6.288310420412480950e-02
159.012871 6.287889051736364476e-02
159.021181 6.287467728606656314e-02
159.029491 6.287046451017024029e-02
159.037801 6.286625218960789629e-02
159.046111 6.286204032431370881e-02
159.054421 6.285782891422365959e-02
159.062730 6.285361795927191242e-02
159.071040 6.284940745939052165e-02
159.079350 6.284519741451738417e-02
159.087660 6.284098782458558130e-02
159.095970 6.283677868952927681e-02
159.104280 6.283257000928343938e-02
159.112589 6.282836178378246872e-02
159.120899 6.282415401296106983e-02
159.129209 6.281994669675446119e-02
159.137519 6.281573983509725068e-02
159.145829 6.281153342792324124e-02
159.154139 6.280732747516727665e-02
159.162448 6.280312197676472807e-02
159.170758 6.279891693264925967e-02
159.179068 6.279471234275588176e-02
159.187378 6.279050820702070101e-02
159.195688 6.278630452537566076e-02
159.203998 6.278210129775682602e-02
159.212308 6.277789852410074756e-02
159.220617 6.277369620433952135e-02
159.228927 6.276949433840919856e-02
159.237237 6.276529292624441481e-02
159.245547 6.276109196777973631e-02
159.253857 6.275689146294964604e-02
159.262167 6.275269141168805798e-02
159.270476 6.274849181393302167e-02
159.278786 6.274429266961607798e-02
159.287096 6.274009397867326421e-02
159.295406 6.273589574104011801e-02
159.303716 6.273169795664947090e-02
159.312026 6.272750062543885896e-02
159.320335 6.272330374734130798e-02
159.328645 6.271910732229173113e-02
159.336955 6.271491135022577712e-02
159.345265 6.271071583107874770e-02
159.353575 6.270652076478366865e-02
159.361885 6.270232615127761810e-02
159.370194 6.269813199049455166e-02
159.378504 6.269393828236843880e-02
159.386814 6.268974502683616334e-02
159.395124 6.268555222383090375e-02
159.403434 6.268135987328915526e-02
159.411744 6.267716797514592819e-02
159.420053 6.267297652933417895e-02
159.428363 6.266878553579124933e-02
159.436673 6.266459499444973491e-02
159.444983 6.266040490524679707e-02
159.453293 6.265621526811725184e-02
159.461603 6.265202608299590137e-02
159.469912 6.264783734981810293e-02
159.478222 6.264364906851699333e-02
159.486532 6.263946123902996987e-02
159.494842 6.263527386129040531e-02
159.503152 6.263108693523568304e-02
159.511462 6.262690046079985584e-02
159.519771 6.262271443791678216e-02
159.528081 6.261852886652280459e-02
159.536391 6.261434374655190649e-02
159.544701 6.261015907794033331e-02
159.553011 6.260597486062446926e-02
159.561321 6.260179109453750668e-02
159.569631 6.259760777961570488e-02
159.577940 6.259342491579239498e-02
159.586250 6.258924250300547387e-02
159.594560 6.258506054118878614e-02
159.602870 6.258087903027768906e-02
159.611180 6.257669797020765090e-02
159.619490 6.257251736091380689e-02
159.627799 6.256833720233136165e-02
159.636109 6.256415749439575569e-02
159.644419 6.255997823704194383e-02
159.652729 6.255579943020554701e-02
159.661039 6.255162107382143677e-02
159.669349 6.254744316782681612e-02
159.677658 6.254326571215389208e-02
159.685968 6.253908870674017295e-02
159.694278 6.253491215152105764e-02
159.702588 6.253073604643022421e-02
159.710898 6.252656039140537525e-02
159.719208 6.252238518638081333e-02
159.727517 6.251821043129031363e-02
159.735827 6.251403612607286941e-02
159.744137 6.250986227066081258e-02
159.752447 6.250568886499076326e-02
159.760757 6.250151590899857834e-02
159.769067 6.249734340261871995e-02
159.777376 6.249317134578613597e-02
159.785686 6.248899973843855676e-02
159.793996 6.248482858051152000e-02
159.802306 6.248065787193741311e-02
159.810616 6.247648761265401501e-02
159.818926 6.247231780259608624e-02
159.827235 6.246814844170050368e-02
159.835545 6.246397952990068864e-02
159.843855 6.245981106713421882e-02
159.852165 6.245564305333643068e-02
159.860475 6.245147548844032226e-02
159.868785 6.244730837238621213e-02
159.877094 6.244314170510485013e-02
159.885404 6.243897548653451479e-02
159.893714 6.243480971661039686e-02
159.902024 6.243064439526751358e-02
159.910334 6.242647952244278348e-02
159.918644 6.242231509806941275e-02
159.926954 6.241815112208668609e-02
159.935263 6.241398759442706723e-02
159.943573 6.240982451502912615e-02
159.951883 6.240566188382449392e-02
159.960193 6.240149970075396096e-02
159.968503 6.239733796574987307e-02
159.976813 6.239317667874778178e-02
159.985122 6.238901583968444603e-02
159.993432 6.238485544849645820e-02
160.001742 6.238069550511767675e-02
160.010052 6.237653600948489530e-02
160.018362 6.237237696153530991e-02
160.026672 6.236821836120220314e-02
160.034981 6.236406020842422820e-02
160.043291 6.235990250313349498e-02
160.051601 6.235574524526812934e-02
160.059911 6.235158843476375223e-02
160.068221 6.234743207155673400e-02
160.076531 6.234327615558098862e-02
160.084840 6.233912068677594648e-02
160.093150 6.233496566507402969e-02
160.101460 6.233081109041169188e-02
160.109770 6.232665696272599726e-02
160.118080 6.232250328195248351e-02
160.126390 6.231835004802652872e-02
160.134699 6.231419726088571059e-02
160.143009 6.231004492046415821e-02
160.151319 6.230589302669820029e-02
160.159629 6.230174157952454023e-02
160.167939 6.229759057887845897e-02
160.176249 6.229344002469756197e-02
160.184558 6.228928991691473627e-02
160.192868 6.228514025546862121e-02
160.201178 6.228099104029400507e-02
160.209488 6.227684227132855577e-02
160.217798 6.227269394850563217e-02
160.226108 6.226854607176401935e-02
160.234418 6.226439864103704841e-02
160.242727 6.226025165626294933e-02
160.251037 6.225610511737750957e-02
160.259347 6.225195902431700234e-02
160.267657 6.224781337701600775e-02
160.275967 6.224366817541199248e-02
160.284277 6.223952341944066075e-02
160.292586 6.223537910903864656e-02
160.300896 6.223123524414083535e-02
160.309206 6.222709182468497136e-02
160.317516 6.222294885060688369e-02
160.325826 6.221880632184161736e-02
160.334136 6.221466423832657661e-02
160.342445 6.221052259999663298e-02
160.350755 6.220638140679029399e-02
160.359065 6.220224065864195934e-02
160.367375 6.219810035548876959e-02
160.375685 6.219396049726628323e-02
160.383995 6.218982108391114816e-02
160.392304 6.218568211535929757e-02
160.400614 6.218154359154674099e-02
160.408924 6.217740551241069530e-02
160.417234 6.217326787788812065e-02
160.425544 6.216913068791361102e-02
160.433854 6.216499394242399473e-02
160.442163 6.216085764135600294e-02
160.450473 6.215672178464542313e-02
160.458783 6.215258637222985383e-02
160.467093 6.214845140404465229e-02
160.475403 6.214431688002592519e-02
160.483713 6.214018280011020939e-02
160.492022 6.213604916423450669e-02
160.500332 6.213191597233571478e-02
160.508642 6.212778322434835132e-02
160.516952 6.212365092020966095e-02
160.525262 6.211951905985788752e-02
160.533572 6.211538764322672296e-02
160.541881 6.211125667025451519e-02
160.550191 6.210712614087652433e-02
160.558501 6.210299605503167425e-02
160.566811 6.209886641265312951e-02
160.575121 6.209473721367907151e-02
160.583431 6.209060845804554446e-02
160.591741 6.208648014569038975e-02
160.600050 6.208235227654789606e-02
160.608360 6.207822485055779216e-02
160.616670 6.207409786765223647e-02
160.624980 6.206997132777253290e-02
160.633290 6.206584523085282440e-02
160.641600 6.206171957682956458e-02
160.649909 6.205759436564008136e-02
160.658219 6.205346959722082140e-02
160.666529 6.204934527150777340e-02
160.674839 6.204522138843703710e-02
160.683149 6.204109794794826493e-02
160.691459 6.203697494997555822e-02
160.699768 6.203285239445552324e-02
160.708078 6.202873028132629973e-02
160.716388 6.202460861052341151e-02
160.724698 6.202048738198367994e-02
160.733008 6.201636659564509907e-02
160.741318 6.201224625144277636e-02
160.749627 6.200812634931282541e-02
160.757937 6.200400688919578684e-02
160.766247 6.199988787102451299e-02
160.774557 6.199576929473714360e-02
160.782867 6.199165116026996575e-02
160.791177 6.198753346756150778e-02
160.799486 6.198341621654646777e-02
160.807796 6.197929940716345731e-02
160.816106 6.197518303934691081e-02
160.824416 6.197106711303506515e-02
160.832726 6.196695162816668462e-02
160.841036 6.196283658467563460e-02
160.849345 6.195872198250004098e-02
160.857655 6.195460782157729412e-02
160.865965 6.195049410184162025e-02
160.874275 6.194638082323308814e-02
160.882585 6.194226798568814446e-02
160.890895 6.193815558914216729e-02
160.899204 6.193404363353315761e-02
160.907514 6.192993211879822824e-02
160.915824 6.192582104487436706e-02
160.924134 6.192171041169641094e-02
160.932444 6.191760021920387352e-02
160.940754 6.191349046733341660e-02
160.949064 6.190938115602031416e-02
160.957373 6.190527228520458641e-02
160.965683 6.190116385482085509e-02
160.973993 6.189705586480587218e-02
160.982303 6.189294831509864481e-02
160.990613 6.188884120563414859e-02
160.998923 6.188473453635056493e-02
161.007232 6.188062830718586704e-02
161.015542 6.187652251807448239e-02
161.023852 6.187241716895561933e-02
161.032162 6.186831225976680004e-02
161.040472 6.186420779044335405e-02
161.048782 6.186010376092278967e-02
161.057091 6.185600017114314952e-02
161.065401 6.185189702104136600e-02
161.073711 6.184779431055453108e-02
161.082021 6.184369203961893879e-02
161.090331 6.183959020817335339e-02
161.098641 6.183548881615356929e-02
161.106950 6.183138786349712951e-02
161.115260 6.182728735013996724e-02
161.123570 6.182318727602424679e-02
161.131880 6.181908764108062782e-02
161.140190 6.181498844525045583e-02
161.148500 6.181088968846937259e-02
161.156809 6.180679137067608686e-02
161.165119 6.180269349180561589e-02
161.173429 6.179859605179888887e-02
161.181739 6.179449905058907039e-02
161.190049 6.179040248811554920e-02
161.198359 6.178630636431515361e-02
161.206668 6.178221067912752218e-02
161.214978 6.177811543248554887e-02
161.223288 6.177402062432945512e-02
161.231598 6.176992625459621494e-02
161.239908 6.176583232322342687e-02
161.248218 6.176173883014691307e-02
161.256527 6.175764577530620802e-02
161.264837 6.175355315863859107e-02
161.273147 6.174946098007921130e-02
161.281457 6.174536923956772810e-02
161.289767 6.174127793704073386e-02
161.298077 6.173718707243511239e-02
161.306387 6.173309664569025246e-02
161.314696 6.172900665674093540e-02
161.323006 6.172491710552635569e-02
161.331316 6.172082799198250896e-02
161.339626 6.171673931604900604e-02
161.347936 6.171265107766225194e-02
161.356246 6.170856327676028236e-02
161.364555 6.170447591328009906e-02
161.372865 6.170038898715839853e-02
161.381175 6.169630249833499974e-02
161.389485 6.169221644674482974e-02
161.397795 6.168813083232734668e-02
161.406105 6.168404565501969805e-02
161.414414 6.167996091475813625e-02
161.422724 6.167587661148309780e-02
161.431034 6.167179274512969711e-02
161.439344 6.166770931563544250e-02
161.447654 6.166362632293979906e-02
161.455964 6.165954376697949796e-02
161.464273 6.165546164769240833e-02
161.472583 6.165137996501501849e-02
161.480893 6.164729871888659229e-02
161.489203 6.164321790924443684e-02
161.497513 6.163913753602573431e-02
161.505823 6.163505759916963062e-02
161.514132 6.163097809861035892e-02
161.522442 6.162689903428946597e-02
161.530752 6.162282040614220496e-02
161.539062 6.161874221410850588e-02
161.547372 6.161466445812255333e-02
161.555682 6.161058713812783000e-02
161.563991 6.160651025405675107e-02
161.572301 6.160243380584873307e-02
161.580611 6.159835779344391415e-02
161.588921 6.159428221677626381e-02
161.597231 6.159020707578514303e-02
161.605541 6.158613237040846261e-02
161.613850 6.158205810058577090e-02
161.622160 6.157798426625325783e-02
161.630470 6.157391086734869540e-02
161.638780 6.156983790381086868e-02
161.647090 6.156576537557696682e-02
161.655400 6.156169328258445650e-02
161.663710 6.155762162477193544e-02
161.672019 6.155355040207678707e-02
161.680329 6.154947961443660992e-02
161.688639 6.154540926179151439e-02
161.696949 6.154133934407673284e-02
161.705259 6.153726986123225773e-02
161.713569 6.153320081319458429e-02
161.721878 6.152913219990283067e-02
161.730188 6.152506402129410273e-02
161.738498 6.152099627730740067e-02
161.746808 6.151692896787927523e-02
161.755118 6.151286209294942048e-02
161.763428 6.150879565245413738e-02
161.771737 6.150472964633280776e-02
161.780047 6.150066407452271788e-02
161.788357 6.149659893696313856e-02
161.796667 6.149253423359080789e-02
161.804977 6.148846996434382400e-02
161.813287 6.148440612916053483e-02
161.821596 6.148034272797933686e-02
161.829906 6.147627976073873068e-02
161.838216 6.147221722737621769e-02
161.846526 6.146815512783049273e-02
161.854836 6.146409346203758617e-02
161.863146 6.146003222993963455e-02
161.871455 6.145597143147132901e-02
161.879765 6.145191106657189178e-02
161.888075 6.144785113517942793e-02
161.896385 6.144379163723279885e-02
161.904695 6.143973257267007493e-02
161.913005 6.143567394142782079e-02
161.921314 6.143161574344682685e-02
161.929624 6.142755797866399775e-02
161.937934 6.142350064701775081e-02
161.946244 6.141944374844557353e-02
161.954554 6.141538728288561955e-02
161.962864 6.141133125027954665e-02
161.971174 6.140727565056114390e-02
161.979483 6.140322048367100743e-02
161.987793 6.139916574954727008e-02
161.996103 6.139511144812757892e-02
162.004413 6.139105757935179458e-02
162.012723 6.138700414315684251e-02
162.021033 6.138295113948115389e-02
162.029342 6.137889856826358320e-02
162.037652 6.137484642944242980e-02
162.045962 6.137079472295547955e-02
162.054272 6.136674344874278736e-02
162.062582 6.136269260674012682e-02
162.070892 6.135864219688822591e-02
162.079201 6.135459221912509947e-02
162.087511 6.135054267338774237e-02
162.095821 6.134649355961679235e-02
162.104131 6.134244487774877935e-02
162.112441 6.133839662772254397e-02
162.120751 6.133434880947748885e-02
162.129060 6.133030142295236437e-02
162.137370 6.132625446808276370e-02
162.145680 6.132220794481151038e-02
162.153990 6.131816185307301798e-02
162.162300 6.131411619280902059e-02
162.170610 6.131007096395688777e-02
162.178919 6.130602616645366987e-02
162.187229 6.130198180024064303e-02
162.195539 6.129793786525413596e-02
162.203849 6.129389436143407865e-02
162.212159 6.128985128871847904e-02
162.220469 6.128580864704587239e-02
162.228778 6.128176643635540460e-02
162.237088 6.127772465658543749e-02
162.245398 6.127368330767499899e-02
162.253708 6.126964238956094516e-02
162.262018 6.126560190218346275e-02
162.270328 6.126156184548144090e-02
162.278637 6.125752221939332470e-02
162.286947 6.125348302385692778e-02
162.295257 6.124944425881243687e-02
162.303567 6.124540592419745744e-02
162.311877 6.124136801995237744e-02
162.320187 6.123733054601219333e-02
162.328497 6.123329350231858370e-02
162.336806 6.122925688881031975e-02
162.345116 6.122522070542502082e-02
162.353426 6.122118495210243649e-02
162.361736 6.121714962878006122e-02
162.370046 6.121311473539832460e-02
162.378356 6.120908027189455453e-02
162.386665 6.120504623820905571e-02
162.394975 6.120101263427923238e-02
162.403285 6.119697946004484801e-02
162.411595 6.119294671544392439e-02
162.419905 6.118891440041625968e-02
162.428215 6.118488251489968138e-02
162.436524 6.118085105883420971e-02
162.444834 6.117682003215809544e-02
162.453144 6.117278943480940895e-02
162.461454 6.116875926672806635e-02
162.469764 6.116472952785378253e-02
162.478074 6.116070021812269192e-02
162.486383 6.115667133747822864e-02
162.494693 6.115264288585516017e-02
162.503003 6.114861486319438100e-02
162.511313 6.114458726943338557e-02
162.519623 6.114056010451231898e-02
162.527933 6.113653336837020225e-02
162.536242 6.113250706094622289e-02
162.544552 6.112848118218022764e-02
162.552862 6.112445573200801785e-02
162.561172 6.112043071037039088e-02
162.569482 6.111640611720863675e-02
162.577792 6.111238195245917437e-02
162.586101 6.110835821606026147e-02
162.594411 6.110433490795436767e-02
162.602721 6.110031202807721107e-02
162.611031 6.109628957637091434e-02
162.619341 6.109226755277163273e-02
162.627651 6.108824595721938644e-02
162.635960 6.108422478965337687e-02
162.644270 6.108020405001425568e-02
162.652580 6.107618373823918423e-02
162.660890 6.107216385426748884e-02
162.669200 6.106814439804050809e-02
162.677510 6.106412536949477193e-02
162.685820 6.106010676857021036e-02
162.694129 6.105608859520824522e-02
162.702439 6.105207084934363010e-02
162.710749 6.104805353091895953e-02
162.719059 6.104403663987278267e-02
162.727369 6.104002017614355152e-02
162.735679 6.103600413967291000e-02
162.743988 6.103198853039669414e-02
162.752298 6.102797334825538211e-02
162.760608 6.102395859318870963e-02
162.768918 6.101994426513719649e-02
162.777228 6.101593036403928083e-02
162.785538 6.101191688983156891e-02
162.793847 6.100790384245596831e-02
162.802157 6.100389122185192331e-02
162.810467 6.099987902795811490e-02
162.818777 6.099586726071408449e-02
162.827087 6.099185592006001189e-02
162.835397 6.098784500593391195e-02
162.843706 6.098383451827560364e-02
162.852016 6.097982445702429533e-02
162.860326 6.097581482211860554e-02
162.868636 6.097180561350042799e-02
162.876946 6.096779683110811060e-02
162.885256 6.096378847487813474e-02
162.893565 6.095978054475460761e-02
162.901875 6.095577304067493346e-02
162.910185 6.095176596257818186e-02
162.918495 6.094775931040335992e-02
162.926805 6.094375308409002295e-02
162.935115 6.093974728358058507e-02
162.943424 6.093574190881097946e-02
162.951734 6.093173695972136511e-02
162.960044 6.092773243625329571e-02
162.968354 6.092372833834472368e-02
162.976664 6.091972466593431612e-02
162.984974 6.091572141896416104e-02
162.993283 6.091171859737174593e-02
163.001593 6.090771620109618895e-02
163.009903 6.090371423007893970e-02
163.018213 6.089971268425922735e-02
163.026523 6.089571156357585086e-02
163.034833 6.089171086796967697e-02
163.043143 6.088771059737696500e-02
163.051452 6.088371075174167646e-02
163.059762 6.087971133100109761e-02
163.068072 6.087571233509475599e-02
163.076382 6.087171376396346284e-02
163.084692 6.086771561754644733e-02
163.093002 6.086371789578393088e-02
163.101311 6.085972059861466388e-02
163.109621 6.085572372597788243e-02
163.117931 6.085172727781386348e-02
163.126241 6.084773125406307132e-02
163.134551 6.084373565466491551e-02
163.142861 6.083974047955906239e-02
163.151170 6.083574572868463703e-02
163.159480 6.083175140198115310e-02
163.167790 6.082775749939001858e-02
163.176100 6.082376402085067080e-02
163.184410 6.081977096630189483e-02
163.192720 6.081577833568367619e-02
163.201029 6.081178612893557017e-02
163.209339 6.080779434599750677e-02
163.217649 6.080380298681156009e-02
163.225959 6.079981205131360089e-02
163.234269 6.079582153944790984e-02
163.242579 6.079183145115110709e-02
163.250888 6.078784178636385815e-02
163.259198 6.078385254502722407e-02
163.267508 6.077986372707815110e-02
163.275818 6.077587533245875501e-02
163.284128 6.077188736110861883e-02
163.292438 6.076789981297048282e-02
163.300747 6.076391268797948914e-02
163.309057 6.075992598607740658e-02
163.317367 6.075593970720451209e-02
163.325677 6.075195385130027076e-02
163.333987 6.074796841830700650e-02
163.342297 6.074398340815935493e-02
163.350607 6.073999882080328983e-02
163.358916 6.073601465617499418e-02
163.367226 6.073203091421690292e-02
163.375536 6.072804759486740561e-02
163.383846 6.072406469806741064e-02
163.392156 6.072008222375530062e-02
163.400466 6.071610017187457214e-02
163.408775 6.071211854236056860e-02
163.417085 6.070813733515665472e-02
163.425395 6.070415655020245521e-02
163.433705 6.070017618743834414e-02
163.442015 6.069619624680301639e-02
163.450325 6.069221672823807423e-02
163.458634 6.068823763168258723e-02
163.466944 6.068425895707681844e-02
163.475254 6.068028070436181504e-02
163.483564 6.067630287347688250e-02
163.491874 6.067232546436210350e-02
163.500184 6.066834847695848354e-02
163.508493 6.066437191120548772e-02
163.516803 6.066039576704405911e-02
163.525113 6.065642004441274687e-02
163.533423 6.065244474325442309e-02
163.541733 6.064846986350617281e-02
163.550043 6.064449540511063913e-02
163.558352 6.064052136800785614e-02
163.566662 6.063654775213639381e-02
163.574972 6.063257455743704949e-02
163.583282 6.062860178385268833e-02
163.591592 6.062462943132140153e-02
163.599902 6.062065749978252926e-02
163.608211 6.061668598917686196e-02
163.616521 6.061271489944720925e-02
163.624831 6.060874423053224519e-02
163.633141 6.060477398237056057e-02
163.641451 6.060080415490463890e-02
163.649761 6.059683474807561754e-02
163.658070 6.059286576182026929e-02
163.666380 6.058889719608265972e-02
163.674690 6.058492905080131025e-02
163.683000 6.058096132591782312e-02
163.691310 6.057699402137042138e-02
163.699620 6.057302713710262937e-02
163.707930 6.056906067305176805e-02
163.716239 6.056509462916059156e-02
163.724549 6.056112900536817639e-02
163.732859 6.055716380161629137e-02
163.741169 6.055319901784311787e-02
163.749479 6.054923465399216637e-02
163.757789 6.054527071000080640e-02
163.766098 6.054130718581258314e-02
163.774408 6.053734408136535183e-02
163.782718 6.053338139660160988e-02
163.791028 6.052941913146107217e-02
163.799338 6.052545728588392543e-02
163.807648 6.052149585981064089e-02
163.815957 6.051753485318356329e-02
163.824267 6.051357426594081851e-02
163.832577 6.050961409802400881e-02
163.840887 6.050565434937328624e-02
163.849197 6.050169501993189064e-02
163.857507 6.049773610963734422e-02
163.865816 6.049377761843031942e-02
163.874126 6.048981954625319568e-02
163.882436 6.048586189304482746e-02
163.890746 6.048190465874823951e-02
163.899056 6.047794784330146750e-02
163.907366 6.047399144664703657e-02
163.915675 6.047003546872523755e-02
163.923985 6.046607990947527878e-02
163.932295 6.046212476884029602e-02
163.940605 6.045817004675860945e-02
163.948915 6.045421574317307034e-02
163.957225 6.045026185802317847e-02
163.965534 6.044630839125090388e-02
163.973844 6.044235534279396305e-02
163.982154 6.043840271259678237e-02
163.990464 6.043445050059797347e-02
163.998774 6.043049870673824348e-02
164.007084 6.042654733095925018e-02
164.015393 6.042259637320104848e-02
164.023703 6.041864583340701700e-02
164.032013 6.041469571151399792e-02
164.040323 6.041074600746533518e-02
164.048633 6.040679672120095878e-02
164.056943 6.040284785266299833e-02
164.065253 6.039889940178972544e-02
164.073562 6.039495136852384566e-02
164.081872 6.039100375280757882e-02
164.090182 6.038705655457917570e-02
164.098492 6.038310977378096717e-02
164.106802 6.037916341035333423e-02
164.115112 6.037521746423700486e-02
164.123421 6.037127193537392827e-02
164.131731 6.036732682370418018e-02
164.140041 6.036338212916855794e-02
164.148351 6.035943785170805320e-02
164.156661 6.035549399126437925e-02
164.164971 6.035155054777845141e-02
164.173280 6.034760752119121274e-02
164.181590 6.034366491144173283e-02
164.189900 6.033972271847377195e-02
164.198210 6.033578094222687843e-02
164.206520 6.033183958264272395e-02
164.214830 6.032789863966134258e-02
164.223139 6.032395811322473905e-02
164.231449 6.032001800327367602e-02
164.239759 6.031607830975022067e-02
164.248069 6.031213903259321357e-02
164.256379 6.030820017174633868e-02
164.264689 6.030426172714797861e-02
164.272998 6.030032369874008258e-02
164.281308 6.029638608646647330e-02
164.289618 6.029244889026421500e-02
164.297928 6.028851211007819899e-02
164.306238 6.028457574584589890e-02
164.314548 6.028063979751127621e-02
164.322857 6.027670426501378909e-02
164.331167 6.027276914829482468e-02
164.339477 6.026883444729776856e-02
164.347787 6.026490016196164173e-02
164.356097 6.026096629222726930e-02
164.364407 6.025703283803738458e-02
164.372716 6.025309979933329840e-02
164.381026 6.024916717605460076e-02
164.389336 6.024523496814383067e-02
164.397646 6.024130317554114017e-02
164.405956 6.023737179818939441e-02
164.414266 6.023344083602769072e-02
164.422576 6.022951028900037918e-02
164.430885 6.022558015704614770e-02
164.439195 6.022165044010562712e-02
164.447505 6.021772113812386140e-02
164.455815 6.021379225103926786e-02
164.464125 6.020986377879426060e-02
164.472435 6.020593572132861004e-02
164.480744 6.020200807858526459e-02
164.489054 6.019808085050565999e-02
164.497364 6.019415403703122502e-02
164.505674 6.019022763810191051e-02
164.513984 6.018630165365977669e-02
164.522294 6.018237608364765401e-02
164.530603 6.017845092800453571e-02
164.538913 6.017452618667373798e-02
164.547223 6.017060185959715451e-02
164.555533 6.016667794671293201e-02
164.563843 6.016275444796669730e-02
164.572153 6.015883136329522318e-02
164.580462 6.015490869264426832e-02
164.588772 6.015098643595382516e-02
164.597082 6.014706459316598169e-02
164.605392 6.014314316422033485e-02
164.613702 6.013922214906011754e-02
164.622012 6.013530154762660590e-02
164.630321 6.013138135986086097e-02
164.638631 6.012746158570445032e-02
164.646941 6.012354222509983664e-02
164.655251 6.011962327798644340e-02
164.663561 6.011570474430798922e-02
164.671871 6.011178662400491063e-02
164.680180 6.010786891701955931e-02
164.688490 6.010395162329361385e-02
164.696800 6.010003474276785079e-02
164.705110 6.009611827538521162e-02
164.713420 6.009220222108458548e-02
164.721730 6.008828657981079430e-02
164.730039 6.008437135150339337e-02
164.738349 6.008045653610622622e-02
164.746659 6.007654213355677342e-02
164.754969 6.007262814380107119e-02
164.763279 6.006871456677951443e-02
164.771589 6.006480140243273397e-02
164.779899 6.006088865070460109e-02
164.788208 6.005697631153276983e-02
164.796518 6.005306438486431031e-02
164.804828 6.004915287063731372e-02
164.813138 6.004524176879481867e-02
164.821448 6.004133107927653312e-02
164.829758 6.003742080202828513e-02
164.838067 6.003351093698797852e-02
164.846377 6.002960148409931807e-02
164.854687 6.002569244330428766e-02
164.862997 6.002178381454412182e-02
164.871307 6.001787559776015912e-02
164.879617 6.001396779289430716e-02
164.887926 6.001006039988981966e-02
164.896236 6.000615341868596742e-02
164.904546 6.000224684922666335e-02
164.912856 5.999834069145448118e-02
164.921166 5.999443494530932314e-02
164.929476 5.999052961073474133e-02
164.937785 5.998662468766981226e-02
164.946095 5.998272017606027379e-02
164.954405 5.997881607584475139e-02
164.962715 5.997491238696658206e-02
164.971025 5.997100910936876972e-02
164.979335 5.996710624299136233e-02
164.987644 5.996320378777629523e-02
164.995954 5.995930174366763399e-02
165.004264 5.995540011060516983e-02
165.012574 5.995149888853274628e-02
165.020884 5.994759807739034885e-02
165.029194 5.994369767712246638e-02
165.037503 5.993979768766785621e-02
165.045813 5.993589810897049369e-02
165.054123 5.993199894097395869e-02
165.062433 5.992810018361659219e-02
165.070743 5.992420183684411816e-02
165.079053 5.992030390059466943e-02
165.087363 5.991640637481503162e-02
165.095672 5.991250925944407307e-02
165.103982 5.990861255442438832e-02
165.112292 5.990471625969803066e-02
165.120602 5.990082037520789299e-02
165.128912 5.989692490089548738e-02
165.137222 5.989302983670313080e-02
165.145531 5.988913518257157204e-02
165.153841 5.988524093844663221e-02
165.162151 5.988134710426731150e-02
165.170461 5.987745367997551055e-02
165.178771 5.987356066551511452e-02
165.187081 5.986966806082690690e-02
165.195390 5.986577586585523775e-02
165.203700 5.986188408054033544e-02
165.212010 5.985799270482460022e-02
165.220320 5.985410173865153560e-02
165.228630 5.985021118196241774e-02
165.236940 5.984632103469943870e-02
165.245249 5.984243129680424239e-02
165.253559 5.983854196821999927e-02
165.261869 5.983465304888818670e-02
165.270179 5.983076453875331435e-02
165.278489 5.982687643775579101e-02
165.286799 5.982298874583742015e-02
165.295108 5.981910146294240616e-02
165.303418 5.981521458901111615e-02
165.311728 5.981132812398733817e-02
165.320038 5.980744206781252875e-02
165.328348 5.980355642042911590e-02
165.336658 5.979967118177979130e-02
165.344967 5.979578635180749641e-02
165.353277 5.979190193045241797e-02
165.361587 5.978801791766001628e-02
165.369897 5.978413431336990908e-02
165.378207 5.978025111752675175e-02
165.386517 5.977636833007102246e-02
165.394826 5.977248595094764028e-02
165.403136 5.976860398009573722e-02
165.411446 5.976472241746078051e-02
165.419756 5.976084126298242261e-02
165.428066 5.975696051660583236e-02
165.436376 5.975308017827157814e-02
165.444686 5.974920024792391288e-02
165.452995 5.974532072550325229e-02
165.461305 5.974144161095421707e-02
165.469615 5.973756290421822213e-02
165.477925 5.973368460523808404e-02
165.486235 5.972980671395365648e-02
165.494545 5.972592923031283529e-02
165.502854 5.972205215425454433e-02
165.511164 5.971817548572123935e-02
165.519474 5.971429922465677081e-02
165.527784 5.971042337100345571e-02
165.536094 5.970654792470376365e-02
165.544404 5.970267288569972020e-02
165.552713 5.969879825393410028e-02
165.561023 5.969492402934997027e-02
165.569333 5.969105021189095861e-02
165.577643 5.968717680149934063e-02
165.585953 5.968330379811534470e-02
165.594263 5.967943120168299476e-02
165.602572 5.967555901214691844e-02
165.610882 5.967168722944766329e-02
165.619192 5.966781585352771977e-02
165.627502 5.966394488433091059e-02
165.635812 5.966007432180102377e-02
165.644122 5.965620416587727459e-02
165.652431 5.965233441650386048e-02
165.660741 5.964846507362610989e-02
165.669051 5.964459613718429282e-02
165.677361 5.964072760712170462e-02
165.685671 5.963685948338080106e-02
165.693981 5.963299176590391298e-02
165.702290 5.962912445463475902e-02
165.710600 5.962525754951508022e-02
165.718910 5.962139105049137772e-02
165.727220 5.961752495749993858e-02
165.735530 5.961365927048945662e-02
165.743840 5.960979398940112473e-02
165.752149 5.960592911417429002e-02
165.760459 5.960206464475699406e-02
165.768769 5.959820058108974972e-02
165.777079 5.959433692311565806e-02
165.785389 5.959047367077625890e-02
165.793699 5.958661082401638803e-02
165.802009 5.958274838277823754e-02
165.810318 5.957888634700431868e-02
165.818628 5.957502471663856519e-02
165.826938 5.957116349162171892e-02
165.835248 5.956730267189861566e-02
165.843558 5.956344225741337650e-02
165.851868 5.955958224810612572e-02
165.860177 5.955572264392138687e-02
165.868487 5.955186344480269817e-02
165.876797 5.954800465069125942e-02
165.885107 5.954414626153037987e-02
165.893417 5.954028827726465939e-02
165.901727 5.953643069783554065e-02
165.910036 5.953257352318767903e-02
165.918346 5.952871675326310008e-02
165.926656 5.952486038800408608e-02
165.934966 5.952100442735500097e-02
165.943276 5.951714887125805070e-02
165.951586 5.951329371965632942e-02
165.959895 5.950943897249296594e-02
165.968205 5.950558462971260870e-02
165.976515 5.950173069125589548e-02
165.984825 5.949787715706860575e-02
165.993135 5.949402402709132870e-02
166.001445 5.949017130126770664e-02
166.009754 5.948631897954276965e-02
166.018064 5.948246706185717630e-02
166.026374 5.947861554815450646e-02
166.034684 5.947476443837971388e-02
166.042994 5.947091373247614249e-02
166.051304 5.946706343038499210e-02
166.059613 5.946321353204950255e-02
166.067923 5.945936403741322596e-02
166.076233 5.945551494641973522e-02
166.084543 5.945166625901244367e-02
166.092853 5.944781797513573607e-02
166.101163 5.944397009472996568e-02
166.109472 5.944012261774130057e-02
166.117782 5.943627554411012870e-02
166.126092 5.943242887378153566e-02
166.134402 5.942858260669962867e-02
166.142712 5.942473674280471241e-02
166.151022 5.942089128204370435e-02
166.159332 5.941704622435791533e-02
166.167641 5.941320156969132071e-02
166.175951 5.940935731798612646e-02
166.184261 5.940551346918593323e-02
166.192571 5.940167002323537560e-02
166.200881 5.939782698007684686e-02
166.209191 5.939398433965495383e-02
166.217500 5.939014210190992488e-02
166.225810 5.938630026678747703e-02
166.234120 5.938245883423227262e-02
166.242430 5.937861780418532409e-02
166.250740 5.937477717659084275e-02
166.259050 5.937093695139272764e-02
166.267359 5.936709712853333043e-02
166.275669 5.936325770795683465e-02
166.283979 5.935941868960747936e-02
166.292289 5.935558007342743581e-02
166.300599 5.935174185936137325e-02
166.308909 5.934790404735124786e-02
166.317218 5.934406663734054233e-02
166.325528 5.934022962927452960e-02
166.333838 5.933639302309624830e-02
166.342148 5.933255681874835541e-02
166.350458 5.932872101617502059e-02
166.358768 5.932488561531919918e-02
166.367077 5.932105061612515107e-02
166.375387 5.931721601853472137e-02
166.383697 5.931338182249307894e-02
166.392007 5.930954802794473346e-02
166.400317 5.930571463483136352e-02
166.408627 5.930188164309719429e-02
166.416936 5.929804905268613174e-02
166.425246 5.929421686354217902e-02
166.433556 5.929038507560696614e-02
166.441866 5.928655368882705667e-02
166.450176 5.928272270314322023e-02
166.458486 5.927889211850207590e-02
166.466796 5.927506193484415736e-02
166.475105 5.927123215211387713e-02
166.483415 5.926740277025821513e-02
166.491725 5.926357378921694175e-02
166.500035 5.925974520893444869e-02
166.508345 5.925591702935639749e-02
166.516655 5.925208925042512592e-02
166.524964 5.924826187208492856e-02
166.533274 5.924443489427666520e-02
166.541584 5.924060831694852314e-02
166.549894 5.923678214004109849e-02
166.558204 5.923295636349987930e-02
166.566514 5.922913098726916015e-02
166.574823 5.922530601129011307e-02
166.583133 5.922148143550835797e-02
166.591443 5.921765725986846002e-02
166.599753 5.921383348431200067e-02
166.608063 5.921001010878560594e-02
166.616373 5.920618713322912258e-02
166.624682 5.920236455758997457e-02
166.632992 5.919854238181199158e-02
166.641302 5.919472060583575584e-02
166.649612 5.919089922960813627e-02
166.657922 5.918707825307304576e-02
166.666232 5.918325767617247518e-02
166.674541 5.917943749885124644e-02
166.682851 5.917561772105332102e-02
166.691161 5.917179834272231348e-02
166.699471 5.916797936380226858e-02
166.707781 5.916416078423898661e-02
166.716091 5.916034260397212696e-02
166.724400 5.915652482295011977e-02
166.732710 5.915270744111437995e-02
166.741020 5.914889045840979187e-02
166.749330 5.914507387478006722e-02
166.757640 5.914125769016966711e-02
166.765950 5.913744190452153299e-02
166.774259 5.913362651777979984e-02
166.782569 5.912981152988978223e-02
166.790879 5.912599694079416490e-02
166.799189 5.912218275043983756e-02
166.807499 5.911836895876525916e-02
166.815809 5.911455556571953290e-02
166.824119 5.911074257124433740e-02
166.832428 5.910692997528544518e-02
166.840738 5.910311777778436831e-02
166.849048 5.909930597868824631e-02
166.857358 5.909549457793872307e-02
166.865668 5.909168357548189726e-02
166.873978 5.908787297125874666e-02
166.882287 5.908406276521760425e-02
166.890597 5.908025295729829596e-02
166.898907 5.907644354744915477e-02
166.907217 5.907263453561154704e-02
166.915527 5.906882592173044733e-02
166.923837 5.906501770575045551e-02
166.932146 5.906120988761544288e-02
166.940456 5.905740246726892684e-02
166.948766 5.905359544465658972e-02
166.957076 5.904978881972189342e-02
166.965386 5.904598259240824432e-02
166.973696 5.904217676266058229e-02
166.982005 5.903837133042368762e-02
166.990315 5.903456629564010627e-02
166.998625 5.903076165825579119e-02
167.006935 5.902695741821572389e-02
167.015245 5.902315357546135399e-02
167.023555 5.901935012993955731e-02
